                                                                                
 INPUT FILE: EE_DATA                                                            
                                                                                
******************** DATA                                                       
                                                                                
 PARTICLE NUMBERS (N,Z,A):  96  70 166       CORE (N,Z):  40  20                
 DEFORMATION PARAMETERS: EPS2 =  0.246       EPS4 =  0.004                      
 LIMIT OF QP STATES: NMAX =  16  16  32      (2N, 2P, 2NX2P)                    
 WINDOWS TO K AND E: KMAX =  12  10  12      EMAX =  3.50  3.50  5.00           
 SINGLE-PARTICLE SPACE NEUTRONS: 3 SHELLS  4  5  6  INTRUDER 6 LEVELS 28        
                        PROTONS: 3 SHELLS  3  4  5  INTRUDER 5 LEVELS 21        
 RANGE OF SPIN: JINI, JFIN, JDIF =   0  30   2      JOTMAX = 16                 
 PAIRING: G1, G2 =  20.12  13.13     G(QUADRUPOLE) = 0.18*G(MONOPOLE)           
 BETA-MESH: NDEG = 40   A RULE OF THUMB:  NDEG .GT. 1.3*JFIN                    
 LS FORCE: LSF = 1   1 FOR NILSSON ET AL AND 2 FOR ZHANG ET AL                  
 EFFECTIVE CHARGE: DELE = 0.50                                                  
                                                                                
                                                                                
******************** NILBCS                                                     
                                                                                
 LS FORCE: NILSSON ET AL                                                        
 NEUTRON SHELL, KAPPA AND MU:   4   0.06367   0.41082                           
 NEUTRON SHELL, KAPPA AND MU:   5   0.06367   0.41082                           
 NEUTRON SHELL, KAPPA AND MU:   6   0.06367   0.41082                           
                                                                                
 BCS: IT = 1  LAMBDA = 51.7211  DELTA =  0.6929  N (SUM 2.0*V(I)**2) = 56.0000  
                                                                                
 LS FORCE: NILSSON ET AL                                                        
 PROTON  SHELL, KAPPA AND MU:   3   0.06312   0.60476                           
 PROTON  SHELL, KAPPA AND MU:   4   0.06312   0.60476                           
 PROTON  SHELL, KAPPA AND MU:   5   0.06312   0.60476                           
                                                                                
 BCS: IT = 2  LAMBDA = 42.1678  DELTA =  0.7119  N (SUM 2.0*V(I)**2) = 50.0000  
                                                                                
******************** INTERA                                                     
                                                                                
  QUAD =  0.321178E-03    X_Q =  0.204375E-01  0.165569E-01  0.183952E-01       
   G_M =  0.108816E+00  0.133593E+00    G_Q =  0.195869E-01  0.240468E-01       
   Q_0 =  0.409558E+02  0.256153E+02    P_0 =  0.307764E+01 -0.519011E+00       
  XQ*Q =  0.130823E+01  0.117750E+01   GQ*P =  0.602814E-01 -0.124806E-01       
  W_HO =  0.797703E+01  0.717987E+01   B_HO =  0.228000E+01  0.240324E+01       
  EHFB = -0.581320E+03   Q_CL =  0.328367E+03   DELE = 0.50                     
                                                                                
******************** BASE00                                                     
                                                                                
  SINGLE-PARTICLE BASIS                                                         
  ~~~~~~~~~~~~~~~~~~~~~                                                         
                                                                                
 NO. 2*K ENERGY OF NILSSON LEVELS: 3 NEUTRON- AND 3 PROTON-SHELLS               
 --- --- ------                                                                 
          N=4         N=5         N=6         N=3         N=4         N=5       
  1    1 37.900    1 44.163    1 50.245    1 28.243    1 33.818    1 39.149     
  2   -3 38.643   -3 44.731   -3 50.692   -3 29.027   -3 34.391   -3 39.586     
  3    5 39.842    5 45.721    5 51.515    5 30.285    5 35.398    5 40.400     
  4   -7 41.394   -7 47.050   -7 52.657    1 31.215   -7 36.758   -7 41.540     
  5    1 41.569    1 48.556    9 54.077   -7 31.921    1 37.505    9 42.970     
  6    1 42.991    9 48.672    1 55.479   -3 32.879    9 38.431    1 43.768     
  7    9 43.252    1 49.668  -11 55.750    1 33.062   -3 38.713   -3 44.578     
  8   -3 43.320   -3 49.949    1 56.456    5 34.901    1 38.940  -11 44.670     
  9   -3 44.825  -11 50.560   -3 56.551   -3 35.271    5 40.357    1 44.926     
 10    5 45.349   -3 51.138   -3 57.567    1 36.289   -3 40.744    5 45.881     
 11    1 46.158    5 51.700   13 57.662    0  0.000    1 42.067   -3 46.328     
 12    5 47.017    1 52.751    5 58.052    0  0.000   -7 42.339   -7 47.538     
 13   -7 47.631    5 52.991    5 59.088    0  0.000    5 42.903    5 48.132     
 14    1 49.005   -7 53.715    1 59.557    0  0.000   -3 44.895    1 48.151     
 15   -3 49.208   -7 55.172   -7 59.838    0  0.000    1 45.081    9 49.497     
 16    0  0.000    1 55.288   -7 60.952    0  0.000    0  0.000   -7 50.256     
 17    0  0.000   -3 55.528    1 61.764    0  0.000    0  0.000   -3 50.577     
 18    0  0.000    9 55.970    9 61.858    0  0.000    0  0.000    1 50.769     
 19    0  0.000   -3 58.020   -3 62.021    0  0.000    0  0.000    5 53.197     
 20    0  0.000    5 58.417    9 63.119    0  0.000    0  0.000   -3 53.573     
 21    0  0.000    1 59.105  -11 64.096    0  0.000    0  0.000    1 54.567     
 22    0  0.000    0  0.000   -3 64.171    0  0.000    0  0.000    0  0.000     
 23    0  0.000    0  0.000    5 64.623    0  0.000    0  0.000    0  0.000     
 24    0  0.000    0  0.000    1 65.418    0  0.000    0  0.000    0  0.000     
 25    0  0.000    0  0.000    5 66.819    0  0.000    0  0.000    0  0.000     
 26    0  0.000    0  0.000   -7 67.404    0  0.000    0  0.000    0  0.000     
 27    0  0.000    0  0.000    1 68.775    0  0.000    0  0.000    0  0.000     
 28    0  0.000    0  0.000   -3 68.970    0  0.000    0  0.000    0  0.000     
                                                                                
                                                                                
 NO. 2*K ENERGY OF QUASIPARTICLES: 3 NEUTRON- AND 3 PROTON-SHELLS               
 --- --- ------                                                                 
          N=4         N=5         N=6         N=3         N=4         N=5       
  1    1 13.838    1  7.590    1  1.631    1 13.943    1  8.380    1  3.102     
  2   -3 13.097   -3  7.025   -3  1.241   -3 13.160   -3  7.809   -3  2.678     
  3    5 11.899    5  6.040    5  0.723    5 11.904    5  6.807    5  1.906     
  4   -7 10.351   -7  4.722   -7  1.164    1 10.976   -7  5.456   -7  0.949     
  5    1 10.175    1  3.241    9  2.455   -7 10.271    1  4.716    9  1.073     
  6    1  8.757    9  3.127    1  3.822   -3  9.316    9  3.804    1  1.751     
  7    9  8.497    1  2.166  -11  4.088    1  9.133   -3  3.528   -3  2.514     
  8   -3  8.430   -3  1.903    1  4.785    5  7.301    1  3.305  -11  2.602     
  9   -3  6.931  -11  1.352   -3  4.879   -3  6.933    5  1.946    1  2.848     
 10    5  6.409   -3  0.905   -3  5.887    1  5.921   -3  1.592    5  3.780     
 11    1  5.606    5  0.693   13  5.981    0  0.000    1  0.719   -3  4.221     
 12    5  4.755    1  1.242    5  6.369    0  0.000   -7  0.732   -7  5.417     
 13   -7  4.148    5  1.447    5  7.400    0  0.000    5  1.023    5  6.006     
 14    1  2.804   -7  2.111    1  7.866    0  0.000   -3  2.818    1  6.025     
 15   -3  2.607   -7  3.520   -7  8.147    0  0.000    1  2.999    9  7.363     
 16    0  0.000    1  3.634   -7  9.257    0  0.000    0  0.000   -7  8.120     
 17    0  0.000   -3  3.870    1 10.066    0  0.000    0  0.000   -3  8.440     
 18    0  0.000    9  4.305    9 10.161    0  0.000    0  0.000    1  8.631     
 19    0  0.000   -3  6.336   -3 10.323    0  0.000    0  0.000    5 11.052     
 20    0  0.000    5  6.731    9 11.419    0  0.000    0  0.000   -3 11.427     
 21    0  0.000    1  7.417  -11 12.394    0  0.000    0  0.000    1 12.420     
 22    0  0.000    0  0.000   -3 12.469    0  0.000    0  0.000    0  0.000     
 23    0  0.000    0  0.000    5 12.921    0  0.000    0  0.000    0  0.000     
 24    0  0.000    0  0.000    1 13.714    0  0.000    0  0.000    0  0.000     
 25    0  0.000    0  0.000    5 15.114    0  0.000    0  0.000    0  0.000     
 26    0  0.000    0  0.000   -7 15.698    0  0.000    0  0.000    0  0.000     
 27    0  0.000    0  0.000    1 17.068    0  0.000    0  0.000    0  0.000     
 28    0  0.000    0  0.000   -3 17.263    0  0.000    0  0.000    0  0.000     
                                                                                
                                                                                
  MULTI-QUASIPARTICLE BASIS                                                     
  ~~~~~~~~~~~~~~~~~~~~~~~~~                                                     
                                                                                
  NEUTRON STATES :                                                              
                                                                                
     KMAX = 12     EMAX = 3.50     NMAX = 16     [2-QUASINEUTRON]               
   MIXINT =  3    NNINT =  6      NLINT = 28                                    
                                                                                
 1-QP BASIS:  NOQ =  5 LEVELS                                                   
------------------------------                                                  
  I IOQ(I)    K      E          U**2-V**2      UV          U           V        
  1   1      1/2     1.63057    -0.90521     0.21248     0.21770     0.97601    
  2   2     -3/2     1.24069    -0.82950     0.27925     0.29198     0.95643    
  3   3      5/2     0.72287    -0.28479     0.47930     0.59800     0.80150    
  4   4     -7/2     1.16418     0.80357     0.29761     0.94962     0.31339    
  5   5      9/2     2.45536     0.95935     0.14111     0.98979     0.14256    
                                                                                
 2-QP BASIS:  NTQ = 16 PAIRS                                                    
------------------------------                                                  
 II   I1 I2   T   K     E          U**2-V**2      UV                            
  1    3  4   1  -1     1.88705     0.51878     0.77690                         
  2    2  3   1   1     1.96356    -1.11429     0.75855                         
  3    1  3   1   3     2.35344    -1.19000     0.69178                         
  4    2  4   1  -5     2.40487    -0.02593     0.57686                         
  5    1  4   1  -3     2.79475    -0.10164     0.51009                         
  6    1  2   1  -1     2.87126    -1.73471     0.49174                         
  7    3  5   1   7     3.17823     0.67456     0.62040                         
  8    3 31   0   0     1.44574    -0.56958     0.95859                         
  9    3 32   2   6     1.88705     0.51878     0.77690                         
 10    2 31   2  -4     1.96356    -1.11429     0.75855                         
 11    1 31   2  -2     2.35344    -1.19000     0.69178                         
 12    2 32   2   2     2.40487    -0.02593     0.57686                         
 13    2 30   0   0     2.48138    -1.65900     0.55851                         
 14    1 32   2   4     2.79475    -0.10164     0.51009                         
 15    1 30   2   2     2.87126    -1.73471     0.49174                         
 16    1 29   0   0     3.26114    -1.81042     0.42497                         
                                                                                
  PROTON  STATES :                                                              
                                                                                
     KMAX = 10     EMAX = 3.50     NMAX = 16     [2-QUASIPROTON]                
   MIXINT =  6    NNINT =  5      NLINT = 21                                    
                                                                                
 1-QP BASIS:  NOQ =  5 LEVELS                                                   
------------------------------                                                  
  I IOQ(I)    K      E          U**2-V**2      UV          U           V        
  1   3      5/2     1.90581    -0.92762     0.18676     0.19024     0.98174    
  2   4     -7/2     0.94937    -0.66162     0.37492     0.41133     0.91149    
  3   5      9/2     1.07257     0.74799     0.33185     0.93488     0.35497    
  4   6      1/2     1.75135     0.91366     0.20324     0.97818     0.20777    
  5   7     -3/2     2.51354     0.95906     0.14161     0.98971     0.14308    
                                                                                
 2-QP BASIS:  NTQ = 14 PAIRS                                                    
------------------------------                                                  
 II   I1 I2   T   K     E          U**2-V**2      UV                            
  1    4  5   1   1     2.02194     0.08637     0.70677                         
  2    4  6   1  -3     2.70071     0.25204     0.57815                         
  3    5  6   1   5     2.82392     1.66166     0.53509                         
  4    3  4   1  -1     2.85518    -1.58924     0.56168                         
  5    3  5   1   7     2.97838    -0.17963     0.51862                         
  6    4  7   1  -5     3.46290     0.29744     0.51653                         
  7    4 25   0   0     1.89873    -1.32324     0.74984                         
  8    4 26   2  -8     2.02194     0.08637     0.70677                         
  9    5 26   0   0     2.14514     1.49599     0.66371                         
 10    4 27   2  -4     2.70071     0.25204     0.57815                         
 11    5 27   2   4     2.82392     1.66166     0.53509                         
 12    3 25   2   6     2.85518    -1.58924     0.56168                         
 13    3 26   2  -2     2.97838    -0.17963     0.51862                         
 14    4 28   2  -2     3.46290     0.29744     0.51653                         
                                                                                
                                                                                
 DIMENSION OF THE CONFIG. SPACE:  63 ( 16 14 32 1 )                             
                                                                                
  ----------   THE QP BASE CHOSEN:   ----------                                 
                                                                                
  BAND  I1   I2    T   KQP   EQP : 2N STATES                                    
    1    3    4    1    -1  1.887                                               
    2    2    3    1     1  1.964                                               
    3    1    3    1     3  2.353                                               
    4    2    4    1    -5  2.405                                               
    5    1    4    1    -3  2.795                                               
    6    1    2    1    -1  2.871                                               
    7    3    5    1     7  3.178                                               
    8    3   31    0     0  1.446                                               
    9    3   32    2     6  1.887                                               
   10    2   31    2    -4  1.964                                               
   11    1   31    2    -2  2.353                                               
   12    2   32    2     2  2.405                                               
   13    2   30    0     0  2.481                                               
   14    1   32    2     4  2.795                                               
   15    1   30    2     2  2.871                                               
   16    1   29    0     0  3.261                                               
  BAND  I1   I2    T   KQP   EQP : 2P STATES                                    
   17    4    5    1     1  2.022                                               
   18    4    6    1    -3  2.701                                               
   19    5    6    1     5  2.824                                               
   20    3    4    1    -1  2.855                                               
   21    3    5    1     7  2.978                                               
   22    4    7    1    -5  3.463                                               
   23    4   25    0     0  1.899                                               
   24    4   26    2    -8  2.022                                               
   25    5   26    0     0  2.145                                               
   26    4   27    2    -4  2.701                                               
   27    5   27    2     4  2.824                                               
   28    3   25    2     6  2.855                                               
   29    3   26    2    -2  2.978                                               
   30    4   28    2    -2  3.463                                               
  BAND  I1   I2    T   KQP   EQP : 2NX2P STATES                                 
   31    1    1    1     0  3.909                                               
   32    1    2    1    -4  4.588                                               
   33    1    3    1     4  4.711                                               
   34    1    4    1    -2  4.742                                               
   35    1    5    1     6  4.865                                               
   36    1    7    1    -1  3.786                                               
   37    1    8    1    -9  3.909                                               
   38    1    9    1    -1  4.032                                               
   39    1   10    1    -5  4.588                                               
   40    1   11    1     3  4.711                                               
   41    1   12    1     5  4.742                                               
   42    1   13    1    -3  4.865                                               
   43    2    1    1     2  3.985                                               
   44    2    2    1    -2  4.664                                               
   45    2    3    1     6  4.787                                               
   46    2    4    1     0  4.819                                               
   47    2    5    1     8  4.942                                               
   48    2    7    1     1  3.862                                               
   49    2    8    1    -7  3.985                                               
   50    2    9    1     1  4.109                                               
   51    2   10    1    -3  4.664                                               
   52    2   11    1     5  4.787                                               
   53    2   12    1     7  4.819                                               
   54    2   13    1    -1  4.942                                               
   55    3    1    1     4  4.375                                               
   56    3    7    1     3  4.252                                               
   57    3    8    1    -5  4.375                                               
   58    3    9    1     3  4.499                                               
   59    4    1    1    -4  4.427                                               
   60    4    7    1    -5  4.304                                               
   61    4    9    1    -5  4.550                                               
   62    5    1    1    -2  4.817                                               
  BAND  I1   I2    T   KQP   EQP : VACUUM STATE                                 
   63    0    0    0     0  0.000                                               
                                                                                
******************** KERNEL                                                     
                                                                                
 IBET     BETA       <H[R]>         <R>                                         
   1    0.05938   -0.85277E-01    0.93083E+00                                   
   2    0.13629   -0.44572E+00    0.68652E+00                                   
   3    0.21367   -0.10792E+01    0.39951E+00                                   
   4    0.29114   -0.19586E+01    0.18543E+00                                   
   5    0.36866   -0.30422E+01    0.69743E-01                                   
   6    0.44619   -0.42712E+01    0.21707E-01                                   
   7    0.52373   -0.55682E+01    0.57368E-02                                   
   8    0.60128   -0.68374E+01    0.13276E-02                                   
   9    0.67883   -0.79667E+01    0.27864E-03                                   
  10    0.75639   -0.88339E+01    0.55173E-04                                   
  11    0.83395   -0.93202E+01    0.10753E-04                                   
  12    0.91151   -0.93343E+01    0.21542E-05                                   
  13    0.98907   -0.88458E+01    0.46217E-06                                   
  14    1.06663   -0.79104E+01    0.11013E-06                                   
  15    1.14419   -0.66655E+01    0.30078E-07                                   
  16    1.22176   -0.52940E+01    0.96852E-08                                   
  17    1.29932   -0.39787E+01    0.37732E-08                                   
  18    1.37689   -0.28725E+01    0.18198E-08                                   
  19    1.45445   -0.20842E+01    0.11070E-08                                   
  20    1.53201   -0.16770E+01    0.86052E-09                                   
                                                                                
******************** INTEG                                                      
                                                                                
******** SPIN =  0 ********                                                     
                                                                                
 BAND KQP=   EQP=    HH/HN=    HH=         HN=       EIGEN NORM  STATE  ENERGY  
   8    0   1.4457   0.4621  0.1411E-01  0.3053E-01  0.5978E-01     1  -1.2069  
  13    0   2.4814   1.1134  0.2892E-01  0.2597E-01  0.4748E-01     2   0.2224  
  16    0   3.2611   1.9183  0.6469E-01  0.3372E-01  0.4481E-01     3   0.6469  
  23    0   1.8987   0.7134  0.2713E-01  0.3803E-01  0.3620E-01     4   1.0249  
  25    0   2.1451   0.8909  0.3961E-01  0.4446E-01  0.2813E-01     5   1.8978  
  31    0   3.9090   2.7981  0.3764E-01  0.1345E-01  0.1271E-01     6   3.2105  
  46    0   4.8187   3.7605  0.4706E-01  0.1251E-01  0.1071E-01     7   3.5034  
  63    0   0.0000  -1.1781 -0.5908E-01  0.5015E-01  0.9005E-02     8   3.9950  
                                                                                
 ENERGIES (LOWEST 6 OUT OF  8): -1.207  0.222  0.647  1.025  1.898  3.210       
 CUTOFF OF THE NORM EIGENVALUE:  0.3110E-04 ( 0.9005E-02 0.3110E-01 0.5978E-01) 
                                                                                
******** SPIN =  2 ********                                                     
                                                                                
 BAND KQP=   EQP=    HH/HN=    HH=         HN=       EIGEN NORM  STATE  ENERGY  
   1   -1   1.8871   1.2955  0.1647E-01  0.1271E-01  0.5502E-01     1  -1.1151  
   2    1   1.9636   1.5540  0.1854E-01  0.1193E-01  0.4516E-01     2   0.2937  
   6   -1   2.8713   2.7033  0.2690E-01  0.9951E-02  0.4295E-01     3   0.7115  
   8    0   1.4457   0.5132  0.1498E-01  0.2919E-01  0.3601E-01     4   0.9079  
  11   -2   2.3534   1.8013  0.2317E-01  0.1286E-01  0.2980E-01     5   1.1697  
  12    2   2.4049   1.9242  0.2533E-01  0.1316E-01  0.2496E-01     6   1.4133  
  13    0   2.4814   1.2264  0.3026E-01  0.2468E-01  0.2113E-01     7   1.5190  
  15    2   2.8713   2.1051  0.3578E-01  0.1700E-01  0.1865E-01     8   1.6979  
  16    0   3.2611   2.0082  0.6390E-01  0.3182E-01  0.1745E-01     9   2.0765  
  17    1   2.0219   1.0303  0.1790E-01  0.1738E-01  0.1651E-01    10   2.2011  
  20   -1   2.8552   1.9347  0.2957E-01  0.1529E-01  0.1530E-01    11   2.2650  
  23    0   1.8987   0.7704  0.2767E-01  0.3592E-01  0.1513E-01    12   2.4809  
  25    0   2.1451   0.9717  0.4032E-01  0.4150E-01  0.1380E-01    13   2.5662  
  29   -2   2.9784   2.1784  0.3649E-01  0.1675E-01  0.1303E-01    14   2.8596  
  30   -2   3.4629   2.5652  0.4377E-01  0.1706E-01  0.1157E-01    15   3.1623  
  31    0   3.9090   2.8832  0.3676E-01  0.1275E-01  0.1047E-01    16   3.2184  
  34   -2   4.7422   4.0782  0.4201E-01  0.1030E-01  0.1011E-01    17   3.2709  
  36   -1   3.7858   2.9974  0.3368E-01  0.1124E-01  0.1003E-01    18   3.3755  
  38   -1   4.0322   3.3168  0.3995E-01  0.1204E-01  0.9826E-02    19   3.4414  
  43    2   3.9855   3.4403  0.3589E-01  0.1043E-01  0.9792E-02    20   3.6392  
  44   -2   4.6643   4.3259  0.4416E-01  0.1021E-01  0.9064E-02    21   3.7671  
  46    0   4.8187   3.8363  0.4552E-01  0.1187E-01  0.8812E-02    22   4.0510  
  48    1   3.8623   3.2290  0.3442E-01  0.1066E-01  0.8089E-02    23   4.0908  
  50    1   4.1087   3.4753  0.3947E-01  0.1136E-01  0.7400E-02    24   4.1614  
  54   -1   4.9419   4.3849  0.4426E-01  0.1009E-01  0.6664E-02    25   4.3561  
  62   -2   4.8167   4.3690  0.4673E-01  0.1070E-01  0.5281E-02    26   4.5764  
  63    0   0.0000  -1.0867 -0.5041E-01  0.4639E-01  0.3244E-02    27   4.6757  
                                                                                
 ENERGIES (LOWEST 6 OUT OF 27): -1.115  0.294  0.711  0.908  1.170  1.413       
 CUTOFF OF THE NORM EIGENVALUE:  0.1760E-04 ( 0.3244E-02 0.1760E-01 0.5502E-01) 
                                                                                
******** SPIN =  4 ********                                                     
                                                                                
 BAND KQP=   EQP=    HH/HN=    HH=         HN=       EIGEN NORM  STATE  ENERGY  
   1   -1   1.8871   1.1394  0.1453E-01  0.1276E-01  0.4594E-01     1  -0.9044  
   2    1   1.9636   1.3895  0.1682E-01  0.1210E-01  0.4019E-01     2   0.4479  
   3    3   2.3534   2.2633  0.2401E-01  0.1061E-01  0.3849E-01     3   0.8369  
   5   -3   2.7948   2.5413  0.2994E-01  0.1178E-01  0.3514E-01     4   0.9856  
   6   -1   2.8713   2.5281  0.2617E-01  0.1035E-01  0.3174E-01     5   1.2386  
   8    0   1.4457   0.6275  0.1650E-01  0.2630E-01  0.2457E-01     6   1.3107  
  10   -4   1.9636   1.2852  0.2396E-01  0.1864E-01  0.2151E-01     7   1.5819  
  11   -2   2.3534   1.8917  0.2215E-01  0.1171E-01  0.2019E-01     8   1.6191  
  12    2   2.4049   1.9758  0.2386E-01  0.1207E-01  0.1963E-01     9   1.6426  
  13    0   2.4814   1.4576  0.3214E-01  0.2205E-01  0.1882E-01    10   1.7867  
  14    4   2.7948   2.4003  0.3040E-01  0.1266E-01  0.1819E-01    11   1.8009  
  15    2   2.8713   2.2300  0.3333E-01  0.1495E-01  0.1690E-01    12   2.0720  
  16    0   3.2611   2.1976  0.6132E-01  0.2790E-01  0.1676E-01    13   2.1386  
  17    1   2.0219   1.0188  0.1644E-01  0.1614E-01  0.1651E-01    14   2.1761  
  18   -3   2.7007   1.7803  0.2828E-01  0.1589E-01  0.1450E-01    15   2.4144  
  20   -1   2.8552   1.8754  0.2738E-01  0.1460E-01  0.1371E-01    16   2.5312  
  23    0   1.8987   0.9034  0.2840E-01  0.3144E-01  0.1362E-01    17   2.5878  
  25    0   2.1451   1.1575  0.4092E-01  0.3535E-01  0.1269E-01    18   2.7359  
  26   -4   2.7007   1.7284  0.2917E-01  0.1688E-01  0.1260E-01    19   2.7581  
  27    4   2.8239   1.9326  0.3461E-01  0.1791E-01  0.1213E-01    20   2.9883  
  29   -2   2.9784   2.2452  0.3362E-01  0.1498E-01  0.1109E-01    21   3.1821  
  30   -2   3.4629   2.6627  0.4032E-01  0.1514E-01  0.1095E-01    22   3.2256  
  31    0   3.9090   3.0651  0.3463E-01  0.1130E-01  0.1054E-01    23   3.2572  
  32   -4   4.5878   3.8861  0.4138E-01  0.1065E-01  0.1039E-01    24   3.3486  
  33    4   4.7110   4.1325  0.4539E-01  0.1098E-01  0.1029E-01    25   3.4580  
  34   -2   4.7422   4.1012  0.3958E-01  0.9650E-02  0.1023E-01    26   3.6686  
  36   -1   3.7858   2.9433  0.3220E-01  0.1094E-01  0.9949E-02    27   3.6835  
  38   -1   4.0322   3.2029  0.3817E-01  0.1192E-01  0.9383E-02    28   3.7893  
  40    3   4.7110   4.1563  0.4413E-01  0.1062E-01  0.9227E-02    29   3.8544  
  42   -3   4.8654   4.3730  0.4485E-01  0.1026E-01  0.9127E-02    30   3.9986  
  43    2   3.9855   3.4466  0.3379E-01  0.9803E-02  0.8960E-02    31   4.0382  
  44   -2   4.6643   4.3395  0.4163E-01  0.9592E-02  0.8645E-02    32   4.1752  
  46    0   4.8187   4.0007  0.4211E-01  0.1052E-01  0.8507E-02    33   4.2185  
  48    1   3.8623   3.1632  0.3309E-01  0.1046E-01  0.8226E-02    34   4.2367  
  50    1   4.1087   3.3502  0.3801E-01  0.1135E-01  0.7674E-02    35   4.2452  
  51   -3   4.6643   4.3257  0.4243E-01  0.9810E-02  0.7613E-02    36   4.2889  
  54   -1   4.9419   4.3855  0.4186E-01  0.9545E-02  0.7476E-02    37   4.3638  
  55    4   4.3754   3.9681  0.3962E-01  0.9986E-02  0.6338E-02    38   4.4157  
  56    3   4.2522   3.8729  0.3796E-01  0.9801E-02  0.5723E-02    39   4.4417  
  58    3   4.4986   4.1417  0.4247E-01  0.1025E-01  0.4961E-02    40   4.4855  
  59   -4   4.4268   4.0402  0.4222E-01  0.1045E-01  0.4593E-02    41   4.6274  
  62   -2   4.8167   4.3961  0.4387E-01  0.9979E-02  0.3436E-02    42   4.6921  
  63    0   0.0000  -0.8751 -0.3388E-01  0.3871E-01  0.1635E-02    43   4.7710  
                                                                                
 ENERGIES (LOWEST 6 OUT OF 43): -0.904  0.448  0.837  0.986  1.239  1.311       
 CUTOFF OF THE NORM EIGENVALUE:  0.1462E-04 ( 0.1635E-02 0.1462E-01 0.4594E-01) 
                                                                                
******** SPIN =  6 ********                                                     
                                                                                
 BAND KQP=   EQP=    HH/HN=    HH=         HN=       EIGEN NORM  STATE  ENERGY  
   1   -1   1.8871   1.0287  0.1274E-01  0.1239E-01  0.3702E-01     1  -0.5828  
   2    1   1.9636   1.2626  0.1506E-01  0.1192E-01  0.3379E-01     2   0.6527  
   3    3   2.3534   2.1572  0.2140E-01  0.9922E-02  0.3291E-01     3   0.9951  
   4   -5   2.4049   2.2342  0.2453E-01  0.1098E-01  0.3245E-01     4   1.1503  
   5   -3   2.7948   2.5703  0.2678E-01  0.1042E-01  0.2989E-01     5   1.2079  
   6   -1   2.8713   2.3765  0.2507E-01  0.1055E-01  0.2419E-01     6   1.3883  
   8    0   1.4457   0.7967  0.1778E-01  0.2232E-01  0.2153E-01     7   1.4637  
   9    6   1.8871   1.1791  0.2227E-01  0.1889E-01  0.2078E-01     8   1.6948  
  10   -4   1.9636   1.4890  0.2233E-01  0.1499E-01  0.2040E-01     9   1.7078  
  11   -2   2.3534   1.9860  0.2029E-01  0.1022E-01  0.2036E-01    10   1.8900  
  12    2   2.4049   2.0323  0.2154E-01  0.1060E-01  0.1946E-01    11   1.9159  
  13    0   2.4814   1.7372  0.3264E-01  0.1879E-01  0.1656E-01    12   1.9630  
  14    4   2.7948   2.5380  0.2771E-01  0.1092E-01  0.1654E-01    13   2.0856  
  15    2   2.8713   2.3978  0.2948E-01  0.1229E-01  0.1596E-01    14   2.0896  
  16    0   3.2611   2.4461  0.5603E-01  0.2290E-01  0.1541E-01    15   2.2376  
  17    1   2.0219   1.0616  0.1502E-01  0.1415E-01  0.1510E-01    16   2.3012  
  18   -3   2.7007   1.9436  0.2554E-01  0.1314E-01  0.1351E-01    17   2.3821  
  19    5   2.8239   2.0361  0.3238E-01  0.1590E-01  0.1321E-01    18   2.4579  
  20   -1   2.8552   1.8581  0.2474E-01  0.1331E-01  0.1268E-01    19   2.5750  
  22   -5   3.4629   2.6660  0.4005E-01  0.1502E-01  0.1206E-01    20   2.8116  
  23    0   1.8987   1.1122  0.2836E-01  0.2550E-01  0.1162E-01    21   2.8626  
  25    0   2.1451   1.4426  0.3972E-01  0.2754E-01  0.1152E-01    22   2.8869  
  26   -4   2.7007   1.8908  0.2640E-01  0.1396E-01  0.1131E-01    23   3.0020  
  27    4   2.8239   2.1085  0.3085E-01  0.1463E-01  0.1126E-01    24   3.0724  
  28    6   2.8552   1.8902  0.3791E-01  0.2005E-01  0.1099E-01    25   3.1424  
  29   -2   2.9784   2.3518  0.2953E-01  0.1256E-01  0.1063E-01    26   3.3133  
  30   -2   3.4629   2.8193  0.3536E-01  0.1254E-01  0.1036E-01    27   3.4100  
  31    0   3.9090   3.3046  0.3123E-01  0.9450E-02  0.1032E-01    28   3.5096  
  32   -4   4.5878   3.9331  0.3766E-01  0.9576E-02  0.1023E-01    29   3.6152  
  33    4   4.7110   4.1735  0.4116E-01  0.9861E-02  0.9999E-02    30   3.6351  
  34   -2   4.7422   4.1124  0.3604E-01  0.8763E-02  0.9793E-02    31   3.6926  
  35    6   4.8654   4.3889  0.4608E-01  0.1050E-01  0.9672E-02    32   3.7329  
  36   -1   3.7858   2.9023  0.3007E-01  0.1036E-01  0.9332E-02    33   3.8466  
  38   -1   4.0322   3.1188  0.3569E-01  0.1144E-01  0.9185E-02    34   3.9336  
  39   -5   4.5878   3.9232  0.3925E-01  0.1000E-01  0.9156E-02    35   3.9782  
  40    3   4.7110   4.1969  0.3996E-01  0.9522E-02  0.9130E-02    36   4.0333  
  41    5   4.7422   4.2331  0.4619E-01  0.1091E-01  0.8776E-02    37   4.1570  
  42   -3   4.8654   4.4117  0.4062E-01  0.9207E-02  0.8702E-02    38   4.2138  
  43    2   3.9855   3.4406  0.3071E-01  0.8926E-02  0.8636E-02    39   4.2163  
  44   -2   4.6643   4.3678  0.3790E-01  0.8678E-02  0.8510E-02    40   4.2596  
  45    6   4.7875   4.5208  0.4666E-01  0.1032E-01  0.8221E-02    41   4.2775  
  46    0   4.8187   4.2223  0.3723E-01  0.8816E-02  0.7721E-02    42   4.3179  
  48    1   3.8623   3.1047  0.3110E-01  0.1002E-01  0.7506E-02    43   4.3504  
  50    1   4.1087   3.2480  0.3585E-01  0.1104E-01  0.7115E-02    44   4.3889  
  51   -3   4.6643   4.3543  0.3867E-01  0.8880E-02  0.6867E-02    45   4.4054  
  52    5   4.7875   4.5214  0.4441E-01  0.9823E-02  0.6799E-02    46   4.4431  
  54   -1   4.9419   4.4085  0.3830E-01  0.8688E-02  0.6627E-02    47   4.4438  
  55    4   4.3754   3.9920  0.3632E-01  0.9098E-02  0.5754E-02    48   4.4549  
  56    3   4.2522   3.8561  0.3465E-01  0.8986E-02  0.5421E-02    49   4.4841  
  57   -5   4.3754   4.2276  0.4307E-01  0.1019E-01  0.5007E-02    50   4.4974  
  58    3   4.4986   4.0716  0.3867E-01  0.9498E-02  0.4784E-02    51   4.5448  
  59   -4   4.4268   4.0682  0.3846E-01  0.9454E-02  0.3856E-02    52   4.5979  
  60   -5   4.3036   3.8866  0.3886E-01  0.9998E-02  0.3049E-02    53   4.6812  
  61   -5   4.5500   4.1870  0.4414E-01  0.1054E-01  0.2813E-02    54   4.6983  
  62   -2   4.8167   4.4329  0.3969E-01  0.8953E-02  0.1892E-02    55   4.8398  
  63    0   0.0000  -0.5468 -0.1597E-01  0.2920E-01  0.7633E-03    56   5.4843  
                                                                                
 ENERGIES (LOWEST 6 OUT OF 56): -0.583  0.653  0.995  1.150  1.208  1.388       
 CUTOFF OF THE NORM EIGENVALUE:  0.1263E-04 ( 0.7633E-03 0.1263E-01 0.3702E-01) 
                                                                                
******** SPIN =  8 ********                                                     
                                                                                
 BAND KQP=   EQP=    HH/HN=    HH=         HN=       EIGEN NORM  STATE  ENERGY  
   1   -1   1.8871   1.0290  0.1168E-01  0.1135E-01  0.3128E-01     1  -0.1616  
   2    1   1.9636   1.2340  0.1371E-01  0.1111E-01  0.2981E-01     2   0.8659  
   3    3   2.3534   2.1129  0.1858E-01  0.8796E-02  0.2895E-01     3   1.0660  
   4   -5   2.4049   2.1400  0.2093E-01  0.9779E-02  0.2787E-01     4   1.2198  
   5   -3   2.7948   2.6302  0.2307E-01  0.8770E-02  0.2560E-01     5   1.3338  
   6   -1   2.8713   2.3025  0.2354E-01  0.1022E-01  0.2390E-01     6   1.4937  
   7    7   3.1782   2.8036  0.3324E-01  0.1186E-01  0.2167E-01     7   1.6309  
   8    0   1.4457   1.0140  0.1809E-01  0.1784E-01  0.2032E-01     8   1.7408  
   9    6   1.8871   1.4785  0.2057E-01  0.1391E-01  0.1858E-01     9   1.8488  
  10   -4   1.9636   1.7578  0.1963E-01  0.1117E-01  0.1749E-01    10   1.9693  
  11   -2   2.3534   2.0544  0.1770E-01  0.8615E-02  0.1721E-01    11   2.1727  
  12    2   2.4049   2.0856  0.1861E-01  0.8924E-02  0.1620E-01    12   2.1925  
  13    0   2.4814   1.9891  0.3080E-01  0.1548E-01  0.1413E-01    13   2.2355  
  14    4   2.7948   2.6666  0.2406E-01  0.9023E-02  0.1386E-01    14   2.3900  
  15    2   2.8713   2.5857  0.2461E-01  0.9519E-02  0.1371E-01    15   2.4281  
  16    0   3.2611   2.7129  0.4809E-01  0.1773E-01  0.1265E-01    16   2.4838  
  17    1   2.0219   1.1999  0.1387E-01  0.1156E-01  0.1165E-01    17   2.6336  
  18   -3   2.7007   2.1721  0.2200E-01  0.1013E-01  0.1157E-01    18   2.6646  
  19    5   2.8239   2.2815  0.2751E-01  0.1206E-01  0.1120E-01    19   2.6946  
  20   -1   2.8552   1.9307  0.2201E-01  0.1140E-01  0.1100E-01    20   2.8804  
  21    7   2.9784   2.3535  0.3257E-01  0.1384E-01  0.1069E-01    21   2.9500  
  22   -5   3.4629   2.8821  0.3348E-01  0.1162E-01  0.1052E-01    22   3.0009  
  23    0   1.8987   1.3973  0.2677E-01  0.1916E-01  0.1022E-01    23   3.1088  
  24   -8   2.0219   1.0823  0.2271E-01  0.2099E-01  0.1013E-01    24   3.1597  
  25    0   2.1451   1.8195  0.3576E-01  0.1965E-01  0.1002E-01    25   3.2253  
  26   -4   2.7007   2.1179  0.2280E-01  0.1077E-01  0.9914E-02    26   3.2882  
  27    4   2.8239   2.3570  0.2614E-01  0.1109E-01  0.9681E-02    27   3.3555  
  28    6   2.8552   2.2242  0.3216E-01  0.1446E-01  0.9290E-02    28   3.3652  
  29   -2   2.9784   2.5055  0.2470E-01  0.9859E-02  0.9225E-02    29   3.5977  
  30   -2   3.4629   3.0395  0.2944E-01  0.9685E-02  0.9178E-02    30   3.6133  
  31    0   3.9090   3.5473  0.2682E-01  0.7561E-02  0.9048E-02    31   3.6442  
  32   -4   4.5878   4.0088  0.3308E-01  0.8251E-02  0.8877E-02    32   3.6938  
  33    4   4.7110   4.2442  0.3595E-01  0.8470E-02  0.8716E-02    33   3.7443  
  34   -2   4.7422   4.1013  0.3176E-01  0.7744E-02  0.8557E-02    34   3.7797  
  35    6   4.8654   4.4750  0.4030E-01  0.9006E-02  0.8281E-02    35   3.8878  
  36   -1   3.7858   2.9077  0.2744E-01  0.9436E-02  0.8086E-02    36   4.0302  
  38   -1   4.0322   3.1189  0.3261E-01  0.1046E-01  0.7706E-02    37   4.1067  
  39   -5   4.5878   3.9913  0.3446E-01  0.8633E-02  0.7683E-02    38   4.1564  
  40    3   4.7110   4.2675  0.3485E-01  0.8167E-02  0.7521E-02    39   4.1647  
  41    5   4.7422   4.2702  0.4000E-01  0.9368E-02  0.7508E-02    40   4.2048  
  42   -3   4.8654   4.4645  0.3542E-01  0.7934E-02  0.7259E-02    41   4.2690  
  43    2   3.9855   3.4208  0.2699E-01  0.7890E-02  0.7070E-02    42   4.3037  
  44   -2   4.6643   4.4184  0.3330E-01  0.7537E-02  0.6921E-02    43   4.3575  
  45    6   4.7875   4.5524  0.4097E-01  0.9000E-02  0.6792E-02    44   4.3600  
  46    0   4.8187   4.4523  0.3151E-01  0.7077E-02  0.6373E-02    45   4.3701  
  47    8   4.9419   4.4126  0.4376E-01  0.9917E-02  0.5988E-02    46   4.3909  
  48    1   3.8623   3.0863  0.2854E-01  0.9246E-02  0.5945E-02    47   4.4581  
  49   -7   3.9855   3.6345  0.3767E-01  0.1036E-01  0.5767E-02    48   4.4756  
  50    1   4.1087   3.2204  0.3298E-01  0.1024E-01  0.5539E-02    49   4.4798  
  51   -3   4.6643   4.4052  0.3400E-01  0.7719E-02  0.5437E-02    50   4.5003  
  52    5   4.7875   4.5630  0.3899E-01  0.8545E-02  0.5165E-02    51   4.5880  
  53    7   4.8187   4.3756  0.4408E-01  0.1007E-01  0.4715E-02    52   4.6212  
  54   -1   4.9419   4.4679  0.3381E-01  0.7568E-02  0.4657E-02    53   4.6469  
  55    4   4.3754   4.0255  0.3213E-01  0.7982E-02  0.4185E-02    54   4.6542  
  56    3   4.2522   3.8663  0.3055E-01  0.7902E-02  0.3487E-02    55   4.6750  
  57   -5   4.3754   4.1678  0.3796E-01  0.9107E-02  0.3107E-02    56   4.6903  
  58    3   4.4986   4.0475  0.3394E-01  0.8384E-02  0.3087E-02    57   4.7360  
  59   -4   4.4268   4.1060  0.3375E-01  0.8221E-02  0.2349E-02    58   4.7785  
  60   -5   4.3036   3.8904  0.3409E-01  0.8762E-02  0.1784E-02    59   4.9146  
  61   -5   4.5500   4.1326  0.3849E-01  0.9313E-02  0.1494E-02    60   4.9998  
  62   -2   4.8167   4.4836  0.3458E-01  0.7713E-02  0.9581E-03    61   5.1328  
  63    0   0.0000  -0.1069 -0.2135E-02  0.1996E-01  0.3297E-03    62   6.3247  
                                                                                
 ENERGIES (LOWEST 6 OUT OF 62): -0.162  0.866  1.066  1.220  1.334  1.494       
 CUTOFF OF THE NORM EIGENVALUE:  0.1061E-04 ( 0.3297E-03 0.1061E-01 0.3128E-01) 
                                                                                
******** SPIN = 10 ********                                                     
                                                                                
 BAND KQP=   EQP=    HH/HN=    HH=         HN=       EIGEN NORM  STATE  ENERGY  
   1   -1   1.8871   1.1617  0.1121E-01  0.9648E-02  0.2971E-01     1   0.3446  
   2    1   1.9636   1.3209  0.1272E-01  0.9629E-02  0.2663E-01     2   1.0768  
   3    3   2.3534   2.1586  0.1574E-01  0.7291E-02  0.2510E-01     3   1.5031  
   4   -5   2.4049   2.1766  0.1760E-01  0.8086E-02  0.2210E-01     4   1.5073  
   5   -3   2.7948   2.7260  0.1910E-01  0.7007E-02  0.1993E-01     5   1.5633  
   6   -1   2.8713   2.3229  0.2146E-01  0.9236E-02  0.1946E-01     6   1.7993  
   7    7   3.1782   2.8432  0.2722E-01  0.9572E-02  0.1833E-01     7   2.0169  
   8    0   1.4457   1.2787  0.1714E-01  0.1341E-01  0.1588E-01     8   2.0876  
   9    6   1.8871   1.8540  0.1756E-01  0.9473E-02  0.1317E-01     9   2.1691  
  10   -4   1.9636   2.0875  0.1611E-01  0.7718E-02  0.1307E-01    10   2.3619  
  11   -2   2.3534   2.1007  0.1476E-01  0.7024E-02  0.1256E-01    11   2.5714  
  12    2   2.4049   2.1501  0.1546E-01  0.7189E-02  0.1236E-01    12   2.5751  
  13    0   2.4814   2.1767  0.2699E-01  0.1240E-01  0.1166E-01    13   2.5879  
  14    4   2.7948   2.7816  0.1991E-01  0.7156E-02  0.1120E-01    14   2.7584  
  15    2   2.8713   2.7835  0.1939E-01  0.6965E-02  0.1088E-01    15   2.7931  
  16    0   3.2611   2.9761  0.3867E-01  0.1299E-01  0.1026E-01    16   2.9386  
  17    1   2.0219   1.4565  0.1269E-01  0.8714E-02  0.9546E-02    17   3.0023  
  18   -3   2.7007   2.4706  0.1796E-01  0.7268E-02  0.9337E-02    18   3.0840  
  19    5   2.8239   2.6053  0.2207E-01  0.8469E-02  0.9239E-02    19   3.2046  
  20   -1   2.8552   2.1175  0.1918E-01  0.9057E-02  0.9039E-02    20   3.2347  
  21    7   2.9784   2.4934  0.2595E-01  0.1041E-01  0.8731E-02    21   3.3268  
  22   -5   3.4629   3.1668  0.2648E-01  0.8362E-02  0.8685E-02    22   3.3707  
  23    0   1.8987   1.7599  0.2347E-01  0.1334E-01  0.8501E-02    23   3.4278  
  24   -8   2.0219   1.5638  0.2102E-01  0.1344E-01  0.8416E-02    24   3.4744  
  25    0   2.1451   2.2812  0.2939E-01  0.1288E-01  0.8123E-02    25   3.5499  
  26   -4   2.7007   2.4147  0.1866E-01  0.7729E-02  0.7936E-02    26   3.6261  
  27    4   2.8239   2.6841  0.2090E-01  0.7786E-02  0.7616E-02    27   3.6405  
  28    6   2.8552   2.6414  0.2533E-01  0.9590E-02  0.7560E-02    28   3.6618  
  29   -2   2.9784   2.7188  0.1966E-01  0.7232E-02  0.7463E-02    29   3.7795  
  30   -2   3.4629   3.3289  0.2318E-01  0.6962E-02  0.7431E-02    30   3.7863  
  31    0   3.9090   3.7429  0.2195E-01  0.5864E-02  0.7097E-02    31   3.8130  
  32   -4   4.5878   4.1217  0.2799E-01  0.6790E-02  0.6844E-02    32   3.8547  
  33    4   4.7110   4.3556  0.3019E-01  0.6932E-02  0.6678E-02    33   3.9024  
  34   -2   4.7422   4.0795  0.2718E-01  0.6661E-02  0.6541E-02    34   3.9735  
  35    6   4.8654   4.5518  0.3386E-01  0.7438E-02  0.6314E-02    35   4.0941  
  36   -1   3.7858   2.9817  0.2438E-01  0.8177E-02  0.5880E-02    36   4.1431  
  37   -9   3.9090   3.4342  0.3641E-01  0.1060E-01  0.5849E-02    37   4.2152  
  38   -1   4.0322   3.2262  0.2893E-01  0.8966E-02  0.5757E-02    38   4.2308  
  39   -5   4.5878   4.0961  0.2915E-01  0.7116E-02  0.5637E-02    39   4.3613  
  40    3   4.7110   4.3793  0.2923E-01  0.6674E-02  0.5393E-02    40   4.4195  
  41    5   4.7422   4.3702  0.3324E-01  0.7607E-02  0.5368E-02    41   4.4280  
  42   -3   4.8654   4.5340  0.2971E-01  0.6552E-02  0.5336E-02    42   4.4371  
  43    2   3.9855   3.4038  0.2299E-01  0.6755E-02  0.5193E-02    43   4.4469  
  44   -2   4.6643   4.4997  0.2819E-01  0.6264E-02  0.4944E-02    44   4.4818  
  45    6   4.7875   4.6167  0.3462E-01  0.7499E-02  0.4873E-02    45   4.5113  
  46    0   4.8187   4.6365  0.2565E-01  0.5532E-02  0.4663E-02    46   4.5432  
  47    8   4.9419   4.5262  0.3740E-01  0.8263E-02  0.4005E-02    47   4.6405  
  48    1   3.8623   3.1291  0.2545E-01  0.8133E-02  0.3921E-02    48   4.6567  
  49   -7   3.9855   3.6516  0.3153E-01  0.8635E-02  0.3676E-02    49   4.6746  
  50    1   4.1087   3.2881  0.2938E-01  0.8936E-02  0.3670E-02    50   4.7326  
  51   -3   4.6643   4.4867  0.2881E-01  0.6421E-02  0.3539E-02    51   4.7961  
  52    5   4.7875   4.6377  0.3293E-01  0.7100E-02  0.3282E-02    52   4.8262  
  53    7   4.8187   4.4114  0.3707E-01  0.8403E-02  0.2981E-02    53   4.8463  
  54   -1   4.9419   4.5700  0.2870E-01  0.6280E-02  0.2963E-02    54   4.8465  
  55    4   4.3754   4.0762  0.2737E-01  0.6715E-02  0.2799E-02    55   4.9229  
  56    3   4.2522   3.9199  0.2596E-01  0.6622E-02  0.1978E-02    56   4.9386  
  57   -5   4.3754   4.1880  0.3205E-01  0.7653E-02  0.1812E-02    57   4.9444  
  58    3   4.4986   4.0945  0.2859E-01  0.6982E-02  0.1766E-02    58   4.9743  
  59   -4   4.4268   4.1648  0.2850E-01  0.6843E-02  0.1291E-02    59   5.1495  
  60   -5   4.3036   3.9476  0.2882E-01  0.7301E-02  0.9680E-03    60   5.1929  
  61   -5   4.5500   4.1759  0.3225E-01  0.7724E-02  0.7162E-03    61   5.2813  
  62   -2   4.8167   4.5623  0.2902E-01  0.6361E-02  0.4471E-03    62   5.9103  
  63    0   0.0000   0.4381  0.5437E-02  0.1241E-01  0.1320E-03    63   7.2378  
                                                                                
 ENERGIES (LOWEST 6 OUT OF 63):  0.345  1.077  1.503  1.507  1.563  1.799       
 CUTOFF OF THE NORM EIGENVALUE:  0.8290E-05 ( 0.1320E-03 0.8290E-02 0.2971E-01) 
                                                                                
******** SPIN = 12 ********                                                     
                                                                                
 BAND KQP=   EQP=    HH/HN=    HH=         HN=       EIGEN NORM  STATE  ENERGY  
   1   -1   1.8871   1.4241  0.1074E-01  0.7540E-02  0.2828E-01     1   0.9185  
   2    1   1.9636   1.5206  0.1169E-01  0.7691E-02  0.2088E-01     2   1.3096  
   3    3   2.3534   2.3056  0.1292E-01  0.5602E-02  0.1982E-01     3   1.8039  
   4   -5   2.4049   2.3531  0.1446E-01  0.6147E-02  0.1610E-01     4   1.9535  
   5   -3   2.7948   2.8625  0.1516E-01  0.5297E-02  0.1558E-01     5   2.0352  
   6   -1   2.8713   2.4391  0.1878E-01  0.7699E-02  0.1523E-01     6   2.1737  
   7    7   3.1782   3.0265  0.2152E-01  0.7111E-02  0.1260E-01     7   2.4261  
   8    0   1.4457   1.5968  0.1507E-01  0.9438E-02  0.1211E-01     8   2.5154  
   9    6   1.8871   2.3052  0.1376E-01  0.5969E-02  0.9723E-02     9   2.6844  
  10   -4   1.9636   2.4769  0.1226E-01  0.4952E-02  0.9550E-02    10   2.8709  
  11   -2   2.3534   2.1634  0.1189E-01  0.5495E-02  0.9274E-02    11   3.0429  
  12    2   2.4049   2.2577  0.1242E-01  0.5503E-02  0.8907E-02    12   3.0550  
  13    0   2.4814   2.3250  0.2230E-01  0.9592E-02  0.8723E-02    13   3.1078  
  14    4   2.7948   2.9093  0.1575E-01  0.5413E-02  0.8390E-02    14   3.1334  
  15    2   2.8713   2.9984  0.1445E-01  0.4821E-02  0.7985E-02    15   3.1996  
  16    0   3.2611   3.2416  0.2922E-01  0.9014E-02  0.7647E-02    16   3.2674  
  17    1   2.0219   1.8377  0.1107E-01  0.6025E-02  0.7557E-02    17   3.3831  
  18   -3   2.7007   2.8444  0.1379E-01  0.4848E-02  0.7208E-02    18   3.4680  
  19    5   2.8239   3.0129  0.1659E-01  0.5506E-02  0.7118E-02    19   3.5494  
  20   -1   2.8552   2.4248  0.1606E-01  0.6622E-02  0.6955E-02    20   3.6639  
  21    7   2.9784   2.7855  0.1991E-01  0.7148E-02  0.6908E-02    21   3.7986  
  22   -5   3.4629   3.5267  0.1974E-01  0.5596E-02  0.6713E-02    22   3.8430  
  23    0   1.8987   2.2019  0.1893E-01  0.8595E-02  0.6227E-02    23   3.8452  
  24   -8   2.0219   2.1394  0.1687E-01  0.7885E-02  0.6176E-02    24   3.8635  
  25    0   2.1451   2.8212  0.2194E-01  0.7776E-02  0.6156E-02    25   3.9280  
  26   -4   2.7007   2.7868  0.1437E-01  0.5158E-02  0.5882E-02    26   3.9988  
  27    4   2.8239   3.0947  0.1566E-01  0.5059E-02  0.5683E-02    27   4.0671  
  28    6   2.8552   3.1397  0.1840E-01  0.5859E-02  0.5673E-02    28   4.0735  
  29   -2   2.9784   3.0072  0.1486E-01  0.4941E-02  0.5541E-02    29   4.1534  
  30   -2   3.4629   3.6933  0.1718E-01  0.4653E-02  0.5217E-02    30   4.1592  
  31    0   3.9090   3.8754  0.1722E-01  0.4443E-02  0.5109E-02    31   4.1690  
  32   -4   4.5878   4.2805  0.2277E-01  0.5319E-02  0.4814E-02    32   4.1954  
  33    4   4.7110   4.5184  0.2432E-01  0.5383E-02  0.4661E-02    33   4.2913  
  34   -2   4.7422   4.0794  0.2264E-01  0.5549E-02  0.4605E-02    34   4.3247  
  35    6   4.8654   4.6378  0.2733E-01  0.5892E-02  0.4524E-02    35   4.3902  
  36   -1   3.7858   3.1354  0.2097E-01  0.6687E-02  0.4255E-02    36   4.3908  
  37   -9   3.9090   3.5378  0.2924E-01  0.8264E-02  0.4240E-02    37   4.4015  
  38   -1   4.0322   3.4430  0.2462E-01  0.7152E-02  0.3771E-02    38   4.5316  
  39   -5   4.5878   4.2468  0.2371E-01  0.5583E-02  0.3708E-02    39   4.5337  
  40    3   4.7110   4.5431  0.2351E-01  0.5174E-02  0.3527E-02    40   4.5471  
  41    5   4.7422   4.5452  0.2640E-01  0.5808E-02  0.3363E-02    41   4.5685  
  42   -3   4.8654   4.6270  0.2394E-01  0.5174E-02  0.3240E-02    42   4.6762  
  43    2   3.9855   3.4183  0.1904E-01  0.5569E-02  0.3228E-02    43   4.6973  
  44   -2   4.6643   4.6201  0.2293E-01  0.4963E-02  0.3147E-02    44   4.7601  
  45    6   4.7875   4.7250  0.2808E-01  0.5942E-02  0.3082E-02    45   4.7624  
  46    0   4.8187   4.7424  0.2022E-01  0.4263E-02  0.2904E-02    46   4.8015  
  47    8   4.9419   4.6224  0.3070E-01  0.6642E-02  0.2738E-02    47   4.8638  
  48    1   3.8623   3.2431  0.2192E-01  0.6760E-02  0.2409E-02    48   4.9495  
  49   -7   3.9855   3.7552  0.2531E-01  0.6739E-02  0.2246E-02    49   4.9720  
  50    1   4.1087   3.4526  0.2509E-01  0.7266E-02  0.2234E-02    50   5.0456  
  51   -3   4.6643   4.6070  0.2346E-01  0.5093E-02  0.1896E-02    51   5.0877  
  52    5   4.7875   4.7561  0.2668E-01  0.5610E-02  0.1830E-02    52   5.1154  
  53    7   4.8187   4.5170  0.2982E-01  0.6601E-02  0.1718E-02    53   5.1829  
  54   -1   4.9419   4.7147  0.2333E-01  0.4949E-02  0.1707E-02    54   5.2162  
  55    4   4.3754   4.1564  0.2239E-01  0.5387E-02  0.1659E-02    55   5.2630  
  56    3   4.2522   4.0288  0.2118E-01  0.5256E-02  0.1041E-02    56   5.2760  
  57   -5   4.3754   4.3022  0.2577E-01  0.5990E-02  0.9897E-03    57   5.3059  
  58    3   4.4986   4.2245  0.2300E-01  0.5443E-02  0.8940E-03    58   5.5366  
  59   -4   4.4268   4.2632  0.2310E-01  0.5419E-02  0.6461E-03    59   5.6429  
  60   -5   4.3036   4.0725  0.2341E-01  0.5748E-02  0.4848E-03    60   5.6762  
  61   -5   4.5500   4.3290  0.2582E-01  0.5965E-02  0.3150E-03    61   5.9865  
  62   -2   4.8167   4.6860  0.2342E-01  0.4999E-02  0.1926E-03    62   6.7710  
  63    0   0.0000   1.0813  0.7614E-02  0.7042E-02  0.4918E-04    63   8.2162  
                                                                                
 ENERGIES (LOWEST 6 OUT OF 63):  0.919  1.310  1.804  1.953  2.035  2.174       
 CUTOFF OF THE NORM EIGENVALUE:  0.6112E-05 ( 0.4918E-04 0.6112E-02 0.2828E-01) 
                                                                                
******** SPIN = 14 ********                                                     
                                                                                
 BAND KQP=   EQP=    HH/HN=    HH=         HN=       EIGEN NORM  STATE  ENERGY  
   1   -1   1.8871   1.8066  0.9742E-02  0.5393E-02  0.2426E-01     1   1.5238  
   2    1   1.9636   1.8255  0.1029E-01  0.5636E-02  0.1495E-01     2   1.6148  
   3    3   2.3534   2.5563  0.1014E-01  0.3968E-02  0.1466E-01     3   2.2267  
   4   -5   2.4049   2.6654  0.1139E-01  0.4274E-02  0.1176E-01     4   2.4421  
   5   -3   2.7948   3.0496  0.1151E-01  0.3773E-02  0.1076E-01     5   2.6404  
   6   -1   2.8713   2.6506  0.1561E-01  0.5888E-02  0.1060E-01     6   2.6437  
   7    7   3.1782   3.3508  0.1620E-01  0.4836E-02  0.9277E-02     7   2.8619  
   8    0   1.4457   1.9783  0.1227E-01  0.6203E-02  0.7665E-02     8   3.1035  
   9    6   1.8871   2.8329  0.9867E-02  0.3483E-02  0.7424E-02     9   3.2351  
  10   -4   1.9636   2.9273  0.8640E-02  0.2952E-02  0.7307E-02    10   3.3088  
  11   -2   2.3534   2.2925  0.9330E-02  0.4070E-02  0.6790E-02    11   3.4680  
  12    2   2.4049   2.4428  0.9683E-02  0.3964E-02  0.6548E-02    12   3.5636  
  13    0   2.4814   2.4952  0.1763E-01  0.7064E-02  0.6100E-02    13   3.5983  
  14    4   2.7948   3.0908  0.1195E-01  0.3866E-02  0.5971E-02    14   3.6649  
  15    2   2.8713   3.2504  0.1023E-01  0.3148E-02  0.5778E-02    15   3.7117  
  16    0   3.2611   3.5338  0.2083E-01  0.5894E-02  0.5721E-02    16   3.7201  
  17    1   2.0219   2.3403  0.8918E-02  0.3811E-02  0.5687E-02    17   3.7943  
  18   -3   2.7007   3.2982  0.9906E-02  0.3003E-02  0.5377E-02    18   3.8640  
  19    5   2.8239   3.5079  0.1161E-01  0.3311E-02  0.5365E-02    19   3.9137  
  20   -1   2.8552   2.8490  0.1265E-01  0.4439E-02  0.5301E-02    20   4.0741  
  21    7   2.9784   3.2235  0.1442E-01  0.4473E-02  0.4569E-02    21   4.1494  
  22   -5   3.4629   3.9675  0.1380E-01  0.3477E-02  0.4420E-02    22   4.2215  
  23    0   1.8987   2.7252  0.1397E-01  0.5127E-02  0.4303E-02    23   4.3030  
  24   -8   2.0219   2.8052  0.1191E-01  0.4247E-02  0.4276E-02    24   4.3158  
  25    0   2.1451   3.4348  0.1488E-01  0.4332E-02  0.4194E-02    25   4.4256  
  26   -4   2.7007   3.2388  0.1035E-01  0.3197E-02  0.3892E-02    26   4.4326  
  27    4   2.8239   3.5921  0.1092E-01  0.3041E-02  0.3884E-02    27   4.4784  
  28    6   2.8552   3.7172  0.1228E-01  0.3304E-02  0.3690E-02    28   4.5731  
  29   -2   2.9784   3.3850  0.1061E-01  0.3133E-02  0.3604E-02    29   4.6208  
  30   -2   3.4629   4.1380  0.1195E-01  0.2887E-02  0.3457E-02    30   4.6539  
  31    0   3.9090   3.9763  0.1307E-01  0.3286E-02  0.3421E-02    31   4.6647  
  32   -4   4.5878   4.4932  0.1775E-01  0.3950E-02  0.3313E-02    32   4.6709  
  33    4   4.7110   4.7425  0.1873E-01  0.3949E-02  0.3054E-02    33   4.6927  
  34   -2   4.7422   4.1391  0.1836E-01  0.4436E-02  0.2977E-02    34   4.7407  
  35    6   4.8654   4.7634  0.2118E-01  0.4447E-02  0.2742E-02    35   4.7572  
  36   -1   3.7858   3.3728  0.1730E-01  0.5129E-02  0.2700E-02    36   4.7748  
  37   -9   3.9090   3.7629  0.2246E-01  0.5970E-02  0.2484E-02    37   4.7990  
  38   -1   4.0322   3.7622  0.1987E-01  0.5281E-02  0.2316E-02    38   4.8501  
  39   -5   4.5878   4.4519  0.1850E-01  0.4154E-02  0.2241E-02    39   4.9032  
  40    3   4.7110   4.7685  0.1807E-01  0.3790E-02  0.2162E-02    40   4.9578  
  41    5   4.7422   4.8010  0.1993E-01  0.4152E-02  0.2093E-02    41   4.9804  
  42   -3   4.8654   4.7548  0.1851E-01  0.3893E-02  0.1974E-02    42   4.9935  
  43    2   3.9855   3.4930  0.1530E-01  0.4382E-02  0.1871E-02    43   5.0481  
  44   -2   4.6643   4.7872  0.1788E-01  0.3735E-02  0.1837E-02    44   5.0599  
  45    6   4.7875   4.8869  0.2178E-01  0.4458E-02  0.1622E-02    45   5.0951  
  46    0   4.8187   4.7842  0.1555E-01  0.3250E-02  0.1603E-02    46   5.2605  
  47    8   4.9419   4.7296  0.2418E-01  0.5112E-02  0.1495E-02    47   5.2726  
  48    1   3.8623   3.4316  0.1811E-01  0.5277E-02  0.1361E-02    48   5.3128  
  49   -7   3.9855   3.9490  0.1935E-01  0.4901E-02  0.1279E-02    49   5.3161  
  50    1   4.1087   3.7087  0.2032E-01  0.5480E-02  0.1261E-02    50   5.3964  
  51   -3   4.6643   4.7739  0.1832E-01  0.3837E-02  0.9563E-03    51   5.4748  
  52    5   4.7875   4.9272  0.2068E-01  0.4197E-02  0.9321E-03    52   5.5507  
  53    7   4.8187   4.6974  0.2282E-01  0.4859E-02  0.9167E-03    53   5.6327  
  54   -1   4.9419   4.8994  0.1811E-01  0.3696E-02  0.8947E-03    54   5.6524  
  55    4   4.3754   4.2804  0.1753E-01  0.4096E-02  0.8468E-03    55   5.6952  
  56    3   4.2522   4.2000  0.1652E-01  0.3933E-02  0.5129E-03    56   5.8356  
  57   -5   4.3754   4.5147  0.1960E-01  0.4341E-02  0.5053E-03    57   5.9542  
  58    3   4.4986   4.4405  0.1756E-01  0.3954E-02  0.4054E-03    58   5.9972  
  59   -4   4.4268   4.4228  0.1793E-01  0.4054E-02  0.2962E-03    59   6.1946  
  60   -5   4.3036   4.2737  0.1817E-01  0.4252E-02  0.2245E-03    60   6.5281  
  61   -5   4.5500   4.5915  0.1960E-01  0.4269E-02  0.1279E-03    61   6.8997  
  62   -2   4.8167   4.8666  0.1813E-01  0.3725E-02  0.7679E-04    62   7.7017  
  63    0   0.0000   1.8154  0.6644E-02  0.3660E-02  0.1709E-04    63   9.2544  
                                                                                
 ENERGIES (LOWEST 6 OUT OF 63):  1.524  1.615  2.227  2.442  2.640  2.644       
 CUTOFF OF THE NORM EIGENVALUE:  0.4256E-05 ( 0.1709E-04 0.4256E-02 0.2426E-01) 
                                                                                
******** SPIN = 16 ********                                                     
                                                                                
 BAND KQP=   EQP=    HH/HN=    HH=         HN=       EIGEN NORM  STATE  ENERGY  
   1   -1   1.8871   2.2992  0.8103E-02  0.3524E-02  0.1876E-01     1   1.9491  
   2    1   1.9636   2.2303  0.8435E-02  0.3782E-02  0.1021E-01     2   2.2165  
   3    3   2.3534   2.9096  0.7516E-02  0.2583E-02  0.9764E-02     3   2.7869  
   4   -5   2.4049   3.1054  0.8425E-02  0.2713E-02  0.7993E-02     4   3.0083  
   5   -3   2.7948   3.3031  0.8321E-02  0.2519E-02  0.7079E-02     5   3.2123  
   6   -1   2.8713   2.9587  0.1219E-01  0.4121E-02  0.6933E-02     6   3.3208  
   7    7   3.1782   3.8076  0.1144E-01  0.3005E-02  0.6351E-02     7   3.3888  
   8    0   1.4457   2.4340  0.9228E-02  0.3791E-02  0.6005E-02     8   3.4909  
   9    6   1.8871   3.4386  0.6476E-02  0.1883E-02  0.5468E-02     9   3.7279  
  10   -4   1.9636   3.4421  0.5628E-02  0.1635E-02  0.4814E-02    10   3.8215  
  11   -2   2.3534   2.5262  0.7116E-02  0.2817E-02  0.4542E-02    11   3.9623  
  12    2   2.4049   2.7308  0.7271E-02  0.2663E-02  0.4498E-02    12   3.9973  
  13    0   2.4814   2.7443  0.1338E-01  0.4876E-02  0.4378E-02    13   4.1800  
  14    4   2.7948   3.3618  0.8666E-02  0.2578E-02  0.4252E-02    14   4.1984  
  15    2   2.8713   3.5622  0.6882E-02  0.1932E-02  0.4197E-02    15   4.2273  
  16    0   3.2611   3.8795  0.1402E-01  0.3614E-02  0.4041E-02    16   4.2978  
  17    1   2.0219   2.9562  0.6515E-02  0.2204E-02  0.3633E-02    17   4.3098  
  18   -3   2.7007   3.8350  0.6621E-02  0.1727E-02  0.3552E-02    18   4.3890  
  19    5   2.8239   4.0918  0.7534E-02  0.1841E-02  0.3409E-02    19   4.4890  
  20   -1   2.8552   3.3833  0.9221E-02  0.2726E-02  0.3395E-02    20   4.5367  
  21    7   2.9784   3.7951  0.9681E-02  0.2551E-02  0.2840E-02    21   4.5597  
  22   -5   3.4629   4.4929  0.9003E-02  0.2004E-02  0.2831E-02    22   4.6702  
  23    0   1.8987   3.3307  0.9429E-02  0.2831E-02  0.2779E-02    23   4.6783  
  24   -8   2.0219   3.5568  0.7490E-02  0.2106E-02  0.2691E-02    24   4.7968  
  25    0   2.1451   4.1187  0.9195E-02  0.2232E-02  0.2580E-02    25   4.8468  
  26   -4   2.7007   3.7741  0.6938E-02  0.1838E-02  0.2482E-02    26   4.9102  
  27    4   2.8239   4.1776  0.7064E-02  0.1691E-02  0.2386E-02    27   4.9389  
  28    6   2.8552   4.3720  0.7530E-02  0.1722E-02  0.2351E-02    28   4.9675  
  29   -2   2.9784   3.8614  0.7102E-02  0.1839E-02  0.2214E-02    29   5.0708  
  30   -2   3.4629   4.6662  0.7755E-02  0.1662E-02  0.2174E-02    30   5.0866  
  31    0   3.9090   4.1059  0.9645E-02  0.2349E-02  0.1941E-02    31   5.1586  
  32   -4   4.5878   4.7673  0.1321E-01  0.2772E-02  0.1829E-02    32   5.2126  
  33    4   4.7110   5.0357  0.1373E-01  0.2727E-02  0.1792E-02    33   5.2182  
  34   -2   4.7422   4.2880  0.1444E-01  0.3368E-02  0.1725E-02    34   5.2440  
  35    6   4.8654   4.9587  0.1573E-01  0.3171E-02  0.1600E-02    35   5.2636  
  36   -1   3.7858   3.6939  0.1358E-01  0.3675E-02  0.1555E-02    36   5.3110  
  37   -9   3.9090   4.1031  0.1634E-01  0.3983E-02  0.1352E-02    37   5.3567  
  38   -1   4.0322   4.1744  0.1504E-01  0.3603E-02  0.1324E-02    38   5.4710  
  39   -5   4.5878   4.7191  0.1378E-01  0.2921E-02  0.1235E-02    39   5.4917  
  40    3   4.7110   5.0634  0.1323E-01  0.2613E-02  0.1223E-02    40   5.5369  
  41    5   4.7422   5.1393  0.1423E-01  0.2769E-02  0.1142E-02    41   5.5429  
  42   -3   4.8654   4.9321  0.1371E-01  0.2780E-02  0.1105E-02    42   5.5966  
  43    2   3.9855   3.6488  0.1190E-01  0.3261E-02  0.1061E-02    43   5.6107  
  44   -2   4.6643   5.0080  0.1333E-01  0.2661E-02  0.9676E-03    44   5.6734  
  45    6   4.7875   5.1100  0.1611E-01  0.3153E-02  0.8128E-03    45   5.6932  
  46    0   4.8187   4.8157  0.1171E-01  0.2431E-02  0.7879E-03    46   5.7237  
  47    8   4.9419   4.8774  0.1822E-01  0.3736E-02  0.7367E-03    47   5.7321  
  48    1   3.8623   3.6946  0.1424E-01  0.3853E-02  0.6736E-03    48   5.8448  
  49   -7   3.9855   4.2334  0.1401E-01  0.3308E-02  0.6542E-03    49   5.8803  
  50    1   4.1087   4.0500  0.1549E-01  0.3824E-02  0.6497E-03    50   5.9357  
  51   -3   4.6643   4.9941  0.1366E-01  0.2736E-02  0.4621E-03    51   5.9893  
  52    5   4.7875   5.1584  0.1527E-01  0.2960E-02  0.4529E-03    52   6.0938  
  53    7   4.8187   4.9542  0.1655E-01  0.3340E-02  0.4310E-03    53   6.1281  
  54   -1   4.9419   5.1230  0.1338E-01  0.2612E-02  0.4219E-03    54   6.1926  
  55    4   4.3754   4.4626  0.1309E-01  0.2933E-02  0.3861E-03    55   6.2520  
  56    3   4.2522   4.4377  0.1226E-01  0.2764E-02  0.2421E-03    56   6.4568  
  57   -5   4.3754   4.8257  0.1400E-01  0.2902E-02  0.2339E-03    57   6.5190  
  58    3   4.4986   4.7410  0.1265E-01  0.2668E-02  0.1674E-03    58   6.6663  
  59   -4   4.4268   4.6630  0.1327E-01  0.2845E-02  0.1250E-03    59   7.0528  
  60   -5   4.3036   4.5560  0.1341E-01  0.2944E-02  0.9634E-04    60   7.4845  
  61   -5   4.5500   4.9569  0.1400E-01  0.2824E-02  0.4818E-04    61   7.8823  
  62   -2   4.8167   5.1070  0.1340E-01  0.2624E-02  0.2841E-04    62   8.6968  
  63    0   0.0000   2.6330  0.4604E-02  0.1749E-02  0.5550E-05    63  10.3478  
                                                                                
 ENERGIES (LOWEST 6 OUT OF 63):  1.949  2.216  2.787  3.008  3.212  3.321       
 CUTOFF OF THE NORM EIGENVALUE:  0.2792E-05 ( 0.5550E-05 0.2792E-02 0.1876E-01) 
                                                                                
******** SPIN = 18 ********                                                     
                                                                                
 BAND KQP=   EQP=    HH/HN=    HH=         HN=       EIGEN NORM  STATE  ENERGY  
   1   -1   1.8871   2.8944  0.6093E-02  0.2105E-02  0.1312E-01     1   2.4143  
   2    1   1.9636   2.7323  0.6347E-02  0.2323E-02  0.6694E-02     2   2.9100  
   3    3   2.3534   3.3637  0.5194E-02  0.1544E-02  0.5933E-02     3   3.4610  
   4   -5   2.4049   3.6644  0.5759E-02  0.1572E-02  0.5193E-02     4   3.6360  
   5   -3   2.7948   3.6412  0.5707E-02  0.1567E-02  0.4972E-02     5   3.7608  
   6   -1   2.8713   3.3652  0.8878E-02  0.2638E-02  0.4370E-02     6   3.9198  
   7    7   3.1782   4.3869  0.7483E-02  0.1706E-02  0.4048E-02     7   3.9955  
   8    0   1.4457   2.9728  0.6386E-02  0.2148E-02  0.3738E-02     8   4.0420  
   9    6   1.8871   4.1242  0.3893E-02  0.9439E-03  0.3640E-02     9   4.1912  
  10   -4   1.9636   4.0256  0.3388E-02  0.8417E-03  0.3454E-02    10   4.2426  
  11   -2   2.3534   2.8843  0.5199E-02  0.1803E-02  0.3376E-02    11   4.5191  
  12    2   2.4049   3.1345  0.5189E-02  0.1656E-02  0.3001E-02    12   4.5595  
  13    0   2.4814   3.1056  0.9683E-02  0.3118E-02  0.2771E-02    13   4.7499  
  14    4   2.7948   3.7436  0.5958E-02  0.1591E-02  0.2697E-02    14   4.7535  
  15    2   2.8713   3.9517  0.4384E-02  0.1109E-02  0.2530E-02    15   4.9094  
  16    0   3.2611   4.2974  0.8892E-02  0.2069E-02  0.2402E-02    16   4.9163  
  17    1   2.0219   3.6762  0.4291E-02  0.1167E-02  0.2200E-02    17   4.9684  
  18   -3   2.7007   4.4560  0.4103E-02  0.9208E-03  0.2125E-02    18   4.9913  
  19    5   2.8239   4.7640  0.4513E-02  0.9474E-03  0.1978E-02    19   5.0043  
  20   -1   2.8552   4.0194  0.6164E-02  0.1533E-02  0.1872E-02    20   5.0245  
  21    7   2.9784   4.4864  0.5962E-02  0.1329E-02  0.1699E-02    21   5.0738  
  22   -5   3.4629   5.1046  0.5465E-02  0.1071E-02  0.1667E-02    22   5.1953  
  23    0   1.8987   4.0181  0.5816E-02  0.1447E-02  0.1644E-02    23   5.3066  
  24   -8   2.0219   4.3893  0.4231E-02  0.9639E-03  0.1595E-02    24   5.3333  
  25    0   2.1451   4.8703  0.5194E-02  0.1066E-02  0.1492E-02    25   5.3386  
  26   -4   2.7007   4.3938  0.4309E-02  0.9806E-03  0.1470E-02    26   5.3543  
  27    4   2.8239   4.8507  0.4221E-02  0.8701E-03  0.1316E-02    27   5.4998  
  28    6   2.8552   5.1020  0.4243E-02  0.8316E-03  0.1268E-02    28   5.6078  
  29   -2   2.9784   4.4403  0.4432E-02  0.9981E-03  0.1241E-02    29   5.6479  
  30   -2   3.4629   5.2791  0.4684E-02  0.8873E-03  0.1221E-02    30   5.6878  
  31    0   3.9090   4.3204  0.6918E-02  0.1601E-02  0.1057E-02    31   5.6949  
  32   -4   4.5878   5.1090  0.9356E-02  0.1831E-02  0.1015E-02    32   5.7370  
  33    4   4.7110   5.4043  0.9541E-02  0.1765E-02  0.9416E-03    33   5.7516  
  34   -2   4.7422   4.5416  0.1092E-01  0.2405E-02  0.8752E-03    34   5.8884  
  35    6   4.8654   5.2457  0.1112E-01  0.2120E-02  0.8691E-03    35   5.9034  
  36   -1   3.7858   4.0979  0.1005E-01  0.2452E-02  0.8348E-03    36   5.9169  
  37   -9   3.9090   4.5510  0.1115E-01  0.2450E-02  0.7177E-03    37   6.0197  
  38   -1   4.0322   4.6715  0.1060E-01  0.2270E-02  0.6803E-03    38   6.1241  
  39   -5   4.5878   5.0548  0.9772E-02  0.1933E-02  0.6551E-03    39   6.1360  
  40    3   4.7110   5.4339  0.9177E-02  0.1689E-02  0.6449E-03    40   6.1698  
  41    5   4.7422   5.5596  0.9555E-02  0.1719E-02  0.5658E-03    41   6.2142  
  42   -3   4.8654   5.1743  0.9705E-02  0.1876E-02  0.5624E-03    42   6.2413  
  43    2   3.9855   3.8980  0.8874E-02  0.2277E-02  0.4985E-03    43   6.2480  
  44   -2   4.6643   5.2885  0.9454E-02  0.1788E-02  0.4700E-03    44   6.3686  
  45    6   4.7875   5.4003  0.1131E-01  0.2094E-02  0.3858E-03    45   6.3840  
  46    0   4.8187   4.8986  0.8614E-02  0.1758E-02  0.3595E-03    46   6.3946  
  47    8   4.9419   5.0901  0.1309E-01  0.2571E-02  0.3539E-03    47   6.4904  
  48    1   3.8623   4.0314  0.1058E-01  0.2624E-02  0.3147E-03    48   6.5849  
  49   -7   3.9855   4.6084  0.9529E-02  0.2068E-02  0.2955E-03    49   6.6112  
  50    1   4.1087   4.4715  0.1103E-01  0.2467E-02  0.2768E-03    50   6.6627  
  51   -3   4.6643   5.2738  0.9704E-02  0.1840E-02  0.2095E-03    51   6.7145  
  52    5   4.7875   5.4559  0.1070E-01  0.1961E-02  0.2056E-03    52   6.7435  
  53    7   4.8187   5.2881  0.1131E-01  0.2138E-02  0.1879E-03    53   6.7793  
  54   -1   4.9419   5.3863  0.9392E-02  0.1744E-02  0.1772E-03    54   6.8134  
  55    4   4.3754   4.7157  0.9277E-02  0.1967E-02  0.1614E-03    55   7.0137  
  56    3   4.2522   4.7444  0.8624E-02  0.1818E-02  0.1083E-03    56   7.0595  
  57   -5   4.3754   5.2341  0.9348E-02  0.1786E-02  0.9919E-04    57   7.2495  
  58    3   4.4986   5.1227  0.8559E-02  0.1671E-02  0.6348E-04    58   7.4726  
  59   -4   4.4268   4.9983  0.9297E-02  0.1860E-02  0.4877E-04    59   8.0369  
  60   -5   4.3036   4.9224  0.9356E-02  0.1901E-02  0.3842E-04    60   8.5411  
  61   -5   4.5500   5.4174  0.9343E-02  0.1725E-02  0.1690E-04    61   9.0880  
  62   -2   4.8167   5.4045  0.9414E-02  0.1742E-02  0.9780E-05    62   9.8178  
  63    0   0.0000   3.5268  0.2719E-02  0.7710E-03  0.1689E-05    63   0.0000  
                                                                                
 ENERGIES (LOWEST 6 OUT OF 62):  2.414  2.910  3.461  3.636  3.761  3.920       
 CUTOFF OF THE NORM EIGENVALUE:  0.1721E-05 ( 0.1689E-05 0.1721E-02 0.1312E-01) 
                                                                                
******** SPIN = 20 ********                                                     
                                                                                
 BAND KQP=   EQP=    HH/HN=    HH=         HN=       EIGEN NORM  STATE  ENERGY  
   1   -1   1.8871   3.5865  0.4124E-02  0.1150E-02  0.8354E-02     1   2.9768  
   2    1   1.9636   3.3308  0.4349E-02  0.1306E-02  0.4254E-02     2   3.6547  
   3    3   2.3534   3.9165  0.3320E-02  0.8477E-03  0.3660E-02     3   4.1001  
   4   -5   2.4049   4.3342  0.3604E-02  0.8316E-03  0.3270E-02     4   4.2355  
   5   -3   2.7948   4.0797  0.3688E-02  0.9040E-03  0.2962E-02     5   4.3444  
   6   -1   2.8713   3.8715  0.5982E-02  0.1545E-02  0.2635E-02     6   4.5871  
   7    7   3.1782   5.0795  0.4498E-02  0.8856E-03  0.2445E-02     7   4.6585  
   8    0   1.4457   3.6007  0.4055E-02  0.1126E-02  0.2334E-02     8   4.6590  
   9    6   1.8871   4.8908  0.2145E-02  0.4386E-03  0.2312E-02     9   4.7600  
  10   -4   1.9636   4.6814  0.1885E-02  0.4026E-03  0.2223E-02    10   4.8515  
  11   -2   2.3534   3.3715  0.3573E-02  0.1060E-02  0.1950E-02    11   5.0629  
  12    2   2.4049   3.6577  0.3469E-02  0.9484E-03  0.1759E-02    12   5.0783  
  13    0   2.4814   3.5910  0.6581E-02  0.1833E-02  0.1638E-02    13   5.2936  
  14    4   2.7948   4.2445  0.3839E-02  0.9045E-03  0.1572E-02    14   5.4953  
  15    2   2.8713   4.4295  0.2632E-02  0.5941E-03  0.1438E-02    15   5.5290  
  16    0   3.2611   4.7958  0.5291E-02  0.1103E-02  0.1285E-02    16   5.6016  
  17    1   2.0219   4.4906  0.2548E-02  0.5674E-03  0.1281E-02    17   5.6108  
  18   -3   2.7007   5.1603  0.2352E-02  0.4557E-03  0.1154E-02    18   5.6564  
  19    5   2.8239   5.5220  0.2493E-02  0.4515E-03  0.1093E-02    19   5.6568  
  20   -1   2.8552   4.7494  0.3761E-02  0.7919E-03  0.9895E-03    20   5.7595  
  21    7   2.9784   5.2843  0.3350E-02  0.6340E-03  0.9094E-03    21   5.8087  
  22   -5   3.4629   5.8016  0.3078E-02  0.5305E-03  0.9024E-03    22   5.8120  
  23    0   1.8987   4.7858  0.3281E-02  0.6857E-03  0.8952E-03    23   5.8189  
  24   -8   2.0219   5.2973  0.2163E-02  0.4084E-03  0.8747E-03    24   5.9646  
  25    0   2.1451   5.6879  0.2691E-02  0.4731E-03  0.8024E-03    25   6.0218  
  26   -4   2.7007   5.0973  0.2475E-02  0.4855E-03  0.7407E-03    26   6.0350  
  27    4   2.8239   5.6088  0.2326E-02  0.4147E-03  0.6571E-03    27   6.0852  
  28    6   2.8552   5.9046  0.2200E-02  0.3725E-03  0.6348E-03    28   6.2073  
  29   -2   2.9784   5.1209  0.2562E-02  0.5003E-03  0.6291E-03    29   6.2677  
  30   -2   3.4629   5.9760  0.2627E-02  0.4395E-03  0.6153E-03    30   6.3309  
  31    0   3.9090   4.6528  0.4778E-02  0.1027E-02  0.5393E-03    31   6.3397  
  32   -4   4.5878   5.5237  0.6272E-02  0.1135E-02  0.5354E-03    32   6.4074  
  33    4   4.7110   5.8530  0.6253E-02  0.1068E-02  0.4638E-03    33   6.5911  
  34   -2   4.7422   4.9041  0.7862E-02  0.1603E-02  0.4347E-03    34   6.6034  
  35    6   4.8654   5.6373  0.7441E-02  0.1320E-02  0.4222E-03    35   6.6420  
  36   -1   3.7858   4.5839  0.6968E-02  0.1520E-02  0.4039E-03    36   6.6814  
  37   -9   3.9090   5.1008  0.7078E-02  0.1388E-02  0.3622E-03    37   6.7513  
  38   -1   4.0322   5.2469  0.6930E-02  0.1321E-02  0.3222E-03    38   6.7800  
  39   -5   4.5878   5.4642  0.6562E-02  0.1201E-02  0.3198E-03    39   6.8596  
  40    3   4.7110   5.8846  0.6005E-02  0.1021E-02  0.3079E-03    40   6.8759  
  41    5   4.7422   6.0611  0.6009E-02  0.9915E-03  0.2659E-03    41   6.9028  
  42   -3   4.8654   5.4954  0.6536E-02  0.1189E-02  0.2631E-03    42   6.9932  
  43    2   3.9855   4.2469  0.6288E-02  0.1481E-02  0.2147E-03    43   7.0115  
  44   -2   4.6643   5.6341  0.6361E-02  0.1129E-02  0.2018E-03    44   7.0455  
  45    6   4.7875   5.7633  0.7506E-02  0.1302E-02  0.1684E-03    45   7.1403  
  46    0   4.8187   5.0754  0.6145E-02  0.1211E-02  0.1614E-03    46   7.2886  
  47    8   4.9419   5.3852  0.8902E-02  0.1653E-02  0.1472E-03    47   7.3545  
  48    1   3.8623   4.4424  0.7385E-02  0.1662E-02  0.1406E-03    48   7.3609  
  49   -7   3.9855   5.0746  0.6061E-02  0.1194E-02  0.1191E-03    49   7.4340  
  50    1   4.1087   4.9693  0.7311E-02  0.1471E-02  0.1053E-03    50   7.4851  
  51   -3   4.6643   5.6183  0.6536E-02  0.1163E-02  0.8903E-04    51   7.5500  
  52    5   4.7875   5.8250  0.7085E-02  0.1216E-02  0.8566E-04    52   7.5754  
  53    7   4.8187   5.6996  0.7254E-02  0.1273E-02  0.7497E-04    53   7.6370  
  54   -1   4.9419   5.6940  0.6251E-02  0.1098E-02  0.6901E-04    54   7.7278  
  55    4   4.3754   5.0496  0.6209E-02  0.1230E-02  0.6222E-04    55   7.7768  
  56    3   4.2522   5.1219  0.5719E-02  0.1116E-02  0.4535E-04    56   7.8775  
  57   -5   4.3754   5.7382  0.5804E-02  0.1011E-02  0.3902E-04    57   8.0888  
  58    3   4.4986   5.5819  0.5415E-02  0.9701E-03  0.2223E-04    58   8.4203  
  59   -4   4.4268   5.4371  0.6131E-02  0.1128E-02  0.1763E-04    59   9.0872  
  60   -5   4.3036   5.3751  0.6133E-02  0.1141E-02  0.1427E-04    60   9.6646  
  61   -5   4.5500   5.9659  0.5803E-02  0.9727E-03  0.5530E-05    61  10.2058  
  62   -2   4.8167   5.7563  0.6260E-02  0.1087E-02  0.3141E-05    62  10.9258  
  63    0   0.0000   4.4903  0.1413E-02  0.3147E-03  0.4826E-06    63   0.0000  
                                                                                
 ENERGIES (LOWEST 6 OUT OF 62):  2.977  3.655  4.100  4.236  4.344  4.587       
 CUTOFF OF THE NORM EIGENVALUE:  0.9952E-06 ( 0.4826E-06 0.9952E-03 0.8354E-02) 
                                                                                
******** SPIN = 22 ********                                                     
                                                                                
 BAND KQP=   EQP=    HH/HN=    HH=         HN=       EIGEN NORM  STATE  ENERGY  
   1   -1   1.8871   4.3712  0.2516E-02  0.5756E-03  0.4878E-02     1   3.6348  
   2    1   1.9636   4.0252  0.2706E-02  0.6723E-03  0.2698E-02     2   4.4531  
   3    3   2.3534   4.5660  0.1952E-02  0.4276E-03  0.2172E-02     3   4.5756  
   4   -5   2.4049   5.1076  0.2057E-02  0.4027E-03  0.1733E-02     4   5.0313  
   5   -3   2.7948   4.6289  0.2229E-02  0.4816E-03  0.1638E-02     5   5.0871  
   6   -1   2.8713   4.4776  0.3711E-02  0.8289E-03  0.1599E-02     6   5.0914  
   7    7   3.1782   5.8767  0.2475E-02  0.4212E-03  0.1567E-02     7   5.2981  
   8    0   1.4457   4.3210  0.2356E-02  0.5452E-03  0.1314E-02     8   5.3034  
   9    6   1.8871   5.7393  0.1085E-02  0.1891E-03  0.1283E-02     9   5.5543  
  10   -4   1.9636   5.4122  0.9686E-03  0.1790E-03  0.1211E-02    10   5.6059  
  11   -2   2.3534   3.9847  0.2273E-02  0.5704E-03  0.9885E-03    11   5.6463  
  12    2   2.4049   4.2983  0.2146E-02  0.4993E-03  0.9036E-03    12   5.7813  
  13    0   2.4814   4.1999  0.4143E-02  0.9866E-03  0.8878E-03    13   6.0540  
  14    4   2.7948   4.8639  0.2296E-02  0.4720E-03  0.8435E-03    14   6.0594  
  15    2   2.8713   4.9997  0.1480E-02  0.2960E-03  0.7480E-03    15   6.2243  
  16    0   3.2611   5.3762  0.2941E-02  0.5471E-03  0.6990E-03    16   6.2663  
  17    1   2.0219   5.3905  0.1368E-02  0.2538E-03  0.6328E-03    17   6.3321  
  18   -3   2.7007   5.9454  0.1246E-02  0.2095E-03  0.5754E-03    18   6.3445  
  19    5   2.8239   6.3619  0.1269E-02  0.1995E-03  0.5649E-03    19   6.4678  
  20   -1   2.8552   5.5655  0.2094E-02  0.3762E-03  0.5565E-03    20   6.4874  
  21    7   2.9784   6.1764  0.1716E-02  0.2779E-03  0.4564E-03    21   6.5098  
  22   -5   3.4629   6.5811  0.1606E-02  0.2440E-03  0.4420E-03    22   6.5291  
  23    0   1.8987   5.6307  0.1696E-02  0.3013E-03  0.4360E-03    23   6.6569  
  24   -8   2.0219   6.2754  0.1008E-02  0.1606E-03  0.4014E-03    24   6.6868  
  25    0   2.1451   6.5695  0.1283E-02  0.1953E-03  0.3888E-03    25   6.7857  
  26   -4   2.7007   5.8818  0.1313E-02  0.2232E-03  0.3423E-03    26   6.8214  
  27    4   2.8239   6.4482  0.1182E-02  0.1834E-03  0.2999E-03    27   6.8975  
  28    6   2.8552   6.7767  0.1051E-02  0.1551E-03  0.2986E-03    28   6.9181  
  29   -2   2.9784   5.8984  0.1367E-02  0.2317E-03  0.2978E-03    29   6.9557  
  30   -2   3.4629   6.7541  0.1365E-02  0.2021E-03  0.2726E-03    30   7.0674  
  31    0   3.9090   5.1143  0.3135E-02  0.6130E-03  0.2679E-03    31   7.0916  
  32   -4   4.5878   6.0157  0.3963E-02  0.6588E-03  0.2522E-03    32   7.2534  
  33    4   4.7110   6.3853  0.3848E-02  0.6027E-03  0.2152E-03    33   7.3487  
  34   -2   4.7422   5.3736  0.5330E-02  0.9918E-03  0.2018E-03    34   7.3833  
  35    6   4.8654   6.1385  0.4671E-02  0.7610E-03  0.1982E-03    35   7.4312  
  36   -1   3.7858   5.1517  0.4503E-02  0.8740E-03  0.1709E-03    36   7.5046  
  37   -9   3.9090   5.7480  0.4160E-02  0.7238E-03  0.1701E-03    37   7.5556  
  38   -1   4.0322   5.8967  0.4188E-02  0.7102E-03  0.1445E-03    38   7.6202  
  39   -5   4.5878   5.9517  0.4154E-02  0.6980E-03  0.1429E-03    39   7.6437  
  40    3   4.7110   6.4190  0.3690E-02  0.5749E-03  0.1322E-03    40   7.6924  
  41    5   4.7422   6.6430  0.3527E-02  0.5310E-03  0.1144E-03    41   7.7270  
  42   -3   4.8654   5.9063  0.4166E-02  0.7053E-03  0.1124E-03    42   7.7452  
  43    2   3.9855   4.6984  0.4194E-02  0.8926E-03  0.9089E-04    43   7.9156  
  44   -2   4.6643   6.0502  0.4044E-02  0.6685E-03  0.7877E-04    44   7.9934  
  45    6   4.7875   6.2040  0.4690E-02  0.7559E-03  0.6690E-04    45   8.0138  
  46    0   4.8187   5.3654  0.4200E-02  0.7829E-03  0.6468E-04    46   8.1859  
  47    8   4.9419   5.7753  0.5702E-02  0.9873E-03  0.5858E-04    47   8.2386  
  48    1   3.8623   4.9287  0.4821E-02  0.9781E-03  0.5665E-04    48   8.2639  
  49   -7   3.9855   5.6332  0.3587E-02  0.6367E-03  0.4401E-04    49   8.2723  
  50    1   4.1087   5.5413  0.4494E-02  0.8111E-03  0.3726E-04    50   8.4096  
  51   -3   4.6643   6.0331  0.4159E-02  0.6894E-03  0.3527E-04    51   8.5020  
  52    5   4.7875   6.2712  0.4416E-02  0.7042E-03  0.3260E-04    52   8.5658  
  53    7   4.8187   6.1898  0.4353E-02  0.7033E-03  0.2754E-04    53   8.6142  
  54   -1   4.9419   6.0542  0.3936E-02  0.6501E-03  0.2499E-04    54   8.6184  
  55    4   4.3754   5.4719  0.3905E-02  0.7136E-03  0.2217E-04    55   8.7726  
  56    3   4.2522   5.5728  0.3561E-02  0.6390E-03  0.1779E-04    56   8.8755  
  57   -5   4.3754   6.3364  0.3339E-02  0.5270E-03  0.1425E-04    57   9.0806  
  58    3   4.4986   6.1159  0.3194E-02  0.5223E-03  0.7218E-05    58   9.4676  
  59   -4   4.4268   5.9832  0.3777E-02  0.6313E-03  0.5919E-05    59  10.1953  
  60   -5   4.3036   5.9161  0.3759E-02  0.6354E-03  0.4941E-05    60  10.8633  
  61   -5   4.5500   6.5973  0.3343E-02  0.5067E-03  0.1693E-05    61  11.3767  
  62   -2   4.8167   6.1643  0.3927E-02  0.6370E-03  0.9432E-06    62  12.0863  
  63    0   0.0000   5.5172  0.6581E-03  0.1193E-03  0.1296E-06    63   0.0000  
                                                                                
 ENERGIES (LOWEST 6 OUT OF 62):  3.635  4.453  4.576  5.031  5.087  5.091       
 CUTOFF OF THE NORM EIGENVALUE:  0.5388E-06 ( 0.1296E-06 0.5388E-03 0.4878E-02) 
                                                                                
******** SPIN = 24 ********                                                     
                                                                                
 BAND KQP=   EQP=    HH/HN=    HH=         HN=       EIGEN NORM  STATE  ENERGY  
   1   -1   1.8871   5.2451  0.1387E-02  0.2644E-03  0.2640E-02     1   4.3796  
   2    1   1.9636   4.8148  0.1528E-02  0.3174E-03  0.1602E-02     2   5.1207  
   3    3   2.3534   5.3104  0.1053E-02  0.1983E-03  0.1162E-02     3   5.3296  
   4   -5   2.4049   5.9780  0.1069E-02  0.1788E-03  0.9448E-03     4   5.6886  
   5   -3   2.7948   5.2933  0.1251E-02  0.2363E-03  0.9111E-03     5   5.8317  
   6   -1   2.8713   5.1824  0.2113E-02  0.4077E-03  0.8546E-03     6   5.8557  
   7    7   3.1782   6.7711  0.1245E-02  0.1839E-03  0.8415E-03     7   5.9397  
   8    0   1.4457   5.1344  0.1252E-02  0.2438E-03  0.6754E-03     8   6.0314  
   9    6   1.8871   6.6693  0.5046E-03  0.7566E-04  0.6389E-03     9   6.2746  
  10   -4   1.9636   6.2194  0.4599E-03  0.7394E-04  0.5937E-03    10   6.4776  
  11   -2   2.3534   4.7170  0.1325E-02  0.2809E-03  0.4718E-03    11   6.4981  
  12    2   2.4049   5.0518  0.1219E-02  0.2413E-03  0.4639E-03    12   6.6808  
  13    0   2.4814   4.9259  0.2394E-02  0.4860E-03  0.4166E-03    13   6.7060  
  14    4   2.7948   5.5975  0.1264E-02  0.2259E-03  0.3936E-03    14   6.8362  
  15    2   2.8713   5.6635  0.7759E-03  0.1370E-03  0.3565E-03    15   6.8720  
  16    0   3.2611   6.0372  0.1524E-02  0.2524E-03  0.3552E-03    16   7.0130  
  17    1   2.0219   6.3674  0.6671E-03  0.1048E-03  0.2899E-03    17   7.0592  
  18   -3   2.7007   6.8075  0.6096E-03  0.8954E-04  0.2860E-03    18   7.1350  
  19    5   2.8239   7.2789  0.5962E-03  0.8191E-04  0.2700E-03    19   7.2144  
  20   -1   2.8552   6.4603  0.1065E-02  0.1648E-03  0.2618E-03    20   7.3143  
  21    7   2.9784   7.1519  0.8031E-03  0.1123E-03  0.2144E-03    21   7.3219  
  22   -5   3.4629   7.4390  0.7755E-03  0.1043E-03  0.2025E-03    22   7.4216  
  23    0   1.8987   6.5486  0.8052E-03  0.1230E-03  0.1973E-03    23   7.4664  
  24   -8   2.0219   7.3183  0.4297E-03  0.5871E-04  0.1824E-03    24   7.5804  
  25    0   2.1451   7.5130  0.5644E-03  0.7512E-04  0.1570E-03    25   7.6556  
  26   -4   2.7007   6.7436  0.6433E-03  0.9539E-04  0.1453E-03    26   7.6592  
  27    4   2.8239   7.3642  0.5546E-03  0.7530E-04  0.1310E-03    27   7.6903  
  28    6   2.8552   7.7148  0.4638E-03  0.6011E-04  0.1303E-03    28   7.8664  
  29   -2   2.9784   6.7664  0.6718E-03  0.9928E-04  0.1249E-03    29   7.9006  
  30   -2   3.4629   7.6095  0.6576E-03  0.8641E-04  0.1234E-03    30   7.9205  
  31    0   3.9090   5.7031  0.1930E-02  0.3383E-03  0.1113E-03    31   7.9716  
  32   -4   4.5878   6.5886  0.2351E-02  0.3568E-03  0.1103E-03    32   8.0598  
  33    4   4.7110   7.0039  0.2215E-02  0.3162E-03  0.9292E-04    33   8.1630  
  34   -2   4.7422   5.9457  0.3374E-02  0.5675E-03  0.9063E-04    34   8.2386  
  35    6   4.8654   6.7500  0.2733E-02  0.4048E-03  0.8334E-04    35   8.3611  
  36   -1   3.7858   5.8021  0.2700E-02  0.4654E-03  0.7354E-04    36   8.3679  
  37   -9   3.9090   6.4895  0.2256E-02  0.3477E-03  0.6642E-04    37   8.4867  
  38   -1   4.0322   6.6190  0.2337E-02  0.3531E-03  0.5983E-04    38   8.4902  
  39   -5   4.5878   6.5206  0.2469E-02  0.3787E-03  0.5864E-04    39   8.4963  
  40    3   4.7110   7.0395  0.2121E-02  0.3013E-03  0.5233E-04    40   8.5999  
  41    5   4.7422   7.3052  0.1927E-02  0.2638E-03  0.4560E-04    41   8.6120  
  42   -3   4.8654   6.4148  0.2498E-02  0.3895E-03  0.4384E-04    42   8.7146  
  43    2   3.9855   5.2538  0.2610E-02  0.4967E-03  0.3579E-04    43   8.9407  
  44   -2   4.6643   6.5420  0.2420E-02  0.3699E-03  0.2981E-04    44   8.9556  
  45    6   4.7875   6.7277  0.2748E-02  0.4084E-03  0.2484E-04    45   9.0828  
  46    0   4.8187   5.7732  0.2719E-02  0.4709E-03  0.2271E-04    46   9.1333  
  47    8   4.9419   6.2689  0.3416E-02  0.5449E-03  0.2249E-04    47   9.1739  
  48    1   3.8623   5.4933  0.2931E-02  0.5336E-03  0.2030E-04    48   9.2432  
  49   -7   3.9855   6.2856  0.1968E-02  0.3131E-03  0.1503E-04    49   9.3033  
  50    1   4.1087   6.1867  0.2558E-02  0.4134E-03  0.1313E-04    50   9.4103  
  51   -3   4.6643   6.5235  0.2491E-02  0.3819E-03  0.1260E-04    51   9.4941  
  52    5   4.7875   6.7996  0.2582E-02  0.3797E-03  0.1103E-04    52   9.5632  
  53    7   4.8187   6.7604  0.2436E-02  0.3604E-03  0.9353E-05    53   9.6213  
  54   -1   4.9419   6.4788  0.2338E-02  0.3609E-03  0.8429E-05    54   9.7368  
  55    4   4.3754   5.9876  0.2296E-02  0.3834E-03  0.7321E-05    55   9.8964  
  56    3   4.2522   6.0998  0.2075E-02  0.3401E-03  0.6541E-05    56  10.0020  
  57   -5   4.3754   7.0270  0.1776E-02  0.2527E-03  0.4843E-05    57  10.1911  
  58    3   4.4986   6.7234  0.1753E-02  0.2608E-03  0.2184E-05    58  10.6063  
  59   -4   4.4268   6.6365  0.2162E-02  0.3257E-03  0.1846E-05    59  11.3778  
  60   -5   4.3036   6.5470  0.2145E-02  0.3277E-03  0.1598E-05    60  12.1501  
  61   -5   4.5500   7.3085  0.1783E-02  0.2440E-03  0.4858E-06    61  12.6541  
  62   -2   4.8167   6.6362  0.2317E-02  0.3491E-03  0.2652E-06    62   0.0000  
  63    0   0.0000   6.6025  0.2779E-03  0.4210E-04  0.3275E-07    63   0.0000  
                                                                                
 ENERGIES (LOWEST 6 OUT OF 61):  4.380  5.121  5.330  5.689  5.832  5.856       
 CUTOFF OF THE NORM EIGENVALUE:  0.2727E-06 ( 0.3275E-07 0.2727E-03 0.2640E-02) 
                                                                                
******** SPIN = 26 ********                                                     
                                                                                
 BAND KQP=   EQP=    HH/HN=    HH=         HN=       EIGEN NORM  STATE  ENERGY  
   1   -1   1.8871   6.2054  0.6931E-03  0.1117E-03  0.1341E-02     1   5.1980  
   2    1   1.9636   5.6981  0.7837E-03  0.1375E-03  0.8545E-03     2   5.7899  
   3    3   2.3534   6.1475  0.5208E-03  0.8472E-04  0.5722E-03     3   6.2396  
   4   -5   2.4049   6.9398  0.5064E-03  0.7298E-04  0.5244E-03     4   6.3909  
   5   -3   2.7948   6.0731  0.6479E-03  0.1067E-03  0.4757E-03     5   6.4650  
   6   -1   2.8713   5.9841  0.1102E-02  0.1842E-03  0.3986E-03     6   6.6833  
   7    7   3.1782   7.7559  0.5732E-03  0.7390E-04  0.3907E-03     7   6.8131  
   8    0   1.4457   6.0403  0.6078E-03  0.1006E-03  0.3229E-03     8   6.9131  
   9    6   1.8871   7.6798  0.2159E-03  0.2811E-04  0.2887E-03     9   7.0839  
  10   -4   1.9636   7.1036  0.2018E-03  0.2840E-04  0.2681E-03    10   7.3679  
  11   -2   2.3534   5.5609  0.7036E-03  0.1265E-03  0.2215E-03    11   7.4205  
  12    2   2.4049   5.9130  0.6335E-03  0.1071E-03  0.2078E-03    12   7.4501  
  13    0   2.4814   5.7612  0.1263E-02  0.2192E-03  0.1894E-03    13   7.5289  
  14    4   2.7948   6.4393  0.6388E-03  0.9920E-04  0.1695E-03    14   7.6611  
  15    2   2.8713   6.4204  0.3779E-03  0.5886E-04  0.1591E-03    15   7.7437  
  16    0   3.2611   6.7778  0.7339E-03  0.1083E-03  0.1543E-03    16   7.8054  
  17    1   2.0219   7.4139  0.2967E-03  0.4002E-04  0.1393E-03    17   7.9017  
  18   -3   2.7007   7.7418  0.2759E-03  0.3564E-04  0.1195E-03    18   8.0095  
  19    5   2.8239   8.2677  0.2587E-03  0.3128E-04  0.1187E-03    19   8.0514  
  20   -1   2.8552   7.4267  0.4959E-03  0.6677E-04  0.1083E-03    20   8.1796  
  21    7   2.9784   8.2011  0.3441E-03  0.4196E-04  0.9289E-04    21   8.2231  
  22   -5   3.4629   8.3701  0.3470E-03  0.4146E-04  0.8778E-04    22   8.2606  
  23    0   1.8987   7.5351  0.3517E-03  0.4667E-04  0.8140E-04    23   8.4356  
  24   -8   2.0219   8.4209  0.1685E-03  0.2001E-04  0.7647E-04    24   8.5194  
  25    0   2.1451   8.5161  0.2298E-03  0.2698E-04  0.5860E-04    25   8.5441  
  26   -4   2.7007   7.6780  0.2915E-03  0.3796E-04  0.5677E-04    26   8.6104  
  27    4   2.8239   8.3516  0.2404E-03  0.2878E-04  0.5477E-04    27   8.7104  
  28    6   2.8552   8.7148  0.1894E-03  0.2173E-04  0.5317E-04    28   8.8332  
  29   -2   2.9784   7.7171  0.3041E-03  0.3941E-04  0.5149E-04    29   8.8799  
  30   -2   3.4629   8.5375  0.2936E-03  0.3439E-04  0.4752E-04    30   8.9041  
  31    0   3.9090   6.4125  0.1103E-02  0.1719E-03  0.4476E-04    31   8.9407  
  32   -4   4.5878   7.2449  0.1304E-02  0.1800E-03  0.4213E-04    32   8.9731  
  33    4   4.7110   7.7107  0.1188E-02  0.1541E-03  0.3817E-04    33   9.1083  
  34   -2   4.7422   6.6160  0.1982E-02  0.2996E-03  0.3710E-04    34   9.2320  
  35    6   4.8654   7.4698  0.1481E-02  0.1983E-03  0.3252E-04    35   9.3352  
  36   -1   3.7858   6.5359  0.1499E-02  0.2293E-03  0.2889E-04    36   9.3606  
  37   -9   3.9090   7.3232  0.1127E-02  0.1539E-03  0.2383E-04    37   9.3645  
  38   -1   4.0322   7.4137  0.1205E-02  0.1625E-03  0.2289E-04    38   9.4470  
  39   -5   4.5878   7.1736  0.1372E-02  0.1913E-03  0.2208E-04    39   9.4958  
  40    3   4.7110   7.7481  0.1136E-02  0.1466E-03  0.1917E-04    40   9.5704  
  41    5   4.7422   8.0477  0.9782E-03  0.1216E-03  0.1687E-04    41   9.6862  
  42   -3   4.8654   7.0254  0.1402E-02  0.1996E-03  0.1574E-04    42   9.7951  
  43    2   3.9855   5.9137  0.1505E-02  0.2545E-03  0.1305E-04    43   9.9567  
  44   -2   4.6643   7.1147  0.1358E-02  0.1909E-03  0.1068E-04    44  10.0777  
  45    6   4.7875   7.3390  0.1504E-02  0.2050E-03  0.8490E-05    45  10.1467  
  46    0   4.8187   6.2966  0.1648E-02  0.2618E-03  0.8227E-05    46  10.1723  
  47    8   4.9419   6.8715  0.1904E-02  0.2770E-03  0.7118E-05    47  10.2172  
  48    1   3.8623   6.1397  0.1654E-02  0.2695E-03  0.6763E-05    48  10.3715  
  49   -7   3.9855   7.0330  0.9980E-03  0.1419E-03  0.4760E-05    49  10.4190  
  50    1   4.1087   6.9064  0.1346E-02  0.1949E-03  0.4538E-05    50  10.4882  
  51   -3   4.6643   7.0947  0.1399E-02  0.1972E-03  0.4139E-05    51  10.5668  
  52    5   4.7875   7.4151  0.1410E-02  0.1901E-03  0.3334E-05    52  10.6094  
  53    7   4.8187   7.4133  0.1268E-02  0.1711E-03  0.2943E-05    53  10.7561  
  54   -1   4.9419   6.9810  0.1307E-02  0.1872E-03  0.2656E-05    54  10.9481  
  55    4   4.3754   6.5997  0.1256E-02  0.1904E-03  0.2266E-05    55  11.0774  
  56    3   4.2522   6.7061  0.1128E-02  0.1682E-03  0.2233E-05    56  11.2067  
  57   -5   4.3754   7.8083  0.8715E-03  0.1116E-03  0.1532E-05    57  11.3888  
  58    3   4.4986   7.4043  0.8942E-03  0.1208E-03  0.6191E-06    58  11.8331  
  59   -4   4.4268   7.3951  0.1144E-02  0.1547E-03  0.5348E-06    59  12.5962  
  60   -5   4.3036   7.2685  0.1136E-02  0.1563E-03  0.4831E-06    60  13.4767  
  61   -5   4.5500   8.0982  0.8801E-03  0.1087E-03  0.1308E-06    61  13.9178  
  62   -2   4.8167   7.1842  0.1282E-02  0.1784E-03  0.6996E-07    62   0.0000  
  63    0   0.0000   7.7417  0.1074E-03  0.1387E-04  0.7791E-08    63   0.0000  
                                                                                
 ENERGIES (LOWEST 6 OUT OF 61):  5.198  5.790  6.240  6.391  6.465  6.683       
 CUTOFF OF THE NORM EIGENVALUE:  0.1288E-06 ( 0.7791E-08 0.1288E-03 0.1341E-02) 
                                                                                
******** SPIN = 28 ********                                                     
                                                                                
 BAND KQP=   EQP=    HH/HN=    HH=         HN=       EIGEN NORM  STATE  ENERGY  
   1   -1   1.8871   7.2493  0.3151E-03  0.4347E-04  0.6433E-03     1   6.0740  
   2    1   1.9636   6.6730  0.3656E-03  0.5479E-04  0.4060E-03     2   6.5744  
   3    3   2.3534   7.0755  0.2361E-03  0.3337E-04  0.2673E-03     3   7.1647  
   4   -5   2.4049   7.9878  0.2191E-03  0.2743E-04  0.2595E-03     4   7.1914  
   5   -3   2.7948   6.9654  0.3086E-03  0.4431E-04  0.2267E-03     5   7.1973  
   6   -1   2.8713   6.8807  0.5264E-03  0.7650E-04  0.1731E-03     6   7.6170  
   7    7   3.1782   8.8254  0.2417E-03  0.2738E-04  0.1650E-03     7   7.7419  
   8    0   1.4457   7.0371  0.2700E-03  0.3837E-04  0.1436E-03     8   7.9064  
   9    6   1.8871   8.7690  0.8514E-04  0.9710E-05  0.1193E-03     9   7.9457  
  10   -4   1.9636   8.0645  0.8186E-04  0.1015E-04  0.1119E-03    10   8.2711  
  11   -2   2.3534   6.5090  0.3400E-03  0.5223E-04  0.9824E-04    11   8.3001  
  12    2   2.4049   6.8764  0.3006E-03  0.4372E-04  0.8439E-04    12   8.3202  
  13    0   2.4814   6.6985  0.6070E-03  0.9061E-04  0.7937E-04    13   8.4385  
  14    4   2.7948   7.3833  0.2955E-03  0.4002E-04  0.7511E-04    14   8.5435  
  15    2   2.8713   7.2699  0.1706E-03  0.2347E-04  0.6230E-04    15   8.6275  
  16    0   3.2611   7.5992  0.3285E-03  0.4323E-04  0.6175E-04    16   8.8309  
  17    1   2.0219   8.5235  0.1209E-03  0.1418E-04  0.5842E-04    17   8.8987  
  18   -3   2.7007   8.7434  0.1156E-03  0.1323E-04  0.4820E-04    18   8.9473  
  19    5   2.8239   9.3231  0.1038E-03  0.1114E-04  0.4616E-04    19   9.0056  
  20   -1   2.8552   8.4583  0.2121E-03  0.2507E-04  0.4071E-04    20   9.0785  
  21    7   2.9784   9.3159  0.1355E-03  0.1454E-04  0.3696E-04    21   9.1061  
  22   -5   3.4629   9.3692  0.1440E-03  0.1537E-04  0.3557E-04    22   9.3121  
  23    0   1.8987   8.5853  0.1417E-03  0.1651E-04  0.3110E-04    23   9.4079  
  24   -8   2.0219   9.5789  0.6104E-04  0.6372E-05  0.2944E-04    24   9.5405  
  25    0   2.1451   9.5766  0.8675E-04  0.9059E-05  0.2214E-04    25   9.5714  
  26   -4   2.7007   8.6800  0.1223E-03  0.1409E-04  0.2072E-04    26   9.6386  
  27    4   2.8239   9.4053  0.9644E-04  0.1025E-04  0.2038E-04    27   9.6811  
  28    6   2.8552   9.7729  0.7171E-04  0.7337E-05  0.1988E-04    28   9.8162  
  29   -2   2.9784   8.7430  0.1270E-03  0.1452E-04  0.1915E-04    29   9.9402  
  30   -2   3.4629   9.5329  0.1216E-03  0.1276E-04  0.1708E-04    30  10.0003  
  31    0   3.9090   7.2347  0.5810E-03  0.8031E-04  0.1651E-04    31  10.0474  
  32   -4   4.5878   7.9867  0.6743E-03  0.8443E-04  0.1504E-04    32  10.0893  
  33    4   4.7110   8.5069  0.5924E-03  0.6963E-04  0.1492E-04    33  10.1221  
  34   -2   4.7422   7.3807  0.1076E-02  0.1458E-03  0.1360E-04    34  10.2651  
  35    6   4.8654   8.2947  0.7411E-03  0.8935E-04  0.1182E-04    35  10.3702  
  36   -1   3.7858   7.3542  0.7684E-03  0.1045E-03  0.1027E-04    36  10.4038  
  37   -9   3.9090   8.2472  0.5181E-03  0.6282E-04  0.8162E-05    37  10.4498  
  38   -1   4.0322   8.2819  0.5732E-03  0.6922E-04  0.7860E-05    38  10.5054  
  39   -5   4.5878   7.9124  0.7113E-03  0.8989E-04  0.7636E-05    39  10.6140  
  40    3   4.7110   8.5459  0.5657E-03  0.6620E-04  0.6514E-05    40  10.6331  
  41    5   4.7422   8.8712  0.4606E-03  0.5193E-04  0.5803E-05    41  10.8429  
  42   -3   4.8654   7.7401  0.7325E-03  0.9464E-04  0.5229E-05    42  10.9747  
  43    2   3.9855   6.6773  0.8008E-03  0.1199E-03  0.4397E-05    43  11.0345  
  44   -2   4.6643   7.7730  0.7122E-03  0.9163E-04  0.3570E-05    44  11.1813  
  45    6   4.7875   8.0422  0.7671E-03  0.9538E-04  0.2788E-05    45  11.2604  
  46    0   4.8187   6.9316  0.9290E-03  0.1340E-03  0.2680E-05    46  11.3100  
  47    8   4.9419   7.5855  0.9815E-03  0.1294E-03  0.2100E-05    47  11.4327  
  48    1   3.8623   6.8717  0.8645E-03  0.1258E-03  0.2086E-05    48  11.5469  
  49   -7   3.9855   7.8757  0.4669E-03  0.5929E-04  0.1470E-05    49  11.6078  
  50    1   4.1087   7.7025  0.6546E-03  0.8498E-04  0.1404E-05    50  11.7000  
  51   -3   4.6643   7.7513  0.7344E-03  0.9475E-04  0.1275E-05    51  11.7371  
  52    5   4.7875   8.1218  0.7172E-03  0.8831E-04  0.9287E-06    52  11.7416  
  53    7   4.8187   8.1507  0.6130E-03  0.7521E-04  0.8595E-06    53  11.9683  
  54   -1   4.9419   7.5735  0.6846E-03  0.9039E-04  0.7848E-06    54  12.2287  
  55    4   4.3754   7.3099  0.6377E-03  0.8724E-04  0.7275E-06    55  12.3778  
  56    3   4.2522   7.3951  0.5703E-03  0.7712E-04  0.6394E-06    56  12.4791  
  57   -5   4.3754   8.6788  0.3943E-03  0.4544E-04  0.4520E-06    57  12.8051  
  58    3   4.4986   8.1601  0.4234E-03  0.5188E-04  0.1657E-06    58  13.1574  
  59   -4   4.4268   8.2554  0.5580E-03  0.6759E-04  0.1439E-06    59  13.8885  
  60   -5   4.3036   8.0809  0.5566E-03  0.6888E-04  0.1361E-06    60  14.8689  
  61   -5   4.5500   8.9660  0.4016E-03  0.4479E-04  0.3308E-07    61   0.0000  
  62   -2   4.8167   7.8208  0.6631E-03  0.8478E-04  0.1733E-07    62   0.0000  
  63    0   0.0000   8.9316  0.3817E-04  0.4274E-05  0.1728E-08    63   0.0000  
                                                                                
 ENERGIES (LOWEST 6 OUT OF 60):  6.074  6.574  7.165  7.191  7.197  7.617       
 CUTOFF OF THE NORM EIGENVALUE:  0.5671E-07 ( 0.1728E-08 0.5671E-04 0.6433E-03) 
                                                                                
******** SPIN = 30 ********                                                     
                                                                                
 BAND KQP=   EQP=    HH/HN=    HH=         HN=       EIGEN NORM  STATE  ENERGY  
   1   -1   1.8871   8.3742  0.1308E-03  0.1562E-04  0.2899E-03     1   6.9966  
   2    1   1.9636   7.7373  0.1555E-03  0.2010E-04  0.1729E-03     2   7.4791  
   3    3   2.3534   8.0925  0.9816E-04  0.1213E-04  0.1251E-03     3   7.9598  
   4   -5   2.4049   9.1175  0.8674E-04  0.9513E-05  0.1085E-03     4   8.0895  
   5   -3   2.7948   7.9657  0.1349E-03  0.1694E-04  0.9863E-04     5   8.1975  
   6   -1   2.8713   7.8701  0.2302E-03  0.2926E-04  0.6885E-04     6   8.6340  
   7    7   3.1782   9.9742  0.9355E-04  0.9379E-05  0.6413E-04     7   8.7635  
   8    0   1.4457   8.1223  0.1099E-03  0.1353E-04  0.5944E-04     8   8.8632  
   9    6   1.8871   9.9345  0.3099E-04  0.3119E-05  0.4537E-04     9   8.9729  
  10   -4   1.9636   9.1017  0.3072E-04  0.3375E-05  0.4324E-04    10   9.1563  
  11   -2   2.3534   7.5552  0.1495E-03  0.1978E-04  0.4047E-04    11   9.1966  
  12    2   2.4049   7.9371  0.1303E-03  0.1642E-04  0.3168E-04    12   9.3400  
  13    0   2.4814   7.7315  0.2659E-03  0.3439E-04  0.3108E-04    13   9.4220  
  14    4   2.7948   8.4239  0.1252E-03  0.1486E-04  0.3053E-04    14   9.5044  
  15    2   2.8713   8.2117  0.7127E-04  0.8679E-05  0.2526E-04    15   9.6597  
  16    0   3.2611   8.5041  0.1365E-03  0.1605E-04  0.2299E-04    16   9.8656  
  17    1   2.0219   9.6910  0.4532E-04  0.4676E-05  0.2003E-04    17   9.9664  
  18   -3   2.7007   9.8076  0.4497E-04  0.4585E-05  0.1799E-04    18  10.0279  
  19    5   2.8239  10.4403  0.3866E-04  0.3703E-05  0.1656E-04    19  10.0374  
  20   -1   2.8552   9.5494  0.8353E-04  0.8748E-05  0.1407E-04    20  10.0654  
  21    7   2.9784  10.4897  0.4915E-04  0.4685E-05  0.1350E-04    21  10.0952  
  22   -5   3.4629  10.4312  0.5547E-04  0.5318E-05  0.1338E-04    22  10.3941  
  23    0   1.8987   9.6948  0.5282E-04  0.5448E-05  0.1102E-04    23  10.5308  
  24   -8   2.0219  10.7888  0.2048E-04  0.1898E-05  0.1038E-04    24  10.5964  
  25    0   2.1451  10.6923  0.3045E-04  0.2848E-05  0.8371E-05    25  10.6087  
  26   -4   2.7007   9.7446  0.4758E-04  0.4883E-05  0.7112E-05    26  10.6442  
  27    4   2.8239  10.5205  0.3589E-04  0.3411E-05  0.6928E-05    27  10.8123  
  28    6   2.8552  10.8856  0.2523E-04  0.2318E-05  0.6575E-05    28  10.9623  
  29   -2   2.9784   9.8368  0.4894E-04  0.4976E-05  0.6539E-05    29  11.0791  
  30   -2   3.4629  10.5909  0.4681E-04  0.4420E-05  0.5953E-05    30  11.1402  
  31    0   3.9090   8.1627  0.2812E-03  0.3445E-04  0.5525E-05    31  11.2292  
  32   -4   4.5878   8.8148  0.3244E-03  0.3680E-04  0.5368E-05    32  11.2509  
  33    4   4.7110   9.3928  0.2740E-03  0.2917E-04  0.5002E-05    33  11.2639  
  34   -2   4.7422   8.2369  0.5382E-03  0.6534E-04  0.4524E-05    34  11.2894  
  35    6   4.8654   9.2215  0.3414E-03  0.3702E-04  0.3987E-05    35  11.4998  
  36   -1   3.7858   8.2579  0.3633E-03  0.4400E-04  0.3332E-05    36  11.5975  
  37   -9   3.9090   9.2600  0.2192E-03  0.2367E-04  0.2690E-05    37  11.6262  
  38   -1   4.0322   9.2254  0.2520E-03  0.2732E-04  0.2430E-05    38  11.6735  
  39   -5   4.5878   8.7380  0.3428E-03  0.3923E-04  0.2414E-05    39  11.7601  
  40    3   4.7110   9.4332  0.2614E-03  0.2771E-04  0.2055E-05    40  11.8453  
  41    5   4.7422   9.7760  0.2011E-03  0.2057E-04  0.1860E-05    41  12.0716  
  42   -3   4.8654   8.5590  0.3549E-03  0.4146E-04  0.1614E-05    42  12.1659  
  43    2   3.9855   7.5437  0.3916E-03  0.5192E-04  0.1366E-05    43  12.2344  
  44   -2   4.6643   8.5201  0.3481E-03  0.4085E-04  0.1109E-05    44  12.2726  
  45    6   4.7875   8.8400  0.3632E-03  0.4109E-04  0.8849E-06    45  12.4996  
  46    0   4.8187   7.6739  0.4839E-03  0.6306E-04  0.7840E-06    46  12.5330  
  47    8   4.9419   8.4110  0.4665E-03  0.5546E-04  0.6086E-06    47  12.6789  
  48    1   3.8623   7.6925  0.4174E-03  0.5426E-04  0.5687E-06    48  12.7981  
  49   -7   3.9855   8.8137  0.2013E-03  0.2284E-04  0.4464E-06    49  12.8987  
  50    1   4.1087   8.5775  0.2941E-03  0.3428E-04  0.3879E-06    50  12.9463  
  51   -3   4.6643   8.4969  0.3592E-03  0.4228E-04  0.3650E-06    51  12.9913  
  52    5   4.7875   8.9226  0.3389E-03  0.3798E-04  0.2421E-06    52  13.0006  
  53    7   4.8187   8.9745  0.2746E-03  0.3060E-04  0.2328E-06    53  13.2485  
  54   -1   4.9419   8.2661  0.3347E-03  0.4049E-04  0.2245E-06    54  13.5637  
  55    4   4.3754   8.1185  0.2994E-03  0.3687E-04  0.2128E-06    55  13.6745  
  56    3   4.2522   8.1696  0.2677E-03  0.3277E-04  0.1698E-06    56  13.8110  
  57   -5   4.3754   9.6371  0.1645E-03  0.1707E-04  0.1244E-06    57  14.1536  
  58    3   4.4986   8.9929  0.1860E-03  0.2068E-04  0.4205E-07    58  14.5455  
  59   -4   4.4268   9.2134  0.2504E-03  0.2718E-04  0.3681E-07    59  15.2180  
  60   -5   4.3036   8.9833  0.2519E-03  0.2804E-04  0.3485E-07    60  16.3117  
  61   -5   4.5500   9.9122  0.1695E-03  0.1710E-04  0.7852E-08    61   0.0000  
  62   -2   4.8167   8.5565  0.3195E-03  0.3734E-04  0.4024E-08    62   0.0000  
  63    0   0.0000  10.1699  0.1255E-04  0.1234E-05  0.2490E-09    63   0.0000  
                                                                                
 ENERGIES (LOWEST 6 OUT OF 60):  6.997  7.479  7.960  8.089  8.197  8.634       
 CUTOFF OF THE NORM EIGENVALUE:  0.2326E-07 ( 0.2490E-09 0.2326E-04 0.2899E-03) 
                                                                                
                                                                                
 SPIN   YRAST-E   DELTA-E                                                       
 ~~~~   ~~~~~~~   ~~~~~~~                                                       
    0   -1.2069                                                                 
    2   -1.1151    0.0918                                                       
    4   -0.9044    0.2107                                                       
    6   -0.5828    0.3217                                                       
    8   -0.1616    0.4211                                                       
   10    0.3446    0.5063                                                       
   12    0.9185    0.5739                                                       
   14    1.5238    0.6053                                                       
   16    1.9491    0.4253                                                       
   18    2.4143    0.4651                                                       
   20    2.9768    0.5626                                                       
   22    3.6348    0.6579                                                       
   24    4.3796    0.7448                                                       
   26    5.1980    0.8184                                                       
   28    6.0740    0.8760                                                       
   30    6.9966    0.9227                                                       
