Distributed parallelism with MPI     : 1 tasks/HFBTHO
Multi-threading framework with OpenMP: 4 threads/task

  ==========================================
           FORTRAN 95 CODE (KIND= 8) 
 git: parent: 3cae9cc3ec7a0c93cd724b300dc0d972f613f33e
  ==========================================
       AXIALLY DEFORMED CONFIGURATIONAL     
     HARTREE-FOCK-BOGOLIUBOV CALCULATIONS   
                     WITH                   
      SKYRME+DELTA PAIRING OR GOGNY EDFs    
                  USING THE                 
             HARMONIC-OSCILLATOR            
                    AND/OR                  
        TRANSFORMED HARMONIC-OSCILLATOR     
                    BASIS                   
                     ---                    
                v1.66  (2005)               
    Stoitsov, Dobaczewski, Nazarewicz, Ring 
                v2.00d (2012)               
        Stoitsov, Schunck, Kortelainen      
                v3.00  (2016)               
            Schunck, Navarro Perez          
  ==========================================
    Nucleus: Pb (A= 208, N=126, Z= 82)
       Reflection Symmetry Imposed       
            (10/12/2021,  9:53)                               
  ==========================================


  ---------------------------------------
           UNEDF Module Version: 17
         M.Kortelainen & M.Stoitsov 
  ---------------------------------------

  D1S functional
  ----------------------------------------
  Crho(0)=    0.00000000000000000    ; Crho(1)=   -0.00000000000000000    
  CDrho(0)=   521.474999999999909    ; CDrho(1)=  -521.474999999999909    
  Ctau(0)=    0.00000000000000000    ; Ctau(1)=    0.00000000000000000    
  CrDr(0)=    0.00000000000000000    ; CrDr(1)=    0.00000000000000000    
  CrdJ(0)=   -97.5000000000000000    ; CrdJ(1)=   -32.5000000000000000    
  CJ(0)=     -0.00000000000000000    ; CJ(1)=     -0.00000000000000000    
  CpV0(0)=   -0.00000000000000000    ; CpV0(1)=   -0.00000000000000000    
  CpV1(0)=   0.500000000000000000    ; CpV1(1)=   0.500000000000000000    
  sigma=     0.333333333333333315    ; hbzero=     20.7366762293157905    
  functional has DME couplings: F
  use 3-Nucleon DME couplings: F

  Finite-range potential
  ----------------------------------------
  mu=      0.699999999999999956      1.199999999999999956
  W=  -1720.299999999999954525    103.640000000000000568
  B=   1300.000000000000000000   -163.479999999999989768
  H=  -1813.529999999999972715    162.810000000000002274
  M=   1397.599999999999909051   -223.930000000000006821
  e^2 chrg=   1.43997840859651349    ; CExPar=     1.00000000000000000    
  c.m. correction: T, chr. density in direct Coul: F
  use tensor terms: F

  Nuclear matter properties
  ----------------------------------------
  E_NM=      -16.0074988556065847    ; K_NM=        202.840551721048712    
  P_NM=     -0.177635683940025046E-14; RHO_NM=     0.163262821017343407    
  ASS_NM=     31.1251088547752488    ; LASS_NM=     22.4414136723446234    
  SMASS_NM=   1.38541191875797787    ; VMASS_NM=    1.78603107194230937    

  Associated (t,x)-coupling constants
  ----------------------------------------
  t3=       8343.59999999999854    ; x3=        1.00000000000000000    
  b4=       65.0000000000000000    ; b4p=       65.0000000000000000    
  te=       0.00000000000000000    ; to=        0.00000000000000000    
  sigma=   0.333333333333333315    ; hbzero=    20.7366762293157905    

  ---------------------------------------
        Characteristics of the run       
  ---------------------------------------
  Output file ................:    57
  Nucleus ....................:   Pb 208
  Number of HO shells ........:    12
  HO length b0 (fm) ..........:     2.50000000000000
  Basis deformation ..........:  beta0=   0.000 q=   1.000
  HO: b0,1/b0,bp,bz,q ........:   0.25000000E+01  0.40000000E+00  0.25000000E+01  0.25000000E+01  0.10000000E+01
  h**2/(2m_n), cmc, e**2 .....:   0.20736676E+02  0.20636981E+02  0.14399784E+01
  h**2/(2m_p), cmc, e**2 .....:   0.20736676E+02  0.20636981E+02  0.14399784E+01
  hom=f*41.0_pr*A^{-1/3}, f...:   0.66355870E+01  0.95892197E+00
  THO basis is ...............:  OFF
  Maximal number of iterations:    50
  Initial mixing parameter ...:  0.300
  Initial wave functions from :  tape
  Energy functional ..........:    D1S                           
    with a finite-range central force
    direct and exchange Coulomb by sum of  9 Gaussians
  Pairing cutoff energy ......:  6000.00 MeV
  Lipkin-Nogami procedure is .:  OFF
  PAV procedure is ...........:  OFF
  Constraint calculation is ..:  OFF
  Temperature T ..............:   0.00 MeV
  Pairing regularization is ..:  OFF
  Collective inertia is ......:  OFF
  Fission fragments are ......:  OFF
  Restart indicator ..........:  -1
  Broyden mixing (#iterations):   7

  ---------------------------------------
        Harmonic Oscillator Basis        
  ---------------------------------------
  NUV, NQP:                       13447     455
  Comparison with bookkeeping spherical basis:
  n00:                               12      12  Maximal number of shells
  nbx, 2*n00+1:                      25      25  Maximal number of K-blocks
  ntx, (n00+1)*(n00+2)*(n00+3)/6    455     455  Max.num. p/n levels
  nzx, n00:                          12      12  Maximal nz-quantum number
  nrx, n00/2  :                       6       6  Maximal nr-quantum number
  nlx, n00:                          12      12  Maximal ml-quantum number
  ndx, (n00+2)*(n00+2)/4:            49      49  Maximal dim. of one k-block

  Actual basis used
  Number of blocks: nb .......:   25
  Number of levels: nt .......:  455
  Maximal 2*omega : nom ......:   25
  Maximal nz:       nzm ......:   12
  Maximal nr:       nrm ......:    6
  Maximal ml:       nlm ......:   12
  Maximal N=nz+2*nr+nl .......:   12
  2 x biggest block dim. .....:   98
  Non-zero elements of h .....:     6951
  Number of Broyden elements .:    27804

  ---------------------------------------
            Integration Meshes           
  ---------------------------------------
  Number of Gauss-Hermite mesh points ngh ....:  40
  Number of Gauss-Laguerre mesh points ngl ...:  40
  Number of Gauss-Legendre mesh points nleg ..:  80
  Integration boundaries
    Hermite  - from xh(1)  =  0.12379686 to xh(ngh)   = 11.88786356
    Laguerre - From xl(1)  =  0.03570039 to xl(ngl)   =142.28004447
    Legendre - From xleg(1)=  0.00978669 to xleg(nleg)=  0.99988775
  Max.dev.in:     Orthogonality            Normalization
  Hermite     5.0671528845784617E-015   1.0658141036401503E-014
  Laguerre    5.7957256598811613E-015   8.2156503822261584E-015

  Calculating the finite range matrix elements
  Matrix elements wall clock time         3.8930

  Reading from wel_file: hfbtho_output.hel


  ### REGULAR STAGE (reflection symmetry imposed)
  |HFB+HO> iterations(b0=  2.500, Nsh= 12, inin= -1, N=126, Z= 82)...
  ----------------------------------------------------------------------------------------------------------------------------------
  i          si     mix   beta      Etot       A       rn      rp         En      Dn      Ep      Dp        Ln      Lp     time  time(Gog.)
  ----------------------------------------------------------------------------------------------------------------------------------
   0N   0.00000000 0.90  0.000 -1648.700670  208.0   5.578   5.438 |   -0.000  -0.000  -0.000   0.000 |   -7.977  -9.632   0.000   0.315
   1B   0.00000000 0.90  0.000 -1648.700670  208.0   5.578   5.438 |   -0.000  -0.000  -0.000   0.000 |   -7.977  -9.632   0.939   0.312
   2B   0.00000000 0.20  0.000 -1648.700670  208.0   5.578   5.438 |   -0.000  -0.000  -0.000   0.000 |   -7.977  -9.632   1.006   0.314
   2N   0.00000000 0.20  0.000 -1648.700670  208.0   5.578   5.438 |   -0.000  -0.000  -0.000   0.000 |   -7.977  -9.632   0.971   0.319
  ----------------------------------------------------------------------------------------------------------------------------------
  *   iteration converged   after   2 steps   si=     0.0000000000 ho=  0 tho=  0
  ----------------------------------------------------------------------------------------------------------------------------------
  Total CPU time=   0.049 minutes


 #quasiparticle energies neutrons
 --------------------------------
  eqp(k) -> q.p. energy 
  e(k)   -> referent s.p. energy 
  p(k)   -> occ.probability 
  del(k) -> referent s.p. gap 
  fermi energy alast=  -7.9765580120501500     
  #k  block#    eqp(k)     e(k)       (1-2N)E      decay        p(k)        del(k)    overl      labels
   1    1     2.472660   -3.133479    2.472660    1.251354    0.00000000   0.0000   0.4708  1+[ 6, 5, 1]
   2    1     4.040459   -9.646599   -4.040459    1.367395    1.00000000   0.0000   0.5147  1+[ 6, 3, 1]
   3    1     4.411889   -1.194250    4.411889    1.393471    0.00000000   0.0000   0.5582  1+[ 6, 3, 1]
   4    1     5.136218   -0.469921    5.136218    1.442968    0.00000000   0.0000   0.5210  1+[ 6, 6, 0]
   5    1     5.849679    0.243539    5.849679    1.490116    0.00000000   0.0000   0.6402  1+[ 6, 0, 0]
   6    1     5.997757    0.391618    5.997757    1.499715    0.00000000   0.0000   0.5243  1+[ 6, 5, 1]
   7    1     6.271160    0.665021    6.271160    1.517280    0.00000000   0.0000   0.4587  1+[ 6, 3, 1]
   8    1    13.738049  -19.344188  -13.738049    1.936342    1.00000000   0.0000   0.7174  1+[ 4, 0, 0]
   9    1    13.824804    8.218665   13.824804    1.940680    0.00000000   0.0000   0.4115  1+[ 8, 8, 0]
  10    1    14.051172    8.445033   14.051172    1.951951    0.00000000   0.0000   0.5049  1+[ 8, 0, 0]
  11    1    14.161989    8.555849   14.161989    1.957446    0.00000000   0.0000   0.5061  1+[ 8, 4, 0]
  12    1    14.180307  -19.786447  -14.180307    1.958352    1.00000000   0.0000   0.5777  1+[ 4, 1, 1]
  13    1    14.407021    8.800882   14.407021    1.969540    0.00000000   0.0000   0.3516  1+[ 8, 3, 1]
  14    1    14.770891    9.164751   14.770891    1.987364    0.00000000   0.0000   0.3742  1+[ 8, 1, 1]
  15    1    15.423677    9.817538   15.423677    2.018946    0.00000000   0.0000   0.4091  1+[ 8, 1, 1]
  16    1    16.330339  -21.936478  -16.330339    2.062008    1.00000000   0.0000   0.5759  1+[ 4, 4, 0]
  17    1    16.692784   11.086645   16.692784    2.078973    0.00000000   0.0000   0.4352  1+[ 8, 2, 0]
  18    1    17.904054   12.297915   17.904054    2.134691    0.00000000   0.0000   0.3715  1+[ 8, 2, 0]
  19    1    18.406373  -24.012512  -18.406373    2.157375    1.00000000   0.0000   0.5558  1+[ 4, 3, 1]
  20    1    22.588414   16.982275   22.588414    2.337704    0.00000000   0.0000   0.4482  1+[ 8, 5, 1]
  21    1    22.994903  -28.601043  -22.994903    2.354495    1.00000000   0.0000   0.6120  1+[ 4, 2, 0]
  22    1    24.502242   18.896103   24.502242    2.415742    0.00000000   0.0000   0.3814  1+[10, 2, 0]
  23    1    25.587884   19.981745   25.587884    2.458910    0.00000000   0.0000   0.3208  1+[10,10, 0]
  24    1    25.814355   20.208216   25.814355    2.467820    0.00000000   0.0000   0.3223  1+[10, 0, 0]
  25    1    25.971612   20.365473   25.971612    2.473988    0.00000000   0.0000   0.3877  1+[10, 8, 0]
  26    1    26.381993   20.775854   26.381993    2.490012    0.00000000   0.0000   0.3972  1+[10, 0, 0]
  27    1    26.940716   21.334577   26.940716    2.511663    0.00000000   0.0000   0.2646  1+[10, 3, 1]
  28    1    27.573882   21.967743   27.573882    2.535977    0.00000000   0.0000   0.3278  1+[10, 1, 1]
  29    1    28.024572   22.418433   28.024572    2.553142    0.00000000   0.0000   0.3428  1+[10, 9, 1]
  30    1    29.891693   24.285554   29.891693    2.623058    0.00000000   0.0000   0.3651  1+[10, 3, 1]
  31    1    31.008189   25.402050   31.008189    2.663989    0.00000000   0.0000   0.4781  1+[10, 6, 0]
  32    1    33.953502   28.347362   33.953502    2.769065    0.00000000   0.0000   0.4250  1+[10, 5, 1]
  33    1    36.378173   30.772034   36.378173    2.852663    0.00000000   0.0000   0.4183  1+[12, 4, 0]
  34    1    37.155471  -42.761611  -37.155471    2.878949    1.00000000   0.0000   0.7732  1+[ 2, 0, 0]
  35    1    38.734947   33.128808   38.734947    2.931636    0.00000000   0.0000   0.3759  1+[12,10, 0]
  36    1    39.482853   33.876714   39.482853    2.956257    0.00000000   0.0000   0.3597  1+[12,11, 1]
  37    1    39.657114  -45.263254  -39.657114    2.961964    1.00000000   0.0000   0.7697  1+[ 2, 1, 1]
  38    1    41.305283  -46.911422  -41.305283    3.015409    1.00000000   0.0000   0.6257  1+[ 2, 2, 0]
  39    1    41.545911   35.939771   41.545911    3.023133    0.00000000   0.0000   0.3657  1+[12,12, 0]
  40    1    42.338823   36.732684   42.338823    3.048445    0.00000000   0.0000   0.3825  1+[12, 0, 0]
  41    1    43.318483   37.712344   43.318483    3.079432    0.00000000   0.0000   0.3776  1+[12,11, 1]
  42    1    43.440220   37.834080   43.440220    3.083261    0.00000000   0.0000   0.3694  1+[12, 1, 1]
  43    1    43.559128   37.952988   43.559128    3.086996    0.00000000   0.0000   0.4769  1+[12, 6, 0]
  44    1    43.612064   38.005925   43.612064    3.088658    0.00000000   0.0000   0.3094  1+[12, 0, 0]
  45    1    43.693706   38.087566   43.693706    3.091218    0.00000000   0.0000   0.4838  1+[12, 0, 0]
  46    1    44.467188   38.861048   44.467188    3.115374    0.00000000   0.0000   0.3385  1+[12,10, 0]
  47    1    47.705397   42.099258   47.705397    3.214530    0.00000000   0.0000   0.3572  1+[12, 9, 1]
  48    1    47.798548   42.192409   47.798548    3.217337    0.00000000   0.0000   0.4596  1+[12, 7, 1]
  49    1    56.421359  -62.027498  -56.421359    3.467361    1.00000000   0.0000   0.9575  1+[ 0, 0, 0]
  50    2     2.370419   -7.976558   -2.370419    1.243411    1.00000000   0.0000   0.6673  1-[ 5, 0, 1]
  51    2     3.460330   -9.066470   -3.460330    1.325641    1.00000000   0.0000   0.5436  1-[ 5, 4, 1]
  52    2     3.497336   -9.103475   -3.497336    1.328344    1.00000000   0.0000   0.5269  1-[ 5, 5, 0]
  53    2     5.324217   -0.281923    5.324217    1.455540    0.00000000   0.0000   0.4922  1-[ 7, 4, 1]
  54    2     6.593437  -12.199577   -6.593437    1.537727    1.00000000   0.0000   0.5433  1-[ 5, 1, 0]
  55    2     6.947171  -12.553311   -6.947171    1.559862    1.00000000   0.0000   0.5455  1-[ 5, 2, 1]
  56    2    10.857263    5.251123   10.857263    1.786351    0.00000000   0.0000   0.4398  1-[ 7, 2, 1]
  57    2    10.888223    5.282084   10.888223    1.788030    0.00000000   0.0000   0.4219  1-[ 7, 7, 0]
  58    2    11.099355    5.493215   11.099355    1.799437    0.00000000   0.0000   0.5660  1-[ 7, 0, 1]
  59    2    11.506989    5.900850   11.506989    1.821259    0.00000000   0.0000   0.4644  1-[ 7, 1, 0]
  60    2    12.122634    6.516495   12.122634    1.853729    0.00000000   0.0000   0.4124  1-[ 7, 6, 1]
  61    2    13.475718    7.869578   13.475718    1.923168    0.00000000   0.0000   0.4651  1-[ 7, 2, 1]
  62    2    13.481233  -19.087373  -13.481233    1.923446    1.00000000   0.0000   0.5787  1-[ 5, 3, 0]
  63    2    14.878209    9.272070   14.878209    1.992590    0.00000000   0.0000   0.5394  1-[ 7, 4, 1]
  64    2    19.793656   14.187517   19.793656    2.218820    0.00000000   0.0000   0.4055  1-[ 9, 1, 0]
  65    2    20.142738   14.536599   20.142738    2.234015    0.00000000   0.0000   0.4044  1-[ 9, 9, 0]
  66    2    20.652986   15.046847   20.652986    2.256041    0.00000000   0.0000   0.3424  1-[ 9, 0, 1]
  67    2    21.267203   15.661064   21.267203    2.282274    0.00000000   0.0000   0.4805  1-[ 9, 0, 1]
  68    2    21.611446   16.005307   21.611446    2.296845    0.00000000   0.0000   0.3417  1-[ 9, 0, 1]
  69    2    22.016506   16.410366   22.016506    2.313873    0.00000000   0.0000   0.4235  1-[ 9, 8, 1]
  70    2    22.511645   16.905505   22.511645    2.334519    0.00000000   0.0000   0.4225  1-[ 9, 7, 0]
  71    2    23.118040   17.511900   23.118040    2.359558    0.00000000   0.0000   0.4969  1-[ 9, 5, 0]
  72    2    24.474608   18.868468   24.474608    2.414634    0.00000000   0.0000   0.4046  1-[ 9, 2, 1]
  73    2    25.427302  -31.033441  -25.427302    2.452573    1.00000000   0.0000   0.7130  1-[ 3, 0, 1]
  74    2    26.577783  -32.183922  -26.577783    2.497620    1.00000000   0.0000   0.6140  1-[ 3, 3, 0]
  75    2    29.432002  -35.038141  -29.432002    2.606018    1.00000000   0.0000   0.6726  1-[ 3, 2, 1]
  76    2    29.840302   24.234162   29.840302    2.621158    0.00000000   0.0000   0.4484  1-[ 9, 4, 1]
  77    2    32.139950   26.533811   32.139950    2.704848    0.00000000   0.0000   0.4143  1-[11, 3, 0]
  78    2    32.362755  -37.968894  -32.362755    2.712819    1.00000000   0.0000   0.5824  1-[ 3, 1, 0]
  79    2    32.581997   26.975858   32.581997    2.720640    0.00000000   0.0000   0.3835  1-[11, 2, 1]
  80    2    34.462848   28.856709   34.462848    2.786834    0.00000000   0.0000   0.3981  1-[11, 1, 0]
  81    2    35.536269   29.930130   35.536269    2.823916    0.00000000   0.0000   0.4038  1-[11,11, 0]
  82    2    36.833715   31.227576   36.833715    2.868097    0.00000000   0.0000   0.3612  1-[11, 0, 1]
  83    2    37.138528   31.532389   37.138528    2.878378    0.00000000   0.0000   0.5111  1-[11, 0, 1]
  84    2    37.173170   31.567031   37.173170    2.879545    0.00000000   0.0000   0.3660  1-[11, 0, 1]
  85    2    37.290194   31.684054   37.290194    2.883480    0.00000000   0.0000   0.3999  1-[11,10, 1]
  86    2    37.402734   31.796594   37.402734    2.887260    0.00000000   0.0000   0.3919  1-[11, 2, 1]
  87    2    37.635195   32.029055   37.635195    2.895053    0.00000000   0.0000   0.4676  1-[11, 6, 1]
  88    2    40.124035   34.517896   40.124035    2.977202    0.00000000   0.0000   0.3970  1-[11, 8, 1]
  89    2    43.150364   37.544225   43.150364    3.074137    0.00000000   0.0000   0.4884  1-[11, 6, 1]
  90    2    48.720862  -54.327002  -48.720862    3.245001    1.00000000   0.0000   0.8000  1-[ 1, 0, 1]
  91    2    49.462618  -55.068757  -49.462618    3.267078    1.00000000   0.0000   0.7961  1-[ 1, 1, 0]
  92    3     2.472660   -3.133479    2.472660    1.251354    0.00000000   0.0000   0.5766  3+[ 6, 5, 1]
  93    3     4.040459   -9.646599   -4.040459    1.367395    1.00000000   0.0000   0.5943  3+[ 6, 3, 1]
  94    3     4.411889   -1.194250    4.411889    1.393471    0.00000000   0.0000   0.5337  3+[ 6, 4, 2]
  95    3     5.136218   -0.469921    5.136218    1.442968    0.00000000   0.0000   0.5380  3+[ 6, 3, 1]
  96    3     5.997757    0.391618    5.997757    1.499715    0.00000000   0.0000   0.5449  3+[ 6, 4, 2]
  97    3     6.271161    0.665021    6.271161    1.517280    0.00000000   0.0000   0.7490  3+[ 6, 0, 2]
  98    3    13.824804    8.218664   13.824804    1.940680    0.00000000   0.0000   0.4173  3+[ 8, 3, 1]
  99    3    14.161989    8.555849   14.161989    1.957446    0.00000000   0.0000   0.5061  3+[ 8, 5, 1]
 100    3    14.180307  -19.786446  -14.180307    1.958352    1.00000000   0.0000   0.8170  3+[ 4, 0, 2]
 101    3    14.407021    8.800882   14.407021    1.969540    0.00000000   0.0000   0.6052  3+[ 8, 0, 2]
 102    3    14.770891    9.164751   14.770891    1.987364    0.00000000   0.0000   0.4583  3+[ 8, 1, 1]
 103    3    15.423677    9.817538   15.423677    2.018946    0.00000000   0.0000   0.4108  3+[ 8, 4, 2]
 104    3    16.330339  -21.936479  -16.330339    2.062008    1.00000000   0.0000   0.6650  3+[ 4, 1, 1]
 105    3    16.692784   11.086645   16.692784    2.078973    0.00000000   0.0000   0.4197  3+[ 8, 7, 1]
 106    3    17.904054   12.297915   17.904054    2.134691    0.00000000   0.0000   0.4625  3+[ 8, 6, 2]
 107    3    18.406373  -24.012512  -18.406373    2.157375    1.00000000   0.0000   0.7458  3+[ 4, 2, 2]
 108    3    22.588414   16.982275   22.588414    2.337704    0.00000000   0.0000   0.5155  3+[ 8, 4, 2]
 109    3    22.994903  -28.601043  -22.994903    2.354495    1.00000000   0.0000   0.6120  3+[ 4, 3, 1]
 110    3    24.502242   18.896103   24.502242    2.415742    0.00000000   0.0000   0.4145  3+[10, 9, 1]
 111    3    25.587884   19.981745   25.587884    2.458910    0.00000000   0.0000   0.3757  3+[10, 1, 1]
 112    3    25.814355   20.208216   25.814355    2.467820    0.00000000   0.0000   0.3158  3+[10, 3, 1]
 113    3    25.971612   20.365473   25.971612    2.473988    0.00000000   0.0000   0.4228  3+[10, 3, 1]
 114    3    26.940717   21.334577   26.940717    2.511663    0.00000000   0.0000   0.4832  3+[10, 0, 2]
 115    3    27.573882   21.967743   27.573882    2.535977    0.00000000   0.0000   0.3115  3+[10, 6, 2]
 116    3    28.024572   22.418432   28.024572    2.553142    0.00000000   0.0000   0.3863  3+[10, 8, 2]
 117    3    29.891693   24.285554   29.891693    2.623058    0.00000000   0.0000   0.3592  3+[10, 8, 2]
 118    3    31.008189   25.402050   31.008189    2.663989    0.00000000   0.0000   0.5238  3+[10, 5, 1]
 119    3    33.953502   28.347362   33.953502    2.769065    0.00000000   0.0000   0.4185  3+[10, 6, 2]
 120    3    36.378173   30.772034   36.378173    2.852663    0.00000000   0.0000   0.4403  3+[12, 9, 1]
 121    3    38.734947   33.128808   38.734947    2.931636    0.00000000   0.0000   0.3588  3+[12, 3, 1]
 122    3    39.482855   33.876716   39.482855    2.956257    0.00000000   0.0000   0.4153  3+[12,11, 1]
 123    3    39.657114  -45.263254  -39.657114    2.961964    1.00000000   0.0000   0.8887  3+[ 2, 0, 2]
 124    3    41.305283  -46.911422  -41.305283    3.015409    1.00000000   0.0000   0.8849  3+[ 2, 1, 1]
 125    3    41.545913   35.939774   41.545913    3.023133    0.00000000   0.0000   0.4084  3+[12, 1, 1]
 126    3    42.338825   36.732686   42.338825    3.048445    0.00000000   0.0000   0.3491  3+[12, 5, 1]
 127    3    43.318484   37.712344   43.318484    3.079432    0.00000000   0.0000   0.3849  3+[12,10, 2]
 128    3    43.440220   37.834081   43.440220    3.083261    0.00000000   0.0000   0.3569  3+[12, 0, 2]
 129    3    43.559128   37.952988   43.559128    3.086996    0.00000000   0.0000   0.4769  3+[12, 7, 1]
 130    3    43.612060   38.005920   43.612060    3.088658    0.00000000   0.0000   0.5789  3+[12, 0, 2]
 131    3    44.467188   38.861048   44.467188    3.115374    0.00000000   0.0000   0.3958  3+[12,10, 2]
 132    3    47.705397   42.099258   47.705397    3.214530    0.00000000   0.0000   0.3702  3+[12, 4, 2]
 133    3    47.798548   42.192409   47.798548    3.217337    0.00000000   0.0000   0.5033  3+[12, 6, 2]
 134    4     3.460330   -9.066470   -3.460330    1.325641    1.00000000   0.0000   0.6795  3-[ 5, 1, 2]
 135    4     3.497337   -9.103476   -3.497337    1.328344    1.00000000   0.0000   0.8162  3-[ 5, 0, 1]
 136    4     5.324217   -0.281923    5.324217    1.455540    0.00000000   0.0000   0.5581  3-[ 7, 4, 1]
 137    4     6.593437  -12.199577   -6.593437    1.537727    1.00000000   0.0000   0.6075  3-[ 5, 4, 1]
 138    4     6.947171  -12.553311   -6.947171    1.559862    1.00000000   0.0000   0.6365  3-[ 5, 3, 2]
 139    4    10.857263    5.251123   10.857263    1.786351    0.00000000   0.0000   0.5204  3-[ 7, 2, 1]
 140    4    10.888223    5.282083   10.888223    1.788029    0.00000000   0.0000   0.6987  3-[ 7, 0, 1]
 141    4    11.506989    5.900850   11.506989    1.821259    0.00000000   0.0000   0.4739  3-[ 7, 6, 1]
 142    4    12.122634    6.516495   12.122634    1.853729    0.00000000   0.0000   0.5324  3-[ 7, 1, 2]
 143    4    13.475718    7.869578   13.475718    1.923168    0.00000000   0.0000   0.5403  3-[ 7, 5, 2]
 144    4    13.481233  -19.087373  -13.481233    1.923446    1.00000000   0.0000   0.5930  3-[ 5, 2, 1]
 145    4    14.878209    9.272070   14.878209    1.992590    0.00000000   0.0000   0.5721  3-[ 7, 3, 2]
 146    4    19.793656   14.187517   19.793656    2.218820    0.00000000   0.0000   0.4731  3-[ 9, 8, 1]
 147    4    20.142738   14.536599   20.142738    2.234015    0.00000000   0.0000   0.3947  3-[ 9, 0, 1]
 148    4    20.652985   15.046846   20.652985    2.256041    0.00000000   0.0000   0.5931  3-[ 9, 0, 1]
 149    4    21.611446   16.005307   21.611446    2.296845    0.00000000   0.0000   0.4272  3-[ 9, 1, 2]
 150    4    22.016506   16.410366   22.016506    2.313873    0.00000000   0.0000   0.4574  3-[ 9, 1, 2]
 151    4    22.511645   16.905505   22.511645    2.334519    0.00000000   0.0000   0.4288  3-[ 9, 2, 1]
 152    4    23.118040   17.511900   23.118040    2.359558    0.00000000   0.0000   0.5014  3-[ 9, 4, 1]
 153    4    24.474608   18.868468   24.474608    2.414634    0.00000000   0.0000   0.4589  3-[ 9, 7, 2]
 154    4    26.577783  -32.183922  -26.577783    2.497620    1.00000000   0.0000   0.8683  3-[ 3, 0, 1]
 155    4    29.432002  -35.038141  -29.432002    2.606018    1.00000000   0.0000   0.8408  3-[ 3, 1, 2]
 156    4    29.840302   24.234162   29.840302    2.621158    0.00000000   0.0000   0.4933  3-[ 9, 5, 2]
 157    4    32.139950   26.533811   32.139950    2.704848    0.00000000   0.0000   0.4439  3-[11, 8, 1]
 158    4    32.362755  -37.968894  -32.362755    2.712819    1.00000000   0.0000   0.7519  3-[ 3, 2, 1]
 159    4    32.581997   26.975858   32.581997    2.720640    0.00000000   0.0000   0.4348  3-[11, 2, 1]
 160    4    34.462848   28.856709   34.462848    2.786834    0.00000000   0.0000   0.4406  3-[11,10, 1]
 161    4    35.536269   29.930130   35.536269    2.823916    0.00000000   0.0000   0.4116  3-[11, 0, 1]
 162    4    36.833712   31.227573   36.833712    2.868097    0.00000000   0.0000   0.6256  3-[11, 0, 1]
 163    4    37.173170   31.567030   37.173170    2.879545    0.00000000   0.0000   0.4092  3-[11, 3, 2]
 164    4    37.290193   31.684054   37.290193    2.883480    0.00000000   0.0000   0.4461  3-[11, 1, 2]
 165    4    37.402733   31.796594   37.402733    2.887260    0.00000000   0.0000   0.4408  3-[11, 9, 2]
 166    4    37.635195   32.029055   37.635195    2.895053    0.00000000   0.0000   0.5084  3-[11, 6, 1]
 167    4    40.124035   34.517896   40.124035    2.977202    0.00000000   0.0000   0.4195  3-[11, 3, 2]
 168    4    43.150364   37.544225   43.150364    3.074137    0.00000000   0.0000   0.5020  3-[11, 5, 2]
 169    4    49.462617  -55.068757  -49.462617    3.267078    1.00000000   0.0000   0.9751  3-[ 1, 0, 1]
 170    5     2.472660   -3.133479    2.472660    1.251354    0.00000000   0.0000   0.5908  5+[ 6, 4, 2]
 171    5     4.040459   -9.646599   -4.040459    1.367395    1.00000000   0.0000   0.5638  5+[ 6, 4, 2]
 172    5     4.411889   -1.194250    4.411889    1.393471    0.00000000   0.0000   0.6933  5+[ 6, 3, 3]
 173    5     5.136218   -0.469921    5.136218    1.442968    0.00000000   0.0000   0.8507  5+[ 6, 0, 2]
 174    5     5.997758    0.391618    5.997758    1.499715    0.00000000   0.0000   0.7340  5+[ 6, 1, 3]
 175    5    13.824804    8.218664   13.824804    1.940680    0.00000000   0.0000   0.6955  5+[ 8, 0, 2]
 176    5    14.161989    8.555849   14.161989    1.957446    0.00000000   0.0000   0.5792  5+[ 8, 4, 2]
 177    5    14.770891    9.164751   14.770891    1.987364    0.00000000   0.0000   0.4538  5+[ 8, 4, 2]
 178    5    15.423677    9.817538   15.423677    2.018946    0.00000000   0.0000   0.5511  5+[ 8, 1, 3]
 179    5    16.330338  -21.936477  -16.330338    2.062008    1.00000000   0.0000   0.9106  5+[ 4, 0, 2]
 180    5    16.692784   11.086645   16.692784    2.078973    0.00000000   0.0000   0.5321  5+[ 8, 6, 2]
 181    5    17.904054   12.297915   17.904054    2.134691    0.00000000   0.0000   0.4906  5+[ 8, 5, 3]
 182    5    18.406373  -24.012512  -18.406373    2.157375    1.00000000   0.0000   0.8700  5+[ 4, 1, 3]
 183    5    22.588414   16.982275   22.588414    2.337704    0.00000000   0.0000   0.5177  5+[ 8, 3, 3]
 184    5    22.994903  -28.601043  -22.994903    2.354495    1.00000000   0.0000   0.8097  5+[ 4, 2, 2]
 185    5    24.502242   18.896103   24.502242    2.415742    0.00000000   0.0000   0.4634  5+[10, 8, 2]
 186    5    25.587884   19.981745   25.587884    2.458910    0.00000000   0.0000   0.3520  5+[10, 6, 2]
 187    5    25.814355   20.208216   25.814355    2.467820    0.00000000   0.0000   0.5582  5+[10, 0, 2]
 188    5    25.971612   20.365473   25.971612    2.473988    0.00000000   0.0000   0.4137  5+[10, 8, 2]
 189    5    27.573882   21.967742   27.573882    2.535977    0.00000000   0.0000   0.4189  5+[10, 1, 3]
 190    5    28.024572   22.418432   28.024572    2.553142    0.00000000   0.0000   0.4024  5+[10, 1, 3]
 191    5    29.891693   24.285554   29.891693    2.623058    0.00000000   0.0000   0.4417  5+[10, 7, 3]
 192    5    31.008189   25.402050   31.008189    2.663989    0.00000000   0.0000   0.5140  5+[10, 6, 2]
 193    5    33.953502   28.347362   33.953502    2.769065    0.00000000   0.0000   0.4808  5+[10, 5, 3]
 194    5    36.378173   30.772034   36.378173    2.852663    0.00000000   0.0000   0.4547  5+[12, 4, 2]
 195    5    38.734947   33.128808   38.734947    2.931636    0.00000000   0.0000   0.4346  5+[12,10, 2]
 196    5    39.482854   33.876714   39.482854    2.956257    0.00000000   0.0000   0.4200  5+[12,10, 2]
 197    5    41.305283  -46.911422  -41.305283    3.015409    1.00000000   0.0000   0.9894  5+[ 2, 0, 2]
 198    5    41.545911   35.939771   41.545911    3.023133    0.00000000   0.0000   0.3890  5+[12, 0, 2]
 199    5    42.338817   36.732678   42.338817    3.048445    0.00000000   0.0000   0.6532  5+[12, 0, 2]
 200    5    43.318484   37.712345   43.318484    3.079432    0.00000000   0.0000   0.4472  5+[12, 1, 3]
 201    5    43.440222   37.834083   43.440222    3.083261    0.00000000   0.0000   0.4561  5+[12, 1, 3]
 202    5    43.559128   37.952988   43.559128    3.086996    0.00000000   0.0000   0.5209  5+[12, 6, 2]
 203    5    44.467187   38.861048   44.467187    3.115374    0.00000000   0.0000   0.4354  5+[12, 9, 3]
 204    5    47.705397   42.099258   47.705397    3.214530    0.00000000   0.0000   0.3899  5+[12, 3, 3]
 205    5    47.798548   42.192409   47.798548    3.217337    0.00000000   0.0000   0.4942  5+[12, 5, 3]
 206    6     3.460330   -9.066470   -3.460330    1.325641    1.00000000   0.0000   0.8595  5-[ 5, 0, 3]
 207    6     5.324217   -0.281923    5.324217    1.455540    0.00000000   0.0000   0.5883  5-[ 7, 3, 2]
 208    6     6.593437  -12.199577   -6.593437    1.537727    1.00000000   0.0000   0.7440  5-[ 5, 1, 2]
 209    6     6.947171  -12.553311   -6.947171    1.559862    1.00000000   0.0000   0.7857  5-[ 5, 2, 3]
 210    6    10.857263    5.251124   10.857263    1.786351    0.00000000   0.0000   0.5984  5-[ 7, 5, 2]
 211    6    11.506989    5.900850   11.506989    1.821259    0.00000000   0.0000   0.5995  5-[ 7, 1, 2]
 212    6    12.122634    6.516495   12.122634    1.853729    0.00000000   0.0000   0.7529  5-[ 7, 0, 3]
 213    6    13.475718    7.869578   13.475718    1.923168    0.00000000   0.0000   0.5220  5-[ 7, 2, 3]
 214    6    13.481233  -19.087372  -13.481233    1.923446    1.00000000   0.0000   0.6847  5-[ 5, 3, 2]
 215    6    14.878209    9.272070   14.878209    1.992590    0.00000000   0.0000   0.6031  5-[ 7, 4, 3]
 216    6    19.793656   14.187517   19.793656    2.218820    0.00000000   0.0000   0.5057  5-[ 9, 1, 2]
 217    6    20.142738   14.536598   20.142738    2.234015    0.00000000   0.0000   0.4834  5-[ 9, 1, 2]
 218    6    21.611447   16.005307   21.611447    2.296845    0.00000000   0.0000   0.6618  5-[ 9, 0, 3]
 219    6    22.016506   16.410366   22.016506    2.313873    0.00000000   0.0000   0.4735  5-[ 9, 4, 3]
 220    6    22.511645   16.905505   22.511645    2.334519    0.00000000   0.0000   0.4833  5-[ 9, 7, 2]
 221    6    23.118040   17.511901   23.118040    2.359558    0.00000000   0.0000   0.5493  5-[ 9, 5, 2]
 222    6    24.474608   18.868468   24.474608    2.414634    0.00000000   0.0000   0.5277  5-[ 9, 6, 3]
 223    6    29.432002  -35.038141  -29.432002    2.606018    1.00000000   0.0000   0.9211  5-[ 3, 0, 3]
 224    6    29.840302   24.234162   29.840302    2.621158    0.00000000   0.0000   0.5333  5-[ 9, 4, 3]
 225    6    32.139950   26.533811   32.139950    2.704848    0.00000000   0.0000   0.4671  5-[11, 3, 2]
 226    6    32.362755  -37.968894  -32.362755    2.712819    1.00000000   0.0000   0.9209  5-[ 3, 1, 2]
 227    6    32.581997   26.975858   32.581997    2.720640    0.00000000   0.0000   0.4861  5-[11, 9, 2]
 228    6    34.462847   28.856708   34.462847    2.786834    0.00000000   0.0000   0.4864  5-[11, 1, 2]
 229    6    35.536268   29.930128   35.536268    2.823916    0.00000000   0.0000   0.4509  5-[11, 1, 2]
 230    6    37.173172   31.567033   37.173172    2.879545    0.00000000   0.0000   0.6847  5-[11, 0, 3]
 231    6    37.290194   31.684054   37.290194    2.883480    0.00000000   0.0000   0.4173  5-[11, 4, 3]
 232    6    37.402734   31.796594   37.402734    2.887260    0.00000000   0.0000   0.4563  5-[11, 2, 3]
 233    6    37.635195   32.029055   37.635195    2.895053    0.00000000   0.0000   0.5209  5-[11, 5, 2]
 234    6    40.124035   34.517896   40.124035    2.977202    0.00000000   0.0000   0.4497  5-[11, 8, 3]
 235    6    43.150364   37.544225   43.150364    3.074137    0.00000000   0.0000   0.5305  5-[11, 6, 3]
 236    7     2.472660   -3.133479    2.472660    1.251354    0.00000000   0.0000   0.7878  7+[ 6, 1, 3]
 237    7     4.040459   -9.646599   -4.040459    1.367395    1.00000000   0.0000   0.7278  7+[ 6, 3, 3]
 238    7     4.411889   -1.194250    4.411889    1.393471    0.00000000   0.0000   0.8171  7+[ 6, 2, 4]
 239    7     5.997757    0.391618    5.997757    1.499715    0.00000000   0.0000   0.8773  7+[ 6, 0, 4]
 240    7    14.161989    8.555849   14.161989    1.957446    0.00000000   0.0000   0.5792  7+[ 8, 3, 3]
 241    7    14.770891    9.164751   14.770891    1.987364    0.00000000   0.0000   0.6026  7+[ 8, 1, 3]
 242    7    15.423677    9.817538   15.423677    2.018946    0.00000000   0.0000   0.7216  7+[ 8, 0, 4]
 243    7    16.692784   11.086645   16.692784    2.078973    0.00000000   0.0000   0.5609  7+[ 8, 5, 3]
 244    7    17.904054   12.297915   17.904054    2.134691    0.00000000   0.0000   0.5204  7+[ 8, 2, 4]
 245    7    18.406373  -24.012512  -18.406373    2.157375    1.00000000   0.0000   0.9301  7+[ 4, 0, 4]
 246    7    22.588414   16.982275   22.588414    2.337704    0.00000000   0.0000   0.5923  7+[ 8, 4, 4]
 247    7    22.994903  -28.601043  -22.994903    2.354495    1.00000000   0.0000   0.9349  7+[ 4, 1, 3]
 248    7    24.502242   18.896103   24.502242    2.415742    0.00000000   0.0000   0.4797  7+[10, 1, 3]
 249    7    25.587884   19.981744   25.587884    2.458910    0.00000000   0.0000   0.4686  7+[10, 1, 3]
 250    7    25.971612   20.365473   25.971612    2.473988    0.00000000   0.0000   0.5067  7+[10, 7, 3]
 251    7    27.573883   21.967743   27.573883    2.535977    0.00000000   0.0000   0.5924  7+[10, 0, 4]
 252    7    28.024572   22.418433   28.024572    2.553142    0.00000000   0.0000   0.4247  7+[10, 4, 4]
 253    7    29.891693   24.285554   29.891693    2.623058    0.00000000   0.0000   0.4775  7+[10, 6, 4]
 254    7    31.008189   25.402050   31.008189    2.663989    0.00000000   0.0000   0.5889  7+[10, 5, 3]
 255    7    33.953502   28.347362   33.953502    2.769065    0.00000000   0.0000   0.4990  7+[10, 4, 4]
 256    7    36.378173   30.772034   36.378173    2.852663    0.00000000   0.0000   0.4775  7+[12, 3, 3]
 257    7    38.734947   33.128808   38.734947    2.931636    0.00000000   0.0000   0.4760  7+[12, 9, 3]
 258    7    39.482855   33.876716   39.482855    2.956257    0.00000000   0.0000   0.4850  7+[12, 1, 3]
 259    7    41.545913   35.939774   41.545913    3.023133    0.00000000   0.0000   0.4921  7+[12, 1, 3]
 260    7    43.318483   37.712344   43.318483    3.079432    0.00000000   0.0000   0.4392  7+[12, 4, 4]
 261    7    43.440217   37.834077   43.440217    3.083261    0.00000000   0.0000   0.6895  7+[12, 0, 4]
 262    7    43.559128   37.952988   43.559128    3.086996    0.00000000   0.0000   0.5104  7+[12, 5, 3]
 263    7    44.467188   38.861048   44.467188    3.115374    0.00000000   0.0000   0.4567  7+[12, 2, 4]
 264    7    47.705397   42.099258   47.705397    3.214530    0.00000000   0.0000   0.4495  7+[12, 8, 4]
 265    7    47.798548   42.192409   47.798548    3.217337    0.00000000   0.0000   0.5557  7+[12, 6, 4]
 266    8     5.324217   -0.281923    5.324217    1.455540    0.00000000   0.0000   0.6170  7-[ 7, 4, 3]
 267    8     6.593437  -12.199576   -6.593437    1.537727    1.00000000   0.0000   0.9279  7-[ 5, 0, 3]
 268    8     6.947171  -12.553311   -6.947171    1.559862    1.00000000   0.0000   0.8839  7-[ 5, 1, 4]
 269    8    10.857263    5.251123   10.857263    1.786351    0.00000000   0.0000   0.5735  7-[ 7, 2, 3]
 270    8    11.506989    5.900850   11.506989    1.821259    0.00000000   0.0000   0.8359  7-[ 7, 0, 3]
 271    8    13.475718    7.869578   13.475718    1.923168    0.00000000   0.0000   0.7504  7-[ 7, 1, 4]
 272    8    13.481233  -19.087372  -13.481233    1.923446    1.00000000   0.0000   0.8386  7-[ 5, 2, 3]
 273    8    14.878209    9.272070   14.878209    1.992590    0.00000000   0.0000   0.7417  7-[ 7, 3, 4]
 274    8    19.793656   14.187517   19.793656    2.218820    0.00000000   0.0000   0.5194  7-[ 9, 4, 3]
 275    8    20.142738   14.536599   20.142738    2.234015    0.00000000   0.0000   0.7383  7-[ 9, 0, 3]
 276    8    22.016506   16.410367   22.016506    2.313873    0.00000000   0.0000   0.6352  7-[ 9, 1, 4]
 277    8    22.511645   16.905505   22.511645    2.334519    0.00000000   0.0000   0.5531  7-[ 9, 6, 3]
 278    8    23.118040   17.511901   23.118040    2.359558    0.00000000   0.0000   0.5918  7-[ 9, 4, 3]
 279    8    24.474608   18.868468   24.474608    2.414634    0.00000000   0.0000   0.5299  7-[ 9, 5, 4]
 280    8    29.840302   24.234162   29.840302    2.621158    0.00000000   0.0000   0.5167  7-[ 9, 5, 4]
 281    8    32.139950   26.533811   32.139950    2.704848    0.00000000   0.0000   0.4991  7-[11, 8, 3]
 282    8    32.362755  -37.968895  -32.362755    2.712819    1.00000000   0.0000   0.9947  7-[ 3, 0, 3]
 283    8    32.581998   26.975858   32.581998    2.720640    0.00000000   0.0000   0.5006  7-[11, 2, 3]
 284    8    34.462848   28.856709   34.462848    2.786834    0.00000000   0.0000   0.4515  7-[11, 4, 3]
 285    8    35.536271   29.930131   35.536271    2.823916    0.00000000   0.0000   0.7439  7-[11, 0, 3]
 286    8    37.290193   31.684054   37.290193    2.883480    0.00000000   0.0000   0.5796  7-[11, 1, 4]
 287    8    37.402733   31.796594   37.402733    2.887260    0.00000000   0.0000   0.4666  7-[11, 1, 4]
 288    8    37.635195   32.029055   37.635195    2.895053    0.00000000   0.0000   0.5491  7-[11, 6, 3]
 289    8    40.124035   34.517896   40.124035    2.977202    0.00000000   0.0000   0.5167  7-[11, 7, 4]
 290    8    43.150364   37.544225   43.150364    3.074137    0.00000000   0.0000   0.5824  7-[11, 5, 4]
 291    9     2.472660   -3.133479    2.472660    1.251354    0.00000000   0.0000   0.9342  9+[ 6, 0, 4]
 292    9     4.040459   -9.646598   -4.040459    1.367395    1.00000000   0.0000   0.8535  9+[ 6, 2, 4]
 293    9     4.411889   -1.194250    4.411889    1.393471    0.00000000   0.0000   0.8988  9+[ 6, 1, 5]
 294    9    14.161989    8.555849   14.161989    1.957446    0.00000000   0.0000   0.6604  9+[ 8, 4, 4]
 295    9    14.770891    9.164751   14.770891    1.987364    0.00000000   0.0000   0.7828  9+[ 8, 0, 4]
 296    9    16.692784   11.086645   16.692784    2.078973    0.00000000   0.0000   0.5919  9+[ 8, 2, 4]
 297    9    17.904054   12.297915   17.904054    2.134691    0.00000000   0.0000   0.6967  9+[ 8, 1, 5]
 298    9    22.588414   16.982275   22.588414    2.337704    0.00000000   0.0000   0.7029  9+[ 8, 3, 5]
 299    9    22.994904  -28.601043  -22.994904    2.354495    1.00000000   0.0000   0.9916  9+[ 4, 0, 4]
 300    9    24.502242   18.896103   24.502242    2.415742    0.00000000   0.0000   0.5038  9+[10, 4, 4]
 301    9    25.587885   19.981746   25.587885    2.458910    0.00000000   0.0000   0.6575  9+[10, 0, 4]
 302    9    25.971612   20.365473   25.971612    2.473988    0.00000000   0.0000   0.5459  9+[10, 6, 4]
 303    9    28.024572   22.418432   28.024572    2.553142    0.00000000   0.0000   0.5819  9+[10, 1, 5]
 304    9    29.891693   24.285554   29.891693    2.623058    0.00000000   0.0000   0.4627  9+[10, 5, 5]
 305    9    31.008189   25.402050   31.008189    2.663989    0.00000000   0.0000   0.6095  9+[10, 4, 4]
 306    9    33.953502   28.347362   33.953502    2.769065    0.00000000   0.0000   0.5165  9+[10, 5, 5]
 307    9    36.378173   30.772034   36.378173    2.852663    0.00000000   0.0000   0.5491  9+[12, 8, 4]
 308    9    38.734947   33.128808   38.734947    2.931636    0.00000000   0.0000   0.4975  9+[12, 2, 4]
 309    9    39.482853   33.876714   39.482853    2.956257    0.00000000   0.0000   0.4739  9+[12, 4, 4]
 310    9    41.545907   35.939768   41.545907    3.023133    0.00000000   0.0000   0.7381  9+[12, 0, 4]
 311    9    43.318485   37.712345   43.318485    3.079432    0.00000000   0.0000   0.5988  9+[12, 1, 5]
 312    9    43.559128   37.952988   43.559128    3.086996    0.00000000   0.0000   0.5728  9+[12, 6, 4]
 313    9    44.467187   38.861048   44.467187    3.115374    0.00000000   0.0000   0.4609  9+[12, 5, 5]
 314    9    47.705397   42.099258   47.705397    3.214530    0.00000000   0.0000   0.4935  9+[12, 7, 5]
 315    9    47.798548   42.192409   47.798548    3.217337    0.00000000   0.0000   0.5904  9+[12, 5, 5]
 316   10     5.324217   -0.281923    5.324217    1.455540    0.00000000   0.0000   0.7556  9-[ 7, 3, 4]
 317   10     6.947171  -12.553311   -6.947171    1.559862    1.00000000   0.0000   0.9317  9-[ 5, 0, 5]
 318   10    10.857263    5.251124   10.857263    1.786351    0.00000000   0.0000   0.8194  9-[ 7, 1, 4]
 319   10    13.475717    7.869578   13.475717    1.923168    0.00000000   0.0000   0.8664  9-[ 7, 0, 5]
 320   10    13.481233  -19.087372  -13.481233    1.923446    1.00000000   0.0000   0.9375  9-[ 5, 1, 4]
 321   10    14.878209    9.272070   14.878209    1.992590    0.00000000   0.0000   0.8486  9-[ 7, 2, 5]
 322   10    19.793656   14.187517   19.793656    2.218820    0.00000000   0.0000   0.6925  9-[ 9, 1, 4]
 323   10    22.016505   16.410366   22.016505    2.313873    0.00000000   0.0000   0.7923  9-[ 9, 0, 5]
 324   10    22.511645   16.905505   22.511645    2.334519    0.00000000   0.0000   0.5531  9-[ 9, 5, 4]
 325   10    23.118040   17.511901   23.118040    2.359558    0.00000000   0.0000   0.5717  9-[ 9, 5, 4]
 326   10    24.474608   18.868468   24.474608    2.414634    0.00000000   0.0000   0.6089  9-[ 9, 2, 5]
 327   10    29.840302   24.234162   29.840302    2.621158    0.00000000   0.0000   0.6345  9-[ 9, 4, 5]
 328   10    32.139950   26.533811   32.139950    2.704848    0.00000000   0.0000   0.5717  9-[11, 7, 4]
 329   10    32.581997   26.975858   32.581997    2.720640    0.00000000   0.0000   0.5098  9-[11, 1, 4]
 330   10    34.462847   28.856708   34.462847    2.786834    0.00000000   0.0000   0.6231  9-[11, 1, 4]
 331   10    37.290195   31.684056   37.290195    2.883480    0.00000000   0.0000   0.7727  9-[11, 0, 5]
 332   10    37.402734   31.796594   37.402734    2.887260    0.00000000   0.0000   0.4993  9-[11, 4, 5]
 333   10    37.635195   32.029056   37.635195    2.895053    0.00000000   0.0000   0.6015  9-[11, 5, 4]
 334   10    40.124035   34.517896   40.124035    2.977202    0.00000000   0.0000   0.5362  9-[11, 6, 5]
 335   10    43.150364   37.544225   43.150364    3.074137    0.00000000   0.0000   0.5870  9-[11, 4, 5]
 336   11     4.040459   -9.646599   -4.040459    1.367395    1.00000000   0.0000   0.9349 11+[ 6, 1, 5]
 337   11     4.411889   -1.194250    4.411889    1.393471    0.00000000   0.0000   0.9387 11+[ 6, 0, 6]
 338   11    14.161989    8.555849   14.161989    1.957446    0.00000000   0.0000   0.7814 11+[ 8, 3, 5]
 339   11    16.692784   11.086645   16.692784    2.078973    0.00000000   0.0000   0.7892 11+[ 8, 1, 5]
 340   11    17.904054   12.297914   17.904054    2.134691    0.00000000   0.0000   0.7860 11+[ 8, 0, 6]
 341   11    22.588414   16.982275   22.588414    2.337704    0.00000000   0.0000   0.7879 11+[ 8, 2, 6]
 342   11    24.502242   18.896103   24.502242    2.415742    0.00000000   0.0000   0.6873 11+[10, 1, 5]
 343   11    25.971612   20.365473   25.971612    2.473988    0.00000000   0.0000   0.5274 11+[10, 5, 5]
 344   11    28.024572   22.418432   28.024572    2.553142    0.00000000   0.0000   0.7018 11+[10, 0, 6]
 345   11    29.891693   24.285554   29.891693    2.623058    0.00000000   0.0000   0.5698 11+[10, 2, 6]
 346   11    31.008189   25.402050   31.008189    2.663989    0.00000000   0.0000   0.6295 11+[10, 5, 5]
 347   11    33.953502   28.347362   33.953502    2.769065    0.00000000   0.0000   0.6160 11+[10, 4, 6]
 348   11    36.378173   30.772034   36.378173    2.852663    0.00000000   0.0000   0.6015 11+[12, 7, 5]
 349   11    38.734947   33.128808   38.734947    2.931636    0.00000000   0.0000   0.5006 11+[12, 5, 5]
 350   11    39.482855   33.876716   39.482855    2.956257    0.00000000   0.0000   0.6434 11+[12, 1, 5]
 351   11    43.318483   37.712344   43.318483    3.079432    0.00000000   0.0000   0.7660 11+[12, 0, 6]
 352   11    43.559128   37.952988   43.559128    3.086996    0.00000000   0.0000   0.6075 11+[12, 5, 5]
 353   11    44.467188   38.861048   44.467188    3.115374    0.00000000   0.0000   0.4889 11+[12, 2, 6]
 354   11    47.705397   42.099258   47.705397    3.214530    0.00000000   0.0000   0.4974 11+[12, 6, 6]
 355   11    47.798548   42.192409   47.798548    3.217337    0.00000000   0.0000   0.5822 11+[12, 4, 6]
 356   12     5.324217   -0.281923    5.324217    1.455540    0.00000000   0.0000   0.8615 11-[ 7, 2, 5]
 357   12    10.857263    5.251123   10.857263    1.786351    0.00000000   0.0000   0.9414 11-[ 7, 0, 5]
 358   12    13.481233  -19.087373  -13.481233    1.923446    1.00000000   0.0000   0.9833 11-[ 5, 0, 5]
 359   12    14.878209    9.272070   14.878209    1.992590    0.00000000   0.0000   0.9193 11-[ 7, 1, 6]
 360   12    19.793656   14.187517   19.793656    2.218820    0.00000000   0.0000   0.8593 11-[ 9, 0, 5]
 361   12    22.511645   16.905505   22.511645    2.334519    0.00000000   0.0000   0.6332 11-[ 9, 2, 5]
 362   12    23.118040   17.511901   23.118040    2.359558    0.00000000   0.0000   0.7002 11-[ 9, 4, 5]
 363   12    24.474608   18.868468   24.474608    2.414634    0.00000000   0.0000   0.7772 11-[ 9, 1, 6]
 364   12    29.840302   24.234162   29.840302    2.621158    0.00000000   0.0000   0.7343 11-[ 9, 3, 6]
 365   12    32.139950   26.533811   32.139950    2.704848    0.00000000   0.0000   0.5918 11-[11, 6, 5]
 366   12    32.581998   26.975858   32.581998    2.720640    0.00000000   0.0000   0.5436 11-[11, 4, 5]
 367   12    34.462850   28.856711   34.462850    2.786834    0.00000000   0.0000   0.8266 11-[11, 0, 5]
 368   12    37.402733   31.796594   37.402733    2.887260    0.00000000   0.0000   0.7040 11-[11, 1, 6]
 369   12    37.635195   32.029056   37.635195    2.895053    0.00000000   0.0000   0.6051 11-[11, 4, 5]
 370   12    40.124035   34.517896   40.124035    2.977202    0.00000000   0.0000   0.5067 11-[11, 5, 6]
 371   12    43.150364   37.544225   43.150364    3.074137    0.00000000   0.0000   0.6442 11-[11, 5, 6]
 372   13     4.040459   -9.646599   -4.040459    1.367395    1.00000000   0.0000   0.9731 13+[ 6, 0, 6]
 373   13    14.161989    8.555849   14.161989    1.957446    0.00000000   0.0000   0.8736 13+[ 8, 2, 6]
 374   13    16.692784   11.086645   16.692784    2.078973    0.00000000   0.0000   0.8872 13+[ 8, 0, 6]
 375   13    22.588414   16.982275   22.588414    2.337704    0.00000000   0.0000   0.8442 13+[ 8, 1, 7]
 376   13    24.502242   18.896102   24.502242    2.415742    0.00000000   0.0000   0.8261 13+[10, 0, 6]
 377   13    25.971612   20.365473   25.971612    2.473988    0.00000000   0.0000   0.6479 13+[10, 2, 6]
 378   13    29.891693   24.285554   29.891693    2.623058    0.00000000   0.0000   0.7029 13+[10, 1, 7]
 379   13    31.008189   25.402050   31.008189    2.663989    0.00000000   0.0000   0.7493 13+[10, 4, 6]
 380   13    33.953502   28.347362   33.953502    2.769065    0.00000000   0.0000   0.6996 13+[10, 3, 7]
 381   13    36.378173   30.772034   36.378173    2.852663    0.00000000   0.0000   0.6051 13+[12, 6, 6]
 382   13    38.734947   33.128808   38.734947    2.931636    0.00000000   0.0000   0.5297 13+[12, 2, 6]
 383   13    39.482854   33.876714   39.482854    2.956257    0.00000000   0.0000   0.8202 13+[12, 0, 6]
 384   13    43.559128   37.952988   43.559128    3.086996    0.00000000   0.0000   0.5981 13+[12, 4, 6]
 385   13    44.467187   38.861048   44.467187    3.115374    0.00000000   0.0000   0.6929 13+[12, 1, 7]
 386   13    47.705397   42.099258   47.705397    3.214530    0.00000000   0.0000   0.4741 13+[12, 3, 7]
 387   13    47.798548   42.192409   47.798548    3.217337    0.00000000   0.0000   0.6732 13+[12, 5, 7]
 388   14     5.324217   -0.281923    5.324217    1.455540    0.00000000   0.0000   0.9306 13-[ 7, 1, 6]
 389   14    14.878209    9.272070   14.878209    1.992590    0.00000000   0.0000   0.9540 13-[ 7, 0, 7]
 390   14    22.511645   16.905505   22.511645    2.334519    0.00000000   0.0000   0.8059 13-[ 9, 1, 6]
 391   14    23.118040   17.511901   23.118040    2.359558    0.00000000   0.0000   0.8086 13-[ 9, 3, 6]
 392   14    24.474608   18.868468   24.474608    2.414634    0.00000000   0.0000   0.8622 13-[ 9, 0, 7]
 393   14    29.840302   24.234162   29.840302    2.621158    0.00000000   0.0000   0.8107 13-[ 9, 2, 7]
 394   14    32.139950   26.533811   32.139950    2.704848    0.00000000   0.0000   0.5580 13-[11, 5, 6]
 395   14    32.581997   26.975858   32.581997    2.720640    0.00000000   0.0000   0.7642 13-[11, 1, 6]
 396   14    37.402733   31.796594   37.402733    2.887260    0.00000000   0.0000   0.8283 13-[11, 0, 7]
 397   14    37.635195   32.029056   37.635195    2.895053    0.00000000   0.0000   0.6628 13-[11, 5, 6]
 398   14    40.124035   34.517896   40.124035    2.977202    0.00000000   0.0000   0.6634 13-[11, 2, 7]
 399   14    43.150364   37.544225   43.150364    3.074137    0.00000000   0.0000   0.7516 13-[11, 4, 7]
 400   15    14.161989    8.555849   14.161989    1.957446    0.00000000   0.0000   0.9339 15+[ 8, 1, 7]
 401   15    22.588414   16.982275   22.588414    2.337704    0.00000000   0.0000   0.8718 15+[ 8, 0, 8]
 402   15    25.971612   20.365473   25.971612    2.473988    0.00000000   0.0000   0.7974 15+[10, 1, 7]
 403   15    29.891693   24.285554   29.891693    2.623058    0.00000000   0.0000   0.7700 15+[10, 0, 8]
 404   15    31.008189   25.402050   31.008189    2.663989    0.00000000   0.0000   0.8496 15+[10, 3, 7]
 405   15    33.953502   28.347362   33.953502    2.769065    0.00000000   0.0000   0.7636 15+[10, 2, 8]
 406   15    36.378173   30.772034   36.378173    2.852663    0.00000000   0.0000   0.5757 15+[12, 3, 7]
 407   15    38.734947   33.128808   38.734947    2.931636    0.00000000   0.0000   0.7491 15+[12, 1, 7]
 408   15    43.559128   37.952988   43.559128    3.086996    0.00000000   0.0000   0.6907 15+[12, 5, 7]
 409   15    44.467188   38.861049   44.467188    3.115374    0.00000000   0.0000   0.8001 15+[12, 0, 8]
 410   15    47.705397   42.099258   47.705397    3.214530    0.00000000   0.0000   0.6380 15+[12, 2, 8]
 411   15    47.798548   42.192409   47.798548    3.217337    0.00000000   0.0000   0.7722 15+[12, 4, 8]
 412   16     5.324217   -0.281923    5.324217    1.455540    0.00000000   0.0000   0.9632 15-[ 7, 0, 7]
 413   16    22.511645   16.905505   22.511645    2.334519    0.00000000   0.0000   0.8918 15-[ 9, 0, 7]
 414   16    23.118040   17.511901   23.118040    2.359558    0.00000000   0.0000   0.8910 15-[ 9, 2, 7]
 415   16    29.840302   24.234162   29.840302    2.621158    0.00000000   0.0000   0.8614 15-[ 9, 1, 8]
 416   16    32.139950   26.533811   32.139950    2.704848    0.00000000   0.0000   0.7291 15-[11, 2, 7]
 417   16    32.581997   26.975858   32.581997    2.720640    0.00000000   0.0000   0.8969 15-[11, 0, 7]
 418   16    37.635195   32.029056   37.635195    2.895053    0.00000000   0.0000   0.7722 15-[11, 4, 7]
 419   16    40.124035   34.517896   40.124035    2.977202    0.00000000   0.0000   0.7975 15-[11, 1, 8]
 420   16    43.150364   37.544225   43.150364    3.074137    0.00000000   0.0000   0.8415 15-[11, 3, 8]
 421   17    14.161989    8.555849   14.161989    1.957446    0.00000000   0.0000   0.9627 17+[ 8, 0, 8]
 422   17    25.971612   20.365473   25.971612    2.473988    0.00000000   0.0000   0.8718 17+[10, 0, 8]
 423   17    31.008189   25.402050   31.008189    2.663989    0.00000000   0.0000   0.9258 17+[10, 2, 8]
 424   17    33.953502   28.347362   33.953502    2.769065    0.00000000   0.0000   0.8060 17+[10, 1, 9]
 425   17    36.378173   30.772034   36.378173    2.852663    0.00000000   0.0000   0.7735 17+[12, 2, 8]
 426   17    38.734947   33.128808   38.734947    2.931636    0.00000000   0.0000   0.8633 17+[12, 0, 8]
 427   17    43.559128   37.952988   43.559128    3.086996    0.00000000   0.0000   0.7913 17+[12, 4, 8]
 428   17    47.705397   42.099258   47.705397    3.214530    0.00000000   0.0000   0.7516 17+[12, 1, 9]
 429   17    47.798548   42.192409   47.798548    3.217337    0.00000000   0.0000   0.8547 17+[12, 3, 9]
 430   18    23.118040   17.511901   23.118040    2.359558    0.00000000   0.0000   0.9450 17-[ 9, 1, 8]
 431   18    29.840302   24.234162   29.840302    2.621158    0.00000000   0.0000   0.8864 17-[ 9, 0, 9]
 432   18    32.139950   26.533811   32.139950    2.704848    0.00000000   0.0000   0.8749 17-[11, 1, 8]
 433   18    37.635195   32.029056   37.635195    2.895053    0.00000000   0.0000   0.8633 17-[11, 3, 8]
 434   18    40.124035   34.517896   40.124035    2.977202    0.00000000   0.0000   0.8650 17-[11, 0, 9]
 435   18    43.150364   37.544225   43.150364    3.074137    0.00000000   0.0000   0.9100 17-[11, 2, 9]
 436   19    31.008189   25.402050   31.008189    2.663989    0.00000000   0.0000   0.9759 19+[10, 1, 9]
 437   19    33.953502   28.347362   33.953502    2.769065    0.00000000   0.0000   0.8270 19+[10, 0,10]
 438   19    36.378173   30.772034   36.378173    2.852663    0.00000000   0.0000   0.9100 19+[12, 1, 9]
 439   19    43.559128   37.952988   43.559128    3.086996    0.00000000   0.0000   0.8748 19+[12, 3, 9]
 440   19    47.705397   42.099258   47.705397    3.214530    0.00000000   0.0000   0.8088 19+[12, 0,10]
 441   19    47.798548   42.192409   47.798548    3.217337    0.00000000   0.0000   0.9175 19+[12, 2,10]
 442   20    23.118040   17.511900   23.118040    2.359558    0.00000000   0.0000   0.9709 19-[ 9, 0, 9]
 443   20    32.139950   26.533811   32.139950    2.704848    0.00000000   0.0000   0.9475 19-[11, 0, 9]
 444   20    37.635195   32.029056   37.635195    2.895053    0.00000000   0.0000   0.9325 19-[11, 2, 9]
 445   20    43.150364   37.544225   43.150364    3.074137    0.00000000   0.0000   0.9555 19-[11, 1,10]
 446   21    31.008189   25.402050   31.008189    2.663989    0.00000000   0.0000   1.0000 21+[10, 0,10]
 447   21    36.378173   30.772034   36.378173    2.852663    0.00000000   0.0000   0.9780 21+[12, 0,10]
 448   21    43.559128   37.952988   43.559128    3.086996    0.00000000   0.0000   0.9381 21+[12, 2,10]
 449   21    47.798548   42.192409   47.798548    3.217337    0.00000000   0.0000   0.9592 21+[12, 1,11]
 450   22    37.635195   32.029055   37.635195    2.895053    0.00000000   0.0000   0.9780 21-[11, 1,10]
 451   22    43.150364   37.544225   43.150364    3.074137    0.00000000   0.0000   0.9780 21-[11, 0,11]
 452   23    43.559128   37.952988   43.559128    3.086996    0.00000000   0.0000   0.9798 23+[12, 1,11]
 453   23    47.798548   42.192409   47.798548    3.217337    0.00000000   0.0000   0.9798 23+[12, 0,12]
 454   24    37.635195   32.029055   37.635195    2.895053    0.00000000   0.0000   1.0000 23-[11, 0,11]
 455   25    43.559128   37.952988   43.559128    3.086996    0.00000000   0.0000   1.0000 25+[12, 0,12]
#all active are  455 q.p. states out of  455
#since the cut off is pwi=6000.0
#check: number of neutrons= 126.0


 #canonical s.p. energies neutrons
 ---------------------------------


  labels -> {2*omega}{parity}[nn=nz+2*nr+nl,nz,nl]
  cqpe   -> canonical q.p. energies
  ce     -> canonical s.p. energies
  fermi energy=  -7.9765580120501500     
  average cdelt=  -2.4048533320101781E-013
  k0      ceqp        ce         v*v       u*v        cdel     overl      labels
   1   -3.133479   -3.133479   0.00000000   0.00000000  -0.0000   0.4708  1+[ 6, 5, 1]
   2   -1.565680   -9.646599   1.00000000   0.00000000  -0.0000   0.5147  1+[ 6, 3, 1]
   3   -1.194250   -1.194250   0.00000000   0.00000000  -0.0000   0.5582  1+[ 6, 3, 1]
   4   -0.469921   -0.469921   0.00000000   0.00000000  -0.0000   0.5210  1+[ 6, 6, 0]
   5    0.243539    0.243539   0.00000000   0.00000000  -0.0000   0.6402  1+[ 6, 0, 0]
   6    0.391618    0.391618   0.00000000   0.00000000  -0.0000   0.5243  1+[ 6, 5, 1]
   7    0.665021    0.665021   0.00000000   0.00000000  -0.0000   0.4587  1+[ 6, 3, 1]
   8    8.131909  -19.344188   1.00000000   0.00000000  -0.0000   0.7174  1+[ 4, 0, 0]
   9    8.218665    8.218665   0.00000000   0.00000000  -0.0000   0.4115  1+[ 8, 8, 0]
  10    8.445033    8.445033   0.00000000   0.00000000  -0.0000   0.5049  1+[ 8, 0, 0]
  11    8.555849    8.555849   0.00000000   0.00000000  -0.0000   0.5061  1+[ 8, 4, 0]
  12    8.574168  -19.786447   1.00000000   0.00000000  -0.0000   0.5777  1+[ 4, 1, 1]
  13    8.800882    8.800882   0.00000000   0.00000000  -0.0000   0.3516  1+[ 8, 3, 1]
  14    9.164751    9.164751   0.00000000   0.00000000  -0.0000   0.3742  1+[ 8, 1, 1]
  15    9.817538    9.817538   0.00000000   0.00000000  -0.0000   0.4091  1+[ 8, 1, 1]
  16   10.724199  -21.936478   1.00000000   0.00000003  -0.0000   0.5759  1+[ 4, 4, 0]
  17   11.086645   11.086645   0.00000000   0.00000000  -0.0000   0.4352  1+[ 8, 2, 0]
  18   12.297915   12.297915   0.00000000   0.00000000  -0.0000   0.3715  1+[ 8, 2, 0]
  19   12.800233  -24.012512   1.00000000   0.00000000  -0.0000   0.5558  1+[ 4, 3, 1]
  20   16.982275   16.982275   0.00000000   0.00000000  -0.0000   0.4482  1+[ 8, 5, 1]
  21   17.388764  -28.601043   1.00000000   0.00000001  -0.0000   0.6120  1+[ 4, 2, 0]
  22   18.896103   18.896103   0.00000000   0.00000000  -0.0000   0.3814  1+[10, 2, 0]
  23   19.981745   19.981745   0.00000000   0.00000000  -0.0000   0.3208  1+[10,10, 0]
  24   20.208216   20.208216   0.00000000   0.00000000  -0.0000   0.3223  1+[10, 0, 0]
  25   20.365473   20.365473   0.00000000   0.00000000  -0.0000   0.3877  1+[10, 8, 0]
  26   20.775854   20.775854   0.00000000   0.00000000  -0.0000   0.3972  1+[10, 0, 0]
  27   21.334577   21.334577   0.00000000   0.00000000  -0.0000   0.2646  1+[10, 3, 1]
  28   21.967743   21.967743   0.00000000   0.00000000  -0.0000   0.3278  1+[10, 1, 1]
  29   22.418433   22.418433   0.00000000   0.00000000  -0.0000   0.3428  1+[10, 9, 1]
  30   24.285554   24.285554   0.00000000   0.00000000  -0.0000   0.3651  1+[10, 3, 1]
  31   25.402050   25.402050   0.00000000   0.00000000  -0.0000   0.4781  1+[10, 6, 0]
  32   28.347362   28.347362   0.00000000   0.00000000  -0.0000   0.4250  1+[10, 5, 1]
  33   30.772034   30.772034   0.00000000   0.00000000  -0.0000   0.4183  1+[12, 4, 0]
  34   31.549332  -42.761611   1.00000000   0.00000001  -0.0000   0.7732  1+[ 2, 0, 0]
  35   33.128808   33.128808   0.00000000   0.00000000  -0.0000   0.3759  1+[12,10, 0]
  36   33.876714   33.876714   0.00000000   0.00000000  -0.0000   0.3597  1+[12,11, 1]
  37   34.050975  -45.263254   1.00000000   0.00000000  -0.0000   0.7697  1+[ 2, 1, 1]
  38   35.699143  -46.911422   1.00000000   0.00000004  -0.0000   0.6257  1+[ 2, 2, 0]
  39   35.939771   35.939771   0.00000000   0.00000000  -0.0000   0.3657  1+[12,12, 0]
  40   36.732684   36.732684   0.00000000   0.00000000  -0.0000   0.3825  1+[12, 0, 0]
  41   37.712344   37.712344   0.00000000   0.00000000  -0.0000   0.3776  1+[12,11, 1]
  42   37.834080   37.834080   0.00000000   0.00000000  -0.0000   0.3694  1+[12, 1, 1]
  43   37.952988   37.952988   0.00000000   0.00000000  -0.0000   0.4769  1+[12, 6, 0]
  44   38.005925   38.005925   0.00000000   0.00000000  -0.0000   0.3094  1+[12, 0, 0]
  45   38.087566   38.087566   0.00000000   0.00000000  -0.0000   0.4838  1+[12, 0, 0]
  46   38.861048   38.861048   0.00000000   0.00000000  -0.0000   0.3385  1+[12,10, 0]
  47   42.099258   42.099258   0.00000000   0.00000000  -0.0000   0.3572  1+[12, 9, 1]
  48   42.192409   42.192409   0.00000000   0.00000000  -0.0000   0.4596  1+[12, 7, 1]
  49   50.815219  -62.027498   1.00000000   0.00000000  -0.0000   0.9575  1+[ 0, 0, 0]
  50   -3.235721   -7.976558   1.00000000   0.00000000  -0.0000   0.6673  1-[ 5, 0, 1]
  51   -2.145809   -9.066470   1.00000000   0.00000000  -0.0000   0.5436  1-[ 5, 4, 1]
  52   -2.108804   -9.103475   1.00000000   0.00000000  -0.0000   0.5269  1-[ 5, 5, 0]
  53   -0.281923   -0.281923   0.00000000   0.00000000  -0.0000   0.4922  1-[ 7, 4, 1]
  54    0.987298  -12.199577   1.00000000   0.00000003  -0.0000   0.5433  1-[ 5, 1, 0]
  55    1.341032  -12.553311   1.00000000   0.00000002  -0.0000   0.5455  1-[ 5, 2, 1]
  56    5.251123    5.251123   0.00000000   0.00000000  -0.0000   0.4398  1-[ 7, 2, 1]
  57    5.282084    5.282084   0.00000000   0.00000000  -0.0000   0.4219  1-[ 7, 7, 0]
  58    5.493215    5.493215   0.00000000   0.00000000  -0.0000   0.5660  1-[ 7, 0, 1]
  59    5.900850    5.900850   0.00000000   0.00000000  -0.0000   0.4644  1-[ 7, 1, 0]
  60    6.516495    6.516495   0.00000000   0.00000000  -0.0000   0.4124  1-[ 7, 6, 1]
  61    7.869578    7.869578   0.00000000   0.00000000  -0.0000   0.4651  1-[ 7, 2, 1]
  62    7.875094  -19.087373   1.00000000   0.00000001  -0.0000   0.5787  1-[ 5, 3, 0]
  63    9.272070    9.272070   0.00000000   0.00000000  -0.0000   0.5394  1-[ 7, 4, 1]
  64   14.187517   14.187517   0.00000000   0.00000000  -0.0000   0.4055  1-[ 9, 1, 0]
  65   14.536599   14.536599   0.00000000   0.00000000  -0.0000   0.4044  1-[ 9, 9, 0]
  66   15.046847   15.046847   0.00000000   0.00000000  -0.0000   0.3424  1-[ 9, 0, 1]
  67   15.661064   15.661064   0.00000000   0.00000000  -0.0000   0.4805  1-[ 9, 0, 1]
  68   16.005307   16.005307   0.00000000   0.00000000  -0.0000   0.3417  1-[ 9, 0, 1]
  69   16.410366   16.410366   0.00000000   0.00000000  -0.0000   0.4235  1-[ 9, 8, 1]
  70   16.905505   16.905505   0.00000000   0.00000000  -0.0000   0.4225  1-[ 9, 7, 0]
  71   17.511900   17.511900   0.00000000   0.00000000  -0.0000   0.4969  1-[ 9, 5, 0]
  72   18.868468   18.868468   0.00000000   0.00000000  -0.0000   0.4046  1-[ 9, 2, 1]
  73   19.821163  -31.033441   1.00000000   0.00000002  -0.0000   0.7130  1-[ 3, 0, 1]
  74   20.971644  -32.183922   1.00000000   0.00000002  -0.0000   0.6140  1-[ 3, 3, 0]
  75   23.825862  -35.038141   1.00000000   0.00000003  -0.0000   0.6726  1-[ 3, 2, 1]
  76   24.234162   24.234162   0.00000000   0.00000000  -0.0000   0.4484  1-[ 9, 4, 1]
  77   26.533811   26.533811   0.00000000   0.00000000  -0.0000   0.4143  1-[11, 3, 0]
  78   26.756616  -37.968894   1.00000000   0.00000004  -0.0000   0.5824  1-[ 3, 1, 0]
  79   26.975858   26.975858   0.00000000   0.00000000  -0.0000   0.3835  1-[11, 2, 1]
  80   28.856709   28.856709   0.00000000   0.00000000  -0.0000   0.3981  1-[11, 1, 0]
  81   29.930130   29.930130   0.00000000   0.00000000  -0.0000   0.4038  1-[11,11, 0]
  82   31.227576   31.227576   0.00000000   0.00000000  -0.0000   0.3612  1-[11, 0, 1]
  83   31.532389   31.532389   0.00000000   0.00000000  -0.0000   0.5111  1-[11, 0, 1]
  84   31.567031   31.567031   0.00000000   0.00000000  -0.0000   0.3660  1-[11, 0, 1]
  85   31.684054   31.684054   0.00000000   0.00000000  -0.0000   0.3999  1-[11,10, 1]
  86   31.796594   31.796594   0.00000000   0.00000000  -0.0000   0.3919  1-[11, 2, 1]
  87   32.029055   32.029055   0.00000000   0.00000000  -0.0000   0.4676  1-[11, 6, 1]
  88   34.517896   34.517896   0.00000000   0.00000000  -0.0000   0.3970  1-[11, 8, 1]
  89   37.544225   37.544225   0.00000000   0.00000000  -0.0000   0.4884  1-[11, 6, 1]
  90   43.114723  -54.327002   1.00000000   0.00000000  -0.0000   0.8000  1-[ 1, 0, 1]
  91   43.856478  -55.068757   1.00000000   0.00000003  -0.0000   0.7961  1-[ 1, 1, 0]
  92   -3.133479   -3.133479   0.00000000   0.00000000  -0.0000   0.5766  3+[ 6, 5, 1]
  93   -1.565680   -9.646599   1.00000000   0.00000000  -0.0000   0.5943  3+[ 6, 3, 1]
  94   -1.194250   -1.194250   0.00000000   0.00000000  -0.0000   0.5337  3+[ 6, 4, 2]
  95   -0.469921   -0.469921   0.00000000   0.00000000  -0.0000   0.5380  3+[ 6, 3, 1]
  96    0.391618    0.391618   0.00000000   0.00000000  -0.0000   0.5449  3+[ 6, 4, 2]
  97    0.665021    0.665021   0.00000000   0.00000000  -0.0000   0.7490  3+[ 6, 0, 2]
  98    8.218664    8.218664   0.00000000   0.00000000  -0.0000   0.4173  3+[ 8, 3, 1]
  99    8.555849    8.555849   0.00000000   0.00000000  -0.0000   0.5061  3+[ 8, 5, 1]
 100    8.574167  -19.786446   1.00000000   0.00000000  -0.0000   0.8170  3+[ 4, 0, 2]
 101    8.800882    8.800882   0.00000000   0.00000000  -0.0000   0.6052  3+[ 8, 0, 2]
 102    9.164751    9.164751   0.00000000   0.00000000  -0.0000   0.4583  3+[ 8, 1, 1]
 103    9.817538    9.817538   0.00000000   0.00000000  -0.0000   0.4108  3+[ 8, 4, 2]
 104   10.724200  -21.936479   1.00000000   0.00000000  -0.0000   0.6650  3+[ 4, 1, 1]
 105   11.086645   11.086645   0.00000000   0.00000000  -0.0000   0.4197  3+[ 8, 7, 1]
 106   12.297915   12.297915   0.00000000   0.00000000  -0.0000   0.4625  3+[ 8, 6, 2]
 107   12.800233  -24.012512   1.00000000   0.00000000  -0.0000   0.7458  3+[ 4, 2, 2]
 108   16.982275   16.982275   0.00000000   0.00000000  -0.0000   0.5155  3+[ 8, 4, 2]
 109   17.388764  -28.601043   1.00000000   0.00000002  -0.0000   0.6120  3+[ 4, 3, 1]
 110   18.896103   18.896103   0.00000000   0.00000000  -0.0000   0.4145  3+[10, 9, 1]
 111   19.981745   19.981745   0.00000000   0.00000000  -0.0000   0.3757  3+[10, 1, 1]
 112   20.208216   20.208216   0.00000000   0.00000000  -0.0000   0.3158  3+[10, 3, 1]
 113   20.365473   20.365473   0.00000000   0.00000000  -0.0000   0.4228  3+[10, 3, 1]
 114   21.334577   21.334577   0.00000000   0.00000000  -0.0000   0.4832  3+[10, 0, 2]
 115   21.967743   21.967743   0.00000000   0.00000000  -0.0000   0.3115  3+[10, 6, 2]
 116   22.418432   22.418432   0.00000000   0.00000000  -0.0000   0.3863  3+[10, 8, 2]
 117   24.285554   24.285554   0.00000000   0.00000000  -0.0000   0.3592  3+[10, 8, 2]
 118   25.402050   25.402050   0.00000000   0.00000000  -0.0000   0.5238  3+[10, 5, 1]
 119   28.347362   28.347362   0.00000000   0.00000000  -0.0000   0.4185  3+[10, 6, 2]
 120   30.772034   30.772034   0.00000000   0.00000000  -0.0000   0.4403  3+[12, 9, 1]
 121   33.128808   33.128808   0.00000000   0.00000000  -0.0000   0.3588  3+[12, 3, 1]
 122   33.876716   33.876716   0.00000000   0.00000000  -0.0000   0.4153  3+[12,11, 1]
 123   34.050975  -45.263254   1.00000000   0.00000003  -0.0000   0.8887  3+[ 2, 0, 2]
 124   35.699143  -46.911422   1.00000000   0.00000003  -0.0000   0.8849  3+[ 2, 1, 1]
 125   35.939774   35.939774   0.00000000   0.00000000  -0.0000   0.4084  3+[12, 1, 1]
 126   36.732686   36.732686   0.00000000   0.00000000  -0.0000   0.3491  3+[12, 5, 1]
 127   37.712344   37.712344   0.00000000   0.00000000  -0.0000   0.3849  3+[12,10, 2]
 128   37.834081   37.834081   0.00000000   0.00000000  -0.0000   0.3569  3+[12, 0, 2]
 129   37.952988   37.952988   0.00000000   0.00000000  -0.0000   0.4769  3+[12, 7, 1]
 130   38.005920   38.005920   0.00000000   0.00000000  -0.0000   0.5789  3+[12, 0, 2]
 131   38.861048   38.861048   0.00000000   0.00000000  -0.0000   0.3958  3+[12,10, 2]
 132   42.099258   42.099258   0.00000000   0.00000000  -0.0000   0.3702  3+[12, 4, 2]
 133   42.192409   42.192409   0.00000000   0.00000000  -0.0000   0.5033  3+[12, 6, 2]
 134   -2.145809   -9.066470   1.00000000   0.00000000  -0.0000   0.6795  3-[ 5, 1, 2]
 135   -2.108802   -9.103476   1.00000000   0.00000002  -0.0000   0.8162  3-[ 5, 0, 1]
 136   -0.281923   -0.281923   0.00000000   0.00000000  -0.0000   0.5581  3-[ 7, 4, 1]
 137    0.987298  -12.199577   1.00000000   0.00000003  -0.0000   0.6075  3-[ 5, 4, 1]
 138    1.341032  -12.553311   1.00000000   0.00000005  -0.0000   0.6365  3-[ 5, 3, 2]
 139    5.251123    5.251123   0.00000000   0.00000000  -0.0000   0.5204  3-[ 7, 2, 1]
 140    5.282083    5.282083   0.00000000   0.00000000  -0.0000   0.6987  3-[ 7, 0, 1]
 141    5.900850    5.900850   0.00000000   0.00000000  -0.0000   0.4739  3-[ 7, 6, 1]
 142    6.516495    6.516495   0.00000000   0.00000000  -0.0000   0.5324  3-[ 7, 1, 2]
 143    7.869578    7.869578   0.00000000   0.00000000  -0.0000   0.5403  3-[ 7, 5, 2]
 144    7.875094  -19.087373   1.00000000   0.00000000  -0.0000   0.5930  3-[ 5, 2, 1]
 145    9.272070    9.272070   0.00000000   0.00000000  -0.0000   0.5721  3-[ 7, 3, 2]
 146   14.187517   14.187517   0.00000000   0.00000000  -0.0000   0.4731  3-[ 9, 8, 1]
 147   14.536599   14.536599   0.00000000   0.00000000  -0.0000   0.3947  3-[ 9, 0, 1]
 148   15.046846   15.046846   0.00000000   0.00000000  -0.0000   0.5931  3-[ 9, 0, 1]
 149   16.005307   16.005307   0.00000000   0.00000000  -0.0000   0.4272  3-[ 9, 1, 2]
 150   16.410366   16.410366   0.00000000   0.00000000  -0.0000   0.4574  3-[ 9, 1, 2]
 151   16.905505   16.905505   0.00000000   0.00000000  -0.0000   0.4288  3-[ 9, 2, 1]
 152   17.511900   17.511900   0.00000000   0.00000000  -0.0000   0.5014  3-[ 9, 4, 1]
 153   18.868468   18.868468   0.00000000   0.00000000  -0.0000   0.4589  3-[ 9, 7, 2]
 154   20.971644  -32.183922   1.00000000   0.00000001  -0.0000   0.8683  3-[ 3, 0, 1]
 155   23.825862  -35.038141   1.00000000   0.00000000  -0.0000   0.8408  3-[ 3, 1, 2]
 156   24.234162   24.234162   0.00000000   0.00000000  -0.0000   0.4933  3-[ 9, 5, 2]
 157   26.533811   26.533811   0.00000000   0.00000000  -0.0000   0.4439  3-[11, 8, 1]
 158   26.756616  -37.968894   1.00000000   0.00000000  -0.0000   0.7519  3-[ 3, 2, 1]
 159   26.975858   26.975858   0.00000000   0.00000000  -0.0000   0.4348  3-[11, 2, 1]
 160   28.856709   28.856709   0.00000000   0.00000000  -0.0000   0.4406  3-[11,10, 1]
 161   29.930130   29.930130   0.00000000   0.00000000  -0.0000   0.4116  3-[11, 0, 1]
 162   31.227573   31.227573   0.00000000   0.00000000  -0.0000   0.6256  3-[11, 0, 1]
 163   31.567030   31.567030   0.00000000   0.00000000  -0.0000   0.4092  3-[11, 3, 2]
 164   31.684054   31.684054   0.00000000   0.00000000  -0.0000   0.4461  3-[11, 1, 2]
 165   31.796594   31.796594   0.00000000   0.00000000  -0.0000   0.4408  3-[11, 9, 2]
 166   32.029055   32.029055   0.00000000   0.00000000  -0.0000   0.5084  3-[11, 6, 1]
 167   34.517896   34.517896   0.00000000   0.00000000  -0.0000   0.4195  3-[11, 3, 2]
 168   37.544225   37.544225   0.00000000   0.00000000  -0.0000   0.5020  3-[11, 5, 2]
 169   43.856478  -55.068757   1.00000000   0.00000000  -0.0000   0.9751  3-[ 1, 0, 1]
 170   -3.133479   -3.133479   0.00000000   0.00000000  -0.0000   0.5908  5+[ 6, 4, 2]
 171   -1.565680   -9.646599   1.00000000   0.00000000  -0.0000   0.5638  5+[ 6, 4, 2]
 172   -1.194250   -1.194250   0.00000000   0.00000000  -0.0000   0.6933  5+[ 6, 3, 3]
 173   -0.469921   -0.469921   0.00000000   0.00000000  -0.0000   0.8507  5+[ 6, 0, 2]
 174    0.391618    0.391618   0.00000000   0.00000000  -0.0000   0.7340  5+[ 6, 1, 3]
 175    8.218664    8.218664   0.00000000   0.00000000  -0.0000   0.6955  5+[ 8, 0, 2]
 176    8.555849    8.555849   0.00000000   0.00000000  -0.0000   0.5792  5+[ 8, 4, 2]
 177    9.164751    9.164751   0.00000000   0.00000000  -0.0000   0.4538  5+[ 8, 4, 2]
 178    9.817538    9.817538   0.00000000   0.00000000  -0.0000   0.5511  5+[ 8, 1, 3]
 179   10.724199  -21.936477   1.00000000   0.00000003  -0.0000   0.9106  5+[ 4, 0, 2]
 180   11.086645   11.086645   0.00000000   0.00000000  -0.0000   0.5321  5+[ 8, 6, 2]
 181   12.297915   12.297915   0.00000000   0.00000000  -0.0000   0.4906  5+[ 8, 5, 3]
 182   12.800233  -24.012512   1.00000000   0.00000003  -0.0000   0.8700  5+[ 4, 1, 3]
 183   16.982275   16.982275   0.00000000   0.00000000  -0.0000   0.5177  5+[ 8, 3, 3]
 184   17.388764  -28.601043   1.00000000   0.00000002  -0.0000   0.8097  5+[ 4, 2, 2]
 185   18.896103   18.896103   0.00000000   0.00000000  -0.0000   0.4634  5+[10, 8, 2]
 186   19.981745   19.981745   0.00000000   0.00000000  -0.0000   0.3520  5+[10, 6, 2]
 187   20.208216   20.208216   0.00000000   0.00000000  -0.0000   0.5582  5+[10, 0, 2]
 188   20.365473   20.365473   0.00000000   0.00000000  -0.0000   0.4137  5+[10, 8, 2]
 189   21.967742   21.967742   0.00000000   0.00000000  -0.0000   0.4189  5+[10, 1, 3]
 190   22.418432   22.418432   0.00000000   0.00000000  -0.0000   0.4024  5+[10, 1, 3]
 191   24.285554   24.285554   0.00000000   0.00000000  -0.0000   0.4417  5+[10, 7, 3]
 192   25.402050   25.402050   0.00000000   0.00000000  -0.0000   0.5140  5+[10, 6, 2]
 193   28.347362   28.347362   0.00000000   0.00000000  -0.0000   0.4808  5+[10, 5, 3]
 194   30.772034   30.772034   0.00000000   0.00000000  -0.0000   0.4547  5+[12, 4, 2]
 195   33.128808   33.128808   0.00000000   0.00000000  -0.0000   0.4346  5+[12,10, 2]
 196   33.876714   33.876714   0.00000000   0.00000000  -0.0000   0.4200  5+[12,10, 2]
 197   35.699143  -46.911422   1.00000000   0.00000000  -0.0000   0.9894  5+[ 2, 0, 2]
 198   35.939771   35.939771   0.00000000   0.00000000  -0.0000   0.3890  5+[12, 0, 2]
 199   36.732678   36.732678   0.00000000   0.00000000  -0.0000   0.6532  5+[12, 0, 2]
 200   37.712345   37.712345   0.00000000   0.00000000  -0.0000   0.4472  5+[12, 1, 3]
 201   37.834083   37.834083   0.00000000   0.00000000  -0.0000   0.4561  5+[12, 1, 3]
 202   37.952988   37.952988   0.00000000   0.00000000  -0.0000   0.5209  5+[12, 6, 2]
 203   38.861048   38.861048   0.00000000   0.00000000  -0.0000   0.4354  5+[12, 9, 3]
 204   42.099258   42.099258   0.00000000   0.00000000  -0.0000   0.3899  5+[12, 3, 3]
 205   42.192409   42.192409   0.00000000   0.00000000  -0.0000   0.4942  5+[12, 5, 3]
 206   -2.145809   -9.066470   1.00000000   0.00000000  -0.0000   0.8595  5-[ 5, 0, 3]
 207   -0.281923   -0.281923   0.00000000   0.00000000  -0.0000   0.5883  5-[ 7, 3, 2]
 208    0.987298  -12.199577   1.00000000   0.00000000  -0.0000   0.7440  5-[ 5, 1, 2]
 209    1.341032  -12.553311   1.00000000   0.00000003  -0.0000   0.7857  5-[ 5, 2, 3]
 210    5.251124    5.251124   0.00000000   0.00000000  -0.0000   0.5984  5-[ 7, 5, 2]
 211    5.900850    5.900850   0.00000000   0.00000000  -0.0000   0.5995  5-[ 7, 1, 2]
 212    6.516495    6.516495   0.00000000   0.00000000  -0.0000   0.7529  5-[ 7, 0, 3]
 213    7.869578    7.869578   0.00000000   0.00000000  -0.0000   0.5220  5-[ 7, 2, 3]
 214    7.875094  -19.087372   1.00000000   0.00000001  -0.0000   0.6847  5-[ 5, 3, 2]
 215    9.272070    9.272070   0.00000000   0.00000000  -0.0000   0.6031  5-[ 7, 4, 3]
 216   14.187517   14.187517   0.00000000   0.00000000  -0.0000   0.5057  5-[ 9, 1, 2]
 217   14.536598   14.536598   0.00000000   0.00000000  -0.0000   0.4834  5-[ 9, 1, 2]
 218   16.005307   16.005307   0.00000000   0.00000000  -0.0000   0.6618  5-[ 9, 0, 3]
 219   16.410366   16.410366   0.00000000   0.00000000  -0.0000   0.4735  5-[ 9, 4, 3]
 220   16.905505   16.905505   0.00000000   0.00000000  -0.0000   0.4833  5-[ 9, 7, 2]
 221   17.511901   17.511901   0.00000000   0.00000000  -0.0000   0.5493  5-[ 9, 5, 2]
 222   18.868468   18.868468   0.00000000   0.00000000  -0.0000   0.5277  5-[ 9, 6, 3]
 223   23.825862  -35.038141   1.00000000   0.00000001  -0.0000   0.9211  5-[ 3, 0, 3]
 224   24.234162   24.234162   0.00000000   0.00000000  -0.0000   0.5333  5-[ 9, 4, 3]
 225   26.533811   26.533811   0.00000000   0.00000000  -0.0000   0.4671  5-[11, 3, 2]
 226   26.756615  -37.968894   1.00000000   0.00000000  -0.0000   0.9209  5-[ 3, 1, 2]
 227   26.975858   26.975858   0.00000000   0.00000000  -0.0000   0.4861  5-[11, 9, 2]
 228   28.856708   28.856708   0.00000000   0.00000000  -0.0000   0.4864  5-[11, 1, 2]
 229   29.930128   29.930128   0.00000000   0.00000000  -0.0000   0.4509  5-[11, 1, 2]
 230   31.567033   31.567033   0.00000000   0.00000000  -0.0000   0.6847  5-[11, 0, 3]
 231   31.684054   31.684054   0.00000000   0.00000000  -0.0000   0.4173  5-[11, 4, 3]
 232   31.796594   31.796594   0.00000000   0.00000000  -0.0000   0.4563  5-[11, 2, 3]
 233   32.029055   32.029055   0.00000000   0.00000000  -0.0000   0.5209  5-[11, 5, 2]
 234   34.517896   34.517896   0.00000000   0.00000000  -0.0000   0.4497  5-[11, 8, 3]
 235   37.544225   37.544225   0.00000000   0.00000000  -0.0000   0.5305  5-[11, 6, 3]
 236   -3.133479   -3.133479   0.00000000   0.00000000  -0.0000   0.7878  7+[ 6, 1, 3]
 237   -1.565680   -9.646599   1.00000000   0.00000000  -0.0000   0.7278  7+[ 6, 3, 3]
 238   -1.194250   -1.194250   0.00000000   0.00000000  -0.0000   0.8171  7+[ 6, 2, 4]
 239    0.391618    0.391618   0.00000000   0.00000000  -0.0000   0.8773  7+[ 6, 0, 4]
 240    8.555849    8.555849   0.00000000   0.00000000  -0.0000   0.5792  7+[ 8, 3, 3]
 241    9.164751    9.164751   0.00000000   0.00000000  -0.0000   0.6026  7+[ 8, 1, 3]
 242    9.817538    9.817538   0.00000000   0.00000000  -0.0000   0.7216  7+[ 8, 0, 4]
 243   11.086645   11.086645   0.00000000   0.00000000  -0.0000   0.5609  7+[ 8, 5, 3]
 244   12.297915   12.297915   0.00000000   0.00000000  -0.0000   0.5204  7+[ 8, 2, 4]
 245   12.800233  -24.012512   1.00000000   0.00000000  -0.0000   0.9301  7+[ 4, 0, 4]
 246   16.982275   16.982275   0.00000000   0.00000000  -0.0000   0.5923  7+[ 8, 4, 4]
 247   17.388764  -28.601043   1.00000000   0.00000000  -0.0000   0.9349  7+[ 4, 1, 3]
 248   18.896103   18.896103   0.00000000   0.00000000  -0.0000   0.4797  7+[10, 1, 3]
 249   19.981744   19.981744   0.00000000   0.00000000  -0.0000   0.4686  7+[10, 1, 3]
 250   20.365473   20.365473   0.00000000   0.00000000  -0.0000   0.5067  7+[10, 7, 3]
 251   21.967743   21.967743   0.00000000   0.00000000  -0.0000   0.5924  7+[10, 0, 4]
 252   22.418433   22.418433   0.00000000   0.00000000  -0.0000   0.4247  7+[10, 4, 4]
 253   24.285554   24.285554   0.00000000   0.00000000  -0.0000   0.4775  7+[10, 6, 4]
 254   25.402050   25.402050   0.00000000   0.00000000  -0.0000   0.5889  7+[10, 5, 3]
 255   28.347362   28.347362   0.00000000   0.00000000  -0.0000   0.4990  7+[10, 4, 4]
 256   30.772034   30.772034   0.00000000   0.00000000  -0.0000   0.4775  7+[12, 3, 3]
 257   33.128808   33.128808   0.00000000   0.00000000  -0.0000   0.4760  7+[12, 9, 3]
 258   33.876716   33.876716   0.00000000   0.00000000  -0.0000   0.4850  7+[12, 1, 3]
 259   35.939774   35.939774   0.00000000   0.00000000  -0.0000   0.4921  7+[12, 1, 3]
 260   37.712344   37.712344   0.00000000   0.00000000  -0.0000   0.4392  7+[12, 4, 4]
 261   37.834077   37.834077   0.00000000   0.00000000  -0.0000   0.6895  7+[12, 0, 4]
 262   37.952988   37.952988   0.00000000   0.00000000  -0.0000   0.5104  7+[12, 5, 3]
 263   38.861048   38.861048   0.00000000   0.00000000  -0.0000   0.4567  7+[12, 2, 4]
 264   42.099258   42.099258   0.00000000   0.00000000  -0.0000   0.4495  7+[12, 8, 4]
 265   42.192409   42.192409   0.00000000   0.00000000  -0.0000   0.5557  7+[12, 6, 4]
 266   -0.281923   -0.281923   0.00000000   0.00000000  -0.0000   0.6170  7-[ 7, 4, 3]
 267    0.987297  -12.199576   1.00000000   0.00000002  -0.0000   0.9279  7-[ 5, 0, 3]
 268    1.341032  -12.553311   1.00000000   0.00000005  -0.0000   0.8839  7-[ 5, 1, 4]
 269    5.251123    5.251123   0.00000000   0.00000000  -0.0000   0.5735  7-[ 7, 2, 3]
 270    5.900850    5.900850   0.00000000   0.00000000  -0.0000   0.8359  7-[ 7, 0, 3]
 271    7.869578    7.869578   0.00000000   0.00000000  -0.0000   0.7504  7-[ 7, 1, 4]
 272    7.875094  -19.087372   1.00000000   0.00000000  -0.0000   0.8386  7-[ 5, 2, 3]
 273    9.272070    9.272070   0.00000000   0.00000000  -0.0000   0.7417  7-[ 7, 3, 4]
 274   14.187517   14.187517   0.00000000   0.00000000  -0.0000   0.5194  7-[ 9, 4, 3]
 275   14.536599   14.536599   0.00000000   0.00000000  -0.0000   0.7383  7-[ 9, 0, 3]
 276   16.410367   16.410367   0.00000000   0.00000000  -0.0000   0.6352  7-[ 9, 1, 4]
 277   16.905505   16.905505   0.00000000   0.00000000  -0.0000   0.5531  7-[ 9, 6, 3]
 278   17.511901   17.511901   0.00000000   0.00000000  -0.0000   0.5918  7-[ 9, 4, 3]
 279   18.868468   18.868468   0.00000000   0.00000000  -0.0000   0.5299  7-[ 9, 5, 4]
 280   24.234162   24.234162   0.00000000   0.00000000  -0.0000   0.5167  7-[ 9, 5, 4]
 281   26.533811   26.533811   0.00000000   0.00000000  -0.0000   0.4991  7-[11, 8, 3]
 282   26.756616  -37.968895   1.00000000   0.00000004  -0.0000   0.9947  7-[ 3, 0, 3]
 283   26.975858   26.975858   0.00000000   0.00000000  -0.0000   0.5006  7-[11, 2, 3]
 284   28.856709   28.856709   0.00000000   0.00000000  -0.0000   0.4515  7-[11, 4, 3]
 285   29.930131   29.930131   0.00000000   0.00000000  -0.0000   0.7439  7-[11, 0, 3]
 286   31.684054   31.684054   0.00000000   0.00000000  -0.0000   0.5796  7-[11, 1, 4]
 287   31.796594   31.796594   0.00000000   0.00000000  -0.0000   0.4666  7-[11, 1, 4]
 288   32.029055   32.029055   0.00000000   0.00000000  -0.0000   0.5491  7-[11, 6, 3]
 289   34.517896   34.517896   0.00000000   0.00000000  -0.0000   0.5167  7-[11, 7, 4]
 290   37.544225   37.544225   0.00000000   0.00000000  -0.0000   0.5824  7-[11, 5, 4]
 291   -3.133479   -3.133479   0.00000000   0.00000000  -0.0000   0.9342  9+[ 6, 0, 4]
 292   -1.565680   -9.646598   1.00000000   0.00000000  -0.0000   0.8535  9+[ 6, 2, 4]
 293   -1.194250   -1.194250   0.00000000   0.00000000  -0.0000   0.8988  9+[ 6, 1, 5]
 294    8.555849    8.555849   0.00000000   0.00000000  -0.0000   0.6604  9+[ 8, 4, 4]
 295    9.164751    9.164751   0.00000000   0.00000000  -0.0000   0.7828  9+[ 8, 0, 4]
 296   11.086645   11.086645   0.00000000   0.00000000  -0.0000   0.5919  9+[ 8, 2, 4]
 297   12.297915   12.297915   0.00000000   0.00000000  -0.0000   0.6967  9+[ 8, 1, 5]
 298   16.982275   16.982275   0.00000000   0.00000000  -0.0000   0.7029  9+[ 8, 3, 5]
 299   17.388764  -28.601043   1.00000000   0.00000000  -0.0000   0.9916  9+[ 4, 0, 4]
 300   18.896103   18.896103   0.00000000   0.00000000  -0.0000   0.5038  9+[10, 4, 4]
 301   19.981746   19.981746   0.00000000   0.00000000  -0.0000   0.6575  9+[10, 0, 4]
 302   20.365473   20.365473   0.00000000   0.00000000  -0.0000   0.5459  9+[10, 6, 4]
 303   22.418432   22.418432   0.00000000   0.00000000  -0.0000   0.5819  9+[10, 1, 5]
 304   24.285554   24.285554   0.00000000   0.00000000  -0.0000   0.4627  9+[10, 5, 5]
 305   25.402050   25.402050   0.00000000   0.00000000  -0.0000   0.6095  9+[10, 4, 4]
 306   28.347362   28.347362   0.00000000   0.00000000  -0.0000   0.5165  9+[10, 5, 5]
 307   30.772034   30.772034   0.00000000   0.00000000  -0.0000   0.5491  9+[12, 8, 4]
 308   33.128808   33.128808   0.00000000   0.00000000  -0.0000   0.4975  9+[12, 2, 4]
 309   33.876714   33.876714   0.00000000   0.00000000  -0.0000   0.4739  9+[12, 4, 4]
 310   35.939768   35.939768   0.00000000   0.00000000  -0.0000   0.7381  9+[12, 0, 4]
 311   37.712345   37.712345   0.00000000   0.00000000  -0.0000   0.5988  9+[12, 1, 5]
 312   37.952988   37.952988   0.00000000   0.00000000  -0.0000   0.5728  9+[12, 6, 4]
 313   38.861048   38.861048   0.00000000   0.00000000  -0.0000   0.4609  9+[12, 5, 5]
 314   42.099258   42.099258   0.00000000   0.00000000  -0.0000   0.4935  9+[12, 7, 5]
 315   42.192409   42.192409   0.00000000   0.00000000  -0.0000   0.5904  9+[12, 5, 5]
 316   -0.281923   -0.281923   0.00000000   0.00000000  -0.0000   0.7556  9-[ 7, 3, 4]
 317    1.341032  -12.553311   1.00000000   0.00000003  -0.0000   0.9317  9-[ 5, 0, 5]
 318    5.251124    5.251124   0.00000000   0.00000000  -0.0000   0.8194  9-[ 7, 1, 4]
 319    7.869578    7.869578   0.00000000   0.00000000  -0.0000   0.8664  9-[ 7, 0, 5]
 320    7.875094  -19.087372   1.00000000   0.00000003  -0.0000   0.9375  9-[ 5, 1, 4]
 321    9.272070    9.272070   0.00000000   0.00000000  -0.0000   0.8486  9-[ 7, 2, 5]
 322   14.187517   14.187517   0.00000000   0.00000000  -0.0000   0.6925  9-[ 9, 1, 4]
 323   16.410366   16.410366   0.00000000   0.00000000  -0.0000   0.7923  9-[ 9, 0, 5]
 324   16.905505   16.905505   0.00000000   0.00000000  -0.0000   0.5531  9-[ 9, 5, 4]
 325   17.511901   17.511901   0.00000000   0.00000000  -0.0000   0.5717  9-[ 9, 5, 4]
 326   18.868468   18.868468   0.00000000   0.00000000  -0.0000   0.6089  9-[ 9, 2, 5]
 327   24.234162   24.234162   0.00000000   0.00000000  -0.0000   0.6345  9-[ 9, 4, 5]
 328   26.533811   26.533811   0.00000000   0.00000000  -0.0000   0.5717  9-[11, 7, 4]
 329   26.975858   26.975858   0.00000000   0.00000000  -0.0000   0.5098  9-[11, 1, 4]
 330   28.856708   28.856708   0.00000000   0.00000000  -0.0000   0.6231  9-[11, 1, 4]
 331   31.684056   31.684056   0.00000000   0.00000000  -0.0000   0.7727  9-[11, 0, 5]
 332   31.796594   31.796594   0.00000000   0.00000000  -0.0000   0.4993  9-[11, 4, 5]
 333   32.029056   32.029056   0.00000000   0.00000000  -0.0000   0.6015  9-[11, 5, 4]
 334   34.517896   34.517896   0.00000000   0.00000000  -0.0000   0.5362  9-[11, 6, 5]
 335   37.544225   37.544225   0.00000000   0.00000000  -0.0000   0.5870  9-[11, 4, 5]
 336   -1.565680   -9.646599   1.00000000   0.00000000  -0.0000   0.9349 11+[ 6, 1, 5]
 337   -1.194250   -1.194250   0.00000000   0.00000000  -0.0000   0.9387 11+[ 6, 0, 6]
 338    8.555849    8.555849   0.00000000   0.00000000  -0.0000   0.7814 11+[ 8, 3, 5]
 339   11.086645   11.086645   0.00000000   0.00000000  -0.0000   0.7892 11+[ 8, 1, 5]
 340   12.297914   12.297914   0.00000000   0.00000000  -0.0000   0.7860 11+[ 8, 0, 6]
 341   16.982275   16.982275   0.00000000   0.00000000  -0.0000   0.7879 11+[ 8, 2, 6]
 342   18.896103   18.896103   0.00000000   0.00000000  -0.0000   0.6873 11+[10, 1, 5]
 343   20.365473   20.365473   0.00000000   0.00000000  -0.0000   0.5274 11+[10, 5, 5]
 344   22.418432   22.418432   0.00000000   0.00000000  -0.0000   0.7018 11+[10, 0, 6]
 345   24.285554   24.285554   0.00000000   0.00000000  -0.0000   0.5698 11+[10, 2, 6]
 346   25.402050   25.402050   0.00000000   0.00000000  -0.0000   0.6295 11+[10, 5, 5]
 347   28.347362   28.347362   0.00000000   0.00000000  -0.0000   0.6160 11+[10, 4, 6]
 348   30.772034   30.772034   0.00000000   0.00000000  -0.0000   0.6015 11+[12, 7, 5]
 349   33.128808   33.128808   0.00000000   0.00000000  -0.0000   0.5006 11+[12, 5, 5]
 350   33.876716   33.876716   0.00000000   0.00000000  -0.0000   0.6434 11+[12, 1, 5]
 351   37.712344   37.712344   0.00000000   0.00000000  -0.0000   0.7660 11+[12, 0, 6]
 352   37.952988   37.952988   0.00000000   0.00000000  -0.0000   0.6075 11+[12, 5, 5]
 353   38.861048   38.861048   0.00000000   0.00000000  -0.0000   0.4889 11+[12, 2, 6]
 354   42.099258   42.099258   0.00000000   0.00000000  -0.0000   0.4974 11+[12, 6, 6]
 355   42.192409   42.192409   0.00000000   0.00000000  -0.0000   0.5822 11+[12, 4, 6]
 356   -0.281923   -0.281923   0.00000000   0.00000000  -0.0000   0.8615 11-[ 7, 2, 5]
 357    5.251123    5.251123   0.00000000   0.00000000  -0.0000   0.9414 11-[ 7, 0, 5]
 358    7.875094  -19.087373   1.00000000   0.00000002  -0.0000   0.9833 11-[ 5, 0, 5]
 359    9.272070    9.272070   0.00000000   0.00000000  -0.0000   0.9193 11-[ 7, 1, 6]
 360   14.187517   14.187517   0.00000000   0.00000000  -0.0000   0.8593 11-[ 9, 0, 5]
 361   16.905505   16.905505   0.00000000   0.00000000  -0.0000   0.6332 11-[ 9, 2, 5]
 362   17.511901   17.511901   0.00000000   0.00000000  -0.0000   0.7002 11-[ 9, 4, 5]
 363   18.868468   18.868468   0.00000000   0.00000000  -0.0000   0.7772 11-[ 9, 1, 6]
 364   24.234162   24.234162   0.00000000   0.00000000  -0.0000   0.7343 11-[ 9, 3, 6]
 365   26.533811   26.533811   0.00000000   0.00000000  -0.0000   0.5918 11-[11, 6, 5]
 366   26.975858   26.975858   0.00000000   0.00000000  -0.0000   0.5436 11-[11, 4, 5]
 367   28.856711   28.856711   0.00000000   0.00000000  -0.0000   0.8266 11-[11, 0, 5]
 368   31.796594   31.796594   0.00000000   0.00000000  -0.0000   0.7040 11-[11, 1, 6]
 369   32.029056   32.029056   0.00000000   0.00000000  -0.0000   0.6051 11-[11, 4, 5]
 370   34.517896   34.517896   0.00000000   0.00000000  -0.0000   0.5067 11-[11, 5, 6]
 371   37.544225   37.544225   0.00000000   0.00000000  -0.0000   0.6442 11-[11, 5, 6]
 372   -1.565680   -9.646599   1.00000000   0.00000003  -0.0000   0.9731 13+[ 6, 0, 6]
 373    8.555849    8.555849   0.00000000   0.00000000  -0.0000   0.8736 13+[ 8, 2, 6]
 374   11.086645   11.086645   0.00000000   0.00000000  -0.0000   0.8872 13+[ 8, 0, 6]
 375   16.982275   16.982275   0.00000000   0.00000000  -0.0000   0.8442 13+[ 8, 1, 7]
 376   18.896102   18.896102   0.00000000   0.00000000  -0.0000   0.8261 13+[10, 0, 6]
 377   20.365473   20.365473   0.00000000   0.00000000  -0.0000   0.6479 13+[10, 2, 6]
 378   24.285554   24.285554   0.00000000   0.00000000  -0.0000   0.7029 13+[10, 1, 7]
 379   25.402050   25.402050   0.00000000   0.00000000  -0.0000   0.7493 13+[10, 4, 6]
 380   28.347362   28.347362   0.00000000   0.00000000  -0.0000   0.6996 13+[10, 3, 7]
 381   30.772034   30.772034   0.00000000   0.00000000  -0.0000   0.6051 13+[12, 6, 6]
 382   33.128808   33.128808   0.00000000   0.00000000  -0.0000   0.5297 13+[12, 2, 6]
 383   33.876714   33.876714   0.00000000   0.00000000  -0.0000   0.8202 13+[12, 0, 6]
 384   37.952988   37.952988   0.00000000   0.00000000  -0.0000   0.5981 13+[12, 4, 6]
 385   38.861048   38.861048   0.00000000   0.00000000  -0.0000   0.6929 13+[12, 1, 7]
 386   42.099258   42.099258   0.00000000   0.00000000  -0.0000   0.4741 13+[12, 3, 7]
 387   42.192409   42.192409   0.00000000   0.00000000  -0.0000   0.6732 13+[12, 5, 7]
 388   -0.281923   -0.281923   0.00000000   0.00000000  -0.0000   0.9306 13-[ 7, 1, 6]
 389    9.272070    9.272070   0.00000000   0.00000000  -0.0000   0.9540 13-[ 7, 0, 7]
 390   16.905505   16.905505   0.00000000   0.00000000  -0.0000   0.8059 13-[ 9, 1, 6]
 391   17.511901   17.511901   0.00000000   0.00000000  -0.0000   0.8086 13-[ 9, 3, 6]
 392   18.868468   18.868468   0.00000000   0.00000000  -0.0000   0.8622 13-[ 9, 0, 7]
 393   24.234162   24.234162   0.00000000   0.00000000  -0.0000   0.8107 13-[ 9, 2, 7]
 394   26.533811   26.533811   0.00000000   0.00000000  -0.0000   0.5580 13-[11, 5, 6]
 395   26.975858   26.975858   0.00000000   0.00000000  -0.0000   0.7642 13-[11, 1, 6]
 396   31.796594   31.796594   0.00000000   0.00000000  -0.0000   0.8283 13-[11, 0, 7]
 397   32.029056   32.029056   0.00000000   0.00000000  -0.0000   0.6628 13-[11, 5, 6]
 398   34.517896   34.517896   0.00000000   0.00000000  -0.0000   0.6634 13-[11, 2, 7]
 399   37.544225   37.544225   0.00000000   0.00000000  -0.0000   0.7516 13-[11, 4, 7]
 400    8.555849    8.555849   0.00000000   0.00000000  -0.0000   0.9339 15+[ 8, 1, 7]
 401   16.982275   16.982275   0.00000000   0.00000000  -0.0000   0.8718 15+[ 8, 0, 8]
 402   20.365473   20.365473   0.00000000   0.00000000  -0.0000   0.7974 15+[10, 1, 7]
 403   24.285554   24.285554   0.00000000   0.00000000  -0.0000   0.7700 15+[10, 0, 8]
 404   25.402050   25.402050   0.00000000   0.00000000  -0.0000   0.8496 15+[10, 3, 7]
 405   28.347362   28.347362   0.00000000   0.00000000  -0.0000   0.7636 15+[10, 2, 8]
 406   30.772034   30.772034   0.00000000   0.00000000  -0.0000   0.5757 15+[12, 3, 7]
 407   33.128808   33.128808   0.00000000   0.00000000  -0.0000   0.7491 15+[12, 1, 7]
 408   37.952988   37.952988   0.00000000   0.00000000  -0.0000   0.6907 15+[12, 5, 7]
 409   38.861049   38.861049   0.00000000   0.00000000  -0.0000   0.8001 15+[12, 0, 8]
 410   42.099258   42.099258   0.00000000   0.00000000  -0.0000   0.6380 15+[12, 2, 8]
 411   42.192409   42.192409   0.00000000   0.00000000  -0.0000   0.7722 15+[12, 4, 8]
 412   -0.281923   -0.281923   0.00000000   0.00000000  -0.0000   0.9632 15-[ 7, 0, 7]
 413   16.905505   16.905505   0.00000000   0.00000000  -0.0000   0.8918 15-[ 9, 0, 7]
 414   17.511901   17.511901   0.00000000   0.00000000  -0.0000   0.8910 15-[ 9, 2, 7]
 415   24.234162   24.234162   0.00000000   0.00000000  -0.0000   0.8614 15-[ 9, 1, 8]
 416   26.533811   26.533811   0.00000000   0.00000000  -0.0000   0.7291 15-[11, 2, 7]
 417   26.975858   26.975858   0.00000000   0.00000000  -0.0000   0.8969 15-[11, 0, 7]
 418   32.029056   32.029056   0.00000000   0.00000000  -0.0000   0.7722 15-[11, 4, 7]
 419   34.517896   34.517896   0.00000000   0.00000000  -0.0000   0.7975 15-[11, 1, 8]
 420   37.544225   37.544225   0.00000000   0.00000000  -0.0000   0.8415 15-[11, 3, 8]
 421    8.555849    8.555849   0.00000000   0.00000000  -0.0000   0.9627 17+[ 8, 0, 8]
 422   20.365473   20.365473   0.00000000   0.00000000  -0.0000   0.8718 17+[10, 0, 8]
 423   25.402050   25.402050   0.00000000   0.00000000  -0.0000   0.9258 17+[10, 2, 8]
 424   28.347362   28.347362   0.00000000   0.00000000  -0.0000   0.8060 17+[10, 1, 9]
 425   30.772034   30.772034   0.00000000   0.00000000  -0.0000   0.7735 17+[12, 2, 8]
 426   33.128808   33.128808   0.00000000   0.00000000  -0.0000   0.8633 17+[12, 0, 8]
 427   37.952988   37.952988   0.00000000   0.00000000  -0.0000   0.7913 17+[12, 4, 8]
 428   42.099258   42.099258   0.00000000   0.00000000  -0.0000   0.7516 17+[12, 1, 9]
 429   42.192409   42.192409   0.00000000   0.00000000  -0.0000   0.8547 17+[12, 3, 9]
 430   17.511901   17.511901   0.00000000   0.00000000  -0.0000   0.9450 17-[ 9, 1, 8]
 431   24.234162   24.234162   0.00000000   0.00000000  -0.0000   0.8864 17-[ 9, 0, 9]
 432   26.533811   26.533811   0.00000000   0.00000000  -0.0000   0.8749 17-[11, 1, 8]
 433   32.029056   32.029056   0.00000000   0.00000000  -0.0000   0.8633 17-[11, 3, 8]
 434   34.517896   34.517896   0.00000000   0.00000000  -0.0000   0.8650 17-[11, 0, 9]
 435   37.544225   37.544225   0.00000000   0.00000000  -0.0000   0.9100 17-[11, 2, 9]
 436   25.402050   25.402050   0.00000000   0.00000000  -0.0000   0.9759 19+[10, 1, 9]
 437   28.347362   28.347362   0.00000000   0.00000000  -0.0000   0.8270 19+[10, 0,10]
 438   30.772034   30.772034   0.00000000   0.00000000  -0.0000   0.9100 19+[12, 1, 9]
 439   37.952988   37.952988   0.00000000   0.00000000  -0.0000   0.8748 19+[12, 3, 9]
 440   42.099258   42.099258   0.00000000   0.00000000  -0.0000   0.8088 19+[12, 0,10]
 441   42.192409   42.192409   0.00000000   0.00000000  -0.0000   0.9175 19+[12, 2,10]
 442   17.511900   17.511900   0.00000000   0.00000000  -0.0000   0.9709 19-[ 9, 0, 9]
 443   26.533811   26.533811   0.00000000   0.00000000  -0.0000   0.9475 19-[11, 0, 9]
 444   32.029056   32.029056   0.00000000   0.00000000  -0.0000   0.9325 19-[11, 2, 9]
 445   37.544225   37.544225   0.00000000   0.00000000  -0.0000   0.9555 19-[11, 1,10]
 446   25.402050   25.402050   0.00000000   0.00000000  -0.0000   1.0000 21+[10, 0,10]
 447   30.772034   30.772034   0.00000000   0.00000000  -0.0000   0.9780 21+[12, 0,10]
 448   37.952988   37.952988   0.00000000   0.00000000  -0.0000   0.9381 21+[12, 2,10]
 449   42.192409   42.192409   0.00000000   0.00000000  -0.0000   0.9592 21+[12, 1,11]
 450   32.029055   32.029055   0.00000000   0.00000000  -0.0000   0.9780 21-[11, 1,10]
 451   37.544225   37.544225   0.00000000   0.00000000  -0.0000   0.9780 21-[11, 0,11]
 452   37.952988   37.952988   0.00000000   0.00000000  -0.0000   0.9798 23+[12, 1,11]
 453   42.192409   42.192409   0.00000000   0.00000000  -0.0000   0.9798 23+[12, 0,12]
 454   32.029055   32.029055   0.00000000   0.00000000  -0.0000   1.0000 23-[11, 0,11]
 455   37.952988   37.952988   0.00000000   0.00000000  -0.0000   1.0000 25+[12, 0,12]
  Sum canonical e_v*V^2_k=  -3127.3713332433131     


 #quasiparticle energies protons 
 --------------------------------
  eqp(k) -> q.p. energy 
  e(k)   -> referent s.p. energy 
  p(k)   -> occ.probability 
  del(k) -> referent s.p. gap 
  fermi energy alast=  -9.6322050953522069     
  #k  block#    eqp(k)     e(k)       (1-2N)E      decay        p(k)        del(k)    overl      labels
   1    1     2.919048   -9.632205   -2.919048    1.366375    1.00000000   0.0000   0.7082  1+[ 4, 0, 0]
   2    1     3.899138  -10.612295   -3.899138    1.434206    1.00000000   0.0000   0.5764  1+[ 4, 1, 1]
   3    1     5.804796  -12.517953   -5.804796    1.557663    1.00000000   0.0000   0.5701  1+[ 4, 4, 0]
   4    1     5.957851   -0.755306    5.957851    1.567157    0.00000000   0.0000   0.5177  1+[ 6, 4, 0]
   5    1     8.359859  -15.073017   -8.359859    1.709256    1.00000000   0.0000   0.5602  1+[ 4, 3, 1]
   6    1    13.010278  -19.723436  -13.010278    1.955232    1.00000000   0.0000   0.6131  1+[ 4, 2, 0]
   7    1    13.744159    7.031001   13.744159    1.991275    0.00000000   0.0000   0.4738  1+[ 6, 5, 1]
   8    1    14.230819    7.517661   14.230819    2.014821    0.00000000   0.0000   0.5638  1+[ 6, 3, 1]
   9    1    16.678770    9.965612   16.678770    2.129315    0.00000000   0.0000   0.5309  1+[ 6, 5, 1]
  10    1    17.082322   10.369165   17.082322    2.147604    0.00000000   0.0000   0.5225  1+[ 6, 6, 0]
  11    1    17.905172   11.192015   17.905172    2.184420    0.00000000   0.0000   0.4637  1+[ 6, 3, 1]
  12    1    17.914639   11.201482   17.914639    2.184840    0.00000000   0.0000   0.6426  1+[ 6, 0, 0]
  13    1    24.611349   17.898191   24.611349    2.464047    0.00000000   0.0000   0.5044  1+[ 8, 4, 0]
  14    1    25.865411   19.152254   25.865411    2.512887    0.00000000   0.0000   0.4814  1+[ 8, 0, 0]
  15    1    25.943103   19.229946   25.943103    2.515881    0.00000000   0.0000   0.3886  1+[ 8, 8, 0]
  16    1    26.246642  -32.959799  -26.246642    2.527547    1.00000000   0.0000   0.7451  1+[ 2, 0, 0]
  17    1    26.288585   19.575428   26.288585    2.529154    0.00000000   0.0000   0.3364  1+[ 8, 3, 1]
  18    1    26.982154   20.268996   26.982154    2.555593    0.00000000   0.0000   0.3608  1+[ 8, 1, 1]
  19    1    27.434485   20.721328   27.434485    2.572689    0.00000000   0.0000   0.3942  1+[ 8, 1, 1]
  20    1    29.021505   22.308348   29.021505    2.631793    0.00000000   0.0000   0.4372  1+[ 8, 2, 0]
  21    1    29.298736  -36.011894  -29.298736    2.641982    1.00000000   0.0000   0.7650  1+[ 2, 1, 1]
  22    1    30.041138   23.327981   30.041138    2.669076    0.00000000   0.0000   0.3738  1+[ 8, 2, 0]
  23    1    30.909170  -37.622328  -30.909170    2.700410    1.00000000   0.0000   0.6193  1+[ 2, 2, 0]
  24    1    33.446719   26.733562   33.446719    2.789993    0.00000000   0.0000   0.4803  1+[ 8, 5, 1]
  25    1    36.193384   29.480227   36.193384    2.883823    0.00000000   0.0000   0.3714  1+[10, 2, 0]
  26    1    37.626518   30.913360   37.626518    2.931590    0.00000000   0.0000   0.3016  1+[10,10, 0]
  27    1    38.082172   31.369015   38.082172    2.946614    0.00000000   0.0000   0.3790  1+[10, 8, 0]
  28    1    38.182124   31.468967   38.182124    2.949900    0.00000000   0.0000   0.2916  1+[ 8, 8, 0]
  29    1    38.560269   31.847112   38.560269    2.962297    0.00000000   0.0000   0.3906  1+[ 8, 0, 0]
  30    1    39.065558   32.352401   39.065558    2.978782    0.00000000   0.0000   0.2631  1+[ 8, 3, 1]
  31    1    39.087232   32.374075   39.087232    2.979487    0.00000000   0.0000   0.3413  1+[10, 9, 1]
  32    1    39.463097   32.749940   39.463097    2.991688    0.00000000   0.0000   0.3102  1+[10, 1, 1]
  33    1    40.643851   33.930694   40.643851    3.029696    0.00000000   0.0000   0.3790  1+[10, 3, 1]
  34    1    42.373304   35.660146   42.373304    3.084521    0.00000000   0.0000   0.4732  1+[10, 6, 0]
  35    1    45.435240  -52.148397  -45.435240    3.179270    1.00000000   0.0000   0.9372  1+[ 0, 0, 0]
  36    1    45.901990   39.188833   45.901990    3.193466    0.00000000   0.0000   0.4397  1+[10, 5, 1]
  37    1    48.044251   41.331094   48.044251    3.257830    0.00000000   0.0000   0.4140  1+[12, 4, 0]
  38    1    50.975960   44.262803   50.975960    3.343904    0.00000000   0.0000   0.3722  1+[12,10, 0]
  39    1    52.539349   45.826192   52.539349    3.388912    0.00000000   0.0000   0.3533  1+[12,11, 1]
  40    1    54.729379   48.016221   54.729379    3.450972    0.00000000   0.0000   0.3587  1+[12,12, 0]
  41    1    55.657782   48.944625   55.657782    3.476947    0.00000000   0.0000   0.4769  1+[12, 6, 0]
  42    1    55.767247   49.054090   55.767247    3.479997    0.00000000   0.0000   0.3750  1+[12,11, 1]
  43    1    56.051528   49.338370   56.051528    3.487905    0.00000000   0.0000   0.3638  1+[12, 1, 1]
  44    1    56.323211   49.610053   56.323211    3.495445    0.00000000   0.0000   0.3348  1+[12,10, 0]
  45    1    56.337140   49.623982   56.337140    3.495831    0.00000000   0.0000   0.3705  1+[12, 0, 0]
  46    1    56.615269   49.902111   56.615269    3.503533    0.00000000   0.0000   0.4748  1+[12, 0, 0]
  47    1    57.434771   50.721613   57.434771    3.526129    0.00000000   0.0000   0.3012  1+[12, 0, 0]
  48    1    57.704453   50.991296   57.704453    3.533534    0.00000000   0.0000   0.3696  1+[12, 9, 1]
  49    1    59.364813   52.651655   59.364813    3.578782    0.00000000   0.0000   0.4596  1+[12, 7, 1]
  50    2     3.056591   -3.656567    3.056591    1.376096    0.00000000   0.0000   0.5520  1-[ 5, 2, 1]
  51    2     3.603759  -10.316916   -3.603759    1.414106    1.00000000   0.0000   0.5817  1-[ 5, 3, 0]
  52    2     4.264567   -2.448590    4.264567    1.458690    0.00000000   0.0000   0.5433  1-[ 5, 1, 0]
  53    2     6.931530    0.218373    6.931530    1.626255    0.00000000   0.0000   0.5472  1-[ 5, 4, 1]
  54    2     7.900562    1.187405    7.900562    1.683012    0.00000000   0.0000   0.5256  1-[ 5, 5, 0]
  55    2     8.810762    2.097604    8.810762    1.734633    0.00000000   0.0000   0.6672  1-[ 5, 0, 1]
  56    2    14.910411  -21.623568  -14.910411    2.047249    1.00000000   0.0000   0.7006  1-[ 3, 0, 1]
  57    2    15.551117    8.837960   15.551117    2.077357    0.00000000   0.0000   0.4940  1-[ 7, 4, 1]
  58    2    15.971475  -22.684633  -15.971475    2.096876    1.00000000   0.0000   0.5998  1-[ 3, 3, 0]
  59    2    19.241229  -25.954386  -19.241229    2.242912    1.00000000   0.0000   0.6734  1-[ 3, 2, 1]
  60    2    22.190506  -28.903663  -22.190506    2.366919    1.00000000   0.0000   0.5801  1-[ 3, 1, 0]
  61    2    22.809250   16.096092   22.809250    2.392119    0.00000000   0.0000   0.4447  1-[ 7, 2, 1]
  62    2    23.399034   16.685876   23.399034    2.415895    0.00000000   0.0000   0.4100  1-[ 7, 7, 0]
  63    2    23.646104   16.932947   23.646104    2.425786    0.00000000   0.0000   0.5465  1-[ 7, 0, 1]
  64    2    23.967350   17.254192   23.967350    2.438587    0.00000000   0.0000   0.4628  1-[ 7, 1, 0]
  65    2    24.446984   17.733826   24.446984    2.457574    0.00000000   0.0000   0.4122  1-[ 7, 6, 1]
  66    2    24.745315   18.032157   24.745315    2.469311    0.00000000   0.0000   0.5425  1-[ 7, 4, 1]
  67    2    25.074999   18.361842   25.074999    2.482216    0.00000000   0.0000   0.4788  1-[ 7, 2, 1]
  68    2    31.835634   25.122477   31.835634    2.733457    0.00000000   0.0000   0.3960  1-[ 9, 1, 0]
  69    2    31.997742   25.284585   31.997742    2.739199    0.00000000   0.0000   0.3889  1-[ 9, 9, 0]
  70    2    32.732957   26.019800   32.732957    2.765088    0.00000000   0.0000   0.3200  1-[ 9, 0, 1]
  71    2    33.174646   26.461488   33.174646    2.780526    0.00000000   0.0000   0.3332  1-[ 9, 0, 1]
  72    2    33.396840   26.683683   33.396840    2.788260    0.00000000   0.0000   0.4417  1-[ 9, 0, 1]
  73    2    33.406513   26.693355   33.406513    2.788596    0.00000000   0.0000   0.4204  1-[ 9, 8, 1]
  74    2    33.764260   27.051103   33.764260    2.801001    0.00000000   0.0000   0.4893  1-[ 9, 5, 0]
  75    2    34.824917   28.111760   34.824917    2.837462    0.00000000   0.0000   0.4205  1-[ 9, 7, 0]
  76    2    36.463070   29.749912   36.463070    2.892872    0.00000000   0.0000   0.3988  1-[ 9, 2, 1]
  77    2    38.139883  -44.853040  -38.139883    2.948512    1.00000000   0.0000   0.7896  1-[ 1, 0, 1]
  78    2    38.818048  -45.531205  -38.818048    2.970718    1.00000000   0.0000   0.7835  1-[ 1, 1, 0]
  79    2    41.092998   34.379841   41.092998    3.044029    0.00000000   0.0000   0.4704  1-[ 9, 4, 1]
  80    2    44.356630   37.643473   44.356630    3.146219    0.00000000   0.0000   0.4080  1-[11, 3, 0]
  81    2    44.847793   38.134635   44.847793    3.161312    0.00000000   0.0000   0.3822  1-[11, 2, 1]
  82    2    47.365103   40.651946   47.365103    3.237563    0.00000000   0.0000   0.3912  1-[11, 1, 0]
  83    2    48.973117   42.259959   48.973117    3.285345    0.00000000   0.0000   0.3908  1-[11, 2, 1]
  84    2    49.001800   42.288643   49.001800    3.286191    0.00000000   0.0000   0.3948  1-[11,11, 0]
  85    2    49.480006   42.766848   49.480006    3.300264    0.00000000   0.0000   0.4676  1-[11, 6, 1]
  86    2    49.901314   43.188157   49.901314    3.312613    0.00000000   0.0000   0.3947  1-[11,10, 1]
  87    2    49.960207   43.247050   49.960207    3.314335    0.00000000   0.0000   0.3607  1-[11, 0, 1]
  88    2    50.285595   43.572438   50.285595    3.323836    0.00000000   0.0000   0.3516  1-[11, 0, 1]
  89    2    50.733082   44.019924   50.733082    3.336858    0.00000000   0.0000   0.4164  1-[11, 8, 1]
  90    2    51.062598   44.349440   51.062598    3.346414    0.00000000   0.0000   0.4947  1-[11, 0, 1]
  91    2    54.374510   47.661353   54.374510    3.440992    0.00000000   0.0000   0.4884  1-[11, 6, 1]
  92    3     3.899137  -10.612295   -3.899137    1.434206    1.00000000   0.0000   0.8151  3+[ 4, 0, 2]
  93    3     5.804796  -12.517953   -5.804796    1.557663    1.00000000   0.0000   0.6583  3+[ 4, 1, 1]
  94    3     5.957851   -0.755306    5.957851    1.567157    0.00000000   0.0000   0.5978  3+[ 6, 3, 1]
  95    3     8.359859  -15.073017   -8.359859    1.709256    1.00000000   0.0000   0.7515  3+[ 4, 2, 2]
  96    3    13.010278  -19.723436  -13.010278    1.955232    1.00000000   0.0000   0.6131  3+[ 4, 3, 1]
  97    3    13.744159    7.031002   13.744159    1.991275    0.00000000   0.0000   0.5802  3+[ 6, 5, 1]
  98    3    14.230819    7.517662   14.230819    2.014821    0.00000000   0.0000   0.5391  3+[ 6, 4, 2]
  99    3    16.678770    9.965612   16.678770    2.129315    0.00000000   0.0000   0.5517  3+[ 6, 4, 2]
 100    3    17.082322   10.369164   17.082322    2.147604    0.00000000   0.0000   0.5396  3+[ 6, 1, 1]
 101    3    17.905172   11.192015   17.905172    2.184420    0.00000000   0.0000   0.7573  3+[ 6, 0, 2]
 102    3    24.611349   17.898191   24.611349    2.464047    0.00000000   0.0000   0.5044  3+[ 8, 5, 1]
 103    3    25.943102   19.229945   25.943102    2.515881    0.00000000   0.0000   0.3942  3+[ 8, 3, 1]
 104    3    26.288586   19.575429   26.288586    2.529154    0.00000000   0.0000   0.5791  3+[ 8, 0, 2]
 105    3    26.982154   20.268996   26.982154    2.555593    0.00000000   0.0000   0.4419  3+[ 8, 1, 1]
 106    3    27.434485   20.721328   27.434485    2.572689    0.00000000   0.0000   0.3958  3+[ 8, 4, 2]
 107    3    29.021505   22.308348   29.021505    2.631793    0.00000000   0.0000   0.4216  3+[ 8, 7, 1]
 108    3    29.298737  -36.011894  -29.298737    2.641982    1.00000000   0.0000   0.8833  3+[ 2, 0, 2]
 109    3    30.041138   23.327981   30.041138    2.669076    0.00000000   0.0000   0.4654  3+[ 8, 6, 2]
 110    3    30.909170  -37.622327  -30.909170    2.700410    1.00000000   0.0000   0.8759  3+[ 2, 1, 1]
 111    3    33.446719   26.733562   33.446719    2.789993    0.00000000   0.0000   0.5525  3+[ 8, 4, 2]
 112    3    36.193384   29.480226   36.193384    2.883823    0.00000000   0.0000   0.4036  3+[10, 9, 1]
 113    3    37.626518   30.913361   37.626518    2.931590    0.00000000   0.0000   0.3533  3+[10, 1, 1]
 114    3    38.082172   31.369015   38.082172    2.946614    0.00000000   0.0000   0.4133  3+[10, 3, 1]
 115    3    38.182125   31.468968   38.182125    2.949900    0.00000000   0.0000   0.2957  3+[ 8, 3, 1]
 116    3    39.065558   32.352400   39.065558    2.978782    0.00000000   0.0000   0.4529  3+[ 8, 0, 2]
 117    3    39.087232   32.374075   39.087232    2.979487    0.00000000   0.0000   0.3846  3+[10, 8, 2]
 118    3    39.463097   32.749940   39.463097    2.991688    0.00000000   0.0000   0.2948  3+[10, 6, 2]
 119    3    40.643851   33.930694   40.643851    3.029696    0.00000000   0.0000   0.3728  3+[10, 8, 2]
 120    3    42.373304   35.660146   42.373304    3.084521    0.00000000   0.0000   0.5184  3+[10, 5, 1]
 121    3    45.901990   39.188833   45.901990    3.193466    0.00000000   0.0000   0.4330  3+[10, 6, 2]
 122    3    48.044251   41.331094   48.044251    3.257830    0.00000000   0.0000   0.4358  3+[12, 9, 1]
 123    3    50.975960   44.262803   50.975960    3.343904    0.00000000   0.0000   0.3553  3+[12, 3, 1]
 124    3    52.539350   45.826193   52.539350    3.388912    0.00000000   0.0000   0.4080  3+[12,11, 1]
 125    3    54.729376   48.016219   54.729376    3.450972    0.00000000   0.0000   0.4005  3+[12, 1, 1]
 126    3    55.657782   48.944625   55.657782    3.476947    0.00000000   0.0000   0.4769  3+[12, 7, 1]
 127    3    55.767247   49.054090   55.767247    3.479997    0.00000000   0.0000   0.3823  3+[12,10, 2]
 128    3    56.051528   49.338370   56.051528    3.487905    0.00000000   0.0000   0.3515  3+[12, 0, 2]
 129    3    56.323211   49.610053   56.323211    3.495445    0.00000000   0.0000   0.3915  3+[12,10, 2]
 130    3    56.337129   49.623971   56.337129    3.495831    0.00000000   0.0000   0.3382  3+[12, 5, 1]
 131    3    57.434778   50.721621   57.434778    3.526130    0.00000000   0.0000   0.5635  3+[12, 0, 2]
 132    3    57.704453   50.991296   57.704453    3.533534    0.00000000   0.0000   0.3830  3+[12, 4, 2]
 133    3    59.364813   52.651655   59.364813    3.578782    0.00000000   0.0000   0.5033  3+[12, 6, 2]
 134    4     3.056591   -3.656567    3.056591    1.376096    0.00000000   0.0000   0.6440  3-[ 5, 3, 2]
 135    4     3.603759  -10.316916   -3.603759    1.414106    1.00000000   0.0000   0.5961  3-[ 5, 2, 1]
 136    4     4.264567   -2.448590    4.264567    1.458690    0.00000000   0.0000   0.6074  3-[ 5, 4, 1]
 137    4     6.931531    0.218374    6.931531    1.626255    0.00000000   0.0000   0.6841  3-[ 5, 1, 2]
 138    4     7.900562    1.187405    7.900562    1.683012    0.00000000   0.0000   0.8142  3-[ 5, 0, 1]
 139    4    15.551117    8.837960   15.551117    2.077357    0.00000000   0.0000   0.5601  3-[ 7, 4, 1]
 140    4    15.971475  -22.684632  -15.971475    2.096876    1.00000000   0.0000   0.8483  3-[ 3, 0, 1]
 141    4    19.241229  -25.954386  -19.241229    2.242912    1.00000000   0.0000   0.8417  3-[ 3, 1, 2]
 142    4    22.190506  -28.903663  -22.190506    2.366919    1.00000000   0.0000   0.7489  3-[ 3, 2, 1]
 143    4    22.809250   16.096092   22.809250    2.392119    0.00000000   0.0000   0.5262  3-[ 7, 2, 1]
 144    4    23.399033   16.685876   23.399033    2.415895    0.00000000   0.0000   0.6790  3-[ 7, 0, 1]
 145    4    23.967350   17.254193   23.967350    2.438587    0.00000000   0.0000   0.4723  3-[ 7, 6, 1]
 146    4    24.446984   17.733827   24.446984    2.457574    0.00000000   0.0000   0.5321  3-[ 7, 1, 2]
 147    4    24.745315   18.032157   24.745315    2.469311    0.00000000   0.0000   0.5755  3-[ 7, 3, 2]
 148    4    25.074999   18.361842   25.074999    2.482216    0.00000000   0.0000   0.5563  3-[ 7, 5, 2]
 149    4    31.835634   25.122477   31.835634    2.733457    0.00000000   0.0000   0.4620  3-[ 9, 8, 1]
 150    4    31.997742   25.284585   31.997742    2.739199    0.00000000   0.0000   0.3795  3-[ 9, 0, 1]
 151    4    32.732958   26.019800   32.732958    2.765088    0.00000000   0.0000   0.5543  3-[ 9, 0, 1]
 152    4    33.174645   26.461488   33.174645    2.780526    0.00000000   0.0000   0.4165  3-[ 9, 1, 2]
 153    4    33.406513   26.693355   33.406513    2.788596    0.00000000   0.0000   0.4541  3-[ 9, 1, 2]
 154    4    33.764260   27.051103   33.764260    2.801001    0.00000000   0.0000   0.4938  3-[ 9, 4, 1]
 155    4    34.824917   28.111760   34.824917    2.837462    0.00000000   0.0000   0.4268  3-[ 9, 2, 1]
 156    4    36.463070   29.749912   36.463070    2.892872    0.00000000   0.0000   0.4523  3-[ 9, 7, 2]
 157    4    38.818048  -45.531205  -38.818048    2.970718    1.00000000   0.0000   0.9596  3-[ 1, 0, 1]
 158    4    41.092998   34.379841   41.092998    3.044029    0.00000000   0.0000   0.5174  3-[ 9, 5, 2]
 159    4    44.356630   37.643473   44.356630    3.146219    0.00000000   0.0000   0.4371  3-[11, 8, 1]
 160    4    44.847792   38.134635   44.847792    3.161312    0.00000000   0.0000   0.4334  3-[11, 2, 1]
 161    4    47.365104   40.651947   47.365104    3.237563    0.00000000   0.0000   0.4330  3-[11,10, 1]
 162    4    48.973116   42.259959   48.973116    3.285345    0.00000000   0.0000   0.4396  3-[11, 9, 2]
 163    4    49.001801   42.288643   49.001801    3.286191    0.00000000   0.0000   0.4024  3-[11, 0, 1]
 164    4    49.480006   42.766848   49.480006    3.300264    0.00000000   0.0000   0.5084  3-[11, 6, 1]
 165    4    49.901315   43.188158   49.901315    3.312613    0.00000000   0.0000   0.4403  3-[11, 1, 2]
 166    4    49.960210   43.247053   49.960210    3.314335    0.00000000   0.0000   0.4033  3-[11, 3, 2]
 167    4    50.285585   43.572428   50.285585    3.323836    0.00000000   0.0000   0.6090  3-[11, 0, 1]
 168    4    50.733082   44.019924   50.733082    3.336858    0.00000000   0.0000   0.4400  3-[11, 3, 2]
 169    4    54.374510   47.661353   54.374510    3.440992    0.00000000   0.0000   0.5020  3-[11, 5, 2]
 170    5     5.804796  -12.517953   -5.804796    1.557663    1.00000000   0.0000   0.9014  5+[ 4, 0, 2]
 171    5     5.957851   -0.755306    5.957851    1.567157    0.00000000   0.0000   0.5671  5+[ 6, 2, 2]
 172    5     8.359859  -15.073017   -8.359859    1.709256    1.00000000   0.0000   0.8768  5+[ 4, 1, 3]
 173    5    13.010278  -19.723436  -13.010278    1.955232    1.00000000   0.0000   0.8111  5+[ 4, 2, 2]
 174    5    13.744159    7.031001   13.744159    1.991275    0.00000000   0.0000   0.5946  5+[ 6, 4, 2]
 175    5    14.230819    7.517662   14.230819    2.014821    0.00000000   0.0000   0.7003  5+[ 6, 3, 3]
 176    5    16.678770    9.965613   16.678770    2.129315    0.00000000   0.0000   0.7432  5+[ 6, 1, 3]
 177    5    17.082322   10.369165   17.082322    2.147604    0.00000000   0.0000   0.8533  5+[ 6, 0, 2]
 178    5    24.611349   17.898191   24.611349    2.464047    0.00000000   0.0000   0.5772  5+[ 8, 4, 2]
 179    5    25.943103   19.229946   25.943103    2.515881    0.00000000   0.0000   0.6569  5+[ 8, 0, 2]
 180    5    26.982154   20.268996   26.982154    2.555593    0.00000000   0.0000   0.4375  5+[ 8, 4, 2]
 181    5    27.434486   20.721328   27.434486    2.572689    0.00000000   0.0000   0.5310  5+[ 8, 1, 3]
 182    5    29.021505   22.308348   29.021505    2.631793    0.00000000   0.0000   0.5345  5+[ 8, 6, 2]
 183    5    30.041138   23.327981   30.041138    2.669076    0.00000000   0.0000   0.4936  5+[ 8, 5, 3]
 184    5    30.909170  -37.622328  -30.909170    2.700410    1.00000000   0.0000   0.9793  5+[ 2, 0, 2]
 185    5    33.446719   26.733562   33.446719    2.789993    0.00000000   0.0000   0.5548  5+[ 8, 3, 3]
 186    5    36.193384   29.480227   36.193384    2.883823    0.00000000   0.0000   0.4513  5+[10, 8, 2]
 187    5    37.626518   30.913360   37.626518    2.931590    0.00000000   0.0000   0.3310  5+[10, 6, 2]
 188    5    38.082172   31.369015   38.082172    2.946614    0.00000000   0.0000   0.4045  5+[10, 8, 2]
 189    5    38.182123   31.468966   38.182123    2.949900    0.00000000   0.0000   0.5036  5+[10, 0, 2]
 190    5    39.087232   32.374075   39.087232    2.979487    0.00000000   0.0000   0.4006  5+[10, 1, 3]
 191    5    39.463098   32.749940   39.463098    2.991688    0.00000000   0.0000   0.3964  5+[10, 1, 3]
 192    5    40.643851   33.930694   40.643851    3.029696    0.00000000   0.0000   0.4585  5+[10, 7, 3]
 193    5    42.373304   35.660146   42.373304    3.084521    0.00000000   0.0000   0.5087  5+[10, 6, 2]
 194    5    45.901990   39.188833   45.901990    3.193466    0.00000000   0.0000   0.4975  5+[10, 5, 3]
 195    5    48.044252   41.331094   48.044252    3.257830    0.00000000   0.0000   0.4500  5+[12, 4, 2]
 196    5    50.975960   44.262803   50.975960    3.343904    0.00000000   0.0000   0.4303  5+[12,10, 2]
 197    5    52.539350   45.826193   52.539350    3.388912    0.00000000   0.0000   0.4126  5+[12,10, 2]
 198    5    54.729378   48.016221   54.729378    3.450972    0.00000000   0.0000   0.3815  5+[12, 0, 2]
 199    5    55.657782   48.944625   55.657782    3.476947    0.00000000   0.0000   0.5209  5+[12, 6, 2]
 200    5    55.767248   49.054091   55.767248    3.479997    0.00000000   0.0000   0.4442  5+[12, 1, 3]
 201    5    56.051527   49.338370   56.051527    3.487905    0.00000000   0.0000   0.4492  5+[12, 1, 3]
 202    5    56.323211   49.610053   56.323211    3.495445    0.00000000   0.0000   0.4306  5+[12, 9, 3]
 203    5    56.337146   49.623988   56.337146    3.495832    0.00000000   0.0000   0.6327  5+[12, 0, 2]
 204    5    57.704453   50.991296   57.704453    3.533534    0.00000000   0.0000   0.4034  5+[12, 3, 3]
 205    5    59.364813   52.651655   59.364813    3.578782    0.00000000   0.0000   0.4942  5+[12, 5, 3]
 206    6     3.056591   -3.656567    3.056591    1.376096    0.00000000   0.0000   0.7949  5-[ 5, 2, 3]
 207    6     3.603759  -10.316916   -3.603759    1.414106    1.00000000   0.0000   0.6883  5-[ 5, 3, 2]
 208    6     4.264567   -2.448590    4.264567    1.458690    0.00000000   0.0000   0.7439  5-[ 5, 1, 2]
 209    6     6.931530    0.218373    6.931530    1.626255    0.00000000   0.0000   0.8653  5-[ 5, 0, 3]
 210    6    15.551117    8.837960   15.551117    2.077357    0.00000000   0.0000   0.5904  5-[ 7, 3, 2]
 211    6    19.241229  -25.954386  -19.241229    2.242912    1.00000000   0.0000   0.9220  5-[ 3, 0, 3]
 212    6    22.190506  -28.903663  -22.190506    2.366919    1.00000000   0.0000   0.9172  5-[ 3, 1, 2]
 213    6    22.809250   16.096092   22.809250    2.392119    0.00000000   0.0000   0.6051  5-[ 7, 5, 2]
 214    6    23.967350   17.254193   23.967350    2.438587    0.00000000   0.0000   0.5975  5-[ 7, 1, 2]
 215    6    24.446984   17.733826   24.446984    2.457574    0.00000000   0.0000   0.7525  5-[ 7, 0, 3]
 216    6    24.745315   18.032157   24.745315    2.469311    0.00000000   0.0000   0.6066  5-[ 7, 4, 3]
 217    6    25.074999   18.361842   25.074999    2.482216    0.00000000   0.0000   0.5374  5-[ 7, 2, 3]
 218    6    31.835634   25.122477   31.835634    2.733457    0.00000000   0.0000   0.4939  5-[ 9, 1, 2]
 219    6    31.997741   25.284584   31.997741    2.739199    0.00000000   0.0000   0.4648  5-[ 9, 1, 2]
 220    6    33.174646   26.461489   33.174646    2.780526    0.00000000   0.0000   0.6453  5-[ 9, 0, 3]
 221    6    33.406513   26.693355   33.406513    2.788596    0.00000000   0.0000   0.4700  5-[ 9, 4, 3]
 222    6    33.764260   27.051103   33.764260    2.801001    0.00000000   0.0000   0.5409  5-[ 9, 5, 2]
 223    6    34.824917   28.111760   34.824917    2.837462    0.00000000   0.0000   0.4810  5-[ 9, 7, 2]
 224    6    36.463070   29.749912   36.463070    2.892872    0.00000000   0.0000   0.5202  5-[ 9, 6, 3]
 225    6    41.092998   34.379841   41.092998    3.044029    0.00000000   0.0000   0.5594  5-[ 9, 4, 3]
 226    6    44.356630   37.643473   44.356630    3.146219    0.00000000   0.0000   0.4600  5-[11, 3, 2]
 227    6    44.847792   38.134635   44.847792    3.161312    0.00000000   0.0000   0.4845  5-[11, 9, 2]
 228    6    47.365104   40.651947   47.365104    3.237563    0.00000000   0.0000   0.4781  5-[11, 1, 2]
 229    6    48.973116   42.259959   48.973116    3.285345    0.00000000   0.0000   0.4550  5-[11, 2, 3]
 230    6    49.001803   42.288646   49.001803    3.286191    0.00000000   0.0000   0.4409  5-[11, 1, 2]
 231    6    49.480006   42.766848   49.480006    3.300264    0.00000000   0.0000   0.5209  5-[11, 5, 2]
 232    6    49.901314   43.188157   49.901314    3.312613    0.00000000   0.0000   0.4119  5-[11, 4, 3]
 233    6    49.960206   43.247048   49.960206    3.314335    0.00000000   0.0000   0.6749  5-[11, 0, 3]
 234    6    50.733082   44.019924   50.733082    3.336858    0.00000000   0.0000   0.4717  5-[11, 8, 3]
 235    6    54.374510   47.661353   54.374510    3.440992    0.00000000   0.0000   0.5305  5-[11, 6, 3]
 236    7     5.957851   -0.755306    5.957851    1.567157    0.00000000   0.0000   0.7322  7+[ 6, 3, 3]
 237    7     8.359859  -15.073016   -8.359859    1.709256    1.00000000   0.0000   0.9373  7+[ 4, 0, 4]
 238    7    13.010278  -19.723436  -13.010278    1.955232    1.00000000   0.0000   0.9365  7+[ 4, 1, 3]
 239    7    13.744159    7.031002   13.744159    1.991275    0.00000000   0.0000   0.7928  7+[ 6, 1, 3]
 240    7    14.230819    7.517662   14.230819    2.014821    0.00000000   0.0000   0.8253  7+[ 6, 2, 4]
 241    7    16.678769    9.965612   16.678769    2.129315    0.00000000   0.0000   0.8883  7+[ 6, 0, 4]
 242    7    24.611349   17.898191   24.611349    2.464047    0.00000000   0.0000   0.5772  7+[ 8, 3, 3]
 243    7    26.982154   20.268996   26.982154    2.555593    0.00000000   0.0000   0.5810  7+[ 8, 1, 3]
 244    7    27.434485   20.721328   27.434485    2.572689    0.00000000   0.0000   0.6953  7+[ 8, 0, 4]
 245    7    29.021505   22.308348   29.021505    2.631793    0.00000000   0.0000   0.5634  7+[ 8, 5, 3]
 246    7    30.041138   23.327981   30.041138    2.669076    0.00000000   0.0000   0.5236  7+[ 8, 2, 4]
 247    7    33.446719   26.733562   33.446719    2.789993    0.00000000   0.0000   0.6347  7+[ 8, 4, 4]
 248    7    36.193384   29.480226   36.193384    2.883823    0.00000000   0.0000   0.4671  7+[10, 1, 3]
 249    7    37.626518   30.913361   37.626518    2.931590    0.00000000   0.0000   0.4406  7+[10, 1, 3]
 250    7    38.082172   31.369015   38.082172    2.946614    0.00000000   0.0000   0.4954  7+[10, 7, 3]
 251    7    39.087232   32.374075   39.087232    2.979487    0.00000000   0.0000   0.4229  7+[10, 4, 4]
 252    7    39.463097   32.749940   39.463097    2.991688    0.00000000   0.0000   0.5606  7+[10, 0, 4]
 253    7    40.643851   33.930694   40.643851    3.029696    0.00000000   0.0000   0.4957  7+[10, 6, 4]
 254    7    42.373304   35.660146   42.373304    3.084521    0.00000000   0.0000   0.5828  7+[10, 5, 3]
 255    7    45.901990   39.188833   45.901990    3.193466    0.00000000   0.0000   0.5163  7+[10, 4, 4]
 256    7    48.044251   41.331094   48.044251    3.257830    0.00000000   0.0000   0.4726  7+[12, 3, 3]
 257    7    50.975960   44.262803   50.975960    3.343904    0.00000000   0.0000   0.4714  7+[12, 9, 3]
 258    7    52.539351   45.826194   52.539351    3.388912    0.00000000   0.0000   0.4765  7+[12, 1, 3]
 259    7    54.729377   48.016219   54.729377    3.450972    0.00000000   0.0000   0.4826  7+[12, 1, 3]
 260    7    55.657782   48.944625   55.657782    3.476947    0.00000000   0.0000   0.5104  7+[12, 5, 3]
 261    7    55.767247   49.054089   55.767247    3.479997    0.00000000   0.0000   0.4361  7+[12, 4, 4]
 262    7    56.051527   49.338370   56.051527    3.487905    0.00000000   0.0000   0.6791  7+[12, 0, 4]
 263    7    56.323211   49.610053   56.323211    3.495445    0.00000000   0.0000   0.4516  7+[12, 2, 4]
 264    7    57.704453   50.991296   57.704453    3.533534    0.00000000   0.0000   0.4651  7+[12, 8, 4]
 265    7    59.364813   52.651655   59.364813    3.578782    0.00000000   0.0000   0.5557  7+[12, 6, 4]
 266    8     3.056591   -3.656567    3.056591    1.376096    0.00000000   0.0000   0.8943  7-[ 5, 1, 4]
 267    8     3.603759  -10.316916   -3.603759    1.414106    1.00000000   0.0000   0.8430  7-[ 5, 2, 3]
 268    8     4.264567   -2.448591    4.264567    1.458690    0.00000000   0.0000   0.9278  7-[ 5, 0, 3]
 269    8    15.551117    8.837960   15.551117    2.077357    0.00000000   0.0000   0.6192  7-[ 7, 4, 3]
 270    8    22.190506  -28.903663  -22.190506    2.366919    1.00000000   0.0000   0.9906  7-[ 3, 0, 3]
 271    8    22.809250   16.096092   22.809250    2.392119    0.00000000   0.0000   0.5800  7-[ 7, 2, 3]
 272    8    23.967350   17.254193   23.967350    2.438587    0.00000000   0.0000   0.8331  7-[ 7, 0, 3]
 273    8    24.745315   18.032158   24.745315    2.469311    0.00000000   0.0000   0.7460  7-[ 7, 3, 4]
 274    8    25.074999   18.361842   25.074999    2.482216    0.00000000   0.0000   0.7726  7-[ 7, 1, 4]
 275    8    31.835634   25.122477   31.835634    2.733457    0.00000000   0.0000   0.5072  7-[ 9, 4, 3]
 276    8    31.997743   25.284585   31.997743    2.739199    0.00000000   0.0000   0.7100  7-[ 9, 0, 3]
 277    8    33.406513   26.693355   33.406513    2.788596    0.00000000   0.0000   0.6306  7-[ 9, 1, 4]
 278    8    33.764260   27.051103   33.764260    2.801001    0.00000000   0.0000   0.5828  7-[ 9, 4, 3]
 279    8    34.824917   28.111760   34.824917    2.837462    0.00000000   0.0000   0.5505  7-[ 9, 6, 3]
 280    8    36.463070   29.749912   36.463070    2.892872    0.00000000   0.0000   0.5223  7-[ 9, 5, 4]
 281    8    41.092998   34.379841   41.092998    3.044029    0.00000000   0.0000   0.5420  7-[ 9, 5, 4]
 282    8    44.356630   37.643473   44.356630    3.146219    0.00000000   0.0000   0.4914  7-[11, 8, 3]
 283    8    44.847792   38.134635   44.847792    3.161312    0.00000000   0.0000   0.4990  7-[11, 2, 3]
 284    8    47.365103   40.651946   47.365103    3.237563    0.00000000   0.0000   0.4437  7-[11, 4, 3]
 285    8    48.973116   42.259959   48.973116    3.285345    0.00000000   0.0000   0.4653  7-[11, 1, 4]
 286    8    49.001797   42.288640   49.001797    3.286191    0.00000000   0.0000   0.7274  7-[11, 0, 3]
 287    8    49.480006   42.766849   49.480006    3.300264    0.00000000   0.0000   0.5491  7-[11, 6, 3]
 288    8    49.901315   43.188158   49.901315    3.312613    0.00000000   0.0000   0.5720  7-[11, 1, 4]
 289    8    50.733082   44.019924   50.733082    3.336858    0.00000000   0.0000   0.5420  7-[11, 7, 4]
 290    8    54.374510   47.661353   54.374510    3.440992    0.00000000   0.0000   0.5824  7-[11, 5, 4]
 291    9     5.957851   -0.755306    5.957851    1.567157    0.00000000   0.0000   0.8585  9+[ 6, 2, 4]
 292    9    13.010278  -19.723436  -13.010278    1.955232    1.00000000   0.0000   0.9933  9+[ 4, 0, 4]
 293    9    13.744158    7.031001   13.744158    1.991275    0.00000000   0.0000   0.9401  9+[ 6, 0, 4]
 294    9    14.230819    7.517662   14.230819    2.014821    0.00000000   0.0000   0.9079  9+[ 6, 1, 5]
 295    9    24.611349   17.898191   24.611349    2.464047    0.00000000   0.0000   0.6581  9+[ 8, 4, 4]
 296    9    26.982154   20.268996   26.982154    2.555593    0.00000000   0.0000   0.7547  9+[ 8, 0, 4]
 297    9    29.021505   22.308348   29.021505    2.631793    0.00000000   0.0000   0.5946  9+[ 8, 2, 4]
 298    9    30.041138   23.327981   30.041138    2.669076    0.00000000   0.0000   0.7010  9+[ 8, 1, 5]
 299    9    33.446719   26.733562   33.446719    2.789993    0.00000000   0.0000   0.7532  9+[ 8, 3, 5]
 300    9    36.193384   29.480227   36.193384    2.883823    0.00000000   0.0000   0.4906  9+[10, 4, 4]
 301    9    37.626518   30.913360   37.626518    2.931590    0.00000000   0.0000   0.6182  9+[10, 0, 4]
 302    9    38.082172   31.369015   38.082172    2.946614    0.00000000   0.0000   0.5337  9+[10, 6, 4]
 303    9    39.087232   32.374075   39.087232    2.979487    0.00000000   0.0000   0.5793  9+[10, 1, 5]
 304    9    40.643851   33.930694   40.643851    3.029696    0.00000000   0.0000   0.4803  9+[10, 5, 5]
 305    9    42.373304   35.660146   42.373304    3.084521    0.00000000   0.0000   0.6032  9+[10, 4, 4]
 306    9    45.901990   39.188833   45.901990    3.193466    0.00000000   0.0000   0.5344  9+[10, 5, 5]
 307    9    48.044252   41.331094   48.044252    3.257830    0.00000000   0.0000   0.5434  9+[12, 8, 4]
 308    9    50.975960   44.262803   50.975960    3.343904    0.00000000   0.0000   0.4927  9+[12, 2, 4]
 309    9    52.539349   45.826192   52.539349    3.388912    0.00000000   0.0000   0.4655  9+[12, 4, 4]
 310    9    54.729377   48.016220   54.729377    3.450972    0.00000000   0.0000   0.7239  9+[12, 0, 4]
 311    9    55.657782   48.944625   55.657782    3.476947    0.00000000   0.0000   0.5728  9+[12, 6, 4]
 312    9    55.767248   49.054091   55.767248    3.479997    0.00000000   0.0000   0.5947  9+[12, 1, 5]
 313    9    56.323211   49.610053   56.323211    3.495445    0.00000000   0.0000   0.4558  9+[12, 5, 5]
 314    9    57.704453   50.991296   57.704453    3.533534    0.00000000   0.0000   0.5106  9+[12, 7, 5]
 315    9    59.364813   52.651655   59.364813    3.578782    0.00000000   0.0000   0.5904  9+[12, 5, 5]
 316   10     3.056591   -3.656566    3.056591    1.376096    0.00000000   0.0000   0.9427  9-[ 5, 0, 5]
 317   10     3.603759  -10.316916   -3.603759    1.414106    1.00000000   0.0000   0.9425  9-[ 5, 1, 4]
 318   10    15.551117    8.837960   15.551117    2.077357    0.00000000   0.0000   0.7584  9-[ 7, 3, 4]
 319   10    22.809250   16.096092   22.809250    2.392119    0.00000000   0.0000   0.8285  9-[ 7, 1, 4]
 320   10    24.745315   18.032157   24.745315    2.469311    0.00000000   0.0000   0.8535  9-[ 7, 2, 5]
 321   10    25.074999   18.361841   25.074999    2.482216    0.00000000   0.0000   0.8921  9-[ 7, 0, 5]
 322   10    31.835634   25.122477   31.835634    2.733457    0.00000000   0.0000   0.6763  9-[ 9, 1, 4]
 323   10    33.406513   26.693355   33.406513    2.788596    0.00000000   0.0000   0.7865  9-[ 9, 0, 5]
 324   10    33.764260   27.051103   33.764260    2.801001    0.00000000   0.0000   0.5630  9-[ 9, 3, 4]
 325   10    34.824917   28.111760   34.824917    2.837462    0.00000000   0.0000   0.5505  9-[ 9, 5, 4]
 326   10    36.463070   29.749912   36.463070    2.892872    0.00000000   0.0000   0.6001  9-[ 9, 2, 5]
 327   10    41.092998   34.379841   41.092998    3.044029    0.00000000   0.0000   0.6655  9-[ 9, 4, 5]
 328   10    44.356630   37.643473   44.356630    3.146219    0.00000000   0.0000   0.5630  9-[11, 7, 4]
 329   10    44.847792   38.134635   44.847792    3.161312    0.00000000   0.0000   0.5081  9-[11, 1, 4]
 330   10    47.365105   40.651947   47.365105    3.237563    0.00000000   0.0000   0.6123  9-[11, 1, 4]
 331   10    48.973117   42.259959   48.973117    3.285345    0.00000000   0.0000   0.4979  9-[11, 4, 5]
 332   10    49.480006   42.766849   49.480006    3.300264    0.00000000   0.0000   0.6015  9-[11, 5, 4]
 333   10    49.901314   43.188157   49.901314    3.312613    0.00000000   0.0000   0.7627  9-[11, 0, 5]
 334   10    50.733082   44.019924   50.733082    3.336858    0.00000000   0.0000   0.5625  9-[11, 6, 5]
 335   10    54.374510   47.661353   54.374510    3.440992    0.00000000   0.0000   0.5870  9-[11, 4, 5]
 336   11     5.957851   -0.755306    5.957851    1.567157    0.00000000   0.0000   0.9405 11+[ 6, 1, 5]
 337   11    14.230819    7.517662   14.230819    2.014821    0.00000000   0.0000   0.9483 11+[ 6, 0, 6]
 338   11    24.611349   17.898191   24.611349    2.464047    0.00000000   0.0000   0.7787 11+[ 8, 3, 5]
 339   11    29.021505   22.308348   29.021505    2.631793    0.00000000   0.0000   0.7928 11+[ 8, 1, 5]
 340   11    30.041138   23.327981   30.041138    2.669076    0.00000000   0.0000   0.7908 11+[ 8, 0, 6]
 341   11    33.446719   26.733562   33.446719    2.789993    0.00000000   0.0000   0.8443 11+[ 8, 2, 6]
 342   11    36.193384   29.480226   36.193384    2.883823    0.00000000   0.0000   0.6693 11+[10, 1, 5]
 343   11    38.082172   31.369015   38.082172    2.946614    0.00000000   0.0000   0.5156 11+[10, 5, 5]
 344   11    39.087233   32.374075   39.087233    2.979487    0.00000000   0.0000   0.6987 11+[10, 0, 6]
 345   11    40.643851   33.930694   40.643851    3.029696    0.00000000   0.0000   0.5915 11+[10, 2, 6]
 346   11    42.373304   35.660146   42.373304    3.084521    0.00000000   0.0000   0.6230 11+[10, 5, 5]
 347   11    45.901990   39.188833   45.901990    3.193466    0.00000000   0.0000   0.6373 11+[10, 4, 6]
 348   11    48.044251   41.331094   48.044251    3.257830    0.00000000   0.0000   0.5953 11+[12, 7, 5]
 349   11    50.975960   44.262803   50.975960    3.343904    0.00000000   0.0000   0.4958 11+[12, 5, 5]
 350   11    52.539351   45.826194   52.539351    3.388912    0.00000000   0.0000   0.6321 11+[12, 1, 5]
 351   11    55.657782   48.944625   55.657782    3.476947    0.00000000   0.0000   0.6075 11+[12, 5, 5]
 352   11    55.767244   49.054087   55.767244    3.479997    0.00000000   0.0000   0.7607 11+[12, 0, 6]
 353   11    56.323211   49.610053   56.323211    3.495445    0.00000000   0.0000   0.4835 11+[12, 2, 6]
 354   11    57.704453   50.991296   57.704453    3.533534    0.00000000   0.0000   0.5147 11+[12, 6, 6]
 355   11    59.364813   52.651655   59.364813    3.578782    0.00000000   0.0000   0.5822 11+[12, 4, 6]
 356   12     3.603759  -10.316916   -3.603759    1.414106    1.00000000   0.0000   0.9885 11-[ 5, 0, 5]
 357   12    15.551117    8.837960   15.551117    2.077357    0.00000000   0.0000   0.8647 11-[ 7, 2, 5]
 358   12    22.809249   16.096092   22.809249    2.392119    0.00000000   0.0000   0.9519 11-[ 7, 0, 5]
 359   12    24.745315   18.032158   24.745315    2.469311    0.00000000   0.0000   0.9247 11-[ 7, 1, 6]
 360   12    31.835634   25.122477   31.835634    2.733457    0.00000000   0.0000   0.8393 11-[ 9, 0, 5]
 361   12    33.764260   27.051103   33.764260    2.801001    0.00000000   0.0000   0.6895 11-[ 9, 4, 5]
 362   12    34.824917   28.111760   34.824917    2.837462    0.00000000   0.0000   0.6302 11-[ 9, 2, 5]
 363   12    36.463070   29.749912   36.463070    2.892872    0.00000000   0.0000   0.7661 11-[ 9, 1, 6]
 364   12    41.092998   34.379841   41.092998    3.044029    0.00000000   0.0000   0.7702 11-[ 9, 3, 6]
 365   12    44.356630   37.643473   44.356630    3.146219    0.00000000   0.0000   0.5828 11-[11, 6, 5]
 366   12    44.847793   38.134635   44.847793    3.161312    0.00000000   0.0000   0.5418 11-[11, 4, 5]
 367   12    47.365104   40.651946   47.365104    3.237563    0.00000000   0.0000   0.8124 11-[11, 0, 5]
 368   12    48.973116   42.259959   48.973116    3.285345    0.00000000   0.0000   0.7019 11-[11, 1, 6]
 369   12    49.480006   42.766849   49.480006    3.300264    0.00000000   0.0000   0.6051 11-[11, 4, 5]
 370   12    50.733082   44.019925   50.733082    3.336858    0.00000000   0.0000   0.5315 11-[11, 5, 6]
 371   12    54.374510   47.661353   54.374510    3.440992    0.00000000   0.0000   0.6442 11-[11, 5, 6]
 372   13     5.957851   -0.755306    5.957851    1.567157    0.00000000   0.0000   0.9789 13+[ 6, 0, 6]
 373   13    24.611349   17.898191   24.611349    2.464047    0.00000000   0.0000   0.8706 13+[ 8, 2, 6]
 374   13    29.021505   22.308348   29.021505    2.631793    0.00000000   0.0000   0.8913 13+[ 8, 0, 6]
 375   13    33.446719   26.733562   33.446719    2.789993    0.00000000   0.0000   0.9046 13+[ 8, 1, 7]
 376   13    36.193384   29.480227   36.193384    2.883823    0.00000000   0.0000   0.8045 13+[10, 0, 6]
 377   13    38.082172   31.369015   38.082172    2.946614    0.00000000   0.0000   0.6334 13+[10, 2, 6]
 378   13    40.643851   33.930694   40.643851    3.029696    0.00000000   0.0000   0.7297 13+[10, 1, 7]
 379   13    42.373304   35.660146   42.373304    3.084521    0.00000000   0.0000   0.7415 13+[10, 4, 6]
 380   13    45.901990   39.188833   45.901990    3.193466    0.00000000   0.0000   0.7239 13+[10, 3, 7]
 381   13    48.044252   41.331094   48.044252    3.257830    0.00000000   0.0000   0.5988 13+[12, 6, 6]
 382   13    50.975960   44.262803   50.975960    3.343904    0.00000000   0.0000   0.5245 13+[12, 2, 6]
 383   13    52.539347   45.826190   52.539347    3.388912    0.00000000   0.0000   0.8058 13+[12, 0, 6]
 384   13    55.657782   48.944625   55.657782    3.476947    0.00000000   0.0000   0.5981 13+[12, 4, 6]
 385   13    56.323211   49.610053   56.323211    3.495445    0.00000000   0.0000   0.6852 13+[12, 1, 7]
 386   13    57.704453   50.991296   57.704453    3.533534    0.00000000   0.0000   0.4906 13+[12, 3, 7]
 387   13    59.364813   52.651655   59.364813    3.578782    0.00000000   0.0000   0.6732 13+[12, 5, 7]
 388   14    15.551117    8.837960   15.551117    2.077357    0.00000000   0.0000   0.9340 13-[ 7, 1, 6]
 389   14    24.745315   18.032158   24.745315    2.469311    0.00000000   0.0000   0.9596 13-[ 7, 0, 7]
 390   14    33.764260   27.051103   33.764260    2.801001    0.00000000   0.0000   0.7962 13-[ 9, 3, 6]
 391   14    34.824917   28.111760   34.824917    2.837462    0.00000000   0.0000   0.8021 13-[ 9, 1, 6]
 392   14    36.463070   29.749912   36.463070    2.892872    0.00000000   0.0000   0.8499 13-[ 9, 0, 7]
 393   14    41.092998   34.379841   41.092998    3.044029    0.00000000   0.0000   0.8504 13-[ 9, 2, 7]
 394   14    44.356630   37.643473   44.356630    3.146219    0.00000000   0.0000   0.5494 13-[11, 5, 6]
 395   14    44.847792   38.134634   44.847792    3.161312    0.00000000   0.0000   0.7616 13-[11, 1, 6]
 396   14    48.973117   42.259960   48.973117    3.285345    0.00000000   0.0000   0.8260 13-[11, 0, 7]
 397   14    49.480006   42.766849   49.480006    3.300264    0.00000000   0.0000   0.6628 13-[11, 5, 6]
 398   14    50.733082   44.019924   50.733082    3.336858    0.00000000   0.0000   0.6959 13-[11, 2, 7]
 399   14    54.374510   47.661353   54.374510    3.440992    0.00000000   0.0000   0.7516 13-[11, 4, 7]
 400   15    24.611349   17.898191   24.611349    2.464047    0.00000000   0.0000   0.9307 15+[ 8, 1, 7]
 401   15    33.446719   26.733562   33.446719    2.789993    0.00000000   0.0000   0.9343 15+[ 8, 0, 8]
 402   15    38.082172   31.369015   38.082172    2.946614    0.00000000   0.0000   0.7795 15+[10, 1, 7]
 403   15    40.643851   33.930694   40.643851    3.029696    0.00000000   0.0000   0.7993 15+[10, 0, 8]
 404   15    42.373304   35.660146   42.373304    3.084521    0.00000000   0.0000   0.8408 15+[10, 3, 7]
 405   15    45.901990   39.188833   45.901990    3.193466    0.00000000   0.0000   0.7901 15+[10, 2, 8]
 406   15    48.044251   41.331094   48.044251    3.257830    0.00000000   0.0000   0.5698 15+[12, 3, 7]
 407   15    50.975960   44.262803   50.975960    3.343904    0.00000000   0.0000   0.7418 15+[12, 1, 7]
 408   15    55.657782   48.944625   55.657782    3.476947    0.00000000   0.0000   0.6907 15+[12, 5, 7]
 409   15    56.323211   49.610054   56.323211    3.495445    0.00000000   0.0000   0.7913 15+[12, 0, 8]
 410   15    57.704453   50.991296   57.704453    3.533534    0.00000000   0.0000   0.6601 15+[12, 2, 8]
 411   15    59.364813   52.651655   59.364813    3.578782    0.00000000   0.0000   0.7722 15+[12, 4, 8]
 412   16    15.551117    8.837960   15.551117    2.077357    0.00000000   0.0000   0.9668 15-[ 7, 0, 7]
 413   16    33.764260   27.051103   33.764260    2.801001    0.00000000   0.0000   0.8774 15-[ 9, 2, 7]
 414   16    34.824917   28.111760   34.824917    2.837462    0.00000000   0.0000   0.8876 15-[ 9, 0, 7]
 415   16    41.092998   34.379841   41.092998    3.044029    0.00000000   0.0000   0.9035 15-[ 9, 1, 8]
 416   16    44.356630   37.643473   44.356630    3.146219    0.00000000   0.0000   0.7180 15-[11, 2, 7]
 417   16    44.847793   38.134636   44.847793    3.161312    0.00000000   0.0000   0.8939 15-[11, 0, 7]
 418   16    49.480006   42.766849   49.480006    3.300264    0.00000000   0.0000   0.7722 15-[11, 4, 7]
 419   16    50.733082   44.019925   50.733082    3.336858    0.00000000   0.0000   0.8365 15-[11, 1, 8]
 420   16    54.374510   47.661353   54.374510    3.440992    0.00000000   0.0000   0.8415 15-[11, 3, 8]
 421   17    24.611349   17.898191   24.611349    2.464047    0.00000000   0.0000   0.9594 17+[ 8, 0, 8]
 422   17    38.082172   31.369015   38.082172    2.946614    0.00000000   0.0000   0.8523 17+[10, 0, 8]
 423   17    42.373304   35.660146   42.373304    3.084521    0.00000000   0.0000   0.9162 17+[10, 2, 8]
 424   17    45.901990   39.188833   45.901990    3.193466    0.00000000   0.0000   0.8340 17+[10, 1, 9]
 425   17    48.044251   41.331094   48.044251    3.257830    0.00000000   0.0000   0.7655 17+[12, 2, 8]
 426   17    50.975961   44.262803   50.975961    3.343905    0.00000000   0.0000   0.8549 17+[12, 0, 8]
 427   17    55.657782   48.944625   55.657782    3.476947    0.00000000   0.0000   0.7913 17+[12, 4, 8]
 428   17    57.704453   50.991296   57.704453    3.533534    0.00000000   0.0000   0.7777 17+[12, 1, 9]
 429   17    59.364813   52.651655   59.364813    3.578782    0.00000000   0.0000   0.8547 17+[12, 3, 9]
 430   18    33.764260   27.051103   33.764260    2.801001    0.00000000   0.0000   0.9306 17-[ 9, 1, 8]
 431   18    41.092998   34.379840   41.092998    3.044029    0.00000000   0.0000   0.9297 17-[ 9, 0, 9]
 432   18    44.356630   37.643473   44.356630    3.146219    0.00000000   0.0000   0.8616 17-[11, 1, 8]
 433   18    49.480006   42.766849   49.480006    3.300264    0.00000000   0.0000   0.8633 17-[11, 3, 8]
 434   18    50.733082   44.019924   50.733082    3.336858    0.00000000   0.0000   0.9073 17-[11, 0, 9]
 435   18    54.374510   47.661353   54.374510    3.440992    0.00000000   0.0000   0.9100 17-[11, 2, 9]
 436   19    42.373304   35.660146   42.373304    3.084521    0.00000000   0.0000   0.9658 19+[10, 1, 9]
 437   19    45.901990   39.188833   45.901990    3.193466    0.00000000   0.0000   0.8556 19+[10, 0,10]
 438   19    48.044252   41.331094   48.044252    3.257830    0.00000000   0.0000   0.9006 19+[12, 1, 9]
 439   19    55.657782   48.944625   55.657782    3.476947    0.00000000   0.0000   0.8748 19+[12, 3, 9]
 440   19    57.704453   50.991295   57.704453    3.533534    0.00000000   0.0000   0.8368 19+[12, 0,10]
 441   19    59.364813   52.651655   59.364813    3.578782    0.00000000   0.0000   0.9175 19+[12, 2,10]
 442   20    33.764260   27.051103   33.764260    2.801001    0.00000000   0.0000   0.9561 19-[ 9, 0, 9]
 443   20    44.356630   37.643473   44.356630    3.146219    0.00000000   0.0000   0.9330 19-[11, 0, 9]
 444   20    49.480006   42.766849   49.480006    3.300264    0.00000000   0.0000   0.9325 19-[11, 2, 9]
 445   20    54.374510   47.661353   54.374510    3.440992    0.00000000   0.0000   0.9555 19-[11, 1,10]
 446   21    42.373304   35.660146   42.373304    3.084521    0.00000000   0.0000   0.9896 21+[10, 0,10]
 447   21    48.044251   41.331094   48.044251    3.257830    0.00000000   0.0000   0.9679 21+[12, 0,10]
 448   21    55.657782   48.944625   55.657782    3.476947    0.00000000   0.0000   0.9381 21+[12, 2,10]
 449   21    59.364813   52.651655   59.364813    3.578782    0.00000000   0.0000   0.9592 21+[12, 1,11]
 450   22    49.480006   42.766849   49.480006    3.300264    0.00000000   0.0000   0.9780 21-[11, 1,10]
 451   22    54.374510   47.661353   54.374510    3.440992    0.00000000   0.0000   0.9780 21-[11, 0,11]
 452   23    55.657782   48.944625   55.657782    3.476947    0.00000000   0.0000   0.9798 23+[12, 1,11]
 453   23    59.364813   52.651655   59.364813    3.578782    0.00000000   0.0000   0.9798 23+[12, 0,12]
 454   24    49.480006   42.766848   49.480006    3.300264    0.00000000   0.0000   1.0000 23-[11, 0,11]
 455   25    55.657782   48.944625   55.657782    3.476947    0.00000000   0.0000   1.0000 25+[12, 0,12]
#all active are  455 q.p. states out of  455
#since the cut off is pwi=6000.0
#check: number of protons =  82.0


 #canonical s.p. energies protons 
 ---------------------------------


  labels -> {2*omega}{parity}[nn=nz+2*nr+nl,nz,nl]
  cqpe   -> canonical q.p. energies
  ce     -> canonical s.p. energies
  fermi energy=  -9.6322050953522069     
  average cdelt=   4.4573536734401367E-013
  k0      ceqp        ce         v*v       u*v        cdel     overl      labels
   1   -3.794109   -9.632205   1.00000000   0.00000000  -0.0000   0.7082  1+[ 4, 0, 0]
   2   -2.814020  -10.612295   1.00000000   0.00000002  -0.0000   0.5764  1+[ 4, 1, 1]
   3   -0.908361  -12.517953   1.00000000   0.00000000  -0.0000   0.5701  1+[ 4, 4, 0]
   4   -0.755306   -0.755306   0.00000000   0.00000000  -0.0000   0.5177  1+[ 6, 4, 0]
   5    1.646702  -15.073017   1.00000000   0.00000003  -0.0000   0.5602  1+[ 4, 3, 1]
   6    6.297121  -19.723436   1.00000000   0.00000004  -0.0000   0.6131  1+[ 4, 2, 0]
   7    7.031001    7.031001   0.00000000   0.00000000  -0.0000   0.4738  1+[ 6, 5, 1]
   8    7.517661    7.517661   0.00000000   0.00000000  -0.0000   0.5638  1+[ 6, 3, 1]
   9    9.965612    9.965612   0.00000000   0.00000000  -0.0000   0.5309  1+[ 6, 5, 1]
  10   10.369165   10.369165   0.00000000   0.00000000  -0.0000   0.5225  1+[ 6, 6, 0]
  11   11.192015   11.192015   0.00000000   0.00000000  -0.0000   0.4637  1+[ 6, 3, 1]
  12   11.201482   11.201482   0.00000000   0.00000000  -0.0000   0.6426  1+[ 6, 0, 0]
  13   17.898191   17.898191   0.00000000   0.00000000  -0.0000   0.5044  1+[ 8, 4, 0]
  14   19.152254   19.152254   0.00000000   0.00000000  -0.0000   0.4814  1+[ 8, 0, 0]
  15   19.229946   19.229946   0.00000000   0.00000000  -0.0000   0.3886  1+[ 8, 8, 0]
  16   19.533485  -32.959799   1.00000000   0.00000003  -0.0000   0.7451  1+[ 2, 0, 0]
  17   19.575428   19.575428   0.00000000   0.00000000  -0.0000   0.3364  1+[ 8, 3, 1]
  18   20.268996   20.268996   0.00000000   0.00000000  -0.0000   0.3608  1+[ 8, 1, 1]
  19   20.721328   20.721328   0.00000000   0.00000000  -0.0000   0.3942  1+[ 8, 1, 1]
  20   22.308348   22.308348   0.00000000   0.00000000  -0.0000   0.4372  1+[ 8, 2, 0]
  21   22.585579  -36.011894   1.00000000   0.00000000  -0.0000   0.7650  1+[ 2, 1, 1]
  22   23.327981   23.327981   0.00000000   0.00000000  -0.0000   0.3738  1+[ 8, 2, 0]
  23   24.196013  -37.622328   1.00000000   0.00000003  -0.0000   0.6193  1+[ 2, 2, 0]
  24   26.733562   26.733562   0.00000000   0.00000000  -0.0000   0.4803  1+[ 8, 5, 1]
  25   29.480227   29.480227   0.00000000   0.00000000  -0.0000   0.3714  1+[10, 2, 0]
  26   30.913360   30.913360   0.00000000   0.00000000  -0.0000   0.3016  1+[10,10, 0]
  27   31.369015   31.369015   0.00000000   0.00000000  -0.0000   0.3790  1+[10, 8, 0]
  28   31.468967   31.468967   0.00000000   0.00000000  -0.0000   0.2916  1+[ 8, 8, 0]
  29   31.847112   31.847112   0.00000000   0.00000000  -0.0000   0.3906  1+[ 8, 0, 0]
  30   32.352401   32.352401   0.00000000   0.00000000  -0.0000   0.2631  1+[ 8, 3, 1]
  31   32.374075   32.374075   0.00000000   0.00000000  -0.0000   0.3413  1+[10, 9, 1]
  32   32.749940   32.749940   0.00000000   0.00000000  -0.0000   0.3102  1+[10, 1, 1]
  33   33.930694   33.930694   0.00000000   0.00000000  -0.0000   0.3790  1+[10, 3, 1]
  34   35.660146   35.660146   0.00000000   0.00000000  -0.0000   0.4732  1+[10, 6, 0]
  35   38.722083  -52.148397   1.00000000   0.00000004  -0.0000   0.9372  1+[ 0, 0, 0]
  36   39.188833   39.188833   0.00000000   0.00000000  -0.0000   0.4397  1+[10, 5, 1]
  37   41.331094   41.331094   0.00000000   0.00000000  -0.0000   0.4140  1+[12, 4, 0]
  38   44.262803   44.262803   0.00000000   0.00000000  -0.0000   0.3722  1+[12,10, 0]
  39   45.826192   45.826192   0.00000000   0.00000000  -0.0000   0.3533  1+[12,11, 1]
  40   48.016221   48.016221   0.00000000   0.00000000  -0.0000   0.3587  1+[12,12, 0]
  41   48.944625   48.944625   0.00000000   0.00000000  -0.0000   0.4769  1+[12, 6, 0]
  42   49.054090   49.054090   0.00000000   0.00000000  -0.0000   0.3750  1+[12,11, 1]
  43   49.338370   49.338370   0.00000000   0.00000000  -0.0000   0.3638  1+[12, 1, 1]
  44   49.610053   49.610053   0.00000000   0.00000000  -0.0000   0.3348  1+[12,10, 0]
  45   49.623982   49.623982   0.00000000   0.00000000  -0.0000   0.3705  1+[12, 0, 0]
  46   49.902111   49.902111   0.00000000   0.00000000  -0.0000   0.4748  1+[12, 0, 0]
  47   50.721613   50.721613   0.00000000   0.00000000  -0.0000   0.3012  1+[12, 0, 0]
  48   50.991296   50.991296   0.00000000   0.00000000  -0.0000   0.3696  1+[12, 9, 1]
  49   52.651655   52.651655   0.00000000   0.00000000  -0.0000   0.4596  1+[12, 7, 1]
  50   -3.656567   -3.656567   0.00000000   0.00000000  -0.0000   0.5520  1-[ 5, 2, 1]
  51   -3.109398  -10.316916   1.00000000   0.00000000  -0.0000   0.5817  1-[ 5, 3, 0]
  52   -2.448590   -2.448590   0.00000000   0.00000000  -0.0000   0.5433  1-[ 5, 1, 0]
  53    0.218373    0.218373   0.00000000   0.00000000  -0.0000   0.5472  1-[ 5, 4, 1]
  54    1.187405    1.187405   0.00000000   0.00000000  -0.0000   0.5256  1-[ 5, 5, 0]
  55    2.097604    2.097604   0.00000000   0.00000000  -0.0000   0.6672  1-[ 5, 0, 1]
  56    8.197254  -21.623568   1.00000000   0.00000003  -0.0000   0.7006  1-[ 3, 0, 1]
  57    8.837960    8.837960   0.00000000   0.00000000  -0.0000   0.4940  1-[ 7, 4, 1]
  58    9.258318  -22.684633   1.00000000   0.00000003  -0.0000   0.5998  1-[ 3, 3, 0]
  59   12.528071  -25.954386   1.00000000   0.00000000  -0.0000   0.6734  1-[ 3, 2, 1]
  60   15.477349  -28.903663   1.00000000   0.00000004  -0.0000   0.5801  1-[ 3, 1, 0]
  61   16.096092   16.096092   0.00000000   0.00000000  -0.0000   0.4447  1-[ 7, 2, 1]
  62   16.685876   16.685876   0.00000000   0.00000000  -0.0000   0.4100  1-[ 7, 7, 0]
  63   16.932947   16.932947   0.00000000   0.00000000  -0.0000   0.5465  1-[ 7, 0, 1]
  64   17.254192   17.254192   0.00000000   0.00000000  -0.0000   0.4628  1-[ 7, 1, 0]
  65   17.733826   17.733826   0.00000000   0.00000000  -0.0000   0.4122  1-[ 7, 6, 1]
  66   18.032157   18.032157   0.00000000   0.00000000  -0.0000   0.5425  1-[ 7, 4, 1]
  67   18.361842   18.361842   0.00000000   0.00000000  -0.0000   0.4788  1-[ 7, 2, 1]
  68   25.122477   25.122477   0.00000000   0.00000000  -0.0000   0.3960  1-[ 9, 1, 0]
  69   25.284585   25.284585   0.00000000   0.00000000  -0.0000   0.3889  1-[ 9, 9, 0]
  70   26.019800   26.019800   0.00000000   0.00000000  -0.0000   0.3200  1-[ 9, 0, 1]
  71   26.461488   26.461488   0.00000000   0.00000000  -0.0000   0.3332  1-[ 9, 0, 1]
  72   26.683683   26.683683   0.00000000   0.00000000  -0.0000   0.4417  1-[ 9, 0, 1]
  73   26.693355   26.693355   0.00000000   0.00000000  -0.0000   0.4204  1-[ 9, 8, 1]
  74   27.051103   27.051103   0.00000000   0.00000000  -0.0000   0.4893  1-[ 9, 5, 0]
  75   28.111760   28.111760   0.00000000   0.00000000  -0.0000   0.4205  1-[ 9, 7, 0]
  76   29.749912   29.749912   0.00000000   0.00000000  -0.0000   0.3988  1-[ 9, 2, 1]
  77   31.426726  -44.853040   1.00000000   0.00000002  -0.0000   0.7896  1-[ 1, 0, 1]
  78   32.104890  -45.531205   1.00000000   0.00000000  -0.0000   0.7835  1-[ 1, 1, 0]
  79   34.379841   34.379841   0.00000000   0.00000000  -0.0000   0.4704  1-[ 9, 4, 1]
  80   37.643473   37.643473   0.00000000   0.00000000  -0.0000   0.4080  1-[11, 3, 0]
  81   38.134635   38.134635   0.00000000   0.00000000  -0.0000   0.3822  1-[11, 2, 1]
  82   40.651946   40.651946   0.00000000   0.00000000  -0.0000   0.3912  1-[11, 1, 0]
  83   42.259959   42.259959   0.00000000   0.00000000  -0.0000   0.3908  1-[11, 2, 1]
  84   42.288643   42.288643   0.00000000   0.00000000  -0.0000   0.3948  1-[11,11, 0]
  85   42.766848   42.766848   0.00000000   0.00000000  -0.0000   0.4676  1-[11, 6, 1]
  86   43.188157   43.188157   0.00000000   0.00000000  -0.0000   0.3947  1-[11,10, 1]
  87   43.247050   43.247050   0.00000000   0.00000000  -0.0000   0.3607  1-[11, 0, 1]
  88   43.572438   43.572438   0.00000000   0.00000000  -0.0000   0.3516  1-[11, 0, 1]
  89   44.019924   44.019924   0.00000000   0.00000000  -0.0000   0.4164  1-[11, 8, 1]
  90   44.349440   44.349440   0.00000000   0.00000000  -0.0000   0.4947  1-[11, 0, 1]
  91   47.661353   47.661353   0.00000000   0.00000000  -0.0000   0.4884  1-[11, 6, 1]
  92   -2.814020  -10.612295   1.00000000   0.00000003  -0.0000   0.8151  3+[ 4, 0, 2]
  93   -0.908361  -12.517953   1.00000000   0.00000000  -0.0000   0.6583  3+[ 4, 1, 1]
  94   -0.755306   -0.755306   0.00000000   0.00000000  -0.0000   0.5978  3+[ 6, 3, 1]
  95    1.646702  -15.073017   1.00000000   0.00000000  -0.0000   0.7515  3+[ 4, 2, 2]
  96    6.297121  -19.723436   1.00000000   0.00000000  -0.0000   0.6131  3+[ 4, 3, 1]
  97    7.031002    7.031002   0.00000000   0.00000000  -0.0000   0.5802  3+[ 6, 5, 1]
  98    7.517662    7.517662   0.00000000   0.00000000  -0.0000   0.5391  3+[ 6, 4, 2]
  99    9.965612    9.965612   0.00000000   0.00000000  -0.0000   0.5517  3+[ 6, 4, 2]
 100   10.369164   10.369164   0.00000000   0.00000000  -0.0000   0.5396  3+[ 6, 1, 1]
 101   11.192015   11.192015   0.00000000   0.00000000  -0.0000   0.7573  3+[ 6, 0, 2]
 102   17.898191   17.898191   0.00000000   0.00000000  -0.0000   0.5044  3+[ 8, 5, 1]
 103   19.229945   19.229945   0.00000000   0.00000000  -0.0000   0.3942  3+[ 8, 3, 1]
 104   19.575429   19.575429   0.00000000   0.00000000  -0.0000   0.5791  3+[ 8, 0, 2]
 105   20.268996   20.268996   0.00000000   0.00000000  -0.0000   0.4419  3+[ 8, 1, 1]
 106   20.721328   20.721328   0.00000000   0.00000000  -0.0000   0.3958  3+[ 8, 4, 2]
 107   22.308348   22.308348   0.00000000   0.00000000  -0.0000   0.4216  3+[ 8, 7, 1]
 108   22.585579  -36.011894   1.00000000   0.00000000  -0.0000   0.8833  3+[ 2, 0, 2]
 109   23.327981   23.327981   0.00000000   0.00000000  -0.0000   0.4654  3+[ 8, 6, 2]
 110   24.196013  -37.622327   1.00000000   0.00000001  -0.0000   0.8759  3+[ 2, 1, 1]
 111   26.733562   26.733562   0.00000000   0.00000000  -0.0000   0.5525  3+[ 8, 4, 2]
 112   29.480226   29.480226   0.00000000   0.00000000  -0.0000   0.4036  3+[10, 9, 1]
 113   30.913361   30.913361   0.00000000   0.00000000  -0.0000   0.3533  3+[10, 1, 1]
 114   31.369015   31.369015   0.00000000   0.00000000  -0.0000   0.4133  3+[10, 3, 1]
 115   31.468968   31.468968   0.00000000   0.00000000  -0.0000   0.2957  3+[ 8, 3, 1]
 116   32.352400   32.352400   0.00000000   0.00000000  -0.0000   0.4529  3+[ 8, 0, 2]
 117   32.374075   32.374075   0.00000000   0.00000000  -0.0000   0.3846  3+[10, 8, 2]
 118   32.749940   32.749940   0.00000000   0.00000000  -0.0000   0.2948  3+[10, 6, 2]
 119   33.930694   33.930694   0.00000000   0.00000000  -0.0000   0.3728  3+[10, 8, 2]
 120   35.660146   35.660146   0.00000000   0.00000000  -0.0000   0.5184  3+[10, 5, 1]
 121   39.188833   39.188833   0.00000000   0.00000000  -0.0000   0.4330  3+[10, 6, 2]
 122   41.331094   41.331094   0.00000000   0.00000000  -0.0000   0.4358  3+[12, 9, 1]
 123   44.262803   44.262803   0.00000000   0.00000000  -0.0000   0.3553  3+[12, 3, 1]
 124   45.826193   45.826193   0.00000000   0.00000000  -0.0000   0.4080  3+[12,11, 1]
 125   48.016219   48.016219   0.00000000   0.00000000  -0.0000   0.4005  3+[12, 1, 1]
 126   48.944625   48.944625   0.00000000   0.00000000  -0.0000   0.4769  3+[12, 7, 1]
 127   49.054090   49.054090   0.00000000   0.00000000  -0.0000   0.3823  3+[12,10, 2]
 128   49.338370   49.338370   0.00000000   0.00000000  -0.0000   0.3515  3+[12, 0, 2]
 129   49.610053   49.610053   0.00000000   0.00000000  -0.0000   0.3915  3+[12,10, 2]
 130   49.623971   49.623971   0.00000000   0.00000000  -0.0000   0.3382  3+[12, 5, 1]
 131   50.721621   50.721621   0.00000000   0.00000000  -0.0000   0.5635  3+[12, 0, 2]
 132   50.991296   50.991296   0.00000000   0.00000000  -0.0000   0.3830  3+[12, 4, 2]
 133   52.651655   52.651655   0.00000000   0.00000000  -0.0000   0.5033  3+[12, 6, 2]
 134   -3.656567   -3.656567   0.00000000   0.00000000  -0.0000   0.6440  3-[ 5, 3, 2]
 135   -3.109398  -10.316916   1.00000000   0.00000003  -0.0000   0.5961  3-[ 5, 2, 1]
 136   -2.448590   -2.448590   0.00000000   0.00000000  -0.0000   0.6074  3-[ 5, 4, 1]
 137    0.218374    0.218374   0.00000000   0.00000000  -0.0000   0.6841  3-[ 5, 1, 2]
 138    1.187405    1.187405   0.00000000   0.00000000  -0.0000   0.8142  3-[ 5, 0, 1]
 139    8.837960    8.837960   0.00000000   0.00000000  -0.0000   0.5601  3-[ 7, 4, 1]
 140    9.258318  -22.684632   1.00000000   0.00000004  -0.0000   0.8483  3-[ 3, 0, 1]
 141   12.528071  -25.954386   1.00000000   0.00000000  -0.0000   0.8417  3-[ 3, 1, 2]
 142   15.477349  -28.903663   1.00000000   0.00000005  -0.0000   0.7489  3-[ 3, 2, 1]
 143   16.096092   16.096092   0.00000000   0.00000000  -0.0000   0.5262  3-[ 7, 2, 1]
 144   16.685876   16.685876   0.00000000   0.00000000  -0.0000   0.6790  3-[ 7, 0, 1]
 145   17.254193   17.254193   0.00000000   0.00000000  -0.0000   0.4723  3-[ 7, 6, 1]
 146   17.733827   17.733827   0.00000000   0.00000000  -0.0000   0.5321  3-[ 7, 1, 2]
 147   18.032157   18.032157   0.00000000   0.00000000  -0.0000   0.5755  3-[ 7, 3, 2]
 148   18.361842   18.361842   0.00000000   0.00000000  -0.0000   0.5563  3-[ 7, 5, 2]
 149   25.122477   25.122477   0.00000000   0.00000000  -0.0000   0.4620  3-[ 9, 8, 1]
 150   25.284585   25.284585   0.00000000   0.00000000  -0.0000   0.3795  3-[ 9, 0, 1]
 151   26.019800   26.019800   0.00000000   0.00000000  -0.0000   0.5543  3-[ 9, 0, 1]
 152   26.461488   26.461488   0.00000000   0.00000000  -0.0000   0.4165  3-[ 9, 1, 2]
 153   26.693355   26.693355   0.00000000   0.00000000  -0.0000   0.4541  3-[ 9, 1, 2]
 154   27.051103   27.051103   0.00000000   0.00000000  -0.0000   0.4938  3-[ 9, 4, 1]
 155   28.111760   28.111760   0.00000000   0.00000000  -0.0000   0.4268  3-[ 9, 2, 1]
 156   29.749912   29.749912   0.00000000   0.00000000  -0.0000   0.4523  3-[ 9, 7, 2]
 157   32.104890  -45.531205   1.00000000   0.00000002  -0.0000   0.9596  3-[ 1, 0, 1]
 158   34.379841   34.379841   0.00000000   0.00000000  -0.0000   0.5174  3-[ 9, 5, 2]
 159   37.643473   37.643473   0.00000000   0.00000000  -0.0000   0.4371  3-[11, 8, 1]
 160   38.134635   38.134635   0.00000000   0.00000000  -0.0000   0.4334  3-[11, 2, 1]
 161   40.651947   40.651947   0.00000000   0.00000000  -0.0000   0.4330  3-[11,10, 1]
 162   42.259959   42.259959   0.00000000   0.00000000  -0.0000   0.4396  3-[11, 9, 2]
 163   42.288643   42.288643   0.00000000   0.00000000  -0.0000   0.4024  3-[11, 0, 1]
 164   42.766848   42.766848   0.00000000   0.00000000  -0.0000   0.5084  3-[11, 6, 1]
 165   43.188158   43.188158   0.00000000   0.00000000  -0.0000   0.4403  3-[11, 1, 2]
 166   43.247053   43.247053   0.00000000   0.00000000  -0.0000   0.4033  3-[11, 3, 2]
 167   43.572428   43.572428   0.00000000   0.00000000  -0.0000   0.6090  3-[11, 0, 1]
 168   44.019924   44.019924   0.00000000   0.00000000  -0.0000   0.4400  3-[11, 3, 2]
 169   47.661353   47.661353   0.00000000   0.00000000  -0.0000   0.5020  3-[11, 5, 2]
 170   -0.908361  -12.517953   1.00000000   0.00000003  -0.0000   0.9014  5+[ 4, 0, 2]
 171   -0.755306   -0.755306   0.00000000   0.00000000  -0.0000   0.5671  5+[ 6, 2, 2]
 172    1.646702  -15.073017   1.00000000   0.00000004  -0.0000   0.8768  5+[ 4, 1, 3]
 173    6.297121  -19.723436   1.00000000   0.00000000  -0.0000   0.8111  5+[ 4, 2, 2]
 174    7.031001    7.031001   0.00000000   0.00000000  -0.0000   0.5946  5+[ 6, 4, 2]
 175    7.517662    7.517662   0.00000000   0.00000000  -0.0000   0.7003  5+[ 6, 3, 3]
 176    9.965613    9.965613   0.00000000   0.00000000  -0.0000   0.7432  5+[ 6, 1, 3]
 177   10.369165   10.369165   0.00000000   0.00000000  -0.0000   0.8533  5+[ 6, 0, 2]
 178   17.898191   17.898191   0.00000000   0.00000000  -0.0000   0.5772  5+[ 8, 4, 2]
 179   19.229946   19.229946   0.00000000   0.00000000  -0.0000   0.6569  5+[ 8, 0, 2]
 180   20.268996   20.268996   0.00000000   0.00000000  -0.0000   0.4375  5+[ 8, 4, 2]
 181   20.721328   20.721328   0.00000000   0.00000000  -0.0000   0.5310  5+[ 8, 1, 3]
 182   22.308348   22.308348   0.00000000   0.00000000  -0.0000   0.5345  5+[ 8, 6, 2]
 183   23.327981   23.327981   0.00000000   0.00000000  -0.0000   0.4936  5+[ 8, 5, 3]
 184   24.196013  -37.622328   1.00000000   0.00000000  -0.0000   0.9793  5+[ 2, 0, 2]
 185   26.733562   26.733562   0.00000000   0.00000000  -0.0000   0.5548  5+[ 8, 3, 3]
 186   29.480227   29.480227   0.00000000   0.00000000  -0.0000   0.4513  5+[10, 8, 2]
 187   30.913360   30.913360   0.00000000   0.00000000  -0.0000   0.3310  5+[10, 6, 2]
 188   31.369015   31.369015   0.00000000   0.00000000  -0.0000   0.4045  5+[10, 8, 2]
 189   31.468966   31.468966   0.00000000   0.00000000  -0.0000   0.5036  5+[10, 0, 2]
 190   32.374075   32.374075   0.00000000   0.00000000  -0.0000   0.4006  5+[10, 1, 3]
 191   32.749940   32.749940   0.00000000   0.00000000  -0.0000   0.3964  5+[10, 1, 3]
 192   33.930694   33.930694   0.00000000   0.00000000  -0.0000   0.4585  5+[10, 7, 3]
 193   35.660146   35.660146   0.00000000   0.00000000  -0.0000   0.5087  5+[10, 6, 2]
 194   39.188833   39.188833   0.00000000   0.00000000  -0.0000   0.4975  5+[10, 5, 3]
 195   41.331094   41.331094   0.00000000   0.00000000  -0.0000   0.4500  5+[12, 4, 2]
 196   44.262803   44.262803   0.00000000   0.00000000  -0.0000   0.4303  5+[12,10, 2]
 197   45.826193   45.826193   0.00000000   0.00000000  -0.0000   0.4126  5+[12,10, 2]
 198   48.016221   48.016221   0.00000000   0.00000000  -0.0000   0.3815  5+[12, 0, 2]
 199   48.944625   48.944625   0.00000000   0.00000000  -0.0000   0.5209  5+[12, 6, 2]
 200   49.054091   49.054091   0.00000000   0.00000000  -0.0000   0.4442  5+[12, 1, 3]
 201   49.338370   49.338370   0.00000000   0.00000000  -0.0000   0.4492  5+[12, 1, 3]
 202   49.610053   49.610053   0.00000000   0.00000000  -0.0000   0.4306  5+[12, 9, 3]
 203   49.623988   49.623988   0.00000000   0.00000000  -0.0000   0.6327  5+[12, 0, 2]
 204   50.991296   50.991296   0.00000000   0.00000000  -0.0000   0.4034  5+[12, 3, 3]
 205   52.651655   52.651655   0.00000000   0.00000000  -0.0000   0.4942  5+[12, 5, 3]
 206   -3.656567   -3.656567   0.00000000   0.00000000  -0.0000   0.7949  5-[ 5, 2, 3]
 207   -3.109398  -10.316916   1.00000000   0.00000000  -0.0000   0.6883  5-[ 5, 3, 2]
 208   -2.448590   -2.448590   0.00000000   0.00000000  -0.0000   0.7439  5-[ 5, 1, 2]
 209    0.218373    0.218373   0.00000000   0.00000000  -0.0000   0.8653  5-[ 5, 0, 3]
 210    8.837960    8.837960   0.00000000   0.00000000  -0.0000   0.5904  5-[ 7, 3, 2]
 211   12.528071  -25.954386   1.00000000   0.00000000  -0.0000   0.9220  5-[ 3, 0, 3]
 212   15.477349  -28.903663   1.00000000   0.00000000  -0.0000   0.9172  5-[ 3, 1, 2]
 213   16.096092   16.096092   0.00000000   0.00000000  -0.0000   0.6051  5-[ 7, 5, 2]
 214   17.254193   17.254193   0.00000000   0.00000000  -0.0000   0.5975  5-[ 7, 1, 2]
 215   17.733826   17.733826   0.00000000   0.00000000  -0.0000   0.7525  5-[ 7, 0, 3]
 216   18.032157   18.032157   0.00000000   0.00000000  -0.0000   0.6066  5-[ 7, 4, 3]
 217   18.361842   18.361842   0.00000000   0.00000000  -0.0000   0.5374  5-[ 7, 2, 3]
 218   25.122477   25.122477   0.00000000   0.00000000  -0.0000   0.4939  5-[ 9, 1, 2]
 219   25.284584   25.284584   0.00000000   0.00000000  -0.0000   0.4648  5-[ 9, 1, 2]
 220   26.461489   26.461489   0.00000000   0.00000000  -0.0000   0.6453  5-[ 9, 0, 3]
 221   26.693355   26.693355   0.00000000   0.00000000  -0.0000   0.4700  5-[ 9, 4, 3]
 222   27.051103   27.051103   0.00000000   0.00000000  -0.0000   0.5409  5-[ 9, 5, 2]
 223   28.111760   28.111760   0.00000000   0.00000000  -0.0000   0.4810  5-[ 9, 7, 2]
 224   29.749912   29.749912   0.00000000   0.00000000  -0.0000   0.5202  5-[ 9, 6, 3]
 225   34.379841   34.379841   0.00000000   0.00000000  -0.0000   0.5594  5-[ 9, 4, 3]
 226   37.643473   37.643473   0.00000000   0.00000000  -0.0000   0.4600  5-[11, 3, 2]
 227   38.134635   38.134635   0.00000000   0.00000000  -0.0000   0.4845  5-[11, 9, 2]
 228   40.651947   40.651947   0.00000000   0.00000000  -0.0000   0.4781  5-[11, 1, 2]
 229   42.259959   42.259959   0.00000000   0.00000000  -0.0000   0.4550  5-[11, 2, 3]
 230   42.288646   42.288646   0.00000000   0.00000000  -0.0000   0.4409  5-[11, 1, 2]
 231   42.766848   42.766848   0.00000000   0.00000000  -0.0000   0.5209  5-[11, 5, 2]
 232   43.188157   43.188157   0.00000000   0.00000000  -0.0000   0.4119  5-[11, 4, 3]
 233   43.247048   43.247048   0.00000000   0.00000000  -0.0000   0.6749  5-[11, 0, 3]
 234   44.019924   44.019924   0.00000000   0.00000000  -0.0000   0.4717  5-[11, 8, 3]
 235   47.661353   47.661353   0.00000000   0.00000000  -0.0000   0.5305  5-[11, 6, 3]
 236   -0.755306   -0.755306   0.00000000   0.00000000  -0.0000   0.7322  7+[ 6, 3, 3]
 237    1.646702  -15.073016   1.00000000   0.00000000  -0.0000   0.9373  7+[ 4, 0, 4]
 238    6.297121  -19.723436   1.00000000   0.00000003  -0.0000   0.9365  7+[ 4, 1, 3]
 239    7.031002    7.031002   0.00000000   0.00000000  -0.0000   0.7928  7+[ 6, 1, 3]
 240    7.517662    7.517662   0.00000000   0.00000000  -0.0000   0.8253  7+[ 6, 2, 4]
 241    9.965612    9.965612   0.00000000   0.00000000  -0.0000   0.8883  7+[ 6, 0, 4]
 242   17.898191   17.898191   0.00000000   0.00000000  -0.0000   0.5772  7+[ 8, 3, 3]
 243   20.268996   20.268996   0.00000000   0.00000000  -0.0000   0.5810  7+[ 8, 1, 3]
 244   20.721328   20.721328   0.00000000   0.00000000  -0.0000   0.6953  7+[ 8, 0, 4]
 245   22.308348   22.308348   0.00000000   0.00000000  -0.0000   0.5634  7+[ 8, 5, 3]
 246   23.327981   23.327981   0.00000000   0.00000000  -0.0000   0.5236  7+[ 8, 2, 4]
 247   26.733562   26.733562   0.00000000   0.00000000  -0.0000   0.6347  7+[ 8, 4, 4]
 248   29.480226   29.480226   0.00000000   0.00000000  -0.0000   0.4671  7+[10, 1, 3]
 249   30.913361   30.913361   0.00000000   0.00000000  -0.0000   0.4406  7+[10, 1, 3]
 250   31.369015   31.369015   0.00000000   0.00000000  -0.0000   0.4954  7+[10, 7, 3]
 251   32.374075   32.374075   0.00000000   0.00000000  -0.0000   0.4229  7+[10, 4, 4]
 252   32.749940   32.749940   0.00000000   0.00000000  -0.0000   0.5606  7+[10, 0, 4]
 253   33.930694   33.930694   0.00000000   0.00000000  -0.0000   0.4957  7+[10, 6, 4]
 254   35.660146   35.660146   0.00000000   0.00000000  -0.0000   0.5828  7+[10, 5, 3]
 255   39.188833   39.188833   0.00000000   0.00000000  -0.0000   0.5163  7+[10, 4, 4]
 256   41.331094   41.331094   0.00000000   0.00000000  -0.0000   0.4726  7+[12, 3, 3]
 257   44.262803   44.262803   0.00000000   0.00000000  -0.0000   0.4714  7+[12, 9, 3]
 258   45.826194   45.826194   0.00000000   0.00000000  -0.0000   0.4765  7+[12, 1, 3]
 259   48.016219   48.016219   0.00000000   0.00000000  -0.0000   0.4826  7+[12, 1, 3]
 260   48.944625   48.944625   0.00000000   0.00000000  -0.0000   0.5104  7+[12, 5, 3]
 261   49.054089   49.054089   0.00000000   0.00000000  -0.0000   0.4361  7+[12, 4, 4]
 262   49.338370   49.338370   0.00000000   0.00000000  -0.0000   0.6791  7+[12, 0, 4]
 263   49.610053   49.610053   0.00000000   0.00000000  -0.0000   0.4516  7+[12, 2, 4]
 264   50.991296   50.991296   0.00000000   0.00000000  -0.0000   0.4651  7+[12, 8, 4]
 265   52.651655   52.651655   0.00000000   0.00000000  -0.0000   0.5557  7+[12, 6, 4]
 266   -3.656567   -3.656567   0.00000000   0.00000000  -0.0000   0.8943  7-[ 5, 1, 4]
 267   -3.109398  -10.316916   1.00000000   0.00000004  -0.0000   0.8430  7-[ 5, 2, 3]
 268   -2.448591   -2.448591   0.00000000   0.00000000  -0.0000   0.9278  7-[ 5, 0, 3]
 269    8.837960    8.837960   0.00000000   0.00000000  -0.0000   0.6192  7-[ 7, 4, 3]
 270   15.477349  -28.903663   1.00000000   0.00000000  -0.0000   0.9906  7-[ 3, 0, 3]
 271   16.096092   16.096092   0.00000000   0.00000000  -0.0000   0.5800  7-[ 7, 2, 3]
 272   17.254193   17.254193   0.00000000   0.00000000  -0.0000   0.8331  7-[ 7, 0, 3]
 273   18.032158   18.032158   0.00000000   0.00000000  -0.0000   0.7460  7-[ 7, 3, 4]
 274   18.361842   18.361842   0.00000000   0.00000000  -0.0000   0.7726  7-[ 7, 1, 4]
 275   25.122477   25.122477   0.00000000   0.00000000  -0.0000   0.5072  7-[ 9, 4, 3]
 276   25.284585   25.284585   0.00000000   0.00000000  -0.0000   0.7100  7-[ 9, 0, 3]
 277   26.693355   26.693355   0.00000000   0.00000000  -0.0000   0.6306  7-[ 9, 1, 4]
 278   27.051103   27.051103   0.00000000   0.00000000  -0.0000   0.5828  7-[ 9, 4, 3]
 279   28.111760   28.111760   0.00000000   0.00000000  -0.0000   0.5505  7-[ 9, 6, 3]
 280   29.749912   29.749912   0.00000000   0.00000000  -0.0000   0.5223  7-[ 9, 5, 4]
 281   34.379841   34.379841   0.00000000   0.00000000  -0.0000   0.5420  7-[ 9, 5, 4]
 282   37.643473   37.643473   0.00000000   0.00000000  -0.0000   0.4914  7-[11, 8, 3]
 283   38.134635   38.134635   0.00000000   0.00000000  -0.0000   0.4990  7-[11, 2, 3]
 284   40.651946   40.651946   0.00000000   0.00000000  -0.0000   0.4437  7-[11, 4, 3]
 285   42.259959   42.259959   0.00000000   0.00000000  -0.0000   0.4653  7-[11, 1, 4]
 286   42.288640   42.288640   0.00000000   0.00000000  -0.0000   0.7274  7-[11, 0, 3]
 287   42.766849   42.766849   0.00000000   0.00000000  -0.0000   0.5491  7-[11, 6, 3]
 288   43.188158   43.188158   0.00000000   0.00000000  -0.0000   0.5720  7-[11, 1, 4]
 289   44.019924   44.019924   0.00000000   0.00000000  -0.0000   0.5420  7-[11, 7, 4]
 290   47.661353   47.661353   0.00000000   0.00000000  -0.0000   0.5824  7-[11, 5, 4]
 291   -0.755306   -0.755306   0.00000000   0.00000000  -0.0000   0.8585  9+[ 6, 2, 4]
 292    6.297121  -19.723436   1.00000000   0.00000000  -0.0000   0.9933  9+[ 4, 0, 4]
 293    7.031001    7.031001   0.00000000   0.00000000  -0.0000   0.9401  9+[ 6, 0, 4]
 294    7.517662    7.517662   0.00000000   0.00000000  -0.0000   0.9079  9+[ 6, 1, 5]
 295   17.898191   17.898191   0.00000000   0.00000000  -0.0000   0.6581  9+[ 8, 4, 4]
 296   20.268996   20.268996   0.00000000   0.00000000  -0.0000   0.7547  9+[ 8, 0, 4]
 297   22.308348   22.308348   0.00000000   0.00000000  -0.0000   0.5946  9+[ 8, 2, 4]
 298   23.327981   23.327981   0.00000000   0.00000000  -0.0000   0.7010  9+[ 8, 1, 5]
 299   26.733562   26.733562   0.00000000   0.00000000  -0.0000   0.7532  9+[ 8, 3, 5]
 300   29.480227   29.480227   0.00000000   0.00000000  -0.0000   0.4906  9+[10, 4, 4]
 301   30.913360   30.913360   0.00000000   0.00000000  -0.0000   0.6182  9+[10, 0, 4]
 302   31.369015   31.369015   0.00000000   0.00000000  -0.0000   0.5337  9+[10, 6, 4]
 303   32.374075   32.374075   0.00000000   0.00000000  -0.0000   0.5793  9+[10, 1, 5]
 304   33.930694   33.930694   0.00000000   0.00000000  -0.0000   0.4803  9+[10, 5, 5]
 305   35.660146   35.660146   0.00000000   0.00000000  -0.0000   0.6032  9+[10, 4, 4]
 306   39.188833   39.188833   0.00000000   0.00000000  -0.0000   0.5344  9+[10, 5, 5]
 307   41.331094   41.331094   0.00000000   0.00000000  -0.0000   0.5434  9+[12, 8, 4]
 308   44.262803   44.262803   0.00000000   0.00000000  -0.0000   0.4927  9+[12, 2, 4]
 309   45.826192   45.826192   0.00000000   0.00000000  -0.0000   0.4655  9+[12, 4, 4]
 310   48.016220   48.016220   0.00000000   0.00000000  -0.0000   0.7239  9+[12, 0, 4]
 311   48.944625   48.944625   0.00000000   0.00000000  -0.0000   0.5728  9+[12, 6, 4]
 312   49.054091   49.054091   0.00000000   0.00000000  -0.0000   0.5947  9+[12, 1, 5]
 313   49.610053   49.610053   0.00000000   0.00000000  -0.0000   0.4558  9+[12, 5, 5]
 314   50.991296   50.991296   0.00000000   0.00000000  -0.0000   0.5106  9+[12, 7, 5]
 315   52.651655   52.651655   0.00000000   0.00000000  -0.0000   0.5904  9+[12, 5, 5]
 316   -3.656566   -3.656566   0.00000000   0.00000000  -0.0000   0.9427  9-[ 5, 0, 5]
 317   -3.109398  -10.316916   1.00000000   0.00000000  -0.0000   0.9425  9-[ 5, 1, 4]
 318    8.837960    8.837960   0.00000000   0.00000000  -0.0000   0.7584  9-[ 7, 3, 4]
 319   16.096092   16.096092   0.00000000   0.00000000  -0.0000   0.8285  9-[ 7, 1, 4]
 320   18.032157   18.032157   0.00000000   0.00000000  -0.0000   0.8535  9-[ 7, 2, 5]
 321   18.361841   18.361841   0.00000000   0.00000000  -0.0000   0.8921  9-[ 7, 0, 5]
 322   25.122477   25.122477   0.00000000   0.00000000  -0.0000   0.6763  9-[ 9, 1, 4]
 323   26.693355   26.693355   0.00000000   0.00000000  -0.0000   0.7865  9-[ 9, 0, 5]
 324   27.051103   27.051103   0.00000000   0.00000000  -0.0000   0.5630  9-[ 9, 3, 4]
 325   28.111760   28.111760   0.00000000   0.00000000  -0.0000   0.5505  9-[ 9, 5, 4]
 326   29.749912   29.749912   0.00000000   0.00000000  -0.0000   0.6001  9-[ 9, 2, 5]
 327   34.379841   34.379841   0.00000000   0.00000000  -0.0000   0.6655  9-[ 9, 4, 5]
 328   37.643473   37.643473   0.00000000   0.00000000  -0.0000   0.5630  9-[11, 7, 4]
 329   38.134635   38.134635   0.00000000   0.00000000  -0.0000   0.5081  9-[11, 1, 4]
 330   40.651947   40.651947   0.00000000   0.00000000  -0.0000   0.6123  9-[11, 1, 4]
 331   42.259959   42.259959   0.00000000   0.00000000  -0.0000   0.4979  9-[11, 4, 5]
 332   42.766849   42.766849   0.00000000   0.00000000  -0.0000   0.6015  9-[11, 5, 4]
 333   43.188157   43.188157   0.00000000   0.00000000  -0.0000   0.7627  9-[11, 0, 5]
 334   44.019924   44.019924   0.00000000   0.00000000  -0.0000   0.5625  9-[11, 6, 5]
 335   47.661353   47.661353   0.00000000   0.00000000  -0.0000   0.5870  9-[11, 4, 5]
 336   -0.755306   -0.755306   0.00000000   0.00000000  -0.0000   0.9405 11+[ 6, 1, 5]
 337    7.517662    7.517662   0.00000000   0.00000000  -0.0000   0.9483 11+[ 6, 0, 6]
 338   17.898191   17.898191   0.00000000   0.00000000  -0.0000   0.7787 11+[ 8, 3, 5]
 339   22.308348   22.308348   0.00000000   0.00000000  -0.0000   0.7928 11+[ 8, 1, 5]
 340   23.327981   23.327981   0.00000000   0.00000000  -0.0000   0.7908 11+[ 8, 0, 6]
 341   26.733562   26.733562   0.00000000   0.00000000  -0.0000   0.8443 11+[ 8, 2, 6]
 342   29.480226   29.480226   0.00000000   0.00000000  -0.0000   0.6693 11+[10, 1, 5]
 343   31.369015   31.369015   0.00000000   0.00000000  -0.0000   0.5156 11+[10, 5, 5]
 344   32.374075   32.374075   0.00000000   0.00000000  -0.0000   0.6987 11+[10, 0, 6]
 345   33.930694   33.930694   0.00000000   0.00000000  -0.0000   0.5915 11+[10, 2, 6]
 346   35.660146   35.660146   0.00000000   0.00000000  -0.0000   0.6230 11+[10, 5, 5]
 347   39.188833   39.188833   0.00000000   0.00000000  -0.0000   0.6373 11+[10, 4, 6]
 348   41.331094   41.331094   0.00000000   0.00000000  -0.0000   0.5953 11+[12, 7, 5]
 349   44.262803   44.262803   0.00000000   0.00000000  -0.0000   0.4958 11+[12, 5, 5]
 350   45.826194   45.826194   0.00000000   0.00000000  -0.0000   0.6321 11+[12, 1, 5]
 351   48.944625   48.944625   0.00000000   0.00000000  -0.0000   0.6075 11+[12, 5, 5]
 352   49.054087   49.054087   0.00000000   0.00000000  -0.0000   0.7607 11+[12, 0, 6]
 353   49.610053   49.610053   0.00000000   0.00000000  -0.0000   0.4835 11+[12, 2, 6]
 354   50.991296   50.991296   0.00000000   0.00000000  -0.0000   0.5147 11+[12, 6, 6]
 355   52.651655   52.651655   0.00000000   0.00000000  -0.0000   0.5822 11+[12, 4, 6]
 356   -3.109398  -10.316916   1.00000000   0.00000000  -0.0000   0.9885 11-[ 5, 0, 5]
 357    8.837960    8.837960   0.00000000   0.00000000  -0.0000   0.8647 11-[ 7, 2, 5]
 358   16.096092   16.096092   0.00000000   0.00000000  -0.0000   0.9519 11-[ 7, 0, 5]
 359   18.032158   18.032158   0.00000000   0.00000000  -0.0000   0.9247 11-[ 7, 1, 6]
 360   25.122477   25.122477   0.00000000   0.00000000  -0.0000   0.8393 11-[ 9, 0, 5]
 361   27.051103   27.051103   0.00000000   0.00000000  -0.0000   0.6895 11-[ 9, 4, 5]
 362   28.111760   28.111760   0.00000000   0.00000000  -0.0000   0.6302 11-[ 9, 2, 5]
 363   29.749912   29.749912   0.00000000   0.00000000  -0.0000   0.7661 11-[ 9, 1, 6]
 364   34.379841   34.379841   0.00000000   0.00000000  -0.0000   0.7702 11-[ 9, 3, 6]
 365   37.643473   37.643473   0.00000000   0.00000000  -0.0000   0.5828 11-[11, 6, 5]
 366   38.134635   38.134635   0.00000000   0.00000000  -0.0000   0.5418 11-[11, 4, 5]
 367   40.651946   40.651946   0.00000000   0.00000000  -0.0000   0.8124 11-[11, 0, 5]
 368   42.259959   42.259959   0.00000000   0.00000000  -0.0000   0.7019 11-[11, 1, 6]
 369   42.766849   42.766849   0.00000000   0.00000000  -0.0000   0.6051 11-[11, 4, 5]
 370   44.019925   44.019925   0.00000000   0.00000000  -0.0000   0.5315 11-[11, 5, 6]
 371   47.661353   47.661353   0.00000000   0.00000000  -0.0000   0.6442 11-[11, 5, 6]
 372   -0.755306   -0.755306   0.00000000   0.00000000  -0.0000   0.9789 13+[ 6, 0, 6]
 373   17.898191   17.898191   0.00000000   0.00000000  -0.0000   0.8706 13+[ 8, 2, 6]
 374   22.308348   22.308348   0.00000000   0.00000000  -0.0000   0.8913 13+[ 8, 0, 6]
 375   26.733562   26.733562   0.00000000   0.00000000  -0.0000   0.9046 13+[ 8, 1, 7]
 376   29.480227   29.480227   0.00000000   0.00000000  -0.0000   0.8045 13+[10, 0, 6]
 377   31.369015   31.369015   0.00000000   0.00000000  -0.0000   0.6334 13+[10, 2, 6]
 378   33.930694   33.930694   0.00000000   0.00000000  -0.0000   0.7297 13+[10, 1, 7]
 379   35.660146   35.660146   0.00000000   0.00000000  -0.0000   0.7415 13+[10, 4, 6]
 380   39.188833   39.188833   0.00000000   0.00000000  -0.0000   0.7239 13+[10, 3, 7]
 381   41.331094   41.331094   0.00000000   0.00000000  -0.0000   0.5988 13+[12, 6, 6]
 382   44.262803   44.262803   0.00000000   0.00000000  -0.0000   0.5245 13+[12, 2, 6]
 383   45.826190   45.826190   0.00000000   0.00000000  -0.0000   0.8058 13+[12, 0, 6]
 384   48.944625   48.944625   0.00000000   0.00000000  -0.0000   0.5981 13+[12, 4, 6]
 385   49.610053   49.610053   0.00000000   0.00000000  -0.0000   0.6852 13+[12, 1, 7]
 386   50.991296   50.991296   0.00000000   0.00000000  -0.0000   0.4906 13+[12, 3, 7]
 387   52.651655   52.651655   0.00000000   0.00000000  -0.0000   0.6732 13+[12, 5, 7]
 388    8.837960    8.837960   0.00000000   0.00000000  -0.0000   0.9340 13-[ 7, 1, 6]
 389   18.032158   18.032158   0.00000000   0.00000000  -0.0000   0.9596 13-[ 7, 0, 7]
 390   27.051103   27.051103   0.00000000   0.00000000  -0.0000   0.7962 13-[ 9, 3, 6]
 391   28.111760   28.111760   0.00000000   0.00000000  -0.0000   0.8021 13-[ 9, 1, 6]
 392   29.749912   29.749912   0.00000000   0.00000000  -0.0000   0.8499 13-[ 9, 0, 7]
 393   34.379841   34.379841   0.00000000   0.00000000  -0.0000   0.8504 13-[ 9, 2, 7]
 394   37.643473   37.643473   0.00000000   0.00000000  -0.0000   0.5494 13-[11, 5, 6]
 395   38.134634   38.134634   0.00000000   0.00000000  -0.0000   0.7616 13-[11, 1, 6]
 396   42.259960   42.259960   0.00000000   0.00000000  -0.0000   0.8260 13-[11, 0, 7]
 397   42.766849   42.766849   0.00000000   0.00000000  -0.0000   0.6628 13-[11, 5, 6]
 398   44.019924   44.019924   0.00000000   0.00000000  -0.0000   0.6959 13-[11, 2, 7]
 399   47.661353   47.661353   0.00000000   0.00000000  -0.0000   0.7516 13-[11, 4, 7]
 400   17.898191   17.898191   0.00000000   0.00000000  -0.0000   0.9307 15+[ 8, 1, 7]
 401   26.733562   26.733562   0.00000000   0.00000000  -0.0000   0.9343 15+[ 8, 0, 8]
 402   31.369015   31.369015   0.00000000   0.00000000  -0.0000   0.7795 15+[10, 1, 7]
 403   33.930694   33.930694   0.00000000   0.00000000  -0.0000   0.7993 15+[10, 0, 8]
 404   35.660146   35.660146   0.00000000   0.00000000  -0.0000   0.8408 15+[10, 3, 7]
 405   39.188833   39.188833   0.00000000   0.00000000  -0.0000   0.7901 15+[10, 2, 8]
 406   41.331094   41.331094   0.00000000   0.00000000  -0.0000   0.5698 15+[12, 3, 7]
 407   44.262803   44.262803   0.00000000   0.00000000  -0.0000   0.7418 15+[12, 1, 7]
 408   48.944625   48.944625   0.00000000   0.00000000  -0.0000   0.6907 15+[12, 5, 7]
 409   49.610054   49.610054   0.00000000   0.00000000  -0.0000   0.7913 15+[12, 0, 8]
 410   50.991296   50.991296   0.00000000   0.00000000  -0.0000   0.6601 15+[12, 2, 8]
 411   52.651655   52.651655   0.00000000   0.00000000  -0.0000   0.7722 15+[12, 4, 8]
 412    8.837960    8.837960   0.00000000   0.00000000  -0.0000   0.9668 15-[ 7, 0, 7]
 413   27.051103   27.051103   0.00000000   0.00000000  -0.0000   0.8774 15-[ 9, 2, 7]
 414   28.111760   28.111760   0.00000000   0.00000000  -0.0000   0.8876 15-[ 9, 0, 7]
 415   34.379841   34.379841   0.00000000   0.00000000  -0.0000   0.9035 15-[ 9, 1, 8]
 416   37.643473   37.643473   0.00000000   0.00000000  -0.0000   0.7180 15-[11, 2, 7]
 417   38.134636   38.134636   0.00000000   0.00000000  -0.0000   0.8939 15-[11, 0, 7]
 418   42.766849   42.766849   0.00000000   0.00000000  -0.0000   0.7722 15-[11, 4, 7]
 419   44.019925   44.019925   0.00000000   0.00000000  -0.0000   0.8365 15-[11, 1, 8]
 420   47.661353   47.661353   0.00000000   0.00000000  -0.0000   0.8415 15-[11, 3, 8]
 421   17.898191   17.898191   0.00000000   0.00000000  -0.0000   0.9594 17+[ 8, 0, 8]
 422   31.369015   31.369015   0.00000000   0.00000000  -0.0000   0.8523 17+[10, 0, 8]
 423   35.660146   35.660146   0.00000000   0.00000000  -0.0000   0.9162 17+[10, 2, 8]
 424   39.188833   39.188833   0.00000000   0.00000000  -0.0000   0.8340 17+[10, 1, 9]
 425   41.331094   41.331094   0.00000000   0.00000000  -0.0000   0.7655 17+[12, 2, 8]
 426   44.262803   44.262803   0.00000000   0.00000000  -0.0000   0.8549 17+[12, 0, 8]
 427   48.944625   48.944625   0.00000000   0.00000000  -0.0000   0.7913 17+[12, 4, 8]
 428   50.991296   50.991296   0.00000000   0.00000000  -0.0000   0.7777 17+[12, 1, 9]
 429   52.651655   52.651655   0.00000000   0.00000000  -0.0000   0.8547 17+[12, 3, 9]
 430   27.051103   27.051103   0.00000000   0.00000000  -0.0000   0.9306 17-[ 9, 1, 8]
 431   34.379840   34.379840   0.00000000   0.00000000  -0.0000   0.9297 17-[ 9, 0, 9]
 432   37.643473   37.643473   0.00000000   0.00000000  -0.0000   0.8616 17-[11, 1, 8]
 433   42.766849   42.766849   0.00000000   0.00000000  -0.0000   0.8633 17-[11, 3, 8]
 434   44.019924   44.019924   0.00000000   0.00000000  -0.0000   0.9073 17-[11, 0, 9]
 435   47.661353   47.661353   0.00000000   0.00000000  -0.0000   0.9100 17-[11, 2, 9]
 436   35.660146   35.660146   0.00000000   0.00000000  -0.0000   0.9658 19+[10, 1, 9]
 437   39.188833   39.188833   0.00000000   0.00000000  -0.0000   0.8556 19+[10, 0,10]
 438   41.331094   41.331094   0.00000000   0.00000000  -0.0000   0.9006 19+[12, 1, 9]
 439   48.944625   48.944625   0.00000000   0.00000000  -0.0000   0.8748 19+[12, 3, 9]
 440   50.991295   50.991295   0.00000000   0.00000000  -0.0000   0.8368 19+[12, 0,10]
 441   52.651655   52.651655   0.00000000   0.00000000  -0.0000   0.9175 19+[12, 2,10]
 442   27.051103   27.051103   0.00000000   0.00000000  -0.0000   0.9561 19-[ 9, 0, 9]
 443   37.643473   37.643473   0.00000000   0.00000000  -0.0000   0.9330 19-[11, 0, 9]
 444   42.766849   42.766849   0.00000000   0.00000000  -0.0000   0.9325 19-[11, 2, 9]
 445   47.661353   47.661353   0.00000000   0.00000000  -0.0000   0.9555 19-[11, 1,10]
 446   35.660146   35.660146   0.00000000   0.00000000  -0.0000   0.9896 21+[10, 0,10]
 447   41.331094   41.331094   0.00000000   0.00000000  -0.0000   0.9679 21+[12, 0,10]
 448   48.944625   48.944625   0.00000000   0.00000000  -0.0000   0.9381 21+[12, 2,10]
 449   52.651655   52.651655   0.00000000   0.00000000  -0.0000   0.9592 21+[12, 1,11]
 450   42.766849   42.766849   0.00000000   0.00000000  -0.0000   0.9780 21-[11, 1,10]
 451   47.661353   47.661353   0.00000000   0.00000000  -0.0000   0.9780 21-[11, 0,11]
 452   48.944625   48.944625   0.00000000   0.00000000  -0.0000   0.9798 23+[12, 1,11]
 453   52.651655   52.651655   0.00000000   0.00000000  -0.0000   0.9798 23+[12, 0,12]
 454   42.766848   42.766848   0.00000000   0.00000000  -0.0000   1.0000 23-[11, 0,11]
 455   48.944625   48.944625   0.00000000   0.00000000  -0.0000   1.0000 25+[12, 0,12]
  Sum canonical e_v*V^2_k=  -1911.2129161382211     

  NB! From expect (UNPROJECTED RESULTS)

  pairing: CpV0,CpV1,...          -0.000000      -0.000000       0.500000       0.500000
  forces:   D1S                           


                             neutrons         protons         total
  Requested part.numbs.     126.000000      82.000000     208.000000
  UnPj(av) part.numbs .     126.000000      82.000000     208.000000
  b0, bz, bp ..........       2.500000       2.500000       2.500000

  lambda (ala) ........      -5.606139      -6.713157
  Lambda (alast) ......      -7.976558      -9.632205
  delta(n,p), pwi .....      -0.000000       0.000000    6000.000000
  pairing energy ......      -0.000000

  rms-radius ..........       5.578081       5.437922       5.523250
  charge-radius, r0 ...                      5.494961       5.681605
  deformation beta2....       0.000000       0.000000       0.000000
  dipole moment[fm] ...       0.000000       0.000000       0.000000
  quadrupole moment[b]        0.000000       0.000000       0.000000
  octupole moment .....       0.000000       0.000000       0.000000
  hexadecapole moment .       0.000000       0.000000       0.000000
  q5 ..................       0.000000       0.000000       0.000000
  q6 ..................       0.000000       0.000000       0.000000
  q7 ..................       0.000000       0.000000       0.000000
  q8 ..................      -0.000000       0.000000      -0.000000

  <Jx^2> from rho .....       0.000000       0.000000       0.000000
  <Jx^2> from kappa ...      -0.000000      -0.000000      -0.000000
  <J^2> = 2*<Jx^2> ....       0.000000       0.000000       0.000000

  kinetic energy ......    2562.742208    1344.691149    3907.433357
  volume energy .......                                  6498.751343
        rho_tau .......                                     0.000000
        rho_rho .......                                  6498.751343
  surface energy ......                                     0.000000
   rho_DELTA_rho ......                                     0.000000
   (NABLA_rho)^2 ......                                     0.000000
  spin-orbit energy ...                                  -102.318790
        rho_NABLA_J ...                                  -102.318790
        NABLA_rho_J ...                                     0.000000
 finite range direct...                                -12134.705664
 finite range exchange.                                  -616.686728
 finite range total....                                -12751.392391
 finite range pairing..                                    -0.000000
  coulomb energy ......                                   798.825811
          direct ......                                   831.056212
          exchange ....                                   -32.230401
          pairing .....                                     0.000000
  tensor energy .......                                     0.000000
  direct Hartree E  ...                                     0.000000
  Extra E .............                                     0.000000
  External field E ....                                     0.000000
  Entropy .............       0.000000       0.000000       0.000000

  tEnergy: ehfb (qp)...                                 -1648.700670

  Calculated but not added corrections
  ====================================
  cmc-diagonal part ...      12.380397       6.496093      18.876490
  cmc-hfb .............       0.000000       0.000000       0.000000
  cranking rot corr ...       0.000000       0.000000       0.000000

  SQUJ ................       0.000000       0.000000       0.000000
  CRAN x 4 ............       0.000000       0.000000       0.000000
  Rigit Body ..........       0.000000       0.000000       0.000000


   Blocking candidates are:
   neutron eqpmin=   2.3704185956967549       pwiblo=   1.0000000000000000     
    num=   1 block=   2 state=   1    50 Eqp=   2.37041860  (1-2N)E=  -2.37041860  overl=   0.66733417  1-[ 5, 0, 1]
    num=   2 block=   1 state=   1     1 Eqp=   2.47266000  (1-2N)E=   2.47266000  overl=   0.47079157  1+[ 6, 5, 1]
    num=   3 block=   5 state=   1   170 Eqp=   2.47266015  (1-2N)E=   2.47266015  overl=   0.59083882  5+[ 6, 4, 2]
    num=   4 block=   9 state=   1   291 Eqp=   2.47266016  (1-2N)E=   2.47266016  overl=   0.93419825  9+[ 6, 0, 4]
    num=   5 block=   3 state=   1    92 Eqp=   2.47266044  (1-2N)E=   2.47266044  overl=   0.57659963  3+[ 6, 5, 1]
    num=   6 block=   7 state=   1   236 Eqp=   2.47266047  (1-2N)E=   2.47266047  overl=   0.78778514  7+[ 6, 1, 3]

   Blocking candidates are:
   proton  eqpmin=   2.9190478174264407       pwiblo=   1.0000000000000000     
    num=   1 block=   1 state=   1     1 Eqp=   2.91904782  (1-2N)E=  -2.91904782  overl=   0.70816383  1+[ 4, 0, 0]
    num=   2 block=   8 state=   1   266 Eqp=   3.05659053  (1-2N)E=   3.05659053  overl=   0.89429950  7-[ 5, 1, 4]
    num=   3 block=   4 state=   1   134 Eqp=   3.05659054  (1-2N)E=   3.05659054  overl=   0.64396925  3-[ 5, 3, 2]
    num=   4 block=   2 state=   1    50 Eqp=   3.05659061  (1-2N)E=   3.05659061  overl=   0.55197363  1-[ 5, 2, 1]
    num=   5 block=   6 state=   1   206 Eqp=   3.05659065  (1-2N)E=   3.05659065  overl=   0.79493293  5-[ 5, 2, 3]
    num=   6 block=  10 state=   1   316 Eqp=   3.05659082  (1-2N)E=   3.05659082  overl=   0.94267446  9-[ 5, 0, 5]
    num=   7 block=  12 state=   1   356 Eqp=   3.60375888  (1-2N)E=  -3.60375888  overl=   0.98848331 11-[ 5, 0, 5]
    num=   8 block=   8 state=   2   267 Eqp=   3.60375901  (1-2N)E=  -3.60375901  overl=   0.84298140  7-[ 5, 2, 3]
    num=   9 block=   2 state=   2    51 Eqp=   3.60375908  (1-2N)E=  -3.60375908  overl=   0.58171243  1-[ 5, 3, 0]
    num=  10 block=   4 state=   2   135 Eqp=   3.60375909  (1-2N)E=  -3.60375909  overl=   0.59607785  3-[ 5, 2, 1]
    num=  11 block=   6 state=   2   207 Eqp=   3.60375911  (1-2N)E=  -3.60375911  overl=   0.68829144  5-[ 5, 3, 2]
    num=  12 block=  10 state=   2   317 Eqp=   3.60375912  (1-2N)E=  -3.60375912  overl=   0.94248186  9-[ 5, 1, 4]
    num=  13 block=   3 state=   1    92 Eqp=   3.89913732  (1-2N)E=  -3.89913732  overl=   0.81514833  3+[ 4, 0, 2]
    num=  14 block=   1 state=   2     2 Eqp=   3.89913757  (1-2N)E=  -3.89913757  overl=   0.57639688  1+[ 4, 1, 1]



 HFBTHO_SOLVER ended without errors

