Distributed parallelism with MPI     : 1 tasks/HFBTHO
Multi-threading framework with OpenMP: 4 threads/task

  ==========================================
           FORTRAN 95 CODE (KIND= 8) 
 git: parent: 3cae9cc3ec7a0c93cd724b300dc0d972f613f33e
  ==========================================
       AXIALLY DEFORMED CONFIGURATIONAL     
     HARTREE-FOCK-BOGOLIUBOV CALCULATIONS   
                     WITH                   
      SKYRME+DELTA PAIRING OR GOGNY EDFs    
                  USING THE                 
             HARMONIC-OSCILLATOR            
                    AND/OR                  
        TRANSFORMED HARMONIC-OSCILLATOR     
                    BASIS                   
                     ---                    
                v1.66  (2005)               
    Stoitsov, Dobaczewski, Nazarewicz, Ring 
                v2.00d (2012)               
        Stoitsov, Schunck, Kortelainen      
                v3.00  (2016)               
            Schunck, Navarro Perez          
  ==========================================
    Nucleus: Sn (A= 120, N= 70, Z= 50)
       Reflection Symmetry Imposed       
            (10/12/2021, 11:18)                               
  ==========================================


  ---------------------------------------
           UNEDF Module Version: 17
         M.Kortelainen & M.Stoitsov 
  ---------------------------------------

  SLY4 functional
  ----------------------------------------
  Crho(0)=   -933.342374999999947    ; Crho(1)=    830.052485500000103    
  CDrho(0)=   861.062500000000000    ; CDrho(1)=  -1064.27324999999996    
  Ctau(0)=    57.1286874999999981    ; Ctau(1)=    24.6567364999999974    
  CrDr(0)=   -76.9962031249999939    ; CrDr(1)=    15.6571351249999999    
  CrdJ(0)=   -92.2500000000000000    ; CrdJ(1)=   -30.7500000000000000    
  CJ(0)=      17.2096115000000012    ; CJ(1)=      64.5758124999999978    
  CpV0(0)=   -370.199999999999989    ; CpV0(1)=   -370.199999999999989    
  CpV1(0)=   0.500000000000000000    ; CpV1(1)=   0.500000000000000000    
  sigma=     0.166666666666666657    ; hbzero=     20.7355300000000007    
  functional has DME couplings: F
  use 3-Nucleon DME couplings: F
  e^2 chrg=   1.43997840859651349    ; CExPar=     1.00000000000000000    
  c.m. correction: T, chr. density in direct Coul: F
  use tensor terms: F

  Coupling constants in natural units
  ----------------------------------------
  Crho_nu(0)=   -1.05105544200051493    ; Crho_nu(1)=   0.934738639752458078    
  CDrho_nu(0)=  0.931965346118903359    ; CDrho_nu(1)=  -1.15190916780296471    
  Ctau_nu(0)=   0.809805640428791551    ; Ctau_nu(1)=   0.349512043179120102    
  CrDr_nu(0)=   -1.09142993320520354    ; CrDr_nu(1)=   0.221941670499269772    
  CrdJ_nu(0)=   -1.30765423815409765    ; CrdJ_nu(1)=  -0.435884746051365901    
  CJ_nu(0)=     0.243948199620168005    ; CJ_nu(1)=     0.915369483987743648    
  CpV0_nu(0)=  -0.416889594912682071    ; CpV0_nu(1)=  -0.416889594912682071    
  CpV1_nu(0)=   0.443851127103029534E-03; CpV1_nu(1)=   0.443851127103029534E-03
  fpi_nu=        93.0000000000000000    ; Lambda_nu=     700.000000000000000    

  Nuclear matter properties
  ----------------------------------------
  E_NM=      -15.9721491414446017    ; K_NM=        229.900964482603513    
  P_NM=      0.964542432981854036E-15; RHO_NM=     0.159538756711733343    
  ASS_NM=     32.0043028150520144    ; LASS_NM=     45.9617514804616079    
  SMASS_NM=   1.43954698897607836    ; VMASS_NM=    1.24983854719625342    

  Associated (t,x)-coupling constants
  ----------------------------------------
  t0=      -2488.91299999999956    ; x0=       0.834000000000000075    
  t1=       486.817999999999984    ; x1=      -0.343999999999999917    
  t2=      -546.394999999999982    ; x2=       -1.00000000000000000    
  t3=       13777.0000000000000    ; x3=        1.35399999999999987    
  b4=       61.5000000000000000    ; b4p=       61.5000000000000000    
  te=      0.151582450295488038E-13; to=       0.113686837721616036E-13
  sigma=   0.166666666666666657    ; hbzero=    20.7355300000000007    

  ---------------------------------------
        Characteristics of the run       
  ---------------------------------------
  Output file ................:    57
  Nucleus ....................:   Sn 120
  Number of HO shells ........:    20
  HO length b0 (fm) ..........:     2.03901407814296
  Basis deformation ..........:  beta0=   0.000 q=   1.000
  HO: b0,1/b0,bp,bz,q ........:   0.20390141E+01  0.49043310E+00  0.20390141E+01  0.20390141E+01  0.10000000E+01
  h**2/(2m_n), cmc, e**2 .....:   0.20735530E+02  0.20562734E+02  0.14399784E+01
  h**2/(2m_p), cmc, e**2 .....:   0.20735530E+02  0.20562734E+02  0.14399784E+01
  hom=f*41.0_pr*A^{-1/3}, f...:   0.99748113E+01  0.12000000E+01
  THO basis is ...............:  OFF
  Maximal number of iterations:   100
  Initial mixing parameter ...:  0.300
  Initial wave functions from :  tape
  Energy functional ..........:    SLY4                          
    direct Coulomb by substitution method, exchange Coulomb with Slater approximation
  Pairing cutoff energy ......:    80.00 MeV
  Lipkin-Nogami procedure is .:  OFF
  PAV procedure is ...........:  OFF
  Constraint calculation is ..:  OFF
  Temperature T ..............:   0.00 MeV
  Pairing regularization is ..:   ON
  Collective inertia is ......:  OFF
  Fission fragments are ......:  OFF
  Restart indicator ..........:  -1
  Broyden mixing (#iterations):   7

  ---------------------------------------
        Harmonic Oscillator Basis        
  ---------------------------------------
  NUV, NQP:                      128843    1771
  Comparison with bookkeeping spherical basis:
  n00:                               20      20  Maximal number of shells
  nbx, 2*n00+1:                      41      41  Maximal number of K-blocks
  ntx, (n00+1)*(n00+2)*(n00+3)/6   1771    1771  Max.num. p/n levels
  nzx, n00:                          20      20  Maximal nz-quantum number
  nrx, n00/2  :                      10      10  Maximal nr-quantum number
  nlx, n00:                          20      20  Maximal ml-quantum number
  ndx, (n00+2)*(n00+2)/4:           121     121  Maximal dim. of one k-block

  Actual basis used
  Number of blocks: nb .......:   41
  Number of levels: nt .......: 1771
  Maximal 2*omega : nom ......:   41
  Maximal nz:       nzm ......:   20
  Maximal nr:       nrm ......:   10
  Maximal ml:       nlm ......:   20
  Maximal N=nz+2*nr+nl .......:   20
  2 x biggest block dim. .....:  242
  Non-zero elements of h .....:    65307
  Number of Broyden elements .:   261228

  ---------------------------------------
            Integration Meshes           
  ---------------------------------------
  Number of Gauss-Hermite mesh points ngh ....:  40
  Number of Gauss-Laguerre mesh points ngl ...:  40
  Number of Gauss-Legendre mesh points nleg ..:  80
  Integration boundaries
    Hermite  - from xh(1)  =  0.12379686 to xh(ngh)   = 11.88786356
    Laguerre - From xl(1)  =  0.03570039 to xl(ngl)   =142.28004447
    Legendre - From xleg(1)=  0.00978669 to xleg(nleg)=  0.99988775
  Max.dev.in:     Orthogonality            Normalization
  Hermite     8.1293541708538476E-015   1.0658141036401503E-014
  Laguerre    1.0729051022809037E-014   1.2878587085651816E-014

  Reading from wel_file: hfbtho_output.hel


  ### REGULAR STAGE (reflection symmetry imposed)
  |HFB+HO> iterations(b0=  2.039, Nsh= 20, inin= -1, N= 70, Z= 50)...
  ----------------------------------------------------------------------------------------------------------------------------------
  i          si     mix   beta      Etot       A       rn      rp         En      Dn      Ep      Dp        Ln      Lp     time  time(Gog.)
  ----------------------------------------------------------------------------------------------------------------------------------
   0N   0.00000001 0.90  0.000 -1018.433362  120.0   4.728   4.593 |  -11.920   1.262  -0.000  -0.000 |   -8.025 -11.140   0.000   0.000
   1B   0.00000000 0.90  0.000 -1018.433362  120.0   4.728   4.593 |  -11.920   1.262  -0.000  -0.000 |   -8.025 -11.140  42.092   0.000
   2B   0.00000000 0.20  0.000 -1018.433362  120.0   4.728   4.593 |  -11.920   1.262  -0.000  -0.000 |   -8.025 -11.140  37.920   0.000
   2N   0.00000000 0.20  0.000 -1018.433362  120.0   4.728   4.593 |  -11.920   1.262  -0.000  -0.000 |   -8.025 -11.140  37.911   0.000
  ----------------------------------------------------------------------------------------------------------------------------------
  *   iteration converged   after   2 steps   si=     0.0000000023 ho=  0 tho=  0
  ----------------------------------------------------------------------------------------------------------------------------------
  Total CPU time=   1.965 minutes


 #quasiparticle energies neutrons
 --------------------------------
  eqp(k) -> q.p. energy 
  e(k)   -> referent s.p. energy 
  p(k)   -> occ.probability 
  del(k) -> referent s.p. gap 
  fermi energy alast=  -8.0246674663108610     
  #k  block#    eqp(k)     e(k)       (1-2N)E      decay        p(k)        del(k)    overl      labels
   1    1     1.173154   -8.479282   -0.454614    1.337618    0.69375734   1.0815   0.4586  1+[ 4, 1, 1]
   2    1     1.402652   -8.971759   -0.947091    1.354203    0.83760728   1.0346   0.6068  1+[ 4, 0, 0]
   3    1     2.431591  -10.074771   -2.050104    1.426191    0.92155596   1.3076   0.5338  1+[ 4, 3, 1]
   4    1     3.401622  -11.236326   -3.211658    1.490878    0.97207748   1.1208   0.5365  1+[ 4, 4, 0]
   5    1     9.293733  -17.200491   -9.175824    1.835454    0.99365650   1.4757   0.6041  1+[ 4, 2, 0]
   6    1    11.112690    3.026264   11.050931    1.929437    0.00277876   1.1700   0.5166  1+[ 6, 4, 0]
   7    1    11.420502    3.375928   11.400595    1.944892    0.00087152   0.6740   0.2924  1+[ 8, 0, 0]
   8    1    12.218812    4.175329   12.199996    1.984413    0.00076994   0.6778   0.2307  1+[ 8, 8, 0]
   9    1    12.494050    4.455750   12.480417    1.997858    0.00054559   0.5835   0.1938  1+[ 8, 3, 1]
  10    1    13.823022    5.762720   13.787388    2.061543    0.00128895   0.9919   0.3050  1+[ 6, 5, 1]
  11    1    14.743333    6.711478   14.736145    2.104515    0.00024377   0.4603   0.2469  1+[ 6, 5, 1]
  12    1    18.631115   10.596784   18.621452    2.277117    0.00025934   0.6000   0.3597  1+[ 6, 3, 1]
  13    1    19.031008   10.993980   19.018647    2.294134    0.00032474   0.6858   0.3090  1+[ 6, 5, 1]
  14    1    19.671531   11.615997   19.640664    2.321131    0.00078457   1.1016   0.4204  1+[ 6, 0, 0]
  15    1    19.677377   11.633746   19.658414    2.321376    0.00048185   0.8637   0.3492  1+[ 6, 6, 0]
  16    1    20.343689   12.315724   20.340391    2.349128    0.00008105   0.3663   0.1849  1+[12,11, 1]
  17    1    20.434722   12.385640   20.410308    2.352894    0.00059737   0.9986   0.3077  1+[ 6, 1, 1]
  18    1    21.008100   12.973166   20.997833    2.376478    0.00024434   0.6567   0.3833  1+[ 6, 5, 1]
  19    1    22.484546   14.443607   22.468275    2.436156    0.00036183   0.8552   0.3969  1+[ 6, 3, 1]
  20    1    25.271577  -33.238591  -25.213924    2.544997    0.99885932   1.7061   0.7530  1+[ 2, 0, 0]
  21    1    25.602079   17.576147   25.600814    2.557596    0.00002471   0.2545   0.2145  1+[ 8, 4, 0]
  22    1    25.990335   17.965558   25.990225    2.572319    0.00000211   0.0755   0.1883  1+[14, 2, 0]
  23    1    26.812786  -34.782217  -26.757550    2.603231    0.99896996   1.7202   0.7614  1+[ 2, 1, 1]
  24    1    29.707690  -37.611187  -29.586520    2.709234    0.99796061   2.6804   0.6143  1+[ 2, 2, 0]
  25    1    30.448694   22.415132   30.439799    2.735707    0.00014605   0.7359   0.2294  1+[ 8, 1, 1]
  26    1    31.214302   23.094131   31.118798    2.762793    0.00152980   2.4399   0.2624  1+[ 6, 6, 0]
  27    1    31.311870   23.275578   31.300245    2.766226    0.00018563   0.8532   0.4589  1+[ 8, 4, 0]
  28    1    31.312075   23.280491   31.305159    2.766233    0.00011043   0.6581   0.3246  1+[ 8, 2, 0]
  29    1    31.563838   23.524632   31.549299    2.775071    0.00023030   0.9579   0.3606  1+[ 6, 0, 0]
  30    1    32.141928   24.101075   32.125742    2.795259    0.00025179   1.0199   0.2532  1+[ 6, 3, 1]
  31    1    32.264364   24.231278   32.255945    2.799516    0.00013047   0.7370   0.2410  1+[ 6, 5, 1]
  32    1    33.551436   25.526730   33.551398    2.843881    0.00000058   0.0510   0.1985  1+[16,14, 0]
  33    1    33.631525   25.606846   33.631513    2.846619    0.00000017   0.0278   0.2077  1+[14, 3, 1]
  34    1    33.724884   25.691572   33.716239    2.849807    0.00012816   0.7635   0.2450  1+[ 8, 2, 0]
  35    1    36.873104   28.845674   36.870342    2.955303    0.00003746   0.4514   0.3556  1+[ 8, 5, 1]
  36    1    42.825282   34.800611   42.825278    3.145103    0.00000004   0.0173   0.2184  1+[16, 4, 0]
  37    1    42.888510   34.863840   42.888507    3.147057    0.00000003   0.0158   0.2183  1+[16,13, 1]
  38    1    43.180865   35.149861   43.174529    3.156080    0.00007337   0.7397   0.2824  1+[10, 8, 0]
  39    1    45.230527   37.199348   45.224015    3.218626    0.00007198   0.7675   0.2796  1+[ 8, 2, 0]
  40    1    46.641546   38.608223   46.632891    3.260987    0.00009278   0.8985   0.2719  1+[ 8, 1, 1]
  41    1    47.021279   38.994622   47.019289    3.272293    0.00002116   0.4326   0.3904  1+[10, 5, 1]
  42    1    47.877418   39.844931   47.869599    3.297643    0.00008166   0.8653   0.3014  1+[ 8, 8, 0]
  43    1    48.097964  -55.061278  -47.036611    3.304141    0.98896675  10.0485   0.9528  1+[ 0, 0, 0]
  44    1    48.366914   39.282387   47.307055    3.312049    0.01095645  10.0698   0.3861  1+[ 8, 0, 0]
  45    1    48.740297   40.707650   48.732318    3.322996    0.00008186   0.8819   0.3114  1+[ 8, 1, 1]
  46    1    48.794964   40.763859   48.788526    3.324595    0.00006597   0.7926   0.2849  1+[ 8, 2, 0]
  47    1    48.922774   40.890824   48.915491    3.328332    0.00007443   0.8441   0.2659  1+[ 8, 3, 1]
  48    1    49.135061   41.103597   49.128264    3.334530    0.00006916   0.8172   0.3045  1+[ 8, 5, 1]
  49    1    49.281410   41.256285   49.280953    3.338796    0.00000464   0.2124   0.3330  1+[10, 5, 1]
  50    1    54.143213   46.118539   54.143206    3.477544    0.00000006   0.0262   0.2281  1+[16,11, 1]
  51    1    54.250709   46.226037   54.250704    3.480549    0.00000004   0.0228   0.2371  1+[16,11, 1]
  52    1    59.624533   51.594568   59.619235    3.627613    0.00004443   0.7948   0.2629  1+[12, 4, 0]
  53    1    61.795195   53.770078   61.794746    3.685353    0.00000364   0.2357   0.3727  1+[12, 6, 0]
  54    1    62.654689   54.624607   62.649274    3.707967    0.00004321   0.8237   0.2665  1+[10, 8, 0]
  55    1    63.079728   55.054903   63.079570    3.719099    0.00000125   0.1409   0.3253  1+[12, 7, 1]
  56    1    64.881130   56.851825   64.876493    3.765916    0.00003573   0.7757   0.2742  1+[10, 2, 0]
  57    1    66.770015   58.742790   66.767457    3.814389    0.00001915   0.5844   0.3280  1+[10, 5, 1]
  58    1    67.185358   59.155469   67.180136    3.824965    0.00003886   0.8376   0.2631  1+[10,10, 0]
  59    1    68.113046   60.082241   68.106908    3.848482    0.00004506   0.9144   0.2909  1+[10, 3, 1]
  60    1    68.286336   60.261655   68.286322    3.852859    0.00000010   0.0428   0.2598  1+[18, 6, 0]
  61    1    68.296245   60.267104   68.291772    3.853109    0.00003275   0.7817   0.2783  1+[10, 9, 1]
  62    1    68.470151   60.445475   68.470143    3.857497    0.00000006   0.0337   0.2566  1+[18, 6, 0]
  63    1    68.922312   60.891868   68.916535    3.868881    0.00004191   0.8923   0.2672  1+[10, 0, 0]
  64    1    69.290432   61.260576   69.285243    3.878124    0.00003744   0.8479   0.2785  1+[10, 1, 1]
  65    1    69.595469   61.563847   69.588514    3.885767    0.00004997   0.9839   0.3461  1+[10, 0, 0]
  66    1    69.993986   61.963688   69.988356    3.895729    0.00004022   0.8878   0.2247  1+[10, 3, 1]
  67    1    78.890274   70.865442   78.890110    4.111846    0.00000104   0.1609   0.3571  1+[14, 7, 1]
  68    1    79.762333   71.737598   79.762266    4.132422    0.00000042   0.1033   0.3555  1+[14, 7, 1]
  69    1    80.433798   72.406830   80.431498    4.148196    0.00001430   0.6082   0.2711  1+[14,10, 0]
  70    1    81.977007   73.948137   81.972805    4.184223    0.00002563   0.8300   0.2371  1+[12, 4, 0]
  71    1    86.137096   78.111458   86.136125    4.279833    0.00000563   0.4089   0.2799  1+[12, 7, 1]
  72    1    86.212487   78.183715   86.208383    4.281546    0.00002380   0.8412   0.2569  1+[12,10, 0]
  73    1    86.869332   78.844662   86.869330    4.296442    0.00000001   0.0191   0.3268  1+[18,10, 0]
  74    1    87.058849   79.034180   87.058848    4.300730    0.00000001   0.0174   0.3391  1+[18, 9, 1]
  75    2     1.651074   -6.982115    1.042553    1.371929    0.18428053   1.2803   0.5225  1-[ 5, 3, 0]
  76    2     6.684929   -1.396365    6.628303    1.691570    0.00423534   0.8683   0.4960  1-[ 5, 1, 0]
  77    2     8.336763    0.280859    8.305527    1.784022    0.00187338   0.7210   0.3951  1-[ 5, 5, 0]
  78    2     8.978304    0.896873    8.921541    1.818662    0.00316115   1.0080   0.4701  1-[ 5, 0, 1]
  79    2     9.398086    1.342659    9.367327    1.840975    0.00163645   0.7597   0.4651  1-[ 5, 4, 1]
  80    2     9.846066    1.749933    9.774601    1.864493    0.00362913   1.1841   0.5352  1-[ 5, 2, 1]
  81    2    12.067563  -19.969365  -11.944697    1.976986    0.99490924   1.7176   0.6833  1-[ 3, 0, 1]
  82    2    13.870536  -21.814069  -13.789401    2.063783    0.99707527   1.4981   0.5839  1-[ 3, 3, 0]
  83    2    14.587655  -22.493868  -14.469201    2.097308    0.99593992   1.8552   0.6672  1-[ 3, 2, 1]
  84    2    14.676880    6.637287   14.661955    2.101441    0.00050845   0.6617   0.2541  1-[ 5, 5, 0]
  85    2    15.139234    7.102078   15.126745    2.122733    0.00041248   0.6148   0.3552  1-[ 5, 0, 1]
  86    2    15.190438    7.150439   15.175107    2.125078    0.00050462   0.6823   0.2147  1-[ 9, 9, 0]
  87    2    15.877198    7.784167   15.808835    2.156282    0.00215287   1.4718   0.2221  1-[ 5, 4, 1]
  88    2    17.787383    9.757707   17.782374    2.240788    0.00014081   0.4221   0.1984  1-[ 9, 1, 0]
  89    2    18.350627   10.320592   18.345259    2.265104    0.00014624   0.4438   0.2080  1-[11,10, 1]
  90    2    19.551772  -27.498591  -19.473923    2.316107    0.99800916   1.7430   0.5721  1-[ 3, 2, 1]
  91    2    20.291417   12.246555   20.271222    2.346963    0.00049762   0.9051   0.4562  1-[ 7, 4, 1]
  92    2    23.192734   15.167255   23.191922    2.464268    0.00001750   0.1940   0.1964  1-[11, 2, 1]
  93    2    24.846349   16.813919   24.838586    2.528693    0.00015622   0.6210   0.2130  1-[ 7, 4, 1]
  94    2    25.982992   17.920228   25.944896    2.572041    0.00073311   1.4065   0.3112  1-[ 7, 1, 0]
  95    2    26.067875   18.025522   26.050189    2.575249    0.00033922   0.9601   0.2539  1-[ 7, 7, 0]
  96    2    26.170686   18.136058   26.160725    2.579129    0.00019031   0.7220   0.3336  1-[ 7, 2, 1]
  97    2    26.625213   18.585297   26.609964    2.596214    0.00028635   0.9010   0.3281  1-[ 7, 0, 1]
  98    2    27.140803   19.099011   27.123679    2.615458    0.00031548   0.9640   0.2675  1-[ 7, 6, 1]
  99    2    28.374799   20.341879   28.366546    2.660952    0.00014543   0.6843   0.3398  1-[ 7, 2, 1]
 100    2    30.516575   22.491692   30.516360    2.738120    0.00000353   0.1146   0.2054  1-[13,11, 0]
 101    2    30.704832   22.680124   30.704791    2.744799    0.00000067   0.0501   0.1990  1-[13,11, 0]
 102    2    30.742329   22.708521   30.733189    2.746127    0.00014865   0.7496   0.4385  1-[ 7, 4, 1]
 103    2    38.086691  -46.071809  -38.047142    2.994977    0.99948080   1.7352   0.7938  1-[ 1, 0, 1]
 104    2    38.580380   30.549020   38.573688    3.010967    0.00008673   0.7186   0.3213  1-[ 9, 7, 0]
 105    2    39.106582   31.074910   39.099577    3.027918    0.00008955   0.7401   0.2220  1-[ 9, 1, 0]
 106    2    39.374694  -47.295435  -39.270767    3.036518    0.99868029   2.8589   0.7867  1-[ 1, 1, 0]
 107    2    39.546514   31.521834   39.546502    3.042016    0.00000015   0.0306   0.2154  1-[15, 3, 0]
 108    2    39.642557   31.617882   39.642550    3.045086    0.00000009   0.0242   0.2257  1-[15,12, 1]
 109    2    40.157170   32.126449   40.151116    3.061479    0.00007538   0.6973   0.4513  1-[ 9, 5, 0]
 110    2    40.716627   32.681223   40.705890    3.079201    0.00013185   0.9350   0.2852  1-[ 7, 1, 0]
 111    2    41.603064   33.479776   41.504444    3.107075    0.00118526   2.8629   0.2808  1-[ 7, 7, 0]
 112    2    41.954232   33.923059   41.947727    3.118049    0.00007752   0.7388   0.2770  1-[ 7, 2, 1]
 113    2    42.253280   34.219325   42.243992    3.127363    0.00010990   0.8859   0.2747  1-[ 7, 6, 1]
 114    2    42.401266   34.345608   42.370275    3.131962    0.00036544   1.6208   0.3848  1-[ 7, 0, 1]
 115    2    42.796509   34.762724   42.787391    3.144213    0.00010653   0.8834   0.2505  1-[ 7, 4, 1]
 116    2    44.607251   36.581155   44.605823    3.199736    0.00001601   0.3570   0.3533  1-[ 9, 4, 1]
 117    2    50.525385   42.500707   50.525375    3.374840    0.00000010   0.0321   0.2390  1-[15, 5, 0]
 118    2    50.657229   42.632554   50.657221    3.378638    0.00000008   0.0281   0.2331  1-[15,10, 1]
 119    2    53.348499   45.317589   53.342256    3.455245    0.00005851   0.8161   0.2999  1-[11, 3, 0]
 120    2    56.263084   48.237059   56.261727    3.536337    0.00001206   0.3908   0.3898  1-[11, 6, 1]
 121    2    56.737325   48.706966   56.731634    3.549357    0.00005015   0.8036   0.2654  1-[ 9, 7, 0]
 122    2    58.524828   50.494154   58.518822    3.598007    0.00005131   0.8384   0.2676  1-[ 9, 1, 0]
 123    2    58.569713   50.544659   58.569326    3.599220    0.00000331   0.2130   0.3553  1-[11, 6, 1]
 124    2    60.452382   52.422405   60.447072    3.649741    0.00004392   0.8012   0.2889  1-[ 9, 9, 0]
 125    2    60.498736   52.469446   60.494114    3.650976    0.00003820   0.7478   0.2980  1-[ 9, 4, 1]
 126    2    61.139842   53.108935   61.133603    3.668016    0.00005102   0.8734   0.2820  1-[ 9, 2, 1]
 127    2    61.256658   53.226177   61.250845    3.671112    0.00004745   0.8439   0.2996  1-[ 9, 8, 1]
 128    2    61.500008   53.469273   61.493940    3.677554    0.00004933   0.8638   0.2608  1-[ 9, 0, 1]
 129    2    61.896650   53.866740   61.891408    3.688029    0.00004235   0.8055   0.2560  1-[ 9, 0, 1]
 130    2    62.310487   54.279853   62.304521    3.698927    0.00004788   0.8623   0.3676  1-[ 9, 0, 1]
 131    2    64.301592   56.276903   64.301571    3.750918    0.00000017   0.0527   0.2534  1-[17, 6, 1]
 132    2    64.508995   56.484316   64.508983    3.756292    0.00000009   0.0390   0.2676  1-[17, 6, 1]
 133    2    72.923146   64.894831   72.919498    3.968187    0.00002501   0.7294   0.2912  1-[13, 9, 0]
 134    2    73.661024   65.635993   73.660660    3.986232    0.00000247   0.2317   0.3842  1-[13, 7, 0]
 135    2    75.018216   66.993416   75.018083    4.019211    0.00000088   0.1408   0.3528  1-[13, 6, 1]
 136    2    75.941343   67.911886   75.936553    4.041488    0.00003153   0.8529   0.2311  1-[13,11, 0]
 137    2    79.367348   71.338400   79.363067    4.123115    0.00002697   0.8243   0.2423  1-[11, 2, 1]
 138    2    80.075242   72.048698   80.073365    4.139780    0.00001172   0.5482   0.2858  1-[11, 6, 1]
 139    2    82.428347   74.403676   82.428343    4.194702    0.00000002   0.0235   0.3403  1-[17, 9, 0]
 140    2    82.542256   74.512439   82.537106    4.197342    0.00003119   0.9220   0.2641  1-[11, 1, 0]
 141    2    82.666342   74.641672   82.666340    4.200217    0.00000002   0.0208   0.3362  1-[17, 8, 1]
 142    2    83.218365   75.188118   83.212785    4.212980    0.00003352   0.9636   0.2722  1-[11, 8, 1]
 143    2    84.588825   76.559677   84.584344    4.244502    0.00002648   0.8706   0.2723  1-[11, 2, 1]
 144    2    85.226470   77.196613   85.221281    4.259088    0.00003044   0.9405   0.2713  1-[11,11, 0]
 145    2    86.184364   78.154408   86.179076    4.280907    0.00003068   0.9547   0.2767  1-[11,10, 1]
 146    2    86.544958   78.514793   86.539460    4.289092    0.00003177   0.9755   0.2465  1-[11, 0, 1]
 147    2    87.315411   79.285543   87.310210    4.306528    0.00002978   0.9529   0.2510  1-[11, 0, 1]
 148    2    87.840617   79.810463   87.835130    4.318374    0.00003123   0.9818   0.3472  1-[11, 0, 1]
 149    3     1.173154   -8.479282   -0.454614    1.337618    0.69375733   1.0815   0.6486  3+[ 4, 0, 2]
 150    3     2.431591  -10.074771   -2.050104    1.426191    0.92155596   1.3076   0.7161  3+[ 4, 2, 2]
 151    3     3.401622  -11.236326   -3.211658    1.490878    0.97207748   1.1208   0.6195  3+[ 4, 1, 1]
 152    3     9.293733  -17.200491   -9.175824    1.835454    0.99365650   1.4757   0.6041  3+[ 4, 3, 1]
 153    3    11.112690    3.026264   11.050931    1.929437    0.00277876   1.1700   0.5965  3+[ 6, 3, 1]
 154    3    12.218812    4.175329   12.199996    1.984413    0.00076994   0.6778   0.2340  3+[ 8, 3, 1]
 155    3    12.494050    4.455750   12.480417    1.997858    0.00054559   0.5835   0.3335  3+[ 8, 0, 2]
 156    3    13.823022    5.762720   13.787388    2.061543    0.00128895   0.9919   0.3735  3+[ 6, 5, 1]
 157    3    14.743333    6.711478   14.736145    2.104515    0.00024377   0.4603   0.2565  3+[ 6, 4, 2]
 158    3    18.631115   10.596784   18.621452    2.277117    0.00025934   0.6000   0.3440  3+[ 6, 4, 2]
 159    3    19.031008   10.993980   19.018647    2.294134    0.00032474   0.6858   0.3784  3+[ 6, 5, 1]
 160    3    19.677377   11.633746   19.658414    2.321376    0.00048185   0.8637   0.3606  3+[ 6, 3, 1]
 161    3    20.343689   12.315724   20.340391    2.349128    0.00008105   0.3663   0.2135  3+[12,11, 1]
 162    3    20.434722   12.385640   20.410308    2.352894    0.00059737   0.9986   0.5024  3+[ 6, 0, 2]
 163    3    21.008100   12.973166   20.997833    2.376478    0.00024434   0.6567   0.3983  3+[ 6, 4, 2]
 164    3    22.484546   14.443607   22.468275    2.436156    0.00036183   0.8552   0.3795  3+[ 6, 2, 2]
 165    3    25.602079   17.576147   25.600814    2.557596    0.00002471   0.2545   0.2145  3+[ 8, 5, 1]
 166    3    25.990335   17.965558   25.990225    2.572319    0.00000211   0.0755   0.2238  3+[14,12, 2]
 167    3    26.812786  -34.782217  -26.757550    2.603231    0.99896996   1.7202   0.8792  3+[ 2, 0, 2]
 168    3    29.707690  -37.611187  -29.586520    2.709234    0.99796061   2.6804   0.8687  3+[ 2, 1, 1]
 169    3    30.448694   22.415132   30.439799    2.735707    0.00014605   0.7359   0.2809  3+[ 8, 1, 1]
 170    3    31.214302   23.094131   31.118799    2.762793    0.00152980   2.4399   0.2710  3+[ 6, 3, 1]
 171    3    31.311870   23.275578   31.300245    2.766226    0.00018563   0.8532   0.4589  3+[ 8, 5, 1]
 172    3    31.312075   23.280491   31.305159    2.766233    0.00011043   0.6581   0.3130  3+[ 8, 7, 1]
 173    3    32.141928   24.101075   32.125742    2.795259    0.00025179   1.0199   0.4135  3+[ 6, 0, 2]
 174    3    32.264364   24.231278   32.255945    2.799516    0.00013047   0.7370   0.2504  3+[ 6, 4, 2]
 175    3    33.551436   25.526730   33.551398    2.843881    0.00000058   0.0510   0.2163  3+[14, 3, 1]
 176    3    33.631525   25.606846   33.631513    2.846619    0.00000017   0.0278   0.2062  3+[16,14, 2]
 177    3    33.724884   25.691572   33.716239    2.849807    0.00012816   0.7635   0.3050  3+[ 8, 6, 2]
 178    3    36.873104   28.845674   36.870342    2.955303    0.00003746   0.4514   0.4089  3+[ 8, 4, 2]
 179    3    42.825282   34.800611   42.825278    3.145103    0.00000004   0.0173   0.2255  3+[16,13, 1]
 180    3    42.888510   34.863840   42.888507    3.147057    0.00000003   0.0158   0.2279  3+[16, 4, 2]
 181    3    43.180865   35.149861   43.174529    3.156080    0.00007337   0.7397   0.3080  3+[10, 3, 1]
 182    3    45.230527   37.199348   45.224015    3.218626    0.00007198   0.7675   0.2697  3+[ 8, 7, 1]
 183    3    46.641546   38.608223   46.632891    3.260987    0.00009278   0.8985   0.3329  3+[ 8, 1, 1]
 184    3    47.021279   38.994622   47.019289    3.272293    0.00002116   0.4326   0.4277  3+[10, 5, 1]
 185    3    47.877419   39.844932   47.869599    3.297643    0.00008166   0.8653   0.3057  3+[ 8, 3, 1]
 186    3    48.740297   40.707650   48.732318    3.322996    0.00008186   0.8819   0.3127  3+[ 8, 4, 2]
 187    3    48.794964   40.763859   48.788526    3.324595    0.00006597   0.7926   0.3547  3+[ 8, 6, 2]
 188    3    48.922774   40.890824   48.915491    3.328332    0.00007443   0.8441   0.4578  3+[ 8, 0, 2]
 189    3    49.135061   41.103597   49.128264    3.334530    0.00006916   0.8172   0.3502  3+[ 8, 4, 2]
 190    3    49.281410   41.256285   49.280953    3.338796    0.00000464   0.2124   0.3280  3+[10, 6, 2]
 191    3    54.143213   46.118539   54.143206    3.477544    0.00000006   0.0262   0.2439  3+[16,11, 1]
 192    3    54.250709   46.226037   54.250704    3.480549    0.00000004   0.0228   0.2287  3+[16, 6, 2]
 193    3    59.624533   51.594568   59.619235    3.627613    0.00004443   0.7948   0.2768  3+[12, 9, 1]
 194    3    61.795195   53.770078   61.794746    3.685353    0.00000364   0.2357   0.3727  3+[12, 7, 1]
 195    3    62.654689   54.624607   62.649274    3.707967    0.00004321   0.8237   0.2906  3+[10, 3, 1]
 196    3    63.079728   55.054903   63.079570    3.719099    0.00000125   0.1409   0.3562  3+[12, 6, 2]
 197    3    64.881130   56.851826   64.876493    3.765916    0.00003573   0.7757   0.2980  3+[10, 9, 1]
 198    3    66.770015   58.742790   66.767457    3.814389    0.00001915   0.5844   0.3230  3+[10, 6, 2]
 199    3    67.185358   59.155469   67.180137    3.824965    0.00003886   0.8376   0.3081  3+[10, 1, 1]
 200    3    68.113046   60.082241   68.106908    3.848482    0.00004506   0.9144   0.2861  3+[10, 8, 2]
 201    3    68.286336   60.261655   68.286322    3.852859    0.00000010   0.0428   0.2552  3+[18,13, 1]
 202    3    68.296245   60.267104   68.291772    3.853109    0.00003275   0.7817   0.3136  3+[10, 8, 2]
 203    3    68.470151   60.445475   68.470143    3.857497    0.00000006   0.0337   0.2748  3+[18,12, 2]
 204    3    68.922312   60.891868   68.916535    3.868881    0.00004191   0.8923   0.2618  3+[10, 3, 1]
 205    3    69.290432   61.260576   69.285243    3.878124    0.00003744   0.8479   0.2647  3+[10, 6, 2]
 206    3    69.993986   61.963688   69.988355    3.895729    0.00004022   0.8878   0.4102  3+[10, 0, 2]
 207    3    78.890274   70.865442   78.890110    4.111846    0.00000104   0.1609   0.3817  3+[14, 7, 1]
 208    3    79.762333   71.737598   79.762266    4.132422    0.00000042   0.1033   0.3527  3+[14, 8, 2]
 209    3    80.433798   72.406830   80.431498    4.148196    0.00001430   0.6082   0.2720  3+[14, 5, 1]
 210    3    81.977007   73.948137   81.972804    4.184223    0.00002563   0.8300   0.2496  3+[12, 9, 1]
 211    3    86.137096   78.111458   86.136125    4.279833    0.00000563   0.4089   0.3065  3+[12, 6, 2]
 212    3    86.212487   78.183715   86.208383    4.281546    0.00002380   0.8412   0.2453  3+[12, 3, 1]
 213    3    86.869332   78.844662   86.869330    4.296442    0.00000001   0.0191   0.3445  3+[18, 9, 1]
 214    3    87.058849   79.034180   87.058848    4.300730    0.00000001   0.0174   0.3375  3+[18,10, 2]
 215    4     1.651074   -6.982115    1.042553    1.371929    0.18428053   1.2803   0.5354  3-[ 5, 2, 1]
 216    4     6.684929   -1.396365    6.628303    1.691570    0.00423534   0.8683   0.5546  3-[ 5, 4, 1]
 217    4     8.336763    0.280859    8.305527    1.784022    0.00187338   0.7210   0.6120  3-[ 5, 0, 1]
 218    4     9.398086    1.342659    9.367327    1.840975    0.00163645   0.7597   0.5814  3-[ 5, 1, 2]
 219    4     9.846066    1.749933    9.774601    1.864493    0.00362913   1.1841   0.6244  3-[ 5, 3, 2]
 220    4    13.870536  -21.814069  -13.789401    2.063783    0.99707527   1.4981   0.8258  3-[ 3, 0, 1]
 221    4    14.587655  -22.493868  -14.469201    2.097308    0.99593992   1.8552   0.8339  3-[ 3, 1, 2]
 222    4    14.676880    6.637287   14.661955    2.101441    0.00050845   0.6617   0.3937  3-[ 5, 0, 1]
 223    4    15.190438    7.150439   15.175107    2.125078    0.00050462   0.6823   0.2120  3-[11, 0, 1]
 224    4    15.877198    7.784167   15.808835    2.156282    0.00215287   1.4718   0.2776  3-[ 5, 1, 2]
 225    4    17.787383    9.757707   17.782374    2.240788    0.00014081   0.4221   0.2315  3-[ 9, 8, 1]
 226    4    18.350627   10.320592   18.345259    2.265104    0.00014624   0.4438   0.2320  3-[11, 1, 2]
 227    4    19.551772  -27.498591  -19.473923    2.316107    0.99800916   1.7430   0.7386  3-[ 3, 2, 1]
 228    4    20.291417   12.246555   20.271222    2.346963    0.00049762   0.9051   0.5173  3-[ 7, 4, 1]
 229    4    23.192734   15.167255   23.191922    2.464268    0.00001750   0.1940   0.2209  3-[11, 9, 2]
 230    4    24.846349   16.813919   24.838586    2.528693    0.00015622   0.6210   0.2416  3-[ 7, 4, 1]
 231    4    25.982992   17.920228   25.944896    2.572041    0.00073311   1.4065   0.3176  3-[ 7, 6, 1]
 232    4    26.067875   18.025522   26.050189    2.575249    0.00033922   0.9601   0.4206  3-[ 7, 0, 1]
 233    4    26.170686   18.136058   26.160725    2.579129    0.00019031   0.7220   0.3948  3-[ 7, 2, 1]
 234    4    27.140803   19.099011   27.123679    2.615458    0.00031548   0.9640   0.3453  3-[ 7, 1, 2]
 235    4    28.374799   20.341879   28.366546    2.660952    0.00014543   0.6843   0.3948  3-[ 7, 5, 2]
 236    4    30.516575   22.491692   30.516360    2.738120    0.00000353   0.1146   0.2031  3-[15, 2, 1]
 237    4    30.704832   22.680124   30.704791    2.744799    0.00000067   0.0501   0.2200  3-[15,13, 2]
 238    4    30.742329   22.708521   30.733189    2.746127    0.00014865   0.7496   0.4651  3-[ 7, 3, 2]
 239    4    38.580380   30.549020   38.573688    3.010967    0.00008673   0.7186   0.3262  3-[ 9, 2, 1]
 240    4    39.106582   31.074910   39.099577    3.027918    0.00008955   0.7401   0.2590  3-[ 9, 8, 1]
 241    4    39.374694  -47.295435  -39.270767    3.036518    0.99868029   2.8589   0.9635  3-[ 1, 0, 1]
 242    4    39.546514   31.521834   39.546502    3.042016    0.00000015   0.0306   0.2328  3-[15,12, 1]
 243    4    39.642557   31.617882   39.642550    3.045086    0.00000009   0.0242   0.2316  3-[15, 3, 2]
 244    4    40.157170   32.126449   40.151116    3.061479    0.00007538   0.6973   0.4555  3-[ 9, 4, 1]
 245    4    40.716627   32.681223   40.705890    3.079201    0.00013185   0.9350   0.2911  3-[ 7, 6, 1]
 246    4    41.603065   33.479777   41.504444    3.107075    0.00118526   2.8629   0.4651  3-[ 7, 0, 1]
 247    4    41.954232   33.923059   41.947727    3.118049    0.00007752   0.7388   0.3219  3-[ 7, 5, 2]
 248    4    42.253280   34.219325   42.243992    3.127363    0.00010990   0.8859   0.3546  3-[ 7, 1, 2]
 249    4    42.796509   34.762724   42.787391    3.144213    0.00010653   0.8834   0.2657  3-[ 7, 3, 2]
 250    4    44.607251   36.581155   44.605823    3.199736    0.00001601   0.3570   0.3886  3-[ 9, 5, 2]
 251    4    50.525385   42.500707   50.525375    3.374840    0.00000010   0.0321   0.2387  3-[15,10, 1]
 252    4    50.657229   42.632554   50.657221    3.378638    0.00000008   0.0281   0.2516  3-[15, 5, 2]
 253    4    53.348499   45.317589   53.342256    3.455245    0.00005851   0.8161   0.3213  3-[11, 8, 1]
 254    4    56.263084   48.237059   56.261727    3.536337    0.00001206   0.3908   0.4238  3-[11, 6, 1]
 255    4    56.737325   48.706966   56.731634    3.549357    0.00005015   0.8036   0.2694  3-[ 9, 2, 1]
 256    4    58.524828   50.494154   58.518822    3.598007    0.00005131   0.8384   0.3122  3-[ 9, 8, 1]
 257    4    58.569713   50.544659   58.569326    3.599220    0.00000331   0.2130   0.3651  3-[11, 5, 2]
 258    4    60.452382   52.422405   60.447072    3.649741    0.00004392   0.8012   0.2819  3-[ 9, 0, 1]
 259    4    60.498736   52.469446   60.494114    3.650976    0.00003820   0.7478   0.3278  3-[ 9, 5, 2]
 260    4    61.139842   53.108935   61.133603    3.668016    0.00005102   0.8734   0.3198  3-[ 9, 7, 2]
 261    4    61.256658   53.226177   61.250845    3.671112    0.00004745   0.8439   0.3236  3-[ 9, 1, 2]
 262    4    61.500008   53.469273   61.493940    3.677554    0.00004933   0.8638   0.4516  3-[ 9, 0, 1]
 263    4    61.896650   53.866740   61.891408    3.688029    0.00004235   0.8055   0.3200  3-[ 9, 1, 2]
 264    4    64.301592   56.276903   64.301571    3.750918    0.00000017   0.0527   0.2698  3-[17, 6, 1]
 265    4    64.508995   56.484316   64.508983    3.756292    0.00000009   0.0390   0.2685  3-[17,11, 2]
 266    4    72.923146   64.894831   72.919498    3.968187    0.00002501   0.7294   0.3114  3-[13, 4, 1]
 267    4    73.661024   65.635993   73.660660    3.986232    0.00000247   0.2317   0.3861  3-[13, 6, 1]
 268    4    75.018216   66.993416   75.018084    4.019211    0.00000088   0.1408   0.3780  3-[13, 7, 2]
 269    4    75.941343   67.911886   75.936553    4.041488    0.00003153   0.8529   0.2447  3-[11, 8, 1]
 270    4    79.367348   71.338400   79.363067    4.123115    0.00002697   0.8243   0.2748  3-[11, 2, 1]
 271    4    80.075242   72.048698   80.073365    4.139780    0.00001172   0.5482   0.2937  3-[11, 5, 2]
 272    4    82.428347   74.403676   82.428343    4.194702    0.00000002   0.0235   0.3413  3-[17, 8, 1]
 273    4    82.542256   74.512439   82.537106    4.197342    0.00003119   0.9220   0.2923  3-[11,10, 1]
 274    4    82.666342   74.641672   82.666340    4.200217    0.00000002   0.0208   0.3549  3-[17, 9, 2]
 275    4    83.218365   75.188118   83.212785    4.212980    0.00003352   0.9636   0.2876  3-[11, 3, 2]
 276    4    84.588825   76.559677   84.584344    4.244502    0.00002648   0.8706   0.3063  3-[11, 9, 2]
 277    4    85.226470   77.196613   85.221281    4.259088    0.00003044   0.9405   0.2766  3-[11, 0, 1]
 278    4    86.184364   78.154408   86.179076    4.280907    0.00003068   0.9547   0.3087  3-[11, 1, 2]
 279    4    86.544960   78.514794   86.539461    4.289092    0.00003177   0.9755   0.4269  3-[11, 0, 1]
 280    4    87.315410   79.285543   87.310210    4.306528    0.00002978   0.9529   0.2806  3-[11, 3, 2]
 281    5     2.431591  -10.074771   -2.050104    1.426191    0.92155596   1.3076   0.8355  5+[ 4, 1, 3]
 282    5     3.401622  -11.236326   -3.211658    1.490878    0.97207748   1.1208   0.8483  5+[ 4, 0, 2]
 283    5     9.293733  -17.200491   -9.175824    1.835454    0.99365650   1.4757   0.7991  5+[ 4, 2, 2]
 284    5    11.112690    3.026264   11.050931    1.929437    0.00277876   1.1700   0.5659  5+[ 6, 4, 2]
 285    5    12.218812    4.175329   12.199996    1.984413    0.00076994   0.6778   0.3899  5+[ 8, 0, 2]
 286    5    13.823022    5.762720   13.787388    2.061543    0.00128895   0.9919   0.3828  5+[ 6, 4, 2]
 287    5    14.743333    6.711478   14.736145    2.104515    0.00024377   0.4603   0.3456  5+[ 6, 1, 3]
 288    5    18.631115   10.596784   18.621452    2.277117    0.00025934   0.6000   0.4468  5+[ 6, 3, 3]
 289    5    19.031008   10.993980   19.018647    2.294134    0.00032474   0.6858   0.3878  5+[ 6, 4, 2]
 290    5    19.677377   11.633746   19.658414    2.321376    0.00048185   0.8637   0.5702  5+[ 6, 0, 2]
 291    5    20.343689   12.315724   20.340391    2.349128    0.00008105   0.3663   0.2215  5+[10, 8, 2]
 292    5    21.008100   12.973166   20.997833    2.376478    0.00024434   0.6567   0.5366  5+[ 6, 1, 3]
 293    5    22.484546   14.443607   22.468275    2.436156    0.00036183   0.8552   0.4930  5+[ 6, 3, 3]
 294    5    25.602079   17.576147   25.600814    2.557596    0.00002471   0.2545   0.2455  5+[ 8, 4, 2]
 295    5    25.990335   17.965558   25.990225    2.572319    0.00000211   0.0755   0.2308  5+[12, 9, 3]
 296    5    29.707690  -37.611187  -29.586520    2.709234    0.99796061   2.6804   0.9713  5+[ 2, 0, 2]
 297    5    30.448694   22.415132   30.439799    2.735707    0.00014605   0.7359   0.2782  5+[ 8, 4, 2]
 298    5    31.214302   23.094131   31.118798    2.762793    0.00152980   2.4399   0.4285  5+[ 6, 0, 2]
 299    5    31.311870   23.275578   31.300245    2.766226    0.00018563   0.8532   0.5251  5+[ 8, 4, 2]
 300    5    31.312075   23.280491   31.305159    2.766233    0.00011043   0.6581   0.3968  5+[ 8, 6, 2]
 301    5    32.264364   24.231278   32.255945    2.799516    0.00013047   0.7370   0.3374  5+[ 6, 1, 3]
 302    5    33.551436   25.526730   33.551398    2.843881    0.00000058   0.0510   0.2132  5+[16,14, 2]
 303    5    33.631525   25.606846   33.631513    2.846619    0.00000017   0.0278   0.2402  5+[14,11, 3]
 304    5    33.724884   25.691572   33.716239    2.849807    0.00012816   0.7635   0.3235  5+[ 8, 5, 3]
 305    5    36.873104   28.845674   36.870342    2.955303    0.00003746   0.4514   0.4106  5+[ 8, 3, 3]
 306    5    42.825282   34.800611   42.825278    3.145103    0.00000004   0.0173   0.2349  5+[16, 4, 2]
 307    5    42.888510   34.863840   42.888507    3.147057    0.00000003   0.0158   0.2288  5+[16, 3, 3]
 308    5    43.180865   35.149861   43.174529    3.156080    0.00007337   0.7397   0.3014  5+[10, 8, 2]
 309    5    45.230527   37.199348   45.224015    3.218626    0.00007198   0.7675   0.3419  5+[ 8, 6, 2]
 310    5    46.641546   38.608223   46.632891    3.260987    0.00009278   0.8985   0.3297  5+[ 8, 4, 2]
 311    5    47.021279   38.994622   47.019289    3.272293    0.00002116   0.4326   0.4197  5+[10, 6, 2]
 312    5    47.877418   39.844931   47.869599    3.297643    0.00008166   0.8653   0.5095  5+[ 8, 0, 2]
 313    5    48.740297   40.707650   48.732318    3.322996    0.00008186   0.8819   0.4196  5+[ 8, 1, 3]
 314    5    48.794964   40.763859   48.788526    3.324595    0.00006597   0.7926   0.3762  5+[ 8, 5, 3]
 315    5    49.135061   41.103597   49.128264    3.334530    0.00006916   0.8172   0.3517  5+[ 8, 3, 3]
 316    5    49.281410   41.256285   49.280953    3.338796    0.00000464   0.2124   0.3768  5+[10, 5, 3]
 317    5    54.143213   46.118539   54.143206    3.477544    0.00000006   0.0262   0.2348  5+[16, 6, 2]
 318    5    54.250709   46.226037   54.250704    3.480549    0.00000004   0.0228   0.2576  5+[16,11, 3]
 319    5    59.624533   51.594568   59.619235    3.627613    0.00004443   0.7948   0.2858  5+[12, 4, 2]
 320    5    61.795195   53.770078   61.794746    3.685353    0.00000364   0.2357   0.4071  5+[12, 6, 2]
 321    5    62.654689   54.624607   62.649274    3.707967    0.00004321   0.8237   0.2844  5+[10, 8, 2]
 322    5    63.079728   55.054903   63.079570    3.719099    0.00000125   0.1409   0.3498  5+[12, 5, 3]
 323    5    64.881130   56.851825   64.876493    3.765916    0.00003573   0.7757   0.3332  5+[10, 8, 2]
 324    5    66.770015   58.742790   66.767457    3.814389    0.00001915   0.5844   0.3712  5+[10, 5, 3]
 325    5    67.185358   59.155469   67.180136    3.824965    0.00003886   0.8376   0.2887  5+[10, 6, 2]
 326    5    68.113046   60.082241   68.106908    3.848482    0.00004506   0.9144   0.3518  5+[10, 7, 3]
 327    5    68.286336   60.261655   68.286322    3.852859    0.00000010   0.0428   0.2773  5+[18,12, 2]
 328    5    68.296245   60.267104   68.291772    3.853109    0.00003275   0.7817   0.3266  5+[10, 1, 3]
 329    5    68.470151   60.445475   68.470143    3.857497    0.00000006   0.0337   0.2561  5+[18, 5, 3]
 330    5    68.922312   60.891868   68.916535    3.868881    0.00004191   0.8923   0.4628  5+[10, 0, 2]
 331    5    69.290432   61.260576   69.285243    3.878124    0.00003744   0.8479   0.3559  5+[10, 1, 3]
 332    5    78.890274   70.865442   78.890110    4.111846    0.00000104   0.1609   0.3780  5+[14, 8, 2]
 333    5    79.762333   71.737598   79.762266    4.132422    0.00000042   0.1033   0.3871  5+[14, 7, 3]
 334    5    80.433798   72.406830   80.431498    4.148196    0.00001430   0.6082   0.2943  5+[14,10, 2]
 335    5    81.977007   73.948137   81.972805    4.184223    0.00002563   0.8300   0.2577  5+[12, 4, 2]
 336    5    86.137096   78.111458   86.136125    4.279833    0.00000563   0.4089   0.3010  5+[12, 5, 3]
 337    5    86.212487   78.183715   86.208383    4.281546    0.00002380   0.8412   0.2971  5+[12,10, 2]
 338    5    86.869332   78.844662   86.869330    4.296442    0.00000001   0.0191   0.3424  5+[18,10, 2]
 339    5    87.058849   79.034180   87.058848    4.300730    0.00000001   0.0174   0.3617  5+[18, 9, 3]
 340    6     1.651074   -6.982115    1.042553    1.371929    0.18428053   1.2803   0.6182  5-[ 5, 3, 2]
 341    6     6.684929   -1.396365    6.628303    1.691570    0.00423534   0.8683   0.6792  5-[ 5, 1, 2]
 342    6     9.398086    1.342659    9.367327    1.840975    0.00163645   0.7597   0.7355  5-[ 5, 0, 3]
 343    6     9.846066    1.749934    9.774601    1.864493    0.00362913   1.1841   0.7708  5-[ 5, 2, 3]
 344    6    14.587655  -22.493868  -14.469201    2.097308    0.99593992   1.8552   0.9135  5-[ 3, 0, 3]
 345    6    15.190438    7.150439   15.175107    2.125078    0.00050462   0.6823   0.2566  5-[ 9, 1, 2]
 346    6    15.877198    7.784167   15.808835    2.156282    0.00215287   1.4718   0.3512  5-[ 5, 0, 3]
 347    6    17.787383    9.757707   17.782374    2.240788    0.00014081   0.4221   0.2492  5-[ 7, 5, 2]
 348    6    18.350627   10.320592   18.345259    2.265104    0.00014624   0.4438   0.2222  5-[ 9, 4, 3]
 349    6    19.551772  -27.498591  -19.473923    2.316107    0.99800916   1.7430   0.9046  5-[ 3, 1, 2]
 350    6    20.291417   12.246555   20.271222    2.346963    0.00049762   0.9051   0.5453  5-[ 7, 3, 2]
 351    6    23.192734   15.167255   23.191922    2.464268    0.00001750   0.1940   0.2287  5-[11, 2, 3]
 352    6    24.846349   16.813919   24.838586    2.528693    0.00015622   0.6210   0.2546  5-[ 7, 3, 2]
 353    6    25.982992   17.920228   25.944896    2.572041    0.00073311   1.4065   0.4018  5-[ 7, 1, 2]
 354    6    26.170686   18.136058   26.160725    2.579129    0.00019031   0.7220   0.4539  5-[ 7, 5, 2]
 355    6    27.140803   19.099011   27.123679    2.615458    0.00031548   0.9640   0.4883  5-[ 7, 0, 3]
 356    6    28.374799   20.341879   28.366546    2.660952    0.00014543   0.6843   0.3814  5-[ 7, 2, 3]
 357    6    30.516575   22.491692   30.516360    2.738120    0.00000353   0.1146   0.2250  5-[15,13, 2]
 358    6    30.704832   22.680124   30.704791    2.744799    0.00000067   0.0501   0.2549  5-[13,10, 3]
 359    6    30.742329   22.708521   30.733189    2.746127    0.00014865   0.7496   0.4903  5-[ 7, 4, 3]
 360    6    38.580380   30.549020   38.573688    3.010967    0.00008673   0.7186   0.3676  5-[ 9, 7, 2]
 361    6    39.106582   31.074910   39.099577    3.027918    0.00008955   0.7401   0.2829  5-[ 7, 5, 2]
 362    6    39.546514   31.521834   39.546502    3.042016    0.00000015   0.0306   0.2381  5-[15, 3, 2]
 363    6    39.642557   31.617882   39.642550    3.045086    0.00000009   0.0242   0.2435  5-[15,12, 3]
 364    6    40.157170   32.126449   40.151116    3.061479    0.00007538   0.6973   0.4989  5-[ 9, 5, 2]
 365    6    40.716627   32.681223   40.705890    3.079201    0.00013185   0.9350   0.3682  5-[ 7, 1, 2]
 366    6    41.954232   33.923059   41.947727    3.118049    0.00007752   0.7388   0.3110  5-[ 7, 2, 3]
 367    6    42.253280   34.219325   42.243992    3.127363    0.00010990   0.8859   0.5015  5-[ 7, 0, 3]
 368    6    42.796509   34.762724   42.787391    3.144213    0.00010653   0.8834   0.2928  5-[ 9, 6, 3]
 369    6    44.607251   36.581155   44.605823    3.199736    0.00001601   0.3570   0.4201  5-[ 9, 4, 3]
 370    6    50.525385   42.500707   50.525375    3.374840    0.00000010   0.0321   0.2571  5-[15, 5, 2]
 371    6    50.657229   42.632554   50.657221    3.378638    0.00000008   0.0281   0.2663  5-[15,10, 3]
 372    6    53.348499   45.317589   53.342256    3.455245    0.00005851   0.8161   0.3381  5-[11, 3, 2]
 373    6    56.263084   48.237059   56.261727    3.536337    0.00001206   0.3908   0.4343  5-[11, 5, 2]
 374    6    56.737325   48.706966   56.731634    3.549357    0.00005015   0.8036   0.3036  5-[ 9, 7, 2]
 375    6    58.524828   50.494154   58.518822    3.598007    0.00005131   0.8384   0.3338  5-[ 9, 1, 2]
 376    6    58.569713   50.544659   58.569326    3.599220    0.00000331   0.2130   0.3858  5-[11, 6, 3]
 377    6    60.452382   52.422405   60.447072    3.649741    0.00004392   0.8012   0.3453  5-[ 9, 1, 2]
 378    6    60.498736   52.469446   60.494114    3.650976    0.00003820   0.7478   0.3544  5-[ 9, 4, 3]
 379    6    61.139842   53.108935   61.133603    3.668016    0.00005102   0.8734   0.3678  5-[ 9, 6, 3]
 380    6    61.256658   53.226177   61.250845    3.671112    0.00004745   0.8439   0.3349  5-[ 9, 4, 3]
 381    6    61.896650   53.866740   61.891408    3.688029    0.00004235   0.8055   0.4957  5-[ 9, 0, 3]
 382    6    64.301592   56.276903   64.301571    3.750918    0.00000017   0.0527   0.2703  5-[17,11, 2]
 383    6    64.508995   56.484316   64.508983    3.756292    0.00000009   0.0390   0.2834  5-[17, 6, 3]
 384    6    72.923146   64.894831   72.919498    3.968187    0.00002501   0.7294   0.3277  5-[13, 9, 2]
 385    6    73.661024   65.635993   73.660660    3.986232    0.00000247   0.2317   0.4127  5-[13, 7, 2]
 386    6    75.018216   66.993416   75.018083    4.019211    0.00000088   0.1408   0.3940  5-[13, 6, 3]
 387    6    75.941343   67.911886   75.936553    4.041488    0.00003153   0.8529   0.2575  5-[11, 3, 2]
 388    6    79.367348   71.338400   79.363067    4.123115    0.00002697   0.8243   0.3072  5-[11, 9, 2]
 389    6    80.075242   72.048698   80.073365    4.139780    0.00001172   0.5482   0.3104  5-[11, 6, 3]
 390    6    82.428347   74.403676   82.428343    4.194702    0.00000002   0.0235   0.3598  5-[17, 9, 2]
 391    6    82.542256   74.512439   82.537106    4.197342    0.00003119   0.9220   0.3228  5-[11, 1, 2]
 392    6    82.666342   74.641672   82.666340    4.200217    0.00000002   0.0208   0.3641  5-[17, 8, 3]
 393    6    83.218365   75.188118   83.212785    4.212980    0.00003352   0.9636   0.3083  5-[11, 8, 3]
 394    6    84.588825   76.559677   84.584344    4.244502    0.00002648   0.8706   0.3171  5-[11, 2, 3]
 395    6    85.226470   77.196613   85.221280    4.259088    0.00003044   0.9405   0.3030  5-[11, 3, 2]
 396    6    86.184364   78.154408   86.179076    4.280907    0.00003068   0.9547   0.2887  5-[11, 4, 3]
 397    6    87.315411   79.285543   87.310211    4.306528    0.00002978   0.9529   0.4695  5-[11, 0, 3]
 398    7     2.431591  -10.074771   -2.050104    1.426191    0.92155596   1.3076   0.8932  7+[ 4, 0, 4]
 399    7     9.293733  -17.200491   -9.175824    1.835454    0.99365650   1.4757   0.9228  7+[ 4, 1, 3]
 400    7    11.112690    3.026264   11.050932    1.929437    0.00277876   1.1700   0.7305  7+[ 6, 3, 3]
 401    7    13.823022    5.762720   13.787388    2.061543    0.00128895   0.9919   0.5103  7+[ 6, 1, 3]
 402    7    14.743333    6.711478   14.736145    2.104515    0.00024377   0.4603   0.4131  7+[ 6, 0, 4]
 403    7    18.631115   10.596784   18.621452    2.277117    0.00025934   0.6000   0.5266  7+[ 6, 2, 4]
 404    7    19.031008   10.993980   19.018647    2.294134    0.00032474   0.6858   0.5170  7+[ 6, 1, 3]
 405    7    20.343689   12.315724   20.340391    2.349128    0.00008105   0.3663   0.2508  7+[14, 1, 3]
 406    7    21.008100   12.973166   20.997833    2.376478    0.00024434   0.6567   0.6414  7+[ 6, 0, 4]
 407    7    22.484546   14.443607   22.468275    2.436156    0.00036183   0.8552   0.5811  7+[ 6, 2, 4]
 408    7    25.602079   17.576147   25.600814    2.557596    0.00002471   0.2545   0.2455  7+[ 8, 3, 3]
 409    7    25.990335   17.965558   25.990225    2.572319    0.00000211   0.0755   0.2427  7+[14, 2, 4]
 410    7    30.448694   22.415132   30.439799    2.735707    0.00014605   0.7359   0.3693  7+[ 8, 1, 3]
 411    7    31.311870   23.275578   31.300245    2.766226    0.00018563   0.8532   0.5251  7+[ 8, 3, 3]
 412    7    31.312075   23.280491   31.305159    2.766233    0.00011043   0.6581   0.4183  7+[ 8, 5, 3]
 413    7    32.264364   24.231278   32.255945    2.799516    0.00013047   0.7370   0.4098  7+[10, 0, 4]
 414    7    33.551436   25.526730   33.551398    2.843881    0.00000058   0.0510   0.2485  7+[14,11, 3]
 415    7    33.631525   25.606846   33.631513    2.846619    0.00000017   0.0278   0.2630  7+[14,10, 4]
 416    7    33.724884   25.691572   33.716239    2.849807    0.00012816   0.7635   0.3431  7+[ 8, 2, 4]
 417    7    36.873104   28.845674   36.870342    2.955303    0.00003746   0.4514   0.4698  7+[ 8, 4, 4]
 418    7    42.825282   34.800611   42.825278    3.145103    0.00000004   0.0173   0.2353  7+[16, 3, 3]
 419    7    42.888510   34.863840   42.888507    3.147057    0.00000003   0.0158   0.2660  7+[16,12, 4]
 420    7    43.180865   35.149861   43.174529    3.156080    0.00007337   0.7397   0.3692  7+[10, 7, 3]
 421    7    45.230527   37.199348   45.224015    3.218626    0.00007198   0.7675   0.3604  7+[ 8, 5, 3]
 422    7    46.641546   38.608223   46.632891    3.260987    0.00009278   0.8985   0.4377  7+[ 8, 1, 3]
 423    7    47.021279   38.994622   47.019289    3.272293    0.00002116   0.4326   0.4808  7+[10, 5, 3]
 424    7    48.740297   40.707650   48.732318    3.322996    0.00008186   0.8819   0.5493  7+[ 8, 0, 4]
 425    7    48.794964   40.763859   48.788526    3.324595    0.00006597   0.7926   0.3990  7+[ 8, 2, 4]
 426    7    49.135061   41.103597   49.128264    3.334530    0.00006916   0.8172   0.4024  7+[ 8, 4, 4]
 427    7    49.281410   41.256285   49.280953    3.338796    0.00000464   0.2124   0.3911  7+[10, 4, 4]
 428    7    54.143213   46.118539   54.143206    3.477544    0.00000006   0.0262   0.2640  7+[16,11, 3]
 429    7    54.250709   46.226037   54.250704    3.480549    0.00000004   0.0228   0.2648  7+[16,10, 4]
 430    7    59.624533   51.594568   59.619235    3.627613    0.00004443   0.7948   0.3027  7+[10, 5, 3]
 431    7    61.795195   53.770078   61.794746    3.685353    0.00000364   0.2357   0.3989  7+[12, 5, 3]
 432    7    62.654689   54.624607   62.649274    3.707967    0.00004321   0.8237   0.3484  7+[10, 7, 3]
 433    7    63.079728   55.054903   63.079570    3.719099    0.00000125   0.1409   0.3933  7+[12, 6, 4]
 434    7    64.881130   56.851826   64.876493    3.765916    0.00003573   0.7757   0.3449  7+[10, 1, 3]
 435    7    66.770015   58.742790   66.767457    3.814389    0.00001915   0.5844   0.3852  7+[10, 4, 4]
 436    7    67.185358   59.155469   67.180137    3.824965    0.00003886   0.8376   0.3843  7+[10, 1, 3]
 437    7    68.113046   60.082241   68.106908    3.848482    0.00004506   0.9144   0.3804  7+[10, 6, 4]
 438    7    68.286336   60.261655   68.286322    3.852859    0.00000010   0.0428   0.2583  7+[16, 9, 3]
 439    7    68.296245   60.267104   68.291772    3.853109    0.00003275   0.7817   0.3448  7+[10, 4, 4]
 440    7    68.470151   60.445475   68.470143    3.857497    0.00000006   0.0337   0.2965  7+[18,12, 4]
 441    7    69.290432   61.260576   69.285243    3.878124    0.00003744   0.8479   0.5033  7+[10, 0, 4]
 442    7    78.890274   70.865442   78.890110    4.111846    0.00000104   0.1609   0.4141  7+[14, 7, 3]
 443    7    79.762333   71.737598   79.762266    4.132422    0.00000042   0.1033   0.3891  7+[14, 6, 4]
 444    7    80.433798   72.406830   80.431498    4.148196    0.00001430   0.6082   0.2988  7+[14, 9, 3]
 445    7    81.977007   73.948137   81.972805    4.184223    0.00002563   0.8300   0.2706  7+[12, 3, 3]
 446    7    86.137096   78.111458   86.136125    4.279833    0.00000563   0.4089   0.3384  7+[12, 6, 4]
 447    7    86.212487   78.183715   86.208383    4.281546    0.00002380   0.8412   0.3254  7+[12, 9, 3]
 448    7    86.869332   78.844662   86.869330    4.296442    0.00000001   0.0191   0.3665  7+[18, 9, 3]
 449    7    87.058849   79.034180   87.058848    4.300730    0.00000001   0.0174   0.3595  7+[18, 8, 4]
 450    8     1.651074   -6.982115    1.042553    1.371929    0.18428053   1.2803   0.7572  7-[ 5, 2, 3]
 451    8     6.684929   -1.396364    6.628303    1.691570    0.00423534   0.8683   0.8471  7-[ 5, 0, 3]
 452    8     9.846066    1.749934    9.774601    1.864493    0.00362913   1.1841   0.8671  7-[ 5, 1, 4]
 453    8    15.190438    7.150439   15.175107    2.125078    0.00050462   0.6823   0.3920  7-[ 9, 0, 3]
 454    8    17.787383    9.757707   17.782374    2.240788    0.00014081   0.4221   0.2542  7-[ 9, 4, 3]
 455    8    18.350627   10.320592   18.345259    2.265104    0.00014624   0.4438   0.3014  7-[11, 1, 4]
 456    8    19.551772  -27.498591  -19.473923    2.316107    0.99800916   1.7430   0.9771  7-[ 3, 0, 3]
 457    8    20.291417   12.246555   20.271222    2.346963    0.00049762   0.9051   0.5719  7-[ 7, 4, 3]
 458    8    23.192734   15.167255   23.191922    2.464268    0.00001750   0.1940   0.2532  7-[ 7, 3, 4]
 459    8    24.846349   16.813919   24.838586    2.528693    0.00015622   0.6210   0.2671  7-[ 7, 4, 3]
 460    8    25.982992   17.920228   25.944896    2.572041    0.00073311   1.4065   0.5603  7-[ 7, 0, 3]
 461    8    26.170686   18.136058   26.160725    2.579129    0.00019031   0.7220   0.4351  7-[ 7, 2, 3]
 462    8    28.374799   20.341879   28.366546    2.660952    0.00014543   0.6843   0.5483  7-[ 7, 1, 4]
 463    8    30.516575   22.491692   30.516360    2.738120    0.00000353   0.1146   0.2597  7-[13,10, 3]
 464    8    30.704832   22.680124   30.704791    2.744799    0.00000067   0.0501   0.2620  7-[13, 9, 4]
 465    8    30.742329   22.708521   30.733189    2.746127    0.00014865   0.7496   0.6030  7-[ 7, 3, 4]
 466    8    38.580380   30.549020   38.573688    3.010967    0.00008673   0.7186   0.4207  7-[ 9, 6, 3]
 467    8    39.106582   31.074910   39.099577    3.027918    0.00008955   0.7401   0.2844  7-[ 9, 4, 3]
 468    8    39.546514   31.521834   39.546502    3.042016    0.00000015   0.0306   0.2496  7-[15,12, 3]
 469    8    39.642557   31.617882   39.642550    3.045086    0.00000009   0.0242   0.2818  7-[15,11, 4]
 470    8    40.157170   32.126449   40.151116    3.061479    0.00007538   0.6973   0.5375  7-[ 9, 4, 3]
 471    8    40.716627   32.681223   40.705890    3.079201    0.00013185   0.9350   0.5135  7-[ 7, 0, 3]
 472    8    41.954232   33.923059   41.947727    3.118049    0.00007752   0.7388   0.4470  7-[ 7, 1, 4]
 473    8    42.796509   34.762724   42.787391    3.144213    0.00010653   0.8834   0.3444  7-[ 7, 3, 4]
 474    8    44.607251   36.581155   44.605823    3.199736    0.00001601   0.3570   0.4071  7-[ 9, 5, 4]
 475    8    50.525385   42.500707   50.525375    3.374840    0.00000010   0.0321   0.2717  7-[15,10, 3]
 476    8    50.657229   42.632554   50.657221    3.378638    0.00000008   0.0281   0.2681  7-[15, 5, 4]
 477    8    53.348499   45.317589   53.342256    3.455245    0.00005851   0.8161   0.3612  7-[11, 8, 3]
 478    8    56.263084   48.237059   56.261727    3.536337    0.00001206   0.3908   0.4578  7-[11, 6, 3]
 479    8    56.737325   48.706966   56.731634    3.549357    0.00005015   0.8036   0.3475  7-[ 9, 6, 3]
 480    8    58.524828   50.494154   58.518822    3.598007    0.00005131   0.8384   0.3428  7-[ 9, 4, 3]
 481    8    58.569713   50.544659   58.569326    3.599220    0.00000331   0.2130   0.4236  7-[11, 5, 4]
 482    8    60.452382   52.422405   60.447072    3.649741    0.00004392   0.8012   0.5274  7-[ 9, 0, 3]
 483    8    60.498736   52.469446   60.494114    3.650976    0.00003820   0.7478   0.3434  7-[ 9, 5, 4]
 484    8    61.139842   53.108935   61.133603    3.668016    0.00005102   0.8734   0.3693  7-[ 9, 5, 4]
 485    8    61.256658   53.226177   61.250845    3.671112    0.00004745   0.8439   0.4493  7-[ 9, 1, 4]
 486    8    64.301592   56.276903   64.301571    3.750918    0.00000017   0.0527   0.2848  7-[17, 6, 3]
 487    8    64.508995   56.484316   64.508983    3.756292    0.00000009   0.0390   0.3067  7-[17,11, 4]
 488    8    72.923146   64.894831   72.919498    3.968187    0.00002501   0.7294   0.3427  7-[13, 4, 3]
 489    8    73.661024   65.635993   73.660660    3.986232    0.00000247   0.2317   0.4293  7-[13, 6, 3]
 490    8    75.018216   66.993416   75.018084    4.019211    0.00000088   0.1408   0.4002  7-[13, 7, 4]
 491    8    75.941343   67.911886   75.936553    4.041488    0.00003153   0.8529   0.2923  7-[13,10, 3]
 492    8    79.367348   71.338400   79.363067    4.123115    0.00002697   0.8243   0.3163  7-[11, 2, 3]
 493    8    80.075242   72.048698   80.073365    4.139780    0.00001172   0.5482   0.3408  7-[11, 5, 4]
 494    8    82.428347   74.403676   82.428343    4.194702    0.00000002   0.0235   0.3687  7-[17, 8, 3]
 495    8    82.542256   74.512439   82.537106    4.197342    0.00003119   0.9220   0.2996  7-[11, 4, 3]
 496    8    82.666342   74.641672   82.666340    4.200217    0.00000002   0.0208   0.3731  7-[17, 9, 4]
 497    8    83.218365   75.188118   83.212785    4.212980    0.00003352   0.9636   0.3543  7-[11, 7, 4]
 498    8    84.588825   76.559677   84.584344    4.244502    0.00002648   0.8706   0.3242  7-[11, 1, 4]
 499    8    85.226470   77.196614   85.221281    4.259088    0.00003044   0.9405   0.4999  7-[11, 0, 3]
 500    8    86.184364   78.154408   86.179076    4.280907    0.00003068   0.9547   0.4010  7-[11, 1, 4]
 501    9     9.293733  -17.200491   -9.175824    1.835454    0.99365650   1.4757   0.9787  9+[ 4, 0, 4]
 502    9    11.112690    3.026264   11.050932    1.929437    0.00277876   1.1700   0.8566  9+[ 6, 2, 4]
 503    9    13.823022    5.762720   13.787388    2.061543    0.00128895   0.9919   0.6052  9+[ 6, 0, 4]
 504    9    18.631115   10.596784   18.621452    2.277117    0.00025934   0.6000   0.5793  9+[ 6, 1, 5]
 505    9    19.031008   10.993980   19.018647    2.294134    0.00032474   0.6858   0.6131  9+[ 6, 0, 4]
 506    9    20.343689   12.315724   20.340391    2.349128    0.00008105   0.3663   0.2435  9+[12, 4, 4]
 507    9    22.484546   14.443607   22.468275    2.436156    0.00036183   0.8552   0.6392  9+[ 6, 1, 5]
 508    9    25.602079   17.576147   25.600814    2.557596    0.00002471   0.2545   0.2799  9+[ 8, 4, 4]
 509    9    25.990335   17.965558   25.990225    2.572319    0.00000211   0.0755   0.2602  9+[14, 1, 5]
 510    9    30.448694   22.415132   30.439799    2.735707    0.00014605   0.7359   0.4798  9+[ 8, 0, 4]
 511    9    31.311870   23.275578   31.300245    2.766226    0.00018563   0.8532   0.5987  9+[ 8, 4, 4]
 512    9    31.312075   23.280491   31.305159    2.766233    0.00011043   0.6581   0.4415  9+[ 8, 2, 4]
 513    9    33.551436   25.526730   33.551398    2.843881    0.00000058   0.0510   0.2715  9+[14,10, 4]
 514    9    33.631525   25.606846   33.631513    2.846619    0.00000017   0.0278   0.2583  9+[14, 9, 5]
 515    9    33.724884   25.691572   33.716239    2.849807    0.00012816   0.7635   0.4594  9+[ 8, 1, 5]
 516    9    36.873104   28.845674   36.870342    2.955303    0.00003746   0.4514   0.5576  9+[ 8, 3, 5]
 517    9    42.825282   34.800611   42.825278    3.145103    0.00000004   0.0173   0.2730  9+[16,12, 4]
 518    9    42.888510   34.863840   42.888507    3.147057    0.00000003   0.0158   0.2919  9+[16,11, 5]
 519    9    43.180865   35.149861   43.174529    3.156080    0.00007337   0.7397   0.3977  9+[10, 6, 4]
 520    9    45.230527   37.199348   45.224015    3.218626    0.00007198   0.7675   0.3803  9+[ 8, 2, 4]
 521    9    46.641546   38.608223   46.632891    3.260987    0.00009278   0.8985   0.5686  9+[ 8, 0, 4]
 522    9    47.021279   38.994622   47.019289    3.272293    0.00002116   0.4326   0.4977  9+[10, 4, 4]
 523    9    48.794964   40.763859   48.788526    3.324595    0.00006597   0.7926   0.5343  9+[ 8, 1, 5]
 524    9    49.135061   41.103597   49.128264    3.334530    0.00006916   0.8172   0.4775  9+[ 8, 3, 5]
 525    9    49.281410   41.256285   49.280953    3.338796    0.00000464   0.2124   0.4048  9+[10, 5, 5]
 526    9    54.143213   46.118539   54.143206    3.477544    0.00000006   0.0262   0.2710  9+[16,10, 4]
 527    9    54.250709   46.226037   54.250704    3.480549    0.00000004   0.0228   0.2788  9+[16, 5, 5]
 528    9    59.624533   51.594568   59.619235    3.627613    0.00004443   0.7948   0.3452  9+[12, 8, 4]
 529    9    61.795195   53.770078   61.794746    3.685353    0.00000364   0.2357   0.4477  9+[12, 6, 4]
 530    9    62.654689   54.624607   62.649274    3.707967    0.00004321   0.8237   0.3753  9+[10, 6, 4]
 531    9    63.079728   55.054903   63.079570    3.719099    0.00000125   0.1409   0.4179  9+[12, 5, 5]
 532    9    64.881130   56.851825   64.876493    3.765916    0.00003573   0.7757   0.3622  9+[10, 4, 4]
 533    9    66.770015   58.742790   66.767457    3.814389    0.00001915   0.5844   0.3987  9+[10, 5, 5]
 534    9    67.185357   59.155469   67.180136    3.824965    0.00003886   0.8376   0.5392  9+[10, 0, 4]
 535    9    68.113046   60.082241   68.106908    3.848482    0.00004506   0.9144   0.3686  9+[10, 5, 5]
 536    9    68.286336   60.261655   68.286322    3.852859    0.00000010   0.0428   0.2984  9+[18,12, 4]
 537    9    68.296245   60.267104   68.291772    3.853109    0.00003275   0.7817   0.4724  9+[10, 1, 5]
 538    9    68.470151   60.445475   68.470143    3.857497    0.00000006   0.0337   0.3086  9+[18,11, 5]
 539    9    78.890274   70.865442   78.890110    4.111846    0.00000104   0.1609   0.4157  9+[14, 6, 4]
 540    9    79.762333   71.737598   79.762266    4.132422    0.00000042   0.1033   0.4166  9+[14, 7, 5]
 541    9    80.433798   72.406830   80.431498    4.148196    0.00001430   0.6082   0.3233  9+[14, 4, 4]
 542    9    81.977007   73.948137   81.972805    4.184223    0.00002563   0.8300   0.3112  9+[12, 8, 4]
 543    9    86.137096   78.111458   86.136125    4.279833    0.00000563   0.4089   0.3596  9+[12, 5, 5]
 544    9    86.212487   78.183715   86.208383    4.281546    0.00002380   0.8412   0.3401  9+[12, 2, 4]
 545    9    86.869332   78.844662   86.869330    4.296442    0.00000001   0.0191   0.3639  9+[18, 8, 4]
 546    9    87.058849   79.034180   87.058848    4.300730    0.00000001   0.0174   0.3846  9+[18, 9, 5]
 547   10     1.651074   -6.982115    1.042553    1.371929    0.18428053   1.2803   0.8465  9-[ 5, 1, 4]
 548   10     9.846066    1.749934    9.774601    1.864493    0.00362913   1.1841   0.9140  9-[ 5, 0, 5]
 549   10    17.787383    9.757707   17.782374    2.240788    0.00014081   0.4221   0.3412  9-[ 7, 1, 4]
 550   10    18.350627   10.320592   18.345259    2.265104    0.00014624   0.4438   0.4018  9-[11, 0, 5]
 551   10    20.291417   12.246555   20.271222    2.346963    0.00049762   0.9051   0.7005  9-[ 7, 3, 4]
 552   10    23.192734   15.167255   23.191922    2.464268    0.00001750   0.1940   0.2896  9-[ 7, 2, 5]
 553   10    24.846349   16.813919   24.838586    2.528693    0.00015622   0.6210   0.3271  9-[ 7, 3, 4]
 554   10    26.170686   18.136058   26.160725    2.579129    0.00019031   0.7220   0.6216  9-[ 7, 1, 4]
 555   10    28.374799   20.341879   28.366546    2.660952    0.00014543   0.6843   0.6331  9-[ 7, 0, 5]
 556   10    30.516575   22.491692   30.516360    2.738120    0.00000353   0.1146   0.2662  9-[13, 9, 4]
 557   10    30.704832   22.680124   30.704791    2.744799    0.00000067   0.0501   0.2817  9-[13, 2, 5]
 558   10    30.742329   22.708521   30.733189    2.746127    0.00014865   0.7496   0.6899  9-[ 7, 2, 5]
 559   10    38.580380   30.549020   38.573688    3.010967    0.00008673   0.7186   0.4207  9-[ 9, 5, 4]
 560   10    39.106582   31.074910   39.099577    3.027918    0.00008955   0.7401   0.3873  9-[ 7, 1, 4]
 561   10    39.546514   31.521834   39.546502    3.042016    0.00000015   0.0306   0.2883  9-[15,11, 4]
 562   10    39.642557   31.617882   39.642550    3.045086    0.00000009   0.0242   0.2936  9-[15,10, 5]
 563   10    40.157170   32.126449   40.151116    3.061479    0.00007538   0.6973   0.5193  9-[ 9, 3, 4]
 564   10    41.954232   33.923059   41.947727    3.118049    0.00007752   0.7388   0.5162  9-[ 7, 0, 5]
 565   10    42.796509   34.762724   42.787391    3.144213    0.00010653   0.8834   0.3940  9-[ 7, 2, 5]
 566   10    44.607251   36.581155   44.605823    3.199736    0.00001601   0.3570   0.4999  9-[ 9, 4, 5]
 567   10    50.525385   42.500707   50.525375    3.374840    0.00000010   0.0321   0.2730  9-[15, 5, 4]
 568   10    50.657229   42.632554   50.657221    3.378638    0.00000008   0.0281   0.2863  9-[15, 4, 5]
 569   10    53.348499   45.317589   53.342256    3.455245    0.00005851   0.8161   0.4138  9-[11, 7, 4]
 570   10    56.263084   48.237059   56.261727    3.536337    0.00001206   0.3908   0.5015  9-[11, 5, 4]
 571   10    56.737325   48.706966   56.731634    3.549357    0.00005015   0.8036   0.3475  9-[ 9, 5, 4]
 572   10    58.524828   50.494154   58.518822    3.598007    0.00005131   0.8384   0.4571  9-[ 9, 1, 4]
 573   10    58.569713   50.544659   58.569326    3.599220    0.00000331   0.2130   0.4270  9-[11, 4, 5]
 574   10    60.498736   52.469446   60.494114    3.650976    0.00003820   0.7478   0.4217  9-[ 9, 4, 5]
 575   10    61.139842   53.108935   61.133603    3.668016    0.00005102   0.8734   0.4243  9-[ 9, 2, 5]
 576   10    61.256658   53.226177   61.250845    3.671112    0.00004745   0.8439   0.5604  9-[ 9, 0, 5]
 577   10    64.301592   56.276903   64.301571    3.750918    0.00000017   0.0527   0.3078  9-[17,11, 4]
 578   10    64.508995   56.484316   64.508983    3.756292    0.00000009   0.0390   0.2979  9-[17,10, 5]
 579   10    72.923146   64.894831   72.919498    3.968187    0.00002501   0.7294   0.3590  9-[13, 9, 4]
 580   10    73.661024   65.635993   73.660660    3.986232    0.00000247   0.2317   0.4354  9-[13, 7, 4]
 581   10    75.018216   66.993416   75.018083    4.019211    0.00000088   0.1408   0.4448  9-[13, 6, 5]
 582   10    75.941343   67.911886   75.936553    4.041488    0.00003153   0.8529   0.3152  9-[11, 7, 4]
 583   10    79.367348   71.338400   79.363067    4.123115    0.00002697   0.8243   0.3222  9-[11, 1, 4]
 584   10    80.075242   72.048698   80.073365    4.139780    0.00001172   0.5482   0.3435  9-[11, 4, 5]
 585   10    82.428347   74.403676   82.428343    4.194702    0.00000002   0.0235   0.3774  9-[17, 9, 4]
 586   10    82.542256   74.512439   82.537106    4.197342    0.00003119   0.9220   0.4134  9-[11, 1, 4]
 587   10    82.666342   74.641672   82.666340    4.200217    0.00000002   0.0208   0.3984  9-[17, 8, 5]
 588   10    83.218365   75.188118   83.212785    4.212980    0.00003352   0.9636   0.3677  9-[11, 6, 5]
 589   10    84.588825   76.559677   84.584344    4.244502    0.00002648   0.8706   0.3469  9-[11, 4, 5]
 590   10    86.184364   78.154408   86.179076    4.280907    0.00003068   0.9547   0.5346  9-[11, 0, 5]
 591   11    11.112691    3.026264   11.050932    1.929437    0.00277876   1.1700   0.9384 11+[ 6, 1, 5]
 592   11    18.631115   10.596784   18.621452    2.277117    0.00025934   0.6000   0.6050 11+[ 6, 0, 6]
 593   11    20.343689   12.315724   20.340391    2.349128    0.00008105   0.3663   0.3307 11+[12, 1, 5]
 594   11    22.484546   14.443607   22.468275    2.436156    0.00036183   0.8552   0.6676 11+[ 6, 0, 6]
 595   11    25.602079   17.576147   25.600814    2.557596    0.00002471   0.2545   0.3312 11+[ 8, 3, 5]
 596   11    25.990335   17.965558   25.990225    2.572319    0.00000211   0.0755   0.2708 11+[14, 4, 6]
 597   11    31.311870   23.275578   31.300245    2.766226    0.00018563   0.8532   0.7084 11+[ 8, 3, 5]
 598   11    31.312075   23.280491   31.305159    2.766233    0.00011043   0.6581   0.5886 11+[ 8, 1, 5]
 599   11    33.551436   25.526730   33.551398    2.843881    0.00000058   0.0510   0.2660 11+[14, 9, 5]
 600   11    33.631525   25.606846   33.631513    2.846619    0.00000017   0.0278   0.2858 11+[14, 2, 6]
 601   11    33.724884   25.691572   33.716240    2.849807    0.00012816   0.7635   0.5183 11+[ 8, 0, 6]
 602   11    36.873104   28.845674   36.870342    2.955303    0.00003746   0.4514   0.6250 11+[ 8, 2, 6]
 603   11    42.825282   34.800611   42.825278    3.145103    0.00000004   0.0173   0.2990 11+[16,11, 5]
 604   11    42.888510   34.863840   42.888507    3.147057    0.00000003   0.0158   0.2934 11+[16,10, 6]
 605   11    43.180865   35.149861   43.174529    3.156080    0.00007337   0.7397   0.3843 11+[10, 5, 5]
 606   11    45.230527   37.199348   45.224015    3.218626    0.00007198   0.7675   0.5071 11+[ 8, 1, 5]
 607   11    47.021279   38.994622   47.019289    3.272293    0.00002116   0.4326   0.5140 11+[10, 5, 5]
 608   11    48.794964   40.763859   48.788526    3.324595    0.00006597   0.7926   0.6027 11+[ 8, 0, 6]
 609   11    49.135061   41.103597   49.128264    3.334530    0.00006916   0.8172   0.5352 11+[ 8, 2, 6]
 610   11    49.281410   41.256285   49.280953    3.338796    0.00000464   0.2124   0.4827 11+[10, 4, 6]
 611   11    54.143213   46.118539   54.143206    3.477544    0.00000006   0.0262   0.2848 11+[16, 5, 5]
 612   11    54.250709   46.226037   54.250704    3.480549    0.00000004   0.0228   0.3011 11+[16,10, 6]
 613   11    59.624533   51.594568   59.619235    3.627613    0.00004443   0.7948   0.3781 11+[12, 7, 5]
 614   11    61.795195   53.770078   61.794746    3.685353    0.00000364   0.2357   0.4748 11+[12, 5, 5]
 615   11    62.654689   54.624607   62.649274    3.707967    0.00004321   0.8237   0.3626 11+[10, 5, 5]
 616   11    63.079728   55.054903   63.079570    3.719099    0.00000125   0.1409   0.4121 11+[12, 4, 6]
 617   11    64.881130   56.851826   64.876493    3.765916    0.00003573   0.7757   0.4942 11+[10, 1, 5]
 618   11    66.770015   58.742790   66.767457    3.814389    0.00001915   0.5844   0.4755 11+[10, 4, 6]
 619   11    68.113046   60.082241   68.106908    3.848482    0.00004506   0.9144   0.4539 11+[10, 2, 6]
 620   11    68.286336   60.261655   68.286322    3.852859    0.00000010   0.0428   0.3103 11+[18,11, 5]
 621   11    68.296245   60.267104   68.291772    3.853109    0.00003275   0.7817   0.5697 11+[10, 0, 6]
 622   11    68.470151   60.445475   68.470143    3.857497    0.00000006   0.0337   0.3066 11+[18, 6, 6]
 623   11    78.890274   70.865442   78.890110    4.111846    0.00000104   0.1609   0.4444 11+[14, 7, 5]
 624   11    79.762333   71.737598   79.762266    4.132422    0.00000042   0.1033   0.4505 11+[14, 6, 6]
 625   11    80.433798   72.406830   80.431498    4.148196    0.00001430   0.6082   0.3542 11+[14, 9, 5]
 626   11    81.977007   73.948137   81.972805    4.184223    0.00002563   0.8300   0.3409 11+[12, 7, 5]
 627   11    86.137096   78.111458   86.136125    4.279833    0.00000563   0.4089   0.3546 11+[12, 4, 6]
 628   11    86.212487   78.183715   86.208383    4.281546    0.00002380   0.8412   0.3422 11+[12, 5, 5]
 629   11    86.869332   78.844662   86.869330    4.296442    0.00000001   0.0191   0.3890 11+[18, 9, 5]
 630   11    87.058849   79.034180   87.058848    4.300730    0.00000001   0.0174   0.4004 11+[18, 8, 6]
 631   12     1.651074   -6.982115    1.042553    1.371929    0.18428053   1.2803   0.8879 11-[ 5, 0, 5]
 632   12    17.787383    9.757707   17.782374    2.240788    0.00014081   0.4221   0.4206 11-[ 9, 0, 5]
 633   12    20.291417   12.246555   20.271222    2.346963    0.00049762   0.9051   0.7986 11-[ 7, 2, 5]
 634   12    23.192734   15.167255   23.191922    2.464268    0.00001750   0.1940   0.3528 11-[11, 1, 6]
 635   12    24.846349   16.813919   24.838586    2.528693    0.00015622   0.6210   0.3729 11-[ 7, 2, 5]
 636   12    26.170686   18.136058   26.160725    2.579129    0.00019031   0.7220   0.7142 11-[ 7, 0, 5]
 637   12    30.516575   22.491692   30.516360    2.738120    0.00000353   0.1146   0.2854 11-[13, 2, 5]
 638   12    30.704832   22.680124   30.704791    2.744799    0.00000067   0.0501   0.2861 11-[13, 5, 6]
 639   12    30.742329   22.708521   30.733189    2.746127    0.00014865   0.7496   0.7474 11-[ 7, 1, 6]
 640   12    38.580380   30.549020   38.573688    3.010967    0.00008673   0.7186   0.4817 11-[ 9, 2, 5]
 641   12    39.106582   31.074910   39.099577    3.027918    0.00008955   0.7401   0.4705 11-[ 9, 0, 5]
 642   12    39.546514   31.521834   39.546502    3.042016    0.00000015   0.0306   0.2998 11-[15,10, 5]
 643   12    39.642557   31.617882   39.642550    3.045086    0.00000009   0.0242   0.2963 11-[13, 7, 6]
 644   12    40.157170   32.126449   40.151116    3.061479    0.00007538   0.6973   0.6360 11-[ 9, 4, 5]
 645   12    42.796509   34.762724   42.787391    3.144213    0.00010653   0.8834   0.4312 11-[ 9, 1, 6]
 646   12    44.607251   36.581155   44.605823    3.199736    0.00001601   0.3570   0.5785 11-[ 9, 3, 6]
 647   12    50.525385   42.500707   50.525375    3.374840    0.00000010   0.0321   0.2914 11-[17,12, 5]
 648   12    50.657229   42.632554   50.657221    3.378638    0.00000008   0.0281   0.3276 11-[15, 9, 6]
 649   12    53.348499   45.317589   53.342256    3.455245    0.00005851   0.8161   0.4283 11-[11, 6, 5]
 650   12    56.263084   48.237059   56.261727    3.536337    0.00001206   0.3908   0.5044 11-[11, 4, 5]
 651   12    56.737325   48.706966   56.731634    3.549357    0.00005015   0.8036   0.3978 11-[ 9, 2, 5]
 652   12    58.524828   50.494155   58.518822    3.598007    0.00005131   0.8384   0.5672 11-[ 9, 0, 5]
 653   12    58.569713   50.544659   58.569326    3.599220    0.00000331   0.2130   0.4685 11-[11, 5, 6]
 654   12    60.498736   52.469446   60.494114    3.650976    0.00003820   0.7478   0.4880 11-[ 9, 3, 6]
 655   12    61.139842   53.108935   61.133603    3.668016    0.00005102   0.8734   0.5417 11-[ 9, 1, 6]
 656   12    64.301592   56.276903   64.301571    3.750918    0.00000017   0.0527   0.2986 11-[17,10, 5]
 657   12    64.508995   56.484316   64.508983    3.756292    0.00000009   0.0390   0.3298 11-[17, 5, 6]
 658   12    72.923146   64.894831   72.919498    3.968187    0.00002501   0.7294   0.4128 11-[13, 8, 5]
 659   12    73.661024   65.635993   73.660660    3.986232    0.00000247   0.2317   0.4832 11-[13, 6, 5]
 660   12    75.018216   66.993416   75.018084    4.019211    0.00000088   0.1408   0.4611 11-[13, 5, 6]
 661   12    75.941343   67.911886   75.936553    4.041488    0.00003153   0.8529   0.3262 11-[11, 6, 5]
 662   12    79.367348   71.338400   79.363067    4.123115    0.00002697   0.8243   0.3435 11-[11, 4, 5]
 663   12    80.075242   72.048698   80.073365    4.139780    0.00001172   0.5482   0.3769 11-[11, 5, 6]
 664   12    82.428347   74.403676   82.428343    4.194702    0.00000002   0.0235   0.4025 11-[17, 8, 5]
 665   12    82.542256   74.512439   82.537106    4.197342    0.00003119   0.9220   0.5485 11-[11, 0, 5]
 666   12    82.666342   74.641672   82.666340    4.200217    0.00000002   0.0208   0.3987 11-[17, 7, 6]
 667   12    83.218365   75.188118   83.212785    4.212980    0.00003352   0.9636   0.3474 11-[11, 5, 6]
 668   12    84.588825   76.559677   84.584344    4.244502    0.00002648   0.8706   0.4891 11-[11, 1, 6]
 669   13    11.112691    3.026264   11.050932    1.929437    0.00277876   1.1700   0.9767 13+[ 6, 0, 6]
 670   13    20.343689   12.315724   20.340391    2.349128    0.00008105   0.3663   0.4241 13+[14, 0, 6]
 671   13    25.602079   17.576147   25.600814    2.557596    0.00002471   0.2545   0.3703 13+[ 8, 2, 6]
 672   13    25.990335   17.965558   25.990225    2.572319    0.00000211   0.0755   0.3735 13+[14, 1, 7]
 673   13    31.311870   23.275578   31.300245    2.766226    0.00018563   0.8532   0.7921 13+[ 8, 2, 6]
 674   13    31.312075   23.280491   31.305159    2.766233    0.00011043   0.6581   0.6617 13+[ 8, 0, 6]
 675   13    33.551436   25.526730   33.551398    2.843881    0.00000058   0.0510   0.2937 13+[14, 2, 6]
 676   13    33.631525   25.606846   33.631513    2.846619    0.00000017   0.0278   0.2917 13+[14, 5, 7]
 677   13    36.873104   28.845674   36.870342    2.955303    0.00003746   0.4514   0.6696 13+[ 8, 1, 7]
 678   13    42.825282   34.800611   42.825278    3.145103    0.00000004   0.0173   0.3002 13+[16,10, 6]
 679   13    42.888510   34.863840   42.888507    3.147057    0.00000003   0.0158   0.3030 13+[16, 3, 7]
 680   13    43.180865   35.149861   43.174529    3.156080    0.00007337   0.7397   0.4720 13+[10, 2, 6]
 681   13    45.230527   37.199348   45.224015    3.218626    0.00007198   0.7675   0.5701 13+[ 8, 0, 6]
 682   13    47.021279   38.994622   47.019289    3.272293    0.00002116   0.4326   0.6118 13+[10, 4, 6]
 683   13    49.135061   41.103597   49.128264    3.334530    0.00006916   0.8172   0.5734 13+[ 8, 1, 7]
 684   13    49.281410   41.256285   49.280953    3.338796    0.00000464   0.2124   0.5483 13+[10, 3, 7]
 685   13    54.143213   46.118539   54.143206    3.477544    0.00000006   0.0262   0.3072 13+[16,10, 6]
 686   13    54.250709   46.226037   54.250704    3.480549    0.00000004   0.0228   0.3380 13+[16, 9, 7]
 687   13    59.624533   51.594568   59.619235    3.627613    0.00004443   0.7948   0.3852 13+[10, 4, 6]
 688   13    61.795195   53.770078   61.794746    3.685353    0.00000364   0.2357   0.4675 13+[12, 4, 6]
 689   13    62.654689   54.624607   62.649274    3.707967    0.00004321   0.8237   0.4454 13+[10, 2, 6]
 690   13    63.079728   55.054903   63.079570    3.719099    0.00000125   0.1409   0.4765 13+[12, 5, 7]
 691   13    64.881130   56.851826   64.876493    3.765916    0.00003573   0.7757   0.5939 13+[10, 0, 6]
 692   13    66.770015   58.742790   66.767457    3.814389    0.00001915   0.5844   0.5401 13+[10, 3, 7]
 693   13    68.113046   60.082241   68.106908    3.848482    0.00004506   0.9144   0.5599 13+[10, 1, 7]
 694   13    68.286336   60.261655   68.286322    3.852859    0.00000010   0.0428   0.3080 13+[18, 6, 6]
 695   13    68.470151   60.445475   68.470143    3.857497    0.00000006   0.0337   0.3348 13+[18,11, 7]
 696   13    78.890274   70.865442   78.890110    4.111846    0.00000104   0.1609   0.4800 13+[14, 6, 6]
 697   13    79.762333   71.737598   79.762266    4.132422    0.00000042   0.1033   0.4580 13+[14, 5, 7]
 698   13    80.433798   72.406830   80.431498    4.148196    0.00001430   0.6082   0.3930 13+[14, 8, 6]
 699   13    81.977007   73.948137   81.972805    4.184223    0.00002563   0.8300   0.3429 13+[12, 6, 6]
 700   13    86.137096   78.111458   86.136125    4.279833    0.00000563   0.4089   0.4100 13+[12, 5, 7]
 701   13    86.212487   78.183715   86.208383    4.281546    0.00002380   0.8412   0.3621 13+[12, 2, 6]
 702   13    86.869332   78.844662   86.869330    4.296442    0.00000001   0.0191   0.4046 13+[18, 8, 6]
 703   13    87.058849   79.034180   87.058848    4.300730    0.00000001   0.0174   0.3932 13+[18, 9, 7]
 704   14    20.291417   12.246555   20.271222    2.346963    0.00049762   0.9051   0.8626 13-[ 7, 1, 6]
 705   14    23.192734   15.167255   23.191922    2.464268    0.00001750   0.1940   0.4241 13-[13, 0, 7]
 706   14    24.846349   16.813919   24.838586    2.528693    0.00015622   0.6210   0.4028 13-[ 7, 1, 6]
 707   14    30.516575   22.491692   30.516360    2.738120    0.00000353   0.1146   0.2892 13-[13, 5, 6]
 708   14    30.704832   22.680124   30.704791    2.744799    0.00000067   0.0501   0.3140 13-[13, 2, 7]
 709   14    30.742329   22.708522   30.733189    2.746127    0.00014865   0.7496   0.7756 13-[ 7, 0, 7]
 710   14    38.580380   30.549020   38.573688    3.010967    0.00008673   0.7186   0.6130 13-[ 9, 1, 6]
 711   14    39.546514   31.521834   39.546502    3.042016    0.00000015   0.0306   0.3041 13-[13, 7, 6]
 712   14    39.642557   31.617882   39.642550    3.045086    0.00000009   0.0242   0.3183 13-[15, 2, 7]
 713   14    40.157170   32.126449   40.151116    3.061479    0.00007538   0.6973   0.7344 13-[ 9, 3, 6]
 714   14    42.796509   34.762724   42.787391    3.144213    0.00010653   0.8834   0.4784 13-[ 9, 0, 7]
 715   14    44.607251   36.581155   44.605823    3.199736    0.00001601   0.3570   0.6387 13-[ 9, 2, 7]
 716   14    50.525385   42.500707   50.525375    3.374840    0.00000010   0.0321   0.3326 13-[15, 9, 6]
 717   14    50.657229   42.632554   50.657221    3.378638    0.00000008   0.0281   0.3543 13-[15, 8, 7]
 718   14    53.348499   45.317589   53.342256    3.455245    0.00005851   0.8161   0.4038 13-[11, 5, 6]
 719   14    56.263084   48.237059   56.261727    3.536337    0.00001206   0.3908   0.5526 13-[11, 5, 6]
 720   14    56.737325   48.706966   56.731634    3.549357    0.00005015   0.8036   0.5063 13-[ 9, 1, 6]
 721   14    58.569713   50.544659   58.569326    3.599220    0.00000331   0.2130   0.5467 13-[11, 4, 7]
 722   14    60.498736   52.469446   60.494114    3.650976    0.00003820   0.7478   0.5388 13-[ 9, 2, 7]
 723   14    61.139842   53.108935   61.133603    3.668016    0.00005102   0.8734   0.6009 13-[ 9, 0, 7]
 724   14    64.301592   56.276903   64.301571    3.750918    0.00000017   0.0527   0.3301 13-[17, 5, 6]
 725   14    64.508995   56.484316   64.508983    3.756292    0.00000009   0.0390   0.3649 13-[17,10, 7]
 726   14    72.923146   64.894831   72.919498    3.968187    0.00002501   0.7294   0.4378 13-[13, 7, 6]
 727   14    73.661024   65.635993   73.660660    3.986232    0.00000247   0.2317   0.5001 13-[13, 5, 6]
 728   14    75.018216   66.993416   75.018084    4.019211    0.00000088   0.1408   0.4617 13-[13, 6, 7]
 729   14    75.941343   67.911886   75.936553    4.041488    0.00003153   0.8529   0.3255 13-[13, 5, 6]
 730   14    79.367348   71.338400   79.363067    4.123115    0.00002697   0.8243   0.4829 13-[11, 1, 6]
 731   14    80.075242   72.048698   80.073365    4.139780    0.00001172   0.5482   0.4398 13-[11, 4, 7]
 732   14    82.428347   74.403676   82.428343    4.194702    0.00000002   0.0235   0.4025 13-[17, 7, 6]
 733   14    82.666342   74.641672   82.666340    4.200217    0.00000002   0.0208   0.4254 13-[17, 8, 7]
 734   14    83.218365   75.188118   83.212785    4.212980    0.00003352   0.9636   0.4549 13-[11, 2, 7]
 735   14    84.588825   76.559677   84.584344    4.244502    0.00002648   0.8706   0.5756 13-[11, 0, 7]
 736   15    25.602079   17.576147   25.600814    2.557596    0.00002471   0.2545   0.3958 15+[ 8, 1, 7]
 737   15    25.990335   17.965558   25.990225    2.572319    0.00000211   0.0755   0.4523 15+[14, 0, 8]
 738   15    31.311870   23.275578   31.300245    2.766226    0.00018563   0.8532   0.8467 15+[ 8, 1, 7]
 739   15    33.551436   25.526730   33.551398    2.843881    0.00000058   0.0510   0.2993 15+[14, 5, 7]
 740   15    33.631525   25.606846   33.631513    2.846619    0.00000017   0.0278   0.3312 15+[14, 2, 8]
 741   15    36.873104   28.845674   36.870342    2.955303    0.00003746   0.4514   0.6916 15+[ 8, 0, 8]
 742   15    42.825282   34.800611   42.825278    3.145103    0.00000004   0.0173   0.3095 15+[16, 3, 7]
 743   15    42.888510   34.863840   42.888507    3.147057    0.00000003   0.0158   0.3199 15+[16, 2, 8]
 744   15    43.180865   35.149861   43.174529    3.156080    0.00007337   0.7397   0.5809 15+[10, 1, 7]
 745   15    47.021279   38.994622   47.019289    3.272293    0.00002116   0.4326   0.6938 15+[10, 3, 7]
 746   15    49.135061   41.103597   49.128264    3.334530    0.00006916   0.8172   0.5922 15+[ 8, 0, 8]
 747   15    49.281410   41.256285   49.280953    3.338796    0.00000464   0.2124   0.5984 15+[10, 2, 8]
 748   15    54.143213   46.118539   54.143206    3.477544    0.00000006   0.0262   0.3445 15+[16, 9, 7]
 749   15    54.250709   46.226037   54.250704    3.480549    0.00000004   0.0228   0.3577 15+[16, 8, 8]
 750   15    59.624533   51.594568   59.619235    3.627613    0.00004443   0.7948   0.4367 15+[10, 3, 7]
 751   15    61.795195   53.770078   61.794746    3.685353    0.00000364   0.2357   0.5398 15+[12, 5, 7]
 752   15    62.654689   54.624607   62.649274    3.707967    0.00004321   0.8237   0.5482 15+[10, 1, 7]
 753   15    63.079728   55.054903   63.079570    3.719099    0.00000125   0.1409   0.5466 15+[12, 4, 8]
 754   15    66.770015   58.742790   66.767457    3.814389    0.00001915   0.5844   0.5895 15+[10, 2, 8]
 755   15    68.113046   60.082241   68.106908    3.848482    0.00004506   0.9144   0.6134 15+[10, 0, 8]
 756   15    68.286336   60.261655   68.286322    3.852859    0.00000010   0.0428   0.3360 15+[18,11, 7]
 757   15    68.470151   60.445475   68.470143    3.857497    0.00000006   0.0337   0.3789 15+[18,10, 8]
 758   15    78.890274   70.865442   78.890110    4.111846    0.00000104   0.1609   0.4874 15+[14, 5, 7]
 759   15    79.762333   71.737598   79.762266    4.132422    0.00000042   0.1033   0.4799 15+[14, 6, 8]
 760   15    80.433798   72.406830   80.431498    4.148196    0.00001430   0.6082   0.4068 15+[14, 7, 7]
 761   15    81.977007   73.948137   81.972805    4.184223    0.00002563   0.8300   0.3263 15+[12, 3, 7]
 762   15    86.137096   78.111458   86.136125    4.279833    0.00000563   0.4089   0.4703 15+[12, 4, 8]
 763   15    86.212487   78.183715   86.208383    4.281546    0.00002380   0.8412   0.5121 15+[12, 1, 7]
 764   15    86.869332   78.844662   86.869330    4.296442    0.00000001   0.0191   0.3971 15+[18, 9, 7]
 765   15    87.058849   79.034180   87.058848    4.300730    0.00000001   0.0174   0.4360 15+[18, 8, 8]
 766   16    20.291417   12.246555   20.271222    2.346963    0.00049762   0.9051   0.8929 15-[ 7, 0, 7]
 767   16    24.846349   16.813919   24.838586    2.528693    0.00015622   0.6210   0.4236 15-[13, 0, 7]
 768   16    30.516575   22.491692   30.516360    2.738120    0.00000353   0.1146   0.3168 15-[13, 2, 7]
 769   16    30.704832   22.680124   30.704791    2.744799    0.00000067   0.0501   0.4263 15-[13, 1, 8]
 770   16    38.580380   30.549020   38.573688    3.010967    0.00008673   0.7186   0.6784 15-[ 9, 0, 7]
 771   16    39.546514   31.521834   39.546502    3.042016    0.00000015   0.0306   0.3239 15-[15, 2, 7]
 772   16    39.642557   31.617882   39.642550    3.045086    0.00000009   0.0242   0.3261 15-[15, 5, 8]
 773   16    40.157170   32.126449   40.151116    3.061479    0.00007538   0.6973   0.8093 15-[ 9, 2, 7]
 774   16    44.607251   36.581155   44.605823    3.199736    0.00001601   0.3570   0.6786 15-[ 9, 1, 8]
 775   16    50.525385   42.500707   50.525375    3.374840    0.00000010   0.0321   0.3593 15-[15, 8, 7]
 776   16    50.657229   42.632554   50.657221    3.378638    0.00000008   0.0281   0.3602 15-[15, 7, 8]
 777   16    53.348499   45.317589   53.342256    3.455245    0.00005851   0.8161   0.5277 15-[11, 2, 7]
 778   16    56.263084   48.237059   56.261727    3.536337    0.00001206   0.3908   0.6437 15-[11, 4, 7]
 779   16    56.737325   48.706966   56.731634    3.549357    0.00005015   0.8036   0.5602 15-[ 9, 0, 7]
 780   16    58.569713   50.544659   58.569326    3.599220    0.00000331   0.2130   0.6120 15-[11, 3, 8]
 781   16    60.498736   52.469446   60.494114    3.650976    0.00003820   0.7478   0.5725 15-[ 9, 1, 8]
 782   16    64.301592   56.276903   64.301571    3.750918    0.00000017   0.0527   0.3649 15-[17,10, 7]
 783   16    64.508995   56.484316   64.508983    3.756292    0.00000009   0.0390   0.4001 15-[17, 9, 8]
 784   16    72.923146   64.894831   72.919498    3.968187    0.00002501   0.7294   0.4311 15-[13, 6, 7]
 785   16    73.661024   65.635993   73.660660    3.986232    0.00000247   0.2317   0.5001 15-[13, 6, 7]
 786   16    75.018216   66.993416   75.018084    4.019211    0.00000088   0.1408   0.5420 15-[13, 5, 8]
 787   16    75.941343   67.911886   75.936553    4.041488    0.00003153   0.8529   0.4019 15-[11, 2, 7]
 788   16    79.367348   71.338400   79.363067    4.123115    0.00002697   0.8243   0.5668 15-[11, 0, 7]
 789   16    80.075242   72.048698   80.073365    4.139780    0.00001172   0.5482   0.4923 15-[11, 3, 8]
 790   16    82.428347   74.403676   82.428343    4.194702    0.00000002   0.0235   0.4290 15-[17, 8, 7]
 791   16    82.666342   74.641672   82.666340    4.200217    0.00000002   0.0208   0.4577 15-[17, 7, 8]
 792   16    83.218365   75.188118   83.212785    4.212980    0.00003352   0.9636   0.5468 15-[11, 1, 8]
 793   17    25.602079   17.576147   25.600814    2.557596    0.00002471   0.2545   0.4439 17+[14, 0, 8]
 794   17    31.311870   23.275578   31.300245    2.766226    0.00018563   0.8532   0.8728 17+[ 8, 0, 8]
 795   17    33.551436   25.526730   33.551398    2.843881    0.00000058   0.0510   0.3393 17+[14, 2, 8]
 796   17    33.631525   25.606846   33.631513    2.846619    0.00000017   0.0278   0.4349 17+[14, 1, 9]
 797   17    42.825282   34.800611   42.825278    3.145103    0.00000004   0.0173   0.3263 17+[16, 2, 8]
 798   17    42.888510   34.863840   42.888507    3.147057    0.00000003   0.0158   0.3287 17+[16, 5, 9]
 799   17    43.180865   35.149861   43.174529    3.156080    0.00007337   0.7397   0.6351 17+[10, 0, 8]
 800   17    47.021279   38.994622   47.019289    3.272293    0.00002116   0.4326   0.7560 17+[10, 2, 8]
 801   17    49.281410   41.256285   49.280953    3.338796    0.00000464   0.2124   0.6317 17+[10, 1, 9]
 802   17    54.143213   46.118539   54.143206    3.477544    0.00000006   0.0262   0.3643 17+[16, 8, 8]
 803   17    54.250709   46.226037   54.250704    3.480549    0.00000004   0.0228   0.3581 17+[16, 7, 9]
 804   17    59.624533   51.594568   59.619235    3.627613    0.00004443   0.7948   0.4862 17+[12, 2, 8]
 805   17    61.795195   53.770078   61.794746    3.685353    0.00000364   0.2357   0.6184 17+[12, 4, 8]
 806   17    62.654689   54.624607   62.649274    3.707967    0.00004321   0.8237   0.5993 17+[10, 0, 8]
 807   17    63.079728   55.054903   63.079570    3.719099    0.00000125   0.1409   0.6050 17+[12, 3, 9]
 808   17    66.770015   58.742790   66.767457    3.814389    0.00001915   0.5844   0.6222 17+[10, 1, 9]
 809   17    68.286336   60.261655   68.286322    3.852859    0.00000010   0.0428   0.3799 17+[18,10, 8]
 810   17    68.470151   60.445475   68.470143    3.857497    0.00000006   0.0337   0.4077 17+[18, 9, 9]
 811   17    78.890274   70.865442   78.890110    4.111846    0.00000104   0.1609   0.5101 17+[14, 6, 8]
 812   17    79.762333   71.737598   79.762266    4.132422    0.00000042   0.1033   0.5546 17+[14, 5, 9]
 813   17    80.433798   72.406830   80.431498    4.148196    0.00001430   0.6082   0.4350 17+[12, 4, 8]
 814   17    81.977007   73.948137   81.972805    4.184223    0.00002563   0.8300   0.4384 17+[12, 2, 8]
 815   17    86.137096   78.111458   86.136125    4.279833    0.00000563   0.4089   0.5205 17+[12, 3, 9]
 816   17    86.212487   78.183715   86.208383    4.281546    0.00002380   0.8412   0.5902 17+[12, 0, 8]
 817   17    86.869332   78.844662   86.869330    4.296442    0.00000001   0.0191   0.4399 17+[18, 8, 8]
 818   17    87.058849   79.034180   87.058848    4.300730    0.00000001   0.0174   0.4617 17+[18, 7, 9]
 819   18    30.516575   22.491692   30.516360    2.738120    0.00000353   0.1146   0.4293 17-[13, 1, 8]
 820   18    30.704832   22.680124   30.704791    2.744799    0.00000067   0.0501   0.4849 17-[13, 0, 9]
 821   18    39.546514   31.521834   39.546502    3.042016    0.00000015   0.0306   0.3314 17-[15, 5, 8]
 822   18    39.642557   31.617882   39.642550    3.045086    0.00000009   0.0242   0.3881 17-[13, 2, 9]
 823   18    40.157170   32.126449   40.151116    3.061479    0.00007538   0.6973   0.8584 17-[ 9, 1, 8]
 824   18    44.607251   36.581155   44.605823    3.199736    0.00001601   0.3570   0.6983 17-[ 9, 0, 9]
 825   18    50.525385   42.500707   50.525375    3.374840    0.00000010   0.0321   0.3648 17-[15, 7, 8]
 826   18    50.657229   42.632554   50.657221    3.378638    0.00000008   0.0281   0.3445 17-[15, 6, 9]
 827   18    53.348499   45.317589   53.342256    3.455245    0.00005851   0.8161   0.6332 17-[11, 1, 8]
 828   18    56.263084   48.237059   56.261727    3.536337    0.00001206   0.3908   0.7197 17-[11, 3, 8]
 829   18    58.569713   50.544659   58.569326    3.599220    0.00000331   0.2130   0.6619 17-[11, 2, 9]
 830   18    60.498736   52.469446   60.494114    3.650976    0.00003820   0.7478   0.5891 17-[ 9, 0, 9]
 831   18    64.301592   56.276903   64.301571    3.750918    0.00000017   0.0527   0.3998 17-[17, 9, 8]
 832   18    64.508995   56.484316   64.508983    3.756292    0.00000009   0.0390   0.4162 17-[17, 8, 9]
 833   18    72.923146   64.894831   72.919498    3.968187    0.00002501   0.7294   0.4400 17-[13, 3, 8]
 834   18    73.661024   65.635993   73.660660    3.986232    0.00000247   0.2317   0.5864 17-[13, 5, 8]
 835   18    75.018216   66.993416   75.018084    4.019211    0.00000088   0.1408   0.6133 17-[13, 4, 9]
 836   18    75.941343   67.911886   75.936553    4.041488    0.00003153   0.8529   0.4832 17-[13, 1, 8]
 837   18    80.075242   72.048698   80.073365    4.139780    0.00001172   0.5482   0.5325 17-[11, 2, 9]
 838   18    82.428347   74.403676   82.428343    4.194702    0.00000002   0.0235   0.4612 17-[17, 7, 8]
 839   18    82.666342   74.641672   82.666340    4.200217    0.00000002   0.0208   0.4693 17-[17, 6, 9]
 840   18    83.218365   75.188118   83.212785    4.212980    0.00003352   0.9636   0.5931 17-[11, 0, 9]
 841   19    33.551436   25.526730   33.551398    2.843881    0.00000058   0.0510   0.4449 19+[14, 1, 9]
 842   19    33.631525   25.606846   33.631513    2.846619    0.00000017   0.0278   0.4887 19+[14, 0,10]
 843   19    42.825282   34.800611   42.825278    3.145103    0.00000004   0.0173   0.3349 19+[16, 5, 9]
 844   19    42.888510   34.863840   42.888507    3.147057    0.00000003   0.0158   0.3984 19+[16, 2,10]
 845   19    47.021279   38.994622   47.019289    3.272293    0.00002116   0.4326   0.7969 19+[10, 1, 9]
 846   19    49.281410   41.256285   49.280953    3.338796    0.00000464   0.2124   0.6481 19+[10, 0,10]
 847   19    54.143213   46.118539   54.143206    3.477544    0.00000006   0.0262   0.3643 19+[16, 7, 9]
 848   19    54.250709   46.226037   54.250704    3.480549    0.00000004   0.0228   0.3387 19+[16, 6,10]
 849   19    59.624533   51.594568   59.619235    3.627613    0.00004443   0.7948   0.5720 19+[12, 1, 9]
 850   19    61.795195   53.770078   61.794746    3.685353    0.00000364   0.2357   0.6837 19+[12, 3, 9]
 851   19    63.079728   55.054903   63.079570    3.719099    0.00000125   0.1409   0.6494 19+[12, 2,10]
 852   19    66.770015   58.742790   66.767457    3.814389    0.00001915   0.5844   0.6384 19+[10, 0,10]
 853   19    68.286336   60.261655   68.286322    3.852859    0.00000010   0.0428   0.4084 19+[18, 9, 9]
 854   19    68.470151   60.445475   68.470143    3.857497    0.00000006   0.0337   0.4180 19+[18, 8,10]
 855   19    78.890274   70.865442   78.890110    4.111846    0.00000104   0.1609   0.5890 19+[14, 5, 9]
 856   19    79.762333   71.737598   79.762266    4.132422    0.00000042   0.1033   0.6206 19+[14, 4,10]
 857   19    80.433798   72.406830   80.431498    4.148196    0.00001430   0.6082   0.4809 19+[12, 3, 9]
 858   19    81.977007   73.948137   81.972805    4.184223    0.00002563   0.8300   0.5158 19+[12, 1, 9]
 859   19    86.137096   78.111458   86.136125    4.279833    0.00000563   0.4089   0.5588 19+[12, 2,10]
 860   19    86.869332   78.844662   86.869330    4.296442    0.00000001   0.0191   0.4655 19+[18, 7, 9]
 861   19    87.058849   79.034180   87.058848    4.300730    0.00000001   0.0174   0.4678 19+[18, 6,10]
 862   20    30.516575   22.491692   30.516360    2.738120    0.00000353   0.1146   0.4876 19-[13, 0, 9]
 863   20    39.546514   31.521834   39.546502    3.042016    0.00000015   0.0306   0.3967 19-[13, 2, 9]
 864   20    39.642557   31.617882   39.642550    3.045086    0.00000009   0.0242   0.4892 19-[15, 1,10]
 865   20    40.157170   32.126449   40.151116    3.061479    0.00007538   0.6973   0.8819 19-[ 9, 0, 9]
 866   20    50.525385   42.500707   50.525375    3.374840    0.00000010   0.0321   0.3485 19-[15, 6, 9]
 867   20    50.657229   42.632554   50.657221    3.378638    0.00000008   0.0281   0.3951 19-[15, 3,10]
 868   20    53.348499   45.317589   53.342256    3.455245    0.00005851   0.8161   0.6858 19-[11, 0, 9]
 869   20    56.263084   48.237059   56.261727    3.536337    0.00001206   0.3908   0.7774 19-[11, 2, 9]
 870   20    58.569713   50.544659   58.569326    3.599220    0.00000331   0.2130   0.6950 19-[11, 1,10]
 871   20    64.301592   56.276903   64.301571    3.750918    0.00000017   0.0527   0.4155 19-[17, 8, 9]
 872   20    64.508995   56.484316   64.508983    3.756292    0.00000009   0.0390   0.4116 19-[15, 5,10]
 873   20    72.923146   64.894831   72.919498    3.968187    0.00002501   0.7294   0.5711 19-[13, 2, 9]
 874   20    73.661024   65.635993   73.660660    3.986232    0.00000247   0.2317   0.6629 19-[13, 4, 9]
 875   20    75.018216   66.993416   75.018084    4.019211    0.00000088   0.1408   0.6724 19-[13, 3,10]
 876   20    75.941343   67.911886   75.936553    4.041488    0.00003153   0.8529   0.5488 19-[13, 0, 9]
 877   20    80.075242   72.048698   80.073365    4.139780    0.00001172   0.5482   0.5591 19-[11, 1,10]
 878   20    82.428347   74.403676   82.428343    4.194702    0.00000002   0.0235   0.4726 19-[17, 6, 9]
 879   20    82.666342   74.641672   82.666340    4.200217    0.00000002   0.0208   0.4697 19-[17, 7,10]
 880   21    33.551436   25.526730   33.551398    2.843881    0.00000058   0.0510   0.4994 21+[14, 0,10]
 881   21    42.825282   34.800611   42.825278    3.145103    0.00000004   0.0173   0.4056 21+[16, 2,10]
 882   21    42.888510   34.863840   42.888507    3.147057    0.00000003   0.0158   0.4980 21+[16, 1,11]
 883   21    47.021279   38.994622   47.019289    3.272293    0.00002116   0.4326   0.8166 21+[10, 0,10]
 884   21    54.143213   46.118539   54.143206    3.477544    0.00000006   0.0262   0.3442 21+[16, 6,10]
 885   21    54.250709   46.226037   54.250704    3.480549    0.00000004   0.0228   0.4078 21+[16, 3,11]
 886   21    59.624533   51.594568   59.619235    3.627613    0.00004443   0.7948   0.6147 21+[12, 0,10]
 887   21    61.795195   53.770078   61.794746    3.685353    0.00000364   0.2357   0.7332 21+[12, 2,10]
 888   21    63.079728   55.054903   63.079570    3.719099    0.00000125   0.1409   0.6789 21+[12, 1,11]
 889   21    68.286336   60.261655   68.286322    3.852859    0.00000010   0.0428   0.4185 21+[18, 8,10]
 890   21    68.470151   60.445475   68.470143    3.857497    0.00000006   0.0337   0.4169 21+[16, 5,11]
 891   21    78.890274   70.865442   78.890110    4.111846    0.00000104   0.1609   0.6585 21+[14, 4,10]
 892   21    79.762333   71.737598   79.762266    4.132422    0.00000042   0.1033   0.6752 21+[14, 3,11]
 893   21    80.433798   72.406830   80.431498    4.148196    0.00001430   0.6082   0.5398 21+[14, 2,10]
 894   21    81.977007   73.948137   81.972805    4.184223    0.00002563   0.8300   0.5543 21+[12, 0,10]
 895   21    86.137096   78.111458   86.136125    4.279833    0.00000563   0.4089   0.5842 21+[12, 1,11]
 896   21    86.869332   78.844662   86.869330    4.296442    0.00000001   0.0191   0.4714 21+[18, 6,10]
 897   21    87.058849   79.034180   87.058848    4.300730    0.00000001   0.0174   0.4845 21+[18, 7,11]
 898   22    39.546514   31.521834   39.546502    3.042016    0.00000015   0.0306   0.4960 21-[15, 1,10]
 899   22    39.642557   31.617882   39.642550    3.045086    0.00000009   0.0242   0.5443 21-[15, 0,11]
 900   22    50.525385   42.500707   50.525375    3.374840    0.00000010   0.0321   0.3993 21-[15, 3,10]
 901   22    50.657229   42.632554   50.657221    3.378638    0.00000008   0.0281   0.4885 21-[15, 2,11]
 902   22    56.263084   48.237059   56.261727    3.536337    0.00001206   0.3908   0.8153 21-[11, 1,10]
 903   22    58.569713   50.544659   58.569326    3.599220    0.00000331   0.2130   0.7113 21-[11, 0,11]
 904   22    64.301592   56.276903   64.301571    3.750918    0.00000017   0.0527   0.4252 21-[15, 5,10]
 905   22    64.508995   56.484316   64.508983    3.756292    0.00000009   0.0390   0.4563 21-[15, 4,11]
 906   22    72.923146   64.894831   72.919498    3.968187    0.00002501   0.7294   0.6612 21-[13, 1,10]
 907   22    73.661024   65.635993   73.660660    3.986232    0.00000247   0.2317   0.7262 21-[13, 3,10]
 908   22    75.018216   66.993416   75.018084    4.019211    0.00000088   0.1408   0.7174 21-[13, 2,11]
 909   22    80.075242   72.048698   80.073365    4.139780    0.00001172   0.5482   0.5722 21-[11, 0,11]
 910   22    82.428347   74.403676   82.428343    4.194702    0.00000002   0.0235   0.4726 21-[17, 7,10]
 911   22    82.666342   74.641672   82.666340    4.200217    0.00000002   0.0208   0.5396 21-[17, 6,11]
 912   23    42.825282   34.800611   42.825278    3.145103    0.00000004   0.0173   0.5065 23+[16, 1,11]
 913   23    42.888510   34.863840   42.888507    3.147057    0.00000003   0.0158   0.5495 23+[16, 0,12]
 914   23    54.143213   46.118539   54.143206    3.477544    0.00000006   0.0262   0.4141 23+[16, 3,11]
 915   23    54.250709   46.226037   54.250704    3.480549    0.00000004   0.0228   0.4951 23+[16, 2,12]
 916   23    61.795195   53.770078   61.794746    3.685353    0.00000364   0.2357   0.7658 23+[12, 1,11]
 917   23    63.079728   55.054903   63.079570    3.719099    0.00000125   0.1409   0.6935 23+[12, 0,12]
 918   23    68.286336   60.261655   68.286322    3.852859    0.00000010   0.0428   0.4279 23+[16, 5,11]
 919   23    68.470151   60.445475   68.470143    3.857497    0.00000006   0.0337   0.4586 23+[16, 4,12]
 920   23    78.890274   70.865442   78.890110    4.111846    0.00000104   0.1609   0.7159 23+[14, 3,11]
 921   23    79.762333   71.737598   79.762266    4.132422    0.00000042   0.1033   0.7167 23+[14, 2,12]
 922   23    80.433798   72.406830   80.431498    4.148196    0.00001430   0.6082   0.6170 23+[14, 1,11]
 923   23    86.137096   78.111458   86.136125    4.279833    0.00000563   0.4089   0.5968 23+[12, 0,12]
 924   23    86.869332   78.844662   86.869330    4.296442    0.00000001   0.0191   0.4879 23+[18, 7,11]
 925   23    87.058849   79.034180   87.058848    4.300730    0.00000001   0.0174   0.5509 23+[18, 6,12]
 926   24    39.546514   31.521834   39.546502    3.042016    0.00000015   0.0306   0.5514 23-[15, 0,11]
 927   24    50.525385   42.500707   50.525375    3.374840    0.00000010   0.0321   0.4934 23-[15, 2,11]
 928   24    50.657229   42.632554   50.657221    3.378638    0.00000008   0.0281   0.5527 23-[15, 1,12]
 929   24    56.263084   48.237059   56.261727    3.536337    0.00001206   0.3908   0.8337 23-[11, 0,11]
 930   24    64.301592   56.276903   64.301571    3.750918    0.00000017   0.0527   0.4711 23-[15, 4,11]
 931   24    64.508995   56.484316   64.508983    3.756292    0.00000009   0.0390   0.4932 23-[15, 3,12]
 932   24    72.923146   64.894831   72.919498    3.968187    0.00002501   0.7294   0.7061 23-[13, 0,11]
 933   24    73.661024   65.635993   73.660660    3.986232    0.00000247   0.2317   0.7741 23-[13, 2,11]
 934   24    75.018216   66.993416   75.018084    4.019211    0.00000088   0.1408   0.7473 23-[13, 1,12]
 935   24    82.428347   74.403676   82.428343    4.194702    0.00000002   0.0235   0.5426 23-[17, 6,11]
 936   24    82.666342   74.641672   82.666340    4.200217    0.00000002   0.0208   0.6036 23-[17, 5,12]
 937   25    42.825282   34.800611   42.825278    3.145103    0.00000004   0.0173   0.5584 25+[16, 0,12]
 938   25    54.143213   46.118539   54.143206    3.477544    0.00000006   0.0262   0.5024 25+[16, 2,12]
 939   25    54.250709   46.226037   54.250704    3.480549    0.00000004   0.0228   0.5549 25+[16, 1,13]
 940   25    61.795195   53.770078   61.794746    3.685353    0.00000364   0.2357   0.7816 25+[12, 0,12]
 941   25    68.286336   60.261655   68.286322    3.852859    0.00000010   0.0428   0.4704 25+[16, 4,12]
 942   25    68.470151   60.445475   68.470143    3.857497    0.00000006   0.0337   0.4981 25+[18, 3,13]
 943   25    78.890274   70.865442   78.890110    4.111846    0.00000104   0.1609   0.7593 25+[14, 2,12]
 944   25    79.762333   71.737598   79.762266    4.132422    0.00000042   0.1033   0.7443 25+[14, 1,13]
 945   25    80.433798   72.406830   80.431498    4.148196    0.00001430   0.6082   0.6554 25+[14, 0,12]
 946   25    86.869332   78.844662   86.869330    4.296442    0.00000001   0.0191   0.5545 25+[18, 6,12]
 947   25    87.058849   79.034180   87.058848    4.300730    0.00000001   0.0174   0.6115 25+[18, 5,13]
 948   26    50.525385   42.500707   50.525375    3.374840    0.00000010   0.0321   0.5577 25-[15, 1,12]
 949   26    50.657229   42.632554   50.657221    3.378638    0.00000008   0.0281   0.5849 25-[15, 0,13]
 950   26    64.301592   56.276903   64.301571    3.750918    0.00000017   0.0527   0.5088 25-[15, 3,12]
 951   26    64.508995   56.484316   64.508983    3.756292    0.00000009   0.0390   0.5800 25-[17, 2,13]
 952   26    73.661024   65.635993   73.660660    3.986232    0.00000247   0.2317   0.8057 25-[13, 1,12]
 953   26    75.018216   66.993416   75.018084    4.019211    0.00000088   0.1408   0.7621 25-[13, 0,13]
 954   26    82.428347   74.403676   82.428343    4.194702    0.00000002   0.0235   0.6066 25-[17, 5,12]
 955   26    82.666342   74.641672   82.666340    4.200217    0.00000002   0.0208   0.6595 25-[17, 4,13]
 956   27    54.143213   46.118539   54.143206    3.477544    0.00000006   0.0262   0.5627 27+[16, 1,13]
 957   27    54.250709   46.226037   54.250704    3.480549    0.00000004   0.0228   0.5849 27+[16, 0,14]
 958   27    68.286336   60.261655   68.286322    3.852859    0.00000010   0.0428   0.5053 27+[16, 3,13]
 959   27    68.470151   60.445475   68.470143    3.857497    0.00000006   0.0337   0.5877 27+[18, 2,14]
 960   27    78.890274   70.865442   78.890110    4.111846    0.00000104   0.1609   0.7880 27+[14, 1,13]
 961   27    79.762333   71.737598   79.762266    4.132422    0.00000042   0.1033   0.7579 27+[14, 0,14]
 962   27    86.869332   78.844662   86.869330    4.296442    0.00000001   0.0191   0.6152 27+[18, 5,13]
 963   27    87.058849   79.034180   87.058848    4.300730    0.00000001   0.0174   0.6642 27+[18, 4,14]
 964   28    50.525385   42.500707   50.525375    3.374840    0.00000010   0.0321   0.5898 27-[15, 0,13]
 965   28    64.301592   56.276903   64.301571    3.750918    0.00000017   0.0527   0.5773 27-[17, 2,13]
 966   28    64.508995   56.484316   64.508983    3.756292    0.00000009   0.0390   0.6448 27-[17, 1,14]
 967   28    73.661024   65.635993   73.660660    3.986232    0.00000247   0.2317   0.8211 27-[13, 0,13]
 968   28    82.428347   74.403676   82.428343    4.194702    0.00000002   0.0235   0.6624 27-[17, 4,13]
 969   28    82.666342   74.641672   82.666340    4.200217    0.00000002   0.0208   0.7054 27-[17, 3,14]
 970   29    54.143213   46.118539   54.143206    3.477544    0.00000006   0.0262   0.5928 29+[16, 0,14]
 971   29    68.286336   60.261655   68.286322    3.852859    0.00000010   0.0428   0.5869 29+[18, 2,14]
 972   29    68.470151   60.445475   68.470143    3.857497    0.00000006   0.0337   0.6489 29+[18, 1,15]
 973   29    78.890274   70.865442   78.890110    4.111846    0.00000104   0.1609   0.8020 29+[14, 0,14]
 974   29    86.869332   78.844662   86.869330    4.296442    0.00000001   0.0191   0.6679 29+[18, 4,14]
 975   29    87.058849   79.034180   87.058848    4.300730    0.00000001   0.0174   0.7074 29+[18, 3,15]
 976   30    64.301592   56.276903   64.301571    3.750918    0.00000017   0.0527   0.6414 29-[17, 1,14]
 977   30    64.508995   56.484316   64.508983    3.756292    0.00000009   0.0390   0.6773 29-[17, 0,15]
 978   30    82.428347   74.403676   82.428343    4.194702    0.00000002   0.0235   0.7081 29-[17, 3,14]
 979   30    82.666342   74.641672   82.666340    4.200217    0.00000002   0.0208   0.7402 29-[17, 2,15]
 980   31    68.286336   60.261655   68.286322    3.852859    0.00000010   0.0428   0.6476 31+[18, 1,15]
 981   31    68.470151   60.445475   68.470143    3.857497    0.00000006   0.0337   0.6795 31+[18, 0,16]
 982   31    86.869332   78.844662   86.869330    4.296442    0.00000001   0.0191   0.7110 31+[18, 3,15]
 983   31    87.058849   79.034180   87.058848    4.300730    0.00000001   0.0174   0.7402 31+[18, 2,16]
 984   32    64.301592   56.276903   64.301571    3.750918    0.00000017   0.0527   0.6734 31-[17, 0,15]
 985   32    82.428347   74.403676   82.428343    4.194702    0.00000002   0.0235   0.7427 31-[17, 2,15]
 986   32    82.666342   74.641672   82.666340    4.200217    0.00000002   0.0208   0.7633 31-[17, 1,16]
 987   33    68.286336   60.261655   68.286322    3.852859    0.00000010   0.0428   0.6779 33+[18, 0,16]
 988   33    86.869332   78.844662   86.869330    4.296442    0.00000001   0.0191   0.7436 33+[18, 2,16]
 989   33    87.058849   79.034180   87.058848    4.300730    0.00000001   0.0174   0.7619 33+[18, 1,17]
 990   34    82.428347   74.403676   82.428343    4.194702    0.00000002   0.0235   0.7655 33-[17, 1,16]
 991   34    82.666342   74.641672   82.666340    4.200217    0.00000002   0.0208   0.7748 33-[17, 0,17]
 992   35    86.869332   78.844662   86.869330    4.296442    0.00000001   0.0191   0.7651 35+[18, 1,17]
 993   35    87.058849   79.034180   87.058848    4.300730    0.00000001   0.0174   0.7727 35+[18, 0,18]
 994   36    82.428347   74.403676   82.428343    4.194702    0.00000002   0.0235   0.7767 35-[17, 0,17]
 995   37    86.869332   78.844662   86.869330    4.296442    0.00000001   0.0191   0.7757 37+[18, 0,18]
#all active are  995 q.p. states out of 1771
#since the cut off is pwi=  80.0
#check: number of neutrons=  70.0


 #canonical s.p. energies neutrons
 ---------------------------------


  labels -> {2*omega}{parity}[nn=nz+2*nr+nl,nz,nl]
  cqpe   -> canonical q.p. energies
  ce     -> canonical s.p. energies
  fermi energy=  -8.0246674663108610     
  average cdelt=   1.2616834775105739     
  k0      ceqp        ce         v*v       u*v        cdel     overl      labels
   3   72.276566   72.276015   0.00000000   0.00000000   0.2975   0.6793  1+[16,16, 0]
   4   62.808618   62.808503   0.00000000   0.00000000   0.1276   0.3316  1+[18, 0, 0]
   6   78.158792   78.158426   0.00000000   0.00000000   0.2510   0.4459  1+[16,12, 0]
  11   79.155023   79.154647   0.00000000   0.00000000   0.2562   0.3929  1+[18, 8, 0]
  14   77.975000   77.974712   0.00000000   0.00000000   0.2224   0.3552  1+[18,15, 1]
  15   76.260378   76.260243   0.00000000   0.00000000   0.1509   0.4045  1+[18, 6, 0]
  16   68.479752   68.479667   0.00000000   0.00000000   0.1141   0.4255  1+[18, 1, 1]
  18   71.997795   71.997661   0.00000000   0.00000000   0.1464   0.3785  1+[18, 9, 1]
  20   68.376197   68.376149   0.00000000   0.00000000   0.0862   0.3872  1+[18, 9, 1]
  22   73.831257   73.831223   0.00000000   0.00000000   0.0754   0.4765  1+[18, 7, 1]
  23   68.144558   68.144467   0.00000000   0.00000000   0.1175   0.3646  1+[18,13, 1]
  24   77.344924   77.344905   0.00000000   0.00000000   0.0572   0.4122  1+[16, 3, 1]
  26   63.829705   63.829686   0.00000000   0.00000000   0.0526   0.5435  1+[16, 7, 1]
  27   68.089505   68.089470   0.00000000   0.00000000   0.0736   0.5762  1+[18, 5, 1]
  33   76.398880   76.398666   0.00000000   0.00000000   0.1900   0.3063  1+[18,14, 0]
  34   77.732335   77.731592   0.00000000   0.00000000   0.3569   0.4759  1+[16,13, 1]
  37   67.702816   67.702545   0.00000000   0.00000000   0.2026   0.3291  1+[14,11, 1]
  38   76.925443   76.925173   0.00000000   0.00000000   0.2141   0.5634  1+[16, 8, 0]
  39   67.243201   67.243011   0.00000000   0.00000000   0.1694   0.5304  1+[16, 2, 0]
  42   68.218751   68.218576   0.00000000   0.00000000   0.1636   0.5187  1+[14, 0, 0]
  44   61.867451   61.867282   0.00000000   0.00000000   0.1536   0.3808  1+[14,12, 0]
  46   60.090789   60.090669   0.00000000   0.00000001   0.1276   0.6118  1+[14,14, 0]
  50   61.868542   61.867881   0.00000002   0.00012457   0.3041   0.2547  1+[14, 2, 0]
  51   64.884658   64.884482   0.00000002   0.00015080   0.1600   0.2484  1+[12, 4, 0]
  52   64.380486   64.380389   0.00000002   0.00015117   0.1188   0.2540  1+[20,19, 1]
  53   79.609580   79.609426   0.00000002   0.00015390   0.1641   0.2524  1+[20, 2, 0]
  54   54.939373   54.939290   0.00000003   0.00016434   0.1027   0.2498  1+[12,11, 1]
  56   56.235279   56.235182   0.00000003   0.00017537   0.1117   0.2327  1+[20,20, 0]
  58   54.695638   54.695493   0.00000004   0.00020786   0.1347   0.2554  1+[20,20, 0]
  60   57.973548   57.973374   0.00000005   0.00021489   0.1513   0.2342  1+[20,20, 0]
  65   70.563976   70.563590   0.00000007   0.00026352   0.2464   0.3237  1+[20, 0, 0]
  66   75.767294   75.766817   0.00000007   0.00027100   0.2826   0.2697  1+[20, 0, 0]
  76   77.592517   77.590293   0.00000029   0.00053837   0.6171   0.3838  1+[12, 0, 0]
  77   75.862586   75.860389   0.00000030   0.00054689   0.6071   0.3248  1+[12, 0, 0]
  78   68.176176   68.173993   0.00000037   0.00061069   0.5767   0.5331  1+[12, 0, 0]
  82   72.509305   72.507686   0.00000130   0.00113803   0.5107   0.2400  1+[14, 2, 0]
  83   77.478080   77.475407   0.00000323   0.00179732   0.6760   0.2522  1+[10, 5, 1]
  84   62.291290   62.287843   0.00000509   0.00225602   0.6963   0.3434  1+[10, 9, 1]
  85   57.497624   57.494461   0.00000534   0.00231094   0.6438   0.3914  1+[10, 1, 1]
  86   56.983509   56.980164   0.00000602   0.00245385   0.6595   0.3548  1+[10,10, 0]
  88   52.686405   52.683335   0.00000707   0.00265947   0.6105   0.4177  1+[10, 0, 0]
  89   52.812980   52.809937   0.00000717   0.00267804   0.6084   0.3617  1+[10, 3, 1]
  90   65.507106   65.502714   0.00000773   0.00277942   0.8037   0.3570  1+[10, 3, 1]
  91   59.845727   59.841661   0.00000802   0.00283109   0.7429   0.3353  1+[10, 2, 0]
  92   50.633875   50.630290   0.00000936   0.00305878   0.6485   0.5731  1+[10, 0, 0]
  93   79.619464   79.612709   0.00001773   0.00421082   1.0881   0.3422  1+[12, 6, 0]
  94   67.190775   67.182548   0.00002357   0.00485454   1.1124   0.4447  1+[10, 5, 1]
  95   67.692057   67.685642   0.00003166   0.00562663   0.9856   0.2863  1+[10, 8, 0]
  96   46.459583   46.450783   0.00006936   0.00832792   0.9792   0.4491  1+[ 8, 1, 1]
  97   44.077681   44.069150   0.00007290   0.00853812   0.9428   0.4118  1+[ 8, 3, 1]
  98   43.441741   43.433127   0.00007464   0.00863916   0.9416   0.4641  1+[ 8, 8, 0]
  99   47.407300   47.397674   0.00007564   0.00869677   1.0330   0.3929  1+[ 8, 2, 0]
 100   43.857252   43.847805   0.00008000   0.00894397   0.9901   0.3980  1+[ 8, 1, 1]
 101   42.042685   42.033206   0.00008437   0.00918467   0.9742   0.6116  1+[ 8, 0, 0]
 102   57.201080   57.187980   0.00008847   0.00940554   1.3072   0.3735  1+[10, 6, 0]
 103   40.390148   40.378706   0.00010865   0.01042285   1.0525   0.4271  1+[ 8, 2, 0]
 104   44.910017   44.893091   0.00014582   0.01207460   1.3385   0.4601  1+[ 8, 5, 1]
 105   30.276316   30.251850   0.00031770   0.01782125   1.3688   0.4785  1+[ 8, 4, 0]
 106   17.826026   17.807551   0.00035096   0.01873070   0.9772   0.4494  1+[ 6, 1, 1]
 107   16.212978   16.193069   0.00040391   0.02009337   0.9822   0.4998  1+[ 6, 6, 0]
 108   18.099611   18.076987   0.00042811   0.02068647   1.0870   0.5217  1+[ 6, 5, 1]
 109   16.916143   16.893625   0.00044827   0.02116756   1.0596   0.6295  1+[ 6, 0, 0]
 110   12.880654   12.852957   0.00065667   0.02561706   1.0758   0.4642  1+[ 6, 5, 1]
 111   16.474889   16.436864   0.00076710   0.02768594   1.3645   0.5646  1+[ 6, 3, 1]
 112    4.290034    4.216829   0.00296101   0.05433451   1.3408   0.5239  1+[ 6, 3, 1]
 113   -6.837393   -8.486207   0.69436815   0.46067453   1.0939   0.5514  1+[ 4, 1, 1]
 114   -6.606936   -8.984754   0.83859667   0.36790256   1.0432   0.6634  1+[ 4, 0, 0]
 115   -5.588498  -10.079781   0.92179077   0.26850055   1.3082   0.5561  1+[ 4, 3, 1]
 116   -4.603422  -11.260666   0.97292613   0.16229872   1.1105   0.5467  1+[ 4, 4, 0]
 117    1.276174  -17.228894   0.99480490   0.07188955   1.3371   0.6061  1+[ 4, 2, 0]
 118   17.403430  -33.418975   0.99933268   0.02582401   1.3104   0.7704  1+[ 2, 0, 0]
 119   18.785942  -34.805139   0.99943713   0.02371812   1.2709   0.7624  1+[ 2, 1, 1]
 120   21.674392  -37.695932   0.99953113   0.02164824   1.2846   0.6173  1+[ 2, 1, 1]
 121   39.918308  -55.953772   0.99985437   0.01206699   1.1532   0.9777  1+[ 0, 0, 0]
 124   79.960639   79.960099   0.00000000   0.00000000   0.3083   0.4853  1-[15,14, 1]
 125   68.240078   68.239562   0.00000000   0.00000000   0.2808   0.6173  1-[15,13, 0]
 127   58.101448   58.101298   0.00000000   0.00000000   0.1409   0.4585  1-[15, 0, 1]
 128   70.423616   70.423306   0.00000000   0.00000000   0.2204   0.5603  1-[17, 4, 1]
 130   73.263193   73.262869   0.00000000   0.00000000   0.2295   0.3403  1-[15, 2, 1]
 132   79.694693   79.694320   0.00000000   0.00000000   0.2556   0.3420  1-[17,11, 0]
 134   75.234004   75.233744   0.00000000   0.00000000   0.2082   0.3787  1-[15, 7, 0]
 135   63.990328   63.990287   0.00000000   0.00000000   0.0771   0.4285  1-[15, 9, 0]
 136   65.680755   65.680541   0.00000000   0.00000000   0.1774   0.5767  1-[15, 3, 0]
 138   67.134364   67.134120   0.00000000   0.00000000   0.1916   0.4944  1-[15, 1, 0]
 142   65.802895   65.802784   0.00000000   0.00000000   0.1285   0.5451  1-[17, 1, 0]
 143   79.747909   79.747617   0.00000000   0.00000000   0.2262   0.5972  1-[17, 5, 0]
 145   75.176909   75.176682   0.00000000   0.00000000   0.1943   0.4077  1-[17,13, 0]
 146   66.771707   66.771575   0.00000000   0.00000000   0.1405   0.4263  1-[17, 6, 1]
 147   65.131630   65.131532   0.00000000   0.00000000   0.1195   0.3439  1-[17,12, 1]
 148   72.692748   72.692443   0.00000000   0.00000000   0.2221   0.4171  1-[17, 8, 1]
 149   78.715913   78.715443   0.00000000   0.00000000   0.2856   0.4610  1-[17, 2, 1]
 151   69.406653   69.406384   0.00000000   0.00000000   0.2044   0.5266  1-[15, 4, 1]
 152   57.127978   57.127911   0.00000000   0.00000000   0.0939   0.4742  1-[15, 0, 1]
 155   64.343763   64.343447   0.00000000   0.00000001   0.2140   0.6171  1-[17,14, 1]
 156   69.116742   69.116210   0.00000000   0.00000001   0.2865   0.6477  1-[15,15, 0]
 157   63.839212   63.838852   0.00000000   0.00000001   0.2277   0.7430  1-[15,12, 1]
 160   58.445273   58.444566   0.00000004   0.00020074   0.3066   0.2934  1-[13,12, 1]
 162   61.205313   61.204705   0.00000005   0.00021330   0.2902   0.3173  1-[13,12, 1]
 165   59.150418   59.150006   0.00000005   0.00022605   0.2353   0.2147  1-[13,12, 1]
 168   71.873573   71.873243   0.00000005   0.00023336   0.2296   0.2980  1-[19, 0, 1]
 169   77.489953   77.489617   0.00000006   0.00023635   0.2396   0.3226  1-[19,19, 0]
 177   56.984718   56.984146   0.00000008   0.00028159   0.2726   0.2878  1-[13, 1, 0]
 178   63.610873   63.610242   0.00000008   0.00028508   0.3005   0.2623  1-[13, 0, 1]
 181   56.628075   56.627428   0.00000009   0.00030712   0.2892   0.3144  1-[13,13, 0]
 183   52.777049   52.776332   0.00000011   0.00033176   0.2953   0.4535  1-[13, 0, 1]
 184   51.276795   51.276073   0.00000012   0.00034136   0.2927   0.3250  1-[13, 0, 1]
 190   64.471675   64.469768   0.00000258   0.00160622   0.5258   0.2841  1-[11,10, 1]
 191   68.886303   68.884183   0.00000280   0.00167280   0.5711   0.2615  1-[11, 2, 1]
 192   61.152104   61.150337   0.00000283   0.00168251   0.4944   0.2914  1-[11, 0, 1]
 193   60.632590   60.630678   0.00000336   0.00183420   0.5123   0.3271  1-[11,11, 0]
 194   58.910793   58.908858   0.00000344   0.00185375   0.5091   0.4399  1-[11, 0, 1]
 195   58.654138   58.652123   0.00000367   0.00191534   0.5184   0.3106  1-[11, 0, 1]
 196   63.087321   63.085107   0.00000373   0.00193020   0.5611   0.2939  1-[11, 1, 0]
 197   66.880574   66.878098   0.00000397   0.00199272   0.6090   0.2376  1-[11, 2, 1]
 198   73.974450   73.971469   0.00000467   0.00216162   0.6992   0.2902  1-[11, 8, 1]
 199   68.990451   68.986734   0.00000814   0.00285268   0.7566   0.2598  1-[11, 3, 0]
 200   79.301906   79.295881   0.00001491   0.00386088   1.0258   0.4075  1-[11, 6, 1]
 201   62.584279   62.578615   0.00003448   0.00587217   0.8943   0.3349  1-[ 9, 0, 1]
 202   66.755602   66.746673   0.00003679   0.00606557   1.1556   0.3591  1-[11, 5, 0]
 203   60.947444   60.941599   0.00003708   0.00608951   0.8979   0.5093  1-[ 9, 0, 1]
 204   63.266809   63.260489   0.00003724   0.00610216   0.9493   0.3654  1-[ 9, 8, 1]
 205   59.954095   59.948096   0.00003874   0.00622418   0.9031   0.3940  1-[ 9, 9, 0]
 206   59.681475   59.675488   0.00003887   0.00623459   0.9004   0.3612  1-[ 9, 0, 1]
 207   63.359528   63.352279   0.00004359   0.00660186   1.0173   0.3435  1-[ 9, 2, 1]
 208   57.788610   57.781310   0.00004894   0.00699582   0.9802   0.3593  1-[ 9, 1, 0]
 209   55.698449   55.689875   0.00006008   0.00775115   1.0453   0.3643  1-[ 9, 7, 0]
 210   60.267815   60.255028   0.00008362   0.00914411   1.3215   0.4235  1-[ 9, 4, 1]
 211   35.417653   35.405411   0.00013891   0.01178528   1.0313   0.6039  1-[ 7, 0, 1]
 212   35.104300   35.092036   0.00013897   0.01178780   1.0284   0.4308  1-[ 7, 6, 1]
 213   33.867106   33.854465   0.00014886   0.01219990   1.0291   0.4455  1-[ 7, 7, 0]
 214   43.764573   43.747013   0.00016067   0.01267455   1.3485   0.4341  1-[ 9, 5, 0]
 215   31.418696   31.405415   0.00016486   0.01283877   1.0235   0.4710  1-[ 7, 1, 0]
 216   34.025089   34.010945   0.00016588   0.01287842   1.0905   0.4607  1-[ 7, 2, 1]
 217   26.444414   26.427682   0.00023962   0.01547787   1.0739   0.4245  1-[ 7, 2, 1]
 218   31.204146   31.179995   0.00030370   0.01742442   1.3763   0.5228  1-[ 7, 4, 1]
 219   16.657282   16.619833   0.00075353   0.02744018   1.3591   0.4930  1-[ 7, 3, 0]
 220    5.261647    5.223854   0.00142082   0.03766704   1.0014   0.6371  1-[ 5, 0, 1]
 221    3.717552    3.675328   0.00179645   0.04234643   0.9949   0.5002  1-[ 5, 5, 0]
 222    4.126775    4.076073   0.00208579   0.04562282   1.1089   0.5394  1-[ 5, 4, 1]
 223    2.783590    2.699902   0.00387064   0.06209397   1.3424   0.5550  1-[ 5, 2, 1]
 224   -0.112568   -0.186082   0.00464532   0.06799812   1.0761   0.5306  1-[ 5, 1, 0]
 225   -6.347506   -6.966352   0.18449129   0.38788433   1.3011   0.5807  1-[ 5, 3, 0]
 226    4.160589  -20.145180   0.99734259   0.05148152   1.2545   0.6947  1-[ 3, 0, 1]
 227    6.567827  -22.557773   0.99796452   0.04507036   1.3152   0.6684  1-[ 3, 2, 1]
 228    6.010109  -22.003060   0.99799049   0.04478245   1.2568   0.5961  1-[ 3, 3, 0]
 229   11.530831  -27.534666   0.99883600   0.03409752   1.3332   0.5727  1-[ 3, 2, 1]
 230   29.941107  -45.971609   0.99975156   0.01576015   1.1957   0.8041  1-[ 1, 0, 1]
 231   31.187915  -47.218813   0.99976444   0.01534614   1.2023   0.8009  1-[ 1, 1, 0]
 233   48.100666   48.100650   0.00000000   0.00000000   0.0428   0.5819  3+[14,13, 1]
 234   62.498817   62.498718   0.00000000   0.00000000   0.1183   0.8152  3+[18,16, 2]
 237   67.839069   67.838756   0.00000000   0.00000000   0.2177   0.4392  3+[16,12, 2]
 242   66.248855   66.248681   0.00000000   0.00000000   0.1609   0.4161  3+[18, 2, 2]
 244   73.691533   73.691276   0.00000000   0.00000000   0.2049   0.3102  3+[18, 8, 2]
 245   71.762302   71.762211   0.00000000   0.00000000   0.1205   0.4348  3+[18, 6, 2]
 246   62.443781   62.443731   0.00000000   0.00000000   0.0841   0.4740  3+[16, 7, 1]
 248   70.566822   70.566697   0.00000000   0.00000000   0.1405   0.3899  3+[18, 2, 2]
 249   73.404248   73.404142   0.00000000   0.00000000   0.1316   0.4187  3+[18, 7, 1]
 250   71.580132   71.580082   0.00000000   0.00000000   0.0891   0.3524  3+[18, 9, 1]
 253   63.820286   63.820256   0.00000000   0.00000000   0.0664   0.3830  3+[16, 1, 1]
 256   79.467202   79.467160   0.00000000   0.00000000   0.0853   0.3566  3+[18, 3, 1]
 257   74.889417   74.889290   0.00000000   0.00000000   0.1455   0.5241  3+[16, 5, 1]
 258   68.350855   68.350752   0.00000000   0.00000000   0.1253   0.4486  3+[18, 3, 1]
 259   74.245394   74.245219   0.00000000   0.00000000   0.1696   0.3503  3+[18, 6, 2]
 260   77.075257   77.075107   0.00000000   0.00000000   0.1598   0.3779  3+[18,12, 2]
 261   71.294378   71.294226   0.00000000   0.00000000   0.1551   0.3871  3+[18,11, 1]
 262   68.557041   68.556880   0.00000000   0.00000000   0.1573   0.3766  3+[16, 8, 2]
 264   73.580416   73.580249   0.00000000   0.00000000   0.1652   0.3456  3+[18, 1, 1]
 265   77.916014   77.915484   0.00000000   0.00000000   0.3017   0.2962  3+[16, 4, 2]
 266   69.472514   69.472387   0.00000000   0.00000000   0.1399   0.4078  3+[16, 4, 2]
 271   73.956226   73.955922   0.00000000   0.00000000   0.2233   0.5395  3+[18,15, 1]
 272   59.698490   59.698380   0.00000000   0.00000000   0.1222   0.5411  3+[14, 0, 2]
 278   61.868603   61.867942   0.00000002   0.00012457   0.3041   0.2460  3+[14,13, 1]
 279   64.884644   64.884468   0.00000002   0.00015080   0.1600   0.2614  3+[12, 9, 1]
 280   64.380471   64.380374   0.00000002   0.00015117   0.1188   0.2632  3+[12,10, 2]
 281   79.609611   79.609457   0.00000002   0.00015390   0.1641   0.2930  3+[20,18, 2]
 282   54.939337   54.939253   0.00000003   0.00016434   0.1027   0.2547  3+[12,10, 2]
 284   56.235201   56.235104   0.00000003   0.00017537   0.1117   0.2684  3+[20, 1, 1]
 286   54.695646   54.695501   0.00000004   0.00020786   0.1347   0.2500  3+[20, 1, 1]
 288   57.973572   57.973398   0.00000005   0.00021489   0.1513   0.2833  3+[20, 0, 2]
 293   70.564072   70.563686   0.00000007   0.00026352   0.2464   0.2534  3+[20, 7, 1]
 294   75.767280   75.766803   0.00000007   0.00027100   0.2826   0.4898  3+[20, 0, 2]
 303   77.592316   77.590091   0.00000029   0.00053837   0.6171   0.3504  3+[12, 5, 1]
 304   75.862756   75.860559   0.00000030   0.00054689   0.6071   0.6076  3+[12, 0, 2]
 308   72.509307   72.507687   0.00000130   0.00113803   0.5107   0.2360  3+[10, 3, 1]
 309   77.478081   77.475409   0.00000323   0.00179732   0.6760   0.2763  3+[10, 5, 1]
 310   62.291288   62.287841   0.00000509   0.00225602   0.6963   0.3870  3+[10, 8, 2]
 311   57.497623   57.494461   0.00000534   0.00231094   0.6438   0.3719  3+[10, 6, 2]
 312   56.983501   56.980156   0.00000602   0.00245385   0.6595   0.4155  3+[10, 1, 1]
 314   52.686405   52.683336   0.00000707   0.00265947   0.6105   0.4092  3+[10, 3, 1]
 315   52.812982   52.809939   0.00000717   0.00267804   0.6084   0.6603  3+[10, 0, 2]
 316   65.507107   65.502715   0.00000773   0.00277942   0.8037   0.3512  3+[10, 8, 2]
 317   59.845718   59.841652   0.00000802   0.00283109   0.7429   0.3644  3+[10, 9, 1]
 318   79.619464   79.612709   0.00001773   0.00421082   1.0881   0.3422  3+[12, 7, 1]
 319   67.190775   67.182548   0.00002357   0.00485454   1.1124   0.4379  3+[10, 6, 2]
 320   67.692050   67.685635   0.00003166   0.00562663   0.9856   0.3122  3+[10, 3, 1]
 321   46.459583   46.450782   0.00006936   0.00832792   0.9792   0.4510  3+[ 8, 4, 2]
 322   44.077684   44.069153   0.00007290   0.00853812   0.9428   0.7088  3+[ 8, 0, 2]
 323   43.441737   43.433123   0.00007464   0.00863916   0.9416   0.4707  3+[ 8, 3, 1]
 324   47.407300   47.397674   0.00007564   0.00869677   1.0330   0.4892  3+[ 8, 6, 2]
 325   43.857252   43.847804   0.00008000   0.00894397   0.9901   0.4874  3+[ 8, 1, 1]
 326   57.201081   57.187981   0.00008847   0.00940554   1.3072   0.4092  3+[10, 5, 1]
 327   40.390149   40.378707   0.00010865   0.01042285   1.0525   0.4119  3+[ 8, 7, 1]
 328   44.910017   44.893091   0.00014582   0.01207460   1.3385   0.5292  3+[ 8, 4, 2]
 329   30.276316   30.251850   0.00031770   0.01782125   1.3688   0.4785  3+[ 8, 5, 1]
 330   17.826025   17.807550   0.00035096   0.01873070   0.9772   0.7339  3+[ 6, 0, 2]
 331   16.212979   16.193069   0.00040391   0.02009337   0.9822   0.5162  3+[ 6, 3, 1]
 332   18.099611   18.076987   0.00042811   0.02068647   1.0870   0.5422  3+[ 6, 4, 2]
 333   12.880654   12.852957   0.00065667   0.02561706   1.0758   0.5685  3+[ 6, 5, 1]
 334   16.474889   16.436864   0.00076710   0.02768594   1.3645   0.5398  3+[ 6, 4, 2]
 335    4.290034    4.216829   0.00296101   0.05433451   1.3408   0.6049  3+[ 6, 3, 1]
 336   -6.837393   -8.486207   0.69436814   0.46067453   1.0939   0.7798  3+[ 4, 0, 2]
 337   -5.588498  -10.079781   0.92179077   0.26850055   1.3082   0.7460  3+[ 4, 2, 2]
 338   -4.603422  -11.260666   0.97292613   0.16229872   1.1105   0.6313  3+[ 4, 1, 1]
 339    1.276174  -17.228894   0.99480490   0.07188955   1.3371   0.6061  3+[ 4, 3, 1]
 340   18.785942  -34.805139   0.99943713   0.02371812   1.2709   0.8804  3+[ 2, 0, 2]
 341   21.674392  -37.695932   0.99953113   0.02164824   1.2846   0.8730  3+[ 2, 1, 1]
 343   69.177189   69.176889   0.00000000   0.00000000   0.2152   0.7137  3-[15,11, 2]
 344   55.453955   55.453827   0.00000000   0.00000000   0.1275   0.6110  3-[15,14, 1]
 345   58.856470   58.856307   0.00000000   0.00000000   0.1475   0.4663  3-[15,13, 2]
 347   67.570613   67.570446   0.00000000   0.00000000   0.1588   0.4149  3-[17, 2, 1]
 348   63.415672   63.415573   0.00000000   0.00000000   0.1187   0.4346  3-[15, 6, 1]
 350   73.008042   73.007760   0.00000000   0.00000000   0.2138   0.4218  3-[17, 6, 1]
 351   63.649937   63.649838   0.00000000   0.00000000   0.1190   0.4024  3-[17, 8, 1]
 353   65.158623   65.158518   0.00000000   0.00000000   0.1240   0.4215  3-[17, 9, 2]
 354   78.593314   78.593223   0.00000000   0.00000000   0.1256   0.3622  3-[15, 8, 1]
 355   77.218564   77.218235   0.00000000   0.00000000   0.2368   0.4809  3-[15, 1, 2]
 356   66.054622   66.054350   0.00000000   0.00000000   0.2010   0.5298  3-[15, 3, 2]
 357   70.455008   70.454976   0.00000000   0.00000000   0.0709   0.6211  3-[17, 5, 2]
 358   67.565072   67.564979   0.00000000   0.00000000   0.1181   0.5993  3-[17, 3, 2]
 360   68.057706   68.057557   0.00000000   0.00000000   0.1505   0.5808  3-[15, 3, 2]
 363   74.345116   74.345028   0.00000000   0.00000000   0.1202   0.4213  3-[15, 5, 2]
 364   76.906217   76.905834   0.00000000   0.00000000   0.2551   0.4927  3-[15, 7, 2]
 365   67.348173   67.347997   0.00000000   0.00000000   0.1629   0.4777  3-[15, 9, 2]
 366   74.884961   74.884809   0.00000000   0.00000000   0.1588   0.6117  3-[17,10, 1]
 367   76.687957   76.687874   0.00000000   0.00000000   0.1189   0.2894  3-[17, 2, 1]
 368   72.580457   72.580133   0.00000000   0.00000000   0.2282   0.4455  3-[15, 8, 1]
 372   59.019413   59.019160   0.00000000   0.00000000   0.1840   0.6221  3-[15, 0, 1]
 374   50.947025   50.946962   0.00000000   0.00000001   0.0863   0.4663  3-[15,13, 2]
 375   65.578068   65.577785   0.00000000   0.00000001   0.2041   0.5907  3-[15,12, 1]
 378   58.445255   58.444548   0.00000004   0.00020074   0.3066   0.3300  3-[13,11, 2]
 380   61.205267   61.204659   0.00000005   0.00021330   0.2902   0.3646  3-[13, 1, 2]
 383   59.150575   59.150163   0.00000005   0.00022605   0.2353   0.2435  3-[13,12, 1]
 386   71.873324   71.872994   0.00000005   0.00023336   0.2296   0.2720  3-[19, 3, 2]
 387   77.489862   77.489526   0.00000006   0.00023635   0.2396   0.3720  3-[19, 0, 1]
 394   56.984786   56.984214   0.00000008   0.00028159   0.2726   0.3050  3-[13,12, 1]
 395   63.611366   63.610736   0.00000008   0.00028508   0.3005   0.2771  3-[13, 3, 2]
 398   56.628112   56.627465   0.00000009   0.00030712   0.2892   0.3326  3-[13, 0, 1]
 400   51.276598   51.275876   0.00000012   0.00034136   0.2927   0.5629  3-[13, 0, 1]
 406   64.471684   64.469777   0.00000258   0.00160621   0.5258   0.3170  3-[11, 1, 2]
 407   68.886314   68.884194   0.00000280   0.00167280   0.5711   0.2942  3-[11, 9, 2]
 408   61.152100   61.150333   0.00000283   0.00168251   0.4944   0.3258  3-[11, 3, 2]
 409   60.632585   60.630674   0.00000336   0.00183420   0.5123   0.3334  3-[11, 0, 1]
 410   58.654142   58.652127   0.00000367   0.00191534   0.5184   0.5380  3-[11, 0, 1]
 411   63.087324   63.085110   0.00000373   0.00193020   0.5611   0.3253  3-[11,10, 1]
 412   66.880579   66.878103   0.00000397   0.00199272   0.6090   0.2694  3-[11, 2, 1]
 413   73.974452   73.971471   0.00000467   0.00216162   0.6992   0.3067  3-[11, 3, 2]
 414   68.990451   68.986734   0.00000814   0.00285268   0.7566   0.2784  3-[11, 8, 1]
 415   79.301906   79.295880   0.00001491   0.00386088   1.0258   0.4188  3-[11, 5, 2]
 416   62.584263   62.578600   0.00003448   0.00587217   0.8943   0.4187  3-[ 9, 1, 2]
 417   66.755602   66.746673   0.00003679   0.00606557   1.1556   0.3904  3-[11, 6, 1]
 418   63.266803   63.260482   0.00003724   0.00610215   0.9493   0.3946  3-[ 9, 1, 2]
 419   59.954095   59.948095   0.00003874   0.00622418   0.9031   0.3844  3-[ 9, 0, 1]
 420   59.681496   59.675509   0.00003887   0.00623459   0.9004   0.6256  3-[ 9, 0, 1]
 421   63.359529   63.352281   0.00004359   0.00660186   1.0173   0.3896  3-[ 9, 7, 2]
 422   57.788606   57.781307   0.00004894   0.00699582   0.9802   0.4192  3-[ 9, 8, 1]
 423   55.698451   55.689876   0.00006008   0.00775115   1.0453   0.3698  3-[ 9, 2, 1]
 424   60.267817   60.255029   0.00008362   0.00914411   1.3215   0.4659  3-[ 9, 5, 2]
 425   35.104302   35.092039   0.00013897   0.01178780   1.0284   0.5561  3-[ 7, 1, 2]
 426   33.867102   33.854461   0.00014886   0.01219990   1.0291   0.7378  3-[ 7, 0, 1]
 427   43.764574   43.747014   0.00016067   0.01267455   1.3485   0.4381  3-[ 9, 4, 1]
 428   31.418696   31.405415   0.00016486   0.01283877   1.0235   0.4807  3-[ 7, 6, 1]
 429   34.025089   34.010946   0.00016588   0.01287842   1.0905   0.5352  3-[ 7, 5, 2]
 430   26.444415   26.427682   0.00023962   0.01547787   1.0739   0.5023  3-[ 7, 2, 1]
 431   31.204146   31.179995   0.00030370   0.01742442   1.3763   0.5545  3-[ 7, 3, 2]
 432   16.657282   16.619833   0.00075353   0.02744018   1.3591   0.5591  3-[ 7, 4, 1]
 433    3.717552    3.675328   0.00179645   0.04234643   0.9949   0.7749  3-[ 5, 0, 1]
 434    4.126775    4.076073   0.00208579   0.04562282   1.1089   0.6743  3-[ 5, 1, 2]
 435    2.783590    2.699901   0.00387064   0.06209397   1.3424   0.6475  3-[ 5, 3, 2]
 436   -0.112568   -0.186082   0.00464532   0.06799812   1.0761   0.5932  3-[ 5, 4, 1]
 437   -6.347506   -6.966352   0.18449129   0.38788433   1.3011   0.5950  3-[ 5, 2, 1]
 438    6.567827  -22.557773   0.99796452   0.04507036   1.3152   0.8355  3-[ 3, 1, 2]
 439    6.010109  -22.003060   0.99799049   0.04478245   1.2568   0.8430  3-[ 3, 0, 1]
 440   11.530831  -27.534666   0.99883600   0.03409752   1.3332   0.7393  3-[ 3, 2, 1]
 441   31.187915  -47.218813   0.99976444   0.01534614   1.2023   0.9809  3-[ 1, 0, 1]
 443   70.332865   70.332590   0.00000000   0.00000000   0.2075   0.8096  5+[18,15, 3]
 444   52.647951   52.647905   0.00000000   0.00000000   0.0743   0.5766  5+[16,14, 2]
 447   60.884219   60.884149   0.00000000   0.00000000   0.0978   0.4586  5+[18, 0, 2]
 448   70.271366   70.271251   0.00000000   0.00000000   0.1345   0.3106  5+[18,11, 3]
 453   78.250781   78.250629   0.00000000   0.00000000   0.1622   0.2980  5+[16,10, 2]
 454   78.895458   78.895054   0.00000000   0.00000000   0.2650   0.4928  5+[18, 6, 2]
 456   59.949755   59.949690   0.00000000   0.00000000   0.0943   0.3880  5+[16, 6, 2]
 457   78.783536   78.783501   0.00000000   0.00000000   0.0785   0.4057  5+[18, 8, 2]
 458   79.697145   79.697079   0.00000000   0.00000000   0.1079   0.3685  5+[20,10, 2]
 460   76.158904   76.158733   0.00000000   0.00000000   0.1693   0.5122  5+[18, 7, 3]
 461   65.074432   65.074283   0.00000000   0.00000000   0.1472   0.5640  5+[16, 1, 3]
 462   70.172339   70.172140   0.00000000   0.00000000   0.1766   0.5416  5+[16, 1, 3]
 466   76.082658   76.082458   0.00000000   0.00000000   0.1835   0.5043  5+[16, 3, 3]
 467   67.740853   67.740808   0.00000000   0.00000000   0.0824   0.4181  5+[18, 5, 3]
 469   70.704419   70.704284   0.00000000   0.00000000   0.1453   0.3158  5+[18, 8, 2]
 473   71.655237   71.655091   0.00000000   0.00000000   0.1528   0.3358  5+[16, 6, 2]
 474   73.471540   73.471423   0.00000000   0.00000000   0.1383   0.3800  5+[16, 4, 2]
 476   77.819006   77.818752   0.00000000   0.00000000   0.2089   0.3413  5+[18, 4, 2]
 477   67.839727   67.839504   0.00000000   0.00000000   0.1840   0.3534  5+[14, 0, 2]
 481   71.873599   71.873364   0.00000000   0.00000000   0.1939   0.4751  5+[16,12, 2]
 482   71.727239   71.726837   0.00000000   0.00000001   0.2533   0.5331  5+[16,14, 2]
 485   61.868540   61.867879   0.00000002   0.00012457   0.3041   0.2993  5+[14,12, 2]
 486   64.884664   64.884488   0.00000002   0.00015080   0.1600   0.2700  5+[12, 4, 2]
 487   64.380474   64.380376   0.00000002   0.00015117   0.1188   0.2894  5+[12, 9, 3]
 488   79.609618   79.609464   0.00000002   0.00015390   0.1641   0.2993  5+[20,17, 3]
 489   54.939284   54.939200   0.00000003   0.00016434   0.1027   0.2959  5+[12, 1, 3]
 491   56.235240   56.235143   0.00000003   0.00017537   0.1117   0.2561  5+[12,10, 2]
 493   54.695650   54.695506   0.00000004   0.00020786   0.1347   0.2985  5+[20, 0, 2]
 495   57.973521   57.973348   0.00000005   0.00021489   0.1513   0.2819  5+[20, 3, 3]
 500   70.563979   70.563593   0.00000007   0.00026352   0.2464   0.5368  5+[20, 0, 2]
 509   77.592672   77.590448   0.00000029   0.00053837   0.6172   0.6555  5+[12, 0, 2]
 513   72.509310   72.507691   0.00000130   0.00113803   0.5107   0.2821  5+[14,12, 2]
 514   77.478080   77.475407   0.00000323   0.00179732   0.6760   0.2711  5+[10, 6, 2]
 515   62.291287   62.287839   0.00000509   0.00225602   0.6963   0.4031  5+[10, 1, 3]
 516   57.497616   57.494454   0.00000534   0.00231094   0.6438   0.5002  5+[10, 1, 3]
 517   56.983508   56.980163   0.00000602   0.00245385   0.6595   0.3893  5+[10, 6, 2]
 519   52.686408   52.683338   0.00000707   0.00265947   0.6105   0.7234  5+[10, 0, 2]
 520   65.507109   65.502717   0.00000773   0.00277942   0.8037   0.4319  5+[10, 7, 3]
 521   59.845724   59.841658   0.00000802   0.00283109   0.7429   0.4075  5+[10, 8, 2]
 522   79.619464   79.612709   0.00001773   0.00421082   1.0881   0.3738  5+[12, 6, 2]
 523   67.190775   67.182548   0.00002357   0.00485454   1.1124   0.5031  5+[10, 5, 3]
 524   67.692056   67.685641   0.00003166   0.00562663   0.9856   0.3056  5+[10, 8, 2]
 525   46.459582   46.450782   0.00006936   0.00832792   0.9792   0.6050  5+[ 8, 1, 3]
 526   43.441745   43.433130   0.00007464   0.00863916   0.9416   0.7844  5+[ 8, 0, 2]
 527   47.407301   47.397674   0.00007564   0.00869677   1.0330   0.5188  5+[ 8, 5, 3]
 528   43.857252   43.847804   0.00008000   0.00894397   0.9901   0.4826  5+[ 8, 4, 2]
 529   57.201081   57.187982   0.00008847   0.00940554   1.3072   0.4015  5+[10, 6, 2]
 530   40.390148   40.378707   0.00010865   0.01042285   1.0525   0.5222  5+[ 8, 6, 2]
 531   44.910017   44.893091   0.00014582   0.01207460   1.3385   0.5314  5+[ 8, 3, 3]
 532   30.276316   30.251849   0.00031770   0.01782125   1.3688   0.5475  5+[ 8, 4, 2]
 533   16.212978   16.193068   0.00040391   0.02009337   0.9822   0.8162  5+[ 6, 0, 2]
 534   18.099611   18.076987   0.00042811   0.02068647   1.0870   0.7304  5+[ 6, 1, 3]
 535   12.880654   12.852957   0.00065667   0.02561706   1.0758   0.5825  5+[ 6, 4, 2]
 536   16.474889   16.436864   0.00076710   0.02768594   1.3645   0.7013  5+[ 6, 3, 3]
 537    4.290034    4.216829   0.00296101   0.05433451   1.3408   0.5739  5+[ 6, 2, 2]
 538   -5.588498  -10.079780   0.92179077   0.26850055   1.3082   0.8704  5+[ 4, 1, 3]
 539   -4.603422  -11.260666   0.97292613   0.16229872   1.1105   0.8644  5+[ 4, 0, 2]
 540    1.276174  -17.228894   0.99480490   0.07188955   1.3371   0.8018  5+[ 4, 2, 2]
 541   21.674392  -37.695932   0.99953113   0.02164824   1.2846   0.9761  5+[ 2, 0, 2]
 543   68.795846   68.795692   0.00000000   0.00000000   0.1539   0.4670  5-[15,12, 3]
 544   55.207845   55.207727   0.00000000   0.00000000   0.1221   0.5605  5-[15,11, 2]
 546   73.180570   73.180319   0.00000000   0.00000000   0.2019   0.4288  5-[15, 9, 2]
 548   69.905039   69.904787   0.00000000   0.00000000   0.1984   0.6141  5-[17,12, 3]
 549   77.196362   77.196066   0.00000000   0.00000000   0.2243   0.3820  5-[17,10, 3]
 551   70.187491   70.187356   0.00000000   0.00000000   0.1456   0.4264  5-[17,11, 2]
 553   73.091971   73.091677   0.00000000   0.00000000   0.2181   0.3802  5-[17,11, 2]
 554   78.569264   78.569090   0.00000000   0.00000000   0.1735   0.4230  5-[15, 7, 2]
 555   72.139378   72.139242   0.00000000   0.00000000   0.1476   0.3832  5-[15, 4, 3]
 556   79.132997   79.132755   0.00000000   0.00000000   0.2052   0.4445  5-[17, 1, 2]
 557   79.231465   79.231442   0.00000000   0.00000000   0.0625   0.3351  5-[15, 1, 2]
 558   63.478430   63.478379   0.00000000   0.00000000   0.0851   0.5362  5-[17, 6, 3]
 559   57.158231   57.158173   0.00000000   0.00000000   0.0869   0.4707  5-[17, 4, 3]
 560   71.025409   71.025288   0.00000000   0.00000000   0.1385   0.5131  5-[17, 2, 3]
 561   77.097702   77.097659   0.00000000   0.00000000   0.0851   0.3155  5-[17,10, 3]
 562   77.285485   77.285401   0.00000000   0.00000000   0.1197   0.3540  5-[17, 4, 3]
 563   77.970414   77.970030   0.00000000   0.00000000   0.2570   0.4384  5-[17, 5, 2]
 564   76.731992   76.731705   0.00000000   0.00000000   0.2205   0.4256  5-[17, 7, 2]
 566   74.934489   74.934219   0.00000000   0.00000000   0.2113   0.4009  5-[15, 6, 3]
 568   67.566991   67.566714   0.00000000   0.00000000   0.2046   0.3933  5-[15, 7, 2]
 572   63.609477   63.609200   0.00000000   0.00000000   0.1993   0.4129  5-[17,14, 3]
 573   46.372205   46.372122   0.00000000   0.00000000   0.0953   0.6173  5-[15,12, 3]
 576   58.445259   58.444552   0.00000004   0.00020074   0.3066   0.3256  5-[13, 2, 3]
 578   61.205267   61.204659   0.00000005   0.00021330   0.2902   0.3308  5-[13, 6, 3]
 581   59.150768   59.150356   0.00000005   0.00022605   0.2353   0.2722  5-[13,11, 2]
 584   71.873457   71.873127   0.00000005   0.00023336   0.2296   0.5209  5-[19, 0, 3]
 585   77.489876   77.489541   0.00000006   0.00023635   0.2396   0.3327  5-[19, 3, 2]
 591   56.984816   56.984244   0.00000008   0.00028159   0.2726   0.3468  5-[13, 1, 2]
 592   63.610539   63.609909   0.00000008   0.00028508   0.3005   0.4790  5-[13, 0, 3]
 595   56.628360   56.627713   0.00000009   0.00030712   0.2892   0.3443  5-[13, 3, 2]
 602   64.471675   64.469768   0.00000258   0.00160622   0.5258   0.2965  5-[11, 4, 3]
 603   68.886308   68.884188   0.00000280   0.00167280   0.5711   0.3045  5-[11, 2, 3]
 604   61.152093   61.150326   0.00000283   0.00168251   0.4944   0.5452  5-[11, 0, 3]
 605   60.632585   60.630674   0.00000336   0.00183420   0.5123   0.3653  5-[11, 1, 2]
 606   63.087331   63.085117   0.00000373   0.00193020   0.5611   0.3592  5-[11, 1, 2]
 607   66.880581   66.878105   0.00000397   0.00199272   0.6090   0.3011  5-[11, 9, 2]
 608   73.974449   73.971468   0.00000467   0.00216162   0.6992   0.3288  5-[11, 8, 3]
 609   68.990450   68.986733   0.00000814   0.00285268   0.7566   0.2930  5-[11, 3, 2]
 610   79.301906   79.295881   0.00001491   0.00386088   1.0258   0.4425  5-[11, 6, 3]
 611   62.584294   62.578631   0.00003448   0.00587217   0.8943   0.6486  5-[ 9, 0, 3]
 612   66.755602   66.746673   0.00003679   0.00606557   1.1556   0.4000  5-[11, 5, 2]
 613   63.266808   63.260487   0.00003724   0.00610216   0.9493   0.4085  5-[ 9, 4, 3]
 614   59.954080   59.948081   0.00003874   0.00622418   0.9031   0.4709  5-[ 9, 1, 2]
 615   63.359529   63.352281   0.00004359   0.00660186   1.0173   0.4481  5-[ 9, 6, 3]
 616   57.788603   57.781304   0.00004894   0.00699582   0.9802   0.4481  5-[ 9, 1, 2]
 617   55.698452   55.689878   0.00006008   0.00775115   1.0453   0.4168  5-[ 9, 7, 2]
 618   60.267816   60.255029   0.00008362   0.00914411   1.3215   0.5037  5-[ 9, 4, 3]
 619   35.104298   35.092034   0.00013897   0.01178780   1.0284   0.7864  5-[ 7, 0, 3]
 620   43.764574   43.747014   0.00016067   0.01267455   1.3485   0.4799  5-[ 9, 5, 2]
 621   31.418698   31.405417   0.00016486   0.01283877   1.0235   0.6080  5-[ 7, 1, 2]
 622   34.025089   34.010945   0.00016588   0.01287842   1.0905   0.5171  5-[ 7, 2, 3]
 623   26.444415   26.427683   0.00023962   0.01547788   1.0739   0.5776  5-[ 7, 5, 2]
 624   31.204146   31.179995   0.00030370   0.01742442   1.3763   0.5845  5-[ 7, 4, 3]
 625   16.657282   16.619833   0.00075353   0.02744018   1.3591   0.5893  5-[ 7, 3, 2]
 626    4.126775    4.076073   0.00208579   0.04562282   1.1089   0.8529  5-[ 5, 0, 3]
 627    2.783590    2.699902   0.00387064   0.06209397   1.3424   0.7993  5-[ 5, 2, 3]
 628   -0.112568   -0.186082   0.00464532   0.06799812   1.0761   0.7266  5-[ 5, 1, 2]
 629   -6.347506   -6.966352   0.18449129   0.38788433   1.3011   0.6871  5-[ 5, 3, 2]
 630    6.567827  -22.557773   0.99796452   0.04507036   1.3152   0.9152  5-[ 3, 0, 3]
 631   11.530831  -27.534666   0.99883600   0.03409752   1.3332   0.9055  5-[ 3, 1, 2]
 632   55.619834   55.619737   0.00000000   0.00000000   0.1113   0.7024  7+[16,13, 3]
 634   67.578266   67.577990   0.00000000   0.00000000   0.2043   0.5249  7+[18,13, 3]
 637   70.660161   70.660101   0.00000000   0.00000000   0.0972   0.4187  7+[16,10, 4]
 639   77.511147   77.510955   0.00000000   0.00000000   0.1813   0.3166  7+[18, 0, 4]
 640   72.738692   72.738435   0.00000000   0.00000000   0.2036   0.4419  7+[18, 1, 3]
 643   76.115723   76.115276   0.00000000   0.00000000   0.2744   0.3438  7+[16, 4, 4]
 644   74.430310   74.430128   0.00000000   0.00000000   0.1733   0.5203  7+[18, 3, 3]
 645   71.764366   71.764300   0.00000000   0.00000000   0.1027   0.4479  7+[18, 2, 4]
 646   69.829359   69.829264   0.00000000   0.00000000   0.1212   0.4428  7+[18, 9, 3]
 647   77.751184   77.751111   0.00000000   0.00000000   0.1122   0.5035  7+[18, 6, 4]
 648   57.194304   57.194286   0.00000000   0.00000000   0.0486   0.5355  7+[16, 1, 3]
 649   59.703650   59.703633   0.00000000   0.00000000   0.0485   0.3936  7+[18, 5, 3]
 650   67.111987   67.111947   0.00000000   0.00000000   0.0780   0.4795  7+[16, 2, 4]
 651   68.800954   68.800938   0.00000000   0.00000000   0.0497   0.3668  7+[18, 9, 3]
 652   79.436956   79.436929   0.00000000   0.00000000   0.0688   0.3252  7+[20,10, 4]
 654   77.656045   77.656012   0.00000000   0.00000000   0.0749   0.4170  7+[18, 4, 4]
 655   73.054202   73.054148   0.00000000   0.00000000   0.0932   0.5128  7+[16, 5, 3]
 658   72.140055   72.139919   0.00000000   0.00000000   0.1475   0.3618  7+[18, 5, 3]
 661   74.816236   74.815954   0.00000000   0.00000000   0.2162   0.3091  7+[14, 0, 4]
 662   77.743526   77.743185   0.00000000   0.00000000   0.2419   0.3580  7+[14, 2, 4]
 663   79.376655   79.376199   0.00000000   0.00000000   0.2825   0.3873  7+[16, 8, 4]
 672   61.868583   61.867922   0.00000002   0.00012457   0.3041   0.2993  7+[14,11, 3]
 673   64.884653   64.884477   0.00000002   0.00015080   0.1600   0.2835  7+[12, 3, 3]
 674   64.380496   64.380399   0.00000002   0.00015117   0.1188   0.3036  7+[12, 2, 4]
 675   79.609590   79.609436   0.00000002   0.00015390   0.1641   0.3156  7+[20, 2, 4]
 676   54.939382   54.939299   0.00000003   0.00016434   0.1027   0.2906  7+[12, 4, 4]
 678   56.235185   56.235088   0.00000003   0.00017537   0.1117   0.3147  7+[20, 1, 3]
 680   54.695618   54.695474   0.00000004   0.00020786   0.1347   0.2939  7+[20, 3, 3]
 682   57.973719   57.973546   0.00000005   0.00021489   0.1513   0.4998  7+[20, 0, 4]
 698   72.509309   72.507690   0.00000130   0.00113803   0.5107   0.2828  7+[10, 7, 3]
 699   77.478080   77.475408   0.00000323   0.00179732   0.6760   0.3106  7+[10, 5, 3]
 700   62.291290   62.287843   0.00000509   0.00225602   0.6963   0.4254  7+[10, 4, 4]
 701   57.497633   57.494471   0.00000534   0.00231094   0.6438   0.7074  7+[10, 0, 4]
 702   56.983498   56.980153   0.00000602   0.00245385   0.6595   0.5182  7+[10, 1, 3]
 704   65.507107   65.502715   0.00000773   0.00277942   0.8037   0.4669  7+[10, 6, 4]
 705   59.845718   59.841652   0.00000802   0.00283109   0.7429   0.4218  7+[10, 1, 3]
 706   79.619464   79.612709   0.00001773   0.00421082   1.0881   0.3663  7+[12, 5, 3]
 707   67.190775   67.182548   0.00002357   0.00485454   1.1124   0.5221  7+[10, 4, 4]
 708   67.692052   67.685637   0.00003166   0.00562663   0.9856   0.3743  7+[10, 7, 3]
 709   46.459582   46.450781   0.00006936   0.00832792   0.9792   0.7922  7+[ 8, 0, 4]
 710   47.407300   47.397673   0.00007564   0.00869677   1.0330   0.5503  7+[ 8, 2, 4]
 711   43.857252   43.847804   0.00008000   0.00894397   0.9901   0.6408  7+[ 8, 1, 3]
 712   57.201081   57.187981   0.00008847   0.00940554   1.3072   0.4600  7+[10, 5, 3]
 713   40.390149   40.378708   0.00010865   0.01042285   1.0525   0.5504  7+[ 8, 5, 3]
 714   44.910017   44.893091   0.00014582   0.01207460   1.3385   0.6080  7+[ 8, 4, 4]
 715   30.276316   30.251850   0.00031770   0.01782125   1.3688   0.5475  7+[ 8, 3, 3]
 716   18.099612   18.076988   0.00042811   0.02068647   1.0870   0.8730  7+[ 6, 0, 4]
 717   12.880654   12.852956   0.00065667   0.02561706   1.0758   0.7767  7+[ 6, 1, 3]
 718   16.474889   16.436864   0.00076710   0.02768594   1.3645   0.8264  7+[ 6, 2, 4]
 719    4.290034    4.216829   0.00296101   0.05433451   1.3408   0.7409  7+[ 6, 3, 3]
 720   -5.588498  -10.079780   0.92179077   0.26850056   1.3082   0.9305  7+[ 4, 0, 4]
 721    1.276174  -17.228894   0.99480490   0.07188955   1.3371   0.9258  7+[ 4, 1, 3]
 722   61.150228   61.150075   0.00000000   0.00000000   0.1455   0.7050  7-[15,12, 3]
 723   77.596326   77.595863   0.00000000   0.00000000   0.2816   0.5695  7-[17,13, 4]
 724   59.835042   59.834998   0.00000000   0.00000000   0.0770   0.6454  7-[15,10, 3]
 725   63.286069   63.285943   0.00000000   0.00000000   0.1341   0.4883  7-[17,14, 3]
 726   67.352283   67.352231   0.00000000   0.00000000   0.0883   0.5925  7-[17,11, 4]
 727   74.093350   74.093018   0.00000000   0.00000000   0.2335   0.4273  7-[17, 0, 3]
 730   73.086709   73.086560   0.00000000   0.00000000   0.1554   0.4655  7-[15, 1, 4]
 732   55.082987   55.082948   0.00000000   0.00000000   0.0702   0.4745  7-[17, 4, 3]
 733   78.465103   78.465033   0.00000000   0.00000000   0.1097   0.3955  7-[15, 4, 3]
 734   70.172504   70.172412   0.00000000   0.00000000   0.1202   0.5823  7-[17, 3, 4]
 735   74.532034   74.531950   0.00000000   0.00000000   0.1178   0.4291  7-[17, 5, 4]
 736   67.956496   67.956210   0.00000000   0.00000000   0.2085   0.7178  7-[17, 1, 4]
 737   75.202704   75.202580   0.00000000   0.00000000   0.1438   0.4441  7-[17, 7, 4]
 739   65.736712   65.736573   0.00000000   0.00000000   0.1431   0.4865  7-[15, 6, 3]
 740   67.813037   67.812870   0.00000000   0.00000000   0.1589   0.4098  7-[17, 2, 3]
 743   76.704434   76.704150   0.00000000   0.00000000   0.2194   0.3657  7-[17, 6, 3]
 744   67.509017   67.508840   0.00000000   0.00000000   0.1636   0.5107  7-[17, 9, 4]
 746   65.132697   65.132611   0.00000000   0.00000000   0.1123   0.3870  7-[17,12, 3]
 747   79.542341   79.542245   0.00000000   0.00000000   0.1301   0.4248  7-[17,11, 4]
 748   64.737037   64.736914   0.00000000   0.00000000   0.1338   0.5940  7-[17,13, 4]
 751   73.344110   73.343843   0.00000000   0.00000001   0.2087   0.6583  7-[15,11, 4]
 754   58.445246   58.444539   0.00000004   0.00020074   0.3066   0.3768  7-[13, 1, 4]
 756   61.205350   61.204742   0.00000005   0.00021330   0.2902   0.4528  7-[13, 1, 4]
 759   59.150617   59.150205   0.00000005   0.00022605   0.2353   0.2673  7-[13, 2, 3]
 762   77.489602   77.489266   0.00000006   0.00023634   0.2396   0.6282  7-[19, 0, 3]
 768   56.984738   56.984166   0.00000008   0.00028159   0.2726   0.3122  7-[13, 6, 3]
 771   56.627790   56.627143   0.00000009   0.00030712   0.2892   0.5867  7-[13, 0, 3]
 778   64.471689   64.469782   0.00000258   0.00160622   0.5258   0.4118  7-[11, 1, 4]
 779   68.886315   68.884195   0.00000280   0.00167280   0.5711   0.3114  7-[11, 1, 4]
 780   60.632574   60.630662   0.00000336   0.00183420   0.5123   0.6026  7-[11, 0, 3]
 781   63.087318   63.085105   0.00000373   0.00193020   0.5611   0.3333  7-[11, 4, 3]
 782   66.880575   66.878099   0.00000397   0.00199272   0.6090   0.3101  7-[11, 2, 3]
 783   73.974451   73.971470   0.00000467   0.00216162   0.6992   0.3778  7-[11, 7, 4]
 784   68.990450   68.986733   0.00000814   0.00285268   0.7566   0.3130  7-[11, 8, 3]
 785   79.301906   79.295881   0.00001491   0.00386088   1.0258   0.4859  7-[11, 5, 4]
 786   66.755602   66.746673   0.00003679   0.00606557   1.1556   0.4217  7-[11, 6, 3]
 787   63.266803   63.260482   0.00003724   0.00610215   0.9493   0.5480  7-[ 9, 1, 4]
 788   59.954119   59.948119   0.00003874   0.00622418   0.9031   0.7193  7-[ 9, 0, 3]
 789   63.359531   63.352282   0.00004359   0.00660186   1.0173   0.4499  7-[ 9, 5, 4]
 790   57.788609   57.781310   0.00004894   0.00699582   0.9802   0.4602  7-[ 9, 4, 3]
 791   55.698451   55.689877   0.00006008   0.00775115   1.0453   0.4769  7-[ 9, 6, 3]
 792   60.267817   60.255029   0.00008362   0.00914411   1.3215   0.4881  7-[ 9, 3, 4]
 793   43.764573   43.747013   0.00016067   0.01267455   1.3485   0.5170  7-[ 9, 4, 3]
 794   31.418692   31.405411   0.00016486   0.01283877   1.0235   0.8478  7-[ 7, 0, 3]
 795   34.025089   34.010946   0.00016588   0.01287842   1.0905   0.7433  7-[ 7, 1, 4]
 796   26.444414   26.427682   0.00023962   0.01547787   1.0739   0.5537  7-[ 7, 2, 3]
 797   31.204145   31.179995   0.00030370   0.01742442   1.3763   0.7189  7-[ 7, 3, 4]
 798   16.657282   16.619833   0.00075353   0.02744018   1.3591   0.6181  7-[ 7, 4, 3]
 799    2.783590    2.699902   0.00387064   0.06209397   1.3424   0.8992  7-[ 5, 1, 4]
 800   -0.112568   -0.186082   0.00464532   0.06799812   1.0761   0.9062  7-[ 5, 0, 3]
 801   -6.347506   -6.966352   0.18449129   0.38788433   1.3011   0.8415  7-[ 5, 2, 3]
 802   11.530831  -27.534666   0.99883600   0.03409752   1.3332   0.9780  7-[ 3, 0, 3]
 803   57.741378   57.741353   0.00000000   0.00000000   0.0567   0.6892  9+[16,12, 4]
 804   71.080474   71.080337   0.00000000   0.00000000   0.1471   0.6520  9+[18,14, 4]
 806   79.040726   79.040452   0.00000000   0.00000000   0.2186   0.3985  9+[18,13, 5]
 808   70.109044   70.108836   0.00000000   0.00000000   0.1805   0.3604  9+[16,10, 4]
 811   62.293478   62.293424   0.00000000   0.00000000   0.0869   0.4099  9+[16, 4, 4]
 814   64.603784   64.603751   0.00000000   0.00000000   0.0690   0.4054  9+[16, 6, 4]
 816   70.584490   70.584179   0.00000000   0.00000000   0.2212   0.4695  9+[14, 3, 5]
 817   75.223618   75.223553   0.00000000   0.00000000   0.1041   0.5251  9+[18, 3, 5]
 819   71.432006   71.431806   0.00000000   0.00000000   0.1783   0.5004  9+[18, 3, 5]
 820   63.456351   63.456234   0.00000000   0.00000000   0.1293   0.6788  9+[18, 1, 5]
 821   72.443832   72.443682   0.00000000   0.00000000   0.1557   0.4934  9+[16, 5, 5]
 823   69.176256   69.176149   0.00000000   0.00000000   0.1281   0.5226  9+[16, 1, 5]
 827   71.043926   71.043877   0.00000000   0.00000000   0.0886   0.3522  9+[16, 6, 4]
 829   63.968023   63.967904   0.00000000   0.00000000   0.1305   0.4495  9+[16, 2, 4]
 832   61.102758   61.102707   0.00000000   0.00000000   0.0844   0.5904  9+[18,13, 5]
 833   67.159667   67.159595   0.00000000   0.00000000   0.1037   0.4137  9+[18, 0, 4]
 837   73.525804   73.525598   0.00000000   0.00000000   0.1831   0.3479  9+[18,11, 5]
 840   61.868538   61.867876   0.00000002   0.00012457   0.3041   0.3222  9+[14, 2, 4]
 841   64.884664   64.884488   0.00000002   0.00015080   0.1600   0.3260  9+[12, 8, 4]
 842   64.380469   64.380372   0.00000002   0.00015117   0.1188   0.3443  9+[20, 1, 5]
 843   79.609621   79.609467   0.00000002   0.00015390   0.1641   0.3106  9+[12, 7, 5]
 844   54.939263   54.939179   0.00000003   0.00016434   0.1027   0.3962  9+[12, 1, 5]
 846   56.235278   56.235181   0.00000003   0.00017537   0.1117   0.2953  9+[20, 0, 4]
 848   54.695804   54.695659   0.00000004   0.00020786   0.1347   0.5170  9+[20, 0, 4]
 864   72.509308   72.507688   0.00000130   0.00113803   0.5107   0.3047  9+[10, 6, 4]
 865   77.478079   77.475407   0.00000323   0.00179732   0.6760   0.3231  9+[14,10, 4]
 866   62.291287   62.287839   0.00000509   0.00225602   0.6963   0.5829  9+[10, 1, 5]
 867   56.983522   56.980177   0.00000602   0.00245385   0.6595   0.7271  9+[10, 0, 4]
 869   65.507109   65.502717   0.00000773   0.00277942   0.8037   0.4524  9+[10, 5, 5]
 870   59.845726   59.841660   0.00000802   0.00283109   0.7429   0.4430  9+[10, 4, 4]
 871   79.619464   79.612709   0.00001773   0.00421082   1.0881   0.4110  9+[12, 6, 4]
 872   67.190775   67.182548   0.00002357   0.00485454   1.1124   0.5405  9+[10, 5, 5]
 873   67.692057   67.685642   0.00003166   0.00562663   0.9856   0.4032  9+[10, 6, 4]
 874   47.407301   47.397675   0.00007564   0.00869677   1.0330   0.7368  9+[ 8, 1, 5]
 875   43.857250   43.847802   0.00008000   0.00894397   0.9901   0.8324  9+[ 8, 0, 4]
 876   57.201081   57.187981   0.00008847   0.00940554   1.3072   0.4761  9+[10, 4, 4]
 877   40.390148   40.378706   0.00010865   0.01042285   1.0525   0.5809  9+[ 8, 2, 4]
 878   44.910017   44.893091   0.00014582   0.01207460   1.3385   0.7215  9+[ 8, 3, 5]
 879   30.276316   30.251850   0.00031770   0.01782125   1.3688   0.6243  9+[ 8, 4, 4]
 880   12.880655   12.852957   0.00065667   0.02561706   1.0758   0.9211  9+[ 6, 0, 4]
 881   16.474889   16.436864   0.00076710   0.02768594   1.3645   0.9091  9+[ 6, 1, 5]
 882    4.290034    4.216829   0.00296101   0.05433451   1.3408   0.8688  9+[ 6, 2, 4]
 883    1.276174  -17.228894   0.99480490   0.07188955   1.3371   0.9820  9+[ 4, 0, 4]
 884   50.177984   50.177969   0.00000000   0.00000000   0.0412   0.5431  9-[15,10, 5]
 885   51.691375   51.691333   0.00000000   0.00000000   0.0709   0.5728  9-[15,10, 5]
 886   64.102026   64.101963   0.00000000   0.00000000   0.0951   0.4757  9-[17,11, 4]
 888   65.630412   65.630343   0.00000000   0.00000000   0.1009   0.4379  9-[15, 3, 4]
 889   61.575476   61.575259   0.00000000   0.00000000   0.1735   0.5548  9-[15, 5, 4]
 890   73.525882   73.525749   0.00000000   0.00000000   0.1470   0.4790  9-[17, 1, 4]
 891   76.434304   76.434243   0.00000000   0.00000000   0.1017   0.3439  9-[17,11, 4]
 892   75.133087   75.132794   0.00000000   0.00000000   0.2210   0.6667  9-[17, 7, 4]
 893   69.445001   69.444814   0.00000000   0.00000000   0.1703   0.3731  9-[17, 7, 4]
 894   68.730206   68.730122   0.00000000   0.00000000   0.1137   0.5080  9-[17, 9, 4]
 895   68.675495   68.675297   0.00000000   0.00000000   0.1744   0.5338  9-[17, 0, 5]
 896   56.437220   56.437174   0.00000000   0.00000000   0.0766   0.5400  9-[17, 6, 5]
 897   70.982156   70.982066   0.00000000   0.00000000   0.1193   0.5451  9-[17, 4, 5]
 898   70.147728   70.147615   0.00000000   0.00000000   0.1331   0.4562  9-[17, 4, 5]
 900   76.515412   76.515179   0.00000000   0.00000000   0.1982   0.4946  9-[17, 6, 5]
 905   66.730219   66.729952   0.00000000   0.00000000   0.1998   0.5937  9-[17, 3, 4]
 907   78.990758   78.990705   0.00000000   0.00000000   0.0966   0.3544  9-[17,10, 5]
 908   79.605946   79.605800   0.00000000   0.00000000   0.1602   0.4436  9-[17,11, 4]
 909   75.148059   75.147761   0.00000000   0.00000000   0.2226   0.7133  9-[17,13, 4]
 910   70.778247   70.778071   0.00000000   0.00000000   0.1663   0.5416  9-[17,12, 5]
 914   58.445276   58.444569   0.00000004   0.00020074   0.3066   0.3827  9-[13, 4, 5]
 916   61.204791   61.204183   0.00000005   0.00021330   0.2902   0.6404  9-[13, 0, 5]
 919   59.150804   59.150392   0.00000005   0.00022605   0.2353   0.3081  9-[13, 1, 4]
 927   56.984808   56.984236   0.00000008   0.00028159   0.2726   0.4248  9-[13, 1, 4]
 936   64.471645   64.469738   0.00000258   0.00160621   0.5258   0.5490  9-[11, 0, 5]
 937   68.886304   68.884184   0.00000280   0.00167280   0.5711   0.3332  9-[11, 4, 5]
 938   63.087334   63.085121   0.00000373   0.00193020   0.5611   0.4601  9-[11, 1, 4]
 939   66.880583   66.878107   0.00000397   0.00199272   0.6090   0.3158  9-[11, 1, 4]
 940   73.974450   73.971468   0.00000467   0.00216162   0.6992   0.3920  9-[11, 6, 5]
 941   68.990450   68.986733   0.00000814   0.00285268   0.7566   0.3586  9-[11, 7, 4]
 942   79.301906   79.295881   0.00001491   0.00386088   1.0258   0.4897  9-[11, 4, 5]
 943   66.755602   66.746673   0.00003679   0.00606557   1.1556   0.4619  9-[11, 5, 4]
 944   63.266806   63.260486   0.00003724   0.00610216   0.9493   0.6835  9-[ 9, 0, 5]
 945   63.359527   63.352278   0.00004359   0.00660186   1.0173   0.5169  9-[ 9, 2, 5]
 946   57.788603   57.781303   0.00004894   0.00699582   0.9802   0.6136  9-[ 9, 1, 4]
 947   55.698452   55.689878   0.00006008   0.00775115   1.0453   0.4769  9-[ 9, 5, 4]
 948   60.267816   60.255028   0.00008362   0.00914411   1.3215   0.5993  9-[ 9, 4, 5]
 949   43.764574   43.747014   0.00016067   0.01267455   1.3485   0.4995  9-[ 9, 5, 4]
 950   34.025089   34.010946   0.00016588   0.01287842   1.0905   0.8582  9-[ 7, 0, 5]
 951   26.444415   26.427683   0.00023962   0.01547788   1.0739   0.7910  9-[ 7, 1, 4]
 952   31.204146   31.179995   0.00030370   0.01742442   1.3763   0.8225  9-[ 7, 2, 5]
 953   16.657282   16.619833   0.00075353   0.02744018   1.3591   0.7570  9-[ 7, 3, 4]
 954    2.783591    2.699902   0.00387064   0.06209397   1.3424   0.9478  9-[ 5, 0, 5]
 955   -6.347506   -6.966352   0.18449128   0.38788433   1.3011   0.9408  9-[ 5, 1, 4]
 956   76.310843   76.310626   0.00000000   0.00000000   0.1913   0.5142 11+[18,13, 5]
 957   75.912226   75.911937   0.00000000   0.00000000   0.2205   0.4780 11+[18,12, 6]
 958   70.323820   70.323621   0.00000000   0.00000000   0.1768   0.5185 11+[16,11, 5]
 964   75.937749   75.937466   0.00000000   0.00000000   0.2179   0.3039 11+[18, 1, 5]
 965   67.084654   67.084470   0.00000000   0.00000000   0.1662   0.3413 11+[16, 3, 5]
 966   66.920176   66.920090   0.00000000   0.00000000   0.1133   0.4665 11+[16, 2, 6]
 968   78.641161   78.640901   0.00000000   0.00000000   0.2121   0.3658 11+[18, 1, 5]
 969   71.066869   71.066669   0.00000000   0.00000000   0.1776   0.2815 11+[18, 9, 5]
 971   62.145945   62.145906   0.00000000   0.00000000   0.0739   0.3175 11+[18, 2, 6]
 972   73.320200   73.320173   0.00000000   0.00000000   0.0658   0.3973 11+[18, 7, 5]
 974   65.441916   65.441879   0.00000000   0.00000000   0.0728   0.4863 11+[18, 6, 6]
 975   71.561487   71.561434   0.00000000   0.00000000   0.0918   0.5122 11+[18, 4, 6]
 977   73.845946   73.845870   0.00000000   0.00000000   0.1110   0.5522 11+[18, 8, 6]
 978   79.522128   79.522026   0.00000000   0.00000000   0.1334   0.3798 11+[18, 1, 5]
 979   75.060811   75.060529   0.00000000   0.00000000   0.2166   0.4930 11+[18, 3, 5]
 980   64.010314   64.010213   0.00000000   0.00000000   0.1209   0.4267 11+[16, 1, 5]
 982   76.244302   76.244137   0.00000000   0.00000000   0.1667   0.2875 11+[16, 9, 5]
 987   62.086307   62.086264   0.00000000   0.00000000   0.0776   0.4919 11+[18,13, 5]
 990   61.868587   61.867926   0.00000002   0.00012457   0.3041   0.3444 11+[14, 1, 5]
 991   64.884650   64.884475   0.00000002   0.00015080   0.1600   0.3571 11+[12, 7, 5]
 992   64.380479   64.380381   0.00000002   0.00015117   0.1188   0.3250 11+[12, 2, 6]
 993   79.609582   79.609428   0.00000002   0.00015390   0.1641   0.3419 11+[20, 2, 6]
 994   54.939499   54.939415   0.00000003   0.00016434   0.1027   0.5202 11+[20, 0, 6]
 996   56.235168   56.235071   0.00000003   0.00017537   0.1117   0.3923 11+[12, 1, 5]
1012   72.509311   72.507692   0.00000130   0.00113803   0.5107   0.3245 11+[14, 1, 5]
1013   77.478081   77.475408   0.00000323   0.00179732   0.6760   0.3320 11+[10, 5, 5]
1014   62.291285   62.287838   0.00000509   0.00225602   0.6963   0.7030 11+[10, 0, 6]
1016   65.507105   65.502713   0.00000773   0.00277942   0.8037   0.5572 11+[10, 2, 6]
1017   59.845718   59.841652   0.00000802   0.00283109   0.7429   0.6044 11+[10, 1, 5]
1018   79.619464   79.612709   0.00001773   0.00421082   1.0881   0.4360 11+[12, 5, 5]
1019   67.190775   67.182547   0.00002357   0.00485454   1.1124   0.6445 11+[10, 4, 6]
1020   67.692051   67.685636   0.00003166   0.00562663   0.9856   0.3896 11+[10, 5, 5]
1021   47.407298   47.397672   0.00007564   0.00869677   1.0330   0.8312 11+[ 8, 0, 6]
1022   57.201081   57.187982   0.00008847   0.00940554   1.3072   0.4917 11+[10, 5, 5]
1023   40.390150   40.378708   0.00010865   0.01042285   1.0525   0.7745 11+[ 8, 1, 5]
1024   44.910017   44.893091   0.00014582   0.01207460   1.3385   0.8088 11+[ 8, 2, 6]
1025   30.276316   30.251849   0.00031770   0.01782125   1.3688   0.7386 11+[ 8, 3, 5]
1026   16.474890   16.436864   0.00076710   0.02768594   1.3645   0.9495 11+[ 6, 0, 6]
1027    4.290034    4.216829   0.00296101   0.05433451   1.3408   0.9517 11+[ 6, 1, 5]
1028   62.800865   62.800808   0.00000000   0.00000000   0.0896   0.6759 11-[15, 9, 6]
1029   62.222608   62.222444   0.00000000   0.00000000   0.1520   0.5273 11-[15,10, 5]
1030   76.189292   76.188989   0.00000000   0.00000000   0.2261   0.5628 11-[17, 9, 6]
1032   72.836242   72.836169   0.00000000   0.00000000   0.1087   0.4861 11-[17,12, 5]
1033   64.133306   64.133092   0.00000000   0.00000000   0.1757   0.5239 11-[15, 6, 5]
1034   74.432546   74.432398   0.00000000   0.00000000   0.1566   0.4112 11-[15, 5, 6]
1035   79.117874   79.117783   0.00000000   0.00000000   0.1256   0.4702 11-[17,10, 5]
1036   78.556485   78.556240   0.00000000   0.00000000   0.2057   0.4989 11-[17, 0, 5]
1037   74.627827   74.627534   0.00000000   0.00000000   0.2202   0.3890 11-[17, 4, 5]
1040   74.917079   74.916895   0.00000000   0.00000000   0.1747   0.4323 11-[17, 2, 5]
1042   69.241389   69.241350   0.00000000   0.00000000   0.0776   0.5293 11-[17, 5, 6]
1043   66.045436   66.045366   0.00000000   0.00000000   0.1016   0.4563 11-[17, 5, 6]
1044   55.893024   55.892978   0.00000000   0.00000000   0.0762   0.6608 11-[15, 1, 6]
1045   59.151058   59.151000   0.00000000   0.00000000   0.0877   0.6129 11-[15, 3, 6]
1046   67.674743   67.674665   0.00000000   0.00000000   0.1089   0.4198 11-[17, 7, 6]
1047   66.478844   66.478698   0.00000000   0.00000000   0.1476   0.5479 11-[17, 8, 5]
1048   72.450074   72.449790   0.00000000   0.00000000   0.2136   0.3970 11-[17, 2, 5]
1049   72.574155   72.574023   0.00000000   0.00000000   0.1460   0.3367 11-[17, 7, 6]
1050   71.632100   71.632029   0.00000000   0.00000000   0.1062   0.3551 11-[15, 8, 5]
1051   72.702664   72.702596   0.00000000   0.00000000   0.1051   0.4295 11-[17,10, 5]
1052   75.556977   75.556788   0.00000000   0.00000000   0.1778   0.4759 11-[17,12, 5]
1053   72.529520   72.529494   0.00000000   0.00000000   0.0650   0.5275 11-[15, 7, 6]
1056   58.445238   58.444530   0.00000004   0.00020074   0.3066   0.5222 11-[13, 1, 6]
1060   59.150352   59.149939   0.00000005   0.00022605   0.2353   0.3116 11-[13, 4, 5]
1067   56.984988   56.984417   0.00000008   0.00028159   0.2726   0.5978 11-[13, 0, 5]
1076   68.886317   68.884197   0.00000280   0.00167280   0.5711   0.4697 11-[11, 1, 6]
1077   63.087289   63.085076   0.00000373   0.00193020   0.5611   0.6103 11-[11, 0, 5]
1078   66.880574   66.878098   0.00000397   0.00199272   0.6090   0.3368 11-[11, 4, 5]
1079   73.974451   73.971470   0.00000467   0.00216162   0.6992   0.3704 11-[11, 5, 6]
1080   68.990450   68.986734   0.00000814   0.00285268   0.7566   0.3712 11-[11, 6, 5]
1081   79.301906   79.295880   0.00001491   0.00386088   1.0258   0.5374 11-[11, 5, 6]
1082   66.755602   66.746673   0.00003679   0.00606557   1.1556   0.4647 11-[11, 4, 5]
1083   63.359532   63.352283   0.00004359   0.00660186   1.0173   0.6599 11-[ 9, 1, 6]
1084   57.788607   57.781308   0.00004894   0.00699582   0.9802   0.7615 11-[ 9, 0, 5]
1085   55.698448   55.689874   0.00006008   0.00775115   1.0453   0.5461 11-[ 9, 2, 5]
1086   60.267817   60.255030   0.00008362   0.00914411   1.3215   0.6935 11-[ 9, 3, 6]
1087   43.764573   43.747013   0.00016067   0.01267455   1.3485   0.6118 11-[ 9, 4, 5]
1088   26.444414   26.427682   0.00023962   0.01547787   1.0739   0.9087 11-[ 7, 0, 5]
1089   31.204145   31.179995   0.00030370   0.01742442   1.3763   0.8911 11-[ 7, 1, 6]
1090   16.657282   16.619833   0.00075353   0.02744018   1.3591   0.8631 11-[ 7, 2, 5]
1091   -6.347506   -6.966352   0.18449128   0.38788432   1.3011   0.9867 11-[ 5, 0, 5]
1092   67.271868   67.271851   0.00000000   0.00000000   0.0500   0.5623 13+[18,12, 6]
1095   68.558820   68.558674   0.00000000   0.00000000   0.1498   0.5426 13+[16, 8, 6]
1097   70.572463   70.572377   0.00000000   0.00000000   0.1165   0.3316 13+[16, 6, 6]
1098   78.150396   78.150049   0.00000000   0.00000000   0.2445   0.4136 13+[18, 2, 6]
1100   68.815641   68.815524   0.00000000   0.00000000   0.1339   0.4980 13+[16, 1, 7]
1102   65.341111   65.341054   0.00000000   0.00000000   0.0913   0.4033 13+[16, 3, 7]
1103   63.714828   63.714773   0.00000000   0.00000000   0.0888   0.5112 13+[18, 5, 7]
1104   79.987709   79.987622   0.00000000   0.00000000   0.1234   0.3710 13+[16, 1, 7]
1107   74.668584   74.668514   0.00000000   0.00000000   0.1076   0.6081 13+[18, 3, 7]
1108   78.233917   78.233820   0.00000000   0.00000000   0.1290   0.3503 13+[18, 4, 6]
1109   69.304293   69.304253   0.00000000   0.00000000   0.0794   0.4389 13+[18, 6, 6]
1110   78.147193   78.147107   0.00000000   0.00000000   0.1212   0.5023 13+[18, 8, 6]
1111   73.443356   73.443264   0.00000000   0.00000000   0.1223   0.3651 13+[18, 7, 7]
1113   72.737958   72.737780   0.00000000   0.00000000   0.1697   0.3311 13+[14, 1, 7]
1117   70.289172   70.288920   0.00000000   0.00000000   0.1986   0.3376 13+[16, 9, 7]
1119   69.488031   69.487948   0.00000000   0.00000000   0.1134   0.7463 13+[18,11, 7]
1120   71.799782   71.799643   0.00000000   0.00000000   0.1493   0.5664 13+[16, 9, 7]
1123   61.868556   61.867894   0.00000002   0.00012457   0.3041   0.3575 13+[14, 4, 6]
1124   64.884661   64.884486   0.00000002   0.00015080   0.1600   0.3592 13+[12, 6, 6]
1125   64.380482   64.380384   0.00000002   0.00015117   0.1188   0.4607 13+[12, 1, 7]
1126   79.609630   79.609476   0.00000002   0.00015390   0.1641   0.3881 13+[20, 1, 7]
1128   56.235358   56.235261   0.00000003   0.00017537   0.1117   0.5540 13+[20, 0, 6]
1143   72.509303   72.507684   0.00000130   0.00113803   0.5107   0.3616 13+[10, 2, 6]
1144   77.478079   77.475407   0.00000323   0.00179732   0.6760   0.3952 13+[10, 4, 6]
1146   65.507111   65.502719   0.00000773   0.00277942   0.8037   0.6873 13+[10, 1, 7]
1147   59.845726   59.841660   0.00000802   0.00283109   0.7429   0.7263 13+[10, 0, 6]
1148   79.619464   79.612709   0.00001773   0.00421082   1.0881   0.4292 13+[12, 4, 6]
1149   67.190775   67.182548   0.00002357   0.00485454   1.1124   0.7321 13+[10, 3, 7]
1150   67.692055   67.685641   0.00003166   0.00562663   0.9856   0.4785 13+[10, 2, 6]
1151   57.201080   57.187981   0.00008847   0.00940554   1.3072   0.5853 13+[10, 4, 6]
1152   40.390146   40.378704   0.00010865   0.01042285   1.0525   0.8708 13+[ 8, 0, 6]
1153   44.910017   44.893091   0.00014582   0.01207460   1.3385   0.8665 13+[ 8, 1, 7]
1154   30.276317   30.251850   0.00031770   0.01782125   1.3688   0.8258 13+[ 8, 2, 6]
1155    4.290034    4.216829   0.00296101   0.05433451   1.3408   0.9906 13+[ 6, 0, 6]
1156   64.605713   64.605695   0.00000000   0.00000000   0.0509   0.6692 13-[15, 9, 6]
1157   62.393116   62.393095   0.00000000   0.00000000   0.0544   0.6429 13-[17,10, 7]
1159   63.159424   63.159345   0.00000000   0.00000000   0.1064   0.5200 13-[15, 1, 6]
1160   78.061074   78.061026   0.00000000   0.00000000   0.0902   0.3620 13-[17, 9, 6]
1162   70.795933   70.795590   0.00000000   0.00000000   0.2327   0.4457 13-[15, 6, 7]
1164   69.758812   69.758722   0.00000000   0.00000000   0.1181   0.4434 13-[17, 8, 7]
1165   62.760204   62.760163   0.00000000   0.00000000   0.0761   0.5618 13-[17, 3, 6]
1166   64.702788   64.702714   0.00000000   0.00000000   0.1034   0.5061 13-[17, 1, 6]
1167   67.880714   67.880631   0.00000000   0.00000000   0.1123   0.5267 13-[17, 5, 6]
1168   62.300308   62.300273   0.00000000   0.00000000   0.0700   0.5953 13-[17, 4, 7]
1169   67.188306   67.188255   0.00000000   0.00000000   0.0875   0.3904 13-[17, 1, 6]
1172   71.702900   71.702689   0.00000000   0.00000000   0.1837   0.3615 13-[17, 8, 7]
1174   65.655040   65.654896   0.00000000   0.00000000   0.1456   0.4731 13-[17,11, 6]
1175   72.540163   72.539925   0.00000000   0.00000000   0.1959   0.3887 13-[15, 5, 6]
1177   51.412129   51.412001   0.00000000   0.00000000   0.1234   0.7207 13-[17, 0, 7]
1179   67.404390   67.404336   0.00000000   0.00000000   0.0901   0.4322 13-[15, 7, 6]
1182   58.445327   58.444620   0.00000004   0.00020074   0.3066   0.6477 13-[13, 0, 7]
1186   59.150963   59.150550   0.00000005   0.00022605   0.2353   0.4241 13-[13, 1, 6]
1200   68.886296   68.884176   0.00000280   0.00167280   0.5711   0.5528 13-[11, 0, 7]
1201   66.880583   66.878107   0.00000397   0.00199272   0.6090   0.4734 13-[11, 1, 6]
1202   73.974451   73.971470   0.00000467   0.00216162   0.6992   0.4850 13-[11, 2, 7]
1203   68.990450   68.986733   0.00000814   0.00285268   0.7566   0.3641 13-[ 9, 3, 6]
1204   79.301906   79.295881   0.00001491   0.00386088   1.0258   0.6270 13-[11, 4, 7]
1205   66.755602   66.746673   0.00003679   0.00606557   1.1556   0.5090 13-[11, 5, 6]
1206   63.359519   63.352270   0.00004359   0.00660186   1.0173   0.7321 13-[ 9, 0, 7]
1207   55.698454   55.689880   0.00006008   0.00775115   1.0453   0.6950 13-[ 9, 1, 6]
1208   60.267815   60.255028   0.00008362   0.00914411   1.3215   0.7657 13-[ 9, 2, 7]
1209   43.764574   43.747014   0.00016067   0.01267455   1.3485   0.7064 13-[ 9, 3, 6]
1210   31.204146   31.179996   0.00030370   0.01742442   1.3763   0.9247 13-[ 7, 0, 7]
1211   16.657282   16.619833   0.00075353   0.02744018   1.3591   0.9322 13-[ 7, 1, 6]
1212   70.280545   70.280508   0.00000000   0.00000000   0.0757   0.6025 15+[18,10, 8]
1215   73.777982   73.777898   0.00000000   0.00000000   0.1175   0.4049 15+[18, 5, 7]
1216   64.697631   64.697591   0.00000000   0.00000000   0.0761   0.5534 15+[18, 1, 7]
1218   67.660009   67.659977   0.00000000   0.00000000   0.0696   0.4969 15+[18, 9, 7]
1219   72.941666   72.941504   0.00000000   0.00000000   0.1617   0.5015 15+[16, 2, 8]
1221   69.729262   69.729166   0.00000000   0.00000000   0.1223   0.6020 15+[18, 3, 7]
1222   71.243221   71.243139   0.00000000   0.00000000   0.1143   0.5300 15+[16, 4, 8]
1224   75.022989   75.022974   0.00000000   0.00000000   0.0490   0.4438 15+[18, 5, 7]
1225   79.693559   79.693541   0.00000000   0.00000000   0.0553   0.4535 15+[20, 8, 8]
1226   67.417020   67.416999   0.00000000   0.00000000   0.0571   0.6211 15+[18, 2, 8]
1228   69.754666   69.754622   0.00000000   0.00000000   0.0822   0.5751 15+[18, 7, 7]
1229   75.578319   75.578241   0.00000000   0.00000000   0.1145   0.5648 15+[18, 7, 7]
1230   69.254105   69.253981   0.00000000   0.00000000   0.1379   0.4222 15+[18, 9, 7]
1232   69.176371   69.176259   0.00000000   0.00000000   0.1317   0.3540 15+[16, 7, 7]
1233   74.830545   74.830406   0.00000000   0.00000000   0.1519   0.5553 15+[16, 7, 7]
1235   74.784556   74.784393   0.00000000   0.00000000   0.1644   0.4743 15+[16, 0, 8]
1236   69.334006   69.333989   0.00000000   0.00000000   0.0516   0.5176 15+[18,11, 7]
1237   75.976888   75.976843   0.00000000   0.00000000   0.0869   0.5673 15+[16, 9, 7]
1240   61.868571   61.867910   0.00000002   0.00012457   0.3041   0.4920 15+[14, 1, 7]
1241   64.884654   64.884478   0.00000002   0.00015080   0.1600   0.3418 15+[12, 3, 7]
1242   64.380398   64.380301   0.00000002   0.00015117   0.1188   0.5819 15+[20, 0, 8]
1243   79.609578   79.609424   0.00000002   0.00015390   0.1641   0.4016 15+[12, 2, 8]
1258   72.509313   72.507694   0.00000130   0.00113803   0.5107   0.4636 15+[14, 1, 7]
1259   77.478081   77.475408   0.00000323   0.00179732   0.6760   0.4481 15+[10, 3, 7]
1261   65.507099   65.502707   0.00000773   0.00277942   0.8037   0.7529 15+[10, 0, 8]
1262   79.619464   79.612709   0.00001773   0.00421082   1.0881   0.4956 15+[12, 5, 7]
1263   67.190775   67.182548   0.00002357   0.00485454   1.1124   0.7990 15+[10, 2, 8]
1264   67.692052   67.685638   0.00003166   0.00562663   0.9856   0.5890 15+[10, 1, 7]
1265   57.201081   57.187982   0.00008847   0.00940554   1.3072   0.6637 15+[10, 3, 7]
1266   44.910017   44.893092   0.00014582   0.01207460   1.3385   0.8950 15+[ 8, 0, 8]
1267   30.276316   30.251849   0.00031770   0.01782125   1.3688   0.8828 15+[ 8, 1, 7]
1268   67.700451   67.700353   0.00000000   0.00000000   0.1218   0.5962 15-[15, 7, 8]
1269   74.246712   74.246635   0.00000000   0.00000000   0.1129   0.4553 15-[15, 4, 7]
1271   78.160094   78.159440   0.00000000   0.00000000   0.3357   0.6637 15-[15, 0, 7]
1273   75.286560   75.286508   0.00000000   0.00000000   0.0932   0.4750 15-[17, 8, 7]
1274   68.014845   68.014769   0.00000000   0.00000000   0.1077   0.5473 15-[17, 2, 7]
1276   69.179202   69.179148   0.00000000   0.00000000   0.0915   0.4372 15-[17, 7, 8]
1277   72.736906   72.736889   0.00000000   0.00000000   0.0524   0.4206 15-[15, 2, 7]
1278   69.277833   69.277673   0.00000000   0.00000000   0.1574   0.8570 15-[17, 3, 8]
1279   58.334644   58.334602   0.00000000   0.00000000   0.0740   0.5288 15-[15, 1, 8]
1280   66.862539   66.862453   0.00000000   0.00000000   0.1133   0.4278 15-[17, 5, 8]
1281   54.987705   54.987521   0.00000000   0.00000000   0.1522   0.7513 15-[17, 0, 7]
1282   72.302579   72.302548   0.00000000   0.00000000   0.0706   0.5060 15-[15, 3, 8]
1283   77.594063   77.594033   0.00000000   0.00000000   0.0707   0.3279 15-[17, 8, 7]
1284   70.025826   70.025800   0.00000000   0.00000000   0.0640   0.4679 15-[15, 6, 7]
1285   75.773060   75.772960   0.00000000   0.00000000   0.1296   0.3383 15-[15, 3, 8]
1286   77.539260   77.539181   0.00000000   0.00000000   0.1158   0.3735 15-[19,11, 8]
1287   70.949050   70.949004   0.00000000   0.00000000   0.0856   0.6395 15-[17, 9, 8]
1288   67.942915   67.942867   0.00000000   0.00000000   0.0850   0.5921 15-[15, 8, 7]
1289   60.454745   60.454719   0.00000000   0.00000000   0.0592   0.8466 15-[17,10, 7]
1295   59.149444   59.149032   0.00000005   0.00022605   0.2353   0.5247 15-[13, 0, 7]
1308   66.880573   66.878097   0.00000397   0.00199272   0.6090   0.5556 15-[11, 0, 7]
1309   73.974450   73.971469   0.00000467   0.00216162   0.6992   0.5830 15-[11, 1, 8]
1310   68.990451   68.986735   0.00000814   0.00285268   0.7566   0.4573 15-[11, 2, 7]
1311   79.301905   79.295880   0.00001491   0.00386088   1.0258   0.7020 15-[11, 3, 8]
1312   66.755602   66.746673   0.00003679   0.00606557   1.1556   0.5930 15-[11, 4, 7]
1313   55.698441   55.689867   0.00006008   0.00775115   1.0453   0.7690 15-[ 9, 0, 7]
1314   60.267817   60.255030   0.00008362   0.00914411   1.3215   0.8136 15-[ 9, 1, 8]
1315   43.764573   43.747013   0.00016067   0.01267455   1.3485   0.7784 15-[ 9, 2, 7]
1316   16.657282   16.619833   0.00075353   0.02744018   1.3591   0.9649 15-[ 7, 0, 7]
1317   68.711182   68.711170   0.00000000   0.00000000   0.0428   0.6418 17+[18, 8, 8]
1319   78.379597   78.379523   0.00000000   0.00000000   0.1126   0.4680 17+[18, 7, 9]
1321   77.645385   77.645359   0.00000000   0.00000000   0.0670   0.4609 17+[18, 6, 8]
1322   65.200005   65.199919   0.00000000   0.00000000   0.1123   0.4275 17+[18, 9, 9]
1323   62.856127   62.856096   0.00000000   0.00000000   0.0656   0.4929 17+[16, 8, 8]
1324   45.556668   45.556641   0.00000000   0.00000000   0.0544   0.6624 17+[18, 0, 8]
1325   69.024483   69.024439   0.00000000   0.00000000   0.0823   0.4090 17+[18, 5, 9]
1327   71.571416   71.571290   0.00000000   0.00000000   0.1420   0.4512 17+[18, 2, 8]
1330   73.188608   73.188468   0.00000000   0.00000000   0.1508   0.4818 17+[18, 4, 8]
1331   68.739161   68.739135   0.00000000   0.00000000   0.0635   0.5256 17+[16, 1, 9]
1333   79.667770   79.667715   0.00000000   0.00000000   0.0978   0.3783 17+[20, 8, 8]
1335   79.979266   79.979139   0.00000000   0.00000000   0.1493   0.4014 17+[18, 7, 9]
1336   76.758528   76.758501   0.00000000   0.00000000   0.0679   0.4400 17+[16, 6, 8]
1337   79.845680   79.845651   0.00000000   0.00000000   0.0719   0.5728 17+[18,10, 8]
1338   76.010413   76.010373   0.00000000   0.00000000   0.0817   0.5463 17+[18,10, 8]
1342   61.868641   61.867979   0.00000002   0.00012457   0.3041   0.5947 17+[14, 0, 8]
1343   64.884651   64.884475   0.00000002   0.00015080   0.1600   0.4592 17+[12, 2, 8]
1344   79.609628   79.609474   0.00000002   0.00015390   0.1641   0.5257 17+[20, 1, 9]
1358   72.509291   72.507672   0.00000130   0.00113803   0.5107   0.5604 17+[14, 0, 8]
1359   77.478080   77.475408   0.00000323   0.00179732   0.6760   0.4883 17+[10, 2, 8]
1361   79.619464   79.612709   0.00001773   0.00421082   1.0881   0.5678 17+[12, 4, 8]
1362   67.190775   67.182548   0.00002357   0.00485454   1.1124   0.8434 17+[10, 1, 9]
1363   67.692047   67.685633   0.00003166   0.00562663   0.9856   0.6439 17+[10, 0, 8]
1364   57.201080   57.187980   0.00008847   0.00940554   1.3072   0.7232 17+[10, 2, 8]
1365   30.276318   30.251851   0.00031770   0.01782125   1.3688   0.9100 17+[ 8, 0, 8]
1366   70.457515   70.457461   0.00000000   0.00000000   0.0918   0.7863 17-[17, 8, 9]
1367   71.721571   71.721548   0.00000000   0.00000000   0.0606   0.5922 17-[15, 7, 8]
1368   78.335007   78.334837   0.00000000   0.00000000   0.1716   0.3813 17-[15, 1, 8]
1369   70.458591   70.458473   0.00000000   0.00000000   0.1358   0.3739 17-[15, 3, 8]
1370   76.344744   76.344497   0.00000000   0.00000000   0.2042   0.6564 17-[17, 0, 9]
1371   65.247949   65.247489   0.00000000   0.00000000   0.2598   0.8119 17-[15, 0, 9]
1373   72.358573   72.358546   0.00000000   0.00000000   0.0650   0.3583 17-[15, 5, 8]
1374   59.326622   59.326591   0.00000000   0.00000000   0.0638   0.5822 17-[17, 2, 9]
1375   72.447107   72.447047   0.00000000   0.00000000   0.0986   0.8285 17-[17, 7, 8]
1376   73.586962   73.586936   0.00000000   0.00000000   0.0648   0.4517 17-[17, 3, 8]
1377   67.142665   67.142624   0.00000000   0.00000000   0.0786   0.7073 17-[15, 6, 9]
1378   78.301610   78.301581   0.00000000   0.00000000   0.0709   0.5289 17-[17, 6, 9]
1379   68.556468   68.556414   0.00000000   0.00000000   0.0903   0.5963 17-[17, 4, 9]
1380   67.780099   67.779979   0.00000000   0.00000000   0.1350   0.6210 17-[17, 1, 8]
1381   70.830122   70.830091   0.00000000   0.00000000   0.0698   0.5531 17-[17, 5, 8]
1382   74.523706   74.523653   0.00000000   0.00000000   0.0937   0.4051 17-[17, 6, 9]
1384   69.939345   69.939301   0.00000000   0.00000000   0.0829   0.4270 17-[17, 9, 8]
1385   67.527765   67.527715   0.00000000   0.00000000   0.0874   0.3920 17-[15, 7, 8]
1402   73.974456   73.971475   0.00000467   0.00216162   0.6992   0.6324 17-[11, 0, 9]
1403   68.990449   68.986732   0.00000814   0.00285268   0.7566   0.5487 17-[11, 1, 8]
1404   79.301906   79.295881   0.00001491   0.00386088   1.0258   0.7592 17-[11, 2, 9]
1405   66.755602   66.746673   0.00003679   0.00606557   1.1556   0.6630 17-[11, 3, 8]
1406   60.267816   60.255029   0.00008362   0.00914411   1.3215   0.8372 17-[ 9, 0, 9]
1407   43.764574   43.747014   0.00016067   0.01267455   1.3485   0.8256 17-[ 9, 1, 8]
1408   79.024596   79.024460   0.00000000   0.00000000   0.1542   0.4118 19+[18, 1, 9]
1409   73.727603   73.727578   0.00000000   0.00000000   0.0631   0.5623 19+[16, 7, 9]
1410   65.223166   65.223155   0.00000000   0.00000000   0.0408   0.4740 19+[16, 2,10]
1412   75.235059   75.235042   0.00000000   0.00000000   0.0524   0.4342 19+[16, 7, 9]
1414   70.021207   70.021192   0.00000000   0.00000000   0.0479   0.4973 19+[16, 5, 9]
1415   74.550061   74.550037   0.00000000   0.00000000   0.0639   0.6407 19+[18, 7, 9]
1418   72.085767   72.085750   0.00000000   0.00000000   0.0531   0.4499 19+[18, 6,10]
1419   52.526725   52.526708   0.00000000   0.00000000   0.0449   0.6370 19+[16, 1, 9]
1420   64.813846   64.813833   0.00000000   0.00000000   0.0422   0.4697 19+[18, 3, 9]
1422   68.812721   68.812702   0.00000000   0.00000000   0.0530   0.3889 19+[18, 2,10]
1423   68.410568   68.410553   0.00000000   0.00000000   0.0483   0.6032 19+[18, 5, 9]
1424   72.365790   72.365756   0.00000000   0.00000000   0.0738   0.4174 19+[16, 4,10]
1426   70.425134   70.425118   0.00000000   0.00000000   0.0494   0.3477 19+[18, 6,10]
1428   76.518087   76.518075   0.00000000   0.00000000   0.0451   0.8798 19+[18, 8,10]
1431   64.884661   64.884486   0.00000002   0.00015080   0.1600   0.5403 19+[12, 1, 9]
1432   79.609595   79.609441   0.00000002   0.00015390   0.1641   0.6606 19+[20, 0,10]
1445   77.478080   77.475408   0.00000323   0.00179732   0.6760   0.5295 19+[14, 1, 9]
1447   79.619464   79.612709   0.00001773   0.00421082   1.0881   0.6278 19+[12, 3, 9]
1448   67.190775   67.182548   0.00002357   0.00485454   1.1124   0.8653 19+[10, 0,10]
1449   57.201082   57.187982   0.00008847   0.00940554   1.3072   0.7623 19+[10, 1, 9]
1450   75.253521   75.253500   0.00000000   0.00000000   0.0590   0.4957 19-[15, 6, 9]
1451   78.276238   78.276160   0.00000000   0.00000000   0.1162   0.4252 19-[15, 5,10]
1452   79.930705   79.930619   0.00000000   0.00000000   0.1231   0.5201 19-[17, 0, 9]
1453   71.092942   71.092873   0.00000000   0.00000000   0.1042   0.3788 19-[17, 6, 9]
1454   74.237670   74.237555   0.00000000   0.00000000   0.1381   0.5273 19-[17, 5,10]
1455   66.929606   66.929556   0.00000000   0.00000000   0.0866   0.6399 19-[17, 3,10]
1456   66.060661   66.060625   0.00000000   0.00000000   0.0732   0.6140 19-[17, 1,10]
1457   71.970616   71.970520   0.00000000   0.00000000   0.1240   0.5238 19-[17, 1,10]
1459   73.551398   73.551376   0.00000000   0.00000000   0.0593   0.5566 19-[15, 3,10]
1460   65.555517   65.555450   0.00000000   0.00000000   0.1000   0.7871 19-[17, 2, 9]
1461   66.123856   66.123826   0.00000000   0.00000000   0.0665   0.5157 19-[17, 6, 9]
1462   74.491643   74.491603   0.00000000   0.00000000   0.0812   0.5251 19-[15, 3,10]
1463   56.536878   56.536843   0.00000000   0.00000000   0.0674   0.5508 19-[15, 4, 9]
1466   46.869063   46.868969   0.00000000   0.00000000   0.1015   0.7862 19-[15, 0, 9]
1467   72.530929   72.530903   0.00000000   0.00000000   0.0651   0.4697 19-[15, 2, 9]
1482   68.990454   68.986737   0.00000814   0.00285268   0.7566   0.5942 19-[11, 0, 9]
1483   79.301906   79.295880   0.00001491   0.00386088   1.0258   0.7971 19-[11, 1,10]
1484   66.755602   66.746673   0.00003679   0.00606557   1.1556   0.7161 19-[11, 2, 9]
1485   43.764574   43.747014   0.00016067   0.01267455   1.3485   0.8483 19-[ 9, 0, 9]
1486   79.763089   79.763051   0.00000000   0.00000000   0.0814   0.6222 21+[16, 6,10]
1487   79.847478   79.847419   0.00000000   0.00000000   0.1023   0.4280 21+[18, 0,10]
1488   74.164127   74.164115   0.00000000   0.00000000   0.0435   0.4481 21+[16, 2,10]
1489   78.981166   78.981123   0.00000000   0.00000000   0.0864   0.4287 21+[18, 5,11]
1490   73.220225   73.220202   0.00000000   0.00000000   0.0601   0.5088 21+[16, 1,11]
1491   77.552143   77.552132   0.00000000   0.00000000   0.0436   0.8315 21+[16, 5,11]
1493   63.821293   63.821267   0.00000000   0.00000000   0.0602   0.5495 21+[18, 4,10]
1496   77.689760   77.689730   0.00000000   0.00000000   0.0711   0.6794 21+[18, 5,11]
1497   69.062651   69.062627   0.00000000   0.00000000   0.0600   0.3934 21+[18, 6,10]
1498   71.919797   71.919769   0.00000000   0.00000000   0.0669   0.4743 21+[18, 2,10]
1499   79.122843   79.122828   0.00000000   0.00000000   0.0523   0.4924 21+[18, 6,10]
1500   79.450721   79.450706   0.00000000   0.00000000   0.0506   0.4543 21+[16, 4,10]
1502   73.532755   73.532745   0.00000000   0.00000000   0.0401   0.4789 21+[18, 7,11]
1503   41.164517   41.164511   0.00000000   0.00000000   0.0242   0.7607 21+[16, 0,10]
1506   64.884624   64.884449   0.00000002   0.00015080   0.1600   0.5806 21+[12, 0,10]
1518   77.478082   77.475410   0.00000323   0.00179732   0.6760   0.5944 21+[14, 0,10]
1520   79.619464   79.612709   0.00001773   0.00421082   1.0881   0.6732 21+[12, 2,10]
1521   57.201080   57.187981   0.00008847   0.00940554   1.3072   0.7811 21+[10, 0,10]
1522   73.543834   73.543812   0.00000000   0.00000000   0.0590   0.8810 21-[17, 7,10]
1523   72.965001   72.964975   0.00000000   0.00000000   0.0643   0.4505 21-[15, 3,10]
1524   72.565187   72.565167   0.00000000   0.00000000   0.0569   0.5179 21-[15, 5,10]
1525   58.085142   58.085120   0.00000000   0.00000000   0.0538   0.5617 21-[17, 0,11]
1528   70.869179   70.869166   0.00000000   0.00000000   0.0466   0.5003 21-[17, 2,11]
1530   71.409117   71.409093   0.00000000   0.00000000   0.0621   0.6726 21-[17, 3,10]
1531   76.879573   76.879562   0.00000000   0.00000000   0.0426   0.4340 21-[17, 4,11]
1532   79.283419   79.283404   0.00000000   0.00000000   0.0502   0.4638 21-[19, 8,11]
1533   60.016977   60.016947   0.00000000   0.00000000   0.0648   0.6431 21-[17, 1,10]
1534   66.893112   66.893075   0.00000000   0.00000000   0.0746   0.4941 21-[17, 1,10]
1535   59.963197   59.963143   0.00000000   0.00000000   0.0857   0.6296 21-[15, 1,10]
1536   79.637446   79.637024   0.00000000   0.00000000   0.2718   0.5877 21-[15, 0,11]
1537   71.841259   71.841208   0.00000000   0.00000000   0.0904   0.6202 21-[15, 2,11]
1550   79.301905   79.295880   0.00001491   0.00386088   1.0258   0.8159 21-[11, 0,11]
1551   66.755602   66.746673   0.00003679   0.00606557   1.1556   0.7510 21-[11, 1,10]
1552   74.075885   74.075858   0.00000000   0.00000000   0.0660   0.5900 23+[16, 2,12]
1553   76.101118   76.101104   0.00000000   0.00000000   0.0474   0.3559 23+[16, 3,11]
1555   73.696553   73.696540   0.00000000   0.00000000   0.0456   0.5935 23+[16, 5,11]
1556   68.502151   68.502143   0.00000000   0.00000000   0.0361   0.4614 23+[18, 3,11]
1559   75.671714   75.671707   0.00000000   0.00000000   0.0334   0.4799 23+[20, 7,11]
1560   76.129239   76.129228   0.00000000   0.00000000   0.0419   0.6113 23+[18, 4,12]
1564   64.848294   64.848286   0.00000000   0.00000000   0.0352   0.4600 23+[18, 2,12]
1565   73.936512   73.936486   0.00000000   0.00000000   0.0648   0.6476 23+[18, 1,11]
1566   74.555070   74.555051   0.00000000   0.00000000   0.0569   0.5952 23+[18, 7,11]
1567   51.797223   51.797216   0.00000000   0.00000000   0.0271   0.6246 23+[16, 1,11]
1581   79.619464   79.612709   0.00001773   0.00421082   1.0881   0.7031 23+[12, 1,11]
1582   70.450230   70.450183   0.00000000   0.00000000   0.0856   0.6806 23-[15, 1,12]
1583   49.550806   49.550794   0.00000000   0.00000000   0.0364   0.7525 23-[15, 0,11]
1584   71.972264   71.972247   0.00000000   0.00000000   0.0533   0.7904 23-[17, 4,11]
1587   69.815379   69.815357   0.00000000   0.00000000   0.0584   0.7486 23-[17, 1,12]
1590   73.356981   73.356958   0.00000000   0.00000000   0.0614   0.6927 23-[17, 3,12]
1591   75.086677   75.086654   0.00000000   0.00000000   0.0618   0.3852 23-[17, 5,12]
1592   78.986216   78.986191   0.00000000   0.00000000   0.0665   0.6635 23-[17, 5,12]
1593   67.646119   67.646100   0.00000000   0.00000000   0.0536   0.5677 23-[15, 2,11]
1594   69.623508   69.623389   0.00000000   0.00000000   0.1355   0.7579 23-[17, 0,11]
1595   66.749085   66.749067   0.00000000   0.00000000   0.0511   0.6507 23-[15, 4,11]
1606   66.755601   66.746672   0.00003679   0.00606557   1.1556   0.7679 23-[11, 0,11]
1607   62.803860   62.803850   0.00000000   0.00000000   0.0372   0.6113 25+[16, 0,12]
1608   63.778622   63.778618   0.00000000   0.00000000   0.0234   0.6886 25+[16, 2,12]
1609   72.660464   72.660458   0.00000000   0.00000000   0.0300   0.5784 25+[18, 5,13]
1613   75.725825   75.725816   0.00000000   0.00000000   0.0384   0.5155 25+[18, 3,13]
1616   72.889264   72.889256   0.00000000   0.00000000   0.0360   0.6735 25+[18, 4,12]
1617   67.575603   67.575588   0.00000000   0.00000000   0.0477   0.6026 25+[18, 0,12]
1618   77.601273   77.601260   0.00000000   0.00000000   0.0470   0.5401 25+[16, 4,12]
1619   73.631386   73.631360   0.00000000   0.00000000   0.0658   0.4658 25+[18, 2,12]
1620   73.017168   73.017128   0.00000000   0.00000000   0.0801   0.4867 25+[16, 1,13]
1631   79.619464   79.612708   0.00001773   0.00421082   1.0881   0.7176 25+[12, 0,12]
1632   79.512514   79.512490   0.00000000   0.00000000   0.0654   0.8177 25-[15, 2,13]
1633   67.749170   67.749155   0.00000000   0.00000000   0.0473   0.6512 25-[15, 1,12]
1634   67.974430   67.974392   0.00000000   0.00000000   0.0759   0.6813 25-[17, 0,13]
1635   70.247128   70.247104   0.00000000   0.00000000   0.0612   0.4809 25-[17, 5,12]
1636   77.401264   77.401250   0.00000000   0.00000000   0.0495   0.6387 25-[17, 3,12]
1640   71.620467   71.620450   0.00000000   0.00000000   0.0510   0.5746 25-[17, 4,13]
1641   79.666817   79.666796   0.00000000   0.00000000   0.0605   0.5160 25-[17, 5,12]
1642   72.563208   72.563187   0.00000000   0.00000000   0.0580   0.4975 25-[15, 3,12]
1643   72.182342   72.182297   0.00000000   0.00000000   0.0846   0.6776 25-[15, 0,13]
1652   75.983489   75.983468   0.00000000   0.00000000   0.0595   0.6787 27+[16, 0,14]
1653   72.904546   72.904538   0.00000000   0.00000000   0.0347   0.6065 27+[16, 2,14]
1654   58.894271   58.894267   0.00000000   0.00000000   0.0241   0.6406 27+[18, 1,13]
1660   74.696780   74.696775   0.00000000   0.00000000   0.0286   0.7239 27+[18, 5,13]
1662   75.108687   75.108674   0.00000000   0.00000000   0.0476   0.5494 27+[16, 2,14]
1663   76.644212   76.644193   0.00000000   0.00000000   0.0562   0.4018 27+[18, 1,13]
1672   68.876678   68.876654   0.00000000   0.00000000   0.0605   0.6743 27-[17, 0,13]
1673   79.279702   79.279679   0.00000000   0.00000000   0.0639   0.5997 27-[15, 2,13]
1679   66.991082   66.991070   0.00000000   0.00000000   0.0431   0.5654 27-[17, 1,14]
1680   68.683828   68.683817   0.00000000   0.00000000   0.0410   0.5805 27-[15, 2,13]
1681   73.848948   73.848924   0.00000000   0.00000000   0.0635   0.5540 27-[15, 0,13]
1690   74.268051   74.268045   0.00000000   0.00000000   0.0326   0.6215 29+[18, 3,15]
1692   77.436614   77.436606   0.00000000   0.00000000   0.0360   0.8016 29+[18, 1,15]
1697   70.012651   70.012634   0.00000000   0.00000000   0.0510   0.8160 29+[18, 0,14]
1704   67.870733   67.870724   0.00000000   0.00000000   0.0356   0.7148 29-[17, 1,14]
1711   73.076256   73.076242   0.00000000   0.00000000   0.0473   0.7325 29-[15, 0,15]
1733   76.730543   76.730526   0.00000000   0.00000000   0.0537   0.8602 31-[15, 0,15]
1741   71.887006   71.887001   0.00000000   0.00000000   0.0284   0.8544 33+[18, 0,16]
  Sum canonical e_v*V^2_k=  -1670.6546785859803     


 #quasiparticle energies protons 
 --------------------------------
  eqp(k) -> q.p. energy 
  e(k)   -> referent s.p. energy 
  p(k)   -> occ.probability 
  del(k) -> referent s.p. gap 
  fermi energy alast=  -11.139746534547967     
  #k  block#    eqp(k)     e(k)       (1-2N)E      decay        p(k)        del(k)    overl      labels
   1    1     2.899422  -11.139747   -2.899422    1.472066    1.00000000   0.0000   0.6009  1+[ 4, 2, 0]
   2    1     3.077785   -5.162540    3.077785    1.483804    0.00000000   0.0000   0.5315  1+[ 4, 4, 0]
   3    1     3.816488   -4.423837    3.816488    1.531461    0.00000000   0.0000   0.5522  1+[ 4, 3, 1]
   4    1     5.545709   -2.694616    5.545709    1.637605    0.00000000   0.0000   0.5383  1+[ 4, 1, 1]
   5    1     5.658792   -2.581533    5.658792    1.644308    0.00000000   0.0000   0.6347  1+[ 4, 0, 0]
   6    1    16.337198    8.096873   16.337198    2.186546    0.00000000   0.0000   0.5188  1+[ 6, 4, 0]
   7    1    17.401062  -25.641387  -17.401062    2.233368    1.00000000   0.0000   0.7286  1+[ 2, 0, 0]
   8    1    18.580498   10.340173   18.580498    2.284155    0.00000000   0.0000   0.2836  1+[ 8, 0, 0]
   9    1    19.075813  -27.316137  -19.075813    2.305150    1.00000000   0.0000   0.7555  1+[ 2, 1, 1]
  10    1    19.316291   11.075967   19.316291    2.315275    0.00000000   0.0000   0.2231  1+[ 8, 8, 0]
  11    1    19.582219   11.341894   19.582219    2.326419    0.00000000   0.0000   0.1874  1+[ 8, 3, 1]
  12    1    20.656922   12.416597   20.656922    2.370925    0.00000000   0.0000   0.3282  1+[ 6, 5, 1]
  13    1    21.644838   13.404513   21.644838    2.411112    0.00000000   0.0000   0.2728  1+[ 6, 5, 1]
  14    1    21.742881  -29.983206  -21.742881    2.415064    1.00000000   0.0000   0.6076  1+[ 2, 2, 0]
  15    1    24.496797   16.256472   24.496797    2.523538    0.00000000   0.0000   0.4634  1+[ 6, 3, 1]
  16    1    25.336351   17.096026   25.336351    2.555691    0.00000000   0.0000   0.2867  1+[ 6, 5, 1]
  17    1    26.176202   17.935877   26.176202    2.587457    0.00000000   0.0000   0.3601  1+[ 6, 6, 0]
  18    1    26.644047   18.403722   26.644047    2.604984    0.00000000   0.0000   0.4187  1+[ 6, 0, 0]
  19    1    26.938915   18.698590   26.938915    2.615970    0.00000000   0.0000   0.3823  1+[ 6, 5, 1]
  20    1    26.981309   18.740984   26.981309    2.617546    0.00000000   0.0000   0.3184  1+[ 6, 1, 1]
  21    1    27.244072   19.003747   27.244072    2.627292    0.00000000   0.0000   0.1861  1+[14,13, 1]
  22    1    28.337772   20.097447   28.337772    2.667474    0.00000000   0.0000   0.2834  1+[ 6, 3, 1]
  23    1    32.368327   24.128002   32.368327    2.810599    0.00000000   0.0000   0.2588  1+[ 8, 4, 0]
  24    1    32.879101   24.638776   32.879101    2.828219    0.00000000   0.0000   0.1879  1+[14, 2, 0]
  25    1    36.622861   28.382536   36.622861    2.954164    0.00000000   0.0000   0.4466  1+[ 8, 4, 0]
  26    1    37.125857   28.885532   37.125857    2.970679    0.00000000   0.0000   0.2388  1+[ 8, 1, 1]
  27    1    37.481903   29.241578   37.481903    2.982313    0.00000000   0.0000   0.2435  1+[ 6, 6, 0]
  28    1    38.117323   29.876998   38.117323    3.002965    0.00000000   0.0000   0.3380  1+[ 8, 2, 0]
  29    1    38.275262   30.034937   38.275262    3.008076    0.00000000   0.0000   0.3498  1+[ 6, 0, 0]
  30    1    38.365992   30.125667   38.365992    3.011008    0.00000000   0.0000   0.2384  1+[ 6, 1, 1]
  31    1    38.453009  -46.693334  -38.453009    3.013818    1.00000000   0.0000   0.9462  1+[ 0, 0, 0]
  32    1    38.490256   30.249931   38.490256    3.015020    0.00000000   0.0000   0.2342  1+[ 8, 1, 1]
  33    1    40.322384   32.082059   40.322384    3.073555    0.00000000   0.0000   0.2616  1+[ 8, 2, 0]
  34    1    40.427709   32.187384   40.427709    3.076886    0.00000000   0.0000   0.2013  1+[16,14, 0]
  35    1    40.493387   32.253062   40.493387    3.078962    0.00000000   0.0000   0.2049  1+[14, 3, 1]
  36    1    42.794998   34.554673   42.794998    3.150830    0.00000000   0.0000   0.3925  1+[ 8, 5, 1]
  37    1    49.697424   41.457099   49.697424    3.357147    0.00000000   0.0000   0.2184  1+[16, 4, 0]
  38    1    49.721383   41.481058   49.721383    3.357841    0.00000000   0.0000   0.2964  1+[10, 8, 0]
  39    1    49.749808   41.509483   49.749808    3.358664    0.00000000   0.0000   0.2180  1+[16,13, 1]
  40    1    51.434827   43.194502   51.434827    3.407111    0.00000000   0.0000   0.2711  1+[ 8, 2, 0]
  41    1    53.113723   44.873398   53.113723    3.454707    0.00000000   0.0000   0.2727  1+[ 8, 1, 1]
  42    1    53.398400   45.158075   53.398400    3.462712    0.00000000   0.0000   0.4153  1+[10, 5, 1]
  43    1    54.123389   45.883064   54.123389    3.483017    0.00000000   0.0000   0.3051  1+[ 8, 8, 0]
  44    1    54.503308   46.262983   54.503308    3.493610    0.00000000   0.0000   0.2631  1+[ 8, 5, 1]
  45    1    54.814265   46.573940   54.814265    3.502256    0.00000000   0.0000   0.2835  1+[ 8, 2, 0]
  46    1    54.988895   46.748570   54.988895    3.507103    0.00000000   0.0000   0.3127  1+[ 8, 1, 1]
  47    1    55.006401   46.766077   55.006401    3.507588    0.00000000   0.0000   0.2707  1+[ 8, 3, 1]
  48    1    55.127112   46.886787   55.127112    3.510934    0.00000000   0.0000   0.3865  1+[ 8, 0, 0]
  49    1    56.062248   47.821924   56.062248    3.536745    0.00000000   0.0000   0.3565  1+[10, 5, 1]
  50    1    61.060185   52.819860   61.060185    3.671620    0.00000000   0.0000   0.2261  1+[16,11, 1]
  51    1    61.161256   52.920931   61.161256    3.674297    0.00000000   0.0000   0.2347  1+[16,11, 1]
  52    1    65.254724   57.014399   65.254724    3.781104    0.00000000   0.0000   0.2888  1+[12, 4, 0]
  53    1    68.862398   60.622073   68.862398    3.872794    0.00000000   0.0000   0.3866  1+[12, 6, 0]
  54    1    69.029873   60.789548   69.029873    3.876998    0.00000000   0.0000   0.2644  1+[10, 8, 0]
  55    1    70.226613   61.986288   70.226613    3.906906    0.00000000   0.0000   0.3370  1+[12, 7, 1]
  56    1    71.179677   62.939352   71.179677    3.930561    0.00000000   0.0000   0.2742  1+[10, 2, 0]
  57    1    72.087440   63.847115   72.087440    3.952960    0.00000000   0.0000   0.3169  1+[10, 5, 1]
  58    1    73.344679   65.104354   73.344679    3.983774    0.00000000   0.0000   0.2667  1+[10,10, 0]
  59    1    73.899072   65.658747   73.899072    3.997287    0.00000000   0.0000   0.2830  1+[10, 9, 1]
  60    1    74.101718   65.861393   74.101718    4.002215    0.00000000   0.0000   0.2922  1+[10, 3, 1]
  61    1    74.755136   66.514811   74.755136    4.018063    0.00000000   0.0000   0.2744  1+[10, 0, 0]
  62    1    75.218745   66.978420   75.218745    4.029270    0.00000000   0.0000   0.2830  1+[10, 1, 1]
  63    1    75.308373   67.068048   75.308373    4.031433    0.00000000   0.0000   0.2589  1+[18, 6, 0]
  64    1    75.490226   67.249901   75.490226    4.035818    0.00000000   0.0000   0.2558  1+[18, 6, 0]
  65    1    75.648882   67.408557   75.648882    4.039640    0.00000000   0.0000   0.2328  1+[10, 3, 1]
  66    1    75.882514   67.642189   75.882514    4.045261    0.00000000   0.0000   0.3479  1+[10, 0, 0]
  67    1    86.092317   77.851992   86.092317    4.283715    0.00000000   0.0000   0.2889  1+[14,10, 0]
  68    1    86.298910   78.058585   86.298910    4.288403    0.00000000   0.0000   0.3632  1+[14, 8, 0]
  69    1    87.142996   78.902671   87.142996    4.307505    0.00000000   0.0000   0.3614  1+[14, 7, 1]
  70    1    88.053142   79.812817   88.053142    4.328007    0.00000000   0.0000   0.2284  1+[12, 4, 0]
  71    2     5.412750  -13.653075   -5.412750    1.629689    1.00000000   0.0000   0.6702  1-[ 3, 0, 1]
  72    2     6.712248   -1.528077    6.712248    1.705484    0.00000000   0.0000   0.5762  1-[ 5, 3, 0]
  73    2     7.051179  -15.291504   -7.051179    1.724704    1.00000000   0.0000   0.5694  1-[ 3, 3, 0]
  74    2     7.780358  -16.020682   -7.780358    1.765347    1.00000000   0.0000   0.6637  1-[ 3, 2, 1]
  75    2    12.425143  -20.665468  -12.425143    2.004990    1.00000000   0.0000   0.5665  1-[ 3, 2, 1]
  76    2    12.832651    4.592326   12.832651    2.024662    0.00000000   0.0000   0.4956  1-[ 5, 1, 0]
  77    2    14.854861    6.614536   14.854861    2.119582    0.00000000   0.0000   0.4141  1-[ 5, 5, 0]
  78    2    14.977016    6.736692   14.977016    2.125180    0.00000000   0.0000   0.5378  1-[ 5, 2, 1]
  79    2    15.276956    7.036631   15.276956    2.138864    0.00000000   0.0000   0.4826  1-[ 5, 4, 1]
  80    2    15.429818    7.189493   15.429818    2.145804    0.00000000   0.0000   0.5111  1-[ 5, 0, 1]
  81    2    21.271860   13.031535   21.271860    2.396019    0.00000000   0.0000   0.2138  1-[ 5, 5, 0]
  82    2    21.504108   13.263783   21.504108    2.405428    0.00000000   0.0000   0.2980  1-[ 5, 0, 1]
  83    2    22.171612   13.931288   22.171612    2.432269    0.00000000   0.0000   0.2113  1-[ 9, 9, 0]
  84    2    22.592994   14.352669   22.592994    2.449062    0.00000000   0.0000   0.1897  1-[13, 0, 1]
  85    2    24.900649   16.660324   24.900649    2.539056    0.00000000   0.0000   0.1924  1-[ 9, 1, 0]
  86    2    25.369265   17.128940   25.369265    2.556944    0.00000000   0.0000   0.2041  1-[11,10, 1]
  87    2    25.732160   17.491835   25.732160    2.570711    0.00000000   0.0000   0.4877  1-[ 7, 4, 1]
  88    2    29.435082  -37.675407  -29.435082    2.707189    1.00000000   0.0000   0.7866  1-[ 1, 0, 1]
  89    2    30.091797   21.851472   30.091797    2.730681    0.00000000   0.0000   0.2225  1-[ 7, 4, 1]
  90    2    30.581813  -38.822138  -30.581813    2.748080    1.00000000   0.0000   0.7780  1-[ 1, 1, 0]
  91    2    31.423387   23.183063   31.423387    2.777706    0.00000000   0.0000   0.1829  1-[13,12, 1]
  92    2    32.603027   24.362702   32.603027    2.818709    0.00000000   0.0000   0.3430  1-[ 7, 2, 1]
  93    2    32.712608   24.472283   32.712608    2.822488    0.00000000   0.0000   0.2643  1-[ 7, 7, 0]
  94    2    32.775926   24.535602   32.775926    2.824669    0.00000000   0.0000   0.3210  1-[ 7, 1, 0]
  95    2    33.065972   24.825647   33.065972    2.834639    0.00000000   0.0000   0.3531  1-[ 7, 0, 1]
  96    2    33.866471   25.626146   33.866471    2.861974    0.00000000   0.0000   0.2763  1-[ 7, 6, 1]
  97    2    34.755652   26.515327   34.755652    2.892035    0.00000000   0.0000   0.3581  1-[ 7, 2, 1]
  98    2    35.877148   27.636823   35.877148    2.929509    0.00000000   0.0000   0.4464  1-[ 7, 4, 1]
  99    2    37.529210   29.288885   37.529210    2.983856    0.00000000   0.0000   0.2011  1-[13,11, 0]
 100    2    37.710532   29.470207   37.710532    2.989760    0.00000000   0.0000   0.1998  1-[15, 2, 1]
 101    2    45.371041   37.130716   45.371041    3.229371    0.00000000   0.0000   0.3332  1-[ 9, 7, 0]
 102    2    45.502322   37.261997   45.502322    3.233323    0.00000000   0.0000   0.2362  1-[ 9, 1, 0]
 103    2    45.696458   37.456133   45.696458    3.239158    0.00000000   0.0000   0.4644  1-[ 9, 5, 0]
 104    2    46.569204   38.328879   46.569204    3.265259    0.00000000   0.0000   0.2152  1-[15, 3, 0]
 105    2    46.645471   38.405147   46.645471    3.267530    0.00000000   0.0000   0.2250  1-[15,12, 1]
 106    2    47.097934   38.857610   47.097934    3.280970    0.00000000   0.0000   0.2793  1-[ 7, 1, 0]
 107    2    47.860657   39.620332   47.860657    3.303504    0.00000000   0.0000   0.2564  1-[ 7, 2, 1]
 108    2    48.102371   39.862046   48.102371    3.310613    0.00000000   0.0000   0.2774  1-[ 7, 7, 0]
 109    2    48.502931   40.262607   48.502931    3.322360    0.00000000   0.0000   0.3819  1-[ 7, 0, 1]
 110    2    48.610544   40.370219   48.610544    3.325509    0.00000000   0.0000   0.2702  1-[ 7, 6, 1]
 111    2    48.952692   40.712367   48.952692    3.335501    0.00000000   0.0000   0.2503  1-[ 9, 2, 1]
 112    2    50.827885   42.587560   50.827885    3.389741    0.00000000   0.0000   0.3835  1-[ 9, 4, 1]
 113    2    57.584631   49.344306   57.584631    3.578367    0.00000000   0.0000   0.2363  1-[15, 5, 0]
 114    2    57.705338   49.465013   57.705338    3.581646    0.00000000   0.0000   0.2302  1-[15,10, 1]
 115    2    59.579093   51.338769   59.579093    3.632174    0.00000000   0.0000   0.3163  1-[11, 3, 0]
 116    2    62.847143   54.606819   62.847143    3.718657    0.00000000   0.0000   0.4074  1-[11, 5, 0]
 117    2    63.047211   54.806886   63.047211    3.723886    0.00000000   0.0000   0.2589  1-[ 9, 7, 0]
 118    2    64.981003   56.740678   64.981003    3.774056    0.00000000   0.0000   0.2654  1-[ 9, 1, 0]
 119    2    65.477024   57.236699   65.477024    3.786818    0.00000000   0.0000   0.3734  1-[11, 6, 1]
 120    2    65.765210   57.524885   65.765210    3.794213    0.00000000   0.0000   0.2672  1-[ 9, 4, 1]
 121    2    66.553427   58.313102   66.553427    3.814365    0.00000000   0.0000   0.2899  1-[ 9, 9, 0]
 122    2    67.095758   58.855433   67.095758    3.828169    0.00000000   0.0000   0.2980  1-[ 9, 8, 1]
 123    2    67.208875   58.968550   67.208875    3.831042    0.00000000   0.0000   0.2796  1-[ 9, 2, 1]
 124    2    67.730394   59.490069   67.730394    3.844259    0.00000000   0.0000   0.2605  1-[ 9, 0, 1]
 125    2    67.974284   59.733959   67.974284    3.850425    0.00000000   0.0000   0.2565  1-[ 9, 0, 1]
 126    2    68.115564   59.875239   68.115564    3.853992    0.00000000   0.0000   0.3724  1-[ 9, 0, 1]
 127    2    71.459664   63.219339   71.459664    3.937483    0.00000000   0.0000   0.2522  1-[17, 6, 1]
 128    2    71.666392   63.426067   71.666392    3.942586    0.00000000   0.0000   0.2666  1-[17, 6, 1]
 129    2    78.514697   70.274372   78.514697    4.108061    0.00000000   0.0000   0.3074  1-[13, 9, 0]
 130    2    80.880177   72.639852   80.880177    4.163690    0.00000000   0.0000   0.3937  1-[13, 7, 0]
 131    2    82.060423   73.820098   82.060423    4.191170    0.00000000   0.0000   0.2425  1-[13,11, 0]
 132    2    82.253505   74.013180   82.253505    4.195648    0.00000000   0.0000   0.3611  1-[13, 6, 1]
 133    2    85.171912   76.931587   85.171912    4.262766    0.00000000   0.0000   0.2378  1-[11, 2, 1]
 134    2    85.179043   76.938718   85.179043    4.262928    0.00000000   0.0000   0.2703  1-[11, 6, 1]
 135    2    88.161169   79.920844   88.161169    4.330434    0.00000000   0.0000   0.2629  1-[11, 1, 0]
 136    3     2.899422  -11.139747   -2.899422    1.472066    1.00000000   0.0000   0.6009  3+[ 4, 3, 1]
 137    3     3.077785   -5.162540    3.077785    1.483804    0.00000000   0.0000   0.6138  3+[ 4, 1, 1]
 138    3     3.816488   -4.423837    3.816488    1.531461    0.00000000   0.0000   0.7409  3+[ 4, 2, 2]
 139    3     5.545709   -2.694616    5.545709    1.637605    0.00000000   0.0000   0.7613  3+[ 4, 0, 2]
 140    3    16.337198    8.096873   16.337198    2.186546    0.00000000   0.0000   0.5991  3+[ 6, 3, 1]
 141    3    19.075813  -27.316137  -19.075813    2.305150    1.00000000   0.0000   0.8723  3+[ 2, 0, 2]
 142    3    19.316291   11.075967   19.316291    2.315275    0.00000000   0.0000   0.2263  3+[ 8, 3, 1]
 143    3    19.582219   11.341894   19.582219    2.326419    0.00000000   0.0000   0.3226  3+[ 8, 0, 2]
 144    3    20.656922   12.416597   20.656922    2.370925    0.00000000   0.0000   0.4020  3+[ 6, 5, 1]
 145    3    21.644838   13.404513   21.644838    2.411112    0.00000000   0.0000   0.2835  3+[ 6, 4, 2]
 146    3    21.742881  -29.983206  -21.742881    2.415064    1.00000000   0.0000   0.8592  3+[ 2, 1, 1]
 147    3    24.496797   16.256472   24.496797    2.523538    0.00000000   0.0000   0.4431  3+[ 6, 4, 2]
 148    3    25.336351   17.096026   25.336351    2.555691    0.00000000   0.0000   0.3511  3+[ 6, 5, 1]
 149    3    26.176202   17.935877   26.176202    2.587457    0.00000000   0.0000   0.3720  3+[ 6, 3, 1]
 150    3    26.938915   18.698590   26.938915    2.615970    0.00000000   0.0000   0.3973  3+[ 6, 4, 2]
 151    3    26.981309   18.740984   26.981309    2.617546    0.00000000   0.0000   0.5199  3+[ 6, 0, 2]
 152    3    27.244072   19.003747   27.244072    2.627292    0.00000000   0.0000   0.2149  3+[14,13, 1]
 153    3    28.337772   20.097447   28.337772    2.667474    0.00000000   0.0000   0.2710  3+[ 6, 2, 2]
 154    3    32.368327   24.128002   32.368327    2.810599    0.00000000   0.0000   0.2588  3+[ 8, 5, 1]
 155    3    32.879101   24.638776   32.879101    2.828219    0.00000000   0.0000   0.2234  3+[14,12, 2]
 156    3    36.622861   28.382536   36.622861    2.954164    0.00000000   0.0000   0.4466  3+[ 8, 5, 1]
 157    3    37.125857   28.885533   37.125857    2.970679    0.00000000   0.0000   0.2925  3+[ 8, 1, 1]
 158    3    37.481903   29.241578   37.481903    2.982313    0.00000000   0.0000   0.2515  3+[ 6, 3, 1]
 159    3    38.117323   29.876998   38.117323    3.002965    0.00000000   0.0000   0.3260  3+[ 8, 7, 1]
 160    3    38.365992   30.125667   38.365992    3.011008    0.00000000   0.0000   0.3892  3+[ 6, 0, 2]
 161    3    38.490256   30.249931   38.490256    3.015020    0.00000000   0.0000   0.2352  3+[ 8, 4, 2]
 162    3    40.322384   32.082059   40.322384    3.073555    0.00000000   0.0000   0.3257  3+[ 8, 6, 2]
 163    3    40.427709   32.187384   40.427709    3.076886    0.00000000   0.0000   0.2138  3+[14, 3, 1]
 164    3    40.493387   32.253062   40.493387    3.078962    0.00000000   0.0000   0.2088  3+[16,14, 2]
 165    3    42.794998   34.554673   42.794998    3.150830    0.00000000   0.0000   0.4514  3+[ 8, 4, 2]
 166    3    49.697424   41.457099   49.697424    3.357147    0.00000000   0.0000   0.2256  3+[16,13, 1]
 167    3    49.721383   41.481058   49.721383    3.357841    0.00000000   0.0000   0.3232  3+[10, 3, 1]
 168    3    49.749808   41.509483   49.749808    3.358664    0.00000000   0.0000   0.2277  3+[16, 4, 2]
 169    3    51.434827   43.194502   51.434827    3.407111    0.00000000   0.0000   0.2614  3+[ 8, 7, 1]
 170    3    53.113723   44.873398   53.113723    3.454707    0.00000000   0.0000   0.3340  3+[ 8, 1, 1]
 171    3    53.398400   45.158075   53.398400    3.462712    0.00000000   0.0000   0.4550  3+[10, 5, 1]
 172    3    54.123390   45.883065   54.123390    3.483017    0.00000000   0.0000   0.3095  3+[ 8, 3, 1]
 173    3    54.503308   46.262983   54.503308    3.493610    0.00000000   0.0000   0.3026  3+[ 8, 4, 2]
 174    3    54.814265   46.573940   54.814265    3.502256    0.00000000   0.0000   0.3530  3+[ 8, 6, 2]
 175    3    54.988895   46.748570   54.988895    3.507103    0.00000000   0.0000   0.3140  3+[ 8, 4, 2]
 176    3    55.006401   46.766076   55.006401    3.507588    0.00000000   0.0000   0.4659  3+[ 8, 0, 2]
 177    3    56.062248   47.821924   56.062248    3.536745    0.00000000   0.0000   0.3511  3+[10, 6, 2]
 178    3    61.060185   52.819860   61.060185    3.671620    0.00000000   0.0000   0.2417  3+[16,11, 1]
 179    3    61.161256   52.920931   61.161256    3.674297    0.00000000   0.0000   0.2304  3+[18,14, 2]
 180    3    65.254724   57.014399   65.254724    3.781104    0.00000000   0.0000   0.3040  3+[12, 9, 1]
 181    3    68.862398   60.622073   68.862398    3.872794    0.00000000   0.0000   0.3866  3+[12, 7, 1]
 182    3    69.029873   60.789548   69.029873    3.876998    0.00000000   0.0000   0.2884  3+[10, 3, 1]
 183    3    70.226613   61.986288   70.226613    3.906906    0.00000000   0.0000   0.3690  3+[12, 6, 2]
 184    3    71.179677   62.939352   71.179677    3.930561    0.00000000   0.0000   0.2980  3+[10, 9, 1]
 185    3    72.087440   63.847115   72.087440    3.952960    0.00000000   0.0000   0.3120  3+[10, 6, 2]
 186    3    73.344680   65.104355   73.344680    3.983774    0.00000000   0.0000   0.3123  3+[10, 1, 1]
 187    3    73.899072   65.658747   73.899072    3.997287    0.00000000   0.0000   0.3189  3+[10, 8, 2]
 188    3    74.101718   65.861393   74.101718    4.002215    0.00000000   0.0000   0.2874  3+[10, 8, 2]
 189    3    74.755136   66.514812   74.755136    4.018063    0.00000000   0.0000   0.2688  3+[10, 3, 1]
 190    3    75.218745   66.978420   75.218745    4.029270    0.00000000   0.0000   0.2690  3+[10, 6, 2]
 191    3    75.308373   67.068048   75.308373    4.031433    0.00000000   0.0000   0.2543  3+[18,13, 1]
 192    3    75.490226   67.249901   75.490226    4.035818    0.00000000   0.0000   0.2739  3+[18,12, 2]
 193    3    75.648881   67.408556   75.648881    4.039639    0.00000000   0.0000   0.4251  3+[10, 0, 2]
 194    3    86.092317   77.851992   86.092317    4.283715    0.00000000   0.0000   0.2898  3+[14, 5, 1]
 195    3    86.298910   78.058585   86.298910    4.288403    0.00000000   0.0000   0.3883  3+[14, 7, 1]
 196    3    87.142996   78.902672   87.142996    4.307505    0.00000000   0.0000   0.3586  3+[14, 8, 2]
 197    3    88.053142   79.812817   88.053142    4.328007    0.00000000   0.0000   0.2412  3+[14, 3, 1]
 198    4     6.712248   -1.528077    6.712248    1.705484    0.00000000   0.0000   0.5904  3-[ 5, 2, 1]
 199    4     7.051179  -15.291504   -7.051179    1.724704    1.00000000   0.0000   0.8053  3-[ 3, 0, 1]
 200    4     7.780358  -16.020682   -7.780358    1.765347    1.00000000   0.0000   0.8296  3-[ 3, 1, 2]
 201    4    12.425143  -20.665468  -12.425143    2.004990    1.00000000   0.0000   0.7313  3-[ 3, 2, 1]
 202    4    12.832651    4.592326   12.832651    2.024662    0.00000000   0.0000   0.5541  3-[ 5, 4, 1]
 203    4    14.854861    6.614536   14.854861    2.119582    0.00000000   0.0000   0.6415  3-[ 5, 0, 1]
 204    4    14.977016    6.736692   14.977016    2.125180    0.00000000   0.0000   0.6275  3-[ 5, 3, 2]
 205    4    15.276956    7.036631   15.276956    2.138864    0.00000000   0.0000   0.6032  3-[ 5, 1, 2]
 206    4    21.271860   13.031535   21.271860    2.396019    0.00000000   0.0000   0.3312  3-[ 5, 0, 1]
 207    4    22.171612   13.931288   22.171612    2.432269    0.00000000   0.0000   0.2112  3-[11, 0, 1]
 208    4    22.592994   14.352669   22.592994    2.449062    0.00000000   0.0000   0.2142  3-[ 5, 1, 2]
 209    4    24.900649   16.660324   24.900649    2.539056    0.00000000   0.0000   0.2245  3-[ 9, 8, 1]
 210    4    25.369265   17.128940   25.369265    2.556944    0.00000000   0.0000   0.2277  3-[11, 1, 2]
 211    4    25.732160   17.491835   25.732160    2.570711    0.00000000   0.0000   0.5530  3-[ 7, 4, 1]
 212    4    30.091797   21.851472   30.091797    2.730681    0.00000000   0.0000   0.2360  3-[ 7, 3, 2]
 213    4    30.581813  -38.822138  -30.581813    2.748080    1.00000000   0.0000   0.9529  3-[ 1, 0, 1]
 214    4    31.423387   23.183063   31.423387    2.777706    0.00000000   0.0000   0.2073  3-[13,12, 1]
 215    4    32.603027   24.362702   32.603027    2.818709    0.00000000   0.0000   0.4059  3-[ 7, 2, 1]
 216    4    32.712608   24.472283   32.712608    2.822488    0.00000000   0.0000   0.4378  3-[ 7, 0, 1]
 217    4    32.775926   24.535602   32.775926    2.824669    0.00000000   0.0000   0.3276  3-[ 7, 6, 1]
 218    4    33.866471   25.626146   33.866471    2.861974    0.00000000   0.0000   0.3567  3-[ 7, 1, 2]
 219    4    34.755652   26.515327   34.755652    2.892035    0.00000000   0.0000   0.4161  3-[ 7, 5, 2]
 220    4    35.877148   27.636823   35.877148    2.929509    0.00000000   0.0000   0.4735  3-[ 7, 3, 2]
 221    4    37.529210   29.288885   37.529210    2.983856    0.00000000   0.0000   0.2053  3-[15, 2, 1]
 222    4    37.710532   29.470207   37.710532    2.989760    0.00000000   0.0000   0.2223  3-[15,13, 2]
 223    4    45.371041   37.130716   45.371041    3.229371    0.00000000   0.0000   0.3382  3-[ 9, 2, 1]
 224    4    45.502322   37.261997   45.502322    3.233323    0.00000000   0.0000   0.2756  3-[ 9, 8, 1]
 225    4    45.696458   37.456133   45.696458    3.239158    0.00000000   0.0000   0.4687  3-[ 9, 4, 1]
 226    4    46.569204   38.328879   46.569204    3.265259    0.00000000   0.0000   0.2325  3-[15,12, 1]
 227    4    46.645471   38.405147   46.645471    3.267530    0.00000000   0.0000   0.2308  3-[15, 3, 2]
 228    4    47.097934   38.857610   47.097934    3.280970    0.00000000   0.0000   0.2851  3-[ 7, 6, 1]
 229    4    47.860657   39.620332   47.860657    3.303504    0.00000000   0.0000   0.2979  3-[ 7, 5, 2]
 230    4    48.102371   39.862047   48.102371    3.310613    0.00000000   0.0000   0.4595  3-[ 7, 0, 1]
 231    4    48.610544   40.370219   48.610544    3.325509    0.00000000   0.0000   0.3489  3-[ 7, 1, 2]
 232    4    48.952692   40.712367   48.952692    3.335501    0.00000000   0.0000   0.2839  3-[ 9, 7, 2]
 233    4    50.827885   42.587560   50.827885    3.389741    0.00000000   0.0000   0.4219  3-[ 9, 5, 2]
 234    4    57.584631   49.344306   57.584631    3.578367    0.00000000   0.0000   0.2360  3-[15,10, 1]
 235    4    57.705338   49.465013   57.705338    3.581646    0.00000000   0.0000   0.2485  3-[15, 5, 2]
 236    4    59.579093   51.338769   59.579093    3.632174    0.00000000   0.0000   0.3389  3-[11, 8, 1]
 237    4    62.847143   54.606819   62.847143    3.718657    0.00000000   0.0000   0.4428  3-[11, 6, 1]
 238    4    63.047211   54.806886   63.047211    3.723886    0.00000000   0.0000   0.2628  3-[ 9, 2, 1]
 239    4    64.981003   56.740678   64.981003    3.774056    0.00000000   0.0000   0.3097  3-[ 9, 8, 1]
 240    4    65.477024   57.236699   65.477024    3.786818    0.00000000   0.0000   0.3838  3-[11, 5, 2]
 241    4    65.765210   57.524885   65.765210    3.794213    0.00000000   0.0000   0.2940  3-[ 9, 5, 2]
 242    4    66.553427   58.313102   66.553427    3.814365    0.00000000   0.0000   0.2829  3-[ 9, 0, 1]
 243    4    67.095758   58.855433   67.095758    3.828169    0.00000000   0.0000   0.3219  3-[ 9, 1, 2]
 244    4    67.208875   58.968550   67.208875    3.831042    0.00000000   0.0000   0.3171  3-[ 9, 7, 2]
 245    4    67.730394   59.490069   67.730394    3.844259    0.00000000   0.0000   0.4513  3-[ 9, 0, 1]
 246    4    67.974284   59.733959   67.974284    3.850425    0.00000000   0.0000   0.3206  3-[ 9, 1, 2]
 247    4    71.459664   63.219339   71.459664    3.937483    0.00000000   0.0000   0.2685  3-[17, 6, 1]
 248    4    71.666392   63.426067   71.666392    3.942586    0.00000000   0.0000   0.2675  3-[17,11, 2]
 249    4    78.514697   70.274372   78.514697    4.108061    0.00000000   0.0000   0.3287  3-[13, 4, 1]
 250    4    80.880177   72.639852   80.880177    4.163690    0.00000000   0.0000   0.3956  3-[13, 6, 1]
 251    4    82.060423   73.820098   82.060423    4.191170    0.00000000   0.0000   0.2358  3-[11, 8, 1]
 252    4    82.253505   74.013180   82.253505    4.195648    0.00000000   0.0000   0.3868  3-[13, 7, 2]
 253    4    85.171912   76.931587   85.171912    4.262766    0.00000000   0.0000   0.2696  3-[11, 2, 1]
 254    4    85.179043   76.938718   85.179043    4.262928    0.00000000   0.0000   0.2778  3-[11, 5, 2]
 255    4    88.161169   79.920844   88.161169    4.330434    0.00000000   0.0000   0.2909  3-[11,10, 1]
 256    5     2.899422  -11.139747   -2.899422    1.472066    1.00000000   0.0000   0.7950  5+[ 4, 2, 2]
 257    5     3.077785   -5.162540    3.077785    1.483804    0.00000000   0.0000   0.8404  5+[ 4, 0, 2]
 258    5     3.816488   -4.423837    3.816488    1.531461    0.00000000   0.0000   0.8643  5+[ 4, 1, 3]
 259    5    16.337198    8.096873   16.337198    2.186546    0.00000000   0.0000   0.5683  5+[ 6, 4, 2]
 260    5    19.316291   11.075967   19.316291    2.315275    0.00000000   0.0000   0.3771  5+[ 8, 0, 2]
 261    5    20.656922   12.416597   20.656922    2.370925    0.00000000   0.0000   0.4119  5+[ 6, 4, 2]
 262    5    21.644838   13.404513   21.644838    2.411112    0.00000000   0.0000   0.3819  5+[ 6, 1, 3]
 263    5    21.742881  -29.983206  -21.742881    2.415064    1.00000000   0.0000   0.9606  5+[ 2, 0, 2]
 264    5    24.496797   16.256472   24.496797    2.523538    0.00000000   0.0000   0.5756  5+[ 6, 3, 3]
 265    5    25.336351   17.096026   25.336351    2.555691    0.00000000   0.0000   0.3598  5+[ 6, 4, 2]
 266    5    26.176202   17.935877   26.176202    2.587457    0.00000000   0.0000   0.5881  5+[ 6, 0, 2]
 267    5    26.938915   18.698590   26.938915    2.615970    0.00000000   0.0000   0.5353  5+[ 6, 1, 3]
 268    5    27.244072   19.003747   27.244072    2.627292    0.00000000   0.0000   0.2128  5+[10, 8, 2]
 269    5    28.337772   20.097447   28.337772    2.667474    0.00000000   0.0000   0.3520  5+[ 6, 3, 3]
 270    5    32.368327   24.128002   32.368327    2.810599    0.00000000   0.0000   0.2961  5+[ 8, 4, 2]
 271    5    32.879101   24.638776   32.879101    2.828219    0.00000000   0.0000   0.2243  5+[14,11, 3]
 272    5    36.622861   28.382536   36.622861    2.954164    0.00000000   0.0000   0.5110  5+[ 8, 4, 2]
 273    5    37.125857   28.885532   37.125857    2.970679    0.00000000   0.0000   0.2896  5+[ 8, 4, 2]
 274    5    37.481902   29.241578   37.481902    2.982313    0.00000000   0.0000   0.4158  5+[10, 0, 2]
 275    5    38.117323   29.876998   38.117323    3.002965    0.00000000   0.0000   0.4132  5+[ 8, 6, 2]
 276    5    38.490256   30.249931   38.490256    3.015020    0.00000000   0.0000   0.3155  5+[ 8, 1, 3]
 277    5    40.322384   32.082059   40.322384    3.073555    0.00000000   0.0000   0.3454  5+[ 8, 5, 3]
 278    5    40.427709   32.187384   40.427709    3.076886    0.00000000   0.0000   0.2162  5+[16,14, 2]
 279    5    40.493387   32.253062   40.493387    3.078962    0.00000000   0.0000   0.2419  5+[16,13, 3]
 280    5    42.794998   34.554673   42.794998    3.150830    0.00000000   0.0000   0.4533  5+[ 8, 3, 3]
 281    5    49.697424   41.457099   49.697424    3.357147    0.00000000   0.0000   0.2350  5+[16, 4, 2]
 282    5    49.721383   41.481058   49.721383    3.357841    0.00000000   0.0000   0.3164  5+[10, 8, 2]
 283    5    49.749808   41.509483   49.749808    3.358664    0.00000000   0.0000   0.2285  5+[16, 3, 3]
 284    5    51.434827   43.194502   51.434827    3.407111    0.00000000   0.0000   0.3314  5+[ 8, 6, 2]
 285    5    53.113723   44.873398   53.113723    3.454707    0.00000000   0.0000   0.3307  5+[ 8, 4, 2]
 286    5    53.398400   45.158075   53.398400    3.462712    0.00000000   0.0000   0.4465  5+[10, 6, 2]
 287    5    54.123389   45.883064   54.123389    3.483017    0.00000000   0.0000   0.5158  5+[ 8, 0, 2]
 288    5    54.503308   46.262983   54.503308    3.493610    0.00000000   0.0000   0.3039  5+[ 8, 3, 3]
 289    5    54.814265   46.573940   54.814265    3.502256    0.00000000   0.0000   0.3744  5+[ 8, 5, 3]
 290    5    54.988895   46.748570   54.988895    3.507103    0.00000000   0.0000   0.4213  5+[ 8, 1, 3]
 291    5    56.062248   47.821924   56.062248    3.536745    0.00000000   0.0000   0.4034  5+[10, 5, 3]
 292    5    61.060185   52.819860   61.060185    3.671620    0.00000000   0.0000   0.2357  5+[18,14, 2]
 293    5    61.161256   52.920931   61.161256    3.674297    0.00000000   0.0000   0.2550  5+[16,11, 3]
 294    5    65.254724   57.014399   65.254724    3.781104    0.00000000   0.0000   0.3139  5+[12, 4, 2]
 295    5    68.862398   60.622073   68.862398    3.872794    0.00000000   0.0000   0.4223  5+[12, 6, 2]
 296    5    69.029873   60.789548   69.029873    3.876998    0.00000000   0.0000   0.2822  5+[10, 8, 2]
 297    5    70.226613   61.986288   70.226613    3.906906    0.00000000   0.0000   0.3624  5+[12, 5, 3]
 298    5    71.179677   62.939352   71.179677    3.930561    0.00000000   0.0000   0.3331  5+[10, 8, 2]
 299    5    72.087440   63.847115   72.087440    3.952960    0.00000000   0.0000   0.3585  5+[10, 5, 3]
 300    5    73.344679   65.104354   73.344679    3.983774    0.00000000   0.0000   0.2926  5+[10, 6, 2]
 301    5    73.899072   65.658747   73.899072    3.997287    0.00000000   0.0000   0.3321  5+[10, 1, 3]
 302    5    74.101718   65.861393   74.101718    4.002215    0.00000000   0.0000   0.3534  5+[10, 7, 3]
 303    5    74.755136   66.514811   74.755136    4.018063    0.00000000   0.0000   0.4752  5+[10, 0, 2]
 304    5    75.218746   66.978421   75.218746    4.029270    0.00000000   0.0000   0.3617  5+[10, 1, 3]
 305    5    75.308373   67.068048   75.308373    4.031433    0.00000000   0.0000   0.2764  5+[18,12, 2]
 306    5    75.490226   67.249901   75.490226    4.035818    0.00000000   0.0000   0.2553  5+[18, 5, 3]
 307    5    86.092317   77.851992   86.092317    4.283715    0.00000000   0.0000   0.3136  5+[14,10, 2]
 308    5    86.298910   78.058585   86.298910    4.288403    0.00000000   0.0000   0.3845  5+[14, 8, 2]
 309    5    87.142996   78.902672   87.142996    4.307505    0.00000000   0.0000   0.3935  5+[14, 7, 3]
 310    5    88.053142   79.812817   88.053142    4.328007    0.00000000   0.0000   0.2483  5+[12, 4, 2]
 311    6     6.712248   -1.528077    6.712248    1.705484    0.00000000   0.0000   0.6818  5-[ 5, 3, 2]
 312    6     7.780358  -16.020682   -7.780358    1.765347    1.00000000   0.0000   0.9088  5-[ 3, 0, 3]
 313    6    12.425143  -20.665468  -12.425143    2.004990    1.00000000   0.0000   0.8957  5-[ 3, 1, 2]
 314    6    12.832651    4.592326   12.832651    2.024662    0.00000000   0.0000   0.6787  5-[ 5, 1, 2]
 315    6    14.977016    6.736692   14.977016    2.125180    0.00000000   0.0000   0.7745  5-[ 5, 2, 3]
 316    6    15.276956    7.036631   15.276956    2.138864    0.00000000   0.0000   0.7630  5-[ 5, 0, 3]
 317    6    22.171612   13.931288   22.171612    2.432269    0.00000000   0.0000   0.2526  5-[ 9, 1, 2]
 318    6    22.592994   14.352669   22.592994    2.449062    0.00000000   0.0000   0.3507  5-[11, 0, 3]
 319    6    24.900649   16.660324   24.900649    2.539056    0.00000000   0.0000   0.2488  5-[ 7, 5, 2]
 320    6    25.369265   17.128940   25.369265    2.556944    0.00000000   0.0000   0.2176  5-[ 9, 4, 3]
 321    6    25.732160   17.491835   25.732160    2.570711    0.00000000   0.0000   0.5829  5-[ 7, 3, 2]
 322    6    30.091797   21.851472   30.091797    2.730681    0.00000000   0.0000   0.2487  5-[ 7, 4, 3]
 323    6    31.423387   23.183063   31.423387    2.777706    0.00000000   0.0000   0.2318  5-[13,11, 2]
 324    6    32.603027   24.362702   32.603027    2.818709    0.00000000   0.0000   0.4667  5-[ 7, 5, 2]
 325    6    32.775926   24.535602   32.775926    2.824669    0.00000000   0.0000   0.4144  5-[ 7, 1, 2]
 326    6    33.866471   25.626146   33.866471    2.861974    0.00000000   0.0000   0.5045  5-[ 7, 0, 3]
 327    6    34.755652   26.515327   34.755652    2.892035    0.00000000   0.0000   0.4020  5-[ 7, 2, 3]
 328    6    35.877148   27.636823   35.877148    2.929509    0.00000000   0.0000   0.4991  5-[ 7, 4, 3]
 329    6    37.529210   29.288885   37.529210    2.983856    0.00000000   0.0000   0.2275  5-[15,13, 2]
 330    6    37.710532   29.470207   37.710532    2.989760    0.00000000   0.0000   0.2504  5-[13,10, 3]
 331    6    45.371041   37.130716   45.371041    3.229371    0.00000000   0.0000   0.3812  5-[ 9, 7, 2]
 332    6    45.502322   37.261997   45.502322    3.233323    0.00000000   0.0000   0.2946  5-[ 9, 1, 2]
 333    6    45.696458   37.456133   45.696458    3.239158    0.00000000   0.0000   0.5135  5-[ 9, 5, 2]
 334    6    46.569204   38.328879   46.569204    3.265259    0.00000000   0.0000   0.2378  5-[15, 3, 2]
 335    6    46.645471   38.405147   46.645471    3.267530    0.00000000   0.0000   0.2427  5-[15,12, 3]
 336    6    47.097934   38.857609   47.097934    3.280970    0.00000000   0.0000   0.3606  5-[ 7, 1, 2]
 337    6    47.860657   39.620332   47.860657    3.303504    0.00000000   0.0000   0.2878  5-[ 7, 2, 3]
 338    6    48.610544   40.370219   48.610544    3.325509    0.00000000   0.0000   0.4934  5-[ 7, 0, 3]
 339    6    48.952692   40.712367   48.952692    3.335501    0.00000000   0.0000   0.3265  5-[ 9, 6, 3]
 340    6    50.827885   42.587560   50.827885    3.389741    0.00000000   0.0000   0.4561  5-[ 9, 4, 3]
 341    6    57.584631   49.344306   57.584631    3.578367    0.00000000   0.0000   0.2542  5-[15, 5, 2]
 342    6    57.705338   49.465013   57.705338    3.581646    0.00000000   0.0000   0.2631  5-[15,10, 3]
 343    6    59.579093   51.338769   59.579093    3.632174    0.00000000   0.0000   0.3566  5-[11, 3, 2]
 344    6    62.847143   54.606819   62.847143    3.718657    0.00000000   0.0000   0.4538  5-[11, 5, 2]
 345    6    63.047211   54.806886   63.047211    3.723886    0.00000000   0.0000   0.2962  5-[ 9, 7, 2]
 346    6    64.981003   56.740678   64.981003    3.774056    0.00000000   0.0000   0.3310  5-[ 9, 1, 2]
 347    6    65.477024   57.236699   65.477024    3.786818    0.00000000   0.0000   0.4056  5-[11, 6, 3]
 348    6    65.765210   57.524885   65.765210    3.794213    0.00000000   0.0000   0.3178  5-[ 9, 4, 3]
 349    6    66.553427   58.313102   66.553427    3.814365    0.00000000   0.0000   0.3465  5-[ 9, 1, 2]
 350    6    67.095758   58.855433   67.095758    3.828169    0.00000000   0.0000   0.3332  5-[ 9, 4, 3]
 351    6    67.208875   58.968550   67.208875    3.831042    0.00000000   0.0000   0.3647  5-[ 9, 6, 3]
 352    6    67.974284   59.733959   67.974284    3.850425    0.00000000   0.0000   0.4967  5-[ 9, 0, 3]
 353    6    71.459664   63.219339   71.459664    3.937483    0.00000000   0.0000   0.2689  5-[17,11, 2]
 354    6    71.666392   63.426067   71.666392    3.942586    0.00000000   0.0000   0.2823  5-[17, 6, 3]
 355    6    78.514697   70.274372   78.514697    4.108061    0.00000000   0.0000   0.3459  5-[13, 9, 2]
 356    6    80.880177   72.639852   80.880177    4.163690    0.00000000   0.0000   0.4229  5-[13, 7, 2]
 357    6    82.060423   73.820098   82.060423    4.191170    0.00000000   0.0000   0.2635  5-[13, 3, 2]
 358    6    82.253505   74.013180   82.253505    4.195648    0.00000000   0.0000   0.4032  5-[13, 6, 3]
 359    6    85.171912   76.931587   85.171912    4.262766    0.00000000   0.0000   0.3014  5-[11, 9, 2]
 360    6    85.179043   76.938718   85.179043    4.262928    0.00000000   0.0000   0.2936  5-[11, 6, 3]
 361    6    88.161169   79.920844   88.161169    4.330434    0.00000000   0.0000   0.3212  5-[11, 1, 2]
 362    7     2.899422  -11.139747   -2.899422    1.472066    1.00000000   0.0000   0.9180  7+[ 4, 1, 3]
 363    7     3.816488   -4.423837    3.816488    1.531461    0.00000000   0.0000   0.9240  7+[ 4, 0, 4]
 364    7    16.337198    8.096873   16.337198    2.186546    0.00000000   0.0000   0.7337  7+[ 6, 3, 3]
 365    7    20.656922   12.416597   20.656922    2.370925    0.00000000   0.0000   0.5492  7+[ 6, 1, 3]
 366    7    21.644838   13.404513   21.644838    2.411112    0.00000000   0.0000   0.4565  7+[ 6, 0, 4]
 367    7    24.496797   16.256472   24.496797    2.523538    0.00000000   0.0000   0.6783  7+[ 6, 2, 4]
 368    7    25.336351   17.096026   25.336351    2.555691    0.00000000   0.0000   0.4797  7+[ 6, 1, 3]
 369    7    26.938915   18.698590   26.938915    2.615970    0.00000000   0.0000   0.6398  7+[ 6, 0, 4]
 370    7    27.244072   19.003747   27.244072    2.627292    0.00000000   0.0000   0.2541  7+[14, 1, 3]
 371    7    28.337772   20.097447   28.337772    2.667474    0.00000000   0.0000   0.4148  7+[ 6, 2, 4]
 372    7    32.368327   24.128002   32.368327    2.810599    0.00000000   0.0000   0.2961  7+[ 8, 3, 3]
 373    7    32.879101   24.638776   32.879101    2.828219    0.00000000   0.0000   0.2422  7+[14, 2, 4]
 374    7    36.622861   28.382536   36.622861    2.954164    0.00000000   0.0000   0.5110  7+[ 8, 3, 3]
 375    7    37.125857   28.885533   37.125857    2.970679    0.00000000   0.0000   0.3845  7+[ 8, 1, 3]
 376    7    38.117323   29.876998   38.117323    3.002965    0.00000000   0.0000   0.4356  7+[ 8, 5, 3]
 377    7    38.490256   30.249931   38.490256    3.015020    0.00000000   0.0000   0.4213  7+[10, 0, 4]
 378    7    40.322384   32.082059   40.322384    3.073555    0.00000000   0.0000   0.3664  7+[ 8, 2, 4]
 379    7    40.427709   32.187384   40.427709    3.076886    0.00000000   0.0000   0.2496  7+[16,13, 3]
 380    7    40.493387   32.253062   40.493387    3.078962    0.00000000   0.0000   0.2594  7+[14,10, 4]
 381    7    42.794998   34.554673   42.794998    3.150830    0.00000000   0.0000   0.5187  7+[ 8, 4, 4]
 382    7    49.697424   41.457099   49.697424    3.357147    0.00000000   0.0000   0.2353  7+[16, 3, 3]
 383    7    49.721383   41.481058   49.721383    3.357841    0.00000000   0.0000   0.3875  7+[10, 7, 3]
 384    7    49.749808   41.509483   49.749808    3.358664    0.00000000   0.0000   0.2657  7+[16,12, 4]
 385    7    51.434827   43.194502   51.434827    3.407111    0.00000000   0.0000   0.3493  7+[ 8, 5, 3]
 386    7    53.113723   44.873398   53.113723    3.454707    0.00000000   0.0000   0.4391  7+[ 8, 1, 3]
 387    7    53.398400   45.158075   53.398400    3.462712    0.00000000   0.0000   0.5115  7+[10, 5, 3]
 388    7    54.503308   46.262983   54.503308    3.493610    0.00000000   0.0000   0.3477  7+[ 8, 4, 4]
 389    7    54.814265   46.573940   54.814265    3.502256    0.00000000   0.0000   0.3971  7+[ 8, 2, 4]
 390    7    54.988895   46.748570   54.988895    3.507103    0.00000000   0.0000   0.5516  7+[ 8, 0, 4]
 391    7    56.062248   47.821924   56.062248    3.536745    0.00000000   0.0000   0.4187  7+[10, 4, 4]
 392    7    61.060185   52.819860   61.060185    3.671620    0.00000000   0.0000   0.2617  7+[16,11, 3]
 393    7    61.161256   52.920931   61.161256    3.674297    0.00000000   0.0000   0.2621  7+[16,10, 4]
 394    7    65.254724   57.014399   65.254724    3.781104    0.00000000   0.0000   0.3297  7+[12, 3, 3]
 395    7    68.862398   60.622073   68.862398    3.872794    0.00000000   0.0000   0.4138  7+[12, 5, 3]
 396    7    69.029873   60.789548   69.029873    3.876998    0.00000000   0.0000   0.3457  7+[10, 7, 3]
 397    7    70.226613   61.986288   70.226613    3.906906    0.00000000   0.0000   0.4074  7+[12, 6, 4]
 398    7    71.179677   62.939352   71.179677    3.930561    0.00000000   0.0000   0.3448  7+[10, 1, 3]
 399    7    72.087440   63.847115   72.087440    3.952960    0.00000000   0.0000   0.3721  7+[10, 4, 4]
 400    7    73.344680   65.104355   73.344680    3.983774    0.00000000   0.0000   0.3895  7+[10, 1, 3]
 401    7    73.899072   65.658747   73.899072    3.997287    0.00000000   0.0000   0.3506  7+[10, 4, 4]
 402    7    74.101718   65.861393   74.101718    4.002215    0.00000000   0.0000   0.3821  7+[10, 6, 4]
 403    7    75.218745   66.978420   75.218745    4.029270    0.00000000   0.0000   0.5116  7+[10, 0, 4]
 404    7    75.308373   67.068048   75.308373    4.031433    0.00000000   0.0000   0.2572  7+[18, 5, 3]
 405    7    75.490226   67.249901   75.490226    4.035818    0.00000000   0.0000   0.2955  7+[18,12, 4]
 406    7    86.092317   77.851992   86.092317    4.283715    0.00000000   0.0000   0.3184  7+[14, 9, 3]
 407    7    86.298910   78.058585   86.298910    4.288403    0.00000000   0.0000   0.4212  7+[14, 7, 3]
 408    7    87.142996   78.902672   87.142996    4.307505    0.00000000   0.0000   0.3956  7+[14, 6, 4]
 409    7    88.053142   79.812817   88.053142    4.328007    0.00000000   0.0000   0.2771  7+[14,11, 3]
 410    8     6.712248   -1.528077    6.712248    1.705484    0.00000000   0.0000   0.8350  7-[ 5, 2, 3]
 411    8    12.425143  -20.665468  -12.425143    2.004990    1.00000000   0.0000   0.9675  7-[ 3, 0, 3]
 412    8    12.832651    4.592326   12.832651    2.024662    0.00000000   0.0000   0.8464  7-[ 5, 0, 3]
 413    8    14.977016    6.736692   14.977016    2.125180    0.00000000   0.0000   0.8714  7-[ 5, 1, 4]
 414    8    22.171613   13.931288   22.171613    2.432269    0.00000000   0.0000   0.3858  7-[ 9, 0, 3]
 415    8    24.900649   16.660324   24.900649    2.539056    0.00000000   0.0000   0.2465  7-[ 9, 4, 3]
 416    8    25.369265   17.128940   25.369265    2.556944    0.00000000   0.0000   0.2958  7-[11, 1, 4]
 417    8    25.732160   17.491835   25.732160    2.570711    0.00000000   0.0000   0.6114  7-[ 7, 4, 3]
 418    8    30.091797   21.851472   30.091797    2.730681    0.00000000   0.0000   0.3059  7-[ 7, 3, 4]
 419    8    31.423387   23.183063   31.423387    2.777706    0.00000000   0.0000   0.2387  7-[11, 2, 3]
 420    8    32.603027   24.362702   32.603027    2.818709    0.00000000   0.0000   0.4474  7-[ 7, 2, 3]
 421    8    32.775926   24.535602   32.775926    2.824669    0.00000000   0.0000   0.5779  7-[ 7, 0, 3]
 422    8    34.755652   26.515327   34.755652    2.892035    0.00000000   0.0000   0.5778  7-[ 7, 1, 4]
 423    8    35.877148   27.636823   35.877148    2.929509    0.00000000   0.0000   0.6138  7-[ 7, 3, 4]
 424    8    37.529210   29.288885   37.529210    2.983856    0.00000000   0.0000   0.2544  7-[13,10, 3]
 425    8    37.710532   29.470207   37.710532    2.989760    0.00000000   0.0000   0.2574  7-[13, 9, 4]
 426    8    45.371041   37.130716   45.371041    3.229371    0.00000000   0.0000   0.4362  7-[ 9, 6, 3]
 427    8    45.502322   37.261997   45.502322    3.233323    0.00000000   0.0000   0.3025  7-[ 9, 4, 3]
 428    8    45.696458   37.456133   45.696458    3.239158    0.00000000   0.0000   0.5532  7-[ 9, 4, 3]
 429    8    46.569204   38.328879   46.569204    3.265259    0.00000000   0.0000   0.2494  7-[15,12, 3]
 430    8    46.645471   38.405147   46.645471    3.267530    0.00000000   0.0000   0.2809  7-[15,11, 4]
 431    8    47.097935   38.857610   47.097935    3.280970    0.00000000   0.0000   0.5028  7-[ 7, 0, 3]
 432    8    47.860657   39.620332   47.860657    3.303504    0.00000000   0.0000   0.4137  7-[ 7, 1, 4]
 433    8    48.952692   40.712367   48.952692    3.335501    0.00000000   0.0000   0.3279  7-[ 9, 5, 4]
 434    8    50.827885   42.587560   50.827885    3.389741    0.00000000   0.0000   0.4420  7-[ 9, 3, 4]
 435    8    57.584631   49.344306   57.584631    3.578367    0.00000000   0.0000   0.2686  7-[15,10, 3]
 436    8    57.705338   49.465013   57.705338    3.581646    0.00000000   0.0000   0.2648  7-[15, 5, 4]
 437    8    59.579093   51.338769   59.579093    3.632174    0.00000000   0.0000   0.3810  7-[11, 8, 3]
 438    8    62.847143   54.606819   62.847143    3.718657    0.00000000   0.0000   0.4783  7-[11, 6, 3]
 439    8    63.047211   54.806886   63.047211    3.723886    0.00000000   0.0000   0.3389  7-[ 9, 6, 3]
 440    8    64.981003   56.740678   64.981003    3.774056    0.00000000   0.0000   0.3400  7-[ 9, 4, 3]
 441    8    65.477024   57.236699   65.477024    3.786818    0.00000000   0.0000   0.4453  7-[11, 5, 4]
 442    8    65.765210   57.524885   65.765210    3.794213    0.00000000   0.0000   0.3079  7-[ 9, 5, 4]
 443    8    66.553428   58.313103   66.553428    3.814365    0.00000000   0.0000   0.5293  7-[ 9, 0, 3]
 444    8    67.095758   58.855433   67.095758    3.828169    0.00000000   0.0000   0.4471  7-[ 9, 1, 4]
 445    8    67.208875   58.968550   67.208875    3.831042    0.00000000   0.0000   0.3662  7-[ 9, 5, 4]
 446    8    71.459664   63.219339   71.459664    3.937483    0.00000000   0.0000   0.2834  7-[17, 6, 3]
 447    8    71.666392   63.426067   71.666392    3.942586    0.00000000   0.0000   0.3056  7-[17,11, 4]
 448    8    78.514697   70.274372   78.514697    4.108061    0.00000000   0.0000   0.3618  7-[13, 4, 3]
 449    8    80.880177   72.639852   80.880177    4.163690    0.00000000   0.0000   0.4398  7-[13, 6, 3]
 450    8    82.060423   73.820098   82.060423    4.191170    0.00000000   0.0000   0.3067  7-[13,10, 3]
 451    8    82.253505   74.013180   82.253505    4.195648    0.00000000   0.0000   0.4096  7-[13, 7, 4]
 452    8    85.171912   76.931587   85.171912    4.262766    0.00000000   0.0000   0.3104  7-[11, 2, 3]
 453    8    85.179043   76.938718   85.179043    4.262928    0.00000000   0.0000   0.3223  7-[11, 5, 4]
 454    8    88.161169   79.920844   88.161169    4.330434    0.00000000   0.0000   0.2981  7-[11, 4, 3]
 455    9     2.899422  -11.139747   -2.899422    1.472066    1.00000000   0.0000   0.9736  9+[ 4, 0, 4]
 456    9    16.337198    8.096873   16.337198    2.186546    0.00000000   0.0000   0.8604  9+[ 6, 2, 4]
 457    9    20.656922   12.416597   20.656922    2.370925    0.00000000   0.0000   0.6513  9+[ 6, 0, 4]
 458    9    24.496797   16.256472   24.496797    2.523538    0.00000000   0.0000   0.7461  9+[ 6, 1, 5]
 459    9    25.336351   17.096026   25.336351    2.555691    0.00000000   0.0000   0.5688  9+[ 6, 0, 4]
 460    9    27.244072   19.003747   27.244072    2.627292    0.00000000   0.0000   0.2391  9+[12, 4, 4]
 461    9    28.337772   20.097447   28.337772    2.667474    0.00000000   0.0000   0.4563  9+[ 6, 1, 5]
 462    9    32.368327   24.128002   32.368327    2.810599    0.00000000   0.0000   0.3376  9+[ 8, 4, 4]
 463    9    32.879101   24.638776   32.879101    2.828219    0.00000000   0.0000   0.2597  9+[14, 1, 5]
 464    9    36.622861   28.382536   36.622861    2.954164    0.00000000   0.0000   0.5827  9+[ 8, 4, 4]
 465    9    37.125857   28.885532   37.125857    2.970679    0.00000000   0.0000   0.4995  9+[ 8, 0, 4]
 466    9    38.117323   29.876998   38.117323    3.002965    0.00000000   0.0000   0.4597  9+[ 8, 2, 4]
 467    9    40.322384   32.082059   40.322384    3.073555    0.00000000   0.0000   0.4905  9+[ 8, 1, 5]
 468    9    40.427709   32.187384   40.427709    3.076886    0.00000000   0.0000   0.2683  9+[14,10, 4]
 469    9    40.493387   32.253062   40.493387    3.078962    0.00000000   0.0000   0.2547  9+[14, 9, 5]
 470    9    42.794998   34.554673   42.794998    3.150830    0.00000000   0.0000   0.6155  9+[ 8, 3, 5]
 471    9    49.697424   41.457099   49.697424    3.357147    0.00000000   0.0000   0.2730  9+[16,12, 4]
 472    9    49.721383   41.481058   49.721383    3.357841    0.00000000   0.0000   0.4174  9+[10, 6, 4]
 473    9    49.749808   41.509483   49.749808    3.358664    0.00000000   0.0000   0.2916  9+[16,11, 5]
 474    9    51.434827   43.194502   51.434827    3.407111    0.00000000   0.0000   0.3687  9+[ 8, 2, 4]
 475    9    53.113723   44.873398   53.113723    3.454707    0.00000000   0.0000   0.5704  9+[ 8, 0, 4]
 476    9    53.398400   45.158075   53.398400    3.462712    0.00000000   0.0000   0.5295  9+[10, 4, 4]
 477    9    54.503308   46.262983   54.503308    3.493610    0.00000000   0.0000   0.4126  9+[ 8, 3, 5]
 478    9    54.814265   46.573940   54.814265    3.502256    0.00000000   0.0000   0.5317  9+[ 8, 1, 5]
 479    9    56.062248   47.821924   56.062248    3.536745    0.00000000   0.0000   0.4334  9+[10, 5, 5]
 480    9    61.060185   52.819860   61.060185    3.671620    0.00000000   0.0000   0.2686  9+[16,10, 4]
 481    9    61.161256   52.920931   61.161256    3.674297    0.00000000   0.0000   0.2760  9+[16, 5, 5]
 482    9    65.254724   57.014399   65.254724    3.781104    0.00000000   0.0000   0.3791  9+[12, 8, 4]
 483    9    68.862398   60.622073   68.862398    3.872794    0.00000000   0.0000   0.4643  9+[12, 6, 4]
 484    9    69.029873   60.789548   69.029873    3.876998    0.00000000   0.0000   0.3724  9+[10, 6, 4]
 485    9    70.226613   61.986288   70.226613    3.906906    0.00000000   0.0000   0.4329  9+[12, 5, 5]
 486    9    71.179677   62.939352   71.179677    3.930561    0.00000000   0.0000   0.3622  9+[10, 4, 4]
 487    9    72.087440   63.847115   72.087440    3.952960    0.00000000   0.0000   0.3851  9+[10, 5, 5]
 488    9    73.344679   65.104354   73.344679    3.983774    0.00000000   0.0000   0.5465  9+[10, 0, 4]
 489    9    73.899072   65.658747   73.899072    3.997287    0.00000000   0.0000   0.4803  9+[10, 1, 5]
 490    9    74.101718   65.861393   74.101718    4.002215    0.00000000   0.0000   0.3702  9+[10, 5, 5]
 491    9    75.308373   67.068048   75.308373    4.031433    0.00000000   0.0000   0.2974  9+[18,12, 4]
 492    9    75.490226   67.249901   75.490226    4.035818    0.00000000   0.0000   0.3076  9+[18,11, 5]
 493    9    86.092317   77.851992   86.092317    4.283715    0.00000000   0.0000   0.3445  9+[14, 4, 4]
 494    9    86.298910   78.058585   86.298910    4.288403    0.00000000   0.0000   0.4228  9+[14, 6, 4]
 495    9    87.142996   78.902672   87.142996    4.307505    0.00000000   0.0000   0.4235  9+[14, 7, 5]
 496    9    88.053142   79.812817   88.053142    4.328007    0.00000000   0.0000   0.3027  9+[14,10, 4]
 497   10     6.712248   -1.528077    6.712248    1.705484    0.00000000   0.0000   0.9336  9-[ 5, 1, 4]
 498   10    14.977016    6.736692   14.977016    2.125180    0.00000000   0.0000   0.9185  9-[ 5, 0, 5]
 499   10    24.900649   16.660324   24.900649    2.539056    0.00000000   0.0000   0.3407  9-[ 7, 1, 4]
 500   10    25.369265   17.128940   25.369265    2.556944    0.00000000   0.0000   0.3944  9-[11, 0, 5]
 501   10    25.732160   17.491835   25.732160    2.570711    0.00000000   0.0000   0.7488  9-[ 7, 3, 4]
 502   10    30.091797   21.851472   30.091797    2.730681    0.00000000   0.0000   0.3500  9-[ 7, 2, 5]
 503   10    31.423387   23.183063   31.423387    2.777706    0.00000000   0.0000   0.2623  9-[13, 1, 4]
 504   10    32.603027   24.362702   32.603027    2.818709    0.00000000   0.0000   0.6391  9-[ 7, 1, 4]
 505   10    34.755652   26.515327   34.755652    2.892035    0.00000000   0.0000   0.6672  9-[ 7, 0, 5]
 506   10    35.877148   27.636824   35.877148    2.929509    0.00000000   0.0000   0.7023  9-[ 7, 2, 5]
 507   10    37.529210   29.288885   37.529210    2.983856    0.00000000   0.0000   0.2607  9-[13, 9, 4]
 508   10    37.710532   29.470207   37.710532    2.989760    0.00000000   0.0000   0.2767  9-[13, 2, 5]
 509   10    45.371041   37.130716   45.371041    3.229371    0.00000000   0.0000   0.4362  9-[ 9, 5, 4]
 510   10    45.502322   37.261997   45.502322    3.233323    0.00000000   0.0000   0.4034  9-[ 9, 1, 4]
 511   10    45.696458   37.456133   45.696458    3.239158    0.00000000   0.0000   0.5344  9-[ 9, 3, 4]
 512   10    46.569204   38.328879   46.569204    3.265259    0.00000000   0.0000   0.2879  9-[15,11, 4]
 513   10    46.645471   38.405147   46.645471    3.267530    0.00000000   0.0000   0.2927  9-[15,10, 5]
 514   10    47.860657   39.620332   47.860657    3.303504    0.00000000   0.0000   0.4777  9-[ 7, 0, 5]
 515   10    48.952692   40.712367   48.952692    3.335501    0.00000000   0.0000   0.3767  9-[ 9, 2, 5]
 516   10    50.827885   42.587560   50.827885    3.389741    0.00000000   0.0000   0.5427  9-[ 9, 4, 5]
 517   10    57.584631   49.344306   57.584631    3.578367    0.00000000   0.0000   0.2699  9-[15, 5, 4]
 518   10    57.705338   49.465013   57.705338    3.581646    0.00000000   0.0000   0.2881  9-[17,12, 5]
 519   10    59.579093   51.338769   59.579093    3.632174    0.00000000   0.0000   0.4365  9-[11, 7, 4]
 520   10    62.847143   54.606819   62.847143    3.718657    0.00000000   0.0000   0.5240  9-[11, 5, 4]
 521   10    63.047211   54.806886   63.047211    3.723886    0.00000000   0.0000   0.3389  9-[ 9, 5, 4]
 522   10    64.981003   56.740678   64.981003    3.774056    0.00000000   0.0000   0.4533  9-[ 9, 1, 4]
 523   10    65.477024   57.236699   65.477024    3.786818    0.00000000   0.0000   0.4488  9-[11, 4, 5]
 524   10    65.765210   57.524885   65.765210    3.794213    0.00000000   0.0000   0.3781  9-[ 9, 4, 5]
 525   10    67.095758   58.855433   67.095758    3.828169    0.00000000   0.0000   0.5576  9-[ 9, 0, 5]
 526   10    67.208875   58.968550   67.208875    3.831042    0.00000000   0.0000   0.4207  9-[ 9, 2, 5]
 527   10    71.459664   63.219339   71.459664    3.937483    0.00000000   0.0000   0.3063  9-[17,11, 4]
 528   10    71.666392   63.426067   71.666392    3.942586    0.00000000   0.0000   0.2968  9-[17,10, 5]
 529   10    78.514697   70.274372   78.514697    4.108061    0.00000000   0.0000   0.3789  9-[13, 9, 4]
 530   10    80.880177   72.639852   80.880177    4.163690    0.00000000   0.0000   0.4461  9-[13, 7, 4]
 531   10    82.060423   73.820098   82.060423    4.191170    0.00000000   0.0000   0.3142  9-[13, 9, 4]
 532   10    82.253505   74.013180   82.253505    4.195648    0.00000000   0.0000   0.4552  9-[13, 6, 5]
 533   10    85.171912   76.931587   85.171912    4.262766    0.00000000   0.0000   0.3161  9-[11, 1, 4]
 534   10    85.179043   76.938718   85.179043    4.262928    0.00000000   0.0000   0.3248  9-[11, 4, 5]
 535   10    88.161169   79.920844   88.161169    4.330434    0.00000000   0.0000   0.4115  9-[11, 1, 4]
 536   11    16.337198    8.096873   16.337198    2.186546    0.00000000   0.0000   0.9425 11+[ 6, 1, 5]
 537   11    24.496797   16.256472   24.496797    2.523538    0.00000000   0.0000   0.7793 11+[ 6, 0, 6]
 538   11    27.244072   19.003747   27.244072    2.627292    0.00000000   0.0000   0.3246 11+[12, 1, 5]
 539   11    28.337772   20.097447   28.337772    2.667474    0.00000000   0.0000   0.4766 11+[ 6, 0, 6]
 540   11    32.368327   24.128002   32.368327    2.810599    0.00000000   0.0000   0.3995 11+[ 8, 3, 5]
 541   11    32.879101   24.638776   32.879101    2.828219    0.00000000   0.0000   0.2703 11+[14, 4, 6]
 542   11    36.622861   28.382536   36.622861    2.954164    0.00000000   0.0000   0.6894 11+[ 8, 3, 5]
 543   11    38.117323   29.876998   38.117323    3.002965    0.00000000   0.0000   0.6129 11+[ 8, 1, 5]
 544   11    40.322384   32.082059   40.322384    3.073555    0.00000000   0.0000   0.5534 11+[ 8, 0, 6]
 545   11    40.427709   32.187384   40.427709    3.076886    0.00000000   0.0000   0.2628 11+[14, 9, 5]
 546   11    40.493387   32.253062   40.493387    3.078962    0.00000000   0.0000   0.2819 11+[14, 2, 6]
 547   11    42.794998   34.554673   42.794998    3.150830    0.00000000   0.0000   0.6899 11+[ 8, 2, 6]
 548   11    49.697424   41.457099   49.697424    3.357147    0.00000000   0.0000   0.2991 11+[16,11, 5]
 549   11    49.721383   41.481058   49.721383    3.357841    0.00000000   0.0000   0.4033 11+[10, 5, 5]
 550   11    49.749808   41.509483   49.749808    3.358664    0.00000000   0.0000   0.2931 11+[16,10, 6]
 551   11    51.434827   43.194502   51.434827    3.407111    0.00000000   0.0000   0.4916 11+[ 8, 1, 5]
 552   11    53.398400   45.158075   53.398400    3.462712    0.00000000   0.0000   0.5468 11+[10, 5, 5]
 553   11    54.503308   46.262983   54.503308    3.493610    0.00000000   0.0000   0.4625 11+[ 8, 2, 6]
 554   11    54.814265   46.573940   54.814265    3.502256    0.00000000   0.0000   0.5998 11+[ 8, 0, 6]
 555   11    56.062248   47.821924   56.062248    3.536745    0.00000000   0.0000   0.5168 11+[10, 4, 6]
 556   11    61.060185   52.819860   61.060185    3.671620    0.00000000   0.0000   0.2823 11+[16, 5, 5]
 557   11    61.161256   52.920931   61.161256    3.674297    0.00000000   0.0000   0.3000 11+[18,12, 6]
 558   11    65.254724   57.014399   65.254724    3.781104    0.00000000   0.0000   0.4153 11+[12, 7, 5]
 559   11    68.862398   60.622073   68.862398    3.872794    0.00000000   0.0000   0.4925 11+[12, 5, 5]
 560   11    69.029873   60.789548   69.029873    3.876998    0.00000000   0.0000   0.3598 11+[10, 5, 5]
 561   11    70.226613   61.986288   70.226613    3.906906    0.00000000   0.0000   0.4269 11+[12, 4, 6]
 562   11    71.179677   62.939352   71.179677    3.930561    0.00000000   0.0000   0.4941 11+[10, 1, 5]
 563   11    72.087440   63.847115   72.087440    3.952960    0.00000000   0.0000   0.4593 11+[10, 4, 6]
 564   11    73.899072   65.658747   73.899072    3.997287    0.00000000   0.0000   0.5793 11+[10, 0, 6]
 565   11    74.101718   65.861394   74.101718    4.002215    0.00000000   0.0000   0.4560 11+[10, 2, 6]
 566   11    75.308373   67.068048   75.308373    4.031433    0.00000000   0.0000   0.3092 11+[18,11, 5]
 567   11    75.490226   67.249901   75.490226    4.035818    0.00000000   0.0000   0.3056 11+[18, 6, 6]
 568   11    86.092317   77.851992   86.092317    4.283715    0.00000000   0.0000   0.3774 11+[14, 9, 5]
 569   11    86.298910   78.058585   86.298910    4.288403    0.00000000   0.0000   0.4520 11+[14, 7, 5]
 570   11    87.142996   78.902672   87.142996    4.307505    0.00000000   0.0000   0.4580 11+[14, 6, 6]
 571   11    88.053142   79.812817   88.053142    4.328007    0.00000000   0.0000   0.3284 11+[12, 7, 5]
 572   12     6.712248   -1.528077    6.712248    1.705484    0.00000000   0.0000   0.9791 11-[ 5, 0, 5]
 573   12    24.900649   16.660324   24.900649    2.539056    0.00000000   0.0000   0.4078 11-[ 9, 0, 5]
 574   12    25.732160   17.491835   25.732160    2.570711    0.00000000   0.0000   0.8537 11-[ 7, 2, 5]
 575   12    30.091797   21.851472   30.091797    2.730681    0.00000000   0.0000   0.3791 11-[ 7, 1, 6]
 576   12    31.423387   23.183063   31.423387    2.777706    0.00000000   0.0000   0.2654 11-[13, 4, 5]
 577   12    32.603027   24.362702   32.603027    2.818709    0.00000000   0.0000   0.7343 11-[ 7, 0, 5]
 578   12    35.877148   27.636824   35.877148    2.929509    0.00000000   0.0000   0.7608 11-[ 7, 1, 6]
 579   12    37.529210   29.288885   37.529210    2.983856    0.00000000   0.0000   0.2795 11-[13, 2, 5]
 580   12    37.710532   29.470207   37.710532    2.989760    0.00000000   0.0000   0.2810 11-[13, 5, 6]
 581   12    45.371041   37.130716   45.371041    3.229371    0.00000000   0.0000   0.4994 11-[ 9, 2, 5]
 582   12    45.502322   37.261997   45.502322    3.233323    0.00000000   0.0000   0.5006 11-[ 9, 0, 5]
 583   12    45.696458   37.456133   45.696458    3.239158    0.00000000   0.0000   0.6545 11-[ 9, 4, 5]
 584   12    46.569204   38.328879   46.569204    3.265259    0.00000000   0.0000   0.2995 11-[15,10, 5]
 585   12    46.645471   38.405147   46.645471    3.267530    0.00000000   0.0000   0.2903 11-[13, 7, 6]
 586   12    48.952692   40.712367   48.952692    3.335501    0.00000000   0.0000   0.4809 11-[ 9, 1, 6]
 587   12    50.827885   42.587560   50.827885    3.389741    0.00000000   0.0000   0.6280 11-[ 9, 3, 6]
 588   12    57.584631   49.344306   57.584631    3.578367    0.00000000   0.0000   0.2939 11-[17,12, 5]
 589   12    57.705338   49.465013   57.705338    3.581646    0.00000000   0.0000   0.3236 11-[15, 9, 6]
 590   12    59.579093   51.338769   59.579093    3.632174    0.00000000   0.0000   0.4518 11-[11, 6, 5]
 591   12    62.847143   54.606819   62.847143    3.718657    0.00000000   0.0000   0.5271 11-[11, 4, 5]
 592   12    63.047211   54.806886   63.047211    3.723886    0.00000000   0.0000   0.3880 11-[ 9, 2, 5]
 593   12    64.981003   56.740678   64.981003    3.774056    0.00000000   0.0000   0.5625 11-[ 9, 0, 5]
 594   12    65.477024   57.236699   65.477024    3.786818    0.00000000   0.0000   0.4925 11-[11, 5, 6]
 595   12    65.765210   57.524885   65.765210    3.794213    0.00000000   0.0000   0.4376 11-[ 9, 3, 6]
 596   12    67.208875   58.968550   67.208875    3.831042    0.00000000   0.0000   0.5370 11-[ 9, 1, 6]
 597   12    71.459664   63.219339   71.459664    3.937483    0.00000000   0.0000   0.2972 11-[17,10, 5]
 598   12    71.666392   63.426067   71.666392    3.942586    0.00000000   0.0000   0.3285 11-[17, 5, 6]
 599   12    78.514697   70.274372   78.514697    4.108061    0.00000000   0.0000   0.4357 11-[13, 8, 5]
 600   12    80.880177   72.639852   80.880177    4.163690    0.00000000   0.0000   0.4950 11-[13, 6, 5]
 601   12    82.060423   73.820098   82.060423    4.191170    0.00000000   0.0000   0.3369 11-[13, 2, 5]
 602   12    82.253505   74.013180   82.253505    4.195648    0.00000000   0.0000   0.4719 11-[13, 5, 6]
 603   12    85.171912   76.931587   85.171912    4.262766    0.00000000   0.0000   0.3371 11-[11, 4, 5]
 604   12    85.179043   76.938718   85.179043    4.262928    0.00000000   0.0000   0.3565 11-[11, 5, 6]
 605   12    88.161169   79.920844   88.161169    4.330434    0.00000000   0.0000   0.5459 11-[11, 0, 5]
 606   13    16.337198    8.096873   16.337198    2.186546    0.00000000   0.0000   0.9810 13+[ 6, 0, 6]
 607   13    27.244072   19.003747   27.244072    2.627292    0.00000000   0.0000   0.4297 13+[14, 0, 6]
 608   13    32.368327   24.128002   32.368327    2.810599    0.00000000   0.0000   0.4466 13+[ 8, 2, 6]
 609   13    32.879101   24.638776   32.879101    2.828219    0.00000000   0.0000   0.3728 13+[14, 1, 7]
 610   13    36.622861   28.382536   36.622861    2.954164    0.00000000   0.0000   0.7708 13+[ 8, 2, 6]
 611   13    38.117323   29.876998   38.117323    3.002965    0.00000000   0.0000   0.6890 13+[ 8, 0, 6]
 612   13    40.427709   32.187384   40.427709    3.076886    0.00000000   0.0000   0.2903 13+[14, 2, 6]
 613   13    40.493387   32.253062   40.493387    3.078962    0.00000000   0.0000   0.2877 13+[14, 5, 7]
 614   13    42.794998   34.554673   42.794998    3.150830    0.00000000   0.0000   0.7392 13+[ 8, 1, 7]
 615   13    49.697424   41.457099   49.697424    3.357147    0.00000000   0.0000   0.3002 13+[16,10, 6]
 616   13    49.721383   41.481058   49.721383    3.357841    0.00000000   0.0000   0.4954 13+[10, 2, 6]
 617   13    49.749808   41.509483   49.749808    3.358664    0.00000000   0.0000   0.3026 13+[16, 3, 7]
 618   13    51.434827   43.194502   51.434827    3.407111    0.00000000   0.0000   0.5526 13+[ 8, 0, 6]
 619   13    53.398400   45.158075   53.398400    3.462712    0.00000000   0.0000   0.6508 13+[10, 4, 6]
 620   13    54.503308   46.262983   54.503308    3.493610    0.00000000   0.0000   0.4956 13+[ 8, 1, 7]
 621   13    56.062248   47.821924   56.062248    3.536745    0.00000000   0.0000   0.5870 13+[10, 3, 7]
 622   13    61.060185   52.819860   61.060185    3.671620    0.00000000   0.0000   0.3051 13+[18,12, 6]
 623   13    61.161256   52.920931   61.161256    3.674297    0.00000000   0.0000   0.3345 13+[16, 9, 7]
 624   13    65.254724   57.014399   65.254724    3.781104    0.00000000   0.0000   0.4178 13+[12, 6, 6]
 625   13    68.862398   60.622073   68.862398    3.872794    0.00000000   0.0000   0.4849 13+[12, 4, 6]
 626   13    69.029873   60.789548   69.029873    3.876998    0.00000000   0.0000   0.4419 13+[10, 2, 6]
 627   13    70.226613   61.986288   70.226613    3.906906    0.00000000   0.0000   0.4936 13+[12, 5, 7]
 628   13    71.179677   62.939352   71.179677    3.930561    0.00000000   0.0000   0.5939 13+[10, 0, 6]
 629   13    72.087440   63.847115   72.087440    3.952960    0.00000000   0.0000   0.5217 13+[10, 3, 7]
 630   13    74.101718   65.861393   74.101718    4.002215    0.00000000   0.0000   0.5624 13+[10, 1, 7]
 631   13    75.308373   67.068048   75.308373    4.031433    0.00000000   0.0000   0.3069 13+[18, 6, 6]
 632   13    75.490226   67.249901   75.490226    4.035818    0.00000000   0.0000   0.3337 13+[18,11, 7]
 633   13    86.092317   77.851992   86.092317    4.283715    0.00000000   0.0000   0.4188 13+[14, 8, 6]
 634   13    86.298910   78.058585   86.298910    4.288403    0.00000000   0.0000   0.4882 13+[14, 6, 6]
 635   13    87.142996   78.902672   87.142996    4.307505    0.00000000   0.0000   0.4656 13+[14, 5, 7]
 636   13    88.053142   79.812817   88.053142    4.328007    0.00000000   0.0000   0.3304 13+[12, 6, 6]
 637   14    25.732160   17.491835   25.732160    2.570711    0.00000000   0.0000   0.9221 13-[ 7, 1, 6]
 638   14    30.091797   21.851472   30.091797    2.730681    0.00000000   0.0000   0.4072 13-[13, 0, 7]
 639   14    31.423387   23.183063   31.423387    2.777706    0.00000000   0.0000   0.3644 13-[11, 1, 6]
 640   14    35.877148   27.636824   35.877148    2.929509    0.00000000   0.0000   0.7896 13-[ 7, 0, 7]
 641   14    37.529210   29.288885   37.529210    2.983856    0.00000000   0.0000   0.2838 13-[ 9, 3, 6]
 642   14    37.710532   29.470207   37.710532    2.989760    0.00000000   0.0000   0.3084 13-[13, 2, 7]
 643   14    45.371041   37.130716   45.371041    3.229371    0.00000000   0.0000   0.6357 13-[ 9, 1, 6]
 644   14    45.696458   37.456133   45.696458    3.239158    0.00000000   0.0000   0.7558 13-[ 9, 3, 6]
 645   14    46.569204   38.328879   46.569204    3.265259    0.00000000   0.0000   0.2977 13-[13, 7, 6]
 646   14    46.645471   38.405147   46.645471    3.267530    0.00000000   0.0000   0.3173 13-[15, 2, 7]
 647   14    48.952692   40.712367   48.952692    3.335501    0.00000000   0.0000   0.5335 13-[ 9, 0, 7]
 648   14    50.827885   42.587560   50.827885    3.389741    0.00000000   0.0000   0.6934 13-[ 9, 2, 7]
 649   14    57.584631   49.344306   57.584631    3.578367    0.00000000   0.0000   0.3288 13-[15, 9, 6]
 650   14    57.705338   49.465013   57.705338    3.581646    0.00000000   0.0000   0.3500 13-[15, 8, 7]
 651   14    59.579093   51.338769   59.579093    3.632174    0.00000000   0.0000   0.4259 13-[11, 5, 6]
 652   14    62.847144   54.606819   62.847144    3.718657    0.00000000   0.0000   0.5774 13-[11, 5, 6]
 653   14    63.047211   54.806886   63.047211    3.723886    0.00000000   0.0000   0.4938 13-[ 9, 1, 6]
 654   14    65.477024   57.236699   65.477024    3.786818    0.00000000   0.0000   0.5746 13-[11, 4, 7]
 655   14    65.765210   57.524885   65.765210    3.794213    0.00000000   0.0000   0.4831 13-[ 9, 2, 7]
 656   14    67.208875   58.968550   67.208875    3.831042    0.00000000   0.0000   0.5958 13-[ 9, 0, 7]
 657   14    71.459664   63.219339   71.459664    3.937483    0.00000000   0.0000   0.3285 13-[17, 5, 6]
 658   14    71.666392   63.426067   71.666392    3.942586    0.00000000   0.0000   0.3635 13-[17,10, 7]
 659   14    78.514697   70.274372   78.514697    4.108061    0.00000000   0.0000   0.4622 13-[13, 7, 6]
 660   14    80.880177   72.639852   80.880177    4.163690    0.00000000   0.0000   0.5124 13-[13, 5, 6]
 661   14    82.060423   73.820098   82.060423    4.191170    0.00000000   0.0000   0.3415 13-[13, 5, 6]
 662   14    82.253505   74.013180   82.253505    4.195648    0.00000000   0.0000   0.4724 13-[13, 6, 7]
 663   14    85.171912   76.931587   85.171912    4.262766    0.00000000   0.0000   0.4738 13-[11, 1, 6]
 664   14    85.179043   76.938718   85.179043    4.262928    0.00000000   0.0000   0.4159 13-[11, 4, 7]
 665   15    32.368327   24.128002   32.368327    2.810599    0.00000000   0.0000   0.4775 15+[ 8, 1, 7]
 666   15    32.879101   24.638776   32.879101    2.828219    0.00000000   0.0000   0.4515 15+[14, 0, 8]
 667   15    36.622861   28.382536   36.622861    2.954164    0.00000000   0.0000   0.8240 15+[ 8, 1, 7]
 668   15    40.427709   32.187384   40.427709    3.076886    0.00000000   0.0000   0.2958 15+[14, 5, 7]
 669   15    40.493387   32.253062   40.493387    3.078962    0.00000000   0.0000   0.3267 15+[14, 2, 8]
 670   15    42.794998   34.554673   42.794998    3.150830    0.00000000   0.0000   0.7635 15+[ 8, 0, 8]
 671   15    49.697424   41.457099   49.697424    3.357147    0.00000000   0.0000   0.3095 15+[16, 3, 7]
 672   15    49.721383   41.481058   49.721383    3.357841    0.00000000   0.0000   0.6097 15+[10, 1, 7]
 673   15    49.749808   41.509483   49.749808    3.358664    0.00000000   0.0000   0.3195 15+[16, 2, 8]
 674   15    53.398400   45.158075   53.398400    3.462712    0.00000000   0.0000   0.7380 15+[10, 3, 7]
 675   15    54.503308   46.262983   54.503308    3.493610    0.00000000   0.0000   0.5118 15+[ 8, 0, 8]
 676   15    56.062248   47.821924   56.062248    3.536745    0.00000000   0.0000   0.6407 15+[10, 2, 8]
 677   15    61.060185   52.819860   61.060185    3.671620    0.00000000   0.0000   0.3415 15+[16, 9, 7]
 678   15    61.161256   52.920931   61.161256    3.674297    0.00000000   0.0000   0.3541 15+[16, 8, 8]
 679   15    65.254724   57.014399   65.254724    3.781104    0.00000000   0.0000   0.3975 15+[12, 3, 7]
 680   15    68.862398   60.622073   68.862398    3.872794    0.00000000   0.0000   0.5599 15+[12, 5, 7]
 681   15    69.029873   60.789548   69.029873    3.876998    0.00000000   0.0000   0.5439 15+[10, 1, 7]
 682   15    70.226613   61.986288   70.226613    3.906906    0.00000000   0.0000   0.5662 15+[12, 4, 8]
 683   15    72.087440   63.847115   72.087440    3.952960    0.00000000   0.0000   0.5694 15+[10, 2, 8]
 684   15    74.101718   65.861394   74.101718    4.002215    0.00000000   0.0000   0.6161 15+[10, 0, 8]
 685   15    75.308373   67.068048   75.308373    4.031433    0.00000000   0.0000   0.3348 15+[18,11, 7]
 686   15    75.490226   67.249901   75.490226    4.035818    0.00000000   0.0000   0.3777 15+[18,10, 8]
 687   15    86.092317   77.851992   86.092317    4.283715    0.00000000   0.0000   0.4335 15+[14, 7, 7]
 688   15    86.298910   78.058585   86.298910    4.288403    0.00000000   0.0000   0.4958 15+[14, 5, 7]
 689   15    87.142996   78.902672   87.142996    4.307505    0.00000000   0.0000   0.4878 15+[14, 6, 8]
 690   15    88.053142   79.812817   88.053142    4.328007    0.00000000   0.0000   0.3337 15+[14, 5, 7]
 691   16    25.732160   17.491835   25.732160    2.570711    0.00000000   0.0000   0.9545 15-[ 7, 0, 7]
 692   16    31.423387   23.183063   31.423387    2.777706    0.00000000   0.0000   0.4468 15-[13, 0, 7]
 693   16    37.529210   29.288885   37.529210    2.983856    0.00000000   0.0000   0.3127 15-[ 9, 2, 7]
 694   16    37.710532   29.470207   37.710532    2.989760    0.00000000   0.0000   0.4187 15-[13, 1, 8]
 695   16    45.371041   37.130716   45.371041    3.229371    0.00000000   0.0000   0.7034 15-[ 9, 0, 7]
 696   16    45.696458   37.456133   45.696458    3.239158    0.00000000   0.0000   0.8328 15-[ 9, 2, 7]
 697   16    46.569204   38.328879   46.569204    3.265259    0.00000000   0.0000   0.3236 15-[15, 2, 7]
 698   16    46.645471   38.405147   46.645471    3.267530    0.00000000   0.0000   0.3250 15-[15, 5, 8]
 699   16    50.827885   42.587560   50.827885    3.389741    0.00000000   0.0000   0.7368 15-[ 9, 1, 8]
 700   16    57.584631   49.344306   57.584631    3.578367    0.00000000   0.0000   0.3552 15-[15, 8, 7]
 701   16    57.705338   49.465013   57.705338    3.581646    0.00000000   0.0000   0.3558 15-[15, 7, 8]
 702   16    59.579093   51.338769   59.579093    3.632174    0.00000000   0.0000   0.5566 15-[11, 2, 7]
 703   16    62.847144   54.606819   62.847144    3.718657    0.00000000   0.0000   0.6727 15-[11, 4, 7]
 704   16    63.047211   54.806886   63.047211    3.723886    0.00000000   0.0000   0.5465 15-[ 9, 0, 7]
 705   16    65.477024   57.236699   65.477024    3.786818    0.00000000   0.0000   0.6433 15-[11, 3, 8]
 706   16    65.765210   57.524885   65.765210    3.794213    0.00000000   0.0000   0.5133 15-[ 9, 1, 8]
 707   16    71.459664   63.219339   71.459664    3.937483    0.00000000   0.0000   0.3632 15-[17,10, 7]
 708   16    71.666392   63.426067   71.666392    3.942586    0.00000000   0.0000   0.3986 15-[17, 9, 8]
 709   16    78.514697   70.274372   78.514697    4.108061    0.00000000   0.0000   0.4550 15-[13, 6, 7]
 710   16    80.880177   72.639852   80.880177    4.163690    0.00000000   0.0000   0.5124 15-[13, 6, 7]
 711   16    82.060423   73.820098   82.060423    4.191170    0.00000000   0.0000   0.3874 15-[11, 2, 7]
 712   16    82.253505   74.013180   82.253505    4.195648    0.00000000   0.0000   0.5546 15-[13, 5, 8]
 713   16    85.171912   76.931587   85.171912    4.262766    0.00000000   0.0000   0.5561 15-[11, 0, 7]
 714   16    85.179043   76.938718   85.179043    4.262928    0.00000000   0.0000   0.4656 15-[11, 3, 8]
 715   17    32.368327   24.128002   32.368327    2.810599    0.00000000   0.0000   0.4922 17+[ 8, 0, 8]
 716   17    36.622861   28.382536   36.622861    2.954164    0.00000000   0.0000   0.8494 17+[ 8, 0, 8]
 717   17    40.427709   32.187384   40.427709    3.076886    0.00000000   0.0000   0.3353 17+[14, 2, 8]
 718   17    40.493387   32.253062   40.493387    3.078962    0.00000000   0.0000   0.4289 17+[14, 1, 9]
 719   17    49.697424   41.457099   49.697424    3.357147    0.00000000   0.0000   0.3264 17+[16, 2, 8]
 720   17    49.721383   41.481058   49.721383    3.357841    0.00000000   0.0000   0.6666 17+[10, 0, 8]
 721   17    49.749808   41.509483   49.749808    3.358664    0.00000000   0.0000   0.3283 17+[16, 5, 9]
 722   17    53.398400   45.158075   53.398400    3.462712    0.00000000   0.0000   0.8042 17+[10, 2, 8]
 723   17    56.062248   47.821924   56.062248    3.536745    0.00000000   0.0000   0.6763 17+[10, 1, 9]
 724   17    61.060185   52.819860   61.060185    3.671620    0.00000000   0.0000   0.3611 17+[16, 8, 8]
 725   17    61.161256   52.920931   61.161256    3.674297    0.00000000   0.0000   0.3544 17+[16, 7, 9]
 726   17    65.254724   57.014399   65.254724    3.781104    0.00000000   0.0000   0.5341 17+[12, 2, 8]
 727   17    68.862398   60.622073   68.862398    3.872794    0.00000000   0.0000   0.6414 17+[12, 4, 8]
 728   17    69.029873   60.789548   69.029873    3.876998    0.00000000   0.0000   0.5947 17+[10, 0, 8]
 729   17    70.226613   61.986288   70.226613    3.906906    0.00000000   0.0000   0.6267 17+[12, 3, 9]
 730   17    72.087440   63.847115   72.087440    3.952960    0.00000000   0.0000   0.6010 17+[10, 1, 9]
 731   17    75.308373   67.068048   75.308373    4.031433    0.00000000   0.0000   0.3786 17+[18,10, 8]
 732   17    75.490226   67.249901   75.490226    4.035818    0.00000000   0.0000   0.4063 17+[18, 9, 9]
 733   17    86.092317   77.851992   86.092317    4.283715    0.00000000   0.0000   0.4197 17+[14, 6, 8]
 734   17    86.298910   78.058585   86.298910    4.288403    0.00000000   0.0000   0.5189 17+[14, 6, 8]
 735   17    87.142996   78.902672   87.142996    4.307505    0.00000000   0.0000   0.5638 17+[14, 5, 9]
 736   17    88.053142   79.812817   88.053142    4.328007    0.00000000   0.0000   0.4223 17+[12, 2, 8]
 737   18    37.529210   29.288885   37.529210    2.983856    0.00000000   0.0000   0.4205 17-[13, 1, 8]
 738   18    37.710532   29.470207   37.710532    2.989760    0.00000000   0.0000   0.4788 17-[15, 0, 9]
 739   18    45.696458   37.456133   45.696458    3.239158    0.00000000   0.0000   0.8834 17-[ 9, 1, 8]
 740   18    46.569204   38.328879   46.569204    3.265259    0.00000000   0.0000   0.3310 17-[15, 5, 8]
 741   18    46.645471   38.405147   46.645471    3.267530    0.00000000   0.0000   0.3816 17-[15, 2, 9]
 742   18    50.827885   42.587560   50.827885    3.389741    0.00000000   0.0000   0.7581 17-[ 9, 0, 9]
 743   18    57.584631   49.344306   57.584631    3.578367    0.00000000   0.0000   0.3607 17-[15, 7, 8]
 744   18    57.705338   49.465013   57.705338    3.581646    0.00000000   0.0000   0.3402 17-[15, 6, 9]
 745   18    59.579093   51.338769   59.579093    3.632174    0.00000000   0.0000   0.6679 17-[11, 1, 8]
 746   18    62.847144   54.606819   62.847144    3.718657    0.00000000   0.0000   0.7521 17-[11, 3, 8]
 747   18    65.477024   57.236699   65.477024    3.786818    0.00000000   0.0000   0.6958 17-[11, 2, 9]
 748   18    65.765210   57.524885   65.765210    3.794213    0.00000000   0.0000   0.5282 17-[ 9, 0, 9]
 749   18    71.459664   63.219339   71.459664    3.937483    0.00000000   0.0000   0.3978 17-[17, 9, 8]
 750   18    71.666392   63.426067   71.666392    3.942586    0.00000000   0.0000   0.4146 17-[17, 8, 9]
 751   18    78.514697   70.274372   78.514697    4.108061    0.00000000   0.0000   0.4644 17-[13, 3, 8]
 752   18    80.880177   72.639852   80.880177    4.163690    0.00000000   0.0000   0.6008 17-[13, 5, 8]
 753   18    82.060423   73.820098   82.060423    4.191170    0.00000000   0.0000   0.5069 17-[13, 1, 8]
 754   18    82.253505   74.013180   82.253505    4.195648    0.00000000   0.0000   0.6276 17-[13, 4, 9]
 755   18    85.179043   76.938718   85.179043    4.262928    0.00000000   0.0000   0.5036 17-[11, 2, 9]
 756   19    40.427709   32.187384   40.427709    3.076886    0.00000000   0.0000   0.4396 19+[14, 1, 9]
 757   19    40.493387   32.253063   40.493387    3.078962    0.00000000   0.0000   0.4922 19+[16, 0,10]
 758   19    49.697424   41.457099   49.697424    3.357147    0.00000000   0.0000   0.3350 19+[16, 5, 9]
 759   19    49.749808   41.509483   49.749808    3.358664    0.00000000   0.0000   0.3979 19+[16, 2,10]
 760   19    53.398400   45.158075   53.398400    3.462712    0.00000000   0.0000   0.8477 19+[10, 1, 9]
 761   19    56.062248   47.821924   56.062248    3.536745    0.00000000   0.0000   0.6938 19+[10, 0,10]
 762   19    61.060185   52.819860   61.060185    3.671620    0.00000000   0.0000   0.3611 19+[16, 7, 9]
 763   19    61.161256   52.920931   61.161256    3.674297    0.00000000   0.0000   0.3364 19+[18, 6,10]
 764   19    65.254724   57.014399   65.254724    3.781104    0.00000000   0.0000   0.6283 19+[12, 1, 9]
 765   19    68.862398   60.622073   68.862398    3.872794    0.00000000   0.0000   0.7091 19+[12, 3, 9]
 766   19    70.226613   61.986288   70.226613    3.906906    0.00000000   0.0000   0.6727 19+[12, 2,10]
 767   19    72.087440   63.847115   72.087440    3.952960    0.00000000   0.0000   0.6166 19+[10, 0,10]
 768   19    75.308373   67.068048   75.308373    4.031433    0.00000000   0.0000   0.4070 19+[18, 9, 9]
 769   19    75.490226   67.249901   75.490226    4.035818    0.00000000   0.0000   0.4167 19+[18, 8,10]
 770   19    86.092317   77.851992   86.092317    4.283715    0.00000000   0.0000   0.4554 19+[14, 3, 9]
 771   19    86.298910   78.058585   86.298910    4.288403    0.00000000   0.0000   0.5991 19+[14, 5, 9]
 772   19    87.142996   78.902672   87.142996    4.307505    0.00000000   0.0000   0.6308 19+[14, 4,10]
 773   19    88.053142   79.812817   88.053142    4.328007    0.00000000   0.0000   0.4969 19+[12, 1, 9]
 774   20    37.529210   29.288885   37.529210    2.983856    0.00000000   0.0000   0.4818 19-[15, 0, 9]
 775   20    45.696458   37.456133   45.696458    3.239158    0.00000000   0.0000   0.9076 19-[ 9, 0, 9]
 776   20    46.569204   38.328879   46.569204    3.265259    0.00000000   0.0000   0.3883 19-[13, 2, 9]
 777   20    46.645471   38.405147   46.645471    3.267530    0.00000000   0.0000   0.4876 19-[15, 1,10]
 778   20    57.584631   49.344306   57.584631    3.578367    0.00000000   0.0000   0.3446 19-[15, 6, 9]
 779   20    57.705338   49.465013   57.705338    3.581646    0.00000000   0.0000   0.3902 19-[15, 3,10]
 780   20    59.579093   51.338769   59.579093    3.632174    0.00000000   0.0000   0.7233 19-[11, 0, 9]
 781   20    62.847144   54.606819   62.847144    3.718657    0.00000000   0.0000   0.8123 19-[11, 2, 9]
 782   20    65.477024   57.236699   65.477024    3.786818    0.00000000   0.0000   0.7305 19-[11, 1,10]
 783   20    71.459664   63.219339   71.459664    3.937483    0.00000000   0.0000   0.4135 19-[17, 8, 9]
 784   20    71.666392   63.426067   71.666392    3.942586    0.00000000   0.0000   0.4097 19-[17, 7,10]
 785   20    78.514697   70.274372   78.514697    4.108061    0.00000000   0.0000   0.6028 19-[13, 2, 9]
 786   20    80.880177   72.639852   80.880177    4.163690    0.00000000   0.0000   0.6792 19-[13, 4, 9]
 787   20    82.060423   73.820098   82.060423    4.191170    0.00000000   0.0000   0.5758 19-[13, 0, 9]
 788   20    82.253505   74.013180   82.253505    4.195648    0.00000000   0.0000   0.6881 19-[13, 3,10]
 789   20    85.179043   76.938718   85.179043    4.262928    0.00000000   0.0000   0.5288 19-[11, 1,10]
 790   21    40.427709   32.187384   40.427709    3.076886    0.00000000   0.0000   0.5016 21+[16, 0,10]
 791   21    49.697424   41.457099   49.697424    3.357147    0.00000000   0.0000   0.4056 21+[16, 2,10]
 792   21    49.749808   41.509483   49.749808    3.358664    0.00000000   0.0000   0.4975 21+[16, 1,11]
 793   21    53.398400   45.158075   53.398400    3.462712    0.00000000   0.0000   0.8686 21+[10, 0,10]
 794   21    61.060185   52.819860   61.060185    3.671620    0.00000000   0.0000   0.3412 21+[16, 6,10]
 795   21    61.161256   52.920931   61.161256    3.674297    0.00000000   0.0000   0.4036 21+[16, 3,11]
 796   21    65.254724   57.014399   65.254724    3.781104    0.00000000   0.0000   0.6752 21+[12, 0,10]
 797   21    68.862398   60.622073   68.862398    3.872794    0.00000000   0.0000   0.7605 21+[12, 2,10]
 798   21    70.226613   61.986288   70.226613    3.906906    0.00000000   0.0000   0.7033 21+[12, 1,11]
 799   21    75.308373   67.068048   75.308373    4.031433    0.00000000   0.0000   0.4170 21+[18, 8,10]
 800   21    75.490226   67.249901   75.490226    4.035818    0.00000000   0.0000   0.4126 21+[16, 5,11]
 801   21    86.092317   77.851992   86.092317    4.283715    0.00000000   0.0000   0.5752 21+[14, 2,10]
 802   21    86.298910   78.058585   86.298910    4.288403    0.00000000   0.0000   0.6699 21+[14, 4,10]
 803   21    87.142996   78.902672   87.142996    4.307505    0.00000000   0.0000   0.6863 21+[14, 3,11]
 804   21    88.053142   79.812817   88.053142    4.328007    0.00000000   0.0000   0.5567 21+[14, 0,10]
 805   22    46.569204   38.328879   46.569204    3.265259    0.00000000   0.0000   0.4955 21-[15, 1,10]
 806   22    46.645471   38.405147   46.645471    3.267530    0.00000000   0.0000   0.5426 21-[15, 0,11]
 807   22    57.584631   49.344306   57.584631    3.578367    0.00000000   0.0000   0.3948 21-[15, 3,10]
 808   22    57.705338   49.465013   57.705338    3.581646    0.00000000   0.0000   0.4825 21-[15, 2,11]
 809   22    62.847144   54.606819   62.847144    3.718657    0.00000000   0.0000   0.8520 21-[11, 1,10]
 810   22    65.477024   57.236699   65.477024    3.786818    0.00000000   0.0000   0.7477 21-[11, 0,11]
 811   22    71.459664   63.219339   71.459664    3.937483    0.00000000   0.0000   0.4212 21-[15, 5,10]
 812   22    71.666392   63.426067   71.666392    3.942586    0.00000000   0.0000   0.4521 21-[15, 4,11]
 813   22    78.514697   70.274372   78.514697    4.108061    0.00000000   0.0000   0.6980 21-[13, 1,10]
 814   22    80.880177   72.639852   80.880177    4.163690    0.00000000   0.0000   0.7440 21-[13, 3,10]
 815   22    82.253505   74.013180   82.253505    4.195648    0.00000000   0.0000   0.7342 21-[13, 2,11]
 816   22    85.179043   76.938718   85.179043    4.262928    0.00000000   0.0000   0.5597 21-[13, 0,11]
 817   23    49.697424   41.457099   49.697424    3.357147    0.00000000   0.0000   0.5066 23+[16, 1,11]
 818   23    49.749808   41.509483   49.749808    3.358664    0.00000000   0.0000   0.5489 23+[16, 0,12]
 819   23    61.060185   52.819860   61.060185    3.671620    0.00000000   0.0000   0.4105 23+[16, 3,11]
 820   23    61.161256   52.920931   61.161256    3.674297    0.00000000   0.0000   0.4900 23+[16, 2,12]
 821   23    68.862398   60.622073   68.862398    3.872794    0.00000000   0.0000   0.7943 23+[12, 1,11]
 822   23    70.226613   61.986288   70.226613    3.906906    0.00000000   0.0000   0.7185 23+[12, 0,12]
 823   23    75.308373   67.068048   75.308373    4.031433    0.00000000   0.0000   0.4232 23+[16, 5,11]
 824   23    75.490226   67.249901   75.490226    4.035818    0.00000000   0.0000   0.4538 23+[16, 4,12]
 825   23    86.092317   77.851992   86.092317    4.283715    0.00000000   0.0000   0.6574 23+[14, 1,11]
 826   23    86.298910   78.058585   86.298910    4.288403    0.00000000   0.0000   0.7282 23+[14, 3,11]
 827   23    87.142996   78.902672   87.142996    4.307505    0.00000000   0.0000   0.7285 23+[14, 2,12]
 828   24    46.569204   38.328879   46.569204    3.265259    0.00000000   0.0000   0.5507 23-[15, 0,11]
 829   24    57.584631   49.344306   57.584631    3.578367    0.00000000   0.0000   0.4877 23-[15, 2,11]
 830   24    57.705338   49.465013   57.705338    3.581646    0.00000000   0.0000   0.5459 23-[15, 1,12]
 831   24    62.847144   54.606819   62.847144    3.718657    0.00000000   0.0000   0.8711 23-[11, 0,11]
 832   24    71.459664   63.219339   71.459664    3.937483    0.00000000   0.0000   0.4666 23-[15, 4,11]
 833   24    71.666392   63.426067   71.666392    3.942586    0.00000000   0.0000   0.4887 23-[15, 3,12]
 834   24    78.514697   70.274372   78.514697    4.108061    0.00000000   0.0000   0.7454 23-[13, 0,11]
 835   24    80.880177   72.639852   80.880177    4.163690    0.00000000   0.0000   0.7931 23-[13, 2,11]
 836   24    82.253505   74.013180   82.253505    4.195648    0.00000000   0.0000   0.7648 23-[13, 1,12]
 837   25    49.697424   41.457099   49.697424    3.357147    0.00000000   0.0000   0.5585 25+[16, 0,12]
 838   25    61.060185   52.819860   61.060185    3.671620    0.00000000   0.0000   0.4980 25+[16, 2,12]
 839   25    61.161256   52.920931   61.161256    3.674297    0.00000000   0.0000   0.5492 25+[16, 1,13]
 840   25    68.862398   60.622073   68.862398    3.872794    0.00000000   0.0000   0.8107 25+[12, 0,12]
 841   25    75.308373   67.068048   75.308373    4.031433    0.00000000   0.0000   0.4652 25+[16, 4,12]
 842   25    75.490226   67.249901   75.490226    4.035818    0.00000000   0.0000   0.4965 25+[18, 3,13]
 843   25    86.092317   77.851992   86.092317    4.283715    0.00000000   0.0000   0.6984 25+[14, 0,12]
 844   25    86.298910   78.058585   86.298910    4.288403    0.00000000   0.0000   0.7724 25+[14, 2,12]
 845   25    87.142996   78.902672   87.142996    4.307505    0.00000000   0.0000   0.7565 25+[14, 1,13]
 846   26    57.584631   49.344306   57.584631    3.578367    0.00000000   0.0000   0.5514 25-[15, 1,12]
 847   26    57.705338   49.465013   57.705338    3.581646    0.00000000   0.0000   0.5777 25-[15, 0,13]
 848   26    71.459664   63.219339   71.459664    3.937483    0.00000000   0.0000   0.5040 25-[15, 3,12]
 849   26    71.666392   63.426067   71.666392    3.942586    0.00000000   0.0000   0.5777 25-[17, 2,13]
 850   26    80.880177   72.639852   80.880177    4.163690    0.00000000   0.0000   0.8255 25-[13, 1,12]
 851   26    82.253505   74.013180   82.253505    4.195648    0.00000000   0.0000   0.7799 25-[13, 0,13]
 852   27    61.060185   52.819860   61.060185    3.671620    0.00000000   0.0000   0.5578 27+[16, 1,13]
 853   27    61.161256   52.920931   61.161256    3.674297    0.00000000   0.0000   0.5789 27+[16, 0,14]
 854   27    75.308373   67.068048   75.308373    4.031433    0.00000000   0.0000   0.4997 27+[16, 3,13]
 855   27    75.490226   67.249901   75.490226    4.035818    0.00000000   0.0000   0.5858 27+[18, 2,14]
 856   27    86.298910   78.058585   86.298910    4.288403    0.00000000   0.0000   0.8015 27+[14, 1,13]
 857   27    87.142996   78.902672   87.142996    4.307505    0.00000000   0.0000   0.7704 27+[14, 0,14]
 858   28    57.584631   49.344306   57.584631    3.578367    0.00000000   0.0000   0.5831 27-[15, 0,13]
 859   28    71.459664   63.219339   71.459664    3.937483    0.00000000   0.0000   0.5745 27-[17, 2,13]
 860   28    71.666392   63.426067   71.666392    3.942586    0.00000000   0.0000   0.6423 27-[17, 1,14]
 861   28    80.880177   72.639852   80.880177    4.163690    0.00000000   0.0000   0.8412 27-[13, 0,13]
 862   29    61.060185   52.819860   61.060185    3.671620    0.00000000   0.0000   0.5876 29+[16, 0,14]
 863   29    75.308373   67.068048   75.308373    4.031433    0.00000000   0.0000   0.5849 29+[18, 2,14]
 864   29    75.490226   67.249901   75.490226    4.035818    0.00000000   0.0000   0.6467 29+[18, 1,15]
 865   29    86.298910   78.058585   86.298910    4.288403    0.00000000   0.0000   0.8157 29+[14, 0,14]
 866   30    71.459664   63.219339   71.459664    3.937483    0.00000000   0.0000   0.6383 29-[17, 1,14]
 867   30    71.666392   63.426067   71.666392    3.942586    0.00000000   0.0000   0.6747 29-[17, 0,15]
 868   31    75.308373   67.068048   75.308373    4.031433    0.00000000   0.0000   0.6454 31+[18, 1,15]
 869   31    75.490226   67.249901   75.490226    4.035818    0.00000000   0.0000   0.6773 31+[18, 0,16]
 870   32    71.459664   63.219339   71.459664    3.937483    0.00000000   0.0000   0.6701 31-[17, 0,15]
 871   33    75.308373   67.068048   75.308373    4.031433    0.00000000   0.0000   0.6755 33+[18, 0,16]
#all active are  871 q.p. states out of 1771
#since the cut off is pwi=  80.0
#check: number of protons =  50.0


 #canonical s.p. energies protons 
 ---------------------------------


  labels -> {2*omega}{parity}[nn=nz+2*nr+nl,nz,nl]
  cqpe   -> canonical q.p. energies
  ce     -> canonical s.p. energies
  fermi energy=  -11.139746534547967     
  average cdelt=  -2.0889425237435106E-009
  k0      ceqp        ce         v*v       u*v        cdel     overl      labels
   1   -5.340903  -11.139747   1.00000000   0.00000000  -0.0000   0.6009  1+[ 4, 2, 0]
   2   -5.162540   -5.162540   0.00000000   0.00000000  -0.0000   0.5315  1+[ 4, 4, 0]
   3   -4.423837   -4.423837   0.00000000   0.00000000  -0.0000   0.5522  1+[ 4, 3, 1]
   4   -2.694616   -2.694616   0.00000000   0.00000000  -0.0000   0.5383  1+[ 4, 1, 1]
   5   -2.581533   -2.581533   0.00000000   0.00000000  -0.0000   0.6347  1+[ 4, 0, 0]
   6    8.096873    8.096873   0.00000000   0.00000000  -0.0000   0.5188  1+[ 6, 4, 0]
   7    9.160737  -25.641387   1.00000000   0.00000000  -0.0000   0.7286  1+[ 2, 0, 0]
   8   10.340173   10.340173   0.00000000   0.00000000  -0.0000   0.2836  1+[ 8, 0, 0]
   9   10.835488  -27.316137   1.00000000   0.00000002  -0.0000   0.7555  1+[ 2, 1, 1]
  10   11.075967   11.075967   0.00000000   0.00000000  -0.0000   0.2231  1+[ 8, 8, 0]
  11   11.341894   11.341894   0.00000000   0.00000000  -0.0000   0.1874  1+[ 8, 3, 1]
  12   12.416597   12.416597   0.00000000   0.00000000  -0.0000   0.3282  1+[ 6, 5, 1]
  13   13.404513   13.404513   0.00000000   0.00000000  -0.0000   0.2728  1+[ 6, 5, 1]
  14   13.502556  -29.983206   1.00000000   0.00000003  -0.0000   0.6076  1+[ 2, 2, 0]
  15   16.256472   16.256472   0.00000000   0.00000000  -0.0000   0.4634  1+[ 6, 3, 1]
  16   17.096026   17.096026   0.00000000   0.00000000  -0.0000   0.2867  1+[ 6, 5, 1]
  17   17.935877   17.935877   0.00000000   0.00000000  -0.0000   0.3601  1+[ 6, 6, 0]
  18   18.403722   18.403722   0.00000000   0.00000000  -0.0000   0.4187  1+[ 6, 0, 0]
  19   18.698590   18.698590   0.00000000   0.00000000  -0.0000   0.3823  1+[ 6, 5, 1]
  20   18.740984   18.740984   0.00000000   0.00000000  -0.0000   0.3184  1+[ 6, 1, 1]
  21   19.003747   19.003747   0.00000000   0.00000000  -0.0000   0.1861  1+[14,13, 1]
  22   20.097447   20.097447   0.00000000   0.00000000  -0.0000   0.2834  1+[ 6, 3, 1]
  23   24.128002   24.128002   0.00000000   0.00000000  -0.0000   0.2588  1+[ 8, 4, 0]
  24   24.638776   24.638776   0.00000000   0.00000000  -0.0000   0.1879  1+[14, 2, 0]
  25   28.382536   28.382536   0.00000000   0.00000000  -0.0000   0.4466  1+[ 8, 4, 0]
  26   28.885532   28.885532   0.00000000   0.00000000  -0.0000   0.2388  1+[ 8, 1, 1]
  27   29.241578   29.241578   0.00000000   0.00000000  -0.0000   0.2435  1+[ 6, 6, 0]
  28   29.876998   29.876998   0.00000000   0.00000000  -0.0000   0.3380  1+[ 8, 2, 0]
  29   30.034937   30.034937   0.00000000   0.00000000  -0.0000   0.3498  1+[ 6, 0, 0]
  30   30.125667   30.125667   0.00000000   0.00000000  -0.0000   0.2384  1+[ 6, 1, 1]
  31   30.212684  -46.693334   1.00000000   0.00000003  -0.0000   0.9462  1+[ 0, 0, 0]
  32   30.249931   30.249931   0.00000000   0.00000000  -0.0000   0.2342  1+[ 8, 1, 1]
  33   32.082059   32.082059   0.00000000   0.00000000  -0.0000   0.2616  1+[ 8, 2, 0]
  34   32.187384   32.187384   0.00000000   0.00000000  -0.0000   0.2013  1+[16,14, 0]
  35   32.253062   32.253062   0.00000000   0.00000000  -0.0000   0.2049  1+[14, 3, 1]
  36   34.554673   34.554673   0.00000000   0.00000000  -0.0000   0.3925  1+[ 8, 5, 1]
  37   41.457099   41.457099   0.00000000   0.00000000  -0.0000   0.2184  1+[16, 4, 0]
  38   41.481058   41.481058   0.00000000   0.00000000  -0.0000   0.2964  1+[10, 8, 0]
  39   41.509483   41.509483   0.00000000   0.00000000  -0.0000   0.2180  1+[16,13, 1]
  40   43.194502   43.194502   0.00000000   0.00000000  -0.0000   0.2711  1+[ 8, 2, 0]
  41   44.873398   44.873398   0.00000000   0.00000000  -0.0000   0.2727  1+[ 8, 1, 1]
  42   45.158075   45.158075   0.00000000   0.00000000  -0.0000   0.4153  1+[10, 5, 1]
  43   45.883064   45.883064   0.00000000   0.00000000  -0.0000   0.3051  1+[ 8, 8, 0]
  44   46.262983   46.262983   0.00000000   0.00000000  -0.0000   0.2631  1+[ 8, 5, 1]
  45   46.573940   46.573940   0.00000000   0.00000000  -0.0000   0.2835  1+[ 8, 2, 0]
  46   46.748570   46.748570   0.00000000   0.00000000  -0.0000   0.3127  1+[ 8, 1, 1]
  47   46.766077   46.766077   0.00000000   0.00000000  -0.0000   0.2707  1+[ 8, 3, 1]
  48   46.886787   46.886787   0.00000000   0.00000000  -0.0000   0.3865  1+[ 8, 0, 0]
  49   47.821924   47.821924   0.00000000   0.00000000  -0.0000   0.3565  1+[10, 5, 1]
  50   52.819860   52.819860   0.00000000   0.00000000  -0.0000   0.2261  1+[16,11, 1]
  51   52.920931   52.920931   0.00000000   0.00000000  -0.0000   0.2347  1+[16,11, 1]
  52   57.014399   57.014399   0.00000000   0.00000000  -0.0000   0.2888  1+[12, 4, 0]
  53   60.622073   60.622073   0.00000000   0.00000000  -0.0000   0.3866  1+[12, 6, 0]
  54   60.789548   60.789548   0.00000000   0.00000000  -0.0000   0.2644  1+[10, 8, 0]
  55   61.986288   61.986288   0.00000000   0.00000000  -0.0000   0.3370  1+[12, 7, 1]
  56   62.939352   62.939352   0.00000000   0.00000000  -0.0000   0.2742  1+[10, 2, 0]
  57   63.847115   63.847115   0.00000000   0.00000000  -0.0000   0.3169  1+[10, 5, 1]
  58   65.104354   65.104354   0.00000000   0.00000000  -0.0000   0.2667  1+[10,10, 0]
  59   65.658747   65.658747   0.00000000   0.00000000  -0.0000   0.2830  1+[10, 9, 1]
  60   65.861393   65.861393   0.00000000   0.00000000  -0.0000   0.2922  1+[10, 3, 1]
  61   66.514811   66.514811   0.00000000   0.00000000  -0.0000   0.2744  1+[10, 0, 0]
  62   66.978420   66.978420   0.00000000   0.00000000  -0.0000   0.2830  1+[10, 1, 1]
  63   67.068048   67.068048   0.00000000   0.00000000  -0.0000   0.2589  1+[18, 6, 0]
  64   67.249901   67.249901   0.00000000   0.00000000  -0.0000   0.2558  1+[18, 6, 0]
  65   67.408557   67.408557   0.00000000   0.00000000  -0.0000   0.2328  1+[10, 3, 1]
  66   67.642189   67.642189   0.00000000   0.00000000  -0.0000   0.3479  1+[10, 0, 0]
  67   77.851992   77.851992   0.00000000   0.00000000  -0.0000   0.2889  1+[14,10, 0]
  68   78.058585   78.058585   0.00000000   0.00000000  -0.0000   0.3632  1+[14, 8, 0]
  69   78.902671   78.902671   0.00000000   0.00000000  -0.0000   0.3614  1+[14, 7, 1]
  70   79.812817   79.812817   0.00000000   0.00000000  -0.0000   0.2284  1+[12, 4, 0]
  71    0.000000    0.000000   0.00000000   0.00000000  -0.0000   0.0000  1+[20, 0, 0]
  72    0.000000    0.000000   0.00000000   0.00000000  -0.0000   0.0000  1+[20, 0, 0]
  73    0.000000    0.000000   0.00000000   0.00000000  -0.0000   0.0000  1+[20, 0, 0]
  74    0.000000    0.000000   0.00000000   0.00000000  -0.0000   0.0000  1+[20, 0, 0]
  75    0.000000    0.000000   0.00000000   0.00000000  -0.0000   0.0000  1+[20, 0, 0]
  76    0.000000    0.000000   0.00000000   0.00000000  -0.0000   0.0000  1+[20, 0, 0]
  77    0.000000    0.000000   0.00000000   0.00000000  -0.0000   0.0000  1+[20, 0, 0]
  78    0.000000    0.000000   0.00000000   0.00000000  -0.0000   0.0000  1+[20, 0, 0]
  79    0.000000    0.000000   0.00000000   0.00000000  -0.0000   0.0000  1+[20, 0, 0]
  80    0.000000    0.000000   0.00000000   0.00000000  -0.0000   0.0000  1+[20, 0, 0]
  81    0.000000    0.000000   0.00000000   0.00000000  -0.0000   0.0000  1+[20, 0, 0]
  82    0.000000    0.000000   0.00000000   0.00000000  -0.0000   0.0000  1+[20, 0, 0]
  83    0.000000    0.000000   0.00000000   0.00000000  -0.0000   0.0000  1+[20, 0, 0]
  84    0.000000    0.000000   0.00000000   0.00000000  -0.0000   0.0000  1+[20, 0, 0]
  85    0.000000    0.000000   0.00000000   0.00000000  -0.0000   0.0000  1+[20, 0, 0]
  86    0.000000    0.000000   0.00000000   0.00000000  -0.0000   0.0000  1+[20, 0, 0]
  87    0.000000    0.000000   0.00000000   0.00000000  -0.0000   0.0000  1+[20, 0, 0]
  88    0.000000    0.000000   0.00000000   0.00000000  -0.0000   0.0000  1+[20, 0, 0]
  89    0.000000    0.000000   0.00000000   0.00000000  -0.0000   0.0000  1+[20, 0, 0]
  90    0.000000    0.000000   0.00000000   0.00000000  -0.0000   0.0000  1+[20, 0, 0]
  91    0.000000    0.000000   0.00000000   0.00000000  -0.0000   0.0000  1+[20, 0, 0]
  92    0.000000    0.000000   0.00000000   0.00000000  -0.0000   0.0000  1+[20, 0, 0]
  93    0.000000    0.000000   0.00000000   0.00000000  -0.0000   0.0000  1+[20, 0, 0]
  94    0.000000    0.000000   0.00000000   0.00000000  -0.0000   0.0000  1+[20, 0, 0]
  95    0.000000    0.000000   0.00000000   0.00000000  -0.0000   0.0000  1+[20, 0, 0]
  96    0.000000    0.000000   0.00000000   0.00000000  -0.0000   0.0000  1+[20, 0, 0]
  97    0.000000    0.000000   0.00000000   0.00000000  -0.0000   0.0000  1+[20, 0, 0]
  98    0.000000    0.000000   0.00000000   0.00000000  -0.0000   0.0000  1+[20, 0, 0]
  99    0.000000    0.000000   0.00000000   0.00000000  -0.0000   0.0000  1+[20, 0, 0]
 100    0.000000    0.000000   0.00000000   0.00000000  -0.0000   0.0000  1+[20, 0, 0]
 101    0.000000    0.000000   0.00000000   0.00000000  -0.0000   0.0000  1+[20, 0, 0]
 102    0.000000    0.000000   0.00000000   0.00000000  -0.0000   0.0000  1+[20, 0, 0]
 103    0.000000    0.000000   0.00000000   0.00000000  -0.0000   0.0000  1+[20, 0, 0]
 104    0.000000    0.000000   0.00000000   0.00000000  -0.0000   0.0000  1+[20, 0, 0]
 105    0.000000    0.000000   0.00000000   0.00000000  -0.0000   0.0000  1+[20, 0, 0]
 106    0.000000    0.000000   0.00000000   0.00000000  -0.0000   0.0000  1+[20, 0, 0]
 107    0.000000    0.000000   0.00000000   0.00000000  -0.0000   0.0000  1+[20, 0, 0]
 108    0.000000    0.000000   0.00000000   0.00000000  -0.0000   0.0000  1+[20, 0, 0]
 109    0.000000    0.000000   0.00000000   0.00000000  -0.0000   0.0000  1+[20, 0, 0]
 110    0.000000    0.000000   0.00000000   0.00000000  -0.0000   0.0000  1+[20, 0, 0]
 111    0.000000    0.000000   0.00000000   0.00000000  -0.0000   0.0000  1+[20, 0, 0]
 112    0.000000    0.000000   0.00000000   0.00000000  -0.0000   0.0000  1+[20, 0, 0]
 113    0.000000    0.000000   0.00000000   0.00000000  -0.0000   0.0000  1+[20, 0, 0]
 114    0.000000    0.000000   0.00000000   0.00000000  -0.0000   0.0000  1+[20, 0, 0]
 115    0.000000    0.000000   0.00000000   0.00000000  -0.0000   0.0000  1+[20, 0, 0]
 116    0.000000    0.000000   0.00000000   0.00000000  -0.0000   0.0000  1+[20, 0, 0]
 117    0.000000    0.000000   0.00000000   0.00000000  -0.0000   0.0000  1+[20, 0, 0]
 118    0.000000    0.000000   0.00000000   0.00000000  -0.0000   0.0000  1+[20, 0, 0]
 119    0.000000    0.000000   0.00000000   0.00000000  -0.0000   0.0000  1+[20, 0, 0]
 120    0.000000    0.000000   0.00000000   0.00000000  -0.0000   0.0000  1+[20, 0, 0]
 121    0.000000    0.000000   0.00000000   0.00000000  -0.0000   0.0000  1+[20, 0, 0]
 122   -2.827575  -13.653075   1.00000000   0.00000000  -0.0000   0.6702  1-[ 3, 0, 1]
 123   -1.528077   -1.528077   0.00000000   0.00000000  -0.0000   0.5762  1-[ 5, 3, 0]
 124   -1.189146  -15.291504   1.00000000   0.00000003  -0.0000   0.5694  1-[ 3, 3, 0]
 125   -0.459967  -16.020682   1.00000000   0.00000001  -0.0000   0.6637  1-[ 3, 2, 1]
 126    4.184818  -20.665468   1.00000000   0.00000000  -0.0000   0.5665  1-[ 3, 2, 1]
 127    4.592326    4.592326   0.00000000   0.00000000  -0.0000   0.4956  1-[ 5, 1, 0]
 128    6.614536    6.614536   0.00000000   0.00000000  -0.0000   0.4141  1-[ 5, 5, 0]
 129    6.736692    6.736692   0.00000000   0.00000000  -0.0000   0.5378  1-[ 5, 2, 1]
 130    7.036631    7.036631   0.00000000   0.00000000  -0.0000   0.4826  1-[ 5, 4, 1]
 131    7.189493    7.189493   0.00000000   0.00000000  -0.0000   0.5111  1-[ 5, 0, 1]
 132   13.031535   13.031535   0.00000000   0.00000000  -0.0000   0.2138  1-[ 5, 5, 0]
 133   13.263783   13.263783   0.00000000   0.00000000  -0.0000   0.2980  1-[ 5, 0, 1]
 134   13.931288   13.931288   0.00000000   0.00000000  -0.0000   0.2113  1-[ 9, 9, 0]
 135   14.352669   14.352669   0.00000000   0.00000000  -0.0000   0.1897  1-[13, 0, 1]
 136   16.660324   16.660324   0.00000000   0.00000000  -0.0000   0.1924  1-[ 9, 1, 0]
 137   17.128940   17.128940   0.00000000   0.00000000  -0.0000   0.2041  1-[11,10, 1]
 138   17.491835   17.491835   0.00000000   0.00000000  -0.0000   0.4877  1-[ 7, 4, 1]
 139   21.194757  -37.675407   1.00000000   0.00000000  -0.0000   0.7866  1-[ 1, 0, 1]
 140   21.851472   21.851472   0.00000000   0.00000000  -0.0000   0.2225  1-[ 7, 4, 1]
 141   22.341489  -38.822138   1.00000000   0.00000000  -0.0000   0.7780  1-[ 1, 1, 0]
 142   23.183063   23.183063   0.00000000   0.00000000  -0.0000   0.1829  1-[13,12, 1]
 143   24.362702   24.362702   0.00000000   0.00000000  -0.0000   0.3430  1-[ 7, 2, 1]
 144   24.472283   24.472283   0.00000000   0.00000000  -0.0000   0.2643  1-[ 7, 7, 0]
 145   24.535602   24.535602   0.00000000   0.00000000  -0.0000   0.3210  1-[ 7, 1, 0]
 146   24.825647   24.825647   0.00000000   0.00000000  -0.0000   0.3531  1-[ 7, 0, 1]
 147   25.626146   25.626146   0.00000000   0.00000000  -0.0000   0.2763  1-[ 7, 6, 1]
 148   26.515327   26.515327   0.00000000   0.00000000  -0.0000   0.3581  1-[ 7, 2, 1]
 149   27.636823   27.636823   0.00000000   0.00000000  -0.0000   0.4464  1-[ 7, 4, 1]
 150   29.288885   29.288885   0.00000000   0.00000000  -0.0000   0.2011  1-[13,11, 0]
 151   29.470207   29.470207   0.00000000   0.00000000  -0.0000   0.1998  1-[15, 2, 1]
 152   37.130716   37.130716   0.00000000   0.00000000  -0.0000   0.3332  1-[ 9, 7, 0]
 153   37.261997   37.261997   0.00000000   0.00000000  -0.0000   0.2362  1-[ 9, 1, 0]
 154   37.456133   37.456133   0.00000000   0.00000000  -0.0000   0.4644  1-[ 9, 5, 0]
 155   38.328879   38.328879   0.00000000   0.00000000  -0.0000   0.2152  1-[15, 3, 0]
 156   38.405147   38.405147   0.00000000   0.00000000  -0.0000   0.2250  1-[15,12, 1]
 157   38.857610   38.857610   0.00000000   0.00000000  -0.0000   0.2793  1-[ 7, 1, 0]
 158   39.620332   39.620332   0.00000000   0.00000000  -0.0000   0.2564  1-[ 7, 2, 1]
 159   39.862046   39.862046   0.00000000   0.00000000  -0.0000   0.2774  1-[ 7, 7, 0]
 160   40.262607   40.262607   0.00000000   0.00000000  -0.0000   0.3819  1-[ 7, 0, 1]
 161   40.370219   40.370219   0.00000000   0.00000000  -0.0000   0.2702  1-[ 7, 6, 1]
 162   40.712367   40.712367   0.00000000   0.00000000  -0.0000   0.2503  1-[ 9, 2, 1]
 163   42.587560   42.587560   0.00000000   0.00000000  -0.0000   0.3835  1-[ 9, 4, 1]
 164   49.344306   49.344306   0.00000000   0.00000000  -0.0000   0.2363  1-[15, 5, 0]
 165   49.465013   49.465013   0.00000000   0.00000000  -0.0000   0.2302  1-[15,10, 1]
 166   51.338769   51.338769   0.00000000   0.00000000  -0.0000   0.3163  1-[11, 3, 0]
 167   54.606819   54.606819   0.00000000   0.00000000  -0.0000   0.4074  1-[11, 5, 0]
 168   54.806886   54.806886   0.00000000   0.00000000  -0.0000   0.2589  1-[ 9, 7, 0]
 169   56.740678   56.740678   0.00000000   0.00000000  -0.0000   0.2654  1-[ 9, 1, 0]
 170   57.236699   57.236699   0.00000000   0.00000000  -0.0000   0.3734  1-[11, 6, 1]
 171   57.524885   57.524885   0.00000000   0.00000000  -0.0000   0.2672  1-[ 9, 4, 1]
 172   58.313102   58.313102   0.00000000   0.00000000  -0.0000   0.2899  1-[ 9, 9, 0]
 173   58.855433   58.855433   0.00000000   0.00000000  -0.0000   0.2980  1-[ 9, 8, 1]
 174   58.968550   58.968550   0.00000000   0.00000000  -0.0000   0.2796  1-[ 9, 2, 1]
 175   59.490069   59.490069   0.00000000   0.00000000  -0.0000   0.2605  1-[ 9, 0, 1]
 176   59.733959   59.733959   0.00000000   0.00000000  -0.0000   0.2565  1-[ 9, 0, 1]
 177   59.875239   59.875239   0.00000000   0.00000000  -0.0000   0.3724  1-[ 9, 0, 1]
 178   63.219339   63.219339   0.00000000   0.00000000  -0.0000   0.2522  1-[17, 6, 1]
 179   63.426067   63.426067   0.00000000   0.00000000  -0.0000   0.2666  1-[17, 6, 1]
 180   70.274372   70.274372   0.00000000   0.00000000  -0.0000   0.3074  1-[13, 9, 0]
 181   72.639852   72.639852   0.00000000   0.00000000  -0.0000   0.3937  1-[13, 7, 0]
 182   73.820098   73.820098   0.00000000   0.00000000  -0.0000   0.2425  1-[13,11, 0]
 183   74.013180   74.013180   0.00000000   0.00000000  -0.0000   0.3611  1-[13, 6, 1]
 184   76.931587   76.931587   0.00000000   0.00000000  -0.0000   0.2378  1-[11, 2, 1]
 185   76.938718   76.938718   0.00000000   0.00000000  -0.0000   0.2703  1-[11, 6, 1]
 186   79.920844   79.920844   0.00000000   0.00000000  -0.0000   0.2629  1-[11, 1, 0]
 187    0.000000    0.000000   0.00000000   0.00000000  -0.0000   0.0000  1-[19, 1, 0]
 188    0.000000    0.000000   0.00000000   0.00000000  -0.0000   0.0000  1-[19, 1, 0]
 189    0.000000    0.000000   0.00000000   0.00000000  -0.0000   0.0000  1-[19, 1, 0]
 190    0.000000    0.000000   0.00000000   0.00000000  -0.0000   0.0000  1-[19, 1, 0]
 191    0.000000    0.000000   0.00000000   0.00000000  -0.0000   0.0000  1-[19, 1, 0]
 192    0.000000    0.000000   0.00000000   0.00000000  -0.0000   0.0000  1-[19, 1, 0]
 193    0.000000    0.000000   0.00000000   0.00000000  -0.0000   0.0000  1-[19, 1, 0]
 194    0.000000    0.000000   0.00000000   0.00000000  -0.0000   0.0000  1-[19, 1, 0]
 195    0.000000    0.000000   0.00000000   0.00000000  -0.0000   0.0000  1-[19, 1, 0]
 196    0.000000    0.000000   0.00000000   0.00000000  -0.0000   0.0000  1-[19, 1, 0]
 197    0.000000    0.000000   0.00000000   0.00000000  -0.0000   0.0000  1-[19, 1, 0]
 198    0.000000    0.000000   0.00000000   0.00000000  -0.0000   0.0000  1-[19, 1, 0]
 199    0.000000    0.000000   0.00000000   0.00000000  -0.0000   0.0000  1-[19, 1, 0]
 200    0.000000    0.000000   0.00000000   0.00000000  -0.0000   0.0000  1-[19, 1, 0]
 201    0.000000    0.000000   0.00000000   0.00000000  -0.0000   0.0000  1-[19, 1, 0]
 202    0.000000    0.000000   0.00000000   0.00000000  -0.0000   0.0000  1-[19, 1, 0]
 203    0.000000    0.000000   0.00000000   0.00000000  -0.0000   0.0000  1-[19, 1, 0]
 204    0.000000    0.000000   0.00000000   0.00000000  -0.0000   0.0000  1-[19, 1, 0]
 205    0.000000    0.000000   0.00000000   0.00000000  -0.0000   0.0000  1-[19, 1, 0]
 206    0.000000    0.000000   0.00000000   0.00000000  -0.0000   0.0000  1-[19, 1, 0]
 207    0.000000    0.000000   0.00000000   0.00000000  -0.0000   0.0000  1-[19, 1, 0]
 208    0.000000    0.000000   0.00000000   0.00000000  -0.0000   0.0000  1-[19, 1, 0]
 209    0.000000    0.000000   0.00000000   0.00000000  -0.0000   0.0000  1-[19, 1, 0]
 210    0.000000    0.000000   0.00000000   0.00000000  -0.0000   0.0000  1-[19, 1, 0]
 211    0.000000    0.000000   0.00000000   0.00000000  -0.0000   0.0000  1-[19, 1, 0]
 212    0.000000    0.000000   0.00000000   0.00000000  -0.0000   0.0000  1-[19, 1, 0]
 213    0.000000    0.000000   0.00000000   0.00000000  -0.0000   0.0000  1-[19, 1, 0]
 214    0.000000    0.000000   0.00000000   0.00000000  -0.0000   0.0000  1-[19, 1, 0]
 215    0.000000    0.000000   0.00000000   0.00000000  -0.0000   0.0000  1-[19, 1, 0]
 216    0.000000    0.000000   0.00000000   0.00000000  -0.0000   0.0000  1-[19, 1, 0]
 217    0.000000    0.000000   0.00000000   0.00000000  -0.0000   0.0000  1-[19, 1, 0]
 218    0.000000    0.000000   0.00000000   0.00000000  -0.0000   0.0000  1-[19, 1, 0]
 219    0.000000    0.000000   0.00000000   0.00000000  -0.0000   0.0000  1-[19, 1, 0]
 220    0.000000    0.000000   0.00000000   0.00000000  -0.0000   0.0000  1-[19, 1, 0]
 221    0.000000    0.000000   0.00000000   0.00000000  -0.0000   0.0000  1-[19, 1, 0]
 222    0.000000    0.000000   0.00000000   0.00000000  -0.0000   0.0000  1-[19, 1, 0]
 223    0.000000    0.000000   0.00000000   0.00000000  -0.0000   0.0000  1-[19, 1, 0]
 224    0.000000    0.000000   0.00000000   0.00000000  -0.0000   0.0000  1-[19, 1, 0]
 225    0.000000    0.000000   0.00000000   0.00000000  -0.0000   0.0000  1-[19, 1, 0]
 226    0.000000    0.000000   0.00000000   0.00000000  -0.0000   0.0000  1-[19, 1, 0]
 227    0.000000    0.000000   0.00000000   0.00000000  -0.0000   0.0000  1-[19, 1, 0]
 228    0.000000    0.000000   0.00000000   0.00000000  -0.0000   0.0000  1-[19, 1, 0]
 229    0.000000    0.000000   0.00000000   0.00000000  -0.0000   0.0000  1-[19, 1, 0]
 230    0.000000    0.000000   0.00000000   0.00000000  -0.0000   0.0000  1-[19, 1, 0]
 231    0.000000    0.000000   0.00000000   0.00000000  -0.0000   0.0000  1-[19, 1, 0]
 232   -5.340903  -11.139747   1.00000000   0.00000000  -0.0000   0.6009  3+[ 4, 3, 1]
 233   -5.162540   -5.162540   0.00000000   0.00000000  -0.0000   0.6138  3+[ 4, 1, 1]
 234   -4.423837   -4.423837   0.00000000   0.00000000  -0.0000   0.7409  3+[ 4, 2, 2]
 235   -2.694616   -2.694616   0.00000000   0.00000000  -0.0000   0.7613  3+[ 4, 0, 2]
 236    8.096873    8.096873   0.00000000   0.00000000  -0.0000   0.5991  3+[ 6, 3, 1]
 237   10.835488  -27.316137   1.00000000   0.00000005  -0.0000   0.8723  3+[ 2, 0, 2]
 238   11.075967   11.075967   0.00000000   0.00000000  -0.0000   0.2263  3+[ 8, 3, 1]
 239   11.341894   11.341894   0.00000000   0.00000000  -0.0000   0.3226  3+[ 8, 0, 2]
 240   12.416597   12.416597   0.00000000   0.00000000  -0.0000   0.4020  3+[ 6, 5, 1]
 241   13.404513   13.404513   0.00000000   0.00000000  -0.0000   0.2835  3+[ 6, 4, 2]
 242   13.502556  -29.983206   1.00000000   0.00000003  -0.0000   0.8592  3+[ 2, 1, 1]
 243   16.256472   16.256472   0.00000000   0.00000000  -0.0000   0.4431  3+[ 6, 4, 2]
 244   17.096026   17.096026   0.00000000   0.00000000  -0.0000   0.3511  3+[ 6, 5, 1]
 245   17.935877   17.935877   0.00000000   0.00000000  -0.0000   0.3720  3+[ 6, 3, 1]
 246   18.698590   18.698590   0.00000000   0.00000000  -0.0000   0.3973  3+[ 6, 4, 2]
 247   18.740984   18.740984   0.00000000   0.00000000  -0.0000   0.5199  3+[ 6, 0, 2]
 248   19.003747   19.003747   0.00000000   0.00000000  -0.0000   0.2149  3+[14,13, 1]
 249   20.097447   20.097447   0.00000000   0.00000000  -0.0000   0.2710  3+[ 6, 2, 2]
 250   24.128002   24.128002   0.00000000   0.00000000  -0.0000   0.2588  3+[ 8, 5, 1]
 251   24.638776   24.638776   0.00000000   0.00000000  -0.0000   0.2234  3+[14,12, 2]
 252   28.382536   28.382536   0.00000000   0.00000000  -0.0000   0.4466  3+[ 8, 5, 1]
 253   28.885533   28.885533   0.00000000   0.00000000  -0.0000   0.2925  3+[ 8, 1, 1]
 254   29.241578   29.241578   0.00000000   0.00000000  -0.0000   0.2515  3+[ 6, 3, 1]
 255   29.876998   29.876998   0.00000000   0.00000000  -0.0000   0.3260  3+[ 8, 7, 1]
 256   30.125667   30.125667   0.00000000   0.00000000  -0.0000   0.3892  3+[ 6, 0, 2]
 257   30.249931   30.249931   0.00000000   0.00000000  -0.0000   0.2352  3+[ 8, 4, 2]
 258   32.082059   32.082059   0.00000000   0.00000000  -0.0000   0.3257  3+[ 8, 6, 2]
 259   32.187384   32.187384   0.00000000   0.00000000  -0.0000   0.2138  3+[14, 3, 1]
 260   32.253062   32.253062   0.00000000   0.00000000  -0.0000   0.2088  3+[16,14, 2]
 261   34.554673   34.554673   0.00000000   0.00000000  -0.0000   0.4514  3+[ 8, 4, 2]
 262   41.457099   41.457099   0.00000000   0.00000000  -0.0000   0.2256  3+[16,13, 1]
 263   41.481058   41.481058   0.00000000   0.00000000  -0.0000   0.3232  3+[10, 3, 1]
 264   41.509483   41.509483   0.00000000   0.00000000  -0.0000   0.2277  3+[16, 4, 2]
 265   43.194502   43.194502   0.00000000   0.00000000  -0.0000   0.2614  3+[ 8, 7, 1]
 266   44.873398   44.873398   0.00000000   0.00000000  -0.0000   0.3340  3+[ 8, 1, 1]
 267   45.158075   45.158075   0.00000000   0.00000000  -0.0000   0.4550  3+[10, 5, 1]
 268   45.883065   45.883065   0.00000000   0.00000000  -0.0000   0.3095  3+[ 8, 3, 1]
 269   46.262983   46.262983   0.00000000   0.00000000  -0.0000   0.3026  3+[ 8, 4, 2]
 270   46.573940   46.573940   0.00000000   0.00000000  -0.0000   0.3530  3+[ 8, 6, 2]
 271   46.748570   46.748570   0.00000000   0.00000000  -0.0000   0.3140  3+[ 8, 4, 2]
 272   46.766076   46.766076   0.00000000   0.00000000  -0.0000   0.4659  3+[ 8, 0, 2]
 273   47.821924   47.821924   0.00000000   0.00000000  -0.0000   0.3511  3+[10, 6, 2]
 274   52.819860   52.819860   0.00000000   0.00000000  -0.0000   0.2417  3+[16,11, 1]
 275   52.920931   52.920931   0.00000000   0.00000000  -0.0000   0.2304  3+[18,14, 2]
 276   57.014399   57.014399   0.00000000   0.00000000  -0.0000   0.3040  3+[12, 9, 1]
 277   60.622073   60.622073   0.00000000   0.00000000  -0.0000   0.3866  3+[12, 7, 1]
 278   60.789548   60.789548   0.00000000   0.00000000  -0.0000   0.2884  3+[10, 3, 1]
 279   61.986288   61.986288   0.00000000   0.00000000  -0.0000   0.3690  3+[12, 6, 2]
 280   62.939352   62.939352   0.00000000   0.00000000  -0.0000   0.2980  3+[10, 9, 1]
 281   63.847115   63.847115   0.00000000   0.00000000  -0.0000   0.3120  3+[10, 6, 2]
 282   65.104355   65.104355   0.00000000   0.00000000  -0.0000   0.3123  3+[10, 1, 1]
 283   65.658747   65.658747   0.00000000   0.00000000  -0.0000   0.3189  3+[10, 8, 2]
 284   65.861393   65.861393   0.00000000   0.00000000  -0.0000   0.2874  3+[10, 8, 2]
 285   66.514812   66.514812   0.00000000   0.00000000  -0.0000   0.2688  3+[10, 3, 1]
 286   66.978420   66.978420   0.00000000   0.00000000  -0.0000   0.2690  3+[10, 6, 2]
 287   67.068048   67.068048   0.00000000   0.00000000  -0.0000   0.2543  3+[18,13, 1]
 288   67.249901   67.249901   0.00000000   0.00000000  -0.0000   0.2739  3+[18,12, 2]
 289   67.408556   67.408556   0.00000000   0.00000000  -0.0000   0.4251  3+[10, 0, 2]
 290   77.851992   77.851992   0.00000000   0.00000000  -0.0000   0.2898  3+[14, 5, 1]
 291   78.058585   78.058585   0.00000000   0.00000000  -0.0000   0.3883  3+[14, 7, 1]
 292   78.902672   78.902672   0.00000000   0.00000000  -0.0000   0.3586  3+[14, 8, 2]
 293   79.812817   79.812817   0.00000000   0.00000000  -0.0000   0.2412  3+[14, 3, 1]
 294    0.000000    0.000000   0.00000000   0.00000000  -0.0000   0.0000  3+[20, 1, 1]
 295    0.000000    0.000000   0.00000000   0.00000000  -0.0000   0.0000  3+[20, 1, 1]
 296    0.000000    0.000000   0.00000000   0.00000000  -0.0000   0.0000  3+[20, 1, 1]
 297    0.000000    0.000000   0.00000000   0.00000000  -0.0000   0.0000  3+[20, 1, 1]
 298    0.000000    0.000000   0.00000000   0.00000000  -0.0000   0.0000  3+[20, 1, 1]
 299    0.000000    0.000000   0.00000000   0.00000000  -0.0000   0.0000  3+[20, 1, 1]
 300    0.000000    0.000000   0.00000000   0.00000000  -0.0000   0.0000  3+[20, 1, 1]
 301    0.000000    0.000000   0.00000000   0.00000000  -0.0000   0.0000  3+[20, 1, 1]
 302    0.000000    0.000000   0.00000000   0.00000000  -0.0000   0.0000  3+[20, 1, 1]
 303    0.000000    0.000000   0.00000000   0.00000000  -0.0000   0.0000  3+[20, 1, 1]
 304    0.000000    0.000000   0.00000000   0.00000000  -0.0000   0.0000  3+[20, 1, 1]
 305    0.000000    0.000000   0.00000000   0.00000000  -0.0000   0.0000  3+[20, 1, 1]
 306    0.000000    0.000000   0.00000000   0.00000000  -0.0000   0.0000  3+[20, 1, 1]
 307    0.000000    0.000000   0.00000000   0.00000000  -0.0000   0.0000  3+[20, 1, 1]
 308    0.000000    0.000000   0.00000000   0.00000000  -0.0000   0.0000  3+[20, 1, 1]
 309    0.000000    0.000000   0.00000000   0.00000000  -0.0000   0.0000  3+[20, 1, 1]
 310    0.000000    0.000000   0.00000000   0.00000000  -0.0000   0.0000  3+[20, 1, 1]
 311    0.000000    0.000000   0.00000000   0.00000000  -0.0000   0.0000  3+[20, 1, 1]
 312    0.000000    0.000000   0.00000000   0.00000000  -0.0000   0.0000  3+[20, 1, 1]
 313    0.000000    0.000000   0.00000000   0.00000000  -0.0000   0.0000  3+[20, 1, 1]
 314    0.000000    0.000000   0.00000000   0.00000000  -0.0000   0.0000  3+[20, 1, 1]
 315    0.000000    0.000000   0.00000000   0.00000000  -0.0000   0.0000  3+[20, 1, 1]
 316    0.000000    0.000000   0.00000000   0.00000000  -0.0000   0.0000  3+[20, 1, 1]
 317    0.000000    0.000000   0.00000000   0.00000000  -0.0000   0.0000  3+[20, 1, 1]
 318    0.000000    0.000000   0.00000000   0.00000000  -0.0000   0.0000  3+[20, 1, 1]
 319    0.000000    0.000000   0.00000000   0.00000000  -0.0000   0.0000  3+[20, 1, 1]
 320    0.000000    0.000000   0.00000000   0.00000000  -0.0000   0.0000  3+[20, 1, 1]
 321    0.000000    0.000000   0.00000000   0.00000000  -0.0000   0.0000  3+[20, 1, 1]
 322    0.000000    0.000000   0.00000000   0.00000000  -0.0000   0.0000  3+[20, 1, 1]
 323    0.000000    0.000000   0.00000000   0.00000000  -0.0000   0.0000  3+[20, 1, 1]
 324    0.000000    0.000000   0.00000000   0.00000000  -0.0000   0.0000  3+[20, 1, 1]
 325    0.000000    0.000000   0.00000000   0.00000000  -0.0000   0.0000  3+[20, 1, 1]
 326    0.000000    0.000000   0.00000000   0.00000000  -0.0000   0.0000  3+[20, 1, 1]
 327    0.000000    0.000000   0.00000000   0.00000000  -0.0000   0.0000  3+[20, 1, 1]
 328    0.000000    0.000000   0.00000000   0.00000000  -0.0000   0.0000  3+[20, 1, 1]
 329    0.000000    0.000000   0.00000000   0.00000000  -0.0000   0.0000  3+[20, 1, 1]
 330    0.000000    0.000000   0.00000000   0.00000000  -0.0000   0.0000  3+[20, 1, 1]
 331    0.000000    0.000000   0.00000000   0.00000000  -0.0000   0.0000  3+[20, 1, 1]
 332    0.000000    0.000000   0.00000000   0.00000000  -0.0000   0.0000  3+[20, 1, 1]
 333    0.000000    0.000000   0.00000000   0.00000000  -0.0000   0.0000  3+[20, 1, 1]
 334    0.000000    0.000000   0.00000000   0.00000000  -0.0000   0.0000  3+[20, 1, 1]
 335    0.000000    0.000000   0.00000000   0.00000000  -0.0000   0.0000  3+[20, 1, 1]
 336    0.000000    0.000000   0.00000000   0.00000000  -0.0000   0.0000  3+[20, 1, 1]
 337    0.000000    0.000000   0.00000000   0.00000000  -0.0000   0.0000  3+[20, 1, 1]
 338    0.000000    0.000000   0.00000000   0.00000000  -0.0000   0.0000  3+[20, 1, 1]
 339    0.000000    0.000000   0.00000000   0.00000000  -0.0000   0.0000  3+[20, 1, 1]
 340    0.000000    0.000000   0.00000000   0.00000000  -0.0000   0.0000  3+[20, 1, 1]
 341    0.000000    0.000000   0.00000000   0.00000000  -0.0000   0.0000  3+[20, 1, 1]
 342   -1.528077   -1.528077   0.00000000   0.00000000  -0.0000   0.5904  3-[ 5, 2, 1]
 343   -1.189146  -15.291504   1.00000000   0.00000003  -0.0000   0.8053  3-[ 3, 0, 1]
 344   -0.459967  -16.020682   1.00000000   0.00000004  -0.0000   0.8296  3-[ 3, 1, 2]
 345    4.184818  -20.665468   1.00000000   0.00000001  -0.0000   0.7313  3-[ 3, 2, 1]
 346    4.592326    4.592326   0.00000000   0.00000000  -0.0000   0.5541  3-[ 5, 4, 1]
 347    6.614536    6.614536   0.00000000   0.00000000  -0.0000   0.6415  3-[ 5, 0, 1]
 348    6.736692    6.736692   0.00000000   0.00000000  -0.0000   0.6275  3-[ 5, 3, 2]
 349    7.036631    7.036631   0.00000000   0.00000000  -0.0000   0.6032  3-[ 5, 1, 2]
 350   13.031535   13.031535   0.00000000   0.00000000  -0.0000   0.3312  3-[ 5, 0, 1]
 351   13.931288   13.931288   0.00000000   0.00000000  -0.0000   0.2112  3-[11, 0, 1]
 352   14.352669   14.352669   0.00000000   0.00000000  -0.0000   0.2142  3-[ 5, 1, 2]
 353   16.660324   16.660324   0.00000000   0.00000000  -0.0000   0.2245  3-[ 9, 8, 1]
 354   17.128940   17.128940   0.00000000   0.00000000  -0.0000   0.2277  3-[11, 1, 2]
 355   17.491835   17.491835   0.00000000   0.00000000  -0.0000   0.5530  3-[ 7, 4, 1]
 356   21.851472   21.851472   0.00000000   0.00000000  -0.0000   0.2360  3-[ 7, 3, 2]
 357   22.341489  -38.822138   1.00000000   0.00000000  -0.0000   0.9529  3-[ 1, 0, 1]
 358   23.183063   23.183063   0.00000000   0.00000000  -0.0000   0.2073  3-[13,12, 1]
 359   24.362702   24.362702   0.00000000   0.00000000  -0.0000   0.4059  3-[ 7, 2, 1]
 360   24.472283   24.472283   0.00000000   0.00000000  -0.0000   0.4378  3-[ 7, 0, 1]
 361   24.535602   24.535602   0.00000000   0.00000000  -0.0000   0.3276  3-[ 7, 6, 1]
 362   25.626146   25.626146   0.00000000   0.00000000  -0.0000   0.3567  3-[ 7, 1, 2]
 363   26.515327   26.515327   0.00000000   0.00000000  -0.0000   0.4161  3-[ 7, 5, 2]
 364   27.636823   27.636823   0.00000000   0.00000000  -0.0000   0.4735  3-[ 7, 3, 2]
 365   29.288885   29.288885   0.00000000   0.00000000  -0.0000   0.2053  3-[15, 2, 1]
 366   29.470207   29.470207   0.00000000   0.00000000  -0.0000   0.2223  3-[15,13, 2]
 367   37.130716   37.130716   0.00000000   0.00000000  -0.0000   0.3382  3-[ 9, 2, 1]
 368   37.261997   37.261997   0.00000000   0.00000000  -0.0000   0.2756  3-[ 9, 8, 1]
 369   37.456133   37.456133   0.00000000   0.00000000  -0.0000   0.4687  3-[ 9, 4, 1]
 370   38.328879   38.328879   0.00000000   0.00000000  -0.0000   0.2325  3-[15,12, 1]
 371   38.405147   38.405147   0.00000000   0.00000000  -0.0000   0.2308  3-[15, 3, 2]
 372   38.857610   38.857610   0.00000000   0.00000000  -0.0000   0.2851  3-[ 7, 6, 1]
 373   39.620332   39.620332   0.00000000   0.00000000  -0.0000   0.2979  3-[ 7, 5, 2]
 374   39.862047   39.862047   0.00000000   0.00000000  -0.0000   0.4595  3-[ 7, 0, 1]
 375   40.370219   40.370219   0.00000000   0.00000000  -0.0000   0.3489  3-[ 7, 1, 2]
 376   40.712367   40.712367   0.00000000   0.00000000  -0.0000   0.2839  3-[ 9, 7, 2]
 377   42.587560   42.587560   0.00000000   0.00000000  -0.0000   0.4219  3-[ 9, 5, 2]
 378   49.344306   49.344306   0.00000000   0.00000000  -0.0000   0.2360  3-[15,10, 1]
 379   49.465013   49.465013   0.00000000   0.00000000  -0.0000   0.2485  3-[15, 5, 2]
 380   51.338769   51.338769   0.00000000   0.00000000  -0.0000   0.3389  3-[11, 8, 1]
 381   54.606819   54.606819   0.00000000   0.00000000  -0.0000   0.4428  3-[11, 6, 1]
 382   54.806886   54.806886   0.00000000   0.00000000  -0.0000   0.2628  3-[ 9, 2, 1]
 383   56.740678   56.740678   0.00000000   0.00000000  -0.0000   0.3097  3-[ 9, 8, 1]
 384   57.236699   57.236699   0.00000000   0.00000000  -0.0000   0.3838  3-[11, 5, 2]
 385   57.524885   57.524885   0.00000000   0.00000000  -0.0000   0.2940  3-[ 9, 5, 2]
 386   58.313102   58.313102   0.00000000   0.00000000  -0.0000   0.2829  3-[ 9, 0, 1]
 387   58.855433   58.855433   0.00000000   0.00000000  -0.0000   0.3219  3-[ 9, 1, 2]
 388   58.968550   58.968550   0.00000000   0.00000000  -0.0000   0.3171  3-[ 9, 7, 2]
 389   59.490069   59.490069   0.00000000   0.00000000  -0.0000   0.4513  3-[ 9, 0, 1]
 390   59.733959   59.733959   0.00000000   0.00000000  -0.0000   0.3206  3-[ 9, 1, 2]
 391   63.219339   63.219339   0.00000000   0.00000000  -0.0000   0.2685  3-[17, 6, 1]
 392   63.426067   63.426067   0.00000000   0.00000000  -0.0000   0.2675  3-[17,11, 2]
 393   70.274372   70.274372   0.00000000   0.00000000  -0.0000   0.3287  3-[13, 4, 1]
 394   72.639852   72.639852   0.00000000   0.00000000  -0.0000   0.3956  3-[13, 6, 1]
 395   73.820098   73.820098   0.00000000   0.00000000  -0.0000   0.2358  3-[11, 8, 1]
 396   74.013180   74.013180   0.00000000   0.00000000  -0.0000   0.3868  3-[13, 7, 2]
 397   76.931587   76.931587   0.00000000   0.00000000  -0.0000   0.2696  3-[11, 2, 1]
 398   76.938718   76.938718   0.00000000   0.00000000  -0.0000   0.2778  3-[11, 5, 2]
 399   79.920844   79.920844   0.00000000   0.00000000  -0.0000   0.2909  3-[11,10, 1]
 400    0.000000    0.000000   0.00000000   0.00000000  -0.0000   0.0000  3-[19, 0, 1]
 401    0.000000    0.000000   0.00000000   0.00000000  -0.0000   0.0000  3-[19, 0, 1]
 402    0.000000    0.000000   0.00000000   0.00000000  -0.0000   0.0000  3-[19, 0, 1]
 403    0.000000    0.000000   0.00000000   0.00000000  -0.0000   0.0000  3-[19, 0, 1]
 404    0.000000    0.000000   0.00000000   0.00000000  -0.0000   0.0000  3-[19, 0, 1]
 405    0.000000    0.000000   0.00000000   0.00000000  -0.0000   0.0000  3-[19, 0, 1]
 406    0.000000    0.000000   0.00000000   0.00000000  -0.0000   0.0000  3-[19, 0, 1]
 407    0.000000    0.000000   0.00000000   0.00000000  -0.0000   0.0000  3-[19, 0, 1]
 408    0.000000    0.000000   0.00000000   0.00000000  -0.0000   0.0000  3-[19, 0, 1]
 409    0.000000    0.000000   0.00000000   0.00000000  -0.0000   0.0000  3-[19, 0, 1]
 410    0.000000    0.000000   0.00000000   0.00000000  -0.0000   0.0000  3-[19, 0, 1]
 411    0.000000    0.000000   0.00000000   0.00000000  -0.0000   0.0000  3-[19, 0, 1]
 412    0.000000    0.000000   0.00000000   0.00000000  -0.0000   0.0000  3-[19, 0, 1]
 413    0.000000    0.000000   0.00000000   0.00000000  -0.0000   0.0000  3-[19, 0, 1]
 414    0.000000    0.000000   0.00000000   0.00000000  -0.0000   0.0000  3-[19, 0, 1]
 415    0.000000    0.000000   0.00000000   0.00000000  -0.0000   0.0000  3-[19, 0, 1]
 416    0.000000    0.000000   0.00000000   0.00000000  -0.0000   0.0000  3-[19, 0, 1]
 417    0.000000    0.000000   0.00000000   0.00000000  -0.0000   0.0000  3-[19, 0, 1]
 418    0.000000    0.000000   0.00000000   0.00000000  -0.0000   0.0000  3-[19, 0, 1]
 419    0.000000    0.000000   0.00000000   0.00000000  -0.0000   0.0000  3-[19, 0, 1]
 420    0.000000    0.000000   0.00000000   0.00000000  -0.0000   0.0000  3-[19, 0, 1]
 421    0.000000    0.000000   0.00000000   0.00000000  -0.0000   0.0000  3-[19, 0, 1]
 422    0.000000    0.000000   0.00000000   0.00000000  -0.0000   0.0000  3-[19, 0, 1]
 423    0.000000    0.000000   0.00000000   0.00000000  -0.0000   0.0000  3-[19, 0, 1]
 424    0.000000    0.000000   0.00000000   0.00000000  -0.0000   0.0000  3-[19, 0, 1]
 425    0.000000    0.000000   0.00000000   0.00000000  -0.0000   0.0000  3-[19, 0, 1]
 426    0.000000    0.000000   0.00000000   0.00000000  -0.0000   0.0000  3-[19, 0, 1]
 427    0.000000    0.000000   0.00000000   0.00000000  -0.0000   0.0000  3-[19, 0, 1]
 428    0.000000    0.000000   0.00000000   0.00000000  -0.0000   0.0000  3-[19, 0, 1]
 429    0.000000    0.000000   0.00000000   0.00000000  -0.0000   0.0000  3-[19, 0, 1]
 430    0.000000    0.000000   0.00000000   0.00000000  -0.0000   0.0000  3-[19, 0, 1]
 431    0.000000    0.000000   0.00000000   0.00000000  -0.0000   0.0000  3-[19, 0, 1]
 432    0.000000    0.000000   0.00000000   0.00000000  -0.0000   0.0000  3-[19, 0, 1]
 433    0.000000    0.000000   0.00000000   0.00000000  -0.0000   0.0000  3-[19, 0, 1]
 434    0.000000    0.000000   0.00000000   0.00000000  -0.0000   0.0000  3-[19, 0, 1]
 435    0.000000    0.000000   0.00000000   0.00000000  -0.0000   0.0000  3-[19, 0, 1]
 436    0.000000    0.000000   0.00000000   0.00000000  -0.0000   0.0000  3-[19, 0, 1]
 437    0.000000    0.000000   0.00000000   0.00000000  -0.0000   0.0000  3-[19, 0, 1]
 438    0.000000    0.000000   0.00000000   0.00000000  -0.0000   0.0000  3-[19, 0, 1]
 439    0.000000    0.000000   0.00000000   0.00000000  -0.0000   0.0000  3-[19, 0, 1]
 440    0.000000    0.000000   0.00000000   0.00000000  -0.0000   0.0000  3-[19, 0, 1]
 441    0.000000    0.000000   0.00000000   0.00000000  -0.0000   0.0000  3-[19, 0, 1]
 442   -5.340903  -11.139747   1.00000000   0.00000002  -0.0000   0.7950  5+[ 4, 2, 2]
 443   -5.162540   -5.162540   0.00000000   0.00000000  -0.0000   0.8404  5+[ 4, 0, 2]
 444   -4.423837   -4.423837   0.00000000   0.00000000  -0.0000   0.8643  5+[ 4, 1, 3]
 445    8.096873    8.096873   0.00000000   0.00000000  -0.0000   0.5683  5+[ 6, 4, 2]
 446   11.075967   11.075967   0.00000000   0.00000000  -0.0000   0.3771  5+[ 8, 0, 2]
 447   12.416597   12.416597   0.00000000   0.00000000  -0.0000   0.4119  5+[ 6, 4, 2]
 448   13.404513   13.404513   0.00000000   0.00000000  -0.0000   0.3819  5+[ 6, 1, 3]
 449   13.502556  -29.983206   1.00000000   0.00000000  -0.0000   0.9606  5+[ 2, 0, 2]
 450   16.256472   16.256472   0.00000000   0.00000000  -0.0000   0.5756  5+[ 6, 3, 3]
 451   17.096026   17.096026   0.00000000   0.00000000  -0.0000   0.3598  5+[ 6, 4, 2]
 452   17.935877   17.935877   0.00000000   0.00000000  -0.0000   0.5881  5+[ 6, 0, 2]
 453   18.698590   18.698590   0.00000000   0.00000000  -0.0000   0.5353  5+[ 6, 1, 3]
 454   19.003747   19.003747   0.00000000   0.00000000  -0.0000   0.2128  5+[10, 8, 2]
 455   20.097447   20.097447   0.00000000   0.00000000  -0.0000   0.3520  5+[ 6, 3, 3]
 456   24.128002   24.128002   0.00000000   0.00000000  -0.0000   0.2961  5+[ 8, 4, 2]
 457   24.638776   24.638776   0.00000000   0.00000000  -0.0000   0.2243  5+[14,11, 3]
 458   28.382536   28.382536   0.00000000   0.00000000  -0.0000   0.5110  5+[ 8, 4, 2]
 459   28.885532   28.885532   0.00000000   0.00000000  -0.0000   0.2896  5+[ 8, 4, 2]
 460   29.241578   29.241578   0.00000000   0.00000000  -0.0000   0.4158  5+[10, 0, 2]
 461   29.876998   29.876998   0.00000000   0.00000000  -0.0000   0.4132  5+[ 8, 6, 2]
 462   30.249931   30.249931   0.00000000   0.00000000  -0.0000   0.3155  5+[ 8, 1, 3]
 463   32.082059   32.082059   0.00000000   0.00000000  -0.0000   0.3454  5+[ 8, 5, 3]
 464   32.187384   32.187384   0.00000000   0.00000000  -0.0000   0.2162  5+[16,14, 2]
 465   32.253062   32.253062   0.00000000   0.00000000  -0.0000   0.2419  5+[16,13, 3]
 466   34.554673   34.554673   0.00000000   0.00000000  -0.0000   0.4533  5+[ 8, 3, 3]
 467   41.457099   41.457099   0.00000000   0.00000000  -0.0000   0.2350  5+[16, 4, 2]
 468   41.481058   41.481058   0.00000000   0.00000000  -0.0000   0.3164  5+[10, 8, 2]
 469   41.509483   41.509483   0.00000000   0.00000000  -0.0000   0.2285  5+[16, 3, 3]
 470   43.194502   43.194502   0.00000000   0.00000000  -0.0000   0.3314  5+[ 8, 6, 2]
 471   44.873398   44.873398   0.00000000   0.00000000  -0.0000   0.3307  5+[ 8, 4, 2]
 472   45.158075   45.158075   0.00000000   0.00000000  -0.0000   0.4465  5+[10, 6, 2]
 473   45.883064   45.883064   0.00000000   0.00000000  -0.0000   0.5158  5+[ 8, 0, 2]
 474   46.262983   46.262983   0.00000000   0.00000000  -0.0000   0.3039  5+[ 8, 3, 3]
 475   46.573940   46.573940   0.00000000   0.00000000  -0.0000   0.3744  5+[ 8, 5, 3]
 476   46.748570   46.748570   0.00000000   0.00000000  -0.0000   0.4213  5+[ 8, 1, 3]
 477   47.821924   47.821924   0.00000000   0.00000000  -0.0000   0.4034  5+[10, 5, 3]
 478   52.819860   52.819860   0.00000000   0.00000000  -0.0000   0.2357  5+[18,14, 2]
 479   52.920931   52.920931   0.00000000   0.00000000  -0.0000   0.2550  5+[16,11, 3]
 480   57.014399   57.014399   0.00000000   0.00000000  -0.0000   0.3139  5+[12, 4, 2]
 481   60.622073   60.622073   0.00000000   0.00000000  -0.0000   0.4223  5+[12, 6, 2]
 482   60.789548   60.789548   0.00000000   0.00000000  -0.0000   0.2822  5+[10, 8, 2]
 483   61.986288   61.986288   0.00000000   0.00000000  -0.0000   0.3624  5+[12, 5, 3]
 484   62.939352   62.939352   0.00000000   0.00000000  -0.0000   0.3331  5+[10, 8, 2]
 485   63.847115   63.847115   0.00000000   0.00000000  -0.0000   0.3585  5+[10, 5, 3]
 486   65.104354   65.104354   0.00000000   0.00000000  -0.0000   0.2926  5+[10, 6, 2]
 487   65.658747   65.658747   0.00000000   0.00000000  -0.0000   0.3321  5+[10, 1, 3]
 488   65.861393   65.861393   0.00000000   0.00000000  -0.0000   0.3534  5+[10, 7, 3]
 489   66.514811   66.514811   0.00000000   0.00000000  -0.0000   0.4752  5+[10, 0, 2]
 490   66.978421   66.978421   0.00000000   0.00000000  -0.0000   0.3617  5+[10, 1, 3]
 491   67.068048   67.068048   0.00000000   0.00000000  -0.0000   0.2764  5+[18,12, 2]
 492   67.249901   67.249901   0.00000000   0.00000000  -0.0000   0.2553  5+[18, 5, 3]
 493   77.851992   77.851992   0.00000000   0.00000000  -0.0000   0.3136  5+[14,10, 2]
 494   78.058585   78.058585   0.00000000   0.00000000  -0.0000   0.3845  5+[14, 8, 2]
 495   78.902672   78.902672   0.00000000   0.00000000  -0.0000   0.3935  5+[14, 7, 3]
 496   79.812817   79.812817   0.00000000   0.00000000  -0.0000   0.2483  5+[12, 4, 2]
 497    0.000000    0.000000   0.00000000   0.00000000  -0.0000   0.0000  5+[20, 0, 2]
 498    0.000000    0.000000   0.00000000   0.00000000  -0.0000   0.0000  5+[20, 0, 2]
 499    0.000000    0.000000   0.00000000   0.00000000  -0.0000   0.0000  5+[20, 0, 2]
 500    0.000000    0.000000   0.00000000   0.00000000  -0.0000   0.0000  5+[20, 0, 2]
 501    0.000000    0.000000   0.00000000   0.00000000  -0.0000   0.0000  5+[20, 0, 2]
 502    0.000000    0.000000   0.00000000   0.00000000  -0.0000   0.0000  5+[20, 0, 2]
 503    0.000000    0.000000   0.00000000   0.00000000  -0.0000   0.0000  5+[20, 0, 2]
 504    0.000000    0.000000   0.00000000   0.00000000  -0.0000   0.0000  5+[20, 0, 2]
 505    0.000000    0.000000   0.00000000   0.00000000  -0.0000   0.0000  5+[20, 0, 2]
 506    0.000000    0.000000   0.00000000   0.00000000  -0.0000   0.0000  5+[20, 0, 2]
 507    0.000000    0.000000   0.00000000   0.00000000  -0.0000   0.0000  5+[20, 0, 2]
 508    0.000000    0.000000   0.00000000   0.00000000  -0.0000   0.0000  5+[20, 0, 2]
 509    0.000000    0.000000   0.00000000   0.00000000  -0.0000   0.0000  5+[20, 0, 2]
 510    0.000000    0.000000   0.00000000   0.00000000  -0.0000   0.0000  5+[20, 0, 2]
 511    0.000000    0.000000   0.00000000   0.00000000  -0.0000   0.0000  5+[20, 0, 2]
 512    0.000000    0.000000   0.00000000   0.00000000  -0.0000   0.0000  5+[20, 0, 2]
 513    0.000000    0.000000   0.00000000   0.00000000  -0.0000   0.0000  5+[20, 0, 2]
 514    0.000000    0.000000   0.00000000   0.00000000  -0.0000   0.0000  5+[20, 0, 2]
 515    0.000000    0.000000   0.00000000   0.00000000  -0.0000   0.0000  5+[20, 0, 2]
 516    0.000000    0.000000   0.00000000   0.00000000  -0.0000   0.0000  5+[20, 0, 2]
 517    0.000000    0.000000   0.00000000   0.00000000  -0.0000   0.0000  5+[20, 0, 2]
 518    0.000000    0.000000   0.00000000   0.00000000  -0.0000   0.0000  5+[20, 0, 2]
 519    0.000000    0.000000   0.00000000   0.00000000  -0.0000   0.0000  5+[20, 0, 2]
 520    0.000000    0.000000   0.00000000   0.00000000  -0.0000   0.0000  5+[20, 0, 2]
 521    0.000000    0.000000   0.00000000   0.00000000  -0.0000   0.0000  5+[20, 0, 2]
 522    0.000000    0.000000   0.00000000   0.00000000  -0.0000   0.0000  5+[20, 0, 2]
 523    0.000000    0.000000   0.00000000   0.00000000  -0.0000   0.0000  5+[20, 0, 2]
 524    0.000000    0.000000   0.00000000   0.00000000  -0.0000   0.0000  5+[20, 0, 2]
 525    0.000000    0.000000   0.00000000   0.00000000  -0.0000   0.0000  5+[20, 0, 2]
 526    0.000000    0.000000   0.00000000   0.00000000  -0.0000   0.0000  5+[20, 0, 2]
 527    0.000000    0.000000   0.00000000   0.00000000  -0.0000   0.0000  5+[20, 0, 2]
 528    0.000000    0.000000   0.00000000   0.00000000  -0.0000   0.0000  5+[20, 0, 2]
 529    0.000000    0.000000   0.00000000   0.00000000  -0.0000   0.0000  5+[20, 0, 2]
 530    0.000000    0.000000   0.00000000   0.00000000  -0.0000   0.0000  5+[20, 0, 2]
 531    0.000000    0.000000   0.00000000   0.00000000  -0.0000   0.0000  5+[20, 0, 2]
 532    0.000000    0.000000   0.00000000   0.00000000  -0.0000   0.0000  5+[20, 0, 2]
 533    0.000000    0.000000   0.00000000   0.00000000  -0.0000   0.0000  5+[20, 0, 2]
 534    0.000000    0.000000   0.00000000   0.00000000  -0.0000   0.0000  5+[20, 0, 2]
 535    0.000000    0.000000   0.00000000   0.00000000  -0.0000   0.0000  5+[20, 0, 2]
 536    0.000000    0.000000   0.00000000   0.00000000  -0.0000   0.0000  5+[20, 0, 2]
 537    0.000000    0.000000   0.00000000   0.00000000  -0.0000   0.0000  5+[20, 0, 2]
 538    0.000000    0.000000   0.00000000   0.00000000  -0.0000   0.0000  5+[20, 0, 2]
 539    0.000000    0.000000   0.00000000   0.00000000  -0.0000   0.0000  5+[20, 0, 2]
 540    0.000000    0.000000   0.00000000   0.00000000  -0.0000   0.0000  5+[20, 0, 2]
 541    0.000000    0.000000   0.00000000   0.00000000  -0.0000   0.0000  5+[20, 0, 2]
 542   -1.528077   -1.528077   0.00000000   0.00000000  -0.0000   0.6818  5-[ 5, 3, 2]
 543   -0.459967  -16.020682   1.00000000   0.00000000  -0.0000   0.9088  5-[ 3, 0, 3]
 544    4.184818  -20.665468   1.00000000   0.00000004  -0.0000   0.8957  5-[ 3, 1, 2]
 545    4.592326    4.592326   0.00000000   0.00000000  -0.0000   0.6787  5-[ 5, 1, 2]
 546    6.736692    6.736692   0.00000000   0.00000000  -0.0000   0.7745  5-[ 5, 2, 3]
 547    7.036631    7.036631   0.00000000   0.00000000  -0.0000   0.7630  5-[ 5, 0, 3]
 548   13.931288   13.931288   0.00000000   0.00000000  -0.0000   0.2526  5-[ 9, 1, 2]
 549   14.352669   14.352669   0.00000000   0.00000000  -0.0000   0.3507  5-[11, 0, 3]
 550   16.660324   16.660324   0.00000000   0.00000000  -0.0000   0.2488  5-[ 7, 5, 2]
 551   17.128940   17.128940   0.00000000   0.00000000  -0.0000   0.2176  5-[ 9, 4, 3]
 552   17.491835   17.491835   0.00000000   0.00000000  -0.0000   0.5829  5-[ 7, 3, 2]
 553   21.851472   21.851472   0.00000000   0.00000000  -0.0000   0.2487  5-[ 7, 4, 3]
 554   23.183063   23.183063   0.00000000   0.00000000  -0.0000   0.2318  5-[13,11, 2]
 555   24.362702   24.362702   0.00000000   0.00000000  -0.0000   0.4667  5-[ 7, 5, 2]
 556   24.535602   24.535602   0.00000000   0.00000000  -0.0000   0.4144  5-[ 7, 1, 2]
 557   25.626146   25.626146   0.00000000   0.00000000  -0.0000   0.5045  5-[ 7, 0, 3]
 558   26.515327   26.515327   0.00000000   0.00000000  -0.0000   0.4020  5-[ 7, 2, 3]
 559   27.636823   27.636823   0.00000000   0.00000000  -0.0000   0.4991  5-[ 7, 4, 3]
 560   29.288885   29.288885   0.00000000   0.00000000  -0.0000   0.2275  5-[15,13, 2]
 561   29.470207   29.470207   0.00000000   0.00000000  -0.0000   0.2504  5-[13,10, 3]
 562   37.130716   37.130716   0.00000000   0.00000000  -0.0000   0.3812  5-[ 9, 7, 2]
 563   37.261997   37.261997   0.00000000   0.00000000  -0.0000   0.2946  5-[ 9, 1, 2]
 564   37.456133   37.456133   0.00000000   0.00000000  -0.0000   0.5135  5-[ 9, 5, 2]
 565   38.328879   38.328879   0.00000000   0.00000000  -0.0000   0.2378  5-[15, 3, 2]
 566   38.405147   38.405147   0.00000000   0.00000000  -0.0000   0.2427  5-[15,12, 3]
 567   38.857609   38.857609   0.00000000   0.00000000  -0.0000   0.3606  5-[ 7, 1, 2]
 568   39.620332   39.620332   0.00000000   0.00000000  -0.0000   0.2878  5-[ 7, 2, 3]
 569   40.370219   40.370219   0.00000000   0.00000000  -0.0000   0.4934  5-[ 7, 0, 3]
 570   40.712367   40.712367   0.00000000   0.00000000  -0.0000   0.3265  5-[ 9, 6, 3]
 571   42.587560   42.587560   0.00000000   0.00000000  -0.0000   0.4561  5-[ 9, 4, 3]
 572   49.344306   49.344306   0.00000000   0.00000000  -0.0000   0.2542  5-[15, 5, 2]
 573   49.465013   49.465013   0.00000000   0.00000000  -0.0000   0.2631  5-[15,10, 3]
 574   51.338769   51.338769   0.00000000   0.00000000  -0.0000   0.3566  5-[11, 3, 2]
 575   54.606819   54.606819   0.00000000   0.00000000  -0.0000   0.4538  5-[11, 5, 2]
 576   54.806886   54.806886   0.00000000   0.00000000  -0.0000   0.2962  5-[ 9, 7, 2]
 577   56.740678   56.740678   0.00000000   0.00000000  -0.0000   0.3310  5-[ 9, 1, 2]
 578   57.236699   57.236699   0.00000000   0.00000000  -0.0000   0.4056  5-[11, 6, 3]
 579   57.524885   57.524885   0.00000000   0.00000000  -0.0000   0.3178  5-[ 9, 4, 3]
 580   58.313102   58.313102   0.00000000   0.00000000  -0.0000   0.3465  5-[ 9, 1, 2]
 581   58.855433   58.855433   0.00000000   0.00000000  -0.0000   0.3332  5-[ 9, 4, 3]
 582   58.968550   58.968550   0.00000000   0.00000000  -0.0000   0.3647  5-[ 9, 6, 3]
 583   59.733959   59.733959   0.00000000   0.00000000  -0.0000   0.4967  5-[ 9, 0, 3]
 584   63.219339   63.219339   0.00000000   0.00000000  -0.0000   0.2689  5-[17,11, 2]
 585   63.426067   63.426067   0.00000000   0.00000000  -0.0000   0.2823  5-[17, 6, 3]
 586   70.274372   70.274372   0.00000000   0.00000000  -0.0000   0.3459  5-[13, 9, 2]
 587   72.639852   72.639852   0.00000000   0.00000000  -0.0000   0.4229  5-[13, 7, 2]
 588   73.820098   73.820098   0.00000000   0.00000000  -0.0000   0.2635  5-[13, 3, 2]
 589   74.013180   74.013180   0.00000000   0.00000000  -0.0000   0.4032  5-[13, 6, 3]
 590   76.931587   76.931587   0.00000000   0.00000000  -0.0000   0.3014  5-[11, 9, 2]
 591   76.938718   76.938718   0.00000000   0.00000000  -0.0000   0.2936  5-[11, 6, 3]
 592   79.920844   79.920844   0.00000000   0.00000000  -0.0000   0.3212  5-[11, 1, 2]
 593    0.000000    0.000000   0.00000000   0.00000000  -0.0000   0.0000  5-[19, 1, 2]
 594    0.000000    0.000000   0.00000000   0.00000000  -0.0000   0.0000  5-[19, 1, 2]
 595    0.000000    0.000000   0.00000000   0.00000000  -0.0000   0.0000  5-[19, 1, 2]
 596    0.000000    0.000000   0.00000000   0.00000000  -0.0000   0.0000  5-[19, 1, 2]
 597    0.000000    0.000000   0.00000000   0.00000000  -0.0000   0.0000  5-[19, 1, 2]
 598    0.000000    0.000000   0.00000000   0.00000000  -0.0000   0.0000  5-[19, 1, 2]
 599    0.000000    0.000000   0.00000000   0.00000000  -0.0000   0.0000  5-[19, 1, 2]
 600    0.000000    0.000000   0.00000000   0.00000000  -0.0000   0.0000  5-[19, 1, 2]
 601    0.000000    0.000000   0.00000000   0.00000000  -0.0000   0.0000  5-[19, 1, 2]
 602    0.000000    0.000000   0.00000000   0.00000000  -0.0000   0.0000  5-[19, 1, 2]
 603    0.000000    0.000000   0.00000000   0.00000000  -0.0000   0.0000  5-[19, 1, 2]
 604    0.000000    0.000000   0.00000000   0.00000000  -0.0000   0.0000  5-[19, 1, 2]
 605    0.000000    0.000000   0.00000000   0.00000000  -0.0000   0.0000  5-[19, 1, 2]
 606    0.000000    0.000000   0.00000000   0.00000000  -0.0000   0.0000  5-[19, 1, 2]
 607    0.000000    0.000000   0.00000000   0.00000000  -0.0000   0.0000  5-[19, 1, 2]
 608    0.000000    0.000000   0.00000000   0.00000000  -0.0000   0.0000  5-[19, 1, 2]
 609    0.000000    0.000000   0.00000000   0.00000000  -0.0000   0.0000  5-[19, 1, 2]
 610    0.000000    0.000000   0.00000000   0.00000000  -0.0000   0.0000  5-[19, 1, 2]
 611    0.000000    0.000000   0.00000000   0.00000000  -0.0000   0.0000  5-[19, 1, 2]
 612    0.000000    0.000000   0.00000000   0.00000000  -0.0000   0.0000  5-[19, 1, 2]
 613    0.000000    0.000000   0.00000000   0.00000000  -0.0000   0.0000  5-[19, 1, 2]
 614    0.000000    0.000000   0.00000000   0.00000000  -0.0000   0.0000  5-[19, 1, 2]
 615    0.000000    0.000000   0.00000000   0.00000000  -0.0000   0.0000  5-[19, 1, 2]
 616    0.000000    0.000000   0.00000000   0.00000000  -0.0000   0.0000  5-[19, 1, 2]
 617    0.000000    0.000000   0.00000000   0.00000000  -0.0000   0.0000  5-[19, 1, 2]
 618    0.000000    0.000000   0.00000000   0.00000000  -0.0000   0.0000  5-[19, 1, 2]
 619    0.000000    0.000000   0.00000000   0.00000000  -0.0000   0.0000  5-[19, 1, 2]
 620    0.000000    0.000000   0.00000000   0.00000000  -0.0000   0.0000  5-[19, 1, 2]
 621    0.000000    0.000000   0.00000000   0.00000000  -0.0000   0.0000  5-[19, 1, 2]
 622    0.000000    0.000000   0.00000000   0.00000000  -0.0000   0.0000  5-[19, 1, 2]
 623    0.000000    0.000000   0.00000000   0.00000000  -0.0000   0.0000  5-[19, 1, 2]
 624    0.000000    0.000000   0.00000000   0.00000000  -0.0000   0.0000  5-[19, 1, 2]
 625    0.000000    0.000000   0.00000000   0.00000000  -0.0000   0.0000  5-[19, 1, 2]
 626    0.000000    0.000000   0.00000000   0.00000000  -0.0000   0.0000  5-[19, 1, 2]
 627    0.000000    0.000000   0.00000000   0.00000000  -0.0000   0.0000  5-[19, 1, 2]
 628    0.000000    0.000000   0.00000000   0.00000000  -0.0000   0.0000  5-[19, 1, 2]
 629    0.000000    0.000000   0.00000000   0.00000000  -0.0000   0.0000  5-[19, 1, 2]
 630    0.000000    0.000000   0.00000000   0.00000000  -0.0000   0.0000  5-[19, 1, 2]
 631    0.000000    0.000000   0.00000000   0.00000000  -0.0000   0.0000  5-[19, 1, 2]
 632   -5.340903  -11.139747   1.00000000   0.00000000  -0.0000   0.9180  7+[ 4, 1, 3]
 633   -4.423837   -4.423837   0.00000000   0.00000000  -0.0000   0.9240  7+[ 4, 0, 4]
 634    8.096873    8.096873   0.00000000   0.00000000  -0.0000   0.7337  7+[ 6, 3, 3]
 635   12.416597   12.416597   0.00000000   0.00000000  -0.0000   0.5492  7+[ 6, 1, 3]
 636   13.404513   13.404513   0.00000000   0.00000000  -0.0000   0.4565  7+[ 6, 0, 4]
 637   16.256472   16.256472   0.00000000   0.00000000  -0.0000   0.6783  7+[ 6, 2, 4]
 638   17.096026   17.096026   0.00000000   0.00000000  -0.0000   0.4797  7+[ 6, 1, 3]
 639   18.698590   18.698590   0.00000000   0.00000000  -0.0000   0.6398  7+[ 6, 0, 4]
 640   19.003747   19.003747   0.00000000   0.00000000  -0.0000   0.2541  7+[14, 1, 3]
 641   20.097447   20.097447   0.00000000   0.00000000  -0.0000   0.4148  7+[ 6, 2, 4]
 642   24.128002   24.128002   0.00000000   0.00000000  -0.0000   0.2961  7+[ 8, 3, 3]
 643   24.638776   24.638776   0.00000000   0.00000000  -0.0000   0.2422  7+[14, 2, 4]
 644   28.382536   28.382536   0.00000000   0.00000000  -0.0000   0.5110  7+[ 8, 3, 3]
 645   28.885533   28.885533   0.00000000   0.00000000  -0.0000   0.3845  7+[ 8, 1, 3]
 646   29.876998   29.876998   0.00000000   0.00000000  -0.0000   0.4356  7+[ 8, 5, 3]
 647   30.249931   30.249931   0.00000000   0.00000000  -0.0000   0.4213  7+[10, 0, 4]
 648   32.082059   32.082059   0.00000000   0.00000000  -0.0000   0.3664  7+[ 8, 2, 4]
 649   32.187384   32.187384   0.00000000   0.00000000  -0.0000   0.2496  7+[16,13, 3]
 650   32.253062   32.253062   0.00000000   0.00000000  -0.0000   0.2594  7+[14,10, 4]
 651   34.554673   34.554673   0.00000000   0.00000000  -0.0000   0.5187  7+[ 8, 4, 4]
 652   41.457099   41.457099   0.00000000   0.00000000  -0.0000   0.2353  7+[16, 3, 3]
 653   41.481058   41.481058   0.00000000   0.00000000  -0.0000   0.3875  7+[10, 7, 3]
 654   41.509483   41.509483   0.00000000   0.00000000  -0.0000   0.2657  7+[16,12, 4]
 655   43.194502   43.194502   0.00000000   0.00000000  -0.0000   0.3493  7+[ 8, 5, 3]
 656   44.873398   44.873398   0.00000000   0.00000000  -0.0000   0.4391  7+[ 8, 1, 3]
 657   45.158075   45.158075   0.00000000   0.00000000  -0.0000   0.5115  7+[10, 5, 3]
 658   46.262983   46.262983   0.00000000   0.00000000  -0.0000   0.3477  7+[ 8, 4, 4]
 659   46.573940   46.573940   0.00000000   0.00000000  -0.0000   0.3971  7+[ 8, 2, 4]
 660   46.748570   46.748570   0.00000000   0.00000000  -0.0000   0.5516  7+[ 8, 0, 4]
 661   47.821924   47.821924   0.00000000   0.00000000  -0.0000   0.4187  7+[10, 4, 4]
 662   52.819860   52.819860   0.00000000   0.00000000  -0.0000   0.2617  7+[16,11, 3]
 663   52.920931   52.920931   0.00000000   0.00000000  -0.0000   0.2621  7+[16,10, 4]
 664   57.014399   57.014399   0.00000000   0.00000000  -0.0000   0.3297  7+[12, 3, 3]
 665   60.622073   60.622073   0.00000000   0.00000000  -0.0000   0.4138  7+[12, 5, 3]
 666   60.789548   60.789548   0.00000000   0.00000000  -0.0000   0.3457  7+[10, 7, 3]
 667   61.986288   61.986288   0.00000000   0.00000000  -0.0000   0.4074  7+[12, 6, 4]
 668   62.939352   62.939352   0.00000000   0.00000000  -0.0000   0.3448  7+[10, 1, 3]
 669   63.847115   63.847115   0.00000000   0.00000000  -0.0000   0.3721  7+[10, 4, 4]
 670   65.104355   65.104355   0.00000000   0.00000000  -0.0000   0.3895  7+[10, 1, 3]
 671   65.658747   65.658747   0.00000000   0.00000000  -0.0000   0.3506  7+[10, 4, 4]
 672   65.861393   65.861393   0.00000000   0.00000000  -0.0000   0.3821  7+[10, 6, 4]
 673   66.978420   66.978420   0.00000000   0.00000000  -0.0000   0.5116  7+[10, 0, 4]
 674   67.068048   67.068048   0.00000000   0.00000000  -0.0000   0.2572  7+[18, 5, 3]
 675   67.249901   67.249901   0.00000000   0.00000000  -0.0000   0.2955  7+[18,12, 4]
 676   77.851992   77.851992   0.00000000   0.00000000  -0.0000   0.3184  7+[14, 9, 3]
 677   78.058585   78.058585   0.00000000   0.00000000  -0.0000   0.4212  7+[14, 7, 3]
 678   78.902672   78.902672   0.00000000   0.00000000  -0.0000   0.3956  7+[14, 6, 4]
 679   79.812817   79.812817   0.00000000   0.00000000  -0.0000   0.2771  7+[14,11, 3]
 680    0.000000    0.000000   0.00000000   0.00000000  -0.0000   0.0000  7+[20, 1, 3]
 681    0.000000    0.000000   0.00000000   0.00000000  -0.0000   0.0000  7+[20, 1, 3]
 682    0.000000    0.000000   0.00000000   0.00000000  -0.0000   0.0000  7+[20, 1, 3]
 683    0.000000    0.000000   0.00000000   0.00000000  -0.0000   0.0000  7+[20, 1, 3]
 684    0.000000    0.000000   0.00000000   0.00000000  -0.0000   0.0000  7+[20, 1, 3]
 685    0.000000    0.000000   0.00000000   0.00000000  -0.0000   0.0000  7+[20, 1, 3]
 686    0.000000    0.000000   0.00000000   0.00000000  -0.0000   0.0000  7+[20, 1, 3]
 687    0.000000    0.000000   0.00000000   0.00000000  -0.0000   0.0000  7+[20, 1, 3]
 688    0.000000    0.000000   0.00000000   0.00000000  -0.0000   0.0000  7+[20, 1, 3]
 689    0.000000    0.000000   0.00000000   0.00000000  -0.0000   0.0000  7+[20, 1, 3]
 690    0.000000    0.000000   0.00000000   0.00000000  -0.0000   0.0000  7+[20, 1, 3]
 691    0.000000    0.000000   0.00000000   0.00000000  -0.0000   0.0000  7+[20, 1, 3]
 692    0.000000    0.000000   0.00000000   0.00000000  -0.0000   0.0000  7+[20, 1, 3]
 693    0.000000    0.000000   0.00000000   0.00000000  -0.0000   0.0000  7+[20, 1, 3]
 694    0.000000    0.000000   0.00000000   0.00000000  -0.0000   0.0000  7+[20, 1, 3]
 695    0.000000    0.000000   0.00000000   0.00000000  -0.0000   0.0000  7+[20, 1, 3]
 696    0.000000    0.000000   0.00000000   0.00000000  -0.0000   0.0000  7+[20, 1, 3]
 697    0.000000    0.000000   0.00000000   0.00000000  -0.0000   0.0000  7+[20, 1, 3]
 698    0.000000    0.000000   0.00000000   0.00000000  -0.0000   0.0000  7+[20, 1, 3]
 699    0.000000    0.000000   0.00000000   0.00000000  -0.0000   0.0000  7+[20, 1, 3]
 700    0.000000    0.000000   0.00000000   0.00000000  -0.0000   0.0000  7+[20, 1, 3]
 701    0.000000    0.000000   0.00000000   0.00000000  -0.0000   0.0000  7+[20, 1, 3]
 702    0.000000    0.000000   0.00000000   0.00000000  -0.0000   0.0000  7+[20, 1, 3]
 703    0.000000    0.000000   0.00000000   0.00000000  -0.0000   0.0000  7+[20, 1, 3]
 704    0.000000    0.000000   0.00000000   0.00000000  -0.0000   0.0000  7+[20, 1, 3]
 705    0.000000    0.000000   0.00000000   0.00000000  -0.0000   0.0000  7+[20, 1, 3]
 706    0.000000    0.000000   0.00000000   0.00000000  -0.0000   0.0000  7+[20, 1, 3]
 707    0.000000    0.000000   0.00000000   0.00000000  -0.0000   0.0000  7+[20, 1, 3]
 708    0.000000    0.000000   0.00000000   0.00000000  -0.0000   0.0000  7+[20, 1, 3]
 709    0.000000    0.000000   0.00000000   0.00000000  -0.0000   0.0000  7+[20, 1, 3]
 710    0.000000    0.000000   0.00000000   0.00000000  -0.0000   0.0000  7+[20, 1, 3]
 711    0.000000    0.000000   0.00000000   0.00000000  -0.0000   0.0000  7+[20, 1, 3]
 712    0.000000    0.000000   0.00000000   0.00000000  -0.0000   0.0000  7+[20, 1, 3]
 713    0.000000    0.000000   0.00000000   0.00000000  -0.0000   0.0000  7+[20, 1, 3]
 714    0.000000    0.000000   0.00000000   0.00000000  -0.0000   0.0000  7+[20, 1, 3]
 715    0.000000    0.000000   0.00000000   0.00000000  -0.0000   0.0000  7+[20, 1, 3]
 716    0.000000    0.000000   0.00000000   0.00000000  -0.0000   0.0000  7+[20, 1, 3]
 717    0.000000    0.000000   0.00000000   0.00000000  -0.0000   0.0000  7+[20, 1, 3]
 718    0.000000    0.000000   0.00000000   0.00000000  -0.0000   0.0000  7+[20, 1, 3]
 719    0.000000    0.000000   0.00000000   0.00000000  -0.0000   0.0000  7+[20, 1, 3]
 720    0.000000    0.000000   0.00000000   0.00000000  -0.0000   0.0000  7+[20, 1, 3]
 721    0.000000    0.000000   0.00000000   0.00000000  -0.0000   0.0000  7+[20, 1, 3]
 722   -1.528077   -1.528077   0.00000000   0.00000000  -0.0000   0.8350  7-[ 5, 2, 3]
 723    4.184818  -20.665468   1.00000000   0.00000000  -0.0000   0.9675  7-[ 3, 0, 3]
 724    4.592326    4.592326   0.00000000   0.00000000  -0.0000   0.8464  7-[ 5, 0, 3]
 725    6.736692    6.736692   0.00000000   0.00000000  -0.0000   0.8714  7-[ 5, 1, 4]
 726   13.931288   13.931288   0.00000000   0.00000000  -0.0000   0.3858  7-[ 9, 0, 3]
 727   16.660324   16.660324   0.00000000   0.00000000  -0.0000   0.2465  7-[ 9, 4, 3]
 728   17.128940   17.128940   0.00000000   0.00000000  -0.0000   0.2958  7-[11, 1, 4]
 729   17.491835   17.491835   0.00000000   0.00000000  -0.0000   0.6114  7-[ 7, 4, 3]
 730   21.851472   21.851472   0.00000000   0.00000000  -0.0000   0.3059  7-[ 7, 3, 4]
 731   23.183063   23.183063   0.00000000   0.00000000  -0.0000   0.2387  7-[11, 2, 3]
 732   24.362702   24.362702   0.00000000   0.00000000  -0.0000   0.4474  7-[ 7, 2, 3]
 733   24.535602   24.535602   0.00000000   0.00000000  -0.0000   0.5779  7-[ 7, 0, 3]
 734   26.515327   26.515327   0.00000000   0.00000000  -0.0000   0.5778  7-[ 7, 1, 4]
 735   27.636823   27.636823   0.00000000   0.00000000  -0.0000   0.6138  7-[ 7, 3, 4]
 736   29.288885   29.288885   0.00000000   0.00000000  -0.0000   0.2544  7-[13,10, 3]
 737   29.470207   29.470207   0.00000000   0.00000000  -0.0000   0.2574  7-[13, 9, 4]
 738   37.130716   37.130716   0.00000000   0.00000000  -0.0000   0.4362  7-[ 9, 6, 3]
 739   37.261997   37.261997   0.00000000   0.00000000  -0.0000   0.3025  7-[ 9, 4, 3]
 740   37.456133   37.456133   0.00000000   0.00000000  -0.0000   0.5532  7-[ 9, 4, 3]
 741   38.328879   38.328879   0.00000000   0.00000000  -0.0000   0.2494  7-[15,12, 3]
 742   38.405147   38.405147   0.00000000   0.00000000  -0.0000   0.2809  7-[15,11, 4]
 743   38.857610   38.857610   0.00000000   0.00000000  -0.0000   0.5028  7-[ 7, 0, 3]
 744   39.620332   39.620332   0.00000000   0.00000000  -0.0000   0.4137  7-[ 7, 1, 4]
 745   40.712367   40.712367   0.00000000   0.00000000  -0.0000   0.3279  7-[ 9, 5, 4]
 746   42.587560   42.587560   0.00000000   0.00000000  -0.0000   0.4420  7-[ 9, 3, 4]
 747   49.344306   49.344306   0.00000000   0.00000000  -0.0000   0.2686  7-[15,10, 3]
 748   49.465013   49.465013   0.00000000   0.00000000  -0.0000   0.2648  7-[15, 5, 4]
 749   51.338769   51.338769   0.00000000   0.00000000  -0.0000   0.3810  7-[11, 8, 3]
 750   54.606819   54.606819   0.00000000   0.00000000  -0.0000   0.4783  7-[11, 6, 3]
 751   54.806886   54.806886   0.00000000   0.00000000  -0.0000   0.3389  7-[ 9, 6, 3]
 752   56.740678   56.740678   0.00000000   0.00000000  -0.0000   0.3400  7-[ 9, 4, 3]
 753   57.236699   57.236699   0.00000000   0.00000000  -0.0000   0.4453  7-[11, 5, 4]
 754   57.524885   57.524885   0.00000000   0.00000000  -0.0000   0.3079  7-[ 9, 5, 4]
 755   58.313103   58.313103   0.00000000   0.00000000  -0.0000   0.5293  7-[ 9, 0, 3]
 756   58.855433   58.855433   0.00000000   0.00000000  -0.0000   0.4471  7-[ 9, 1, 4]
 757   58.968550   58.968550   0.00000000   0.00000000  -0.0000   0.3662  7-[ 9, 5, 4]
 758   63.219339   63.219339   0.00000000   0.00000000  -0.0000   0.2834  7-[17, 6, 3]
 759   63.426067   63.426067   0.00000000   0.00000000  -0.0000   0.3056  7-[17,11, 4]
 760   70.274372   70.274372   0.00000000   0.00000000  -0.0000   0.3618  7-[13, 4, 3]
 761   72.639852   72.639852   0.00000000   0.00000000  -0.0000   0.4398  7-[13, 6, 3]
 762   73.820098   73.820098   0.00000000   0.00000000  -0.0000   0.3067  7-[13,10, 3]
 763   74.013180   74.013180   0.00000000   0.00000000  -0.0000   0.4096  7-[13, 7, 4]
 764   76.931587   76.931587   0.00000000   0.00000000  -0.0000   0.3104  7-[11, 2, 3]
 765   76.938718   76.938718   0.00000000   0.00000000  -0.0000   0.3223  7-[11, 5, 4]
 766   79.920844   79.920844   0.00000000   0.00000000  -0.0000   0.2981  7-[11, 4, 3]
 767    0.000000    0.000000   0.00000000   0.00000000  -0.0000   0.0000  7-[19, 0, 3]
 768    0.000000    0.000000   0.00000000   0.00000000  -0.0000   0.0000  7-[19, 0, 3]
 769    0.000000    0.000000   0.00000000   0.00000000  -0.0000   0.0000  7-[19, 0, 3]
 770    0.000000    0.000000   0.00000000   0.00000000  -0.0000   0.0000  7-[19, 0, 3]
 771    0.000000    0.000000   0.00000000   0.00000000  -0.0000   0.0000  7-[19, 0, 3]
 772    0.000000    0.000000   0.00000000   0.00000000  -0.0000   0.0000  7-[19, 0, 3]
 773    0.000000    0.000000   0.00000000   0.00000000  -0.0000   0.0000  7-[19, 0, 3]
 774    0.000000    0.000000   0.00000000   0.00000000  -0.0000   0.0000  7-[19, 0, 3]
 775    0.000000    0.000000   0.00000000   0.00000000  -0.0000   0.0000  7-[19, 0, 3]
 776    0.000000    0.000000   0.00000000   0.00000000  -0.0000   0.0000  7-[19, 0, 3]
 777    0.000000    0.000000   0.00000000   0.00000000  -0.0000   0.0000  7-[19, 0, 3]
 778    0.000000    0.000000   0.00000000   0.00000000  -0.0000   0.0000  7-[19, 0, 3]
 779    0.000000    0.000000   0.00000000   0.00000000  -0.0000   0.0000  7-[19, 0, 3]
 780    0.000000    0.000000   0.00000000   0.00000000  -0.0000   0.0000  7-[19, 0, 3]
 781    0.000000    0.000000   0.00000000   0.00000000  -0.0000   0.0000  7-[19, 0, 3]
 782    0.000000    0.000000   0.00000000   0.00000000  -0.0000   0.0000  7-[19, 0, 3]
 783    0.000000    0.000000   0.00000000   0.00000000  -0.0000   0.0000  7-[19, 0, 3]
 784    0.000000    0.000000   0.00000000   0.00000000  -0.0000   0.0000  7-[19, 0, 3]
 785    0.000000    0.000000   0.00000000   0.00000000  -0.0000   0.0000  7-[19, 0, 3]
 786    0.000000    0.000000   0.00000000   0.00000000  -0.0000   0.0000  7-[19, 0, 3]
 787    0.000000    0.000000   0.00000000   0.00000000  -0.0000   0.0000  7-[19, 0, 3]
 788    0.000000    0.000000   0.00000000   0.00000000  -0.0000   0.0000  7-[19, 0, 3]
 789    0.000000    0.000000   0.00000000   0.00000000  -0.0000   0.0000  7-[19, 0, 3]
 790    0.000000    0.000000   0.00000000   0.00000000  -0.0000   0.0000  7-[19, 0, 3]
 791    0.000000    0.000000   0.00000000   0.00000000  -0.0000   0.0000  7-[19, 0, 3]
 792    0.000000    0.000000   0.00000000   0.00000000  -0.0000   0.0000  7-[19, 0, 3]
 793    0.000000    0.000000   0.00000000   0.00000000  -0.0000   0.0000  7-[19, 0, 3]
 794    0.000000    0.000000   0.00000000   0.00000000  -0.0000   0.0000  7-[19, 0, 3]
 795    0.000000    0.000000   0.00000000   0.00000000  -0.0000   0.0000  7-[19, 0, 3]
 796    0.000000    0.000000   0.00000000   0.00000000  -0.0000   0.0000  7-[19, 0, 3]
 797    0.000000    0.000000   0.00000000   0.00000000  -0.0000   0.0000  7-[19, 0, 3]
 798    0.000000    0.000000   0.00000000   0.00000000  -0.0000   0.0000  7-[19, 0, 3]
 799    0.000000    0.000000   0.00000000   0.00000000  -0.0000   0.0000  7-[19, 0, 3]
 800    0.000000    0.000000   0.00000000   0.00000000  -0.0000   0.0000  7-[19, 0, 3]
 801    0.000000    0.000000   0.00000000   0.00000000  -0.0000   0.0000  7-[19, 0, 3]
 802    0.000000    0.000000   0.00000000   0.00000000  -0.0000   0.0000  7-[19, 0, 3]
 803   -5.340903  -11.139747   1.00000000   0.00000000  -0.0000   0.9736  9+[ 4, 0, 4]
 804    8.096873    8.096873   0.00000000   0.00000000  -0.0000   0.8604  9+[ 6, 2, 4]
 805   12.416597   12.416597   0.00000000   0.00000000  -0.0000   0.6513  9+[ 6, 0, 4]
 806   16.256472   16.256472   0.00000000   0.00000000  -0.0000   0.7461  9+[ 6, 1, 5]
 807   17.096026   17.096026   0.00000000   0.00000000  -0.0000   0.5688  9+[ 6, 0, 4]
 808   19.003747   19.003747   0.00000000   0.00000000  -0.0000   0.2391  9+[12, 4, 4]
 809   20.097447   20.097447   0.00000000   0.00000000  -0.0000   0.4563  9+[ 6, 1, 5]
 810   24.128002   24.128002   0.00000000   0.00000000  -0.0000   0.3376  9+[ 8, 4, 4]
 811   24.638776   24.638776   0.00000000   0.00000000  -0.0000   0.2597  9+[14, 1, 5]
 812   28.382536   28.382536   0.00000000   0.00000000  -0.0000   0.5827  9+[ 8, 4, 4]
 813   28.885532   28.885532   0.00000000   0.00000000  -0.0000   0.4995  9+[ 8, 0, 4]
 814   29.876998   29.876998   0.00000000   0.00000000  -0.0000   0.4597  9+[ 8, 2, 4]
 815   32.082059   32.082059   0.00000000   0.00000000  -0.0000   0.4905  9+[ 8, 1, 5]
 816   32.187384   32.187384   0.00000000   0.00000000  -0.0000   0.2683  9+[14,10, 4]
 817   32.253062   32.253062   0.00000000   0.00000000  -0.0000   0.2547  9+[14, 9, 5]
 818   34.554673   34.554673   0.00000000   0.00000000  -0.0000   0.6155  9+[ 8, 3, 5]
 819   41.457099   41.457099   0.00000000   0.00000000  -0.0000   0.2730  9+[16,12, 4]
 820   41.481058   41.481058   0.00000000   0.00000000  -0.0000   0.4174  9+[10, 6, 4]
 821   41.509483   41.509483   0.00000000   0.00000000  -0.0000   0.2916  9+[16,11, 5]
 822   43.194502   43.194502   0.00000000   0.00000000  -0.0000   0.3687  9+[ 8, 2, 4]
 823   44.873398   44.873398   0.00000000   0.00000000  -0.0000   0.5704  9+[ 8, 0, 4]
 824   45.158075   45.158075   0.00000000   0.00000000  -0.0000   0.5295  9+[10, 4, 4]
 825   46.262983   46.262983   0.00000000   0.00000000  -0.0000   0.4126  9+[ 8, 3, 5]
 826   46.573940   46.573940   0.00000000   0.00000000  -0.0000   0.5317  9+[ 8, 1, 5]
 827   47.821924   47.821924   0.00000000   0.00000000  -0.0000   0.4334  9+[10, 5, 5]
 828   52.819860   52.819860   0.00000000   0.00000000  -0.0000   0.2686  9+[16,10, 4]
 829   52.920931   52.920931   0.00000000   0.00000000  -0.0000   0.2760  9+[16, 5, 5]
 830   57.014399   57.014399   0.00000000   0.00000000  -0.0000   0.3791  9+[12, 8, 4]
 831   60.622073   60.622073   0.00000000   0.00000000  -0.0000   0.4643  9+[12, 6, 4]
 832   60.789548   60.789548   0.00000000   0.00000000  -0.0000   0.3724  9+[10, 6, 4]
 833   61.986288   61.986288   0.00000000   0.00000000  -0.0000   0.4329  9+[12, 5, 5]
 834   62.939352   62.939352   0.00000000   0.00000000  -0.0000   0.3622  9+[10, 4, 4]
 835   63.847115   63.847115   0.00000000   0.00000000  -0.0000   0.3851  9+[10, 5, 5]
 836   65.104354   65.104354   0.00000000   0.00000000  -0.0000   0.5465  9+[10, 0, 4]
 837   65.658747   65.658747   0.00000000   0.00000000  -0.0000   0.4803  9+[10, 1, 5]
 838   65.861393   65.861393   0.00000000   0.00000000  -0.0000   0.3702  9+[10, 5, 5]
 839   67.068048   67.068048   0.00000000   0.00000000  -0.0000   0.2974  9+[18,12, 4]
 840   67.249901   67.249901   0.00000000   0.00000000  -0.0000   0.3076  9+[18,11, 5]
 841   77.851992   77.851992   0.00000000   0.00000000  -0.0000   0.3445  9+[14, 4, 4]
 842   78.058585   78.058585   0.00000000   0.00000000  -0.0000   0.4228  9+[14, 6, 4]
 843   78.902672   78.902672   0.00000000   0.00000000  -0.0000   0.4235  9+[14, 7, 5]
 844   79.812817   79.812817   0.00000000   0.00000000  -0.0000   0.3027  9+[14,10, 4]
 845    0.000000    0.000000   0.00000000   0.00000000  -0.0000   0.0000  9+[20, 0, 4]
 846    0.000000    0.000000   0.00000000   0.00000000  -0.0000   0.0000  9+[20, 0, 4]
 847    0.000000    0.000000   0.00000000   0.00000000  -0.0000   0.0000  9+[20, 0, 4]
 848    0.000000    0.000000   0.00000000   0.00000000  -0.0000   0.0000  9+[20, 0, 4]
 849    0.000000    0.000000   0.00000000   0.00000000  -0.0000   0.0000  9+[20, 0, 4]
 850    0.000000    0.000000   0.00000000   0.00000000  -0.0000   0.0000  9+[20, 0, 4]
 851    0.000000    0.000000   0.00000000   0.00000000  -0.0000   0.0000  9+[20, 0, 4]
 852    0.000000    0.000000   0.00000000   0.00000000  -0.0000   0.0000  9+[20, 0, 4]
 853    0.000000    0.000000   0.00000000   0.00000000  -0.0000   0.0000  9+[20, 0, 4]
 854    0.000000    0.000000   0.00000000   0.00000000  -0.0000   0.0000  9+[20, 0, 4]
 855    0.000000    0.000000   0.00000000   0.00000000  -0.0000   0.0000  9+[20, 0, 4]
 856    0.000000    0.000000   0.00000000   0.00000000  -0.0000   0.0000  9+[20, 0, 4]
 857    0.000000    0.000000   0.00000000   0.00000000  -0.0000   0.0000  9+[20, 0, 4]
 858    0.000000    0.000000   0.00000000   0.00000000  -0.0000   0.0000  9+[20, 0, 4]
 859    0.000000    0.000000   0.00000000   0.00000000  -0.0000   0.0000  9+[20, 0, 4]
 860    0.000000    0.000000   0.00000000   0.00000000  -0.0000   0.0000  9+[20, 0, 4]
 861    0.000000    0.000000   0.00000000   0.00000000  -0.0000   0.0000  9+[20, 0, 4]
 862    0.000000    0.000000   0.00000000   0.00000000  -0.0000   0.0000  9+[20, 0, 4]
 863    0.000000    0.000000   0.00000000   0.00000000  -0.0000   0.0000  9+[20, 0, 4]
 864    0.000000    0.000000   0.00000000   0.00000000  -0.0000   0.0000  9+[20, 0, 4]
 865    0.000000    0.000000   0.00000000   0.00000000  -0.0000   0.0000  9+[20, 0, 4]
 866    0.000000    0.000000   0.00000000   0.00000000  -0.0000   0.0000  9+[20, 0, 4]
 867    0.000000    0.000000   0.00000000   0.00000000  -0.0000   0.0000  9+[20, 0, 4]
 868    0.000000    0.000000   0.00000000   0.00000000  -0.0000   0.0000  9+[20, 0, 4]
 869    0.000000    0.000000   0.00000000   0.00000000  -0.0000   0.0000  9+[20, 0, 4]
 870    0.000000    0.000000   0.00000000   0.00000000  -0.0000   0.0000  9+[20, 0, 4]
 871    0.000000    0.000000   0.00000000   0.00000000  -0.0000   0.0000  9+[20, 0, 4]
 872    0.000000    0.000000   0.00000000   0.00000000  -0.0000   0.0000  9+[20, 0, 4]
 873    0.000000    0.000000   0.00000000   0.00000000  -0.0000   0.0000  9+[20, 0, 4]
 874    0.000000    0.000000   0.00000000   0.00000000  -0.0000   0.0000  9+[20, 0, 4]
 875    0.000000    0.000000   0.00000000   0.00000000  -0.0000   0.0000  9+[20, 0, 4]
 876    0.000000    0.000000   0.00000000   0.00000000  -0.0000   0.0000  9+[20, 0, 4]
 877    0.000000    0.000000   0.00000000   0.00000000  -0.0000   0.0000  9+[20, 0, 4]
 878    0.000000    0.000000   0.00000000   0.00000000  -0.0000   0.0000  9+[20, 0, 4]
 879    0.000000    0.000000   0.00000000   0.00000000  -0.0000   0.0000  9+[20, 0, 4]
 880    0.000000    0.000000   0.00000000   0.00000000  -0.0000   0.0000  9+[20, 0, 4]
 881    0.000000    0.000000   0.00000000   0.00000000  -0.0000   0.0000  9+[20, 0, 4]
 882    0.000000    0.000000   0.00000000   0.00000000  -0.0000   0.0000  9+[20, 0, 4]
 883    0.000000    0.000000   0.00000000   0.00000000  -0.0000   0.0000  9+[20, 0, 4]
 884   -1.528077   -1.528077   0.00000000   0.00000000  -0.0000   0.9336  9-[ 5, 1, 4]
 885    6.736692    6.736692   0.00000000   0.00000000  -0.0000   0.9185  9-[ 5, 0, 5]
 886   16.660324   16.660324   0.00000000   0.00000000  -0.0000   0.3407  9-[ 7, 1, 4]
 887   17.128940   17.128940   0.00000000   0.00000000  -0.0000   0.3944  9-[11, 0, 5]
 888   17.491835   17.491835   0.00000000   0.00000000  -0.0000   0.7488  9-[ 7, 3, 4]
 889   21.851472   21.851472   0.00000000   0.00000000  -0.0000   0.3500  9-[ 7, 2, 5]
 890   23.183063   23.183063   0.00000000   0.00000000  -0.0000   0.2623  9-[13, 1, 4]
 891   24.362702   24.362702   0.00000000   0.00000000  -0.0000   0.6391  9-[ 7, 1, 4]
 892   26.515327   26.515327   0.00000000   0.00000000  -0.0000   0.6672  9-[ 7, 0, 5]
 893   27.636824   27.636824   0.00000000   0.00000000  -0.0000   0.7023  9-[ 7, 2, 5]
 894   29.288885   29.288885   0.00000000   0.00000000  -0.0000   0.2607  9-[13, 9, 4]
 895   29.470207   29.470207   0.00000000   0.00000000  -0.0000   0.2767  9-[13, 2, 5]
 896   37.130716   37.130716   0.00000000   0.00000000  -0.0000   0.4362  9-[ 9, 5, 4]
 897   37.261997   37.261997   0.00000000   0.00000000  -0.0000   0.4034  9-[ 9, 1, 4]
 898   37.456133   37.456133   0.00000000   0.00000000  -0.0000   0.5344  9-[ 9, 3, 4]
 899   38.328879   38.328879   0.00000000   0.00000000  -0.0000   0.2879  9-[15,11, 4]
 900   38.405147   38.405147   0.00000000   0.00000000  -0.0000   0.2927  9-[15,10, 5]
 901   39.620332   39.620332   0.00000000   0.00000000  -0.0000   0.4777  9-[ 7, 0, 5]
 902   40.712367   40.712367   0.00000000   0.00000000  -0.0000   0.3767  9-[ 9, 2, 5]
 903   42.587560   42.587560   0.00000000   0.00000000  -0.0000   0.5427  9-[ 9, 4, 5]
 904   49.344306   49.344306   0.00000000   0.00000000  -0.0000   0.2699  9-[15, 5, 4]
 905   49.465013   49.465013   0.00000000   0.00000000  -0.0000   0.2881  9-[17,12, 5]
 906   51.338769   51.338769   0.00000000   0.00000000  -0.0000   0.4365  9-[11, 7, 4]
 907   54.606819   54.606819   0.00000000   0.00000000  -0.0000   0.5240  9-[11, 5, 4]
 908   54.806886   54.806886   0.00000000   0.00000000  -0.0000   0.3389  9-[ 9, 5, 4]
 909   56.740678   56.740678   0.00000000   0.00000000  -0.0000   0.4533  9-[ 9, 1, 4]
 910   57.236699   57.236699   0.00000000   0.00000000  -0.0000   0.4488  9-[11, 4, 5]
 911   57.524885   57.524885   0.00000000   0.00000000  -0.0000   0.3781  9-[ 9, 4, 5]
 912   58.855433   58.855433   0.00000000   0.00000000  -0.0000   0.5576  9-[ 9, 0, 5]
 913   58.968550   58.968550   0.00000000   0.00000000  -0.0000   0.4207  9-[ 9, 2, 5]
 914   63.219339   63.219339   0.00000000   0.00000000  -0.0000   0.3063  9-[17,11, 4]
 915   63.426067   63.426067   0.00000000   0.00000000  -0.0000   0.2968  9-[17,10, 5]
 916   70.274372   70.274372   0.00000000   0.00000000  -0.0000   0.3789  9-[13, 9, 4]
 917   72.639852   72.639852   0.00000000   0.00000000  -0.0000   0.4461  9-[13, 7, 4]
 918   73.820098   73.820098   0.00000000   0.00000000  -0.0000   0.3142  9-[13, 9, 4]
 919   74.013180   74.013180   0.00000000   0.00000000  -0.0000   0.4552  9-[13, 6, 5]
 920   76.931587   76.931587   0.00000000   0.00000000  -0.0000   0.3161  9-[11, 1, 4]
 921   76.938718   76.938718   0.00000000   0.00000000  -0.0000   0.3248  9-[11, 4, 5]
 922   79.920844   79.920844   0.00000000   0.00000000  -0.0000   0.4115  9-[11, 1, 4]
 923    0.000000    0.000000   0.00000000   0.00000000  -0.0000   0.0000  9-[19, 1, 4]
 924    0.000000    0.000000   0.00000000   0.00000000  -0.0000   0.0000  9-[19, 1, 4]
 925    0.000000    0.000000   0.00000000   0.00000000  -0.0000   0.0000  9-[19, 1, 4]
 926    0.000000    0.000000   0.00000000   0.00000000  -0.0000   0.0000  9-[19, 1, 4]
 927    0.000000    0.000000   0.00000000   0.00000000  -0.0000   0.0000  9-[19, 1, 4]
 928    0.000000    0.000000   0.00000000   0.00000000  -0.0000   0.0000  9-[19, 1, 4]
 929    0.000000    0.000000   0.00000000   0.00000000  -0.0000   0.0000  9-[19, 1, 4]
 930    0.000000    0.000000   0.00000000   0.00000000  -0.0000   0.0000  9-[19, 1, 4]
 931    0.000000    0.000000   0.00000000   0.00000000  -0.0000   0.0000  9-[19, 1, 4]
 932    0.000000    0.000000   0.00000000   0.00000000  -0.0000   0.0000  9-[19, 1, 4]
 933    0.000000    0.000000   0.00000000   0.00000000  -0.0000   0.0000  9-[19, 1, 4]
 934    0.000000    0.000000   0.00000000   0.00000000  -0.0000   0.0000  9-[19, 1, 4]
 935    0.000000    0.000000   0.00000000   0.00000000  -0.0000   0.0000  9-[19, 1, 4]
 936    0.000000    0.000000   0.00000000   0.00000000  -0.0000   0.0000  9-[19, 1, 4]
 937    0.000000    0.000000   0.00000000   0.00000000  -0.0000   0.0000  9-[19, 1, 4]
 938    0.000000    0.000000   0.00000000   0.00000000  -0.0000   0.0000  9-[19, 1, 4]
 939    0.000000    0.000000   0.00000000   0.00000000  -0.0000   0.0000  9-[19, 1, 4]
 940    0.000000    0.000000   0.00000000   0.00000000  -0.0000   0.0000  9-[19, 1, 4]
 941    0.000000    0.000000   0.00000000   0.00000000  -0.0000   0.0000  9-[19, 1, 4]
 942    0.000000    0.000000   0.00000000   0.00000000  -0.0000   0.0000  9-[19, 1, 4]
 943    0.000000    0.000000   0.00000000   0.00000000  -0.0000   0.0000  9-[19, 1, 4]
 944    0.000000    0.000000   0.00000000   0.00000000  -0.0000   0.0000  9-[19, 1, 4]
 945    0.000000    0.000000   0.00000000   0.00000000  -0.0000   0.0000  9-[19, 1, 4]
 946    0.000000    0.000000   0.00000000   0.00000000  -0.0000   0.0000  9-[19, 1, 4]
 947    0.000000    0.000000   0.00000000   0.00000000  -0.0000   0.0000  9-[19, 1, 4]
 948    0.000000    0.000000   0.00000000   0.00000000  -0.0000   0.0000  9-[19, 1, 4]
 949    0.000000    0.000000   0.00000000   0.00000000  -0.0000   0.0000  9-[19, 1, 4]
 950    0.000000    0.000000   0.00000000   0.00000000  -0.0000   0.0000  9-[19, 1, 4]
 951    0.000000    0.000000   0.00000000   0.00000000  -0.0000   0.0000  9-[19, 1, 4]
 952    0.000000    0.000000   0.00000000   0.00000000  -0.0000   0.0000  9-[19, 1, 4]
 953    0.000000    0.000000   0.00000000   0.00000000  -0.0000   0.0000  9-[19, 1, 4]
 954    0.000000    0.000000   0.00000000   0.00000000  -0.0000   0.0000  9-[19, 1, 4]
 955    0.000000    0.000000   0.00000000   0.00000000  -0.0000   0.0000  9-[19, 1, 4]
 956    8.096873    8.096873   0.00000000   0.00000000  -0.0000   0.9425 11+[ 6, 1, 5]
 957   16.256472   16.256472   0.00000000   0.00000000  -0.0000   0.7793 11+[ 6, 0, 6]
 958   19.003747   19.003747   0.00000000   0.00000000  -0.0000   0.3246 11+[12, 1, 5]
 959   20.097447   20.097447   0.00000000   0.00000000  -0.0000   0.4766 11+[ 6, 0, 6]
 960   24.128002   24.128002   0.00000000   0.00000000  -0.0000   0.3995 11+[ 8, 3, 5]
 961   24.638776   24.638776   0.00000000   0.00000000  -0.0000   0.2703 11+[14, 4, 6]
 962   28.382536   28.382536   0.00000000   0.00000000  -0.0000   0.6894 11+[ 8, 3, 5]
 963   29.876998   29.876998   0.00000000   0.00000000  -0.0000   0.6129 11+[ 8, 1, 5]
 964   32.082059   32.082059   0.00000000   0.00000000  -0.0000   0.5534 11+[ 8, 0, 6]
 965   32.187384   32.187384   0.00000000   0.00000000  -0.0000   0.2628 11+[14, 9, 5]
 966   32.253062   32.253062   0.00000000   0.00000000  -0.0000   0.2819 11+[14, 2, 6]
 967   34.554673   34.554673   0.00000000   0.00000000  -0.0000   0.6899 11+[ 8, 2, 6]
 968   41.457099   41.457099   0.00000000   0.00000000  -0.0000   0.2991 11+[16,11, 5]
 969   41.481058   41.481058   0.00000000   0.00000000  -0.0000   0.4033 11+[10, 5, 5]
 970   41.509483   41.509483   0.00000000   0.00000000  -0.0000   0.2931 11+[16,10, 6]
 971   43.194502   43.194502   0.00000000   0.00000000  -0.0000   0.4916 11+[ 8, 1, 5]
 972   45.158075   45.158075   0.00000000   0.00000000  -0.0000   0.5468 11+[10, 5, 5]
 973   46.262983   46.262983   0.00000000   0.00000000  -0.0000   0.4625 11+[ 8, 2, 6]
 974   46.573940   46.573940   0.00000000   0.00000000  -0.0000   0.5998 11+[ 8, 0, 6]
 975   47.821924   47.821924   0.00000000   0.00000000  -0.0000   0.5168 11+[10, 4, 6]
 976   52.819860   52.819860   0.00000000   0.00000000  -0.0000   0.2823 11+[16, 5, 5]
 977   52.920931   52.920931   0.00000000   0.00000000  -0.0000   0.3000 11+[18,12, 6]
 978   57.014399   57.014399   0.00000000   0.00000000  -0.0000   0.4153 11+[12, 7, 5]
 979   60.622073   60.622073   0.00000000   0.00000000  -0.0000   0.4925 11+[12, 5, 5]
 980   60.789548   60.789548   0.00000000   0.00000000  -0.0000   0.3598 11+[10, 5, 5]
 981   61.986288   61.986288   0.00000000   0.00000000  -0.0000   0.4269 11+[12, 4, 6]
 982   62.939352   62.939352   0.00000000   0.00000000  -0.0000   0.4941 11+[10, 1, 5]
 983   63.847115   63.847115   0.00000000   0.00000000  -0.0000   0.4593 11+[10, 4, 6]
 984   65.658747   65.658747   0.00000000   0.00000000  -0.0000   0.5793 11+[10, 0, 6]
 985   65.861394   65.861394   0.00000000   0.00000000  -0.0000   0.4560 11+[10, 2, 6]
 986   67.068048   67.068048   0.00000000   0.00000000  -0.0000   0.3092 11+[18,11, 5]
 987   67.249901   67.249901   0.00000000   0.00000000  -0.0000   0.3056 11+[18, 6, 6]
 988   77.851992   77.851992   0.00000000   0.00000000  -0.0000   0.3774 11+[14, 9, 5]
 989   78.058585   78.058585   0.00000000   0.00000000  -0.0000   0.4520 11+[14, 7, 5]
 990   78.902672   78.902672   0.00000000   0.00000000  -0.0000   0.4580 11+[14, 6, 6]
 991   79.812817   79.812817   0.00000000   0.00000000  -0.0000   0.3284 11+[12, 7, 5]
 992    0.000000    0.000000   0.00000000   0.00000000  -0.0000   0.0000 11+[20, 1, 5]
 993    0.000000    0.000000   0.00000000   0.00000000  -0.0000   0.0000 11+[20, 1, 5]
 994    0.000000    0.000000   0.00000000   0.00000000  -0.0000   0.0000 11+[20, 1, 5]
 995    0.000000    0.000000   0.00000000   0.00000000  -0.0000   0.0000 11+[20, 1, 5]
 996    0.000000    0.000000   0.00000000   0.00000000  -0.0000   0.0000 11+[20, 1, 5]
 997    0.000000    0.000000   0.00000000   0.00000000  -0.0000   0.0000 11+[20, 1, 5]
 998    0.000000    0.000000   0.00000000   0.00000000  -0.0000   0.0000 11+[20, 1, 5]
 999    0.000000    0.000000   0.00000000   0.00000000  -0.0000   0.0000 11+[20, 1, 5]
1000    0.000000    0.000000   0.00000000   0.00000000  -0.0000   0.0000 11+[20, 1, 5]
1001    0.000000    0.000000   0.00000000   0.00000000  -0.0000   0.0000 11+[20, 1, 5]
1002    0.000000    0.000000   0.00000000   0.00000000  -0.0000   0.0000 11+[20, 1, 5]
1003    0.000000    0.000000   0.00000000   0.00000000  -0.0000   0.0000 11+[20, 1, 5]
1004    0.000000    0.000000   0.00000000   0.00000000  -0.0000   0.0000 11+[20, 1, 5]
1005    0.000000    0.000000   0.00000000   0.00000000  -0.0000   0.0000 11+[20, 1, 5]
1006    0.000000    0.000000   0.00000000   0.00000000  -0.0000   0.0000 11+[20, 1, 5]
1007    0.000000    0.000000   0.00000000   0.00000000  -0.0000   0.0000 11+[20, 1, 5]
1008    0.000000    0.000000   0.00000000   0.00000000  -0.0000   0.0000 11+[20, 1, 5]
1009    0.000000    0.000000   0.00000000   0.00000000  -0.0000   0.0000 11+[20, 1, 5]
1010    0.000000    0.000000   0.00000000   0.00000000  -0.0000   0.0000 11+[20, 1, 5]
1011    0.000000    0.000000   0.00000000   0.00000000  -0.0000   0.0000 11+[20, 1, 5]
1012    0.000000    0.000000   0.00000000   0.00000000  -0.0000   0.0000 11+[20, 1, 5]
1013    0.000000    0.000000   0.00000000   0.00000000  -0.0000   0.0000 11+[20, 1, 5]
1014    0.000000    0.000000   0.00000000   0.00000000  -0.0000   0.0000 11+[20, 1, 5]
1015    0.000000    0.000000   0.00000000   0.00000000  -0.0000   0.0000 11+[20, 1, 5]
1016    0.000000    0.000000   0.00000000   0.00000000  -0.0000   0.0000 11+[20, 1, 5]
1017    0.000000    0.000000   0.00000000   0.00000000  -0.0000   0.0000 11+[20, 1, 5]
1018    0.000000    0.000000   0.00000000   0.00000000  -0.0000   0.0000 11+[20, 1, 5]
1019    0.000000    0.000000   0.00000000   0.00000000  -0.0000   0.0000 11+[20, 1, 5]
1020    0.000000    0.000000   0.00000000   0.00000000  -0.0000   0.0000 11+[20, 1, 5]
1021    0.000000    0.000000   0.00000000   0.00000000  -0.0000   0.0000 11+[20, 1, 5]
1022    0.000000    0.000000   0.00000000   0.00000000  -0.0000   0.0000 11+[20, 1, 5]
1023    0.000000    0.000000   0.00000000   0.00000000  -0.0000   0.0000 11+[20, 1, 5]
1024    0.000000    0.000000   0.00000000   0.00000000  -0.0000   0.0000 11+[20, 1, 5]
1025    0.000000    0.000000   0.00000000   0.00000000  -0.0000   0.0000 11+[20, 1, 5]
1026    0.000000    0.000000   0.00000000   0.00000000  -0.0000   0.0000 11+[20, 1, 5]
1027    0.000000    0.000000   0.00000000   0.00000000  -0.0000   0.0000 11+[20, 1, 5]
1028   -1.528077   -1.528077   0.00000000   0.00000000  -0.0000   0.9791 11-[ 5, 0, 5]
1029   16.660324   16.660324   0.00000000   0.00000000  -0.0000   0.4078 11-[ 9, 0, 5]
1030   17.491835   17.491835   0.00000000   0.00000000  -0.0000   0.8537 11-[ 7, 2, 5]
1031   21.851472   21.851472   0.00000000   0.00000000  -0.0000   0.3791 11-[ 7, 1, 6]
1032   23.183063   23.183063   0.00000000   0.00000000  -0.0000   0.2654 11-[13, 4, 5]
1033   24.362702   24.362702   0.00000000   0.00000000  -0.0000   0.7343 11-[ 7, 0, 5]
1034   27.636824   27.636824   0.00000000   0.00000000  -0.0000   0.7608 11-[ 7, 1, 6]
1035   29.288885   29.288885   0.00000000   0.00000000  -0.0000   0.2795 11-[13, 2, 5]
1036   29.470207   29.470207   0.00000000   0.00000000  -0.0000   0.2810 11-[13, 5, 6]
1037   37.130716   37.130716   0.00000000   0.00000000  -0.0000   0.4994 11-[ 9, 2, 5]
1038   37.261997   37.261997   0.00000000   0.00000000  -0.0000   0.5006 11-[ 9, 0, 5]
1039   37.456133   37.456133   0.00000000   0.00000000  -0.0000   0.6545 11-[ 9, 4, 5]
1040   38.328879   38.328879   0.00000000   0.00000000  -0.0000   0.2995 11-[15,10, 5]
1041   38.405147   38.405147   0.00000000   0.00000000  -0.0000   0.2903 11-[13, 7, 6]
1042   40.712367   40.712367   0.00000000   0.00000000  -0.0000   0.4809 11-[ 9, 1, 6]
1043   42.587560   42.587560   0.00000000   0.00000000  -0.0000   0.6280 11-[ 9, 3, 6]
1044   49.344306   49.344306   0.00000000   0.00000000  -0.0000   0.2939 11-[17,12, 5]
1045   49.465013   49.465013   0.00000000   0.00000000  -0.0000   0.3236 11-[15, 9, 6]
1046   51.338769   51.338769   0.00000000   0.00000000  -0.0000   0.4518 11-[11, 6, 5]
1047   54.606819   54.606819   0.00000000   0.00000000  -0.0000   0.5271 11-[11, 4, 5]
1048   54.806886   54.806886   0.00000000   0.00000000  -0.0000   0.3880 11-[ 9, 2, 5]
1049   56.740678   56.740678   0.00000000   0.00000000  -0.0000   0.5625 11-[ 9, 0, 5]
1050   57.236699   57.236699   0.00000000   0.00000000  -0.0000   0.4925 11-[11, 5, 6]
1051   57.524885   57.524885   0.00000000   0.00000000  -0.0000   0.4376 11-[ 9, 3, 6]
1052   58.968550   58.968550   0.00000000   0.00000000  -0.0000   0.5370 11-[ 9, 1, 6]
1053   63.219339   63.219339   0.00000000   0.00000000  -0.0000   0.2972 11-[17,10, 5]
1054   63.426067   63.426067   0.00000000   0.00000000  -0.0000   0.3285 11-[17, 5, 6]
1055   70.274372   70.274372   0.00000000   0.00000000  -0.0000   0.4357 11-[13, 8, 5]
1056   72.639852   72.639852   0.00000000   0.00000000  -0.0000   0.4950 11-[13, 6, 5]
1057   73.820098   73.820098   0.00000000   0.00000000  -0.0000   0.3369 11-[13, 2, 5]
1058   74.013180   74.013180   0.00000000   0.00000000  -0.0000   0.4719 11-[13, 5, 6]
1059   76.931587   76.931587   0.00000000   0.00000000  -0.0000   0.3371 11-[11, 4, 5]
1060   76.938718   76.938718   0.00000000   0.00000000  -0.0000   0.3565 11-[11, 5, 6]
1061   79.920844   79.920844   0.00000000   0.00000000  -0.0000   0.5459 11-[11, 0, 5]
1062    0.000000    0.000000   0.00000000   0.00000000  -0.0000   0.0000 11-[19, 0, 5]
1063    0.000000    0.000000   0.00000000   0.00000000  -0.0000   0.0000 11-[19, 0, 5]
1064    0.000000    0.000000   0.00000000   0.00000000  -0.0000   0.0000 11-[19, 0, 5]
1065    0.000000    0.000000   0.00000000   0.00000000  -0.0000   0.0000 11-[19, 0, 5]
1066    0.000000    0.000000   0.00000000   0.00000000  -0.0000   0.0000 11-[19, 0, 5]
1067    0.000000    0.000000   0.00000000   0.00000000  -0.0000   0.0000 11-[19, 0, 5]
1068    0.000000    0.000000   0.00000000   0.00000000  -0.0000   0.0000 11-[19, 0, 5]
1069    0.000000    0.000000   0.00000000   0.00000000  -0.0000   0.0000 11-[19, 0, 5]
1070    0.000000    0.000000   0.00000000   0.00000000  -0.0000   0.0000 11-[19, 0, 5]
1071    0.000000    0.000000   0.00000000   0.00000000  -0.0000   0.0000 11-[19, 0, 5]
1072    0.000000    0.000000   0.00000000   0.00000000  -0.0000   0.0000 11-[19, 0, 5]
1073    0.000000    0.000000   0.00000000   0.00000000  -0.0000   0.0000 11-[19, 0, 5]
1074    0.000000    0.000000   0.00000000   0.00000000  -0.0000   0.0000 11-[19, 0, 5]
1075    0.000000    0.000000   0.00000000   0.00000000  -0.0000   0.0000 11-[19, 0, 5]
1076    0.000000    0.000000   0.00000000   0.00000000  -0.0000   0.0000 11-[19, 0, 5]
1077    0.000000    0.000000   0.00000000   0.00000000  -0.0000   0.0000 11-[19, 0, 5]
1078    0.000000    0.000000   0.00000000   0.00000000  -0.0000   0.0000 11-[19, 0, 5]
1079    0.000000    0.000000   0.00000000   0.00000000  -0.0000   0.0000 11-[19, 0, 5]
1080    0.000000    0.000000   0.00000000   0.00000000  -0.0000   0.0000 11-[19, 0, 5]
1081    0.000000    0.000000   0.00000000   0.00000000  -0.0000   0.0000 11-[19, 0, 5]
1082    0.000000    0.000000   0.00000000   0.00000000  -0.0000   0.0000 11-[19, 0, 5]
1083    0.000000    0.000000   0.00000000   0.00000000  -0.0000   0.0000 11-[19, 0, 5]
1084    0.000000    0.000000   0.00000000   0.00000000  -0.0000   0.0000 11-[19, 0, 5]
1085    0.000000    0.000000   0.00000000   0.00000000  -0.0000   0.0000 11-[19, 0, 5]
1086    0.000000    0.000000   0.00000000   0.00000000  -0.0000   0.0000 11-[19, 0, 5]
1087    0.000000    0.000000   0.00000000   0.00000000  -0.0000   0.0000 11-[19, 0, 5]
1088    0.000000    0.000000   0.00000000   0.00000000  -0.0000   0.0000 11-[19, 0, 5]
1089    0.000000    0.000000   0.00000000   0.00000000  -0.0000   0.0000 11-[19, 0, 5]
1090    0.000000    0.000000   0.00000000   0.00000000  -0.0000   0.0000 11-[19, 0, 5]
1091    0.000000    0.000000   0.00000000   0.00000000  -0.0000   0.0000 11-[19, 0, 5]
1092    8.096873    8.096873   0.00000000   0.00000000  -0.0000   0.9810 13+[ 6, 0, 6]
1093   19.003747   19.003747   0.00000000   0.00000000  -0.0000   0.4297 13+[14, 0, 6]
1094   24.128002   24.128002   0.00000000   0.00000000  -0.0000   0.4466 13+[ 8, 2, 6]
1095   24.638776   24.638776   0.00000000   0.00000000  -0.0000   0.3728 13+[14, 1, 7]
1096   28.382536   28.382536   0.00000000   0.00000000  -0.0000   0.7708 13+[ 8, 2, 6]
1097   29.876998   29.876998   0.00000000   0.00000000  -0.0000   0.6890 13+[ 8, 0, 6]
1098   32.187384   32.187384   0.00000000   0.00000000  -0.0000   0.2903 13+[14, 2, 6]
1099   32.253062   32.253062   0.00000000   0.00000000  -0.0000   0.2877 13+[14, 5, 7]
1100   34.554673   34.554673   0.00000000   0.00000000  -0.0000   0.7392 13+[ 8, 1, 7]
1101   41.457099   41.457099   0.00000000   0.00000000  -0.0000   0.3002 13+[16,10, 6]
1102   41.481058   41.481058   0.00000000   0.00000000  -0.0000   0.4954 13+[10, 2, 6]
1103   41.509483   41.509483   0.00000000   0.00000000  -0.0000   0.3026 13+[16, 3, 7]
1104   43.194502   43.194502   0.00000000   0.00000000  -0.0000   0.5526 13+[ 8, 0, 6]
1105   45.158075   45.158075   0.00000000   0.00000000  -0.0000   0.6508 13+[10, 4, 6]
1106   46.262983   46.262983   0.00000000   0.00000000  -0.0000   0.4956 13+[ 8, 1, 7]
1107   47.821924   47.821924   0.00000000   0.00000000  -0.0000   0.5870 13+[10, 3, 7]
1108   52.819860   52.819860   0.00000000   0.00000000  -0.0000   0.3051 13+[18,12, 6]
1109   52.920931   52.920931   0.00000000   0.00000000  -0.0000   0.3345 13+[16, 9, 7]
1110   57.014399   57.014399   0.00000000   0.00000000  -0.0000   0.4178 13+[12, 6, 6]
1111   60.622073   60.622073   0.00000000   0.00000000  -0.0000   0.4849 13+[12, 4, 6]
1112   60.789548   60.789548   0.00000000   0.00000000  -0.0000   0.4419 13+[10, 2, 6]
1113   61.986288   61.986288   0.00000000   0.00000000  -0.0000   0.4936 13+[12, 5, 7]
1114   62.939352   62.939352   0.00000000   0.00000000  -0.0000   0.5939 13+[10, 0, 6]
1115   63.847115   63.847115   0.00000000   0.00000000  -0.0000   0.5217 13+[10, 3, 7]
1116   65.861393   65.861393   0.00000000   0.00000000  -0.0000   0.5624 13+[10, 1, 7]
1117   67.068048   67.068048   0.00000000   0.00000000  -0.0000   0.3069 13+[18, 6, 6]
1118   67.249901   67.249901   0.00000000   0.00000000  -0.0000   0.3337 13+[18,11, 7]
1119   77.851992   77.851992   0.00000000   0.00000000  -0.0000   0.4188 13+[14, 8, 6]
1120   78.058585   78.058585   0.00000000   0.00000000  -0.0000   0.4882 13+[14, 6, 6]
1121   78.902672   78.902672   0.00000000   0.00000000  -0.0000   0.4656 13+[14, 5, 7]
1122   79.812817   79.812817   0.00000000   0.00000000  -0.0000   0.3304 13+[12, 6, 6]
1123    0.000000    0.000000   0.00000000   0.00000000  -0.0000   0.0000 13+[20, 0, 6]
1124    0.000000    0.000000   0.00000000   0.00000000  -0.0000   0.0000 13+[20, 0, 6]
1125    0.000000    0.000000   0.00000000   0.00000000  -0.0000   0.0000 13+[20, 0, 6]
1126    0.000000    0.000000   0.00000000   0.00000000  -0.0000   0.0000 13+[20, 0, 6]
1127    0.000000    0.000000   0.00000000   0.00000000  -0.0000   0.0000 13+[20, 0, 6]
1128    0.000000    0.000000   0.00000000   0.00000000  -0.0000   0.0000 13+[20, 0, 6]
1129    0.000000    0.000000   0.00000000   0.00000000  -0.0000   0.0000 13+[20, 0, 6]
1130    0.000000    0.000000   0.00000000   0.00000000  -0.0000   0.0000 13+[20, 0, 6]
1131    0.000000    0.000000   0.00000000   0.00000000  -0.0000   0.0000 13+[20, 0, 6]
1132    0.000000    0.000000   0.00000000   0.00000000  -0.0000   0.0000 13+[20, 0, 6]
1133    0.000000    0.000000   0.00000000   0.00000000  -0.0000   0.0000 13+[20, 0, 6]
1134    0.000000    0.000000   0.00000000   0.00000000  -0.0000   0.0000 13+[20, 0, 6]
1135    0.000000    0.000000   0.00000000   0.00000000  -0.0000   0.0000 13+[20, 0, 6]
1136    0.000000    0.000000   0.00000000   0.00000000  -0.0000   0.0000 13+[20, 0, 6]
1137    0.000000    0.000000   0.00000000   0.00000000  -0.0000   0.0000 13+[20, 0, 6]
1138    0.000000    0.000000   0.00000000   0.00000000  -0.0000   0.0000 13+[20, 0, 6]
1139    0.000000    0.000000   0.00000000   0.00000000  -0.0000   0.0000 13+[20, 0, 6]
1140    0.000000    0.000000   0.00000000   0.00000000  -0.0000   0.0000 13+[20, 0, 6]
1141    0.000000    0.000000   0.00000000   0.00000000  -0.0000   0.0000 13+[20, 0, 6]
1142    0.000000    0.000000   0.00000000   0.00000000  -0.0000   0.0000 13+[20, 0, 6]
1143    0.000000    0.000000   0.00000000   0.00000000  -0.0000   0.0000 13+[20, 0, 6]
1144    0.000000    0.000000   0.00000000   0.00000000  -0.0000   0.0000 13+[20, 0, 6]
1145    0.000000    0.000000   0.00000000   0.00000000  -0.0000   0.0000 13+[20, 0, 6]
1146    0.000000    0.000000   0.00000000   0.00000000  -0.0000   0.0000 13+[20, 0, 6]
1147    0.000000    0.000000   0.00000000   0.00000000  -0.0000   0.0000 13+[20, 0, 6]
1148    0.000000    0.000000   0.00000000   0.00000000  -0.0000   0.0000 13+[20, 0, 6]
1149    0.000000    0.000000   0.00000000   0.00000000  -0.0000   0.0000 13+[20, 0, 6]
1150    0.000000    0.000000   0.00000000   0.00000000  -0.0000   0.0000 13+[20, 0, 6]
1151    0.000000    0.000000   0.00000000   0.00000000  -0.0000   0.0000 13+[20, 0, 6]
1152    0.000000    0.000000   0.00000000   0.00000000  -0.0000   0.0000 13+[20, 0, 6]
1153    0.000000    0.000000   0.00000000   0.00000000  -0.0000   0.0000 13+[20, 0, 6]
1154    0.000000    0.000000   0.00000000   0.00000000  -0.0000   0.0000 13+[20, 0, 6]
1155    0.000000    0.000000   0.00000000   0.00000000  -0.0000   0.0000 13+[20, 0, 6]
1156   17.491835   17.491835   0.00000000   0.00000000  -0.0000   0.9221 13-[ 7, 1, 6]
1157   21.851472   21.851472   0.00000000   0.00000000  -0.0000   0.4072 13-[13, 0, 7]
1158   23.183063   23.183063   0.00000000   0.00000000  -0.0000   0.3644 13-[11, 1, 6]
1159   27.636824   27.636824   0.00000000   0.00000000  -0.0000   0.7896 13-[ 7, 0, 7]
1160   29.288885   29.288885   0.00000000   0.00000000  -0.0000   0.2838 13-[ 9, 3, 6]
1161   29.470207   29.470207   0.00000000   0.00000000  -0.0000   0.3084 13-[13, 2, 7]
1162   37.130716   37.130716   0.00000000   0.00000000  -0.0000   0.6357 13-[ 9, 1, 6]
1163   37.456133   37.456133   0.00000000   0.00000000  -0.0000   0.7558 13-[ 9, 3, 6]
1164   38.328879   38.328879   0.00000000   0.00000000  -0.0000   0.2977 13-[13, 7, 6]
1165   38.405147   38.405147   0.00000000   0.00000000  -0.0000   0.3173 13-[15, 2, 7]
1166   40.712367   40.712367   0.00000000   0.00000000  -0.0000   0.5335 13-[ 9, 0, 7]
1167   42.587560   42.587560   0.00000000   0.00000000  -0.0000   0.6934 13-[ 9, 2, 7]
1168   49.344306   49.344306   0.00000000   0.00000000  -0.0000   0.3288 13-[15, 9, 6]
1169   49.465013   49.465013   0.00000000   0.00000000  -0.0000   0.3500 13-[15, 8, 7]
1170   51.338769   51.338769   0.00000000   0.00000000  -0.0000   0.4259 13-[11, 5, 6]
1171   54.606819   54.606819   0.00000000   0.00000000  -0.0000   0.5774 13-[11, 5, 6]
1172   54.806886   54.806886   0.00000000   0.00000000  -0.0000   0.4938 13-[ 9, 1, 6]
1173   57.236699   57.236699   0.00000000   0.00000000  -0.0000   0.5746 13-[11, 4, 7]
1174   57.524885   57.524885   0.00000000   0.00000000  -0.0000   0.4831 13-[ 9, 2, 7]
1175   58.968550   58.968550   0.00000000   0.00000000  -0.0000   0.5958 13-[ 9, 0, 7]
1176   63.219339   63.219339   0.00000000   0.00000000  -0.0000   0.3285 13-[17, 5, 6]
1177   63.426067   63.426067   0.00000000   0.00000000  -0.0000   0.3635 13-[17,10, 7]
1178   70.274372   70.274372   0.00000000   0.00000000  -0.0000   0.4622 13-[13, 7, 6]
1179   72.639852   72.639852   0.00000000   0.00000000  -0.0000   0.5124 13-[13, 5, 6]
1180   73.820098   73.820098   0.00000000   0.00000000  -0.0000   0.3415 13-[13, 5, 6]
1181   74.013180   74.013180   0.00000000   0.00000000  -0.0000   0.4724 13-[13, 6, 7]
1182   76.931587   76.931587   0.00000000   0.00000000  -0.0000   0.4738 13-[11, 1, 6]
1183   76.938718   76.938718   0.00000000   0.00000000  -0.0000   0.4159 13-[11, 4, 7]
1184    0.000000    0.000000   0.00000000   0.00000000  -0.0000   0.0000 13-[19, 1, 6]
1185    0.000000    0.000000   0.00000000   0.00000000  -0.0000   0.0000 13-[19, 1, 6]
1186    0.000000    0.000000   0.00000000   0.00000000  -0.0000   0.0000 13-[19, 1, 6]
1187    0.000000    0.000000   0.00000000   0.00000000  -0.0000   0.0000 13-[19, 1, 6]
1188    0.000000    0.000000   0.00000000   0.00000000  -0.0000   0.0000 13-[19, 1, 6]
1189    0.000000    0.000000   0.00000000   0.00000000  -0.0000   0.0000 13-[19, 1, 6]
1190    0.000000    0.000000   0.00000000   0.00000000  -0.0000   0.0000 13-[19, 1, 6]
1191    0.000000    0.000000   0.00000000   0.00000000  -0.0000   0.0000 13-[19, 1, 6]
1192    0.000000    0.000000   0.00000000   0.00000000  -0.0000   0.0000 13-[19, 1, 6]
1193    0.000000    0.000000   0.00000000   0.00000000  -0.0000   0.0000 13-[19, 1, 6]
1194    0.000000    0.000000   0.00000000   0.00000000  -0.0000   0.0000 13-[19, 1, 6]
1195    0.000000    0.000000   0.00000000   0.00000000  -0.0000   0.0000 13-[19, 1, 6]
1196    0.000000    0.000000   0.00000000   0.00000000  -0.0000   0.0000 13-[19, 1, 6]
1197    0.000000    0.000000   0.00000000   0.00000000  -0.0000   0.0000 13-[19, 1, 6]
1198    0.000000    0.000000   0.00000000   0.00000000  -0.0000   0.0000 13-[19, 1, 6]
1199    0.000000    0.000000   0.00000000   0.00000000  -0.0000   0.0000 13-[19, 1, 6]
1200    0.000000    0.000000   0.00000000   0.00000000  -0.0000   0.0000 13-[19, 1, 6]
1201    0.000000    0.000000   0.00000000   0.00000000  -0.0000   0.0000 13-[19, 1, 6]
1202    0.000000    0.000000   0.00000000   0.00000000  -0.0000   0.0000 13-[19, 1, 6]
1203    0.000000    0.000000   0.00000000   0.00000000  -0.0000   0.0000 13-[19, 1, 6]
1204    0.000000    0.000000   0.00000000   0.00000000  -0.0000   0.0000 13-[19, 1, 6]
1205    0.000000    0.000000   0.00000000   0.00000000  -0.0000   0.0000 13-[19, 1, 6]
1206    0.000000    0.000000   0.00000000   0.00000000  -0.0000   0.0000 13-[19, 1, 6]
1207    0.000000    0.000000   0.00000000   0.00000000  -0.0000   0.0000 13-[19, 1, 6]
1208    0.000000    0.000000   0.00000000   0.00000000  -0.0000   0.0000 13-[19, 1, 6]
1209    0.000000    0.000000   0.00000000   0.00000000  -0.0000   0.0000 13-[19, 1, 6]
1210    0.000000    0.000000   0.00000000   0.00000000  -0.0000   0.0000 13-[19, 1, 6]
1211    0.000000    0.000000   0.00000000   0.00000000  -0.0000   0.0000 13-[19, 1, 6]
1212   24.128002   24.128002   0.00000000   0.00000000  -0.0000   0.4775 15+[ 8, 1, 7]
1213   24.638776   24.638776   0.00000000   0.00000000  -0.0000   0.4515 15+[14, 0, 8]
1214   28.382536   28.382536   0.00000000   0.00000000  -0.0000   0.8240 15+[ 8, 1, 7]
1215   32.187384   32.187384   0.00000000   0.00000000  -0.0000   0.2958 15+[14, 5, 7]
1216   32.253062   32.253062   0.00000000   0.00000000  -0.0000   0.3267 15+[14, 2, 8]
1217   34.554673   34.554673   0.00000000   0.00000000  -0.0000   0.7635 15+[ 8, 0, 8]
1218   41.457099   41.457099   0.00000000   0.00000000  -0.0000   0.3095 15+[16, 3, 7]
1219   41.481058   41.481058   0.00000000   0.00000000  -0.0000   0.6097 15+[10, 1, 7]
1220   41.509483   41.509483   0.00000000   0.00000000  -0.0000   0.3195 15+[16, 2, 8]
1221   45.158075   45.158075   0.00000000   0.00000000  -0.0000   0.7380 15+[10, 3, 7]
1222   46.262983   46.262983   0.00000000   0.00000000  -0.0000   0.5118 15+[ 8, 0, 8]
1223   47.821924   47.821924   0.00000000   0.00000000  -0.0000   0.6407 15+[10, 2, 8]
1224   52.819860   52.819860   0.00000000   0.00000000  -0.0000   0.3415 15+[16, 9, 7]
1225   52.920931   52.920931   0.00000000   0.00000000  -0.0000   0.3541 15+[16, 8, 8]
1226   57.014399   57.014399   0.00000000   0.00000000  -0.0000   0.3975 15+[12, 3, 7]
1227   60.622073   60.622073   0.00000000   0.00000000  -0.0000   0.5599 15+[12, 5, 7]
1228   60.789548   60.789548   0.00000000   0.00000000  -0.0000   0.5439 15+[10, 1, 7]
1229   61.986288   61.986288   0.00000000   0.00000000  -0.0000   0.5662 15+[12, 4, 8]
1230   63.847115   63.847115   0.00000000   0.00000000  -0.0000   0.5694 15+[10, 2, 8]
1231   65.861394   65.861394   0.00000000   0.00000000  -0.0000   0.6161 15+[10, 0, 8]
1232   67.068048   67.068048   0.00000000   0.00000000  -0.0000   0.3348 15+[18,11, 7]
1233   67.249901   67.249901   0.00000000   0.00000000  -0.0000   0.3777 15+[18,10, 8]
1234   77.851992   77.851992   0.00000000   0.00000000  -0.0000   0.4335 15+[14, 7, 7]
1235   78.058585   78.058585   0.00000000   0.00000000  -0.0000   0.4958 15+[14, 5, 7]
1236   78.902672   78.902672   0.00000000   0.00000000  -0.0000   0.4878 15+[14, 6, 8]
1237   79.812817   79.812817   0.00000000   0.00000000  -0.0000   0.3337 15+[14, 5, 7]
1238    0.000000    0.000000   0.00000000   0.00000000  -0.0000   0.0000 15+[20, 1, 7]
1239    0.000000    0.000000   0.00000000   0.00000000  -0.0000   0.0000 15+[20, 1, 7]
1240    0.000000    0.000000   0.00000000   0.00000000  -0.0000   0.0000 15+[20, 1, 7]
1241    0.000000    0.000000   0.00000000   0.00000000  -0.0000   0.0000 15+[20, 1, 7]
1242    0.000000    0.000000   0.00000000   0.00000000  -0.0000   0.0000 15+[20, 1, 7]
1243    0.000000    0.000000   0.00000000   0.00000000  -0.0000   0.0000 15+[20, 1, 7]
1244    0.000000    0.000000   0.00000000   0.00000000  -0.0000   0.0000 15+[20, 1, 7]
1245    0.000000    0.000000   0.00000000   0.00000000  -0.0000   0.0000 15+[20, 1, 7]
1246    0.000000    0.000000   0.00000000   0.00000000  -0.0000   0.0000 15+[20, 1, 7]
1247    0.000000    0.000000   0.00000000   0.00000000  -0.0000   0.0000 15+[20, 1, 7]
1248    0.000000    0.000000   0.00000000   0.00000000  -0.0000   0.0000 15+[20, 1, 7]
1249    0.000000    0.000000   0.00000000   0.00000000  -0.0000   0.0000 15+[20, 1, 7]
1250    0.000000    0.000000   0.00000000   0.00000000  -0.0000   0.0000 15+[20, 1, 7]
1251    0.000000    0.000000   0.00000000   0.00000000  -0.0000   0.0000 15+[20, 1, 7]
1252    0.000000    0.000000   0.00000000   0.00000000  -0.0000   0.0000 15+[20, 1, 7]
1253    0.000000    0.000000   0.00000000   0.00000000  -0.0000   0.0000 15+[20, 1, 7]
1254    0.000000    0.000000   0.00000000   0.00000000  -0.0000   0.0000 15+[20, 1, 7]
1255    0.000000    0.000000   0.00000000   0.00000000  -0.0000   0.0000 15+[20, 1, 7]
1256    0.000000    0.000000   0.00000000   0.00000000  -0.0000   0.0000 15+[20, 1, 7]
1257    0.000000    0.000000   0.00000000   0.00000000  -0.0000   0.0000 15+[20, 1, 7]
1258    0.000000    0.000000   0.00000000   0.00000000  -0.0000   0.0000 15+[20, 1, 7]
1259    0.000000    0.000000   0.00000000   0.00000000  -0.0000   0.0000 15+[20, 1, 7]
1260    0.000000    0.000000   0.00000000   0.00000000  -0.0000   0.0000 15+[20, 1, 7]
1261    0.000000    0.000000   0.00000000   0.00000000  -0.0000   0.0000 15+[20, 1, 7]
1262    0.000000    0.000000   0.00000000   0.00000000  -0.0000   0.0000 15+[20, 1, 7]
1263    0.000000    0.000000   0.00000000   0.00000000  -0.0000   0.0000 15+[20, 1, 7]
1264    0.000000    0.000000   0.00000000   0.00000000  -0.0000   0.0000 15+[20, 1, 7]
1265    0.000000    0.000000   0.00000000   0.00000000  -0.0000   0.0000 15+[20, 1, 7]
1266    0.000000    0.000000   0.00000000   0.00000000  -0.0000   0.0000 15+[20, 1, 7]
1267    0.000000    0.000000   0.00000000   0.00000000  -0.0000   0.0000 15+[20, 1, 7]
1268   17.491835   17.491835   0.00000000   0.00000000  -0.0000   0.9545 15-[ 7, 0, 7]
1269   23.183063   23.183063   0.00000000   0.00000000  -0.0000   0.4468 15-[13, 0, 7]
1270   29.288885   29.288885   0.00000000   0.00000000  -0.0000   0.3127 15-[ 9, 2, 7]
1271   29.470207   29.470207   0.00000000   0.00000000  -0.0000   0.4187 15-[13, 1, 8]
1272   37.130716   37.130716   0.00000000   0.00000000  -0.0000   0.7034 15-[ 9, 0, 7]
1273   37.456133   37.456133   0.00000000   0.00000000  -0.0000   0.8328 15-[ 9, 2, 7]
1274   38.328879   38.328879   0.00000000   0.00000000  -0.0000   0.3236 15-[15, 2, 7]
1275   38.405147   38.405147   0.00000000   0.00000000  -0.0000   0.3250 15-[15, 5, 8]
1276   42.587560   42.587560   0.00000000   0.00000000  -0.0000   0.7368 15-[ 9, 1, 8]
1277   49.344306   49.344306   0.00000000   0.00000000  -0.0000   0.3552 15-[15, 8, 7]
1278   49.465013   49.465013   0.00000000   0.00000000  -0.0000   0.3558 15-[15, 7, 8]
1279   51.338769   51.338769   0.00000000   0.00000000  -0.0000   0.5566 15-[11, 2, 7]
1280   54.606819   54.606819   0.00000000   0.00000000  -0.0000   0.6727 15-[11, 4, 7]
1281   54.806886   54.806886   0.00000000   0.00000000  -0.0000   0.5465 15-[ 9, 0, 7]
1282   57.236699   57.236699   0.00000000   0.00000000  -0.0000   0.6433 15-[11, 3, 8]
1283   57.524885   57.524885   0.00000000   0.00000000  -0.0000   0.5133 15-[ 9, 1, 8]
1284   63.219339   63.219339   0.00000000   0.00000000  -0.0000   0.3632 15-[17,10, 7]
1285   63.426067   63.426067   0.00000000   0.00000000  -0.0000   0.3986 15-[17, 9, 8]
1286   70.274372   70.274372   0.00000000   0.00000000  -0.0000   0.4550 15-[13, 6, 7]
1287   72.639852   72.639852   0.00000000   0.00000000  -0.0000   0.5124 15-[13, 6, 7]
1288   73.820098   73.820098   0.00000000   0.00000000  -0.0000   0.3874 15-[11, 2, 7]
1289   74.013180   74.013180   0.00000000   0.00000000  -0.0000   0.5546 15-[13, 5, 8]
1290   76.931587   76.931587   0.00000000   0.00000000  -0.0000   0.5561 15-[11, 0, 7]
1291   76.938718   76.938718   0.00000000   0.00000000  -0.0000   0.4656 15-[11, 3, 8]
1292    0.000000    0.000000   0.00000000   0.00000000  -0.0000   0.0000 15-[19, 0, 7]
1293    0.000000    0.000000   0.00000000   0.00000000  -0.0000   0.0000 15-[19, 0, 7]
1294    0.000000    0.000000   0.00000000   0.00000000  -0.0000   0.0000 15-[19, 0, 7]
1295    0.000000    0.000000   0.00000000   0.00000000  -0.0000   0.0000 15-[19, 0, 7]
1296    0.000000    0.000000   0.00000000   0.00000000  -0.0000   0.0000 15-[19, 0, 7]
1297    0.000000    0.000000   0.00000000   0.00000000  -0.0000   0.0000 15-[19, 0, 7]
1298    0.000000    0.000000   0.00000000   0.00000000  -0.0000   0.0000 15-[19, 0, 7]
1299    0.000000    0.000000   0.00000000   0.00000000  -0.0000   0.0000 15-[19, 0, 7]
1300    0.000000    0.000000   0.00000000   0.00000000  -0.0000   0.0000 15-[19, 0, 7]
1301    0.000000    0.000000   0.00000000   0.00000000  -0.0000   0.0000 15-[19, 0, 7]
1302    0.000000    0.000000   0.00000000   0.00000000  -0.0000   0.0000 15-[19, 0, 7]
1303    0.000000    0.000000   0.00000000   0.00000000  -0.0000   0.0000 15-[19, 0, 7]
1304    0.000000    0.000000   0.00000000   0.00000000  -0.0000   0.0000 15-[19, 0, 7]
1305    0.000000    0.000000   0.00000000   0.00000000  -0.0000   0.0000 15-[19, 0, 7]
1306    0.000000    0.000000   0.00000000   0.00000000  -0.0000   0.0000 15-[19, 0, 7]
1307    0.000000    0.000000   0.00000000   0.00000000  -0.0000   0.0000 15-[19, 0, 7]
1308    0.000000    0.000000   0.00000000   0.00000000  -0.0000   0.0000 15-[19, 0, 7]
1309    0.000000    0.000000   0.00000000   0.00000000  -0.0000   0.0000 15-[19, 0, 7]
1310    0.000000    0.000000   0.00000000   0.00000000  -0.0000   0.0000 15-[19, 0, 7]
1311    0.000000    0.000000   0.00000000   0.00000000  -0.0000   0.0000 15-[19, 0, 7]
1312    0.000000    0.000000   0.00000000   0.00000000  -0.0000   0.0000 15-[19, 0, 7]
1313    0.000000    0.000000   0.00000000   0.00000000  -0.0000   0.0000 15-[19, 0, 7]
1314    0.000000    0.000000   0.00000000   0.00000000  -0.0000   0.0000 15-[19, 0, 7]
1315    0.000000    0.000000   0.00000000   0.00000000  -0.0000   0.0000 15-[19, 0, 7]
1316    0.000000    0.000000   0.00000000   0.00000000  -0.0000   0.0000 15-[19, 0, 7]
1317   24.128002   24.128002   0.00000000   0.00000000  -0.0000   0.4922 17+[ 8, 0, 8]
1318   28.382536   28.382536   0.00000000   0.00000000  -0.0000   0.8494 17+[ 8, 0, 8]
1319   32.187384   32.187384   0.00000000   0.00000000  -0.0000   0.3353 17+[14, 2, 8]
1320   32.253062   32.253062   0.00000000   0.00000000  -0.0000   0.4289 17+[14, 1, 9]
1321   41.457099   41.457099   0.00000000   0.00000000  -0.0000   0.3264 17+[16, 2, 8]
1322   41.481058   41.481058   0.00000000   0.00000000  -0.0000   0.6666 17+[10, 0, 8]
1323   41.509483   41.509483   0.00000000   0.00000000  -0.0000   0.3283 17+[16, 5, 9]
1324   45.158075   45.158075   0.00000000   0.00000000  -0.0000   0.8042 17+[10, 2, 8]
1325   47.821924   47.821924   0.00000000   0.00000000  -0.0000   0.6763 17+[10, 1, 9]
1326   52.819860   52.819860   0.00000000   0.00000000  -0.0000   0.3611 17+[16, 8, 8]
1327   52.920931   52.920931   0.00000000   0.00000000  -0.0000   0.3544 17+[16, 7, 9]
1328   57.014399   57.014399   0.00000000   0.00000000  -0.0000   0.5341 17+[12, 2, 8]
1329   60.622073   60.622073   0.00000000   0.00000000  -0.0000   0.6414 17+[12, 4, 8]
1330   60.789548   60.789548   0.00000000   0.00000000  -0.0000   0.5947 17+[10, 0, 8]
1331   61.986288   61.986288   0.00000000   0.00000000  -0.0000   0.6267 17+[12, 3, 9]
1332   63.847115   63.847115   0.00000000   0.00000000  -0.0000   0.6010 17+[10, 1, 9]
1333   67.068048   67.068048   0.00000000   0.00000000  -0.0000   0.3786 17+[18,10, 8]
1334   67.249901   67.249901   0.00000000   0.00000000  -0.0000   0.4063 17+[18, 9, 9]
1335   77.851992   77.851992   0.00000000   0.00000000  -0.0000   0.4197 17+[14, 6, 8]
1336   78.058585   78.058585   0.00000000   0.00000000  -0.0000   0.5189 17+[14, 6, 8]
1337   78.902672   78.902672   0.00000000   0.00000000  -0.0000   0.5638 17+[14, 5, 9]
1338   79.812817   79.812817   0.00000000   0.00000000  -0.0000   0.4223 17+[12, 2, 8]
1339    0.000000    0.000000   0.00000000   0.00000000  -0.0000   0.0000 17+[20, 0, 8]
1340    0.000000    0.000000   0.00000000   0.00000000  -0.0000   0.0000 17+[20, 0, 8]
1341    0.000000    0.000000   0.00000000   0.00000000  -0.0000   0.0000 17+[20, 0, 8]
1342    0.000000    0.000000   0.00000000   0.00000000  -0.0000   0.0000 17+[20, 0, 8]
1343    0.000000    0.000000   0.00000000   0.00000000  -0.0000   0.0000 17+[20, 0, 8]
1344    0.000000    0.000000   0.00000000   0.00000000  -0.0000   0.0000 17+[20, 0, 8]
1345    0.000000    0.000000   0.00000000   0.00000000  -0.0000   0.0000 17+[20, 0, 8]
1346    0.000000    0.000000   0.00000000   0.00000000  -0.0000   0.0000 17+[20, 0, 8]
1347    0.000000    0.000000   0.00000000   0.00000000  -0.0000   0.0000 17+[20, 0, 8]
1348    0.000000    0.000000   0.00000000   0.00000000  -0.0000   0.0000 17+[20, 0, 8]
1349    0.000000    0.000000   0.00000000   0.00000000  -0.0000   0.0000 17+[20, 0, 8]
1350    0.000000    0.000000   0.00000000   0.00000000  -0.0000   0.0000 17+[20, 0, 8]
1351    0.000000    0.000000   0.00000000   0.00000000  -0.0000   0.0000 17+[20, 0, 8]
1352    0.000000    0.000000   0.00000000   0.00000000  -0.0000   0.0000 17+[20, 0, 8]
1353    0.000000    0.000000   0.00000000   0.00000000  -0.0000   0.0000 17+[20, 0, 8]
1354    0.000000    0.000000   0.00000000   0.00000000  -0.0000   0.0000 17+[20, 0, 8]
1355    0.000000    0.000000   0.00000000   0.00000000  -0.0000   0.0000 17+[20, 0, 8]
1356    0.000000    0.000000   0.00000000   0.00000000  -0.0000   0.0000 17+[20, 0, 8]
1357    0.000000    0.000000   0.00000000   0.00000000  -0.0000   0.0000 17+[20, 0, 8]
1358    0.000000    0.000000   0.00000000   0.00000000  -0.0000   0.0000 17+[20, 0, 8]
1359    0.000000    0.000000   0.00000000   0.00000000  -0.0000   0.0000 17+[20, 0, 8]
1360    0.000000    0.000000   0.00000000   0.00000000  -0.0000   0.0000 17+[20, 0, 8]
1361    0.000000    0.000000   0.00000000   0.00000000  -0.0000   0.0000 17+[20, 0, 8]
1362    0.000000    0.000000   0.00000000   0.00000000  -0.0000   0.0000 17+[20, 0, 8]
1363    0.000000    0.000000   0.00000000   0.00000000  -0.0000   0.0000 17+[20, 0, 8]
1364    0.000000    0.000000   0.00000000   0.00000000  -0.0000   0.0000 17+[20, 0, 8]
1365    0.000000    0.000000   0.00000000   0.00000000  -0.0000   0.0000 17+[20, 0, 8]
1366   29.288885   29.288885   0.00000000   0.00000000  -0.0000   0.4205 17-[13, 1, 8]
1367   29.470207   29.470207   0.00000000   0.00000000  -0.0000   0.4788 17-[15, 0, 9]
1368   37.456133   37.456133   0.00000000   0.00000000  -0.0000   0.8834 17-[ 9, 1, 8]
1369   38.328879   38.328879   0.00000000   0.00000000  -0.0000   0.3310 17-[15, 5, 8]
1370   38.405147   38.405147   0.00000000   0.00000000  -0.0000   0.3816 17-[15, 2, 9]
1371   42.587560   42.587560   0.00000000   0.00000000  -0.0000   0.7581 17-[ 9, 0, 9]
1372   49.344306   49.344306   0.00000000   0.00000000  -0.0000   0.3607 17-[15, 7, 8]
1373   49.465013   49.465013   0.00000000   0.00000000  -0.0000   0.3402 17-[15, 6, 9]
1374   51.338769   51.338769   0.00000000   0.00000000  -0.0000   0.6679 17-[11, 1, 8]
1375   54.606819   54.606819   0.00000000   0.00000000  -0.0000   0.7521 17-[11, 3, 8]
1376   57.236699   57.236699   0.00000000   0.00000000  -0.0000   0.6958 17-[11, 2, 9]
1377   57.524885   57.524885   0.00000000   0.00000000  -0.0000   0.5282 17-[ 9, 0, 9]
1378   63.219339   63.219339   0.00000000   0.00000000  -0.0000   0.3978 17-[17, 9, 8]
1379   63.426067   63.426067   0.00000000   0.00000000  -0.0000   0.4146 17-[17, 8, 9]
1380   70.274372   70.274372   0.00000000   0.00000000  -0.0000   0.4644 17-[13, 3, 8]
1381   72.639852   72.639852   0.00000000   0.00000000  -0.0000   0.6008 17-[13, 5, 8]
1382   73.820098   73.820098   0.00000000   0.00000000  -0.0000   0.5069 17-[13, 1, 8]
1383   74.013180   74.013180   0.00000000   0.00000000  -0.0000   0.6276 17-[13, 4, 9]
1384   76.938718   76.938718   0.00000000   0.00000000  -0.0000   0.5036 17-[11, 2, 9]
1385    0.000000    0.000000   0.00000000   0.00000000  -0.0000   0.0000 17-[19, 1, 8]
1386    0.000000    0.000000   0.00000000   0.00000000  -0.0000   0.0000 17-[19, 1, 8]
1387    0.000000    0.000000   0.00000000   0.00000000  -0.0000   0.0000 17-[19, 1, 8]
1388    0.000000    0.000000   0.00000000   0.00000000  -0.0000   0.0000 17-[19, 1, 8]
1389    0.000000    0.000000   0.00000000   0.00000000  -0.0000   0.0000 17-[19, 1, 8]
1390    0.000000    0.000000   0.00000000   0.00000000  -0.0000   0.0000 17-[19, 1, 8]
1391    0.000000    0.000000   0.00000000   0.00000000  -0.0000   0.0000 17-[19, 1, 8]
1392    0.000000    0.000000   0.00000000   0.00000000  -0.0000   0.0000 17-[19, 1, 8]
1393    0.000000    0.000000   0.00000000   0.00000000  -0.0000   0.0000 17-[19, 1, 8]
1394    0.000000    0.000000   0.00000000   0.00000000  -0.0000   0.0000 17-[19, 1, 8]
1395    0.000000    0.000000   0.00000000   0.00000000  -0.0000   0.0000 17-[19, 1, 8]
1396    0.000000    0.000000   0.00000000   0.00000000  -0.0000   0.0000 17-[19, 1, 8]
1397    0.000000    0.000000   0.00000000   0.00000000  -0.0000   0.0000 17-[19, 1, 8]
1398    0.000000    0.000000   0.00000000   0.00000000  -0.0000   0.0000 17-[19, 1, 8]
1399    0.000000    0.000000   0.00000000   0.00000000  -0.0000   0.0000 17-[19, 1, 8]
1400    0.000000    0.000000   0.00000000   0.00000000  -0.0000   0.0000 17-[19, 1, 8]
1401    0.000000    0.000000   0.00000000   0.00000000  -0.0000   0.0000 17-[19, 1, 8]
1402    0.000000    0.000000   0.00000000   0.00000000  -0.0000   0.0000 17-[19, 1, 8]
1403    0.000000    0.000000   0.00000000   0.00000000  -0.0000   0.0000 17-[19, 1, 8]
1404    0.000000    0.000000   0.00000000   0.00000000  -0.0000   0.0000 17-[19, 1, 8]
1405    0.000000    0.000000   0.00000000   0.00000000  -0.0000   0.0000 17-[19, 1, 8]
1406    0.000000    0.000000   0.00000000   0.00000000  -0.0000   0.0000 17-[19, 1, 8]
1407    0.000000    0.000000   0.00000000   0.00000000  -0.0000   0.0000 17-[19, 1, 8]
1408   32.187384   32.187384   0.00000000   0.00000000  -0.0000   0.4396 19+[14, 1, 9]
1409   32.253063   32.253063   0.00000000   0.00000000  -0.0000   0.4922 19+[16, 0,10]
1410   41.457099   41.457099   0.00000000   0.00000000  -0.0000   0.3350 19+[16, 5, 9]
1411   41.509483   41.509483   0.00000000   0.00000000  -0.0000   0.3979 19+[16, 2,10]
1412   45.158075   45.158075   0.00000000   0.00000000  -0.0000   0.8477 19+[10, 1, 9]
1413   47.821924   47.821924   0.00000000   0.00000000  -0.0000   0.6938 19+[10, 0,10]
1414   52.819860   52.819860   0.00000000   0.00000000  -0.0000   0.3611 19+[16, 7, 9]
1415   52.920931   52.920931   0.00000000   0.00000000  -0.0000   0.3364 19+[18, 6,10]
1416   57.014399   57.014399   0.00000000   0.00000000  -0.0000   0.6283 19+[12, 1, 9]
1417   60.622073   60.622073   0.00000000   0.00000000  -0.0000   0.7091 19+[12, 3, 9]
1418   61.986288   61.986288   0.00000000   0.00000000  -0.0000   0.6727 19+[12, 2,10]
1419   63.847115   63.847115   0.00000000   0.00000000  -0.0000   0.6166 19+[10, 0,10]
1420   67.068048   67.068048   0.00000000   0.00000000  -0.0000   0.4070 19+[18, 9, 9]
1421   67.249901   67.249901   0.00000000   0.00000000  -0.0000   0.4167 19+[18, 8,10]
1422   77.851992   77.851992   0.00000000   0.00000000  -0.0000   0.4554 19+[14, 3, 9]
1423   78.058585   78.058585   0.00000000   0.00000000  -0.0000   0.5991 19+[14, 5, 9]
1424   78.902672   78.902672   0.00000000   0.00000000  -0.0000   0.6308 19+[14, 4,10]
1425   79.812817   79.812817   0.00000000   0.00000000  -0.0000   0.4969 19+[12, 1, 9]
1426    0.000000    0.000000   0.00000000   0.00000000  -0.0000   0.0000 19+[20, 1, 9]
1427    0.000000    0.000000   0.00000000   0.00000000  -0.0000   0.0000 19+[20, 1, 9]
1428    0.000000    0.000000   0.00000000   0.00000000  -0.0000   0.0000 19+[20, 1, 9]
1429    0.000000    0.000000   0.00000000   0.00000000  -0.0000   0.0000 19+[20, 1, 9]
1430    0.000000    0.000000   0.00000000   0.00000000  -0.0000   0.0000 19+[20, 1, 9]
1431    0.000000    0.000000   0.00000000   0.00000000  -0.0000   0.0000 19+[20, 1, 9]
1432    0.000000    0.000000   0.00000000   0.00000000  -0.0000   0.0000 19+[20, 1, 9]
1433    0.000000    0.000000   0.00000000   0.00000000  -0.0000   0.0000 19+[20, 1, 9]
1434    0.000000    0.000000   0.00000000   0.00000000  -0.0000   0.0000 19+[20, 1, 9]
1435    0.000000    0.000000   0.00000000   0.00000000  -0.0000   0.0000 19+[20, 1, 9]
1436    0.000000    0.000000   0.00000000   0.00000000  -0.0000   0.0000 19+[20, 1, 9]
1437    0.000000    0.000000   0.00000000   0.00000000  -0.0000   0.0000 19+[20, 1, 9]
1438    0.000000    0.000000   0.00000000   0.00000000  -0.0000   0.0000 19+[20, 1, 9]
1439    0.000000    0.000000   0.00000000   0.00000000  -0.0000   0.0000 19+[20, 1, 9]
1440    0.000000    0.000000   0.00000000   0.00000000  -0.0000   0.0000 19+[20, 1, 9]
1441    0.000000    0.000000   0.00000000   0.00000000  -0.0000   0.0000 19+[20, 1, 9]
1442    0.000000    0.000000   0.00000000   0.00000000  -0.0000   0.0000 19+[20, 1, 9]
1443    0.000000    0.000000   0.00000000   0.00000000  -0.0000   0.0000 19+[20, 1, 9]
1444    0.000000    0.000000   0.00000000   0.00000000  -0.0000   0.0000 19+[20, 1, 9]
1445    0.000000    0.000000   0.00000000   0.00000000  -0.0000   0.0000 19+[20, 1, 9]
1446    0.000000    0.000000   0.00000000   0.00000000  -0.0000   0.0000 19+[20, 1, 9]
1447    0.000000    0.000000   0.00000000   0.00000000  -0.0000   0.0000 19+[20, 1, 9]
1448    0.000000    0.000000   0.00000000   0.00000000  -0.0000   0.0000 19+[20, 1, 9]
1449    0.000000    0.000000   0.00000000   0.00000000  -0.0000   0.0000 19+[20, 1, 9]
1450   29.288885   29.288885   0.00000000   0.00000000  -0.0000   0.4818 19-[15, 0, 9]
1451   37.456133   37.456133   0.00000000   0.00000000  -0.0000   0.9076 19-[ 9, 0, 9]
1452   38.328879   38.328879   0.00000000   0.00000000  -0.0000   0.3883 19-[13, 2, 9]
1453   38.405147   38.405147   0.00000000   0.00000000  -0.0000   0.4876 19-[15, 1,10]
1454   49.344306   49.344306   0.00000000   0.00000000  -0.0000   0.3446 19-[15, 6, 9]
1455   49.465013   49.465013   0.00000000   0.00000000  -0.0000   0.3902 19-[15, 3,10]
1456   51.338769   51.338769   0.00000000   0.00000000  -0.0000   0.7233 19-[11, 0, 9]
1457   54.606819   54.606819   0.00000000   0.00000000  -0.0000   0.8123 19-[11, 2, 9]
1458   57.236699   57.236699   0.00000000   0.00000000  -0.0000   0.7305 19-[11, 1,10]
1459   63.219339   63.219339   0.00000000   0.00000000  -0.0000   0.4135 19-[17, 8, 9]
1460   63.426067   63.426067   0.00000000   0.00000000  -0.0000   0.4097 19-[17, 7,10]
1461   70.274372   70.274372   0.00000000   0.00000000  -0.0000   0.6028 19-[13, 2, 9]
1462   72.639852   72.639852   0.00000000   0.00000000  -0.0000   0.6792 19-[13, 4, 9]
1463   73.820098   73.820098   0.00000000   0.00000000  -0.0000   0.5758 19-[13, 0, 9]
1464   74.013180   74.013180   0.00000000   0.00000000  -0.0000   0.6881 19-[13, 3,10]
1465   76.938718   76.938718   0.00000000   0.00000000  -0.0000   0.5288 19-[11, 1,10]
1466    0.000000    0.000000   0.00000000   0.00000000  -0.0000   0.0000 19-[19, 0, 9]
1467    0.000000    0.000000   0.00000000   0.00000000  -0.0000   0.0000 19-[19, 0, 9]
1468    0.000000    0.000000   0.00000000   0.00000000  -0.0000   0.0000 19-[19, 0, 9]
1469    0.000000    0.000000   0.00000000   0.00000000  -0.0000   0.0000 19-[19, 0, 9]
1470    0.000000    0.000000   0.00000000   0.00000000  -0.0000   0.0000 19-[19, 0, 9]
1471    0.000000    0.000000   0.00000000   0.00000000  -0.0000   0.0000 19-[19, 0, 9]
1472    0.000000    0.000000   0.00000000   0.00000000  -0.0000   0.0000 19-[19, 0, 9]
1473    0.000000    0.000000   0.00000000   0.00000000  -0.0000   0.0000 19-[19, 0, 9]
1474    0.000000    0.000000   0.00000000   0.00000000  -0.0000   0.0000 19-[19, 0, 9]
1475    0.000000    0.000000   0.00000000   0.00000000  -0.0000   0.0000 19-[19, 0, 9]
1476    0.000000    0.000000   0.00000000   0.00000000  -0.0000   0.0000 19-[19, 0, 9]
1477    0.000000    0.000000   0.00000000   0.00000000  -0.0000   0.0000 19-[19, 0, 9]
1478    0.000000    0.000000   0.00000000   0.00000000  -0.0000   0.0000 19-[19, 0, 9]
1479    0.000000    0.000000   0.00000000   0.00000000  -0.0000   0.0000 19-[19, 0, 9]
1480    0.000000    0.000000   0.00000000   0.00000000  -0.0000   0.0000 19-[19, 0, 9]
1481    0.000000    0.000000   0.00000000   0.00000000  -0.0000   0.0000 19-[19, 0, 9]
1482    0.000000    0.000000   0.00000000   0.00000000  -0.0000   0.0000 19-[19, 0, 9]
1483    0.000000    0.000000   0.00000000   0.00000000  -0.0000   0.0000 19-[19, 0, 9]
1484    0.000000    0.000000   0.00000000   0.00000000  -0.0000   0.0000 19-[19, 0, 9]
1485    0.000000    0.000000   0.00000000   0.00000000  -0.0000   0.0000 19-[19, 0, 9]
1486   32.187384   32.187384   0.00000000   0.00000000  -0.0000   0.5016 21+[16, 0,10]
1487   41.457099   41.457099   0.00000000   0.00000000  -0.0000   0.4056 21+[16, 2,10]
1488   41.509483   41.509483   0.00000000   0.00000000  -0.0000   0.4975 21+[16, 1,11]
1489   45.158075   45.158075   0.00000000   0.00000000  -0.0000   0.8686 21+[10, 0,10]
1490   52.819860   52.819860   0.00000000   0.00000000  -0.0000   0.3412 21+[16, 6,10]
1491   52.920931   52.920931   0.00000000   0.00000000  -0.0000   0.4036 21+[16, 3,11]
1492   57.014399   57.014399   0.00000000   0.00000000  -0.0000   0.6752 21+[12, 0,10]
1493   60.622073   60.622073   0.00000000   0.00000000  -0.0000   0.7605 21+[12, 2,10]
1494   61.986288   61.986288   0.00000000   0.00000000  -0.0000   0.7033 21+[12, 1,11]
1495   67.068048   67.068048   0.00000000   0.00000000  -0.0000   0.4170 21+[18, 8,10]
1496   67.249901   67.249901   0.00000000   0.00000000  -0.0000   0.4126 21+[16, 5,11]
1497   77.851992   77.851992   0.00000000   0.00000000  -0.0000   0.5752 21+[14, 2,10]
1498   78.058585   78.058585   0.00000000   0.00000000  -0.0000   0.6699 21+[14, 4,10]
1499   78.902672   78.902672   0.00000000   0.00000000  -0.0000   0.6863 21+[14, 3,11]
1500   79.812817   79.812817   0.00000000   0.00000000  -0.0000   0.5567 21+[14, 0,10]
1501    0.000000    0.000000   0.00000000   0.00000000  -0.0000   0.0000 21+[20, 0,10]
1502    0.000000    0.000000   0.00000000   0.00000000  -0.0000   0.0000 21+[20, 0,10]
1503    0.000000    0.000000   0.00000000   0.00000000  -0.0000   0.0000 21+[20, 0,10]
1504    0.000000    0.000000   0.00000000   0.00000000  -0.0000   0.0000 21+[20, 0,10]
1505    0.000000    0.000000   0.00000000   0.00000000  -0.0000   0.0000 21+[20, 0,10]
1506    0.000000    0.000000   0.00000000   0.00000000  -0.0000   0.0000 21+[20, 0,10]
1507    0.000000    0.000000   0.00000000   0.00000000  -0.0000   0.0000 21+[20, 0,10]
1508    0.000000    0.000000   0.00000000   0.00000000  -0.0000   0.0000 21+[20, 0,10]
1509    0.000000    0.000000   0.00000000   0.00000000  -0.0000   0.0000 21+[20, 0,10]
1510    0.000000    0.000000   0.00000000   0.00000000  -0.0000   0.0000 21+[20, 0,10]
1511    0.000000    0.000000   0.00000000   0.00000000  -0.0000   0.0000 21+[20, 0,10]
1512    0.000000    0.000000   0.00000000   0.00000000  -0.0000   0.0000 21+[20, 0,10]
1513    0.000000    0.000000   0.00000000   0.00000000  -0.0000   0.0000 21+[20, 0,10]
1514    0.000000    0.000000   0.00000000   0.00000000  -0.0000   0.0000 21+[20, 0,10]
1515    0.000000    0.000000   0.00000000   0.00000000  -0.0000   0.0000 21+[20, 0,10]
1516    0.000000    0.000000   0.00000000   0.00000000  -0.0000   0.0000 21+[20, 0,10]
1517    0.000000    0.000000   0.00000000   0.00000000  -0.0000   0.0000 21+[20, 0,10]
1518    0.000000    0.000000   0.00000000   0.00000000  -0.0000   0.0000 21+[20, 0,10]
1519    0.000000    0.000000   0.00000000   0.00000000  -0.0000   0.0000 21+[20, 0,10]
1520    0.000000    0.000000   0.00000000   0.00000000  -0.0000   0.0000 21+[20, 0,10]
1521    0.000000    0.000000   0.00000000   0.00000000  -0.0000   0.0000 21+[20, 0,10]
1522   38.328879   38.328879   0.00000000   0.00000000  -0.0000   0.4955 21-[15, 1,10]
1523   38.405147   38.405147   0.00000000   0.00000000  -0.0000   0.5426 21-[15, 0,11]
1524   49.344306   49.344306   0.00000000   0.00000000  -0.0000   0.3948 21-[15, 3,10]
1525   49.465013   49.465013   0.00000000   0.00000000  -0.0000   0.4825 21-[15, 2,11]
1526   54.606819   54.606819   0.00000000   0.00000000  -0.0000   0.8520 21-[11, 1,10]
1527   57.236699   57.236699   0.00000000   0.00000000  -0.0000   0.7477 21-[11, 0,11]
1528   63.219339   63.219339   0.00000000   0.00000000  -0.0000   0.4212 21-[15, 5,10]
1529   63.426067   63.426067   0.00000000   0.00000000  -0.0000   0.4521 21-[15, 4,11]
1530   70.274372   70.274372   0.00000000   0.00000000  -0.0000   0.6980 21-[13, 1,10]
1531   72.639852   72.639852   0.00000000   0.00000000  -0.0000   0.7440 21-[13, 3,10]
1532   74.013180   74.013180   0.00000000   0.00000000  -0.0000   0.7342 21-[13, 2,11]
1533   76.938718   76.938718   0.00000000   0.00000000  -0.0000   0.5597 21-[13, 0,11]
1534    0.000000    0.000000   0.00000000   0.00000000  -0.0000   0.0000 21-[19, 1,10]
1535    0.000000    0.000000   0.00000000   0.00000000  -0.0000   0.0000 21-[19, 1,10]
1536    0.000000    0.000000   0.00000000   0.00000000  -0.0000   0.0000 21-[19, 1,10]
1537    0.000000    0.000000   0.00000000   0.00000000  -0.0000   0.0000 21-[19, 1,10]
1538    0.000000    0.000000   0.00000000   0.00000000  -0.0000   0.0000 21-[19, 1,10]
1539    0.000000    0.000000   0.00000000   0.00000000  -0.0000   0.0000 21-[19, 1,10]
1540    0.000000    0.000000   0.00000000   0.00000000  -0.0000   0.0000 21-[19, 1,10]
1541    0.000000    0.000000   0.00000000   0.00000000  -0.0000   0.0000 21-[19, 1,10]
1542    0.000000    0.000000   0.00000000   0.00000000  -0.0000   0.0000 21-[19, 1,10]
1543    0.000000    0.000000   0.00000000   0.00000000  -0.0000   0.0000 21-[19, 1,10]
1544    0.000000    0.000000   0.00000000   0.00000000  -0.0000   0.0000 21-[19, 1,10]
1545    0.000000    0.000000   0.00000000   0.00000000  -0.0000   0.0000 21-[19, 1,10]
1546    0.000000    0.000000   0.00000000   0.00000000  -0.0000   0.0000 21-[19, 1,10]
1547    0.000000    0.000000   0.00000000   0.00000000  -0.0000   0.0000 21-[19, 1,10]
1548    0.000000    0.000000   0.00000000   0.00000000  -0.0000   0.0000 21-[19, 1,10]
1549    0.000000    0.000000   0.00000000   0.00000000  -0.0000   0.0000 21-[19, 1,10]
1550    0.000000    0.000000   0.00000000   0.00000000  -0.0000   0.0000 21-[19, 1,10]
1551    0.000000    0.000000   0.00000000   0.00000000  -0.0000   0.0000 21-[19, 1,10]
1552   41.457099   41.457099   0.00000000   0.00000000  -0.0000   0.5066 23+[16, 1,11]
1553   41.509483   41.509483   0.00000000   0.00000000  -0.0000   0.5489 23+[16, 0,12]
1554   52.819860   52.819860   0.00000000   0.00000000  -0.0000   0.4105 23+[16, 3,11]
1555   52.920931   52.920931   0.00000000   0.00000000  -0.0000   0.4900 23+[16, 2,12]
1556   60.622073   60.622073   0.00000000   0.00000000  -0.0000   0.7943 23+[12, 1,11]
1557   61.986288   61.986288   0.00000000   0.00000000  -0.0000   0.7185 23+[12, 0,12]
1558   67.068048   67.068048   0.00000000   0.00000000  -0.0000   0.4232 23+[16, 5,11]
1559   67.249901   67.249901   0.00000000   0.00000000  -0.0000   0.4538 23+[16, 4,12]
1560   77.851992   77.851992   0.00000000   0.00000000  -0.0000   0.6574 23+[14, 1,11]
1561   78.058585   78.058585   0.00000000   0.00000000  -0.0000   0.7282 23+[14, 3,11]
1562   78.902672   78.902672   0.00000000   0.00000000  -0.0000   0.7285 23+[14, 2,12]
1563    0.000000    0.000000   0.00000000   0.00000000  -0.0000   0.0000 23+[20, 1,11]
1564    0.000000    0.000000   0.00000000   0.00000000  -0.0000   0.0000 23+[20, 1,11]
1565    0.000000    0.000000   0.00000000   0.00000000  -0.0000   0.0000 23+[20, 1,11]
1566    0.000000    0.000000   0.00000000   0.00000000  -0.0000   0.0000 23+[20, 1,11]
1567    0.000000    0.000000   0.00000000   0.00000000  -0.0000   0.0000 23+[20, 1,11]
1568    0.000000    0.000000   0.00000000   0.00000000  -0.0000   0.0000 23+[20, 1,11]
1569    0.000000    0.000000   0.00000000   0.00000000  -0.0000   0.0000 23+[20, 1,11]
1570    0.000000    0.000000   0.00000000   0.00000000  -0.0000   0.0000 23+[20, 1,11]
1571    0.000000    0.000000   0.00000000   0.00000000  -0.0000   0.0000 23+[20, 1,11]
1572    0.000000    0.000000   0.00000000   0.00000000  -0.0000   0.0000 23+[20, 1,11]
1573    0.000000    0.000000   0.00000000   0.00000000  -0.0000   0.0000 23+[20, 1,11]
1574    0.000000    0.000000   0.00000000   0.00000000  -0.0000   0.0000 23+[20, 1,11]
1575    0.000000    0.000000   0.00000000   0.00000000  -0.0000   0.0000 23+[20, 1,11]
1576    0.000000    0.000000   0.00000000   0.00000000  -0.0000   0.0000 23+[20, 1,11]
1577    0.000000    0.000000   0.00000000   0.00000000  -0.0000   0.0000 23+[20, 1,11]
1578    0.000000    0.000000   0.00000000   0.00000000  -0.0000   0.0000 23+[20, 1,11]
1579    0.000000    0.000000   0.00000000   0.00000000  -0.0000   0.0000 23+[20, 1,11]
1580    0.000000    0.000000   0.00000000   0.00000000  -0.0000   0.0000 23+[20, 1,11]
1581    0.000000    0.000000   0.00000000   0.00000000  -0.0000   0.0000 23+[20, 1,11]
1582   38.328879   38.328879   0.00000000   0.00000000  -0.0000   0.5507 23-[15, 0,11]
1583   49.344306   49.344306   0.00000000   0.00000000  -0.0000   0.4877 23-[15, 2,11]
1584   49.465013   49.465013   0.00000000   0.00000000  -0.0000   0.5459 23-[15, 1,12]
1585   54.606819   54.606819   0.00000000   0.00000000  -0.0000   0.8711 23-[11, 0,11]
1586   63.219339   63.219339   0.00000000   0.00000000  -0.0000   0.4666 23-[15, 4,11]
1587   63.426067   63.426067   0.00000000   0.00000000  -0.0000   0.4887 23-[15, 3,12]
1588   70.274372   70.274372   0.00000000   0.00000000  -0.0000   0.7454 23-[13, 0,11]
1589   72.639852   72.639852   0.00000000   0.00000000  -0.0000   0.7931 23-[13, 2,11]
1590   74.013180   74.013180   0.00000000   0.00000000  -0.0000   0.7648 23-[13, 1,12]
1591    0.000000    0.000000   0.00000000   0.00000000  -0.0000   0.0000 23-[19, 0,11]
1592    0.000000    0.000000   0.00000000   0.00000000  -0.0000   0.0000 23-[19, 0,11]
1593    0.000000    0.000000   0.00000000   0.00000000  -0.0000   0.0000 23-[19, 0,11]
1594    0.000000    0.000000   0.00000000   0.00000000  -0.0000   0.0000 23-[19, 0,11]
1595    0.000000    0.000000   0.00000000   0.00000000  -0.0000   0.0000 23-[19, 0,11]
1596    0.000000    0.000000   0.00000000   0.00000000  -0.0000   0.0000 23-[19, 0,11]
1597    0.000000    0.000000   0.00000000   0.00000000  -0.0000   0.0000 23-[19, 0,11]
1598    0.000000    0.000000   0.00000000   0.00000000  -0.0000   0.0000 23-[19, 0,11]
1599    0.000000    0.000000   0.00000000   0.00000000  -0.0000   0.0000 23-[19, 0,11]
1600    0.000000    0.000000   0.00000000   0.00000000  -0.0000   0.0000 23-[19, 0,11]
1601    0.000000    0.000000   0.00000000   0.00000000  -0.0000   0.0000 23-[19, 0,11]
1602    0.000000    0.000000   0.00000000   0.00000000  -0.0000   0.0000 23-[19, 0,11]
1603    0.000000    0.000000   0.00000000   0.00000000  -0.0000   0.0000 23-[19, 0,11]
1604    0.000000    0.000000   0.00000000   0.00000000  -0.0000   0.0000 23-[19, 0,11]
1605    0.000000    0.000000   0.00000000   0.00000000  -0.0000   0.0000 23-[19, 0,11]
1606    0.000000    0.000000   0.00000000   0.00000000  -0.0000   0.0000 23-[19, 0,11]
1607   41.457099   41.457099   0.00000000   0.00000000  -0.0000   0.5585 25+[16, 0,12]
1608   52.819860   52.819860   0.00000000   0.00000000  -0.0000   0.4980 25+[16, 2,12]
1609   52.920931   52.920931   0.00000000   0.00000000  -0.0000   0.5492 25+[16, 1,13]
1610   60.622073   60.622073   0.00000000   0.00000000  -0.0000   0.8107 25+[12, 0,12]
1611   67.068048   67.068048   0.00000000   0.00000000  -0.0000   0.4652 25+[16, 4,12]
1612   67.249901   67.249901   0.00000000   0.00000000  -0.0000   0.4965 25+[18, 3,13]
1613   77.851992   77.851992   0.00000000   0.00000000  -0.0000   0.6984 25+[14, 0,12]
1614   78.058585   78.058585   0.00000000   0.00000000  -0.0000   0.7724 25+[14, 2,12]
1615   78.902672   78.902672   0.00000000   0.00000000  -0.0000   0.7565 25+[14, 1,13]
1616    0.000000    0.000000   0.00000000   0.00000000  -0.0000   0.0000 25+[20, 0,12]
1617    0.000000    0.000000   0.00000000   0.00000000  -0.0000   0.0000 25+[20, 0,12]
1618    0.000000    0.000000   0.00000000   0.00000000  -0.0000   0.0000 25+[20, 0,12]
1619    0.000000    0.000000   0.00000000   0.00000000  -0.0000   0.0000 25+[20, 0,12]
1620    0.000000    0.000000   0.00000000   0.00000000  -0.0000   0.0000 25+[20, 0,12]
1621    0.000000    0.000000   0.00000000   0.00000000  -0.0000   0.0000 25+[20, 0,12]
1622    0.000000    0.000000   0.00000000   0.00000000  -0.0000   0.0000 25+[20, 0,12]
1623    0.000000    0.000000   0.00000000   0.00000000  -0.0000   0.0000 25+[20, 0,12]
1624    0.000000    0.000000   0.00000000   0.00000000  -0.0000   0.0000 25+[20, 0,12]
1625    0.000000    0.000000   0.00000000   0.00000000  -0.0000   0.0000 25+[20, 0,12]
1626    0.000000    0.000000   0.00000000   0.00000000  -0.0000   0.0000 25+[20, 0,12]
1627    0.000000    0.000000   0.00000000   0.00000000  -0.0000   0.0000 25+[20, 0,12]
1628    0.000000    0.000000   0.00000000   0.00000000  -0.0000   0.0000 25+[20, 0,12]
1629    0.000000    0.000000   0.00000000   0.00000000  -0.0000   0.0000 25+[20, 0,12]
1630    0.000000    0.000000   0.00000000   0.00000000  -0.0000   0.0000 25+[20, 0,12]
1631    0.000000    0.000000   0.00000000   0.00000000  -0.0000   0.0000 25+[20, 0,12]
1632   49.344306   49.344306   0.00000000   0.00000000  -0.0000   0.5514 25-[15, 1,12]
1633   49.465013   49.465013   0.00000000   0.00000000  -0.0000   0.5777 25-[15, 0,13]
1634   63.219339   63.219339   0.00000000   0.00000000  -0.0000   0.5040 25-[15, 3,12]
1635   63.426067   63.426067   0.00000000   0.00000000  -0.0000   0.5777 25-[17, 2,13]
1636   72.639852   72.639852   0.00000000   0.00000000  -0.0000   0.8255 25-[13, 1,12]
1637   74.013180   74.013180   0.00000000   0.00000000  -0.0000   0.7799 25-[13, 0,13]
1638    0.000000    0.000000   0.00000000   0.00000000  -0.0000   0.0000 25-[19, 1,12]
1639    0.000000    0.000000   0.00000000   0.00000000  -0.0000   0.0000 25-[19, 1,12]
1640    0.000000    0.000000   0.00000000   0.00000000  -0.0000   0.0000 25-[19, 1,12]
1641    0.000000    0.000000   0.00000000   0.00000000  -0.0000   0.0000 25-[19, 1,12]
1642    0.000000    0.000000   0.00000000   0.00000000  -0.0000   0.0000 25-[19, 1,12]
1643    0.000000    0.000000   0.00000000   0.00000000  -0.0000   0.0000 25-[19, 1,12]
1644    0.000000    0.000000   0.00000000   0.00000000  -0.0000   0.0000 25-[19, 1,12]
1645    0.000000    0.000000   0.00000000   0.00000000  -0.0000   0.0000 25-[19, 1,12]
1646    0.000000    0.000000   0.00000000   0.00000000  -0.0000   0.0000 25-[19, 1,12]
1647    0.000000    0.000000   0.00000000   0.00000000  -0.0000   0.0000 25-[19, 1,12]
1648    0.000000    0.000000   0.00000000   0.00000000  -0.0000   0.0000 25-[19, 1,12]
1649    0.000000    0.000000   0.00000000   0.00000000  -0.0000   0.0000 25-[19, 1,12]
1650    0.000000    0.000000   0.00000000   0.00000000  -0.0000   0.0000 25-[19, 1,12]
1651    0.000000    0.000000   0.00000000   0.00000000  -0.0000   0.0000 25-[19, 1,12]
1652   52.819860   52.819860   0.00000000   0.00000000  -0.0000   0.5578 27+[16, 1,13]
1653   52.920931   52.920931   0.00000000   0.00000000  -0.0000   0.5789 27+[16, 0,14]
1654   67.068048   67.068048   0.00000000   0.00000000  -0.0000   0.4997 27+[16, 3,13]
1655   67.249901   67.249901   0.00000000   0.00000000  -0.0000   0.5858 27+[18, 2,14]
1656   78.058585   78.058585   0.00000000   0.00000000  -0.0000   0.8015 27+[14, 1,13]
1657   78.902672   78.902672   0.00000000   0.00000000  -0.0000   0.7704 27+[14, 0,14]
1658    0.000000    0.000000   0.00000000   0.00000000  -0.0000   0.0000 27+[20, 1,13]
1659    0.000000    0.000000   0.00000000   0.00000000  -0.0000   0.0000 27+[20, 1,13]
1660    0.000000    0.000000   0.00000000   0.00000000  -0.0000   0.0000 27+[20, 1,13]
1661    0.000000    0.000000   0.00000000   0.00000000  -0.0000   0.0000 27+[20, 1,13]
1662    0.000000    0.000000   0.00000000   0.00000000  -0.0000   0.0000 27+[20, 1,13]
1663    0.000000    0.000000   0.00000000   0.00000000  -0.0000   0.0000 27+[20, 1,13]
1664    0.000000    0.000000   0.00000000   0.00000000  -0.0000   0.0000 27+[20, 1,13]
1665    0.000000    0.000000   0.00000000   0.00000000  -0.0000   0.0000 27+[20, 1,13]
1666    0.000000    0.000000   0.00000000   0.00000000  -0.0000   0.0000 27+[20, 1,13]
1667    0.000000    0.000000   0.00000000   0.00000000  -0.0000   0.0000 27+[20, 1,13]
1668    0.000000    0.000000   0.00000000   0.00000000  -0.0000   0.0000 27+[20, 1,13]
1669    0.000000    0.000000   0.00000000   0.00000000  -0.0000   0.0000 27+[20, 1,13]
1670    0.000000    0.000000   0.00000000   0.00000000  -0.0000   0.0000 27+[20, 1,13]
1671    0.000000    0.000000   0.00000000   0.00000000  -0.0000   0.0000 27+[20, 1,13]
1672   49.344306   49.344306   0.00000000   0.00000000  -0.0000   0.5831 27-[15, 0,13]
1673   63.219339   63.219339   0.00000000   0.00000000  -0.0000   0.5745 27-[17, 2,13]
1674   63.426067   63.426067   0.00000000   0.00000000  -0.0000   0.6423 27-[17, 1,14]
1675   72.639852   72.639852   0.00000000   0.00000000  -0.0000   0.8412 27-[13, 0,13]
1676    0.000000    0.000000   0.00000000   0.00000000  -0.0000   0.0000 27-[19, 0,13]
1677    0.000000    0.000000   0.00000000   0.00000000  -0.0000   0.0000 27-[19, 0,13]
1678    0.000000    0.000000   0.00000000   0.00000000  -0.0000   0.0000 27-[19, 0,13]
1679    0.000000    0.000000   0.00000000   0.00000000  -0.0000   0.0000 27-[19, 0,13]
1680    0.000000    0.000000   0.00000000   0.00000000  -0.0000   0.0000 27-[19, 0,13]
1681    0.000000    0.000000   0.00000000   0.00000000  -0.0000   0.0000 27-[19, 0,13]
1682    0.000000    0.000000   0.00000000   0.00000000  -0.0000   0.0000 27-[19, 0,13]
1683    0.000000    0.000000   0.00000000   0.00000000  -0.0000   0.0000 27-[19, 0,13]
1684    0.000000    0.000000   0.00000000   0.00000000  -0.0000   0.0000 27-[19, 0,13]
1685    0.000000    0.000000   0.00000000   0.00000000  -0.0000   0.0000 27-[19, 0,13]
1686    0.000000    0.000000   0.00000000   0.00000000  -0.0000   0.0000 27-[19, 0,13]
1687    0.000000    0.000000   0.00000000   0.00000000  -0.0000   0.0000 27-[19, 0,13]
1688   52.819860   52.819860   0.00000000   0.00000000  -0.0000   0.5876 29+[16, 0,14]
1689   67.068048   67.068048   0.00000000   0.00000000  -0.0000   0.5849 29+[18, 2,14]
1690   67.249901   67.249901   0.00000000   0.00000000  -0.0000   0.6467 29+[18, 1,15]
1691   78.058585   78.058585   0.00000000   0.00000000  -0.0000   0.8157 29+[14, 0,14]
1692    0.000000    0.000000   0.00000000   0.00000000  -0.0000   0.0000 29+[20, 0,14]
1693    0.000000    0.000000   0.00000000   0.00000000  -0.0000   0.0000 29+[20, 0,14]
1694    0.000000    0.000000   0.00000000   0.00000000  -0.0000   0.0000 29+[20, 0,14]
1695    0.000000    0.000000   0.00000000   0.00000000  -0.0000   0.0000 29+[20, 0,14]
1696    0.000000    0.000000   0.00000000   0.00000000  -0.0000   0.0000 29+[20, 0,14]
1697    0.000000    0.000000   0.00000000   0.00000000  -0.0000   0.0000 29+[20, 0,14]
1698    0.000000    0.000000   0.00000000   0.00000000  -0.0000   0.0000 29+[20, 0,14]
1699    0.000000    0.000000   0.00000000   0.00000000  -0.0000   0.0000 29+[20, 0,14]
1700    0.000000    0.000000   0.00000000   0.00000000  -0.0000   0.0000 29+[20, 0,14]
1701    0.000000    0.000000   0.00000000   0.00000000  -0.0000   0.0000 29+[20, 0,14]
1702    0.000000    0.000000   0.00000000   0.00000000  -0.0000   0.0000 29+[20, 0,14]
1703    0.000000    0.000000   0.00000000   0.00000000  -0.0000   0.0000 29+[20, 0,14]
1704   63.219339   63.219339   0.00000000   0.00000000  -0.0000   0.6383 29-[17, 1,14]
1705   63.426067   63.426067   0.00000000   0.00000000  -0.0000   0.6747 29-[17, 0,15]
1706    0.000000    0.000000   0.00000000   0.00000000  -0.0000   0.0000 29-[19, 1,14]
1707    0.000000    0.000000   0.00000000   0.00000000  -0.0000   0.0000 29-[19, 1,14]
1708    0.000000    0.000000   0.00000000   0.00000000  -0.0000   0.0000 29-[19, 1,14]
1709    0.000000    0.000000   0.00000000   0.00000000  -0.0000   0.0000 29-[19, 1,14]
1710    0.000000    0.000000   0.00000000   0.00000000  -0.0000   0.0000 29-[19, 1,14]
1711    0.000000    0.000000   0.00000000   0.00000000  -0.0000   0.0000 29-[19, 1,14]
1712    0.000000    0.000000   0.00000000   0.00000000  -0.0000   0.0000 29-[19, 1,14]
1713    0.000000    0.000000   0.00000000   0.00000000  -0.0000   0.0000 29-[19, 1,14]
1714    0.000000    0.000000   0.00000000   0.00000000  -0.0000   0.0000 29-[19, 1,14]
1715    0.000000    0.000000   0.00000000   0.00000000  -0.0000   0.0000 29-[19, 1,14]
1716   67.068048   67.068048   0.00000000   0.00000000  -0.0000   0.6454 31+[18, 1,15]
1717   67.249901   67.249901   0.00000000   0.00000000  -0.0000   0.6773 31+[18, 0,16]
1718    0.000000    0.000000   0.00000000   0.00000000  -0.0000   0.0000 31+[20, 1,15]
1719    0.000000    0.000000   0.00000000   0.00000000  -0.0000   0.0000 31+[20, 1,15]
1720    0.000000    0.000000   0.00000000   0.00000000  -0.0000   0.0000 31+[20, 1,15]
1721    0.000000    0.000000   0.00000000   0.00000000  -0.0000   0.0000 31+[20, 1,15]
1722    0.000000    0.000000   0.00000000   0.00000000  -0.0000   0.0000 31+[20, 1,15]
1723    0.000000    0.000000   0.00000000   0.00000000  -0.0000   0.0000 31+[20, 1,15]
1724    0.000000    0.000000   0.00000000   0.00000000  -0.0000   0.0000 31+[20, 1,15]
1725    0.000000    0.000000   0.00000000   0.00000000  -0.0000   0.0000 31+[20, 1,15]
1726    0.000000    0.000000   0.00000000   0.00000000  -0.0000   0.0000 31+[20, 1,15]
1727    0.000000    0.000000   0.00000000   0.00000000  -0.0000   0.0000 31+[20, 1,15]
1728   63.219339   63.219339   0.00000000   0.00000000  -0.0000   0.6701 31-[17, 0,15]
1729    0.000000    0.000000   0.00000000   0.00000000  -0.0000   0.0000 31-[19, 0,15]
1730    0.000000    0.000000   0.00000000   0.00000000  -0.0000   0.0000 31-[19, 0,15]
1731    0.000000    0.000000   0.00000000   0.00000000  -0.0000   0.0000 31-[19, 0,15]
1732    0.000000    0.000000   0.00000000   0.00000000  -0.0000   0.0000 31-[19, 0,15]
1733    0.000000    0.000000   0.00000000   0.00000000  -0.0000   0.0000 31-[19, 0,15]
1734    0.000000    0.000000   0.00000000   0.00000000  -0.0000   0.0000 31-[19, 0,15]
1735    0.000000    0.000000   0.00000000   0.00000000  -0.0000   0.0000 31-[19, 0,15]
1736    0.000000    0.000000   0.00000000   0.00000000  -0.0000   0.0000 31-[19, 0,15]
1737   67.068048   67.068048   0.00000000   0.00000000  -0.0000   0.6755 33+[18, 0,16]
1738    0.000000    0.000000   0.00000000   0.00000000  -0.0000   0.0000 33+[20, 0,16]
1739    0.000000    0.000000   0.00000000   0.00000000  -0.0000   0.0000 33+[20, 0,16]
1740    0.000000    0.000000   0.00000000   0.00000000  -0.0000   0.0000 33+[20, 0,16]
1741    0.000000    0.000000   0.00000000   0.00000000  -0.0000   0.0000 33+[20, 0,16]
1742    0.000000    0.000000   0.00000000   0.00000000  -0.0000   0.0000 33+[20, 0,16]
1743    0.000000    0.000000   0.00000000   0.00000000  -0.0000   0.0000 33+[20, 0,16]
1744    0.000000    0.000000   0.00000000   0.00000000  -0.0000   0.0000 33+[20, 0,16]
1745    0.000000    0.000000   0.00000000   0.00000000  -0.0000   0.0000 33+[20, 0,16]
  Sum canonical e_v*V^2_k=  -1125.7900619968034     

  NB! From expect (UNPROJECTED RESULTS)

  pairing: CpV0,CpV1,...        -370.200000    -370.200000       0.500000       0.500000
  forces:   SLY4                          


                             neutrons         protons         total
  Requested part.numbs.      70.000000      50.000000     120.000000
  UnPj(av) part.numbs .      70.000000      50.000000     120.000000
  b0, bz, bp ..........       2.039014       2.039014       2.039014

  lambda (ala) ........      -8.024667      -8.240325
  Lambda (alast) ......      -8.024667     -11.139747
  delta(n,p), pwi .....       1.261683      -0.000000      80.000000
  pairing energy ......     -11.920339      -0.000000     -11.920339

  rms-radius ..........       4.727943       4.592537       4.672001
  charge-radius, r0 ...                      4.661636       5.918909
  deformation beta2....       0.000000       0.000000       0.000000
  dipole moment[fm] ...       0.000000       0.000000       0.000000
  quadrupole moment[b]        0.000000       0.000000       0.000000
  octupole moment .....       0.000000       0.000000       0.000000
  hexadecapole moment .      -0.000000      -0.000000      -0.000000
  q5 ..................       0.000000       0.000000       0.000000
  q6 ..................       0.000000       0.000000       0.000000
  q7 ..................       0.000000       0.000000       0.000000
  q8 ..................      -0.000000      -0.000000      -0.000000

  <Jx^2> from rho .....      24.859713      -0.000000      24.859713
  <Jx^2> from kappa ...     -24.791204      -0.000000     -24.791204
  <J^2> = 2*<Jx^2> ....       0.137018      -0.000000       0.137018

  kinetic energy ......    1340.946409     831.179076    2172.125485
  volume energy .......                                 -3702.311088
        rho_tau .......                                   715.633193
        rho_rho .......                                 -4417.944281
  surface energy ......                                   224.971673
   rho_DELTA_rho ......                                   224.971673
   (NABLA_rho)^2 ......                                     0.000000
  spin-orbit energy ...                                   -48.774165
        rho_NABLA_J ...                                   -48.774165
        NABLA_rho_J ...                                     0.000000
  coulomb energy ......                                   347.475073
          direct ......                                   366.582795
          exchange ....                                   -19.107722
          pairing .....                                     0.000000
  tensor energy .......                                     0.000000
  direct Hartree E  ...                                     0.000000
  Extra E .............                                     0.000000
  External field E ....                                     0.000000
  Entropy .............       0.000000       0.000000       0.000000

  tEnergy: ehfb (qp)...                                 -1018.433362

  Calculated but not added corrections
  ====================================
  cmc-diagonal part ...      11.268457       6.984698      18.253155
  cmc-hfb .............       0.000000       0.000000       0.000000
  cranking rot corr ...       0.000000       0.000000       0.000000

  SQUJ ................       0.000000       0.000000       0.000000
  CRAN x 4 ............       0.000000       0.000000       0.000000
  Rigit Body ..........       0.000000       0.000000       0.000000


   Blocking candidates are:
   neutron eqpmin=   1.1731542247563100       pwiblo=   1.0000000000000000     
    num=   1 block=   3 state=   1   149 Eqp=   1.17315422  (1-2N)E=  -0.45461445  overl=   0.64859844  3+[ 4, 0, 2]
    num=   2 block=   1 state=   1     1 Eqp=   1.17315423  (1-2N)E=  -0.45461448  overl=   0.45862836  1+[ 4, 1, 1]
    num=   3 block=   1 state=   2     2 Eqp=   1.40265216  (1-2N)E=  -0.94709116  overl=   0.60683938  1+[ 4, 0, 0]
    num=   4 block=   2 state=   1    75 Eqp=   1.65107428  (1-2N)E=   1.04255258  overl=   0.52250130  1-[ 5, 3, 0]
    num=   5 block=   4 state=   1   215 Eqp=   1.65107428  (1-2N)E=   1.04255258  overl=   0.53540451  3-[ 5, 2, 1]
    num=   6 block=   6 state=   1   340 Eqp=   1.65107428  (1-2N)E=   1.04255259  overl=   0.61823187  5-[ 5, 3, 2]
    num=   7 block=   8 state=   1   450 Eqp=   1.65107429  (1-2N)E=   1.04255259  overl=   0.75717632  7-[ 5, 2, 3]
    num=   8 block=  10 state=   1   547 Eqp=   1.65107429  (1-2N)E=   1.04255260  overl=   0.84654886  9-[ 5, 1, 4]
    num=   9 block=  12 state=   1   631 Eqp=   1.65107432  (1-2N)E=   1.04255262  overl=   0.88786793 11-[ 5, 0, 5]

   Blocking candidates are:
   proton  eqpmin=   2.8994216727567417       pwiblo=   1.0000000000000000     
    num=   1 block=   9 state=   1   455 Eqp=   2.89942167  (1-2N)E=  -2.89942167  overl=   0.97363666  9+[ 4, 0, 4]
    num=   2 block=   7 state=   1   362 Eqp=   2.89942170  (1-2N)E=  -2.89942170  overl=   0.91795345  7+[ 4, 1, 3]
    num=   3 block=   5 state=   1   256 Eqp=   2.89942170  (1-2N)E=  -2.89942170  overl=   0.79497101  5+[ 4, 2, 2]
    num=   4 block=   3 state=   1   136 Eqp=   2.89942171  (1-2N)E=  -2.89942171  overl=   0.60094160  3+[ 4, 3, 1]
    num=   5 block=   1 state=   1     1 Eqp=   2.89942171  (1-2N)E=  -2.89942171  overl=   0.60094160  1+[ 4, 2, 0]
    num=   6 block=   1 state=   2     2 Eqp=   3.07778456  (1-2N)E=   3.07778456  overl=   0.53153777  1+[ 4, 4, 0]
    num=   7 block=   3 state=   2   137 Eqp=   3.07778456  (1-2N)E=   3.07778456  overl=   0.61376695  3+[ 4, 1, 1]
    num=   8 block=   5 state=   2   257 Eqp=   3.07778459  (1-2N)E=   3.07778459  overl=   0.84043500  5+[ 4, 0, 2]
    num=   9 block=   1 state=   3     3 Eqp=   3.81648812  (1-2N)E=   3.81648812  overl=   0.55220534  1+[ 4, 3, 1]
    num=  10 block=   3 state=   3   138 Eqp=   3.81648812  (1-2N)E=   3.81648812  overl=   0.74086120  3+[ 4, 2, 2]
    num=  11 block=   5 state=   3   258 Eqp=   3.81648813  (1-2N)E=   3.81648813  overl=   0.86433807  5+[ 4, 1, 3]
    num=  12 block=   7 state=   2   363 Eqp=   3.81648816  (1-2N)E=   3.81648816  overl=   0.92401626  7+[ 4, 0, 4]



 HFBTHO_SOLVER ended without errors

