                                                                                
 INPUT FILE: OE_DATA                                                            
                                                                                
******************** DATA                                                       
                                                                                
 PARTICLE NUMBERS (N,Z,A):  95  70 165        CORE (N,Z):  40  20               
 DEFORMATION PARAMETERS: EPS2 =  0.242        EPS4 =  0.000                     
 LIMIT OF QP STATES: NMAX =  12   20   32     (1N, 2P, 1NX2P)                   
 WINDOWS TO K AND E: KMAX = 13/2  10  17/2    EMAX =  2.70  3.40  4.20          
 SINGLE-PARTICLE SPACE NEUTRONS: 3 SHELLS  4  5  6  INTRUDER 6 LEVELS 28        
                        PROTONS: 3 SHELLS  3  4  5  INTRUDER 5 LEVELS 21        
 RANGE OF 2*SPIN: JINI, JFIN, JDIF =   1  59   2    JOTMAX = 30                 
 PAIRING: G1, G2 =  20.12  13.13     G(QUADRUPOLE) = 0.16*G(MONOPOLE)           
 BETA-MESH: NDEG = 40   A RULE OF THUMB:  NDEG .GT. 1.3*JFIN/2                  
 LS FORCE: LSF = 1   1 FOR NILSSON ET AL AND 2 FOR ZHANG ET AL                  
 EFFECTIVE CHARGE: DELE = 0.50                                                  
                                                                                
                                                                                
******************** NILBCS                                                     
                                                                                
 LS FORCE: NILSSON ET AL                                                        
 NEUTRON SHELL, KAPPA AND MU:   4   0.06367   0.41190                           
 NEUTRON SHELL, KAPPA AND MU:   5   0.06367   0.41190                           
 NEUTRON SHELL, KAPPA AND MU:   6   0.06367   0.41190                           
                                                                                
 BCS: IT = 1  LAMBDA = 51.5870  DELTA =  0.7351  N (SUM 2.0*V(I)**2) = 55.0000  
                                                                                
 LS FORCE: NILSSON ET AL                                                        
 PROTON  SHELL, KAPPA AND MU:   3   0.06319   0.60420                           
 PROTON  SHELL, KAPPA AND MU:   4   0.06319   0.60420                           
 PROTON  SHELL, KAPPA AND MU:   5   0.06319   0.60420                           
                                                                                
 BCS: IT = 2  LAMBDA = 42.3235  DELTA =  0.7312  N (SUM 2.0*V(I)**2) = 50.0000  
                                                                                
******************** INTERA                                                     
                                                                                
  QUAD =  0.324439E-03    X_Q =  0.206584E-01  0.168531E-01  0.186590E-01       
   G_M =  0.109882E+00  0.133996E+00    G_Q =  0.175812E-01  0.214394E-01       
   Q_0 =  0.394858E+02  0.252781E+02    P_0 =  0.337528E+01 -0.552988E+00       
  XQ*Q =  0.128738E+01  0.116278E+01   GQ*P =  0.593414E-01 -0.118557E-01       
  W_HO =  0.797961E+01  0.720731E+01   B_HO =  0.227963E+01  0.239866E+01       
  EHFB = -0.574574E+03   Q_CL =  0.320757E+03   DELE = 0.50                     
                                                                                
******************** BASE10                                                     
                                                                                
  SINGLE-PARTICLE BASIS                                                         
  ~~~~~~~~~~~~~~~~~~~~~                                                         
                                                                                
 NO. 2*K ENERGY OF NILSSON LEVELS: 3 NEUTRON- AND 3 PROTON-SHELLS               
 --- --- ------                                                                 
          N=4         N=5         N=6         N=3         N=4         N=5       
  1    1 37.922    1 44.184    1 50.267    1 28.361    1 33.955    1 39.305     
  2   -3 38.688   -3 44.773   -3 50.731   -3 29.167   -3 34.549   -3 39.760     
  3    5 39.895    5 45.780    5 51.574    5 30.423    5 35.569    5 40.592     
  4   -7 41.421   -7 47.105   -7 52.722    1 31.362   -7 36.912   -7 41.734     
  5    1 41.610    1 48.590    9 54.127   -7 32.000    1 37.667    9 43.136     
  6    1 43.049    9 48.686    1 55.513   -3 33.036    9 38.517    1 43.947     
  7    9 43.197    1 49.726  -11 55.750    1 33.216   -3 38.904  -11 44.760     
  8   -3 43.382   -3 50.015    1 56.503    5 35.000    1 39.127   -3 44.790     
  9   -3 44.863  -11 50.485   -3 56.616   -3 35.369    5 40.538    1 45.129     
 10    5 45.388   -3 51.204   13 57.565    1 36.395   -3 40.923    5 46.105     
 11    1 46.202    5 51.767   -3 57.638    0  0.000    1 42.258   -3 46.549     
 12    5 46.976    1 52.825    5 58.131    0  0.000   -7 42.449   -7 47.737     
 13   -7 47.584    5 53.024    5 59.157    0  0.000    5 43.013    5 48.331     
 14    1 48.968   -7 53.743    1 59.636    0  0.000   -3 45.019    1 48.383     
 15   -3 49.171   -7 55.114   -7 59.903    0  0.000    1 45.204    9 49.616     
 16    0  0.000    1 55.330   -7 60.976    0  0.000    0  0.000   -7 50.376     
 17    0  0.000   -3 55.571    1 61.844    0  0.000    0  0.000   -3 50.798     
 18    0  0.000    9 55.902    9 61.871    0  0.000    0  0.000    1 50.988     
 19    0  0.000   -3 57.970   -3 62.103    0  0.000    0  0.000    5 53.336     
 20    0  0.000    5 58.364    9 63.043    0  0.000    0  0.000   -3 53.712     
 21    0  0.000    1 59.058  -11 64.007    0  0.000    0  0.000    1 54.714     
 22    0  0.000    0  0.000   -3 64.208    0  0.000    0  0.000    0  0.000     
 23    0  0.000    0  0.000    5 64.659    0  0.000    0  0.000    0  0.000     
 24    0  0.000    0  0.000    1 65.461    0  0.000    0  0.000    0  0.000     
 25    0  0.000    0  0.000    5 66.755    0  0.000    0  0.000    0  0.000     
 26    0  0.000    0  0.000   -7 67.334    0  0.000    0  0.000    0  0.000     
 27    0  0.000    0  0.000    1 68.717    0  0.000    0  0.000    0  0.000     
 28    0  0.000    0  0.000   -3 68.910    0  0.000    0  0.000    0  0.000     
                                                                                
                                                                                
 NO. 2*K ENERGY OF QUASIPARTICLES: 3 NEUTRON- AND 3 PROTON-SHELLS               
 --- --- ------                                                                 
          N=4         N=5         N=6         N=3         N=4         N=5       
  1    1 13.684    1  7.439    1  1.511    1 13.982    1  8.400    1  3.105     
  2   -3 12.920   -3  6.853   -3  1.128   -3 13.177   -3  7.808   -3  2.666     
  3    5 11.715    5  5.853    5  0.735    5 11.923    5  6.794    5  1.879     
  4   -7 10.193   -7  4.542   -7  1.353    1 10.986   -7  5.461   -7  0.939     
  5    1 10.004    1  3.086    9  2.644   -7 10.349    1  4.713    9  1.093     
  6    1  8.569    9  2.992    1  3.995   -3  9.316    9  3.876    1  1.781     
  7    9  8.422    1  2.001  -11  4.227    1  9.137   -3  3.496  -11  2.544     
  8   -3  8.237   -3  1.736    1  4.970    5  7.360    1  3.279   -3  2.573     
  9   -3  6.764  -11  1.325   -3  5.082   -3  6.993    5  1.929    1  2.899     
 10    5  6.242   -3  0.829   13  6.023    1  5.973   -3  1.580    5  3.852     
 11    1  5.434    5  0.757   -3  6.096    0  0.000    1  0.734   -3  4.288     
 12    5  4.670    1  1.440    5  6.585    0  0.000   -7  0.742   -7  5.463     
 13   -7  4.070    5  1.614    5  7.605    0  0.000    5  1.005    5  6.051     
 14    1  2.720   -7  2.278    1  8.083    0  0.000   -3  2.793    1  6.104     
 15   -3  2.525   -7  3.603   -7  8.348    0  0.000    1  2.972    9  7.329     
 16    0  0.000    1  3.814   -7  9.418    0  0.000    0  0.000   -7  8.085     
 17    0  0.000   -3  4.051    1 10.284    0  0.000    0  0.000   -3  8.506     
 18    0  0.000    9  4.378    9 10.311    0  0.000    0  0.000    1  8.695     
 19    0  0.000   -3  6.425   -3 10.542    0  0.000    0  0.000    5 11.037     
 20    0  0.000    5  6.817    9 11.479    0  0.000    0  0.000   -3 11.412     
 21    0  0.000    1  7.507  -11 12.442    0  0.000    0  0.000    1 12.412     
 22    0  0.000    0  0.000   -3 12.642    0  0.000    0  0.000    0  0.000     
 23    0  0.000    0  0.000    5 13.092    0  0.000    0  0.000    0  0.000     
 24    0  0.000    0  0.000    1 13.893    0  0.000    0  0.000    0  0.000     
 25    0  0.000    0  0.000    5 15.186    0  0.000    0  0.000    0  0.000     
 26    0  0.000    0  0.000   -7 15.764    0  0.000    0  0.000    0  0.000     
 27    0  0.000    0  0.000    1 17.145    0  0.000    0  0.000    0  0.000     
 28    0  0.000    0  0.000   -3 17.339    0  0.000    0  0.000    0  0.000     
                                                                                
                                                                                
  MULTI-QUASIPARTICLE BASIS                                                     
  ~~~~~~~~~~~~~~~~~~~~~~~~~                                                     
                                                                                
  NEUTRON STATES :                                                              
                                                                                
     KMAX = 13/2   EMAX = 2.70     NMAX = 12     [1-QUASINEUTRON]               
   MIXINT =  3    NNINT =  6      NLINT = 28                                    
                                                                                
 1-QP BASIS:  NOQR =  5 LEVELS                                                  
------------------------------                                                  
  I IOQ(I)    K      E          U**2-V**2      UV          U           V        
  1   1      1/2     1.51110    -0.87370     0.24324     0.25130     0.96791    
  2   2     -3/2     1.12829    -0.75863     0.32576     0.34740     0.93772    
  3   3      5/2     0.73523    -0.01832     0.49992     0.70060     0.71355    
  4   4     -7/2     1.35263     0.83943     0.27173     0.95902     0.28334    
  5   5      9/2     2.64399     0.96057     0.13901     0.99009     0.14040    
                                                                                
                                                                                
  PROTON  STATES :                                                              
                                                                                
     KMAX = 10     EMAX = 3.40     NMAX = 20     [2-QUASIPROTON]                
   MIXINT =  6    NNINT =  5      NLINT = 21                                    
                                                                                
 1-QP BASIS:  NOQR =  4 LEVELS                                                  
------------------------------                                                  
  I IOQ(I)    K      E          U**2-V**2      UV          U           V        
  1   3      5/2     1.87926    -0.92121     0.19453     0.19848     0.98010    
  2   4     -7/2     0.93907    -0.62753     0.38930     0.43155     0.90209    
  3   5      9/2     1.09281     0.74321     0.33453     0.93360     0.35832    
  4   6      1/2     1.78061     0.91181     0.20531     0.97770     0.20999    
                                                                                
 2-QP BASIS:   NTQ = 12 PAIRS (NTQH =   5)                                      
------------------------------                                                  
 II   I1 I2   T   K     E          U**2-V**2      UV                            
  1    3  4   1  -1     2.81833    -1.54874     0.58383                         
  2    3  5   1   7     2.97207    -0.17800     0.52906                         
  3    4  5   1   1     2.03189     0.11568     0.72383                         
  4    4  6   1  -3     2.71969     0.28428     0.59461                         
  5    5  6   1   5     2.87342     1.65501     0.53984                         
  6    3 25   2   6     2.81833    -1.54874     0.58383                         
  7    3 26   2  -2     2.97207    -0.17800     0.52906                         
  8    4 25   0   0     1.87815    -1.25506     0.77859                         
  9    4 26   2  -8     2.03189     0.11568     0.72383                         
 10    4 27   2  -4     2.71969     0.28428     0.59461                         
 11    5 26   0   0     2.18562     1.48642     0.66906                         
 12    5 27   2   4     2.87342     1.65501     0.53984                         
                                                                                
                                                                                
                                                                                
 DIMENSION OF THE CONFIG. SPACE : 37 (  5 32 )                                  
                                                                                
  ----------   THE QP BASE CHOSEN:   ----------                                 
                                                                                
  BAND  I1   I2    T     KQP    EQP : 1N STATES                                 
    1    1    0    1     1/2   1.511                                            
    2    2    0    1    -3/2   1.128                                            
    3    3    0    1     5/2   0.735                                            
    4    4    0    1    -7/2   1.353                                            
    5    5    0    1     9/2   2.644                                            
  BAND  I1   I2    T     KQP    EQP : 1NX2P STATES                              
    6    2    1    1    -5/2   3.947                                            
    7    3    1    1     3/2   3.554                                            
    8    4    1    1    -9/2   4.171                                            
    9    2    2    1    11/2   4.100                                            
   10    1    3    1     3/2   3.543                                            
   11    2    3    1    -1/2   3.160                                            
   12    3    3    1     7/2   2.767                                            
   13    4    3    1    -5/2   3.385                                            
   14    2    4    1    -9/2   3.848                                            
   15    3    4    1    -1/2   3.455                                            
   16    4    4    1   -13/2   4.072                                            
   17    2    5    1     7/2   4.002                                            
   18    3    5    1    15/2   3.609                                            
   19    2    6    1     9/2   3.947                                            
   20    3    6    1    17/2   3.554                                            
   21    4    6    1     5/2   4.171                                            
   22    7    1    2     1/2   3.947                                            
   23    8    1    2    -7/2   3.554                                            
   24    9    1    2     5/2   4.171                                            
   25    7    2    2    17/2   4.100                                            
   26    8    2    2     9/2   3.707                                            
   27    6    3    2     1/2   3.543                                            
   28    7    3    2     5/2   3.160                                            
   29    8    3    2    -3/2   2.767                                            
   30    9    3    2     9/2   3.385                                            
   31    7    4    2    -3/2   3.848                                            
   32    8    4    2   -11/2   3.455                                            
   33    9    4    2     1/2   4.072                                            
   34    7    5    2    13/2   4.002                                            
   35    8    5    2     5/2   3.609                                            
   36    7    6    2    15/2   3.947                                            
   37    8    6    2     7/2   3.554                                            
                                                                                
******************** KERNEL                                                     
                                                                                
 IBET     BETA       <H[R]>         <R>                                         
   1    0.05938   -0.84659E-01    0.93396E+00                                   
   2    0.13629   -0.44318E+00    0.69878E+00                                   
   3    0.21367   -0.10762E+01    0.41728E+00                                   
   4    0.29114   -0.19623E+01    0.20103E+00                                   
   5    0.36866   -0.30690E+01    0.79395E-01                                   
   6    0.44619   -0.43507E+01    0.26250E-01                                   
   7    0.52373   -0.57479E+01    0.74579E-02                                   
   8    0.60128   -0.71864E+01    0.18784E-02                                   
   9    0.67883   -0.85781E+01    0.43459E-03                                   
  10    0.75639   -0.98252E+01    0.96035E-04                                   
  11    0.83395   -0.10831E+02    0.21106E-04                                   
  12    0.91151   -0.11519E+02    0.47980E-05                                   
  13    0.98907   -0.11852E+02    0.11695E-05                                   
  14    1.06663   -0.11843E+02    0.31558E-06                                   
  15    1.14419   -0.11544E+02    0.97008E-07                                   
  16    1.22176   -0.11039E+02    0.34873E-07                                   
  17    1.29932   -0.10433E+02    0.15000E-07                                   
  18    1.37689   -0.98416E+01    0.78614E-08                                   
  19    1.45445   -0.93769E+01    0.50818E-08                                   
  20    1.53201   -0.91230E+01    0.40800E-08                                   
                                                                                
******************** INTEG                                                      
                                                                                
******* SPIN =  1/2 *******                                                     
                                                                                
 BAND KQP=   EQP=    HH/HN=    HH=         HN=       EIGEN NORM  STATE  ENERGY  
   1   1/2  1.5111   1.1050  0.1725E-01  0.1561E-01  0.2136E-01     1   1.0903  
  11  -1/2  3.1602   2.4931  0.3378E-01  0.1355E-01  0.1502E-01     2   2.6541  
  15  -1/2  3.4549   2.7939  0.4035E-01  0.1444E-01  0.1362E-01     3   2.7926  
  22   1/2  3.9466   3.2982  0.4097E-01  0.1242E-01  0.1243E-01     4   3.2261  
  27   1/2  3.5430   2.9951  0.3619E-01  0.1208E-01  0.1030E-01     5   3.2521  
  33   1/2  4.0723   3.2472  0.4610E-01  0.1420E-01  0.9576E-02     6   3.4129  
                                                                                
 ENERGIES (LOWEST 6 OUT OF  6):  1.090  2.654  2.793  3.226  3.252  3.413       
 CUTOFF OF THE NORM EIGENVALUE:  0.1372E-04 ( 0.9576E-02 0.1372E-01 0.2136E-01) 
                                                                                
******* SPIN =  3/2 *******                                                     
                                                                                
 BAND KQP=   EQP=    HH/HN=    HH=         HN=       EIGEN NORM  STATE  ENERGY  
   1   1/2  1.5111   1.4297  0.1663E-01  0.1163E-01  0.2233E-01     1   0.6591  
   2  -3/2  1.1283   0.6934  0.1102E-01  0.1589E-01  0.1690E-01     2   1.4883  
   7   3/2  3.5536   2.9011  0.3832E-01  0.1321E-01  0.1575E-01     3   2.1811  
  10   3/2  3.5430   2.9213  0.3617E-01  0.1238E-01  0.1505E-01     4   2.7492  
  11  -1/2  3.1602   2.6033  0.3345E-01  0.1285E-01  0.1338E-01     5   2.8004  
  15  -1/2  3.4549   2.8088  0.3973E-01  0.1414E-01  0.1251E-01     6   2.9327  
  22   1/2  3.9466   3.4100  0.4011E-01  0.1176E-01  0.1190E-01     7   3.0581  
  27   1/2  3.5430   2.8689  0.3724E-01  0.1298E-01  0.1162E-01     8   3.2629  
  29  -3/2  2.7671   2.0362  0.2988E-01  0.1467E-01  0.1073E-01     9   3.2811  
  31  -3/2  3.8480   3.4635  0.4494E-01  0.1298E-01  0.9722E-02    10   3.4814  
  33   1/2  4.0723   3.2624  0.4538E-01  0.1391E-01  0.6510E-02    11   3.5810  
                                                                                
 ENERGIES (LOWEST 6 OUT OF 11):  0.659  1.488  2.181  2.749  2.800  2.933       
 CUTOFF OF THE NORM EIGENVALUE:  0.1331E-04 ( 0.6510E-02 0.1331E-01 0.2233E-01) 
                                                                                
******* SPIN =  5/2 *******                                                     
                                                                                
 BAND KQP=   EQP=    HH/HN=    HH=         HN=       EIGEN NORM  STATE  ENERGY  
   1   1/2  1.5111   0.9336  0.1622E-01  0.1737E-01  0.2579E-01     1  -0.0206  
   2  -3/2  1.1283   0.6707  0.1036E-01  0.1545E-01  0.2309E-01     2   0.6191  
   3   5/2  0.7352   0.0154  0.2840E-03  0.1845E-01  0.1785E-01     3   1.2237  
   6  -5/2  3.9466   3.3020  0.4004E-01  0.1212E-01  0.1624E-01     4   2.1693  
   7   3/2  3.5536   2.9195  0.3738E-01  0.1280E-01  0.1612E-01     5   2.5057  
  10   3/2  3.5430   2.9316  0.3539E-01  0.1207E-01  0.1540E-01     6   2.6929  
  11  -1/2  3.1602   2.4742  0.3246E-01  0.1312E-01  0.1499E-01     7   2.8146  
  13  -5/2  3.3845   2.5263  0.3622E-01  0.1434E-01  0.1435E-01     8   2.8301  
  15  -1/2  3.4549   2.8336  0.3870E-01  0.1366E-01  0.1392E-01     9   2.9467  
  21   5/2  4.1710   3.4569  0.5573E-01  0.1612E-01  0.1304E-01    10   3.0018  
  22   1/2  3.9466   3.2781  0.3963E-01  0.1209E-01  0.1282E-01    11   3.1731  
  24   5/2  4.1710   3.3999  0.4404E-01  0.1295E-01  0.1135E-01    12   3.1980  
  27   1/2  3.5430   3.1158  0.3385E-01  0.1086E-01  0.1112E-01    13   3.3278  
  28   5/2  3.1602   2.4953  0.3300E-01  0.1323E-01  0.1068E-01    14   3.4175  
  29  -3/2  2.7671   2.0599  0.2918E-01  0.1417E-01  0.1057E-01    15   3.4569  
  31  -3/2  3.8480   3.4770  0.4377E-01  0.1259E-01  0.8818E-02    16   3.5347  
  33   1/2  4.0723   3.2879  0.4420E-01  0.1344E-01  0.7043E-02    17   3.6944  
  35   5/2  3.6087   3.0068  0.4489E-01  0.1493E-01  0.6576E-02    18   3.8619  
                                                                                
 ENERGIES (LOWEST 6 OUT OF 18): -0.021  0.619  1.224  2.169  2.506  2.693       
 CUTOFF OF THE NORM EIGENVALUE:  0.1388E-04 ( 0.6576E-02 0.1388E-01 0.2579E-01) 
                                                                                
******* SPIN =  7/2 *******                                                     
                                                                                
 BAND KQP=   EQP=    HH/HN=    HH=         HN=       EIGEN NORM  STATE  ENERGY  
   1   1/2  1.5111   1.6551  0.1463E-01  0.8840E-02  0.2541E-01     1  -0.0444  
   2  -3/2  1.1283   0.6931  0.1013E-01  0.1462E-01  0.2199E-01     2   0.6023  
   3   5/2  0.7352   0.0571  0.9905E-03  0.1735E-01  0.1858E-01     3   0.8867  
   4  -7/2  1.3526   0.5116  0.9119E-02  0.1782E-01  0.1840E-01     4   1.9747  
   6  -5/2  3.9466   3.3328  0.3876E-01  0.1163E-01  0.1738E-01     5   2.1567  
   7   3/2  3.5536   2.9506  0.3612E-01  0.1224E-01  0.1646E-01     6   2.1969  
  10   3/2  3.5430   2.9728  0.3411E-01  0.1147E-01  0.1590E-01     7   2.5431  
  11  -1/2  3.1602   2.6806  0.3145E-01  0.1173E-01  0.1541E-01     8   2.6975  
  12   7/2  2.7671   2.0507  0.2968E-01  0.1447E-01  0.1350E-01     9   2.8367  
  13  -5/2  3.3845   2.5663  0.3503E-01  0.1365E-01  0.1322E-01    10   2.9244  
  15  -1/2  3.4549   2.8686  0.3731E-01  0.1301E-01  0.1319E-01    11   2.9468  
  17   7/2  4.0017   3.6617  0.4884E-01  0.1334E-01  0.1240E-01    12   2.9654  
  21   5/2  4.1710   3.4964  0.5339E-01  0.1527E-01  0.1235E-01    13   3.0232  
  22   1/2  3.9466   3.4909  0.3763E-01  0.1078E-01  0.1230E-01    14   3.0770  
  23  -7/2  3.5536   2.9134  0.3801E-01  0.1305E-01  0.1167E-01    15   3.2431  
  24   5/2  4.1710   3.4319  0.4255E-01  0.1240E-01  0.1152E-01    16   3.3206  
  27   1/2  3.5430   2.8380  0.3601E-01  0.1269E-01  0.1123E-01    17   3.3903  
  28   5/2  3.1602   2.5263  0.3195E-01  0.1265E-01  0.9656E-02    18   3.4837  
  29  -3/2  2.7671   2.0993  0.2827E-01  0.1347E-01  0.9230E-02    19   3.5650  
  31  -3/2  3.8480   3.4964  0.4218E-01  0.1206E-01  0.8017E-02    20   3.6032  
  33   1/2  4.0723   3.3238  0.4259E-01  0.1281E-01  0.7364E-02    21   3.7177  
  35   5/2  3.6087   3.0437  0.4317E-01  0.1418E-01  0.6814E-02    22   3.7896  
  37   7/2  3.5536   2.9432  0.4812E-01  0.1635E-01  0.3913E-02    23   3.9593  
                                                                                
 ENERGIES (LOWEST 6 OUT OF 23): -0.044  0.602  0.887  1.975  2.157  2.197       
 CUTOFF OF THE NORM EIGENVALUE:  0.1330E-04 ( 0.3913E-02 0.1330E-01 0.2541E-01) 
                                                                                
******* SPIN =  9/2 *******                                                     
                                                                                
 BAND KQP=   EQP=    HH/HN=    HH=         HN=       EIGEN NORM  STATE  ENERGY  
   1   1/2  1.5111   0.8351  0.1487E-01  0.1780E-01  0.2702E-01     1  -0.0618  
   2  -3/2  1.1283   0.6331  0.8887E-02  0.1404E-01  0.2475E-01     2   0.5892  
   3   5/2  0.7352   0.1136  0.1820E-02  0.1602E-01  0.2116E-01     3   0.8684  
   4  -7/2  1.3526   0.5674  0.9376E-02  0.1653E-01  0.1960E-01     4   1.6146  
   5   9/2  2.6440   1.8616  0.3227E-01  0.1733E-01  0.1800E-01     5   1.9639  
   6  -5/2  3.9466   3.3658  0.3714E-01  0.1103E-01  0.1728E-01     6   2.1683  
   7   3/2  3.5536   2.9781  0.3450E-01  0.1158E-01  0.1661E-01     7   2.1917  
   8  -9/2  4.1710   3.4620  0.4430E-01  0.1280E-01  0.1637E-01     8   2.5860  
  10   3/2  3.5430   2.9590  0.3293E-01  0.1113E-01  0.1592E-01     9   2.7796  
  11  -1/2  3.1602   2.5204  0.3009E-01  0.1194E-01  0.1517E-01    10   2.8473  
  12   7/2  2.7671   2.0952  0.2844E-01  0.1357E-01  0.1405E-01    11   2.8677  
  13  -5/2  3.3845   2.6162  0.3354E-01  0.1282E-01  0.1358E-01    12   2.9200  
  14  -9/2  3.8480   3.4812  0.4437E-01  0.1275E-01  0.1317E-01    13   2.9225  
  15  -1/2  3.4549   2.9140  0.3558E-01  0.1221E-01  0.1290E-01    14   3.0366  
  17   7/2  4.0017   3.6856  0.4647E-01  0.1261E-01  0.1275E-01    15   3.0551  
  19   9/2  3.9466   3.4753  0.4976E-01  0.1432E-01  0.1210E-01    16   3.1279  
  21   5/2  4.1710   3.5489  0.5051E-01  0.1423E-01  0.1194E-01    17   3.1376  
  22   1/2  3.9466   3.3203  0.3686E-01  0.1110E-01  0.1145E-01    18   3.3165  
  23  -7/2  3.5536   2.9481  0.3634E-01  0.1233E-01  0.1141E-01    19   3.4409  
  24   5/2  4.1710   3.4718  0.4070E-01  0.1172E-01  0.1025E-01    20   3.4661  
  26   9/2  3.7073   3.2015  0.4357E-01  0.1361E-01  0.9944E-02    21   3.4793  
  27   1/2  3.5430   3.2335  0.3052E-01  0.9439E-02  0.9619E-02    22   3.5394  
  28   5/2  3.1602   2.5593  0.3059E-01  0.1195E-01  0.9060E-02    23   3.6497  
  29  -3/2  2.7671   2.1354  0.2702E-01  0.1265E-01  0.7914E-02    24   3.6639  
  30   9/2  3.3845   2.5914  0.3665E-01  0.1414E-01  0.7842E-02    25   3.6867  
  31  -3/2  3.8480   3.5224  0.4022E-01  0.1142E-01  0.7085E-02    26   3.8180  
  33   1/2  4.0723   3.3704  0.4060E-01  0.1205E-01  0.6330E-02    27   3.8211  
  35   5/2  3.6087   3.0916  0.4104E-01  0.1328E-01  0.4292E-02    28   4.0737  
  37   7/2  3.5536   2.9931  0.4551E-01  0.1521E-01  0.4044E-02    29   4.1855  
                                                                                
 ENERGIES (LOWEST 6 OUT OF 29): -0.062  0.589  0.868  1.615  1.964  2.168       
 CUTOFF OF THE NORM EIGENVALUE:  0.1316E-04 ( 0.4044E-02 0.1316E-01 0.2702E-01) 
                                                                                
******* SPIN = 11/2 *******                                                     
                                                                                
 BAND KQP=   EQP=    HH/HN=    HH=         HN=       EIGEN NORM  STATE  ENERGY  
   1   1/2  1.5111   1.8812  0.1192E-01  0.6334E-02  0.2623E-01     1   0.0026  
   2  -3/2  1.1283   0.7496  0.9409E-02  0.1255E-01  0.2230E-01     2   0.8634  
   3   5/2  0.7352   0.1913  0.2773E-02  0.1450E-01  0.1977E-01     3   1.2995  
   4  -7/2  1.3526   0.6419  0.9654E-02  0.1504E-01  0.1828E-01     4   2.1426  
   5   9/2  2.6440   1.9090  0.3026E-01  0.1585E-01  0.1785E-01     5   2.2176  
   6  -5/2  3.9466   3.4136  0.3525E-01  0.1033E-01  0.1601E-01     6   2.2580  
   7   3/2  3.5536   3.0316  0.3267E-01  0.1078E-01  0.1558E-01     7   2.5613  
   8  -9/2  4.1710   3.5027  0.4185E-01  0.1195E-01  0.1543E-01     8   2.6534  
   9  11/2  4.1004   3.5535  0.4437E-01  0.1249E-01  0.1535E-01     9   2.7545  
  10   3/2  3.5430   3.0659  0.3079E-01  0.1004E-01  0.1535E-01    10   2.8066  
  11  -1/2  3.1602   2.7300  0.2819E-01  0.1032E-01  0.1374E-01    11   2.8883  
  12   7/2  2.7671   2.1489  0.2697E-01  0.1255E-01  0.1328E-01    12   2.9080  
  13  -5/2  3.3845   2.6767  0.3177E-01  0.1187E-01  0.1302E-01    13   2.9413  
  14  -9/2  3.8480   3.5105  0.4185E-01  0.1192E-01  0.1294E-01    14   3.0982  
  15  -1/2  3.4549   2.9702  0.3356E-01  0.1130E-01  0.1185E-01    15   3.0997  
  17   7/2  4.0017   3.7164  0.4370E-01  0.1176E-01  0.1096E-01    16   3.2043  
  19   9/2  3.9466   3.4890  0.4653E-01  0.1334E-01  0.1051E-01    17   3.2230  
  21   5/2  4.1710   3.6155  0.4718E-01  0.1305E-01  0.1045E-01    18   3.2573  
  22   1/2  3.9466   3.5430  0.3388E-01  0.9562E-02  0.1040E-01    19   3.5316  
  23  -7/2  3.5536   2.9899  0.3439E-01  0.1150E-01  0.1018E-01    20   3.5513  
  24   5/2  4.1710   3.5200  0.3852E-01  0.1094E-01  0.8891E-02    21   3.5524  
  26   9/2  3.7073   3.2477  0.4109E-01  0.1265E-01  0.8490E-02    22   3.5658  
  27   1/2  3.5430   2.8576  0.3325E-01  0.1164E-01  0.8231E-02    23   3.5727  
  28   5/2  3.1602   2.6094  0.2902E-01  0.1112E-01  0.7978E-02    24   3.6392  
  29  -3/2  2.7671   2.2022  0.2569E-01  0.1166E-01  0.7042E-02    25   3.7780  
  30   9/2  3.3845   2.6442  0.3462E-01  0.1309E-01  0.6963E-02    26   3.7872  
  31  -3/2  3.8480   3.5555  0.3794E-01  0.1067E-01  0.6664E-02    27   3.8311  
  32 -11/2  3.4549   2.8165  0.3931E-01  0.1396E-01  0.5355E-02    28   3.9397  
  33   1/2  4.0723   3.4279  0.3828E-01  0.1117E-01  0.4530E-02    29   3.9994  
  35   5/2  3.6087   3.1506  0.3857E-01  0.1224E-01  0.4305E-02    30   4.1034  
  37   7/2  3.5536   3.0565  0.4251E-01  0.1391E-01  0.2142E-02    31   4.2459  
                                                                                
 ENERGIES (LOWEST 6 OUT OF 31):  0.003  0.863  1.300  2.143  2.218  2.258       
 CUTOFF OF THE NORM EIGENVALUE:  0.1194E-04 ( 0.2142E-02 0.1194E-01 0.2623E-01) 
                                                                                
******* SPIN = 13/2 *******                                                     
                                                                                
 BAND KQP=   EQP=    HH/HN=    HH=         HN=       EIGEN NORM  STATE  ENERGY  
   1   1/2  1.5111   0.8358  0.1394E-01  0.1668E-01  0.2718E-01     1   0.0087  
   2  -3/2  1.1283   0.6345  0.7637E-02  0.1204E-01  0.2364E-01     2   0.7436  
   3   5/2  0.7352   0.2828  0.3643E-02  0.1288E-01  0.1949E-01     3   1.2691  
   4  -7/2  1.3526   0.7374  0.9900E-02  0.1343E-01  0.1947E-01     4   2.1392  
   5   9/2  2.6440   1.9773  0.2811E-01  0.1422E-01  0.1667E-01     5   2.2257  
   6  -5/2  3.9466   3.4400  0.3306E-01  0.9610E-02  0.1652E-01     6   2.2948  
   7   3/2  3.5536   3.0653  0.3054E-01  0.9962E-02  0.1545E-01     7   2.4149  
   8  -9/2  4.1710   3.5501  0.3910E-01  0.1101E-01  0.1476E-01     8   2.6910  
   9  11/2  4.1004   3.6242  0.4166E-01  0.1149E-01  0.1461E-01     9   2.8423  
  10   3/2  3.5430   2.9766  0.2952E-01  0.9918E-02  0.1429E-01    10   2.8990  
  11  -1/2  3.1602   2.6284  0.2679E-01  0.1019E-01  0.1368E-01    11   2.9577  
  12   7/2  2.7671   2.2110  0.2530E-01  0.1144E-01  0.1352E-01    12   2.9789  
  13  -5/2  3.3845   2.7453  0.2975E-01  0.1084E-01  0.1327E-01    13   3.0555  
  14  -9/2  3.8480   3.5473  0.3905E-01  0.1101E-01  0.1285E-01    14   3.1304  
  15  -1/2  3.4549   3.0375  0.3131E-01  0.1031E-01  0.1193E-01    15   3.1595  
  16 -13/2  4.0723   3.2626  0.4450E-01  0.1364E-01  0.1186E-01    16   3.2431  
  17   7/2  4.0017   3.7549  0.4064E-01  0.1082E-01  0.1054E-01    17   3.2766  
  19   9/2  3.9466   3.5149  0.4301E-01  0.1224E-01  0.1027E-01    18   3.2842  
  21   5/2  4.1710   3.6971  0.4350E-01  0.1177E-01  0.9418E-02    19   3.3412  
  22   1/2  3.9466   3.4200  0.3286E-01  0.9607E-02  0.9275E-02    20   3.6313  
  23  -7/2  3.5536   3.0384  0.3219E-01  0.1059E-01  0.8908E-02    21   3.6387  
  24   5/2  4.1710   3.5746  0.3607E-01  0.1009E-01  0.8510E-02    22   3.6633  
  26   9/2  3.7073   3.2984  0.3829E-01  0.1161E-01  0.8360E-02    23   3.6651  
  27   1/2  3.5430   3.3086  0.2653E-01  0.8018E-02  0.7630E-02    24   3.6853  
  28   5/2  3.1602   2.6364  0.2712E-01  0.1029E-01  0.7412E-02    25   3.7647  
  29  -3/2  2.7671   2.2474  0.2399E-01  0.1067E-01  0.7153E-02    26   3.7673  
  30   9/2  3.3845   2.7055  0.3235E-01  0.1196E-01  0.5513E-02    27   3.9062  
  31  -3/2  3.8480   3.5964  0.3540E-01  0.9842E-02  0.5482E-02    28   3.9135  
  32 -11/2  3.4549   2.8818  0.3672E-01  0.1274E-01  0.5068E-02    29   3.9955  
  33   1/2  4.0723   3.4968  0.3569E-01  0.1021E-01  0.4387E-02    30   4.0790  
  34  13/2  4.0017   3.6659  0.4802E-01  0.1310E-01  0.4080E-02    31   4.1965  
  35   5/2  3.6087   3.2213  0.3582E-01  0.1112E-01  0.2414E-02    32   4.4074  
  37   7/2  3.5536   3.1346  0.3920E-01  0.1250E-01  0.2228E-02    33   4.7784  
                                                                                
 ENERGIES (LOWEST 6 OUT OF 33):  0.009  0.744  1.269  2.139  2.226  2.295       
 CUTOFF OF THE NORM EIGENVALUE:  0.1139E-04 ( 0.2228E-02 0.1139E-01 0.2718E-01) 
                                                                                
******* SPIN = 15/2 *******                                                     
                                                                                
 BAND KQP=   EQP=    HH/HN=    HH=         HN=       EIGEN NORM  STATE  ENERGY  
   1   1/2  1.5111   2.1248  0.9087E-02  0.4277E-02  0.2529E-01     1   0.1827  
   2  -3/2  1.1283   0.9023  0.8969E-02  0.9940E-02  0.1950E-01     2   1.2178  
   3   5/2  0.7352   0.4101  0.4588E-02  0.1119E-01  0.1877E-01     3   1.8147  
   4  -7/2  1.3526   0.8568  0.1006E-01  0.1175E-01  0.1684E-01     4   2.3117  
   5   9/2  2.6440   2.0698  0.2588E-01  0.1250E-01  0.1656E-01     5   2.3624  
   6  -5/2  3.9466   3.5188  0.3074E-01  0.8737E-02  0.1592E-01     6   2.6614  
   7   3/2  3.5536   3.1426  0.2830E-01  0.9006E-02  0.1513E-01     7   2.8035  
   8  -9/2  4.1710   3.6044  0.3614E-01  0.1003E-01  0.1469E-01     8   2.8906  
   9  11/2  4.1004   3.6886  0.3862E-01  0.1047E-01  0.1407E-01     9   2.8945  
  10   3/2  3.5430   3.2085  0.2651E-01  0.8261E-02  0.1373E-01    10   3.0053  
  11  -1/2  3.1602   2.7596  0.2413E-01  0.8746E-02  0.1306E-01    11   3.0168  
  12   7/2  2.7671   2.2841  0.2347E-01  0.1027E-01  0.1296E-01    12   3.0334  
  13  -5/2  3.3845   2.8270  0.2756E-01  0.9749E-02  0.1273E-01    13   3.0915  
  14  -9/2  3.8480   3.5923  0.3603E-01  0.1003E-01  0.1158E-01    14   3.2366  
  15  -1/2  3.4549   3.1163  0.2887E-01  0.9266E-02  0.1132E-01    15   3.2634  
  16 -13/2  4.0723   3.3421  0.4113E-01  0.1231E-01  0.1042E-01    16   3.3282  
  17   7/2  4.0017   3.8024  0.3736E-01  0.9825E-02  0.1011E-01    17   3.3539  
  18  15/2  3.6087   3.0318  0.4369E-01  0.1441E-01  0.9758E-02    18   3.3809  
  19   9/2  3.9466   3.5559  0.3928E-01  0.1105E-01  0.8989E-02    19   3.4314  
  21   5/2  4.1710   3.7950  0.3957E-01  0.1043E-01  0.8662E-02    20   3.4860  
  22   1/2  3.9466   3.5672  0.2930E-01  0.8215E-02  0.8350E-02    21   3.6503  
  23  -7/2  3.5536   3.0956  0.2981E-01  0.9628E-02  0.8236E-02    22   3.7392  
  24   5/2  4.1710   3.6396  0.3341E-01  0.9180E-02  0.7003E-02    23   3.7401  
  26   9/2  3.7073   3.3536  0.3525E-01  0.1051E-01  0.6581E-02    24   3.7773  
  27   1/2  3.5430   2.9377  0.2926E-01  0.9960E-02  0.6327E-02    25   3.7808  
  28   5/2  3.1602   2.7236  0.2526E-01  0.9273E-02  0.5936E-02    26   3.8610  
  29  -3/2  2.7671   2.3428  0.2233E-01  0.9532E-02  0.5712E-02    27   3.9595  
  30   9/2  3.3845   2.7757  0.2987E-01  0.1076E-01  0.5005E-02    28   3.9605  
  31  -3/2  3.8480   3.6462  0.3267E-01  0.8959E-02  0.4481E-02    29   4.0459  
  32 -11/2  3.4549   2.9583  0.3392E-01  0.1147E-01  0.4472E-02    30   4.0716  
  33   1/2  4.0723   3.5774  0.3289E-01  0.9194E-02  0.4227E-02    31   4.2371  
  34  13/2  4.0017   3.7077  0.4418E-01  0.1192E-01  0.3368E-02    32   4.3323  
  35   5/2  3.6087   3.3043  0.3287E-01  0.9946E-02  0.2644E-02    33   4.4108  
  36  15/2  3.9466   3.4863  0.4899E-01  0.1405E-01  0.2368E-02    34   4.5801  
  37   7/2  3.5536   3.2285  0.3567E-01  0.1105E-01  0.1073E-02    35   4.6375  
                                                                                
 ENERGIES (LOWEST 6 OUT OF 35):  0.183  1.218  1.815  2.312  2.362  2.661       
 CUTOFF OF THE NORM EIGENVALUE:  0.1017E-04 ( 0.1073E-02 0.1017E-01 0.2529E-01) 
                                                                                
******* SPIN = 17/2 *******                                                     
                                                                                
 BAND KQP=   EQP=    HH/HN=    HH=         HN=       EIGEN NORM  STATE  ENERGY  
   1   1/2  1.5111   0.9529  0.1354E-01  0.1421E-01  0.2623E-01     1   0.1942  
   2  -3/2  1.1283   0.7237  0.6968E-02  0.9628E-02  0.2041E-01     2   1.0355  
   3   5/2  0.7352   0.5383  0.5149E-02  0.9565E-02  0.1879E-01     3   1.7563  
   4  -7/2  1.3526   1.0000  0.1007E-01  0.1007E-01  0.1773E-01     4   2.3426  
   5   9/2  2.6440   2.1888  0.2357E-01  0.1077E-01  0.1644E-01     5   2.4907  
   6  -5/2  3.9466   3.5130  0.2818E-01  0.8023E-02  0.1577E-01     6   2.7526  
   7   3/2  3.5536   3.1869  0.2589E-01  0.8125E-02  0.1514E-01     7   2.8276  
   8  -9/2  4.1710   3.6667  0.3304E-01  0.9012E-02  0.1387E-01     8   2.9054  
   9  11/2  4.1004   3.7461  0.3535E-01  0.9437E-02  0.1375E-01     9   2.9283  
  10   3/2  3.5430   2.9864  0.2550E-01  0.8538E-02  0.1351E-01    10   2.9630  
  11  -1/2  3.1602   2.7833  0.2277E-01  0.8179E-02  0.1301E-01    11   3.0755  
  12   7/2  2.7671   2.3646  0.2151E-01  0.9095E-02  0.1249E-01    12   3.0855  
  13  -5/2  3.3845   2.9151  0.2522E-01  0.8650E-02  0.1185E-01    13   3.1027  
  14  -9/2  3.8480   3.6467  0.3289E-01  0.9018E-02  0.1175E-01    14   3.1035  
  15  -1/2  3.4549   3.2071  0.2632E-01  0.8207E-02  0.1171E-01    15   3.2595  
  16 -13/2  4.0723   3.4336  0.3758E-01  0.1095E-01  0.9581E-02    16   3.3328  
  17   7/2  4.0017   3.8601  0.3394E-01  0.8792E-02  0.9264E-02    17   3.4164  
  18  15/2  3.6087   3.1225  0.3971E-01  0.1272E-01  0.8935E-02    18   3.4379  
  19   9/2  3.9466   3.6145  0.3545E-01  0.9807E-02  0.8458E-02    19   3.5528  
  20  17/2  3.5536   2.9678  0.4669E-01  0.1573E-01  0.8284E-02    20   3.5555  
  21   5/2  4.1710   3.9099  0.3551E-01  0.9081E-02  0.7954E-02    21   3.5885  
  22   1/2  3.9466   3.5606  0.2795E-01  0.7848E-02  0.7544E-02    22   3.6586  
  23  -7/2  3.5536   3.1586  0.2729E-01  0.8639E-02  0.7279E-02    23   3.8551  
  24   5/2  4.1710   3.7097  0.3060E-01  0.8250E-02  0.6658E-02    24   3.8861  
  25  17/2  4.1004   3.6034  0.4418E-01  0.1226E-01  0.5795E-02    25   3.9053  
  26   9/2  3.7073   3.4150  0.3206E-01  0.9388E-02  0.5661E-02    26   3.9186  
  27   1/2  3.5430   3.3214  0.2224E-01  0.6696E-02  0.5230E-02    27   3.9365  
  28   5/2  3.1602   2.7194  0.2296E-01  0.8442E-02  0.5111E-02    28   4.0641  
  29  -3/2  2.7671   2.4033  0.2039E-01  0.8486E-02  0.4940E-02    29   4.1614  
  30   9/2  3.3845   2.8559  0.2727E-01  0.9549E-02  0.4846E-02    30   4.2064  
  31  -3/2  3.8480   3.7055  0.2981E-01  0.8045E-02  0.3578E-02    31   4.2095  
  32 -11/2  3.4549   3.0465  0.3098E-01  0.1017E-01  0.3215E-02    32   4.2535  
  33   1/2  4.0723   3.6704  0.2996E-01  0.8162E-02  0.2999E-02    33   4.4153  
  34  13/2  4.0017   3.7588  0.4018E-01  0.1069E-01  0.2684E-02    34   4.4448  
  35   5/2  3.6087   3.4002  0.2978E-01  0.8759E-02  0.2309E-02    35   4.6420  
  36  15/2  3.9466   3.5115  0.4416E-01  0.1257E-01  0.1251E-02    36   4.8540  
  37   7/2  3.5536   3.3391  0.3203E-01  0.9592E-02  0.1118E-02    37   5.4595  
                                                                                
 ENERGIES (LOWEST 6 OUT OF 37):  0.194  1.036  1.756  2.343  2.491  2.753       
 CUTOFF OF THE NORM EIGENVALUE:  0.9598E-05 ( 0.1118E-02 0.9598E-02 0.2623E-01) 
                                                                                
******* SPIN = 19/2 *******                                                     
                                                                                
 BAND KQP=   EQP=    HH/HN=    HH=         HN=       EIGEN NORM  STATE  ENERGY  
   1   1/2  1.5111   2.4144  0.6545E-02  0.2711E-02  0.2249E-01     1   0.4940  
   2  -3/2  1.1283   1.1739  0.8459E-02  0.7206E-02  0.1711E-01     2   1.6819  
   3   5/2  0.7352   0.7302  0.5797E-02  0.7939E-02  0.1641E-01     3   2.3510  
   4  -7/2  1.3526   1.1719  0.9896E-02  0.8444E-02  0.1590E-01     4   2.5452  
   5   9/2  2.6440   2.3361  0.2121E-01  0.9079E-02  0.1451E-01     5   2.5622  
   6  -5/2  3.9466   3.6555  0.2566E-01  0.7019E-02  0.1411E-01     6   2.9859  
   7   3/2  3.5536   3.2865  0.2345E-01  0.7134E-02  0.1389E-01     7   2.9929  
   8  -9/2  4.1710   3.7386  0.2988E-01  0.7992E-02  0.1267E-01     8   3.0439  
   9  11/2  4.1004   3.7987  0.3196E-01  0.8412E-02  0.1246E-01     9   3.0686  
  10   3/2  3.5430   3.4116  0.2168E-01  0.6355E-02  0.1206E-01    10   3.1623  
  11  -1/2  3.1602   2.8096  0.1987E-01  0.7071E-02  0.1113E-01    11   3.1684  
  12   7/2  2.7671   2.4642  0.1951E-01  0.7919E-02  0.1111E-01    12   3.1842  
  13  -5/2  3.3845   3.0226  0.2282E-01  0.7550E-02  0.1079E-01    13   3.2270  
  14  -9/2  3.8480   3.7115  0.2968E-01  0.7996E-02  0.1035E-01    14   3.4200  
  15  -1/2  3.4549   3.3106  0.2370E-01  0.7160E-02  0.8327E-02    15   3.4491  
  16 -13/2  4.0723   3.5377  0.3394E-01  0.9593E-02  0.8054E-02    16   3.5350  
  17   7/2  4.0017   3.9297  0.3046E-01  0.7752E-02  0.7698E-02    17   3.6284  
  18  15/2  3.6087   3.2257  0.3564E-01  0.1105E-01  0.7492E-02    18   3.6508  
  19   9/2  3.9466   3.6925  0.3159E-01  0.8556E-02  0.6645E-02    19   3.6537  
  20  17/2  3.5536   3.0774  0.4149E-01  0.1348E-01  0.6434E-02    20   3.7576  
  21   5/2  4.1710   4.0425  0.3140E-01  0.7768E-02  0.6259E-02    21   3.9852  
  22   1/2  3.9466   3.5955  0.2441E-01  0.6789E-02  0.6218E-02    22   3.9935  
  23  -7/2  3.5536   3.2367  0.2472E-01  0.7638E-02  0.6046E-02    23   4.0301  
  24   5/2  4.1710   3.7950  0.2773E-01  0.7306E-02  0.5272E-02    24   4.0496  
  25  17/2  4.1004   3.6895  0.4012E-01  0.1087E-01  0.4493E-02    25   4.0524  
  26   9/2  3.7073   3.4847  0.2881E-01  0.8266E-02  0.4358E-02    26   4.1028  
  27   1/2  3.5430   3.0912  0.2447E-01  0.7916E-02  0.3934E-02    27   4.1546  
  28   5/2  3.1602   2.8818  0.2102E-01  0.7293E-02  0.3874E-02    28   4.2725  
  29  -3/2  2.7671   2.5247  0.1853E-01  0.7338E-02  0.3541E-02    29   4.3643  
  30   9/2  3.3845   2.9482  0.2461E-01  0.8347E-02  0.2827E-02    30   4.3994  
  31  -3/2  3.8480   3.7758  0.2690E-01  0.7124E-02  0.2808E-02    31   4.4030  
  32 -11/2  3.4549   3.1471  0.2795E-01  0.8883E-02  0.2606E-02    32   4.4607  
  33   1/2  4.0723   3.7761  0.2696E-01  0.7140E-02  0.2409E-02    33   4.6153  
  34  13/2  4.0017   3.8208  0.3612E-01  0.9453E-02  0.1991E-02    34   4.8905  
  35   5/2  3.6087   3.5098  0.2665E-01  0.7592E-02  0.1407E-02    35   4.9387  
  36  15/2  3.9466   3.5593  0.3934E-01  0.1105E-01  0.1196E-02    36   5.1173  
  37   7/2  3.5536   3.4673  0.2836E-01  0.8179E-02  0.4946E-03    37   5.2074  
                                                                                
 ENERGIES (LOWEST 6 OUT OF 37):  0.494  1.682  2.351  2.545  2.562  2.986       
 CUTOFF OF THE NORM EIGENVALUE:  0.8091E-05 ( 0.4946E-03 0.8091E-02 0.2249E-01) 
                                                                                
******* SPIN = 21/2 *******                                                     
                                                                                
 BAND KQP=   EQP=    HH/HN=    HH=         HN=       EIGEN NORM  STATE  ENERGY  
   1   1/2  1.5111   1.1937  0.1308E-01  0.1096E-01  0.2356E-01     1   0.4980  
   2  -3/2  1.1283   0.9326  0.6632E-02  0.7111E-02  0.1610E-01     2   1.4603  
   3   5/2  0.7352   0.8909  0.5820E-02  0.6533E-02  0.1530E-01     3   2.2970  
   4  -7/2  1.3526   1.3663  0.9476E-02  0.6936E-02  0.1489E-01     4   2.5372  
   5   9/2  2.6440   2.5121  0.1882E-01  0.7491E-02  0.1300E-01     5   2.7852  
   6  -5/2  3.9466   3.5886  0.2302E-01  0.6414E-02  0.1289E-01     6   2.9837  
   7   3/2  3.5536   3.3539  0.2100E-01  0.6263E-02  0.1263E-01     7   3.1022  
   8  -9/2  4.1710   3.8213  0.2671E-01  0.6990E-02  0.1209E-01     8   3.1336  
   9  11/2  4.1004   3.8509  0.2854E-01  0.7410E-02  0.1149E-01     9   3.1725  
  10   3/2  3.5430   3.0144  0.2125E-01  0.7051E-02  0.1059E-01    10   3.2542  
  11  -1/2  3.1602   2.9712  0.1837E-01  0.6181E-02  0.1044E-01    11   3.2765  
  12   7/2  2.7671   2.5648  0.1744E-01  0.6801E-02  0.9711E-02    12   3.2826  
  13  -5/2  3.3845   3.1352  0.2037E-01  0.6498E-02  0.9484E-02    13   3.4917  
  14  -9/2  3.8480   3.7880  0.2648E-01  0.6989E-02  0.8931E-02    14   3.5520  
  15  -1/2  3.4549   3.4275  0.2109E-01  0.6152E-02  0.8305E-02    15   3.5857  
  16 -13/2  4.0723   3.6548  0.3027E-01  0.8283E-02  0.6725E-02    16   3.6311  
  17   7/2  4.0017   4.0127  0.2702E-01  0.6732E-02  0.6686E-02    17   3.6503  
  18  15/2  3.6087   3.3425  0.3158E-01  0.9449E-02  0.6154E-02    18   3.7487  
  19   9/2  3.9466   3.7915  0.2780E-01  0.7331E-02  0.5882E-02    19   3.7851  
  20  17/2  3.5536   3.2069  0.3638E-01  0.1134E-01  0.5302E-02    20   3.9381  
  21   5/2  4.1710   4.1937  0.2737E-01  0.6525E-02  0.5053E-02    21   4.0118  
  22   1/2  3.9466   3.7251  0.2262E-01  0.6072E-02  0.5034E-02    22   4.0633  
  23  -7/2  3.5536   3.3164  0.2212E-01  0.6669E-02  0.4734E-02    23   4.1294  
  24   5/2  4.1710   3.8848  0.2482E-01  0.6389E-02  0.4322E-02    24   4.2158  
  25  17/2  4.1004   3.7568  0.3590E-01  0.9557E-02  0.3638E-02    25   4.2195  
  26   9/2  3.7073   3.5661  0.2557E-01  0.7170E-02  0.3498E-02    26   4.3011  
  27   1/2  3.5430   3.2998  0.1806E-01  0.5472E-02  0.3304E-02    27   4.3891  
  28   5/2  3.1602   2.8180  0.1857E-01  0.6590E-02  0.3084E-02    28   4.5156  
  29  -3/2  2.7671   2.6157  0.1657E-01  0.6334E-02  0.2948E-02    29   4.5667  
  30   9/2  3.3845   3.0537  0.2194E-01  0.7185E-02  0.2796E-02    30   4.6204  
  31  -3/2  3.8480   3.8580  0.2399E-01  0.6218E-02  0.2165E-02    31   4.6918  
  32 -11/2  3.4549   3.2607  0.2492E-01  0.7642E-02  0.1777E-02    32   4.7797  
  33   1/2  4.0723   3.8954  0.2396E-01  0.6151E-02  0.1647E-02    33   4.8392  
  34  13/2  4.0017   3.8953  0.3207E-01  0.8234E-02  0.1517E-02    34   4.9985  
  35   5/2  3.6087   3.6341  0.2353E-01  0.6474E-02  0.1198E-02    35   5.1565  
  36  15/2  3.9466   3.6314  0.3464E-01  0.9539E-02  0.5974E-03    36   5.4068  
  37   7/2  3.5536   3.6139  0.2475E-01  0.6847E-02  0.5172E-03    37   6.2209  
                                                                                
 ENERGIES (LOWEST 6 OUT OF 37):  0.498  1.460  2.297  2.537  2.785  2.984       
 CUTOFF OF THE NORM EIGENVALUE:  0.7243E-05 ( 0.5172E-03 0.7243E-02 0.2356E-01) 
                                                                                
******* SPIN = 23/2 *******                                                     
                                                                                
 BAND KQP=   EQP=    HH/HN=    HH=         HN=       EIGEN NORM  STATE  ENERGY  
   1   1/2  1.5111   2.7779  0.4460E-02  0.1606E-02  0.1823E-01     1   0.9305  
   2  -3/2  1.1283   1.5725  0.7488E-02  0.4762E-02  0.1345E-01     2   2.2501  
   3   5/2  0.7352   1.1613  0.5994E-02  0.5162E-02  0.1321E-01     3   2.6058  
   4  -7/2  1.3526   1.5958  0.8882E-02  0.5566E-02  0.1221E-01     4   2.8804  
   5   9/2  2.6440   2.7179  0.1643E-01  0.6046E-02  0.1163E-01     5   3.1201  
   6  -5/2  3.9466   3.8391  0.2045E-01  0.5326E-02  0.1152E-01     6   3.2304  
   7   3/2  3.5536   3.4733  0.1855E-01  0.5339E-02  0.1130E-01     7   3.2321  
   8  -9/2  4.1710   3.9182  0.2361E-01  0.6026E-02  0.1024E-01     8   3.2431  
   9  11/2  4.1004   3.9086  0.2518E-01  0.6442E-02  0.9713E-02     9   3.3585  
  10   3/2  3.5430   3.6871  0.1678E-01  0.4551E-02  0.8828E-02    10   3.3802  
  11  -1/2  3.1602   2.9295  0.1579E-01  0.5389E-02  0.8409E-02    11   3.3806  
  12   7/2  2.7671   2.7039  0.1548E-01  0.5724E-02  0.8298E-02    12   3.4240  
  13  -5/2  3.3845   3.2750  0.1798E-01  0.5491E-02  0.7539E-02    13   3.7274  
  14  -9/2  3.8480   3.8773  0.2334E-01  0.6020E-02  0.7389E-02    14   3.7430  
  15  -1/2  3.4549   3.5585  0.1852E-01  0.5204E-02  0.5842E-02    15   3.7781  
  16 -13/2  4.0723   3.7858  0.2666E-01  0.7043E-02  0.5473E-02    16   3.8576  
  17   7/2  4.0017   4.1109  0.2366E-01  0.5755E-02  0.5456E-02    17   3.8879  
  18  15/2  3.6087   3.4741  0.2762E-01  0.7950E-02  0.4955E-02    18   4.0262  
  19   9/2  3.9466   3.9123  0.2412E-01  0.6166E-02  0.4386E-02    19   4.1281  
  20  17/2  3.5536   3.3571  0.3145E-01  0.9367E-02  0.4219E-02    20   4.1617  
  21   5/2  4.1710   4.3638  0.2348E-01  0.5381E-02  0.3951E-02    21   4.2890  
  22   1/2  3.9466   3.6730  0.1960E-01  0.5336E-02  0.3908E-02    22   4.4046  
  23  -7/2  3.5536   3.4259  0.1960E-01  0.5720E-02  0.3553E-02    23   4.4078  
  24   5/2  4.1710   3.9964  0.2197E-01  0.5497E-02  0.3073E-02    24   4.4151  
  25  17/2  4.1004   3.8126  0.3170E-01  0.8315E-02  0.2750E-02    25   4.5089  
  26   9/2  3.7073   3.6625  0.2242E-01  0.6122E-02  0.2672E-02    26   4.6639  
  27   1/2  3.5430   3.3304  0.1938E-01  0.5818E-02  0.2393E-02    27   4.7553  
  28   5/2  3.1602   3.1040  0.1669E-01  0.5378E-02  0.2195E-02    28   4.7812  
  29  -3/2  2.7671   2.7598  0.1464E-01  0.5304E-02  0.2005E-02    29   4.8581  
  30   9/2  3.3845   3.1768  0.1933E-01  0.6085E-02  0.1641E-02    30   4.8727  
  31  -3/2  3.8480   3.9534  0.2114E-01  0.5348E-02  0.1482E-02    31   4.9470  
  32 -11/2  3.4549   3.3880  0.2194E-01  0.6474E-02  0.1365E-02    32   5.0016  
  33   1/2  4.0723   4.0290  0.2103E-01  0.5218E-02  0.1289E-02    33   5.0878  
  34  13/2  4.0017   3.9842  0.2813E-01  0.7061E-02  0.1098E-02    34   5.4399  
  35   5/2  3.6087   3.7741  0.2050E-01  0.5431E-02  0.6873E-03    35   5.5568  
  36  15/2  3.9466   3.7286  0.3011E-01  0.8076E-02  0.5584E-03    36   5.7812  
  37   7/2  3.5536   3.7794  0.2127E-01  0.5628E-02  0.2102E-03    37   5.9276  
                                                                                
 ENERGIES (LOWEST 6 OUT OF 37):  0.930  2.250  2.606  2.880  3.120  3.230       
 CUTOFF OF THE NORM EIGENVALUE:  0.5868E-05 ( 0.2102E-03 0.5868E-02 0.1823E-01) 
                                                                                
******* SPIN = 25/2 *******                                                     
                                                                                
 BAND KQP=   EQP=    HH/HN=    HH=         HN=       EIGEN NORM  STATE  ENERGY  
   1   1/2  1.5111   1.5580  0.1193E-01  0.7657E-02  0.1942E-01     1   0.9182  
   2  -3/2  1.1283   1.2737  0.6132E-02  0.4815E-02  0.1173E-01     2   2.0051  
   3   5/2  0.7352   1.3454  0.5511E-02  0.4096E-02  0.1167E-01     3   2.6249  
   4  -7/2  1.3526   1.8400  0.8056E-02  0.4378E-02  0.1142E-01     4   3.0558  
   5   9/2  2.6440   2.9518  0.1409E-01  0.4773E-02  0.1086E-01     5   3.1223  
   6  -5/2  3.9466   3.6878  0.1803E-01  0.4890E-02  0.1027E-01     6   3.2811  
   7   3/2  3.5536   3.5796  0.1626E-01  0.4542E-02  0.9630E-02     7   3.3417  
   8  -9/2  4.1710   4.0287  0.2062E-01  0.5118E-02  0.8960E-02     8   3.3735  
   9  11/2  4.1004   3.9783  0.2196E-01  0.5519E-02  0.8416E-02     9   3.4786  
  10   3/2  3.5430   3.1003  0.1712E-01  0.5523E-02  0.7486E-02    10   3.4911  
  11  -1/2  3.1602   3.1900  0.1405E-01  0.4405E-02  0.7310E-02    11   3.4996  
  12   7/2  2.7671   2.8255  0.1347E-01  0.4766E-02  0.6945E-02    12   3.5909  
  13  -5/2  3.3845   3.4206  0.1564E-01  0.4574E-02  0.6828E-02    13   3.8978  
  14  -9/2  3.8480   3.9810  0.2033E-01  0.5107E-02  0.6223E-02    14   3.9205  
  15  -1/2  3.4549   3.7046  0.1605E-01  0.4333E-02  0.5336E-02    15   3.9510  
  16 -13/2  4.0723   3.9313  0.2318E-01  0.5896E-02  0.4792E-02    16   4.0099  
  17   7/2  4.0017   4.2258  0.2045E-01  0.4840E-02  0.4413E-02    17   4.0898  
  18  15/2  3.6087   3.6215  0.2382E-01  0.6578E-02  0.3912E-02    18   4.3074  
  19   9/2  3.9466   4.0555  0.2064E-01  0.5089E-02  0.3571E-02    19   4.3263  
  20  17/2  3.5536   3.5284  0.2678E-01  0.7589E-02  0.3496E-02    20   4.3652  
  21   5/2  4.1710   4.5532  0.1983E-01  0.4356E-02  0.3112E-02    21   4.4552  
  22   1/2  3.9466   3.9069  0.1742E-01  0.4458E-02  0.3032E-02    22   4.4660  
  23  -7/2  3.5536   3.5239  0.1711E-01  0.4855E-02  0.2638E-02    23   4.6136  
  24   5/2  4.1710   4.1131  0.1920E-01  0.4668E-02  0.2572E-02    24   4.6262  
  25  17/2  4.1004   3.8666  0.2764E-01  0.7148E-02  0.2159E-02    25   4.7066  
  26   9/2  3.7073   3.7775  0.1941E-01  0.5139E-02  0.2001E-02    26   4.7310  
  27   1/2  3.5430   3.3086  0.1427E-01  0.4312E-02  0.1851E-02    27   4.9833  
  28   5/2  3.1602   2.9580  0.1440E-01  0.4867E-02  0.1825E-02    28   5.0108  
  29  -3/2  2.7671   2.8987  0.1281E-01  0.4419E-02  0.1610E-02    29   5.0757  
  30   9/2  3.3845   3.3157  0.1681E-01  0.5070E-02  0.1436E-02    30   5.1117  
  31  -3/2  3.8480   4.0632  0.1840E-01  0.4530E-02  0.1221E-02    31   5.2253  
  32 -11/2  3.4549   3.5300  0.1906E-01  0.5399E-02  0.9192E-03    32   5.3605  
  33   1/2  4.0723   4.1778  0.1821E-01  0.4358E-02  0.8552E-03    33   5.4271  
  34  13/2  4.0017   4.0893  0.2436E-01  0.5958E-02  0.7727E-03    34   5.6587  
  35   5/2  3.6087   3.9309  0.1761E-01  0.4480E-02  0.5737E-03    35   5.7404  
  36  15/2  3.9466   3.8514  0.2582E-01  0.6705E-02  0.2633E-03    36   6.0584  
  37   7/2  3.5536   3.9642  0.1800E-01  0.4539E-02  0.2215E-03    37   7.0564  
                                                                                
 ENERGIES (LOWEST 6 OUT OF 37):  0.918  2.005  2.625  3.056  3.122  3.281       
 CUTOFF OF THE NORM EIGENVALUE:  0.5128E-05 ( 0.2215E-03 0.5128E-02 0.1942E-01) 
                                                                                
******* SPIN = 27/2 *******                                                     
                                                                                
 BAND KQP=   EQP=    HH/HN=    HH=         HN=       EIGEN NORM  STATE  ENERGY  
   1   1/2  1.5111   3.2343  0.2862E-02  0.8848E-03  0.1344E-01     1   1.4828  
   2  -3/2  1.1283   2.0958  0.6005E-02  0.2865E-02  0.9972E-02     2   2.8250  
   3   5/2  0.7352   1.7061  0.5237E-02  0.3070E-02  0.9905E-02     3   2.9277  
   4  -7/2  1.3526   2.1301  0.7153E-02  0.3358E-02  0.9622E-02     4   3.3093  
   5   9/2  2.6440   3.2158  0.1185E-01  0.3684E-02  0.8914E-02     5   3.4663  
   6  -5/2  3.9466   4.0881  0.1550E-01  0.3792E-02  0.8320E-02     6   3.5244  
   7   3/2  3.5536   3.7181  0.1398E-01  0.3760E-02  0.8028E-02     7   3.5604  
   8  -9/2  4.1710   4.1598  0.1779E-01  0.4277E-02  0.7687E-02     8   3.6163  
   9  11/2  4.1004   4.0660  0.1892E-01  0.4653E-02  0.6277E-02     9   3.6377  
  10   3/2  3.5430   4.0452  0.1222E-01  0.3021E-02  0.5970E-02    10   3.7644  
  11  -1/2  3.1602   3.1566  0.1208E-01  0.3826E-02  0.5928E-02    11   3.7819  
  12   7/2  2.7671   3.0214  0.1167E-01  0.3861E-02  0.5692E-02    12   3.9526  
  13  -5/2  3.3845   3.5989  0.1343E-01  0.3733E-02  0.5017E-02    13   4.0238  
  14  -9/2  3.8480   4.1003  0.1749E-01  0.4265E-02  0.4487E-02    14   4.1184  
  15  -1/2  3.4549   3.8666  0.1372E-01  0.3549E-02  0.3994E-02    15   4.2067  
  16 -13/2  4.0723   4.0924  0.1988E-01  0.4858E-02  0.3503E-02    16   4.2617  
  17   7/2  4.0017   4.3590  0.1745E-01  0.4003E-02  0.3386E-02    17   4.3072  
  18  15/2  3.6087   3.7861  0.2026E-01  0.5351E-02  0.3028E-02    18   4.5320  
  19   9/2  3.9466   4.2215  0.1739E-01  0.4120E-02  0.2856E-02    19   4.6099  
  20  17/2  3.5536   3.7211  0.2244E-01  0.6031E-02  0.2403E-02    20   4.6630  
  21   5/2  4.1710   4.7622  0.1648E-01  0.3460E-02  0.2315E-02    21   4.8022  
  22   1/2  3.9466   3.8374  0.1512E-01  0.3940E-02  0.2285E-02    22   4.8444  
  23  -7/2  3.5536   3.6795  0.1481E-01  0.4024E-02  0.1931E-02    23   4.8718  
  24   5/2  4.1710   4.2575  0.1657E-01  0.3891E-02  0.1737E-02    24   4.9720  
  25  17/2  4.1004   3.9291  0.2381E-01  0.6060E-02  0.1508E-02    25   5.0558  
  26   9/2  3.7073   3.9143  0.1659E-01  0.4238E-02  0.1470E-02    26   5.1706  
  27   1/2  3.5430   3.6639  0.1444E-01  0.3940E-02  0.1368E-02    27   5.2563  
  28   5/2  3.1602   3.4110  0.1259E-01  0.3692E-02  0.1164E-02    28   5.3815  
  29  -3/2  2.7671   3.0651  0.1099E-01  0.3584E-02  0.1047E-02    29   5.4146  
  30   9/2  3.3845   3.4802  0.1444E-01  0.4148E-02  0.8930E-03    30   5.5234  
  31  -3/2  3.8480   4.1888  0.1582E-01  0.3777E-02  0.7187E-03    31   5.6566  
  32 -11/2  3.4549   3.6875  0.1634E-01  0.4430E-02  0.6513E-03    32   5.7025  
  33   1/2  4.0723   4.3427  0.1555E-01  0.3581E-02  0.6444E-03    33   5.7570  
  34  13/2  4.0017   4.2126  0.2083E-01  0.4944E-02  0.5610E-03    34   6.0594  
  35   5/2  3.6087   4.1054  0.1491E-01  0.3632E-02  0.3095E-03    35   6.1947  
  36  15/2  3.9466   3.9999  0.2183E-01  0.5458E-02  0.2411E-03    36   6.5865  
  37   7/2  3.5536   4.1688  0.1498E-01  0.3593E-02  0.8258E-04    37   6.7496  
                                                                                
 ENERGIES (LOWEST 6 OUT OF 37):  1.483  2.825  2.928  3.309  3.466  3.524       
 CUTOFF OF THE NORM EIGENVALUE:  0.3983E-05 ( 0.8258E-04 0.3983E-02 0.1344E-01) 
                                                                                
******* SPIN = 29/2 *******                                                     
                                                                                
 BAND KQP=   EQP=    HH/HN=    HH=         HN=       EIGEN NORM  STATE  ENERGY  
   1   1/2  1.5111   2.0404  0.9891E-02  0.4848E-02  0.1465E-01     1   1.4477  
   2  -3/2  1.1283   1.7455  0.5197E-02  0.2978E-02  0.9034E-02     2   2.6545  
   3   5/2  0.7352   1.9014  0.4481E-02  0.2357E-02  0.8366E-02     3   2.8771  
   4  -7/2  1.3526   2.4190  0.6121E-02  0.2530E-02  0.7938E-02     4   3.5033  
   5   9/2  2.6440   3.5046  0.9750E-02  0.2782E-02  0.7602E-02     5   3.6082  
   6  -5/2  3.9466   3.8409  0.1356E-01  0.3531E-02  0.7594E-02     6   3.6731  
   7   3/2  3.5536   3.8762  0.1196E-01  0.3085E-02  0.6604E-02     7   3.6771  
   8  -9/2  4.1710   4.3051  0.1515E-01  0.3519E-02  0.6412E-02     8   3.7735  
   9  11/2  4.1004   4.1770  0.1610E-01  0.3854E-02  0.5383E-02     9   3.8017  
  10   3/2  3.5430   3.2800  0.1329E-01  0.4053E-02  0.4764E-02    10   3.8068  
  11  -1/2  3.1602   3.4527  0.1021E-01  0.2956E-02  0.4707E-02    11   3.9707  
  12   7/2  2.7671   3.1613  0.9853E-02  0.3117E-02  0.4570E-02    12   3.9961  
  13  -5/2  3.3845   3.7869  0.1136E-01  0.3001E-02  0.4360E-02    13   4.1803  
  14  -9/2  3.8480   4.2367  0.1485E-01  0.3505E-02  0.3951E-02    14   4.3366  
  15  -1/2  3.4549   4.0454  0.1157E-01  0.2860E-02  0.3320E-02    15   4.4354  
  16 -13/2  4.0723   4.2700  0.1681E-01  0.3938E-02  0.2964E-02    16   4.4711  
  17   7/2  4.0017   4.5121  0.1468E-01  0.3253E-02  0.2737E-02    17   4.6567  
  18  15/2  3.6087   3.9693  0.1698E-01  0.4278E-02  0.2298E-02    18   4.7470  
  19   9/2  3.9466   4.4103  0.1443E-01  0.3272E-02  0.2242E-02    19   4.8602  
  20  17/2  3.5536   3.9354  0.1850E-01  0.4701E-02  0.1902E-02    20   4.8839  
  21   5/2  4.1710   4.9910  0.1346E-01  0.2697E-02  0.1762E-02    21   5.0958  
  22   1/2  3.9466   4.1153  0.1278E-01  0.3104E-02  0.1691E-02    22   5.1150  
  23  -7/2  3.5536   3.7951  0.1259E-01  0.3318E-02  0.1416E-02    23   5.1436  
  24   5/2  4.1710   4.4099  0.1411E-01  0.3200E-02  0.1393E-02    24   5.1470  
  25  17/2  4.1004   4.0095  0.2027E-01  0.5056E-02  0.1182E-02    25   5.2334  
  26   9/2  3.7073   4.0754  0.1398E-01  0.3431E-02  0.1059E-02    26   5.4938  
  27   1/2  3.5430   3.4108  0.1097E-01  0.3215E-02  0.1007E-02    27   5.5186  
  28   5/2  3.1602   3.1713  0.1071E-01  0.3377E-02  0.9365E-03    28   5.6708  
  29  -3/2  2.7671   3.2644  0.9371E-02  0.2871E-02  0.8285E-03    29   5.6905  
  30   9/2  3.3845   3.6589  0.1221E-01  0.3337E-02  0.6777E-03    30   5.7438  
  31  -3/2  3.8480   4.3315  0.1342E-01  0.3098E-02  0.6413E-03    31   5.8444  
  32 -11/2  3.4549   3.8616  0.1381E-01  0.3576E-02  0.4441E-03    32   5.9749  
  33   1/2  4.0723   4.5246  0.1310E-01  0.2895E-02  0.4182E-03    33   6.1529  
  34  13/2  4.0017   4.3555  0.1756E-01  0.4032E-02  0.3568E-03    34   6.3933  
  35   5/2  3.6087   4.2988  0.1244E-01  0.2894E-02  0.2537E-03    35   6.4195  
  36  15/2  3.9466   4.1738  0.1818E-01  0.4355E-02  0.1074E-03    36   6.8013  
  37   7/2  3.5536   4.3933  0.1226E-01  0.2791E-02  0.8814E-04    37   7.9604  
                                                                                
 ENERGIES (LOWEST 6 OUT OF 37):  1.448  2.655  2.877  3.503  3.608  3.673       
 CUTOFF OF THE NORM EIGENVALUE:  0.3396E-05 ( 0.8814E-04 0.3396E-02 0.1465E-01) 
                                                                                
******* SPIN = 31/2 *******                                                     
                                                                                
 BAND KQP=   EQP=    HH/HN=    HH=         HN=       EIGEN NORM  STATE  ENERGY  
   1   1/2  1.5111   3.7923  0.1716E-02  0.4524E-03  0.9060E-02     1   2.1390  
   2  -3/2  1.1283   2.7361  0.4299E-02  0.1571E-02  0.7559E-02     2   3.1736  
   3   5/2  0.7352   2.3621  0.3943E-02  0.1669E-02  0.6883E-02     3   3.6415  
   4  -7/2  1.3526   2.7723  0.5138E-02  0.1853E-02  0.6411E-02     4   3.7694  
   5   9/2  2.6440   3.8247  0.7856E-02  0.2054E-02  0.6349E-02     5   3.8315  
   6  -5/2  3.9466   4.4191  0.1113E-01  0.2519E-02  0.5424E-02     6   3.8547  
   7   3/2  3.5536   4.0374  0.1001E-01  0.2478E-02  0.5305E-02     7   3.9520  
   8  -9/2  4.1710   4.4797  0.1274E-01  0.2843E-02  0.5139E-02     8   3.9961  
   9  11/2  4.1004   4.3153  0.1352E-01  0.3134E-02  0.3891E-02     9   4.0639  
  10   3/2  3.5430   4.4926  0.8329E-02  0.1854E-02  0.3658E-02    10   4.2328  
  11  -1/2  3.1602   3.5097  0.8796E-02  0.2506E-02  0.3652E-02    11   4.3073  
  12   7/2  2.7671   3.4325  0.8303E-02  0.2419E-02  0.3593E-02    12   4.3773  
  13  -5/2  3.3845   4.0076  0.9462E-02  0.2361E-02  0.3037E-02    13   4.5751  
  14  -9/2  3.8480   4.3913  0.1244E-01  0.2833E-02  0.2636E-02    14   4.6925  
  15  -1/2  3.4549   4.2422  0.9611E-02  0.2266E-02  0.2365E-02    15   4.7057  
  16 -13/2  4.0723   4.4651  0.1402E-01  0.3139E-02  0.2105E-02    16   4.8004  
  17   7/2  4.0017   4.6862  0.1217E-01  0.2598E-02  0.1914E-02    17   4.9172  
  18  15/2  3.6087   4.1720  0.1402E-01  0.3359E-02  0.1728E-02    18   4.9748  
  19   9/2  3.9466   4.6218  0.1177E-01  0.2548E-02  0.1709E-02    19   5.1297  
  20  17/2  3.5536   4.1711  0.1499E-01  0.3593E-02  0.1290E-02    20   5.2979  
  21   5/2  4.1710   5.2397  0.1080E-01  0.2062E-02  0.1229E-02    21   5.3695  
  22   1/2  3.9466   4.1110  0.1112E-01  0.2705E-02  0.1226E-02    22   5.4390  
  23  -7/2  3.5536   4.0132  0.1062E-01  0.2645E-02  0.9889E-03    23   5.4944  
  24   5/2  4.1710   4.5921  0.1184E-01  0.2579E-02  0.9297E-03    24   5.5268  
  25  17/2  4.1004   4.1153  0.1705E-01  0.4144E-02  0.7487E-03    25   5.7395  
  26   9/2  3.7073   4.2630  0.1161E-01  0.2724E-02  0.7326E-03    26   5.7991  
  27   1/2  3.5430   4.0964  0.1005E-01  0.2454E-02  0.7267E-03    27   5.8912  
  28   5/2  3.1602   3.8178  0.8959E-02  0.2347E-02  0.5814E-03    28   5.9799  
  29  -3/2  2.7671   3.4580  0.7793E-02  0.2254E-02  0.5061E-03    29   6.1617  
  30   9/2  3.3845   3.8746  0.1019E-01  0.2630E-02  0.4520E-03    30   6.1808  
  31  -3/2  3.8480   4.4926  0.1123E-01  0.2500E-02  0.3210E-03    31   6.3143  
  32 -11/2  3.4549   4.0533  0.1150E-01  0.2838E-02  0.3007E-03    32   6.5008  
  33   1/2  4.0723   4.7244  0.1087E-01  0.2301E-02  0.2903E-03    33   6.6940  
  34  13/2  4.0017   4.5197  0.1460E-01  0.3230E-02  0.2611E-03    34   6.7495  
  35   5/2  3.6087   4.5121  0.1022E-01  0.2265E-02  0.1291E-03    35   6.9018  
  36  15/2  3.9466   4.3726  0.1489E-01  0.3406E-02  0.9647E-04    36   7.4705  
  37   7/2  3.5536   4.6379  0.9863E-02  0.2127E-02  0.3010E-04    37   7.6685  
                                                                                
 ENERGIES (LOWEST 6 OUT OF 37):  2.139  3.174  3.641  3.769  3.832  3.855       
 CUTOFF OF THE NORM EIGENVALUE:  0.2521E-05 ( 0.3010E-04 0.2521E-02 0.9060E-02) 
                                                                                
******* SPIN = 33/2 *******                                                     
                                                                                
 BAND KQP=   EQP=    HH/HN=    HH=         HN=       EIGEN NORM  STATE  ENERGY  
   1   1/2  1.5111   2.6333  0.7341E-02  0.2788E-02  0.1014E-01     1   2.0768  
   2  -3/2  1.1283   2.3394  0.3932E-02  0.1681E-02  0.6668E-02     2   3.2069  
   3   5/2  0.7352   2.5553  0.3180E-02  0.1245E-02  0.5551E-02     3   3.3964  
   4  -7/2  1.3526   3.0977  0.4151E-02  0.1340E-02  0.5206E-02     4   3.9517  
   5   9/2  2.6440   4.1635  0.6183E-02  0.1485E-02  0.5066E-02     5   3.9916  
   6  -5/2  3.9466   4.0766  0.9761E-02  0.2394E-02  0.4632E-02     6   3.9976  
   7   3/2  3.5536   4.2534  0.8316E-02  0.1955E-02  0.4394E-02     7   4.1533  
   8  -9/2  4.1710   4.6640  0.1054E-01  0.2261E-02  0.4006E-02     8   4.1898  
   9  11/2  4.1004   4.4837  0.1120E-01  0.2498E-02  0.3240E-02     9   4.2225  
  10   3/2  3.5430   3.5754  0.9862E-02  0.2758E-02  0.2782E-02    10   4.4915  
  11  -1/2  3.1602   3.7811  0.7039E-02  0.1862E-02  0.2767E-02    11   4.5272  
  12   7/2  2.7671   3.5842  0.6789E-02  0.1894E-02  0.2701E-02    12   4.6121  
  13  -5/2  3.3845   4.2457  0.7757E-02  0.1827E-02  0.2494E-02    13   4.6630  
  14  -9/2  3.8480   4.5659  0.1028E-01  0.2251E-02  0.2279E-02    14   4.8338  
  15  -1/2  3.4549   4.4577  0.7865E-02  0.1764E-02  0.2005E-02    15   4.9750  
  16 -13/2  4.0723   4.6788  0.1151E-01  0.2460E-02  0.1593E-02    16   5.0918  
  17   7/2  4.0017   4.8826  0.9945E-02  0.2037E-02  0.1580E-02    17   5.2181  
  18  15/2  3.6087   4.3956  0.1139E-01  0.2591E-02  0.1305E-02    18   5.3107  
  19   9/2  3.9466   4.8560  0.9445E-02  0.1945E-02  0.1248E-02    19   5.4013  
  20  17/2  3.5536   4.4285  0.1193E-01  0.2694E-02  0.9664E-03    20   5.4438  
  21   5/2  4.1710   5.5085  0.8520E-02  0.1547E-02  0.8986E-03    21   5.6615  
  22   1/2  3.9466   4.3719  0.8934E-02  0.2043E-02  0.8766E-03    22   5.7565  
  23  -7/2  3.5536   4.1427  0.8778E-02  0.2119E-02  0.7242E-03    23   5.8298  
  24   5/2  4.1710   4.7881  0.9804E-02  0.2048E-02  0.6900E-03    24   5.8846  
  25  17/2  4.1004   4.2517  0.1416E-01  0.3331E-02  0.5916E-03    25   6.0087  
  26   9/2  3.7073   4.4785  0.9495E-02  0.2120E-02  0.5198E-03    26   6.0985  
  27   1/2  3.5430   3.6437  0.8139E-02  0.2234E-02  0.5149E-03    27   6.3093  
  28   5/2  3.1602   3.4837  0.7609E-02  0.2184E-02  0.4323E-03    28   6.3642  
  29  -3/2  2.7671   3.7206  0.6437E-02  0.1730E-02  0.4019E-03    29   6.4686  
  30   9/2  3.3845   4.0957  0.8355E-02  0.2040E-02  0.3128E-03    30   6.5278  
  31  -3/2  3.8480   4.6733  0.9267E-02  0.1983E-02  0.2952E-03    31   6.5670  
  32 -11/2  3.4549   4.2637  0.9442E-02  0.2214E-02  0.2003E-03    32   6.6742  
  33   1/2  4.0723   4.9431  0.8886E-02  0.1798E-02  0.1903E-03    33   6.9592  
  34  13/2  4.0017   4.7064  0.1196E-01  0.2541E-02  0.1515E-03    34   7.1165  
  35   5/2  3.6087   4.7460  0.8260E-02  0.1740E-02  0.1038E-03    35   7.2728  
  36  15/2  3.9466   4.5961  0.1200E-01  0.2610E-02  0.4064E-04    36   7.6289  
  37   7/2  3.5536   4.9028  0.7795E-02  0.1590E-02  0.3266E-04    37   8.9277  
                                                                                
 ENERGIES (LOWEST 6 OUT OF 37):  2.077  3.207  3.396  3.952  3.992  3.998       
 CUTOFF OF THE NORM EIGENVALUE:  0.2097E-05 ( 0.3266E-04 0.2097E-02 0.1014E-01) 
                                                                                
******* SPIN = 35/2 *******                                                     
                                                                                
 BAND KQP=   EQP=    HH/HN=    HH=         HN=       EIGEN NORM  STATE  ENERGY  
   1   1/2  1.5111   4.4526  0.9545E-03  0.2144E-03  0.5767E-02     1   2.8848  
   2  -3/2  1.1283   3.4841  0.2741E-02  0.7866E-03  0.5033E-02     2   3.6444  
   3   5/2  0.7352   3.1238  0.2596E-02  0.8310E-03  0.4387E-02     3   4.1561  
   4  -7/2  1.3526   3.5173  0.3294E-02  0.9366E-03  0.4185E-02     4   4.1835  
   5   9/2  2.6440   4.5374  0.4761E-02  0.1049E-02  0.3916E-02     5   4.3488  
   6  -5/2  3.9466   4.8438  0.7518E-02  0.1552E-02  0.3491E-02     6   4.3793  
   7   3/2  3.5536   4.4454  0.6763E-02  0.1521E-02  0.3095E-02     7   4.4779  
   8  -9/2  4.1710   4.8902  0.8607E-02  0.1760E-02  0.3054E-02     8   4.5690  
   9  11/2  4.1004   4.6837  0.9139E-02  0.1951E-02  0.2294E-02     9   4.6950  
  10   3/2  3.5430   5.0324  0.5284E-02  0.1050E-02  0.2088E-02    10   4.7719  
  11  -1/2  3.1602   3.9924  0.6015E-02  0.1507E-02  0.2069E-02    11   4.8795  
  12   7/2  2.7671   3.9478  0.5533E-02  0.1401E-02  0.1969E-02    12   4.9545  
  13  -5/2  3.3845   4.5104  0.6241E-02  0.1384E-02  0.1670E-02    13   5.1133  
  14  -9/2  3.8480   4.7610  0.8368E-02  0.1758E-02  0.1502E-02    14   5.2742  
  15  -1/2  3.4549   4.6929  0.6336E-02  0.1350E-02  0.1193E-02    15   5.2837  
  16 -13/2  4.0723   4.9120  0.9303E-02  0.1894E-02  0.1185E-02    16   5.4811  
  17   7/2  4.0017   5.1019  0.7998E-02  0.1568E-02  0.9919E-03    17   5.6240  
  18  15/2  3.6087   4.6409  0.9102E-02  0.1961E-02  0.9659E-03    18   5.6778  
  19   9/2  3.9466   5.1126  0.7443E-02  0.1456E-02  0.8928E-03    19   5.6979  
  20  17/2  3.5536   4.7072  0.9322E-02  0.1980E-02  0.6519E-03    20   5.9732  
  21   5/2  4.1710   5.7973  0.6598E-02  0.1138E-02  0.6142E-03    21   6.0786  
  22   1/2  3.9466   4.5021  0.7720E-02  0.1715E-02  0.5886E-03    22   6.0953  
  23  -7/2  3.5536   4.4394  0.7178E-02  0.1617E-02  0.4732E-03    23   6.1658  
  24   5/2  4.1710   5.0111  0.7980E-02  0.1593E-02  0.4540E-03    24   6.2961  
  25  17/2  4.1004   4.4219  0.1160E-01  0.2623E-02  0.3595E-03    25   6.4168  
  26   9/2  3.7073   4.7226  0.7634E-02  0.1617E-02  0.3528E-03    26   6.4180  
  27   1/2  3.5430   4.6285  0.6500E-02  0.1404E-02  0.3253E-03    27   6.6594  
  28   5/2  3.1602   4.3325  0.5957E-02  0.1375E-02  0.2739E-03    28   6.8024  
  29  -3/2  2.7671   3.9513  0.5185E-02  0.1312E-02  0.2270E-03    29   6.9090  
  30   9/2  3.3845   4.3710  0.6752E-02  0.1545E-02  0.2123E-03    30   6.9976  
  31  -3/2  3.8480   4.8746  0.7535E-02  0.1546E-02  0.1326E-03    31   7.0544  
  32 -11/2  3.4549   4.4937  0.7630E-02  0.1698E-02  0.1309E-03    32   7.3838  
  33   1/2  4.0723   5.1814  0.7151E-02  0.1380E-02  0.1242E-03    33   7.5117  
  34  13/2  4.0017   4.9166  0.9647E-02  0.1962E-02  0.1078E-03    34   7.6573  
  35   5/2  3.6087   5.0012  0.6567E-02  0.1313E-02  0.4999E-04    35   7.7159  
  36  15/2  3.9466   4.8436  0.9495E-02  0.1960E-02  0.3586E-04    36   8.4161  
  37   7/2  3.5536   5.1880  0.6049E-02  0.1166E-02  0.1020E-04    37   8.6739  
                                                                                
 ENERGIES (LOWEST 6 OUT OF 37):  2.885  3.644  4.156  4.184  4.349  4.379       
 CUTOFF OF THE NORM EIGENVALUE:  0.1483E-05 ( 0.1020E-04 0.1483E-02 0.5767E-02) 
                                                                                
******* SPIN = 37/2 *******                                                     
                                                                                
 BAND KQP=   EQP=    HH/HN=    HH=         HN=       EIGEN NORM  STATE  ENERGY  
   1   1/2  1.5111   3.3283  0.4859E-02  0.1460E-02  0.6466E-02     1   2.7932  
   2  -3/2  1.1283   3.0445  0.2639E-02  0.8667E-03  0.4428E-02     2   3.6521  
   3   5/2  0.7352   3.3016  0.1995E-02  0.6043E-03  0.3395E-02     3   4.2057  
   4  -7/2  1.3526   3.8688  0.2519E-02  0.6511E-03  0.3297E-02     4   4.3834  
   5   9/2  2.6440   4.9200  0.3578E-02  0.7273E-03  0.2959E-02     5   4.3973  
   6  -5/2  3.9466   4.4142  0.6683E-02  0.1514E-02  0.2718E-02     6   4.5902  
   7   3/2  3.5536   4.7170  0.5432E-02  0.1152E-02  0.2596E-02     7   4.6301  
   8  -9/2  4.1710   5.1143  0.6906E-02  0.1350E-02  0.2278E-02     8   4.7623  
   9  11/2  4.1004   4.9159  0.7334E-02  0.1492E-02  0.1796E-02     9   4.8213  
  10   3/2  3.5430   3.9941  0.6905E-02  0.1729E-02  0.1543E-02    10   5.0735  
  11  -1/2  3.1602   4.1970  0.4594E-02  0.1095E-02  0.1506E-02    11   5.1782  
  12   7/2  2.7671   4.1016  0.4374E-02  0.1066E-02  0.1399E-02    12   5.2436  
  13  -5/2  3.3845   4.8032  0.4941E-02  0.1029E-02  0.1291E-02    13   5.4135  
  14  -9/2  3.8480   4.9784  0.6711E-02  0.1348E-02  0.1196E-02    14   5.5281  
  15  -1/2  3.4549   4.9484  0.5022E-02  0.1015E-02  0.1106E-02    15   5.6145  
  16 -13/2  4.0723   5.1655  0.7400E-02  0.1433E-02  0.8677E-03    16   5.7672  
  17   7/2  4.0017   5.3449  0.6328E-02  0.1184E-02  0.7662E-03    17   5.8062  
  18  15/2  3.6087   4.9087  0.7153E-02  0.1457E-02  0.7009E-03    18   6.0196  
  19   9/2  3.9466   5.3914  0.5760E-02  0.1068E-02  0.6264E-03    19   6.0597  
  20  17/2  3.5536   5.0074  0.7149E-02  0.1428E-02  0.4615E-03    20   6.1492  
  21   5/2  4.1710   6.1062  0.5016E-02  0.8215E-03  0.4226E-03    21   6.3077  
  22   1/2  3.9466   4.7017  0.5945E-02  0.1264E-02  0.4113E-03    22   6.4535  
  23  -7/2  3.5536   4.5759  0.5764E-02  0.1260E-02  0.3450E-03    23   6.5311  
  24   5/2  4.1710   5.2567  0.6402E-02  0.1218E-02  0.3185E-03    24   6.7022  
  25  17/2  4.1004   4.6276  0.9358E-02  0.2022E-02  0.2705E-03    25   6.7578  
  26   9/2  3.7073   4.9956  0.6030E-02  0.1207E-02  0.2454E-03    26   6.9399  
  27   1/2  3.5430   4.0181  0.5745E-02  0.1430E-02  0.2357E-03    27   7.0306  
  28   5/2  3.1602   3.9101  0.5117E-02  0.1309E-02  0.1838E-03    28   7.2702  
  29  -3/2  2.7671   4.2707  0.4121E-02  0.9649E-03  0.1830E-03    29   7.3004  
  30   9/2  3.3845   4.6323  0.5344E-02  0.1154E-02  0.1415E-03    30   7.3369  
  31  -3/2  3.8480   5.0973  0.6033E-02  0.1184E-02  0.1191E-03    31   7.4540  
  32 -11/2  3.4549   4.7442  0.6067E-02  0.1279E-02  0.8434E-04    32   7.5001  
  33   1/2  4.0723   5.4400  0.5663E-02  0.1041E-02  0.8033E-04    33   7.8314  
  34  13/2  4.0017   5.1511  0.7657E-02  0.1486E-02  0.5950E-04    34   7.9169  
  35   5/2  3.6087   5.2784  0.5133E-02  0.9725E-03  0.3939E-04    35   8.2146  
  36  15/2  3.9466   5.1147  0.7379E-02  0.1443E-02  0.1430E-04    36   8.5355  
  37   7/2  3.5536   5.4936  0.4608E-02  0.8388E-03  0.1129E-04    37   9.9536  
                                                                                
 ENERGIES (LOWEST 6 OUT OF 37):  2.793  3.652  4.206  4.383  4.397  4.590       
 CUTOFF OF THE NORM EIGENVALUE:  0.1204E-05 ( 0.1129E-04 0.1204E-02 0.6466E-02) 
                                                                                
******* SPIN = 39/2 *******                                                     
                                                                                
 BAND KQP=   EQP=    HH/HN=    HH=         HN=       EIGEN NORM  STATE  ENERGY  
   1   1/2  1.5111   5.2110  0.4904E-03  0.9411E-04  0.3552E-02     1   3.7027  
   2  -3/2  1.1283   4.3300  0.1562E-02  0.3606E-03  0.2849E-02     2   4.2536  
   3   5/2  0.7352   3.9840  0.1511E-02  0.3793E-03  0.2573E-02     3   4.6336  
   4  -7/2  1.3526   4.3589  0.1892E-02  0.4342E-03  0.2546E-02     4   4.6422  
   5   9/2  2.6440   5.3462  0.2631E-02  0.4921E-03  0.2185E-02     5   4.9071  
   6  -5/2  3.9466   5.3684  0.4746E-02  0.8841E-03  0.2073E-02     6   5.0562  
   7   3/2  3.5536   4.9516  0.4288E-02  0.8660E-03  0.1665E-02     7   5.0826  
   8  -9/2  4.1710   5.3992  0.5456E-02  0.1010E-02  0.1660E-02     8   5.3957  
   9  11/2  4.1004   5.1802  0.5782E-02  0.1116E-02  0.1232E-02     9   5.3991  
  10   3/2  3.5430   5.6648  0.3105E-02  0.5481E-03  0.1117E-02    10   5.4617  
  11  -1/2  3.1602   4.5996  0.3812E-02  0.8289E-03  0.1073E-02    11   5.5012  
  12   7/2  2.7671   4.5716  0.3423E-02  0.7486E-03  0.9921E-03    12   5.6915  
  13  -5/2  3.3845   5.1122  0.3831E-02  0.7494E-03  0.8366E-03    13   5.7352  
  14  -9/2  3.8480   5.2176  0.5297E-02  0.1015E-02  0.7715E-03    14   5.9511  
  15  -1/2  3.4549   5.2249  0.3915E-02  0.7494E-03  0.6245E-03    15   5.9715  
  16 -13/2  4.0723   5.4400  0.5790E-02  0.1064E-02  0.5461E-03    16   6.0766  
  17   7/2  4.0017   5.6119  0.4922E-02  0.8772E-03  0.4981E-03    17   6.3656  
  18  15/2  3.6087   5.1995  0.5523E-02  0.1062E-02  0.4723E-03    18   6.4323  
  19   9/2  3.9466   5.6920  0.4375E-02  0.7687E-03  0.4309E-03    19   6.6035  
  20  17/2  3.5536   5.3289  0.5378E-02  0.1009E-02  0.3051E-03    20   6.6632  
  21   5/2  4.1710   6.4351  0.3743E-02  0.5817E-03  0.2855E-03    21   6.8323  
  22   1/2  3.9466   5.0105  0.5008E-02  0.9995E-03  0.2623E-03    22   6.9185  
  23  -7/2  3.5536   4.9659  0.4546E-02  0.9154E-03  0.2105E-03    23   6.9426  
  24   5/2  4.1710   5.5219  0.5040E-02  0.9127E-03  0.2008E-03    24   7.1176  
  25  17/2  4.1004   4.8690  0.7424E-02  0.1525E-02  0.1644E-03    25   7.1651  
  26   9/2  3.7073   5.2973  0.4675E-02  0.8825E-03  0.1547E-03    26   7.2187  
  27   1/2  3.5430   5.2583  0.3883E-02  0.7384E-03  0.1332E-03    27   7.4220  
  28   5/2  3.1602   4.9563  0.3672E-02  0.7410E-03  0.1216E-03    28   7.7111  
  29  -3/2  2.7671   4.5515  0.3211E-02  0.7055E-03  0.9464E-04    29   7.7502  
  30   9/2  3.3845   4.9742  0.4165E-02  0.8372E-03  0.9252E-04    30   7.8729  
  31  -3/2  3.8480   5.3422  0.4754E-02  0.8899E-03  0.5318E-04    31   7.9329  
  32 -11/2  3.4549   5.0157  0.4744E-02  0.9459E-03  0.5226E-04    32   8.3100  
  33   1/2  4.0723   5.7196  0.4411E-02  0.7712E-03  0.4888E-04    33   8.3806  
  34  13/2  4.0017   5.4103  0.5976E-02  0.1105E-02  0.4029E-04    34   8.5407  
  35   5/2  3.6087   5.5778  0.3942E-02  0.7067E-03  0.1801E-04    35   8.7431  
  36  15/2  3.9466   5.4090  0.5629E-02  0.1041E-02  0.1240E-04    36   9.4200  
  37   7/2  3.5536   5.8194  0.3445E-02  0.5920E-03  0.3225E-05    37   9.7519  
                                                                                
 ENERGIES (LOWEST 6 OUT OF 37):  3.703  4.254  4.634  4.642  4.907  5.056       
 CUTOFF OF THE NORM EIGENVALUE:  0.8094E-06 ( 0.3225E-05 0.8094E-03 0.3552E-02) 
                                                                                
******* SPIN = 41/2 *******                                                     
                                                                                
 BAND KQP=   EQP=    HH/HN=    HH=         HN=       EIGEN NORM  STATE  ENERGY  
   1   1/2  1.5111   4.1172  0.2877E-02  0.6987E-03  0.3815E-02     1   3.5827  
   2  -3/2  1.1283   3.8496  0.1575E-02  0.4091E-03  0.2628E-02     2   4.2188  
   3   5/2  0.7352   4.1337  0.1117E-02  0.2702E-03  0.1925E-02     3   4.9082  
   4  -7/2  1.3526   4.7247  0.1375E-02  0.2910E-03  0.1908E-02     4   4.9187  
   5   9/2  2.6440   5.7651  0.1888E-02  0.3275E-03  0.1576E-02     5   5.0686  
   6  -5/2  3.9466   4.8627  0.4314E-02  0.8871E-03  0.1548E-02     6   5.2101  
   7   3/2  3.5536   5.2697  0.3315E-02  0.6291E-03  0.1342E-02     7   5.2940  
   8  -9/2  4.1710   5.6597  0.4231E-02  0.7475E-03  0.1191E-02     8   5.4267  
   9  11/2  4.1004   5.4759  0.4474E-02  0.8170E-03  0.9085E-03     9   5.5798  
  10   3/2  3.5430   4.5342  0.4506E-02  0.9937E-03  0.7919E-03    10   5.7386  
  11  -1/2  3.1602   4.7152  0.2819E-02  0.5979E-03  0.7480E-03    11   5.8489  
  12   7/2  2.7671   4.7159  0.2618E-02  0.5551E-03  0.6805E-03    12   6.0293  
  13  -5/2  3.3845   5.4603  0.2919E-02  0.5345E-03  0.6042E-03    13   6.0786  
  14  -9/2  3.8480   5.4807  0.4114E-02  0.7506E-03  0.5723E-03    14   6.3468  
  15  -1/2  3.4549   5.5227  0.3000E-02  0.5433E-03  0.5474E-03    15   6.4118  
  16 -13/2  4.0723   5.7361  0.4453E-02  0.7763E-03  0.4415E-03    16   6.4607  
  17   7/2  4.0017   5.9030  0.3763E-02  0.6375E-03  0.3470E-03    17   6.6109  
  18  15/2  3.6087   5.5136  0.4189E-02  0.7597E-03  0.3412E-03    18   6.7365  
  19   9/2  3.9466   6.0143  0.3261E-02  0.5422E-03  0.2907E-03    19   6.9038  
  20  17/2  3.5536   5.6714  0.3968E-02  0.6997E-03  0.2042E-03    20   6.9740  
  21   5/2  4.1710   6.7840  0.2741E-02  0.4040E-03  0.1895E-03    21   7.0383  
  22   1/2  3.9466   5.1244  0.3746E-02  0.7309E-03  0.1722E-03    22   7.2287  
  23  -7/2  3.5536   5.1000  0.3543E-02  0.6948E-03  0.1528E-03    23   7.3364  
  24   5/2  4.1710   5.8197  0.3905E-02  0.6709E-03  0.1366E-03    24   7.4973  
  25  17/2  4.1004   5.1455  0.5784E-02  0.1124E-02  0.1134E-03    25   7.5878  
  26   9/2  3.7073   5.6274  0.3554E-02  0.6316E-03  0.1080E-03    26   7.8349  
  27   1/2  3.5430   4.5293  0.3798E-02  0.8385E-03  0.9956E-04    27   7.9242  
  28   5/2  3.1602   4.4546  0.3222E-02  0.7233E-03  0.7920E-04    28   8.1437  
  29  -3/2  2.7671   4.9143  0.2444E-02  0.4974E-03  0.7135E-04    29   8.2182  
  30   9/2  3.3845   5.2694  0.3173E-02  0.6022E-03  0.5942E-04    30   8.2893  
  31  -3/2  3.8480   5.6097  0.3685E-02  0.6570E-03  0.4461E-04    31   8.3118  
  32 -11/2  3.4549   5.3092  0.3647E-02  0.6870E-03  0.3317E-04    32   8.5312  
  33   1/2  4.0723   6.0204  0.3377E-02  0.5609E-03  0.3146E-04    33   8.7268  
  34  13/2  4.0017   5.6945  0.4583E-02  0.8049E-03  0.2169E-04    34   8.8283  
  35   5/2  3.6087   5.8997  0.2973E-02  0.5040E-03  0.1389E-04    35   9.2383  
  36  15/2  3.9466   5.7259  0.4213E-02  0.7358E-03  0.4693E-05    36   9.5159  
  37   7/2  3.5536   6.1655  0.2527E-02  0.4098E-03  0.3645E-05    37  11.0339  
                                                                                
 ENERGIES (LOWEST 6 OUT OF 37):  3.583  4.219  4.908  4.919  5.069  5.210       
 CUTOFF OF THE NORM EIGENVALUE:  0.6417E-06 ( 0.3645E-05 0.6417E-03 0.3815E-02) 
                                                                                
******* SPIN = 43/2 *******                                                     
                                                                                
 BAND KQP=   EQP=    HH/HN=    HH=         HN=       EIGEN NORM  STATE  ENERGY  
   1   1/2  1.5111   6.0617  0.2321E-03  0.3829E-04  0.2023E-02     1   4.5716  
   2  -3/2  1.1283   5.2652  0.7993E-03  0.1518E-03  0.1437E-02     2   5.0063  
   3   5/2  0.7352   4.9355  0.7852E-03  0.1591E-03  0.1426E-02     3   5.2060  
   4  -7/2  1.3526   5.2907  0.9789E-03  0.1850E-03  0.1384E-02     4   5.2272  
   5   9/2  2.6440   6.2435  0.1326E-02  0.2124E-03  0.1132E-02     5   5.5397  
   6  -5/2  3.9466   5.9943  0.2784E-02  0.4645E-03  0.1111E-02     6   5.8048  
   7   3/2  3.5536   5.5603  0.2534E-02  0.4557E-03  0.8351E-03     7   5.8217  
   8  -9/2  4.1710   6.0096  0.3223E-02  0.5364E-03  0.8215E-03     8   6.1012  
   9  11/2  4.1004   5.8020  0.3394E-02  0.5850E-03  0.6023E-03     9   6.2133  
  10   3/2  3.5430   6.3876  0.1685E-02  0.2638E-03  0.5501E-03    10   6.2791  
  11  -1/2  3.1602   5.3226  0.2221E-02  0.4172E-03  0.5105E-03    11   6.3506  
  12   7/2  2.7671   5.3037  0.1953E-02  0.3682E-03  0.4713E-03    12   6.4440  
  13  -5/2  3.3845   5.8138  0.2176E-02  0.3743E-03  0.3830E-03    13   6.4879  
  14  -9/2  3.8480   5.7661  0.3141E-02  0.5447E-03  0.3528E-03    14   6.7525  
  15  -1/2  3.4549   5.8422  0.2259E-02  0.3867E-03  0.3069E-03    15   6.7717  
  16 -13/2  4.0723   6.0541  0.3365E-02  0.5558E-03  0.2368E-03    16   6.7935  
  17   7/2  4.0017   6.2183  0.2825E-02  0.4543E-03  0.2298E-03    17   7.1303  
  18  15/2  3.6087   5.8513  0.3118E-02  0.5329E-03  0.2068E-03    18   7.3068  
  19   9/2  3.9466   6.3577  0.2384E-02  0.3751E-03  0.1922E-03    19   7.4322  
  20  17/2  3.5536   6.0349  0.2871E-02  0.4758E-03  0.1319E-03    20   7.5894  
  21   5/2  4.1710   7.1526  0.1969E-02  0.2753E-03  0.1235E-03    21   7.6461  
  22   1/2  3.9466   5.6311  0.3011E-02  0.5346E-03  0.1088E-03    22   7.7687  
  23  -7/2  3.5536   5.5957  0.2678E-02  0.4787E-03  0.8694E-04    23   7.8856  
  24   5/2  4.1710   6.1279  0.2966E-02  0.4841E-03  0.8058E-04    24   7.8988  
  25  17/2  4.1004   5.4559  0.4419E-02  0.8100E-03  0.6970E-04    25   8.0625  
  26   9/2  3.7073   5.9850  0.2648E-02  0.4424E-03  0.6304E-04    26   8.1906  
  27   1/2  3.5430   5.9820  0.2135E-02  0.3569E-03  0.5085E-04    27   8.2665  
  28   5/2  3.1602   5.6861  0.2086E-02  0.3669E-03  0.5045E-04    28   8.5818  
  29  -3/2  2.7671   5.2597  0.1838E-02  0.3494E-03  0.3743E-04    29   8.7173  
  30   9/2  3.3845   5.6842  0.2376E-02  0.4181E-03  0.3675E-04    30   8.7691  
  31  -3/2  3.8480   5.9001  0.2808E-02  0.4760E-03  0.2016E-04    31   8.9692  
  32 -11/2  3.4549   5.6243  0.2755E-02  0.4898E-03  0.1984E-04    32   9.2169  
  33   1/2  4.0723   6.3428  0.2541E-02  0.4006E-03  0.1727E-04    33   9.4006  
  34  13/2  4.0017   6.0036  0.3453E-02  0.5751E-03  0.1389E-04    34   9.4950  
  35   5/2  3.6087   6.2442  0.2202E-02  0.3526E-03  0.6054E-05    35   9.8385  
  36  15/2  3.9466   6.0650  0.3092E-02  0.5099E-03  0.4003E-05    36  10.4801  
  37   7/2  3.5536   6.5316  0.1818E-02  0.2784E-03  0.9527E-06    37  10.8916  
                                                                                
 ENERGIES (LOWEST 6 OUT OF 37):  4.572  5.006  5.206  5.227  5.540  5.805       
 CUTOFF OF THE NORM EIGENVALUE:  0.4091E-06 ( 0.9527E-06 0.4091E-03 0.2023E-02) 
                                                                                
******* SPIN = 45/2 *******                                                     
                                                                                
 BAND KQP=   EQP=    HH/HN=    HH=         HN=       EIGEN NORM  STATE  ENERGY  
   1   1/2  1.5111   4.9927  0.1530E-02  0.3064E-03  0.2081E-02     1   4.4277  
   2  -3/2  1.1283   4.7446  0.8408E-03  0.1772E-03  0.1397E-02     2   4.9127  
   3   5/2  0.7352   5.0451  0.5627E-03  0.1115E-03  0.1035E-02     3   5.5279  
   4  -7/2  1.3526   5.6579  0.6787E-03  0.1200E-03  0.9828E-03     4   5.5672  
   5   9/2  2.6440   6.6906  0.9096E-03  0.1360E-03  0.8099E-03     5   5.8952  
   6  -5/2  3.9466   5.4232  0.2603E-02  0.4799E-03  0.7662E-03     6   5.9734  
   7   3/2  3.5536   5.9111  0.1881E-02  0.3182E-03  0.6399E-03     7   6.0992  
   8  -9/2  4.1710   6.3000  0.2411E-02  0.3826E-03  0.5735E-03     8   6.2075  
   9  11/2  4.1004   6.1573  0.2523E-02  0.4097E-03  0.4191E-03     9   6.4675  
  10   3/2  3.5430   5.1888  0.2714E-02  0.5231E-03  0.3744E-03    10   6.4834  
  11  -1/2  3.1602   5.3416  0.1615E-02  0.3024E-03  0.3415E-03    11   6.6079  
  12   7/2  2.7671   5.4260  0.1448E-02  0.2668E-03  0.3136E-03    12   6.8309  
  13  -5/2  3.3845   6.2139  0.1591E-02  0.2561E-03  0.2569E-03    13   6.8892  
  14  -9/2  3.8480   6.0761  0.2356E-02  0.3878E-03  0.2508E-03    14   7.1576  
  15  -1/2  3.4549   6.1835  0.1671E-02  0.2702E-03  0.2420E-03    15   7.1694  
  16 -13/2  4.0723   6.3943  0.2497E-02  0.3905E-03  0.2093E-03    16   7.4443  
  17   7/2  4.0017   6.5574  0.2082E-02  0.3176E-03  0.1584E-03    17   7.5058  
  18  15/2  3.6087   6.2125  0.2278E-02  0.3666E-03  0.1403E-03    18   7.5481  
  19   9/2  3.9466   6.7219  0.1710E-02  0.2544E-03  0.1247E-03    19   7.8247  
  20  17/2  3.5536   6.4189  0.2037E-02  0.3173E-03  0.8338E-04    20   7.8686  
  21   5/2  4.1710   7.5408  0.1388E-02  0.1841E-03  0.7913E-04    21   7.9053  
  22   1/2  3.9466   5.6510  0.2220E-02  0.3928E-03  0.6655E-04    22   8.0795  
  23  -7/2  3.5536   5.7165  0.2029E-02  0.3549E-03  0.6271E-04    23   8.2396  
  24   5/2  4.1710   6.4773  0.2213E-02  0.3417E-03  0.5430E-04    24   8.3175  
  25  17/2  4.1004   5.7987  0.3309E-02  0.5706E-03  0.4419E-04    25   8.5409  
  26   9/2  3.7073   6.3693  0.1932E-02  0.3034E-03  0.4363E-04    26   8.7207  
  27   1/2  3.5430   5.1663  0.2321E-02  0.4493E-03  0.3913E-04    27   8.9585  
  28   5/2  3.1602   5.1140  0.1881E-02  0.3678E-03  0.3208E-04    28   9.0594  
  29  -3/2  2.7671   5.6486  0.1338E-02  0.2368E-03  0.2570E-04    29   9.2218  
  30   9/2  3.3845   6.0035  0.1741E-02  0.2899E-03  0.2317E-04    30   9.2450  
  31  -3/2  3.8480   6.2134  0.2103E-02  0.3385E-03  0.1555E-04    31   9.3210  
  32 -11/2  3.4549   5.9621  0.2043E-02  0.3427E-03  0.1219E-04    32   9.6065  
  33   1/2  4.0723   6.6868  0.1878E-02  0.2808E-03  0.1144E-04    33   9.6777  
  34  13/2  4.0017   6.3374  0.2553E-02  0.4029E-03  0.7357E-05    34   9.8339  
  35   5/2  3.6087   6.6112  0.1600E-02  0.2420E-03  0.4557E-05    35  10.3336  
  36  15/2  3.9466   6.4258  0.2226E-02  0.3464E-03  0.1438E-05    36  10.5661  
  37   7/2  3.5536   6.9175  0.1283E-02  0.1855E-03  0.1101E-05    37  12.1652  
                                                                                
 ENERGIES (LOWEST 6 OUT OF 37):  4.428  4.913  5.528  5.567  5.895  5.973       
 CUTOFF OF THE NORM EIGENVALUE:  0.3169E-06 ( 0.1101E-05 0.3169E-03 0.2081E-02) 
                                                                                
******* SPIN = 47/2 *******                                                     
                                                                                
 BAND KQP=   EQP=    HH/HN=    HH=         HN=       EIGEN NORM  STATE  ENERGY  
   1   1/2  1.5111   6.9986  0.1012E-03  0.1446E-04  0.1050E-02     1   5.4780  
   2  -3/2  1.1283   6.2825  0.3697E-03  0.5884E-04  0.7359E-03     2   5.8725  
   3   5/2  0.7352   5.9716  0.3671E-03  0.6147E-04  0.6828E-03     3   5.8965  
   4  -7/2  1.3526   6.3067  0.4582E-03  0.7265E-04  0.6591E-03     4   5.9398  
   5   9/2  2.6440   7.2227  0.6107E-03  0.8455E-04  0.5672E-03     5   6.2765  
   6  -5/2  3.9466   6.7196  0.1511E-02  0.2248E-03  0.5161E-03     6   6.6374  
   7   3/2  3.5536   6.2716  0.1387E-02  0.2212E-03  0.3867E-03     7   6.6530  
   8  -9/2  4.1710   6.7211  0.1766E-02  0.2627E-03  0.3759E-03     8   6.8846  
   9  11/2  4.1004   6.5406  0.1836E-02  0.2807E-03  0.2687E-03     9   7.0097  
  10   3/2  3.5430   7.1975  0.8432E-03  0.1172E-03  0.2497E-03    10   7.2422  
  11  -1/2  3.1602   6.1516  0.1183E-02  0.1923E-03  0.2236E-03    11   7.2503  
  12   7/2  2.7671   6.1404  0.1023E-02  0.1666E-03  0.2093E-03    12   7.2827  
  13  -5/2  3.3845   6.6131  0.1140E-02  0.1723E-03  0.1608E-03    13   7.3680  
  14  -9/2  3.8480   6.4083  0.1736E-02  0.2710E-03  0.1453E-03    14   7.5680  
  15  -1/2  3.4549   6.5465  0.1213E-02  0.1853E-03  0.1403E-03    15   7.6247  
  16 -13/2  4.0723   6.7566  0.1819E-02  0.2693E-03  0.1038E-03    16   7.7772  
  17   7/2  4.0017   6.9201  0.1506E-02  0.2177E-03  0.9002E-04    17   7.9865  
  18  15/2  3.6087   6.5969  0.1632E-02  0.2474E-03  0.8272E-04    18   8.2508  
  19   9/2  3.9466   7.1067  0.1203E-02  0.1692E-03  0.7933E-04    19   8.2889  
  20  17/2  3.5536   6.8235  0.1416E-02  0.2076E-03  0.5263E-04    20   8.5351  
  21   5/2  4.1710   7.9485  0.9596E-03  0.1207E-03  0.4977E-04    21   8.6181  
  22   1/2  3.9466   6.3572  0.1668E-02  0.2624E-03  0.4200E-04    22   8.7091  
  23  -7/2  3.5536   6.3280  0.1460E-02  0.2308E-03  0.3330E-04    23   8.7581  
  24   5/2  4.1710   6.8294  0.1620E-02  0.2372E-03  0.2958E-04    24   8.8985  
  25  17/2  4.1004   6.1721  0.2425E-02  0.3930E-03  0.2738E-04    25   9.0543  
  26   9/2  3.7073   6.7793  0.1380E-02  0.2036E-03  0.2391E-04    26   9.1896  
  27   1/2  3.5430   6.7951  0.1079E-02  0.1588E-03  0.1996E-04    27   9.2540  
  28   5/2  3.1602   6.5163  0.1088E-02  0.1670E-03  0.1774E-04    28   9.5184  
  29  -3/2  2.7671   6.0730  0.9674E-03  0.1593E-03  0.1408E-04    29   9.7225  
  30   9/2  3.3845   6.4982  0.1249E-02  0.1922E-03  0.1331E-04    30   9.7404  
  31  -3/2  3.8480   6.5496  0.1547E-02  0.2361E-03  0.7146E-05    31  10.0776  
  32 -11/2  3.4549   6.3216  0.1488E-02  0.2354E-03  0.7059E-05    32  10.1797  
  33   1/2  4.0723   7.0525  0.1362E-02  0.1932E-03  0.5633E-05    33  10.4515  
  34  13/2  4.0017   6.6956  0.1853E-02  0.2767E-03  0.4446E-05    34  10.5703  
  35   5/2  3.6087   7.0004  0.1141E-02  0.1629E-03  0.1900E-05    35  10.9835  
  36  15/2  3.9466   6.8080  0.1571E-02  0.2307E-03  0.1207E-05    36  11.5941  
  37   7/2  3.5536   7.3231  0.8881E-03  0.1213E-03  0.2636E-06    37  12.0857  
                                                                                
 ENERGIES (LOWEST 6 OUT OF 37):  5.478  5.873  5.896  5.940  6.276  6.637       
 CUTOFF OF THE NORM EIGENVALUE:  0.1913E-06 ( 0.2636E-06 0.1913E-03 0.1050E-02) 
                                                                                
******* SPIN = 49/2 *******                                                     
                                                                                
 BAND KQP=   EQP=    HH/HN=    HH=         HN=       EIGEN NORM  STATE  ENERGY  
   1   1/2  1.5111   5.9481  0.7349E-03  0.1236E-03  0.1047E-02     1   5.3117  
   2  -3/2  1.1283   5.7205  0.4041E-03  0.7065E-04  0.6697E-03     2   5.7355  
   3   5/2  0.7352   6.0295  0.2568E-03  0.4260E-04  0.5123E-03     3   6.2405  
   4  -7/2  1.3526   6.6612  0.3046E-03  0.4573E-04  0.4637E-03     4   6.3366  
   5   9/2  2.6440   7.6887  0.4012E-03  0.5219E-04  0.3891E-03     5   6.6832  
   6  -5/2  3.9466   6.0915  0.1457E-02  0.2392E-03  0.3402E-03     6   6.9247  
   7   3/2  3.5536   6.6389  0.9885E-03  0.1489E-03  0.2816E-03     7   6.9994  
   8  -9/2  4.1710   7.0317  0.1272E-02  0.1809E-03  0.2551E-03     8   7.1006  
   9  11/2  4.1004   6.9504  0.1308E-02  0.1882E-03  0.1769E-03     9   7.3049  
  10   3/2  3.5430   5.9495  0.1500E-02  0.2522E-03  0.1632E-03    10   7.4445  
  11  -1/2  3.1602   6.0754  0.8582E-03  0.1413E-03  0.1437E-03    11   7.4672  
  12   7/2  2.7671   6.2280  0.7376E-03  0.1184E-03  0.1352E-03    12   7.6755  
  13  -5/2  3.3845   7.0587  0.7985E-03  0.1131E-03  0.1011E-03    13   7.8188  
  14  -9/2  3.8480   6.7648  0.1256E-02  0.1857E-03  0.9993E-04    14   8.0031  
  15  -1/2  3.4549   6.9312  0.8643E-03  0.1247E-03  0.9677E-04    15   8.0787  
  16 -13/2  4.0723   7.1411  0.1301E-02  0.1822E-03  0.9224E-04    16   8.4487  
  17   7/2  4.0017   7.3059  0.1069E-02  0.1463E-03  0.6675E-04    17   8.4733  
  18  15/2  3.6087   7.0043  0.1147E-02  0.1637E-03  0.5345E-04    18   8.4901  
  19   9/2  3.9466   7.5114  0.8292E-03  0.1104E-03  0.4952E-04    19   8.7398  
  20  17/2  3.5536   7.2480  0.9655E-03  0.1332E-03  0.3145E-04    20   8.8773  
  21   5/2  4.1710   8.3752  0.6508E-03  0.7770E-04  0.3078E-04    21   8.9256  
  22   1/2  3.9466   6.2843  0.1228E-02  0.1954E-03  0.2440E-04    22   9.0050  
  23  -7/2  3.5536   6.4241  0.1077E-02  0.1676E-03  0.2329E-04    23   9.2115  
  24   5/2  4.1710   7.2263  0.1161E-02  0.1607E-03  0.2003E-04    24   9.2330  
  25  17/2  4.1004   6.5745  0.1740E-02  0.2646E-03  0.1669E-04    25   9.5618  
  26   9/2  3.7073   7.2141  0.9653E-03  0.1338E-03  0.1557E-04    26   9.6841  
  27   1/2  3.5430   5.9171  0.1302E-02  0.2200E-03  0.1432E-04    27  10.0034  
  28   5/2  3.1602   5.8815  0.1011E-02  0.1720E-03  0.1220E-04    28  10.0827  
  29  -3/2  2.7671   6.4696  0.6740E-03  0.1042E-03  0.8583E-05    29  10.2501  
  30   9/2  3.3845   6.8291  0.8793E-03  0.1288E-03  0.8411E-05    30  10.2923  
  31  -3/2  3.8480   6.9084  0.1117E-02  0.1617E-03  0.5054E-05    31  10.4132  
  32 -11/2  3.4549   6.7039  0.1063E-02  0.1586E-03  0.4190E-05    32  10.6180  
  33   1/2  4.0723   7.4398  0.9705E-03  0.1304E-03  0.3871E-05    33  10.8100  
  34  13/2  4.0017   7.0776  0.1319E-02  0.1863E-03  0.2327E-05    34  10.9024  
  35   5/2  3.6087   7.4116  0.7977E-03  0.1076E-03  0.1395E-05    35  11.4881  
  36  15/2  3.9466   7.2107  0.1086E-02  0.1507E-03  0.4121E-06    36  11.6839  
  37   7/2  3.5536   7.7480  0.6028E-03  0.7780E-04  0.3117E-06    37  13.3448  
                                                                                
 ENERGIES (LOWEST 6 OUT OF 37):  5.312  5.736  6.240  6.337  6.683  6.925       
 CUTOFF OF THE NORM EIGENVALUE:  0.1449E-06 ( 0.3117E-06 0.1449E-03 0.1047E-02) 
                                                                                
******* SPIN = 51/2 *******                                                     
                                                                                
 BAND KQP=   EQP=    HH/HN=    HH=         HN=       EIGEN NORM  STATE  ENERGY  
   1   1/2  1.5111   8.0165  0.4065E-04  0.5070E-05  0.4957E-03     1   6.4316  
   2  -3/2  1.1283   7.3758  0.1553E-03  0.2106E-04  0.3496E-03     2   6.6311  
   3   5/2  0.7352   7.0861  0.1554E-03  0.2193E-04  0.3084E-03     3   6.7577  
   4  -7/2  1.3526   7.4010  0.1950E-03  0.2635E-04  0.2768E-03     4   6.9111  
   5   9/2  2.6440   8.2780  0.2577E-03  0.3113E-04  0.2612E-03     5   7.1134  
   6  -5/2  3.9466   7.5398  0.7558E-03  0.1002E-03  0.2191E-03     6   7.5475  
   7   3/2  3.5536   7.0827  0.7012E-03  0.9900E-04  0.1655E-03     7   7.5742  
   8  -9/2  4.1710   7.5312  0.8935E-03  0.1186E-03  0.1592E-03     8   7.7436  
   9  11/2  4.1004   7.3854  0.9116E-03  0.1234E-03  0.1098E-03     9   7.8817  
  10   3/2  3.5430   8.0903  0.3886E-03  0.4803E-04  0.1046E-03    10   8.1330  
  11  -1/2  3.1602   7.0772  0.5753E-03  0.8129E-04  0.9038E-04    11   8.2293  
  12   7/2  2.7671   7.0764  0.4909E-03  0.6938E-04  0.8612E-04    12   8.3214  
  13  -5/2  3.3845   7.5066  0.5491E-03  0.7315E-04  0.6212E-04    13   8.3732  
  14  -9/2  3.8480   7.1431  0.8920E-03  0.1249E-03  0.5960E-04    14   8.4619  
  15  -1/2  3.4549   7.3372  0.6044E-03  0.8238E-04  0.5465E-04    15   8.5856  
  16 -13/2  4.0723   7.5472  0.9129E-03  0.1210E-03  0.4206E-04    16   8.8548  
  17   7/2  4.0017   7.7144  0.7439E-03  0.9643E-04  0.3337E-04    17   8.9280  
  18  15/2  3.6087   7.4343  0.7900E-03  0.1063E-03  0.3031E-04    18   9.2240  
  19   9/2  3.9466   7.9358  0.5606E-03  0.7064E-04  0.2988E-04    19   9.2645  
  20  17/2  3.5536   7.6924  0.6452E-03  0.8387E-04  0.1939E-04    20   9.4982  
  21   5/2  4.1710   8.8208  0.4329E-03  0.4908E-04  0.1868E-04    21   9.6885  
  22   1/2  3.9466   7.1811  0.8489E-03  0.1182E-03  0.1506E-04    22   9.6961  
  23  -7/2  3.5536   7.1597  0.7341E-03  0.1025E-03  0.1184E-04    23   9.7359  
  24   5/2  4.1710   7.6245  0.8178E-03  0.1073E-03  0.9994E-05    24   9.9762  
  25  17/2  4.1004   7.0044  0.1220E-02  0.1742E-03  0.9983E-05    25  10.1443  
  26   9/2  3.7073   7.6725  0.6606E-03  0.8610E-04  0.8451E-05    26  10.1874  
  27   1/2  3.5430   7.6929  0.5011E-03  0.6514E-04  0.7349E-05    27  10.3850  
  28   5/2  3.1602   7.4406  0.5201E-03  0.6990E-04  0.5797E-05    28  10.5188  
  29  -3/2  2.7671   6.9860  0.4671E-03  0.6686E-04  0.4935E-05    29  10.7736  
  30   9/2  3.3845   7.4113  0.6029E-03  0.8136E-04  0.4508E-05    30  10.7855  
  31  -3/2  3.8480   7.2894  0.7915E-03  0.1086E-03  0.2369E-05    31  11.1834  
  32 -11/2  3.4549   7.1073  0.7457E-03  0.1049E-03  0.2342E-05    32  11.2662  
  33   1/2  4.0723   7.8482  0.6785E-03  0.8645E-04  0.1708E-05    33  11.5371  
  34  13/2  4.0017   7.4832  0.9204E-03  0.1230E-03  0.1326E-05    34  11.8245  
  35   5/2  3.6087   7.8443  0.5472E-03  0.6975E-04  0.5579E-06    35  12.1820  
  36  15/2  3.9466   7.6341  0.7366E-03  0.9649E-04  0.3406E-06    36  12.7604  
  37   7/2  3.5536   8.1918  0.4013E-03  0.4898E-04  0.6842E-07    37   0.0000  
                                                                                
 ENERGIES (LOWEST 6 OUT OF 36):  6.432  6.631  6.758  6.911  7.113  7.547       
 CUTOFF OF THE NORM EIGENVALUE:  0.8278E-07 ( 0.6842E-07 0.8278E-04 0.4957E-03) 
                                                                                
******* SPIN = 53/2 *******                                                     
                                                                                
 BAND KQP=   EQP=    HH/HN=    HH=         HN=       EIGEN NORM  STATE  ENERGY  
   1   1/2  1.5111   6.9774  0.3205E-03  0.4593E-04  0.4845E-03     1   6.2324  
   2  -3/2  1.1283   6.7700  0.1760E-03  0.2599E-04  0.2920E-03     2   6.6750  
   3   5/2  0.7352   7.0813  0.1068E-03  0.1509E-04  0.2336E-03     3   7.0429  
   4  -7/2  1.3526   7.7285  0.1249E-03  0.1616E-04  0.2005E-03     4   7.2154  
   5   9/2  2.6440   8.7526  0.1625E-03  0.1857E-04  0.1719E-03     5   7.5693  
   6  -5/2  3.9466   6.8607  0.7530E-03  0.1098E-03  0.1383E-03     6   7.9364  
   7   3/2  3.5536   7.4495  0.4804E-03  0.6448E-04  0.1143E-03     7   7.9845  
   8  -9/2  4.1710   7.8499  0.6205E-03  0.7905E-04  0.1050E-03     8   8.0975  
   9  11/2  4.1004   7.8445  0.6216E-03  0.7924E-04  0.6864E-04     9   8.2009  
  10   3/2  3.5430   6.8079  0.7586E-03  0.1114E-03  0.6562E-04    10   8.3609  
  11  -1/2  3.1602   6.9115  0.4207E-03  0.6088E-04  0.5587E-04    11   8.5488  
  12   7/2  2.7671   7.1167  0.3457E-03  0.4858E-04  0.5396E-04    12   8.6095  
  13  -5/2  3.3845   7.9882  0.3685E-03  0.4613E-04  0.3777E-04    13   8.8185  
  14  -9/2  3.8480   7.5443  0.6213E-03  0.8235E-04  0.3749E-04    14   8.9434  
  15  -1/2  3.4549   7.7642  0.4147E-03  0.5341E-04  0.3584E-04    15   9.0732  
  16 -13/2  4.0723   7.9752  0.6285E-03  0.7880E-04  0.3533E-04    16   9.4317  
  17   7/2  4.0017   8.1448  0.5077E-03  0.6234E-04  0.2602E-04    17   9.5477  
  18  15/2  3.6087   7.8860  0.5336E-03  0.6766E-04  0.1895E-04    18   9.5542  
  19   9/2  3.9466   8.3794  0.3716E-03  0.4435E-04  0.1819E-04    19   9.7202  
  20  17/2  3.5536   8.1556  0.4226E-03  0.5182E-04  0.1117E-04    20   9.9746  
  21   5/2  4.1710   9.2847  0.2825E-03  0.3043E-04  0.1098E-04    21  10.0033  
  22   1/2  3.9466   7.0213  0.6309E-03  0.8985E-04  0.8620E-05    22  10.0342  
  23  -7/2  3.5536   7.2192  0.5287E-03  0.7323E-04  0.7730E-05    23  10.1772  
  24   5/2  4.1710   8.0620  0.5630E-03  0.6983E-04  0.6856E-05    24  10.3040  
  25  17/2  4.1004   7.4598  0.8373E-03  0.1122E-03  0.5864E-05    25  10.6475  
  26   9/2  3.7073   8.1535  0.4425E-03  0.5427E-04  0.5140E-05    26  10.7200  
  27   1/2  3.5430   6.7705  0.6672E-03  0.9854E-04  0.4888E-05    27  11.0460  
  28   5/2  3.1602   6.7484  0.4991E-03  0.7396E-04  0.4350E-05    28  11.2235  
  29  -3/2  2.7671   7.3720  0.3125E-03  0.4239E-04  0.2848E-05    29  11.3242  
  30   9/2  3.3845   7.7396  0.4086E-03  0.5279E-04  0.2662E-05    30  11.4221  
  31  -3/2  3.8480   7.6925  0.5505E-03  0.7156E-04  0.1536E-05    31  11.5514  
  32 -11/2  3.4549   7.5330  0.5129E-03  0.6809E-04  0.1346E-05    32  11.6764  
  33   1/2  4.0723   8.2776  0.4654E-03  0.5623E-04  0.1220E-05    33  12.0201  
  34  13/2  4.0017   7.9110  0.6299E-03  0.7962E-04  0.6879E-06    34  12.0274  
  35   5/2  3.6087   8.2981  0.3680E-03  0.4435E-04  0.3995E-06    35  12.6893  
  36  15/2  3.9466   8.0766  0.4896E-03  0.6062E-04  0.1107E-06    36  12.8697  
  37   7/2  3.5536   8.6543  0.2619E-03  0.3027E-04  0.8278E-07    37  14.5710  
                                                                                
 ENERGIES (LOWEST 6 OUT OF 37):  6.232  6.675  7.043  7.215  7.569  7.936       
 CUTOFF OF THE NORM EIGENVALUE:  0.6136E-07 ( 0.8278E-07 0.6136E-04 0.4845E-03) 
                                                                                
******* SPIN = 55/2 *******                                                     
                                                                                
 BAND KQP=   EQP=    HH/HN=    HH=         HN=       EIGEN NORM  STATE  ENERGY  
   1   1/2  1.5111   9.1110  0.1507E-04  0.1654E-05  0.2135E-03     1   7.4482  
   2  -3/2  1.1283   8.5405  0.5956E-04  0.6974E-05  0.1531E-03     2   7.4780  
   3   5/2  0.7352   8.2734  0.5990E-04  0.7239E-05  0.1277E-03     3   7.6834  
   4  -7/2  1.3526   8.5686  0.7580E-04  0.8846E-05  0.1108E-03     4   8.0068  
   5   9/2  2.6440   9.4042  0.9994E-04  0.1063E-04  0.1066E-03     5   8.0452  
   6  -5/2  3.9466   8.4500  0.3481E-03  0.4120E-04  0.8519E-04     6   8.5117  
   7   3/2  3.5536   7.9886  0.3263E-03  0.4084E-04  0.6563E-04     7   8.5977  
   8  -9/2  4.1710   8.4357  0.4168E-03  0.4941E-04  0.6249E-04     8   8.6762  
   9  11/2  4.1004   8.3263  0.4147E-03  0.4980E-04  0.4126E-04     9   8.8284  
  10   3/2  3.5430   9.0621  0.1650E-03  0.1821E-04  0.4042E-04    10   9.1114  
  11  -1/2  3.1602   8.0913  0.2555E-03  0.3158E-04  0.3379E-04    11   9.2406  
  12   7/2  2.7671   8.1057  0.2158E-03  0.2662E-04  0.3272E-04    12   9.4475  
  13  -5/2  3.3845   8.4898  0.2432E-03  0.2864E-04  0.2349E-04    13   9.4558  
  14  -9/2  3.8480   7.9673  0.4247E-03  0.5330E-04  0.2214E-04    14   9.4832  
  15  -1/2  3.4549   8.2117  0.2791E-03  0.3399E-04  0.1893E-04    15   9.6337  
  16 -13/2  4.0723   8.4238  0.4244E-03  0.5038E-04  0.1578E-04    16   9.9462  
  17   7/2  4.0017   8.5967  0.3398E-03  0.3952E-04  0.1166E-04    17   9.9999  
  18  15/2  3.6087   8.3595  0.3532E-03  0.4226E-04  0.1073E-04    18  10.2334  
  19   9/2  3.9466   8.8418  0.2416E-03  0.2732E-04  0.9837E-05    19  10.3474  
  20  17/2  3.5536   8.6382  0.2714E-03  0.3142E-04  0.6618E-05    20  10.5332  
  21   5/2  4.1710   9.7668  0.1808E-03  0.1851E-04  0.6517E-05    21  10.6904  
  22   1/2  3.9466   8.0955  0.3964E-03  0.4896E-04  0.5019E-05    22  10.8115  
  23  -7/2  3.5536   8.0860  0.3395E-03  0.4199E-04  0.3909E-05    23  10.8427  
  24   5/2  4.1710   8.5098  0.3811E-03  0.4479E-04  0.3384E-05    24  11.1176  
  25  17/2  4.1004   7.9397  0.5617E-03  0.7074E-04  0.3126E-05    25  11.2523  
  26   9/2  3.7073   8.6561  0.2900E-03  0.3350E-04  0.2786E-05    26  11.3163  
  27   1/2  3.5430   8.6706  0.2139E-03  0.2467E-04  0.2535E-05    27  11.5570  
  28   5/2  3.1602   8.4527  0.2279E-03  0.2696E-04  0.1765E-05    28  11.5990  
  29  -3/2  2.7671   7.9928  0.2067E-03  0.2586E-04  0.1614E-05    29  11.8814  
  30   9/2  3.3845   8.4183  0.2672E-03  0.3174E-04  0.1429E-05    30  11.8914  
  31  -3/2  3.8480   8.1166  0.3756E-03  0.4627E-04  0.7351E-06    31  12.2675  
  32 -11/2  3.4549   7.9789  0.3461E-03  0.4338E-04  0.7250E-06    32  12.4805  
  33   1/2  4.0723   8.7275  0.3133E-03  0.3590E-04  0.4830E-06    33  12.6755  
  34  13/2  4.0017   8.3616  0.4226E-03  0.5054E-04  0.3695E-06    34  13.0680  
  35   5/2  3.6087   8.7724  0.2427E-03  0.2767E-04  0.1534E-06    35  13.4250  
  36  15/2  3.9466   8.5393  0.3190E-03  0.3735E-04  0.9014E-07    36  13.9748  
  37   7/2  3.5536   9.1350  0.1677E-03  0.1836E-04  0.1669E-07    37   0.0000  
                                                                                
 ENERGIES (LOWEST 6 OUT OF 36):  7.448  7.478  7.683  8.007  8.045  8.512       
 CUTOFF OF THE NORM EIGENVALUE:  0.3316E-07 ( 0.1669E-07 0.3316E-04 0.2135E-03) 
                                                                                
******* SPIN = 57/2 *******                                                     
                                                                                
 BAND KQP=   EQP=    HH/HN=    HH=         HN=       EIGEN NORM  STATE  ENERGY  
   1   1/2  1.5111   8.0754  0.1275E-03  0.1578E-04  0.2060E-03     1   7.2047  
   2  -3/2  1.1283   7.8865  0.6979E-04  0.8849E-05  0.1164E-03     2   7.7105  
   3   5/2  0.7352   8.1954  0.4070E-04  0.4966E-05  0.9829E-04     3   7.9307  
   4  -7/2  1.3526   8.8542  0.4700E-04  0.5308E-05  0.7954E-04     4   8.1920  
   5   9/2  2.6440   9.8762  0.6065E-04  0.6142E-05  0.6985E-04     5   8.5478  
   6  -5/2  3.9466   7.7234  0.3582E-03  0.4638E-04  0.5160E-04     6   9.0202  
   7   3/2  3.5536   8.3383  0.2156E-03  0.2586E-04  0.4285E-04     7   9.0513  
   8  -9/2  4.1710   8.7485  0.2793E-03  0.3193E-04  0.4007E-04     8   9.1693  
   9  11/2  4.1004   8.8298  0.2707E-03  0.3065E-04  0.2472E-04     9   9.1839  
  10   3/2  3.5430   7.7564  0.3507E-03  0.4521E-04  0.2421E-04    10   9.3504  
  11  -1/2  3.1602   7.8426  0.1898E-03  0.2421E-04  0.2013E-04    11   9.6276  
  12   7/2  2.7671   8.0863  0.1490E-03  0.1843E-04  0.1987E-04    12   9.7063  
  13  -5/2  3.3845   8.9953  0.1564E-03  0.1739E-04  0.1433E-04    13   9.8891  
  14  -9/2  3.8480   8.4105  0.2846E-03  0.3384E-04  0.1287E-04    14   9.9731  
  15  -1/2  3.4549   8.6793  0.1843E-03  0.2123E-04  0.1197E-04    15  10.1502  
  16 -13/2  4.0723   8.8934  0.2811E-03  0.3160E-04  0.1177E-04    16  10.4899  
  17   7/2  4.0017   9.0694  0.2230E-03  0.2458E-04  0.9398E-05    17  10.6687  
  18  15/2  3.6087   8.8532  0.2292E-03  0.2589E-04  0.6306E-05    18  10.6889  
  19   9/2  3.9466   9.3224  0.1540E-03  0.1651E-04  0.6151E-05    19  10.7813  
  20  17/2  3.5536   9.1384  0.1709E-03  0.1870E-04  0.3778E-05    20  11.0700  
  21   5/2  4.1710  10.2665  0.1136E-03  0.1106E-04  0.3560E-05    21  11.1356  
  22   1/2  3.9466   7.8561  0.2996E-03  0.3813E-04  0.2845E-05    22  11.2097  
  23  -7/2  3.5536   8.0971  0.2397E-03  0.2960E-04  0.2369E-05    23  11.2479  
  24   5/2  4.1710   8.9783  0.2518E-03  0.2804E-04  0.2181E-05    24  11.4454  
  25  17/2  4.1004   8.4424  0.3684E-03  0.4364E-04  0.1917E-05    25  11.7932  
  26   9/2  3.7073   9.1792  0.1860E-03  0.2027E-04  0.1576E-05    26  11.8228  
  27   1/2  3.5430   7.7172  0.3121E-03  0.4045E-04  0.1557E-05    27  12.1411  
  28   5/2  3.1602   7.7065  0.2257E-03  0.2929E-04  0.1452E-05    28  12.4510  
  29  -3/2  2.7671   8.3508  0.1333E-03  0.1597E-04  0.9004E-06    29  12.4626  
  30   9/2  3.3845   8.7280  0.1747E-03  0.2001E-04  0.7689E-06    30  12.6168  
  31  -3/2  3.8480   8.5620  0.2514E-03  0.2936E-04  0.4381E-06    31  12.7312  
  32 -11/2  3.4549   8.4460  0.2290E-03  0.2711E-04  0.4043E-06    32  12.8809  
  33   1/2  4.0723   9.1974  0.2069E-03  0.2249E-04  0.3585E-06    33  13.2032  
  34  13/2  4.0017   8.8324  0.2779E-03  0.3147E-04  0.1903E-06    34  13.3065  
  35   5/2  3.6087   9.2667  0.1570E-03  0.1694E-04  0.1072E-06    35  13.9666  
  36  15/2  3.9466   9.0194  0.2037E-03  0.2259E-04  0.2788E-07    36  15.8393  
  37   7/2  3.5536   9.6334  0.1053E-03  0.1093E-04  0.2065E-07    37   0.0000  
                                                                                
 ENERGIES (LOWEST 6 OUT OF 36):  7.205  7.710  7.931  8.192  8.548  9.020       
 CUTOFF OF THE NORM EIGENVALUE:  0.2408E-07 ( 0.2065E-07 0.2408E-04 0.2060E-03) 
                                                                                
******* SPIN = 59/2 *******                                                     
                                                                                
 BAND KQP=   EQP=    HH/HN=    HH=         HN=       EIGEN NORM  STATE  ENERGY  
   1   1/2  1.5111  10.2788  0.5164E-05  0.5024E-06  0.8412E-04     1   8.4084  
   2  -3/2  1.1283   9.7728  0.2093E-04  0.2142E-05  0.6189E-04     2   8.5318  
   3   5/2  0.7352   9.5291  0.2112E-04  0.2216E-05  0.4862E-04     3   8.7005  
   4  -7/2  1.3526   9.8046  0.2702E-04  0.2756E-05  0.4321E-04     4   9.0645  
   5   9/2  2.6440  10.5969  0.3571E-04  0.3370E-05  0.3785E-04     5   9.1748  
   6  -5/2  3.9466   9.4447  0.1476E-03  0.1563E-04  0.3043E-04     6   9.5411  
   7   3/2  3.5536   8.9839  0.1396E-03  0.1554E-04  0.2414E-04     7   9.6808  
   8  -9/2  4.1710   9.4298  0.1790E-03  0.1899E-04  0.2273E-04     8   9.6943  
   9  11/2  4.1004   9.3540  0.1729E-03  0.1848E-04  0.1449E-04     9   9.8583  
  10   3/2  3.5430  10.1089  0.6458E-04  0.6389E-05  0.1427E-04    10  10.1729  
  11  -1/2  3.1602   9.1870  0.1038E-03  0.1130E-04  0.1172E-04    11  10.3246  
  12   7/2  2.7671   9.2224  0.8688E-04  0.9420E-05  0.1147E-04    12  10.5200  
  13  -5/2  3.3845   9.5579  0.9903E-04  0.1036E-04  0.8587E-05    13  10.6005  
  14  -9/2  3.8480   8.8766  0.1872E-03  0.2109E-04  0.7304E-05    14  10.7118  
  15  -1/2  3.4549   9.1664  0.1194E-03  0.1302E-04  0.6066E-05    15  10.7800  
  16 -13/2  4.0723   9.3825  0.1826E-03  0.1946E-04  0.5491E-05    16  11.0357  
  17   7/2  4.0017   9.5622  0.1434E-03  0.1500E-04  0.3808E-05    17  11.1939  
  18  15/2  3.6087   9.3677  0.1458E-03  0.1557E-04  0.3521E-05    18  11.3175  
  19   9/2  3.9466   9.8208  0.9622E-04  0.9798E-05  0.2983E-05    19  11.5001  
  20  17/2  3.5536   9.6574  0.1055E-03  0.1092E-04  0.2144E-05    20  11.6354  
  21   5/2  4.1710  10.7833  0.6996E-04  0.6488E-05  0.2069E-05    21  11.7578  
  22   1/2  3.9466   9.0937  0.1698E-03  0.1868E-04  0.1557E-05    22  11.9783  
  23  -7/2  3.5536   9.1017  0.1443E-03  0.1586E-04  0.1200E-05    23  12.0139  
  24   5/2  4.1710   9.4812  0.1638E-03  0.1727E-04  0.1069E-05    24  12.3235  
  25  17/2  4.1004   8.9670  0.2364E-03  0.2636E-04  0.9083E-06    25  12.3807  
  26   9/2  3.7073   9.7220  0.1168E-03  0.1202E-04  0.8576E-06    26  12.5522  
  27   1/2  3.5430   9.7239  0.8401E-04  0.8640E-05  0.8183E-06    27  12.6867  
  28   5/2  3.1602   9.5472  0.9158E-04  0.9592E-05  0.5027E-06    28  12.8371  
  29  -3/2  2.7671   9.0870  0.8383E-04  0.9226E-05  0.4924E-06    29  13.0454  
  30   9/2  3.3845   9.5136  0.1087E-03  0.1142E-04  0.4241E-06    30  13.0533  
  31  -3/2  3.8480   9.0269  0.1650E-03  0.1828E-04  0.2136E-06    31  13.4038  
  32 -11/2  3.4549   8.9327  0.1486E-03  0.1664E-04  0.2098E-06    32  13.7343  
  33   1/2  4.0723   9.6868  0.1340E-03  0.1384E-04  0.1277E-06    33  13.8832  
  34  13/2  4.0017   9.3255  0.1792E-03  0.1922E-04  0.9632E-07    34  14.3647  
  35   5/2  3.6087   9.7803  0.9958E-04  0.1018E-04  0.3954E-07    35  14.7107  
  36  15/2  3.9466   9.5196  0.1276E-03  0.1340E-04  0.2239E-07    36  15.2373  
  37   7/2  3.5536  10.1491  0.6487E-04  0.6391E-05  0.3820E-08    37   0.0000  
                                                                                
 ENERGIES (LOWEST 6 OUT OF 36):  8.408  8.532  8.700  9.064  9.175  9.541       
 CUTOFF OF THE NORM EIGENVALUE:  0.1231E-07 ( 0.3820E-08 0.1231E-04 0.8412E-04) 
                                                                                
                                                                                
 SPIN   YRAST-E   DELTA-E   SPIN (LOWEST):  9/2                                 
 ~~~~   ~~~~~~~   ~~~~~~~                                                       
  1/2    1.0903                                                                 
  3/2    0.6591   -0.4311                                                       
  5/2   -0.0206   -0.6797                                                       
  7/2   -0.0444   -0.0238                                                       
  9/2   -0.0618   -0.0173                                                       
 11/2    0.0026    0.0644                                                       
 13/2    0.0087    0.0060                                                       
 15/2    0.1827    0.1741                                                       
 17/2    0.1942    0.0115                                                       
 19/2    0.4940    0.2998                                                       
 21/2    0.4980    0.0041                                                       
 23/2    0.9305    0.4325                                                       
 25/2    0.9182   -0.0123                                                       
 27/2    1.4828    0.5647                                                       
 29/2    1.4477   -0.0351                                                       
 31/2    2.1390    0.6913                                                       
 33/2    2.0768   -0.0622                                                       
 35/2    2.8848    0.8080                                                       
 37/2    2.7932   -0.0915                                                       
 39/2    3.7027    0.9095                                                       
 41/2    3.5827   -0.1200                                                       
 43/2    4.5716    0.9890                                                       
 45/2    4.4277   -0.1439                                                       
 47/2    5.4780    1.0502                                                       
 49/2    5.3117   -0.1663                                                       
 51/2    6.4316    1.1199                                                       
 53/2    6.2324   -0.1992                                                       
 55/2    7.4482    1.2157                                                       
 57/2    7.2047   -0.2435                                                       
 59/2    8.4084    1.2037                                                       
