Distributed parallelism with MPI     : 1 tasks/HFBTHO
Multi-threading framework with OpenMP: 4 threads/task

  ==========================================
           FORTRAN 95 CODE (KIND= 8) 
 git: parent: 3cae9cc3ec7a0c93cd724b300dc0d972f613f33e
  ==========================================
       AXIALLY DEFORMED CONFIGURATIONAL     
     HARTREE-FOCK-BOGOLIUBOV CALCULATIONS   
                     WITH                   
      SKYRME+DELTA PAIRING OR GOGNY EDFs    
                  USING THE                 
             HARMONIC-OSCILLATOR            
                    AND/OR                  
        TRANSFORMED HARMONIC-OSCILLATOR     
                    BASIS                   
                     ---                    
                v1.66  (2005)               
    Stoitsov, Dobaczewski, Nazarewicz, Ring 
                v2.00d (2012)               
        Stoitsov, Schunck, Kortelainen      
                v3.00  (2016)               
            Schunck, Navarro Perez          
  ==========================================
    Nucleus: Ca (A=  49, N= 29, Z= 20)
       Reflection Symmetry Imposed       
            (10/12/2021,  8: 2)                               
  ==========================================


  ---------------------------------------
           UNEDF Module Version: 17
         M.Kortelainen & M.Stoitsov 
  ---------------------------------------

  SKM* functional
  ----------------------------------------
  Crho(0)=   -991.875000000000000    ; Crho(1)=    390.137499999999989    
  CDrho(0)=   974.687500000000000    ; CDrho(1)=  -324.895833333333314    
  Ctau(0)=    34.6875000000000000    ; Ctau(1)=   -34.0625000000000000    
  CrDr(0)=   -68.2031250000000000    ; CrDr(1)=    17.1093750000000000    
  CrdJ(0)=   -97.5000000000000000    ; CrdJ(1)=   -32.5000000000000000    
  CJ(0)=      34.0625000000000000    ; CJ(1)=      34.0625000000000000    
  CpV0(0)=   -280.000000000000000    ; CpV0(1)=   -280.000000000000000    
  CpV1(0)=   0.500000000000000000    ; CpV1(1)=   0.500000000000000000    
  sigma=     0.166666666666666657    ; hbzero=     20.7300000000000004    
  functional has DME couplings: F
  use 3-Nucleon DME couplings: F
  e^2 chrg=   1.43997840859651349    ; CExPar=     1.00000000000000000    
  c.m. correction: T, chr. density in direct Coul: F
  use tensor terms: F

  Coupling constants in natural units
  ----------------------------------------
  Crho_nu(0)=   -1.11697019706649536    ; Crho_nu(1)=   0.439341610846154806    
  CDrho_nu(0)=   1.05494661920042820    ; CDrho_nu(1)= -0.351648873066809420    
  Ctau_nu(0)=   0.491699256216479808    ; Ctau_nu(1)=  -0.482839810158525229    
  CrDr_nu(0)=  -0.966787051074294745    ; CrDr_nu(1)=   0.242527335836506930    
  CrdJ_nu(0)=   -1.38207358504091626    ; CrdJ_nu(1)=  -0.460691195013638755    
  CJ_nu(0)=     0.482839810158525229    ; CJ_nu(1)=     0.482839810158525229    
  CpV0_nu(0)=  -0.315313577999867589    ; CpV0_nu(1)=  -0.315313577999867589    
  CpV1_nu(0)=   0.443851127103029534E-03; CpV1_nu(1)=   0.443851127103029534E-03
  fpi_nu=        93.0000000000000000    ; Lambda_nu=     700.000000000000000    

  Nuclear matter properties
  ----------------------------------------
  E_NM=      -15.7762359616147627    ; K_NM=        216.657542303868979    
  P_NM=     -0.730495530692525363E-15; RHO_NM=     0.160318515964671449    
  ASS_NM=     30.0323865018228560    ; LASS_NM=     45.7703887670942962    
  SMASS_NM=   1.26826090316085582    ; VMASS_NM=    1.53168827653502970    

  Associated (t,x)-coupling constants
  ----------------------------------------
  t0=      -2645.00000000000000    ; x0=       0.899999999999999689E-01
  t1=       410.000000000000000    ; x1=        0.00000000000000000    
  t2=      -135.000000000000000    ; x2=        0.00000000000000000    
  t3=       15595.0000000000000    ; x3=       -0.00000000000000000    
  b4=       65.0000000000000000    ; b4p=       65.0000000000000000    
  te=       0.00000000000000000    ; to=        0.00000000000000000    
  sigma=   0.166666666666666657    ; hbzero=    20.7300000000000004    

  ---------------------------------------
        Characteristics of the run       
  ---------------------------------------
  Output file ................:    57
  Nucleus ....................:   Ca  49
  Number of HO shells ........:    10
  HO length b0 (fm) ..........:     1.75000371403579
  Basis deformation ..........:  beta0=   0.000 q=   1.000
  HO: b0,1/b0,bp,bz,q ........:   0.17500037E+01  0.57142736E+00  0.17500037E+01  0.17500037E+01  0.10000000E+01
  h**2/(2m_n), cmc, e**2 .....:   0.20730000E+02  0.20306939E+02  0.14399784E+01
  h**2/(2m_p), cmc, e**2 .....:   0.20730000E+02  0.20306939E+02  0.14399784E+01
  hom=f*41.0_pr*A^{-1/3}, f...:   0.13537902E+02  0.12000000E+01
  THO basis is ...............:  OFF
  Maximal number of iterations:    50
  Initial mixing parameter ...:  0.300
  Initial wave functions from :  tape
  Energy functional ..........:    SKM*                          
    direct Coulomb by substitution method, exchange Coulomb with Slater approximation
  Pairing cutoff energy ......:    60.00 MeV
  Lipkin-Nogami procedure is .:  OFF
  PAV procedure is ...........:  OFF
  Constraint calculation is ..:  OFF
  Neutron blocking is ........:   ON
  Temperature T ..............:   0.00 MeV
  Pairing regularization is ..:  OFF
  Collective inertia is ......:  OFF
  Fission fragments are ......:  OFF
  Restart indicator ..........:  -1
  Broyden mixing (#iterations):   7

  ---------------------------------------
        Harmonic Oscillator Basis        
  ---------------------------------------
  NUV, NQP:                        6222     286
  Comparison with bookkeeping spherical basis:
  n00:                               10      10  Maximal number of shells
  nbx, 2*n00+1:                      21      21  Maximal number of K-blocks
  ntx, (n00+1)*(n00+2)*(n00+3)/6    286     286  Max.num. p/n levels
  nzx, n00:                          10      10  Maximal nz-quantum number
  nrx, n00/2  :                       5       5  Maximal nr-quantum number
  nlx, n00:                          10      10  Maximal ml-quantum number
  ndx, (n00+2)*(n00+2)/4:            36      36  Maximal dim. of one k-block

  Actual basis used
  Number of blocks: nb .......:   21
  Number of levels: nt .......:  286
  Maximal 2*omega : nom ......:   21
  Maximal nz:       nzm ......:   10
  Maximal nr:       nrm ......:    5
  Maximal ml:       nlm ......:   10
  Maximal N=nz+2*nr+nl .......:   10
  2 x biggest block dim. .....:   72
  Non-zero elements of h .....:     3254
  Number of Broyden elements .:    13016

  ---------------------------------------
            Integration Meshes           
  ---------------------------------------
  Number of Gauss-Hermite mesh points ngh ....:  40
  Number of Gauss-Laguerre mesh points ngl ...:  40
  Number of Gauss-Legendre mesh points nleg ..:  80
  Integration boundaries
    Hermite  - from xh(1)  =  0.12379686 to xh(ngh)   = 11.88786356
    Laguerre - From xl(1)  =  0.03570039 to xl(ngl)   =142.28004447
    Legendre - From xleg(1)=  0.00978669 to xleg(nleg)=  0.99988775
  Max.dev.in:     Orthogonality            Normalization
  Hermite     1.5150139407621233E-015   1.0658141036401503E-014
  Laguerre    4.3068680416470186E-015   8.2156503822261584E-015

  Reading from wel_file: hfbtho_output.hel


  ### REGULAR STAGE (reflection symmetry imposed)
  |HFB+HO> iterations(b0=  1.750, Nsh= 10, inin= -1, N= 29, Z= 20)...
  ----------------------------------------------------------------------------------------------------------------------------------
  i          si     mix   beta      Etot       A       rn      rp         En      Dn      Ep      Dp        Ln      Lp     time  time(Gog.)
  ----------------------------------------------------------------------------------------------------------------------------------
   0N   0.00000859 0.90 -0.023  -425.463058   49.0   3.633   3.455 |   -0.000   0.000  -0.000  -0.000 |  -10.344 -15.028   0.000   0.000
    neutron Blocking: block=  4 state=  1   Eqp=   1.31798279  Dqpe=  -0.00000000  Ovlp=   1.00000000   1/  6  3-[ 3, 0, 1]
   1B   0.00000564 0.90 -0.023  -425.463058   49.0   3.633   3.455 |   -0.000   0.000  -0.000  -0.000 |  -10.344 -15.028   5.997   0.000
    neutron Blocking: block=  4 state=  1   Eqp=   1.31798309  Dqpe=  -0.00000000  Ovlp=   1.00000000   1/  6  3-[ 3, 0, 1]
   2B   0.00000527 0.90 -0.023  -425.463058   49.0   3.633   3.455 |   -0.000   0.000  -0.000  -0.000 |  -10.344 -15.028   0.193   0.000
    neutron Blocking: block=  4 state=  1   Eqp=   1.31798281  Dqpe=  -0.00000000  Ovlp=   1.00000000   1/  6  3-[ 3, 0, 1]
   2N   0.00000527 0.90 -0.023  -425.463058   49.0   3.633   3.455 |   -0.000   0.000  -0.000  -0.000 |  -10.344 -15.028   0.193   0.000
  ----------------------------------------------------------------------------------------------------------------------------------
  *   iteration converged   after   2 steps   si=     0.0000052688 ho=  0 tho=  0
  ----------------------------------------------------------------------------------------------------------------------------------
  Total CPU time=   0.106 minutes
    neutron Blocking: block=  4 state=  1   Eqp=   1.31798285  Dqpe=  -0.00000000  Ovlp=   1.00000000   1/  6  3-[ 3, 0, 1]


 #quasiparticle energies neutrons
 --------------------------------
  eqp(k) -> q.p. energy 
  e(k)   -> referent s.p. energy 
  p(k)   -> occ.probability 
  del(k) -> referent s.p. gap 
  fermi energy alast=  -10.343656100510731     
  #k  block#    eqp(k)     e(k)       (1-2N)E      decay        p(k)        del(k)    overl      labels
   1    1     6.875058  -14.719992   -6.875058    1.702792    1.00000000   0.0000   0.7518  1+[ 2, 1, 1]
   2    1     8.271783    0.426848    8.271783    1.781747    0.00000000   0.0000   0.6045  1+[ 4, 2, 0]
   3    1     9.149074  -16.994009   -9.149074    1.829598    1.00000000   0.0001   0.7682  1+[ 2, 0, 0]
   4    1    11.388686    3.543752   11.388686    1.946428    0.00000000   0.0000   0.4936  1+[ 4, 0, 0]
   5    1    12.485024    4.640090   12.485024    2.001133    0.00000000   0.0000   0.4802  1+[ 4, 0, 0]
   6    1    13.491937  -21.336871  -13.491937    2.050091    1.00000000   0.0001   0.6236  1+[ 2, 1, 1]
   7    1    13.610270    5.765336   13.610270    2.055768    0.00000000   0.0000   0.4644  1+[ 4, 1, 1]
   8    1    17.632635    9.787701   17.632635    2.240200    0.00000000   0.0000   0.4843  1+[ 4, 3, 1]
   9    1    26.836346   18.991411   26.836346    2.613698    0.00000000   0.0000   0.3408  1+[ 8, 0, 0]
  10    1    27.499172   19.654237   27.499172    2.638556    0.00000000   0.0000   0.3530  1+[ 6, 2, 0]
  11    1    28.370113   20.525179   28.370113    2.670867    0.00000000   0.0000   0.4056  1+[ 4, 0, 0]
  12    1    28.981461   21.136526   28.981461    2.693316    0.00000000   0.0000   0.3151  1+[ 4, 1, 1]
  13    1    29.600151   21.755216   29.600151    2.715846    0.00000000   0.0000   0.5007  1+[ 6, 4, 0]
  14    1    31.803247   23.958312   31.803247    2.794598    0.00000000   0.0000   0.2912  1+[ 8, 7, 1]
  15    1    34.763684   26.918750   34.763684    2.897053    0.00000000   0.0000   0.4206  1+[ 6, 3, 1]
  16    1    36.269175  -44.114110  -36.269175    2.947790    1.00000000   0.0000   0.9860  1+[ 0, 0, 0]
  17    1    45.169669   37.324734   45.169669    3.231510    0.00000000   0.0000   0.3741  1+[ 8, 2, 0]
  18    1    49.407232   41.562297   49.407232    3.358178    0.00000000   0.0000   0.3026  1+[ 6, 1, 1]
  19    1    50.141418   42.296484   50.141418    3.379642    0.00000000   0.0000   0.4826  1+[ 8, 4, 0]
  20    1    51.970829   44.125894   51.970829    3.432540    0.00000000   0.0000   0.3671  1+[ 6, 6, 0]
  21    1    53.483073   45.638138   53.483073    3.475659    0.00000000   0.0000   0.4221  1+[ 8, 5, 1]
  22    1    54.410871   46.565937   54.410871    3.501851    0.00000000   0.0000   0.4568  1+[ 6, 0, 0]
  23    1    55.500287   47.655352   55.500287    3.532358    0.00000000   0.0000   0.3685  1+[ 6, 1, 1]
  24    1    56.214349   48.369414   56.214349    3.552211    0.00000000   0.0000   0.3651  1+[ 6, 3, 1]
  25    1    56.674108   48.829173   56.674108    3.564936    0.00000000   0.0000   0.3879  1+[ 6, 5, 1]
  26    2     1.296951   -6.547984    1.296951    1.341917    0.00000000   0.0000   0.6039  1-[ 3, 3, 0]
  27    2     2.498722  -10.343656   -2.498722    1.427397    1.00000000   0.0000   0.5930  1-[ 3, 1, 0]
  28    2     3.668596   -4.176339    3.668596    1.505955    0.00000000   0.0000   0.6728  1-[ 3, 0, 1]
  29    2     6.676914   -1.168021    6.676914    1.691292    0.00000000   0.0000   0.6499  1-[ 3, 2, 1]
  30    2    19.313695   11.468760   19.313695    2.312926    0.00000000   0.0000   0.5510  1-[ 5, 3, 0]
  31    2    20.452582   12.607648   20.452582    2.360924    0.00000000   0.0001   0.3990  1-[ 5, 0, 1]
  32    2    20.932438   13.087503   20.932438    2.380857    0.00000000   0.0000   0.5278  1-[ 5, 5, 0]
  33    2    21.584351  -29.429285  -21.584351    2.407674    1.00000000   0.0010   0.8039  1-[ 1, 0, 1]
  34    2    21.806529   13.961594   21.806529    2.416745    0.00000000   0.0010   0.4481  1-[ 5, 0, 1]
  35    2    23.686781   15.841846   23.686781    2.492192    0.00000000   0.0000   0.3948  1-[ 5, 4, 1]
  36    2    24.872188  -32.717122  -24.872188    2.538606    1.00000000   0.0001   0.8001  1-[ 1, 1, 0]
  37    2    27.336474   19.491539   27.336474    2.632476    0.00000000   0.0000   0.4494  1-[ 5, 2, 1]
  38    2    37.876996   30.032061   37.876996    3.001028    0.00000000   0.0000   0.3852  1-[ 7, 2, 1]
  39    2    40.003286   32.158351   40.003286    3.070016    0.00000000   0.0000   0.3246  1-[ 7, 1, 0]
  40    2    40.789626   32.944692   40.789626    3.095140    0.00000000   0.0000   0.4914  1-[ 7, 4, 1]
  41    2    42.658263   34.813329   42.658263    3.154040    0.00000000   0.0000   0.3541  1-[ 5, 5, 0]
  42    2    44.688459   36.843525   44.688459    3.216811    0.00000000   0.0000   0.4509  1-[ 5, 0, 1]
  43    2    45.003770   37.158836   45.003770    3.226450    0.00000000   0.0000   0.3674  1-[ 5, 5, 0]
  44    2    46.300768   38.455834   46.300768    3.265801    0.00000000   0.0000   0.4717  1-[ 7, 4, 1]
  45    2    47.031461   39.186527   47.031461    3.287763    0.00000000   0.0000   0.3203  1-[ 5, 2, 1]
  46    2    63.523620   55.678686   63.523620    3.749395    0.00000000   0.0000   0.4292  1-[ 9, 7, 0]
  47    2    64.257441   56.412506   64.257441    3.768622    0.00000000   0.0000   0.5125  1-[ 9, 5, 0]
  48    3     7.026983  -14.871917   -7.026983    1.711557    1.00000000   0.0000   0.8694  3+[ 2, 0, 2]
  49    3     8.243675    0.398740    8.243675    1.780193    0.00000000   0.0000   0.5726  3+[ 4, 3, 1]
  50    3    11.360791    3.515857   11.360791    1.945016    0.00000000   0.0000   0.5434  3+[ 4, 1, 1]
  51    3    13.525728    5.680793   13.525728    2.051714    0.00000000   0.0000   0.6527  3+[ 4, 0, 2]
  52    3    13.536763  -21.381698  -13.536763    2.052243    1.00000000   0.0001   0.8681  3+[ 2, 1, 1]
  53    3    17.589498    9.744564   17.589498    2.238303    0.00000000   0.0000   0.6418  3+[ 4, 2, 2]
  54    3    26.847048   19.002114   26.847048    2.614101    0.00000000   0.0000   0.3438  3+[ 6, 1, 1]
  55    3    27.483242   19.638308   27.483242    2.637961    0.00000000   0.0000   0.4262  3+[ 6, 5, 1]
  56    3    29.022238   21.177304   29.022238    2.694807    0.00000000   0.0000   0.4466  3+[ 8, 0, 2]
  57    3    29.579680   21.734746   29.579680    2.715104    0.00000000   0.0000   0.5629  3+[ 6, 3, 1]
  58    3    31.778868   23.933933   31.778868    2.793739    0.00000000   0.0000   0.3749  3+[ 4, 2, 2]
  59    3    34.751909   26.906974   34.751909    2.896653    0.00000000   0.0000   0.4018  3+[ 6, 4, 2]
  60    3    45.162692   37.317758   45.162692    3.231298    0.00000000   0.0000   0.3490  3+[ 8, 7, 1]
  61    3    49.382702   41.537768   49.382702    3.357459    0.00000000   0.0000   0.3675  3+[ 6, 1, 1]
  62    3    50.128925   42.283990   50.128925    3.379278    0.00000000   0.0000   0.4811  3+[ 8, 5, 1]
  63    3    51.982888   44.137954   51.982888    3.432886    0.00000000   0.0000   0.3785  3+[ 6, 3, 1]
  64    3    53.477884   45.632950   53.477884    3.475512    0.00000000   0.0000   0.4808  3+[ 8, 4, 2]
  65    3    55.565388   47.720453   55.565388    3.534173    0.00000000   0.0000   0.5692  3+[ 6, 0, 2]
  66    3    56.206101   48.361166   56.206101    3.551983    0.00000000   0.0000   0.3832  3+[ 6, 4, 2]
  67    3    56.620948   48.776013   56.620948    3.563467    0.00000000   0.0000   0.3794  3+[ 6, 4, 2]
  68    4     1.317983   -7.844935    0.000000    1.343460    0.50000000   1.3180   0.8131  3-[ 3, 0, 1]
  69    4     2.536239  -10.381174   -2.536239    1.429983    1.00000000   0.0000   0.7185  3-[ 3, 2, 1]
  70    4     6.579712   -1.265223    6.579712    1.685623    0.00000000   0.0000   0.7924  3-[ 3, 1, 2]
  71    4    19.290481   11.445546   19.290481    2.311937    0.00000000   0.0000   0.6071  3-[ 5, 2, 1]
  72    4    20.501902   12.656968   20.501902    2.362980    0.00000000   0.0001   0.6454  3-[ 5, 0, 1]
  73    4    20.870292   13.025357   20.870292    2.378285    0.00000000   0.0000   0.5698  3-[ 5, 4, 1]
  74    4    23.631385   15.786451   23.631385    2.490002    0.00000000   0.0000   0.4893  3-[ 5, 1, 2]
  75    4    24.847465  -32.692400  -24.847465    2.537647    1.00000000   0.0001   0.9832  3-[ 1, 0, 1]
  76    4    27.312673   19.467739   27.312673    2.631585    0.00000000   0.0000   0.5308  3-[ 5, 3, 2]
  77    4    37.868983   30.024049   37.868983    3.000765    0.00000000   0.0000   0.4519  3-[ 7, 2, 1]
  78    4    39.977537   32.132602   39.977537    3.069190    0.00000000   0.0000   0.3347  3-[ 7, 6, 1]
  79    4    40.771027   32.926092   40.771027    3.094548    0.00000000   0.0000   0.5542  3-[ 7, 4, 1]
  80    4    42.700632   34.855697   42.700632    3.155363    0.00000000   0.0000   0.5068  3-[ 5, 0, 1]
  81    4    44.753627   36.908692   44.753627    3.218805    0.00000000   0.0000   0.4203  3-[ 5, 1, 2]
  82    4    46.291874   38.446939   46.291874    3.265533    0.00000000   0.0000   0.4921  3-[ 7, 3, 2]
  83    4    47.015864   39.170929   47.015864    3.287296    0.00000000   0.0000   0.3635  3-[ 5, 3, 2]
  84    4    63.522494   55.677559   63.522494    3.749366    0.00000000   0.0000   0.4520  3-[ 9, 2, 1]
  85    4    64.245266   56.400331   64.245266    3.768304    0.00000000   0.0000   0.5100  3-[ 9, 4, 1]
  86    5     8.187321    0.342386    8.187321    1.777072    0.00000000   0.0000   0.7782  5+[ 4, 2, 2]
  87    5    11.250524    3.405589   11.250524    1.939424    0.00000000   0.0000   0.7784  5+[ 4, 0, 2]
  88    5    13.635479  -21.480413  -13.635479    2.056975    1.00000000   0.0000   0.9779  5+[ 2, 0, 2]
  89    5    17.504622    9.659688   17.504622    2.234565    0.00000000   0.0000   0.7455  5+[ 4, 1, 3]
  90    5    26.855662   19.010727   26.855662    2.614425    0.00000000   0.0000   0.5314  5+[ 8, 0, 2]
  91    5    27.451799   19.606864   27.451799    2.636787    0.00000000   0.0000   0.4182  5+[ 6, 4, 2]
  92    5    29.539246   21.694311   29.539246    2.713637    0.00000000   0.0000   0.5521  5+[ 6, 4, 2]
  93    5    31.730865   23.885930   31.730865    2.792046    0.00000000   0.0000   0.4337  5+[ 4, 1, 3]
  94    5    34.728564   26.883630   34.728564    2.895859    0.00000000   0.0000   0.5210  5+[ 6, 3, 3]
  95    5    45.148778   37.303843   45.148778    3.230873    0.00000000   0.0000   0.4462  5+[ 8, 6, 2]
  96    5    49.334006   41.489071   49.334006    3.356030    0.00000000   0.0000   0.3878  5+[ 6, 4, 2]
  97    5    50.104092   42.259157   50.104092    3.378554    0.00000000   0.0000   0.5500  5+[ 8, 4, 2]
  98    5    52.007664   44.162730   52.007664    3.433597    0.00000000   0.0000   0.5895  5+[ 6, 0, 2]
  99    5    53.467554   45.622619   53.467554    3.475219    0.00000000   0.0000   0.4789  5+[ 8, 3, 3]
 100    5    56.189382   48.344448   56.189382    3.551519    0.00000000   0.0000   0.4839  5+[ 6, 3, 3]
 101    5    56.519271   48.674337   56.519271    3.560656    0.00000000   0.0000   0.5473  5+[ 6, 1, 3]
 102    6     2.612494  -10.457428   -2.612494    1.435226    1.00000000   0.0000   0.8993  5-[ 3, 1, 2]
 103    6     6.405527   -1.439407    6.405527    1.675414    0.00000000   0.0000   0.8694  5-[ 3, 0, 3]
 104    6    19.243742   11.398808   19.243742    2.309945    0.00000000   0.0000   0.6329  5-[ 5, 3, 2]
 105    6    20.747600   12.902665   20.747600    2.373199    0.00000000   0.0000   0.5621  5-[ 5, 1, 2]
 106    6    23.543868   15.698933   23.543868    2.486538    0.00000000   0.0000   0.6185  5-[ 5, 0, 3]
 107    6    27.265713   19.420779   27.265713    2.629827    0.00000000   0.0000   0.6515  5-[ 5, 2, 3]
 108    6    37.852843   30.007908   37.852843    3.000235    0.00000000   0.0000   0.4845  5-[ 7, 5, 2]
 109    6    39.924011   32.079076   39.924011    3.067472    0.00000000   0.0000   0.4034  5-[ 7, 1, 2]
 110    6    40.734194   32.889259   40.734194    3.093375    0.00000000   0.0000   0.5739  5-[ 7, 3, 2]
 111    6    44.687969   36.843035   44.687969    3.216796    0.00000000   0.0000   0.5356  5-[ 5, 0, 3]
 112    6    46.274205   38.429270   46.274205    3.265000    0.00000000   0.0000   0.5317  5-[ 7, 4, 3]
 113    6    46.984041   39.139106   46.984041    3.286343    0.00000000   0.0000   0.4519  5-[ 5, 2, 3]
 114    6    63.520180   55.675245   63.520180    3.749305    0.00000000   0.0000   0.4901  5-[ 9, 7, 2]
 115    6    64.221061   56.376127   64.221061    3.767671    0.00000000   0.0000   0.5673  5-[ 9, 5, 2]
 116    7     8.102509    0.257575    8.102509    1.772366    0.00000000   0.0000   0.9121  7+[ 4, 1, 3]
 117    7    17.381044    9.536109   17.381044    2.229111    0.00000000   0.0000   0.7998  7+[ 4, 0, 4]
 118    7    27.406882   19.561947   27.406882    2.635109    0.00000000   0.0000   0.5901  7+[ 6, 1, 3]
 119    7    29.479840   21.634905   29.479840    2.711480    0.00000000   0.0000   0.7027  7+[ 6, 3, 3]
 120    7    31.661981   23.817046   31.661981    2.789615    0.00000000   0.0000   0.5145  7+[ 8, 0, 4]
 121    7    34.694073   26.849138   34.694073    2.894686    0.00000000   0.0000   0.6140  7+[ 6, 2, 4]
 122    7    45.127998   37.283063   45.127998    3.230240    0.00000000   0.0000   0.4738  7+[ 8, 5, 3]
 123    7    49.261994   41.417059   49.261994    3.353916    0.00000000   0.0000   0.5047  7+[ 6, 1, 3]
 124    7    50.067225   42.222291   50.067225    3.377479    0.00000000   0.0000   0.5489  7+[ 8, 3, 3]
 125    7    53.452174   45.607239   53.452174    3.474784    0.00000000   0.0000   0.5559  7+[ 8, 4, 4]
 126    7    56.163787   48.318853   56.163787    3.550809    0.00000000   0.0000   0.5565  7+[ 6, 2, 4]
 127    7    56.388522   48.543587   56.388522    3.557037    0.00000000   0.0000   0.6429  7+[ 6, 0, 4]
 128    8     2.728684  -10.573619   -2.728684    1.443177    1.00000000   0.0000   0.9757  7-[ 3, 0, 3]
 129    8    19.173074   11.328140   19.173074    2.306930    0.00000000   0.0000   0.8062  7-[ 5, 2, 3]
 130    8    20.637433   12.792499   20.637433    2.368622    0.00000000   0.0000   0.7428  7-[ 5, 0, 3]
 131    8    27.196841   19.351906   27.196841    2.627246    0.00000000   0.0000   0.7321  7-[ 5, 1, 4]
 132    8    37.828342   29.983407   37.828342    2.999431    0.00000000   0.0000   0.4894  7-[ 7, 2, 3]
 133    8    39.843659   31.998724   39.843659    3.064891    0.00000000   0.0000   0.5766  7-[ 7, 0, 3]
 134    8    40.679850   32.834916   40.679850    3.091645    0.00000000   0.0000   0.6187  7-[ 7, 4, 3]
 135    8    46.247992   38.403058   46.247992    3.264209    0.00000000   0.0000   0.6483  7-[ 7, 3, 4]
 136    8    46.934671   39.089736   46.934671    3.284863    0.00000000   0.0000   0.5098  7-[ 5, 1, 4]
 137    8    63.516545   55.671610   63.516545    3.749209    0.00000000   0.0000   0.5620  7-[ 9, 6, 3]
 138    8    64.185117   56.340183   64.185117    3.766731    0.00000000   0.0000   0.6046  7-[ 9, 4, 3]
 139    9     7.989331    0.144396    7.989331    1.766065    0.00000000   0.0000   0.9704  9+[ 4, 0, 4]
 140    9    27.352405   19.507471   27.352405    2.633072    0.00000000   0.0000   0.6922  9+[ 6, 0, 4]
 141    9    29.402910   21.557976   29.402910    2.708684    0.00000000   0.0000   0.8173  9+[ 6, 2, 4]
 142    9    34.649085   26.804150   34.649085    2.893155    0.00000000   0.0000   0.6765  9+[ 6, 1, 5]
 143    9    45.100459   37.255524   45.100459    3.229400    0.00000000   0.0000   0.4982  9+[ 8, 2, 4]
 144    9    49.168525   41.323591   49.168525    3.351170    0.00000000   0.0000   0.6048  9+[ 6, 0, 4]
 145    9    50.018781   42.173846   50.018781    3.376066    0.00000000   0.0000   0.6253  9+[ 8, 4, 4]
 146    9    53.431887   45.586952   53.431887    3.474209    0.00000000   0.0000   0.6571  9+[ 8, 3, 5]
 147    9    56.128467   48.283533   56.128467    3.549829    0.00000000   0.0000   0.5985  9+[ 6, 1, 5]
 148   10    19.078186   11.233251   19.078186    2.302876    0.00000000   0.0000   0.9203  9-[ 5, 1, 4]
 149   10    27.107899   19.262964   27.107899    2.623910    0.00000000   0.0000   0.7741  9-[ 5, 0, 5]
 150   10    37.795137   29.950202   37.795137    2.998340    0.00000000   0.0000   0.6956  9-[ 7, 1, 4]
 151   10    40.609059   32.764125   40.609059    3.089389    0.00000000   0.0000   0.7509  9-[ 7, 3, 4]
 152   10    46.213574   38.368640   46.213574    3.263171    0.00000000   0.0000   0.7375  9-[ 7, 2, 5]
 153   10    46.865935   39.021001   46.865935    3.282801    0.00000000   0.0000   0.5715  9-[ 7, 0, 5]
 154   10    63.511375   55.666440   63.511375    3.749074    0.00000000   0.0000   0.5624  9-[ 9, 5, 4]
 155   10    64.137864   56.292930   64.137864    3.765495    0.00000000   0.0000   0.5976  9-[ 9, 5, 4]
 156   11    29.310292   21.465358   29.310292    2.705314    0.00000000   0.0000   0.8931 11+[ 6, 1, 5]
 157   11    34.594503   26.749568   34.594503    2.891296    0.00000000   0.0000   0.7089 11+[ 6, 0, 6]
 158   11    45.066300   37.221366   45.066300    3.228358    0.00000000   0.0000   0.6690 11+[ 8, 1, 5]
 159   11    49.959358   42.114423   49.959358    3.374332    0.00000000   0.0000   0.7406 11+[ 8, 3, 5]
 160   11    53.406888   45.561954   53.406888    3.473500    0.00000000   0.0000   0.7352 11+[ 8, 2, 6]
 161   11    56.080822   48.235887   56.080822    3.548507    0.00000000   0.0000   0.6252 11+[ 6, 0, 6]
 162   12    18.959280   11.114345   18.959280    2.297785    0.00000000   0.0000   0.9676 11-[ 5, 0, 5]
 163   12    37.752835   29.907900   37.752835    2.996950    0.00000000   0.0000   0.7951 11-[ 7, 0, 5]
 164   12    40.523199   32.678264   40.523199    3.086650    0.00000000   0.0000   0.8518 11-[ 7, 2, 5]
 165   12    46.171375   38.326440   46.171375    3.261897    0.00000000   0.0000   0.7972 11-[ 7, 1, 6]
 166   12    63.504353   55.659418   63.504353    3.748889    0.00000000   0.0000   0.6595 11-[ 9, 2, 5]
 167   12    64.079868   56.234934   64.079868    3.763978    0.00000000   0.0000   0.7273 11-[ 9, 4, 5]
 168   13    29.204127   21.359193   29.204127    2.701447    0.00000000   0.0000   0.9323 13+[ 6, 0, 6]
 169   13    45.025713   37.180778   45.025713    3.227120    0.00000000   0.0000   0.7540 13+[ 8, 0, 6]
 170   13    49.889707   42.044773   49.889707    3.372298    0.00000000   0.0000   0.8292 13+[ 8, 2, 6]
 171   13    53.377428   45.532494   53.377428    3.472664    0.00000000   0.0000   0.7877 13+[ 8, 1, 7]
 172   14    40.423927   32.578992   40.423927    3.083481    0.00000000   0.0000   0.9188 13-[ 7, 1, 6]
 173   14    46.121875   38.276940   46.121875    3.260402    0.00000000   0.0000   0.8290 13-[ 7, 0, 7]
 174   14    63.495045   55.650111   63.495045    3.748645    0.00000000   0.0000   0.8384 13-[ 9, 1, 6]
 175   14    64.011825   56.166891   64.011825    3.762197    0.00000000   0.0000   0.8357 13-[ 9, 3, 6]
 176   15    49.810731   41.965797   49.810731    3.369991    0.00000000   0.0000   0.8884 15+[ 8, 1, 7]
 177   15    53.343816   45.498882   53.343816    3.471711    0.00000000   0.0000   0.8153 15+[ 8, 0, 8]
 178   16    40.313136   32.468202   40.313136    3.079940    0.00000000   0.0000   0.9533 15-[ 7, 0, 7]
 179   16    63.482892   55.637957   63.482892    3.748325    0.00000000   0.0000   0.9265 15-[ 9, 0, 7]
 180   16    63.934555   56.089621   63.934555    3.760174    0.00000000   0.0000   0.9177 15-[ 9, 2, 7]
 181   17    49.723497   41.878563   49.723497    3.367441    0.00000000   0.0000   0.9184 17+[ 8, 0, 8]
 182   18    63.848998   56.004063   63.848998    3.757932    0.00000000   0.0000   0.9720 17-[ 9, 1, 8]
 183   20    63.756211   55.911277   63.756211    3.755500    0.00000000   0.0000   1.0000 19-[ 9, 0, 9]
#all active are  183 q.p. states out of  286
#since the cut off is pwi=  60.0
#check: number of neutrons=  29.0


 #canonical s.p. energies neutrons
 ---------------------------------


  labels -> {2*omega}{parity}[nn=nz+2*nr+nl,nz,nl]
  cqpe   -> canonical q.p. energies
  ce     -> canonical s.p. energies
  fermi energy=  -10.343656100510731     
  average cdelt=   4.2291052166867470E-005
  k0      ceqp        ce         v*v       u*v        cdel     overl      labels
   1   -0.969877  -14.719992   1.00000000   0.00000333  -0.0000   0.7518  1+[ 2, 1, 1]
   2    0.426848    0.426848   0.00000000   0.00000267  -0.0000   0.6045  1+[ 4, 2, 0]
   3    1.304140  -16.994009   1.00000000   0.00000300  -0.0000   0.7682  1+[ 2, 0, 0]
   4    3.543752    3.543752   0.00000000   0.00000183  -0.0000   0.4936  1+[ 4, 0, 0]
   5    4.640090    4.640090   0.00000000   0.00000172  -0.0000   0.4802  1+[ 4, 0, 0]
   6    5.647002  -21.336871   1.00000000   0.00000216  -0.0000   0.6236  1+[ 2, 1, 1]
   7    5.765336    5.765336   0.00000000   0.00000134  -0.0000   0.4644  1+[ 4, 1, 1]
   8    9.787701    9.787701   0.00000000   0.00000099  -0.0000   0.4843  1+[ 4, 3, 1]
   9   18.991411   18.991411   0.00000000   0.00000072  -0.0000   0.3408  1+[ 8, 0, 0]
  10   19.654237   19.654237   0.00000000   0.00000051  -0.0000   0.3530  1+[ 6, 2, 0]
  11   20.525179   20.525179   0.00000000   0.00000059  -0.0000   0.4056  1+[ 4, 0, 0]
  12   21.136526   21.136526   0.00000000   0.00000064  -0.0000   0.3151  1+[ 4, 1, 1]
  13   21.755216   21.755216   0.00000000   0.00000052  -0.0000   0.5007  1+[ 6, 4, 0]
  14   23.958312   23.958312   0.00000000   0.00000054  -0.0000   0.2912  1+[ 8, 7, 1]
  15   26.918750   26.918750   0.00000000   0.00000026  -0.0000   0.4206  1+[ 6, 3, 1]
  16   28.424241  -44.114110   1.00000000   0.00000061  -0.0000   0.9860  1+[ 0, 0, 0]
  17   37.324734   37.324734   0.00000000   0.00000039  -0.0000   0.3741  1+[ 8, 2, 0]
  18   41.562297   41.562297   0.00000000   0.00000033  -0.0000   0.3026  1+[ 6, 1, 1]
  19   42.296484   42.296484   0.00000000   0.00000019  -0.0000   0.4826  1+[ 8, 4, 0]
  20   44.125894   44.125894   0.00000000   0.00000038  -0.0000   0.3671  1+[ 6, 6, 0]
  21   45.638138   45.638138   0.00000000   0.00000013  -0.0000   0.4221  1+[ 8, 5, 1]
  22   46.565937   46.565937   0.00000000   0.00000035  -0.0000   0.4568  1+[ 6, 0, 0]
  23   47.655352   47.655352   0.00000000   0.00000035  -0.0000   0.3685  1+[ 6, 1, 1]
  24   48.369414   48.369414   0.00000000   0.00000036  -0.0000   0.3651  1+[ 6, 3, 1]
  25   48.829173   48.829173   0.00000000   0.00000031  -0.0000   0.3879  1+[ 6, 5, 1]
  26    0.000000    0.000000   0.00000000   0.00000000  -0.0000   0.0000  1+[10, 0, 0]
  27    0.000000    0.000000   0.00000000   0.00000000  -0.0000   0.0000  1+[10, 0, 0]
  28    0.000000    0.000000   0.00000000   0.00000000  -0.0000   0.0000  1+[10, 0, 0]
  29    0.000000    0.000000   0.00000000   0.00000000  -0.0000   0.0000  1+[10, 0, 0]
  30    0.000000    0.000000   0.00000000   0.00000000  -0.0000   0.0000  1+[10, 0, 0]
  31    0.000000    0.000000   0.00000000   0.00000000  -0.0000   0.0000  1+[10, 0, 0]
  32    0.000000    0.000000   0.00000000   0.00000000  -0.0000   0.0000  1+[10, 0, 0]
  33    0.000000    0.000000   0.00000000   0.00000000  -0.0000   0.0000  1+[10, 0, 0]
  34    0.000000    0.000000   0.00000000   0.00000000  -0.0000   0.0000  1+[10, 0, 0]
  35    0.000000    0.000000   0.00000000   0.00000000  -0.0000   0.0000  1+[10, 0, 0]
  36    0.000000    0.000000   0.00000000   0.00000000  -0.0000   0.0000  1+[10, 0, 0]
  37   -6.547984   -6.547984   0.00000000   0.00001468  -0.0000   0.6039  1-[ 3, 3, 0]
  38   -5.346213  -10.343656   1.00000000   0.00000937  -0.0000   0.5930  1-[ 3, 1, 0]
  39   -4.176339   -4.176339   0.00000000   0.00000469  -0.0000   0.6728  1-[ 3, 0, 1]
  40   -1.168021   -1.168021   0.00000000   0.00000322  -0.0000   0.6499  1-[ 3, 2, 1]
  41   11.468760   11.468760   0.00000000   0.00000103  -0.0000   0.5510  1-[ 5, 3, 0]
  42   12.607648   12.607648   0.00000000   0.00000126  -0.0000   0.3990  1-[ 5, 0, 1]
  43   13.087503   13.087503   0.00000000   0.00000098  -0.0000   0.5278  1-[ 5, 5, 0]
  44   13.739416  -29.429285   1.00000000   0.00002260  -0.0000   0.8039  1-[ 1, 0, 1]
  45   13.961594   13.961594   0.00000000   0.00002257  -0.0000   0.4481  1-[ 5, 0, 1]
  46   15.841846   15.841846   0.00000000   0.00000103  -0.0000   0.3948  1-[ 5, 4, 1]
  47   17.027253  -32.717122   1.00000000   0.00000151  -0.0000   0.8001  1-[ 1, 1, 0]
  48   19.491539   19.491539   0.00000000   0.00000049  -0.0000   0.4494  1-[ 5, 2, 1]
  49   30.032061   30.032061   0.00000000   0.00000043  -0.0000   0.3852  1-[ 7, 2, 1]
  50   32.158351   32.158351   0.00000000   0.00000045  -0.0000   0.3246  1-[ 7, 1, 0]
  51   32.944692   32.944692   0.00000000   0.00000033  -0.0000   0.4914  1-[ 7, 4, 1]
  52   34.813329   34.813329   0.00000000   0.00000041  -0.0000   0.3541  1-[ 5, 5, 0]
  53   36.843525   36.843525   0.00000000   0.00000039  -0.0000   0.4509  1-[ 5, 0, 1]
  54   37.158836   37.158836   0.00000000   0.00000040  -0.0000   0.3674  1-[ 5, 5, 0]
  55   38.455834   38.455834   0.00000000   0.00000021  -0.0000   0.4717  1-[ 7, 4, 1]
  56   39.186527   39.186527   0.00000000   0.00000044  -0.0000   0.3203  1-[ 5, 2, 1]
  57   55.678686   55.678686   0.00000000   0.00000033  -0.0000   0.4292  1-[ 9, 7, 0]
  58   56.412506   56.412506   0.00000000   0.00000018  -0.0000   0.5125  1-[ 9, 5, 0]
  59    0.000000    0.000000   0.00000000   0.00000000  -0.0000   0.0000  1-[ 9, 1, 0]
  60    0.000000    0.000000   0.00000000   0.00000000  -0.0000   0.0000  1-[ 9, 1, 0]
  61    0.000000    0.000000   0.00000000   0.00000000  -0.0000   0.0000  1-[ 9, 1, 0]
  62    0.000000    0.000000   0.00000000   0.00000000  -0.0000   0.0000  1-[ 9, 1, 0]
  63    0.000000    0.000000   0.00000000   0.00000000  -0.0000   0.0000  1-[ 9, 1, 0]
  64    0.000000    0.000000   0.00000000   0.00000000  -0.0000   0.0000  1-[ 9, 1, 0]
  65    0.000000    0.000000   0.00000000   0.00000000  -0.0000   0.0000  1-[ 9, 1, 0]
  66    0.000000    0.000000   0.00000000   0.00000000  -0.0000   0.0000  1-[ 9, 1, 0]
  67   -0.817952  -14.871917   1.00000000   0.00000300  -0.0000   0.8694  3+[ 2, 0, 2]
  68    0.398740    0.398740   0.00000000   0.00000263  -0.0000   0.5726  3+[ 4, 3, 1]
  69    3.515857    3.515857   0.00000000   0.00000132  -0.0000   0.5434  3+[ 4, 1, 1]
  70    5.680793    5.680793   0.00000000   0.00000104  -0.0000   0.6527  3+[ 4, 0, 2]
  71    5.691829  -21.381698   1.00000000   0.00000195  -0.0000   0.8681  3+[ 2, 1, 1]
  72    9.744564    9.744564   0.00000000   0.00000097  -0.0000   0.6418  3+[ 4, 2, 2]
  73   19.002114   19.002114   0.00000000   0.00000069  -0.0000   0.3438  3+[ 6, 1, 1]
  74   19.638308   19.638308   0.00000000   0.00000051  -0.0000   0.4262  3+[ 6, 5, 1]
  75   21.177304   21.177304   0.00000000   0.00000056  -0.0000   0.4466  3+[ 8, 0, 2]
  76   21.734746   21.734746   0.00000000   0.00000052  -0.0000   0.5629  3+[ 6, 3, 1]
  77   23.933933   23.933933   0.00000000   0.00000053  -0.0000   0.3749  3+[ 4, 2, 2]
  78   26.906974   26.906974   0.00000000   0.00000025  -0.0000   0.4018  3+[ 6, 4, 2]
  79   37.317758   37.317758   0.00000000   0.00000039  -0.0000   0.3490  3+[ 8, 7, 1]
  80   41.537768   41.537768   0.00000000   0.00000033  -0.0000   0.3675  3+[ 6, 1, 1]
  81   42.283990   42.283990   0.00000000   0.00000019  -0.0000   0.4811  3+[ 8, 5, 1]
  82   44.137954   44.137954   0.00000000   0.00000035  -0.0000   0.3785  3+[ 6, 3, 1]
  83   45.632950   45.632950   0.00000000   0.00000012  -0.0000   0.4808  3+[ 8, 4, 2]
  84   47.720453   47.720453   0.00000000   0.00000031  -0.0000   0.5692  3+[ 6, 0, 2]
  85   48.361166   48.361166   0.00000000   0.00000035  -0.0000   0.3832  3+[ 6, 4, 2]
  86   48.776013   48.776013   0.00000000   0.00000030  -0.0000   0.3794  3+[ 6, 4, 2]
  87    0.000000    0.000000   0.00000000   0.00000000  -0.0000   0.0000  3+[10, 1, 1]
  88    0.000000    0.000000   0.00000000   0.00000000  -0.0000   0.0000  3+[10, 1, 1]
  89    0.000000    0.000000   0.00000000   0.00000000  -0.0000   0.0000  3+[10, 1, 1]
  90    0.000000    0.000000   0.00000000   0.00000000  -0.0000   0.0000  3+[10, 1, 1]
  91    0.000000    0.000000   0.00000000   0.00000000  -0.0000   0.0000  3+[10, 1, 1]
  92    0.000000    0.000000   0.00000000   0.00000000  -0.0000   0.0000  3+[10, 1, 1]
  93    0.000000    0.000000   0.00000000   0.00000000  -0.0000   0.0000  3+[10, 1, 1]
  94    0.000000    0.000000   0.00000000   0.00000000  -0.0000   0.0000  3+[10, 1, 1]
  95    0.000000    0.000000   0.00000000   0.00000000  -0.0000   0.0000  3+[10, 1, 1]
  96    0.000000    0.000000   0.00000000   0.00000000  -0.0000   0.0000  3+[10, 1, 1]
  97   -6.526952   -6.526952   0.00000000   0.00001273  -0.0000   0.8131  3-[ 3, 0, 1]
  98   -5.308695  -10.381174   1.00000000   0.00000902  -0.0000   0.7185  3-[ 3, 2, 1]
  99   -1.265223   -1.265223   0.00000000   0.00000314  -0.0000   0.7924  3-[ 3, 1, 2]
 100   11.445546   11.445546   0.00000000   0.00000102  -0.0000   0.6071  3-[ 5, 2, 1]
 101   12.656968   12.656968   0.00000000   0.00000129  -0.0000   0.6454  3-[ 5, 0, 1]
 102   13.025357   13.025357   0.00000000   0.00000090  -0.0000   0.5698  3-[ 5, 4, 1]
 103   15.786451   15.786451   0.00000000   0.00000084  -0.0000   0.4893  3-[ 5, 1, 2]
 104   17.002531  -32.692400   1.00000000   0.00000162  -0.0000   0.9832  3-[ 1, 0, 1]
 105   19.467739   19.467739   0.00000000   0.00000049  -0.0000   0.5308  3-[ 5, 3, 2]
 106   30.024049   30.024049   0.00000000   0.00000043  -0.0000   0.4519  3-[ 7, 2, 1]
 107   32.132602   32.132602   0.00000000   0.00000044  -0.0000   0.3347  3-[ 7, 6, 1]
 108   32.926092   32.926092   0.00000000   0.00000033  -0.0000   0.5542  3-[ 7, 4, 1]
 109   34.855697   34.855697   0.00000000   0.00000039  -0.0000   0.5068  3-[ 5, 0, 1]
 110   36.908692   36.908692   0.00000000   0.00000039  -0.0000   0.4203  3-[ 5, 1, 2]
 111   38.446939   38.446939   0.00000000   0.00000021  -0.0000   0.4921  3-[ 7, 3, 2]
 112   39.170929   39.170929   0.00000000   0.00000044  -0.0000   0.3635  3-[ 5, 3, 2]
 113   55.677559   55.677559   0.00000000   0.00000033  -0.0000   0.4520  3-[ 9, 2, 1]
 114   56.400331   56.400331   0.00000000   0.00000018  -0.0000   0.5100  3-[ 9, 4, 1]
 115    0.000000    0.000000   0.00000000   0.00000000  -0.0000   0.0000  3-[ 9, 0, 1]
 116    0.000000    0.000000   0.00000000   0.00000000  -0.0000   0.0000  3-[ 9, 0, 1]
 117    0.000000    0.000000   0.00000000   0.00000000  -0.0000   0.0000  3-[ 9, 0, 1]
 118    0.000000    0.000000   0.00000000   0.00000000  -0.0000   0.0000  3-[ 9, 0, 1]
 119    0.000000    0.000000   0.00000000   0.00000000  -0.0000   0.0000  3-[ 9, 0, 1]
 120    0.000000    0.000000   0.00000000   0.00000000  -0.0000   0.0000  3-[ 9, 0, 1]
 121    0.000000    0.000000   0.00000000   0.00000000  -0.0000   0.0000  3-[ 9, 0, 1]
 122    0.342386    0.342386   0.00000000   0.00000256  -0.0000   0.7782  5+[ 4, 2, 2]
 123    3.405589    3.405589   0.00000000   0.00000126  -0.0000   0.7784  5+[ 4, 0, 2]
 124    5.790544  -21.480413   1.00000000   0.00000176  -0.0000   0.9779  5+[ 2, 0, 2]
 125    9.659688    9.659688   0.00000000   0.00000093  -0.0000   0.7455  5+[ 4, 1, 3]
 126   19.010727   19.010727   0.00000000   0.00000064  -0.0000   0.5314  5+[ 8, 0, 2]
 127   19.606864   19.606864   0.00000000   0.00000049  -0.0000   0.4182  5+[ 6, 4, 2]
 128   21.694311   21.694311   0.00000000   0.00000051  -0.0000   0.5521  5+[ 6, 4, 2]
 129   23.885930   23.885930   0.00000000   0.00000051  -0.0000   0.4337  5+[ 4, 1, 3]
 130   26.883630   26.883630   0.00000000   0.00000025  -0.0000   0.5210  5+[ 6, 3, 3]
 131   37.303843   37.303843   0.00000000   0.00000038  -0.0000   0.4462  5+[ 8, 6, 2]
 132   41.489071   41.489071   0.00000000   0.00000032  -0.0000   0.3878  5+[ 6, 4, 2]
 133   42.259157   42.259157   0.00000000   0.00000019  -0.0000   0.5500  5+[ 8, 4, 2]
 134   44.162730   44.162730   0.00000000   0.00000033  -0.0000   0.5895  5+[ 6, 0, 2]
 135   45.622619   45.622619   0.00000000   0.00000012  -0.0000   0.4789  5+[ 8, 3, 3]
 136   48.344448   48.344448   0.00000000   0.00000035  -0.0000   0.4839  5+[ 6, 3, 3]
 137   48.674337   48.674337   0.00000000   0.00000029  -0.0000   0.5473  5+[ 6, 1, 3]
 138    0.000000    0.000000   0.00000000   0.00000000  -0.0000   0.0000  5+[10, 0, 2]
 139    0.000000    0.000000   0.00000000   0.00000000  -0.0000   0.0000  5+[10, 0, 2]
 140    0.000000    0.000000   0.00000000   0.00000000  -0.0000   0.0000  5+[10, 0, 2]
 141    0.000000    0.000000   0.00000000   0.00000000  -0.0000   0.0000  5+[10, 0, 2]
 142    0.000000    0.000000   0.00000000   0.00000000  -0.0000   0.0000  5+[10, 0, 2]
 143    0.000000    0.000000   0.00000000   0.00000000  -0.0000   0.0000  5+[10, 0, 2]
 144    0.000000    0.000000   0.00000000   0.00000000  -0.0000   0.0000  5+[10, 0, 2]
 145    0.000000    0.000000   0.00000000   0.00000000  -0.0000   0.0000  5+[10, 0, 2]
 146    0.000000    0.000000   0.00000000   0.00000000  -0.0000   0.0000  5+[10, 0, 2]
 147   -5.232441  -10.457428   1.00000000   0.00000833  -0.0000   0.8993  5-[ 3, 1, 2]
 148   -1.439407   -1.439407   0.00000000   0.00000300  -0.0000   0.8694  5-[ 3, 0, 3]
 149   11.398808   11.398808   0.00000000   0.00000099  -0.0000   0.6329  5-[ 5, 3, 2]
 150   12.902665   12.902665   0.00000000   0.00000064  -0.0000   0.5621  5-[ 5, 1, 2]
 151   15.698933   15.698933   0.00000000   0.00000055  -0.0000   0.6185  5-[ 5, 0, 3]
 152   19.420779   19.420779   0.00000000   0.00000047  -0.0000   0.6515  5-[ 5, 2, 3]
 153   30.007908   30.007908   0.00000000   0.00000042  -0.0000   0.4845  5-[ 7, 5, 2]
 154   32.079076   32.079076   0.00000000   0.00000042  -0.0000   0.4034  5-[ 7, 1, 2]
 155   32.889259   32.889259   0.00000000   0.00000033  -0.0000   0.5739  5-[ 7, 3, 2]
 156   36.843035   36.843035   0.00000000   0.00000036  -0.0000   0.5356  5-[ 5, 0, 3]
 157   38.429270   38.429270   0.00000000   0.00000020  -0.0000   0.5317  5-[ 7, 4, 3]
 158   39.139106   39.139106   0.00000000   0.00000043  -0.0000   0.4519  5-[ 5, 2, 3]
 159   55.675245   55.675245   0.00000000   0.00000032  -0.0000   0.4901  5-[ 9, 7, 2]
 160   56.376127   56.376127   0.00000000   0.00000018  -0.0000   0.5673  5-[ 9, 5, 2]
 161    0.000000    0.000000   0.00000000   0.00000000  -0.0000   0.0000  5-[ 9, 1, 2]
 162    0.000000    0.000000   0.00000000   0.00000000  -0.0000   0.0000  5-[ 9, 1, 2]
 163    0.000000    0.000000   0.00000000   0.00000000  -0.0000   0.0000  5-[ 9, 1, 2]
 164    0.000000    0.000000   0.00000000   0.00000000  -0.0000   0.0000  5-[ 9, 1, 2]
 165    0.000000    0.000000   0.00000000   0.00000000  -0.0000   0.0000  5-[ 9, 1, 2]
 166    0.000000    0.000000   0.00000000   0.00000000  -0.0000   0.0000  5-[ 9, 1, 2]
 167    0.257575    0.257575   0.00000000   0.00000247  -0.0000   0.9121  7+[ 4, 1, 3]
 168    9.536109    9.536109   0.00000000   0.00000086  -0.0000   0.7998  7+[ 4, 0, 4]
 169   19.561947   19.561947   0.00000000   0.00000047  -0.0000   0.5901  7+[ 6, 1, 3]
 170   21.634905   21.634905   0.00000000   0.00000050  -0.0000   0.7027  7+[ 6, 3, 3]
 171   23.817046   23.817046   0.00000000   0.00000048  -0.0000   0.5145  7+[ 8, 0, 4]
 172   26.849138   26.849138   0.00000000   0.00000024  -0.0000   0.6140  7+[ 6, 2, 4]
 173   37.283063   37.283063   0.00000000   0.00000037  -0.0000   0.4738  7+[ 8, 5, 3]
 174   41.417059   41.417059   0.00000000   0.00000031  -0.0000   0.5047  7+[ 6, 1, 3]
 175   42.222291   42.222291   0.00000000   0.00000018  -0.0000   0.5489  7+[ 8, 3, 3]
 176   45.607239   45.607239   0.00000000   0.00000012  -0.0000   0.5559  7+[ 8, 4, 4]
 177   48.318853   48.318853   0.00000000   0.00000034  -0.0000   0.5565  7+[ 6, 2, 4]
 178   48.543587   48.543587   0.00000000   0.00000028  -0.0000   0.6429  7+[ 6, 0, 4]
 179    0.000000    0.000000   0.00000000   0.00000000  -0.0000   0.0000  7+[10, 1, 3]
 180    0.000000    0.000000   0.00000000   0.00000000  -0.0000   0.0000  7+[10, 1, 3]
 181    0.000000    0.000000   0.00000000   0.00000000  -0.0000   0.0000  7+[10, 1, 3]
 182    0.000000    0.000000   0.00000000   0.00000000  -0.0000   0.0000  7+[10, 1, 3]
 183    0.000000    0.000000   0.00000000   0.00000000  -0.0000   0.0000  7+[10, 1, 3]
 184    0.000000    0.000000   0.00000000   0.00000000  -0.0000   0.0000  7+[10, 1, 3]
 185    0.000000    0.000000   0.00000000   0.00000000  -0.0000   0.0000  7+[10, 1, 3]
 186    0.000000    0.000000   0.00000000   0.00000000  -0.0000   0.0000  7+[10, 1, 3]
 187   -5.116250  -10.573619   1.00000000   0.00000749  -0.0000   0.9757  7-[ 3, 0, 3]
 188   11.328140   11.328140   0.00000000   0.00000096  -0.0000   0.8062  7-[ 5, 2, 3]
 189   12.792499   12.792499   0.00000000   0.00000062  -0.0000   0.7428  7-[ 5, 0, 3]
 190   19.351906   19.351906   0.00000000   0.00000045  -0.0000   0.7321  7-[ 5, 1, 4]
 191   29.983407   29.983407   0.00000000   0.00000041  -0.0000   0.4894  7-[ 7, 2, 3]
 192   31.998724   31.998724   0.00000000   0.00000039  -0.0000   0.5766  7-[ 7, 0, 3]
 193   32.834916   32.834916   0.00000000   0.00000032  -0.0000   0.6187  7-[ 7, 4, 3]
 194   38.403058   38.403058   0.00000000   0.00000020  -0.0000   0.6483  7-[ 7, 3, 4]
 195   39.089736   39.089736   0.00000000   0.00000041  -0.0000   0.5098  7-[ 5, 1, 4]
 196   55.671610   55.671610   0.00000000   0.00000032  -0.0000   0.5620  7-[ 9, 6, 3]
 197   56.340183   56.340183   0.00000000   0.00000018  -0.0000   0.6046  7-[ 9, 4, 3]
 198    0.000000    0.000000   0.00000000   0.00000000  -0.0000   0.0000  7-[ 9, 0, 3]
 199    0.000000    0.000000   0.00000000   0.00000000  -0.0000   0.0000  7-[ 9, 0, 3]
 200    0.000000    0.000000   0.00000000   0.00000000  -0.0000   0.0000  7-[ 9, 0, 3]
 201    0.000000    0.000000   0.00000000   0.00000000  -0.0000   0.0000  7-[ 9, 0, 3]
 202    0.000000    0.000000   0.00000000   0.00000000  -0.0000   0.0000  7-[ 9, 0, 3]
 203    0.144396    0.144396   0.00000000   0.00000236  -0.0000   0.9704  9+[ 4, 0, 4]
 204   19.507471   19.507471   0.00000000   0.00000045  -0.0000   0.6922  9+[ 6, 0, 4]
 205   21.557976   21.557976   0.00000000   0.00000049  -0.0000   0.8173  9+[ 6, 2, 4]
 206   26.804150   26.804150   0.00000000   0.00000023  -0.0000   0.6765  9+[ 6, 1, 5]
 207   37.255524   37.255524   0.00000000   0.00000036  -0.0000   0.4982  9+[ 8, 2, 4]
 208   41.323591   41.323591   0.00000000   0.00000030  -0.0000   0.6048  9+[ 6, 0, 4]
 209   42.173846   42.173846   0.00000000   0.00000018  -0.0000   0.6253  9+[ 8, 4, 4]
 210   45.586952   45.586952   0.00000000   0.00000012  -0.0000   0.6571  9+[ 8, 3, 5]
 211   48.283533   48.283533   0.00000000   0.00000032  -0.0000   0.5985  9+[ 6, 1, 5]
 212    0.000000    0.000000   0.00000000   0.00000000  -0.0000   0.0000  9+[10, 0, 4]
 213    0.000000    0.000000   0.00000000   0.00000000  -0.0000   0.0000  9+[10, 0, 4]
 214    0.000000    0.000000   0.00000000   0.00000000  -0.0000   0.0000  9+[10, 0, 4]
 215    0.000000    0.000000   0.00000000   0.00000000  -0.0000   0.0000  9+[10, 0, 4]
 216    0.000000    0.000000   0.00000000   0.00000000  -0.0000   0.0000  9+[10, 0, 4]
 217    0.000000    0.000000   0.00000000   0.00000000  -0.0000   0.0000  9+[10, 0, 4]
 218    0.000000    0.000000   0.00000000   0.00000000  -0.0000   0.0000  9+[10, 0, 4]
 219   11.233251   11.233251   0.00000000   0.00000092  -0.0000   0.9203  9-[ 5, 1, 4]
 220   19.262964   19.262964   0.00000000   0.00000042  -0.0000   0.7741  9-[ 5, 0, 5]
 221   29.950202   29.950202   0.00000000   0.00000040  -0.0000   0.6956  9-[ 7, 1, 4]
 222   32.764125   32.764125   0.00000000   0.00000032  -0.0000   0.7509  9-[ 7, 3, 4]
 223   38.368640   38.368640   0.00000000   0.00000019  -0.0000   0.7375  9-[ 7, 2, 5]
 224   39.021001   39.021001   0.00000000   0.00000039  -0.0000   0.5715  9-[ 7, 0, 5]
 225   55.666440   55.666440   0.00000000   0.00000031  -0.0000   0.5624  9-[ 9, 5, 4]
 226   56.292930   56.292930   0.00000000   0.00000017  -0.0000   0.5976  9-[ 9, 5, 4]
 227    0.000000    0.000000   0.00000000   0.00000000  -0.0000   0.0000  9-[ 9, 1, 4]
 228    0.000000    0.000000   0.00000000   0.00000000  -0.0000   0.0000  9-[ 9, 1, 4]
 229    0.000000    0.000000   0.00000000   0.00000000  -0.0000   0.0000  9-[ 9, 1, 4]
 230    0.000000    0.000000   0.00000000   0.00000000  -0.0000   0.0000  9-[ 9, 1, 4]
 231   21.465358   21.465358   0.00000000   0.00000047  -0.0000   0.8931 11+[ 6, 1, 5]
 232   26.749568   26.749568   0.00000000   0.00000022  -0.0000   0.7089 11+[ 6, 0, 6]
 233   37.221366   37.221366   0.00000000   0.00000035  -0.0000   0.6690 11+[ 8, 1, 5]
 234   42.114423   42.114423   0.00000000   0.00000018  -0.0000   0.7406 11+[ 8, 3, 5]
 235   45.561954   45.561954   0.00000000   0.00000011  -0.0000   0.7352 11+[ 8, 2, 6]
 236   48.235887   48.235887   0.00000000   0.00000030  -0.0000   0.6252 11+[ 6, 0, 6]
 237    0.000000    0.000000   0.00000000   0.00000000  -0.0000   0.0000 11+[10, 1, 5]
 238    0.000000    0.000000   0.00000000   0.00000000  -0.0000   0.0000 11+[10, 1, 5]
 239    0.000000    0.000000   0.00000000   0.00000000  -0.0000   0.0000 11+[10, 1, 5]
 240    0.000000    0.000000   0.00000000   0.00000000  -0.0000   0.0000 11+[10, 1, 5]
 241    0.000000    0.000000   0.00000000   0.00000000  -0.0000   0.0000 11+[10, 1, 5]
 242    0.000000    0.000000   0.00000000   0.00000000  -0.0000   0.0000 11+[10, 1, 5]
 243   11.114345   11.114345   0.00000000   0.00000088  -0.0000   0.9676 11-[ 5, 0, 5]
 244   29.907900   29.907900   0.00000000   0.00000038  -0.0000   0.7951 11-[ 7, 0, 5]
 245   32.678264   32.678264   0.00000000   0.00000031  -0.0000   0.8518 11-[ 7, 2, 5]
 246   38.326440   38.326440   0.00000000   0.00000018  -0.0000   0.7972 11-[ 7, 1, 6]
 247   55.659418   55.659418   0.00000000   0.00000030  -0.0000   0.6595 11-[ 9, 2, 5]
 248   56.234934   56.234934   0.00000000   0.00000017  -0.0000   0.7273 11-[ 9, 4, 5]
 249    0.000000    0.000000   0.00000000   0.00000000  -0.0000   0.0000 11-[ 9, 0, 5]
 250    0.000000    0.000000   0.00000000   0.00000000  -0.0000   0.0000 11-[ 9, 0, 5]
 251    0.000000    0.000000   0.00000000   0.00000000  -0.0000   0.0000 11-[ 9, 0, 5]
 252   21.359193   21.359193   0.00000000   0.00000045  -0.0000   0.9323 13+[ 6, 0, 6]
 253   37.180778   37.180778   0.00000000   0.00000033  -0.0000   0.7540 13+[ 8, 0, 6]
 254   42.044773   42.044773   0.00000000   0.00000017  -0.0000   0.8292 13+[ 8, 2, 6]
 255   45.532494   45.532494   0.00000000   0.00000011  -0.0000   0.7877 13+[ 8, 1, 7]
 256    0.000000    0.000000   0.00000000   0.00000000  -0.0000   0.0000 13+[10, 0, 6]
 257    0.000000    0.000000   0.00000000   0.00000000  -0.0000   0.0000 13+[10, 0, 6]
 258    0.000000    0.000000   0.00000000   0.00000000  -0.0000   0.0000 13+[10, 0, 6]
 259    0.000000    0.000000   0.00000000   0.00000000  -0.0000   0.0000 13+[10, 0, 6]
 260    0.000000    0.000000   0.00000000   0.00000000  -0.0000   0.0000 13+[10, 0, 6]
 261   32.578992   32.578992   0.00000000   0.00000030  -0.0000   0.9188 13-[ 7, 1, 6]
 262   38.276940   38.276940   0.00000000   0.00000017  -0.0000   0.8290 13-[ 7, 0, 7]
 263   55.650111   55.650111   0.00000000   0.00000029  -0.0000   0.8384 13-[ 9, 1, 6]
 264   56.166891   56.166891   0.00000000   0.00000017  -0.0000   0.8357 13-[ 9, 3, 6]
 265    0.000000    0.000000   0.00000000   0.00000000  -0.0000   0.0000 13-[ 9, 1, 6]
 266    0.000000    0.000000   0.00000000   0.00000000  -0.0000   0.0000 13-[ 9, 1, 6]
 267   41.965797   41.965797   0.00000000   0.00000016  -0.0000   0.8884 15+[ 8, 1, 7]
 268   45.498882   45.498882   0.00000000   0.00000010  -0.0000   0.8153 15+[ 8, 0, 8]
 269    0.000000    0.000000   0.00000000   0.00000000  -0.0000   0.0000 15+[10, 1, 7]
 270    0.000000    0.000000   0.00000000   0.00000000  -0.0000   0.0000 15+[10, 1, 7]
 271    0.000000    0.000000   0.00000000   0.00000000  -0.0000   0.0000 15+[10, 1, 7]
 272    0.000000    0.000000   0.00000000   0.00000000  -0.0000   0.0000 15+[10, 1, 7]
 273   32.468202   32.468202   0.00000000   0.00000028  -0.0000   0.9533 15-[ 7, 0, 7]
 274   55.637957   55.637957   0.00000000   0.00000028  -0.0000   0.9265 15-[ 9, 0, 7]
 275   56.089621   56.089621   0.00000000   0.00000016  -0.0000   0.9177 15-[ 9, 2, 7]
 276    0.000000    0.000000   0.00000000   0.00000000  -0.0000   0.0000 15-[ 9, 0, 7]
 277   41.878563   41.878563   0.00000000   0.00000016  -0.0000   0.9184 17+[ 8, 0, 8]
 278    0.000000    0.000000   0.00000000   0.00000000  -0.0000   0.0000 17+[10, 0, 8]
 279    0.000000    0.000000   0.00000000   0.00000000  -0.0000   0.0000 17+[10, 0, 8]
 280    0.000000    0.000000   0.00000000   0.00000000  -0.0000   0.0000 17+[10, 0, 8]
 281   56.004063   56.004063   0.00000000   0.00000016  -0.0000   0.9720 17-[ 9, 1, 8]
 282    0.000000    0.000000   0.00000000   0.00000000  -0.0000   0.0000 17-[ 9, 1, 8]
 283   55.911277   55.911277   0.00000000   0.00000015  -0.0000   1.0000 19-[ 9, 0, 9]
  Sum canonical e_v*V^2_k=  -582.98739112238866     


 #quasiparticle energies protons 
 --------------------------------
  eqp(k) -> q.p. energy 
  e(k)   -> referent s.p. energy 
  p(k)   -> occ.probability 
  del(k) -> referent s.p. gap 
  fermi energy alast=  -15.028470104510891     
  #k  block#    eqp(k)     e(k)       (1-2N)E      decay        p(k)        del(k)    overl      labels
   1    1     2.445025  -15.028470   -2.445025    1.720541    1.00000000   0.0000   0.7298  1+[ 2, 1, 1]
   2    1     3.817086  -16.400532   -3.817086    1.797367    1.00000000   0.0000   0.7716  1+[ 2, 0, 0]
   3    1     8.974292  -21.557737   -8.974292    2.060674    1.00000000   0.0000   0.6219  1+[ 2, 1, 1]
   4    1    13.757944    1.174498   13.757944    2.277860    0.00000000   0.0000   0.6087  1+[ 4, 2, 0]
   5    1    18.826436    6.242990   18.826436    2.487373    0.00000000   0.0000   0.4853  1+[ 4, 0, 0]
   6    1    20.342713    7.759268   20.342713    2.546703    0.00000000   0.0000   0.5303  1+[ 4, 0, 0]
   7    1    21.140068    8.556623   21.140068    2.577355    0.00000000   0.0000   0.4801  1+[ 4, 1, 1]
   8    1    23.138651   10.555206   23.138651    2.652627    0.00000000   0.0000   0.5446  1+[ 4, 3, 1]
   9    1    30.630502  -43.213947  -30.630502    2.917560    1.00000000   0.0000   0.9709  1+[ 0, 0, 0]
  10    1    34.848659   22.265213   34.848659    3.056638    0.00000000   0.0000   0.3611  1+[ 8, 0, 0]
  11    1    35.574862   22.991417   35.574862    3.079948    0.00000000   0.0000   0.3868  1+[ 6, 2, 0]
  12    1    36.366783   23.783338   36.366783    3.105168    0.00000000   0.0000   0.4322  1+[ 8, 0, 0]
  13    1    36.782938   24.199492   36.782938    3.118340    0.00000000   0.0000   0.3120  1+[ 4, 4, 0]
  14    1    36.856594   24.273149   36.856594    3.120665    0.00000000   0.0000   0.5218  1+[ 6, 4, 0]
  15    1    39.001768   26.418323   39.001768    3.187648    0.00000000   0.0000   0.3117  1+[ 6, 5, 1]
  16    1    42.246273   29.662828   42.246273    3.286365    0.00000000   0.0000   0.4449  1+[ 6, 3, 1]
  17    1    52.909294   40.325848   52.909294    3.591735    0.00000000   0.0000   0.3825  1+[ 8, 2, 0]
  18    1    57.416349   44.832904   57.416349    3.713267    0.00000000   0.0000   0.2977  1+[ 6, 1, 1]
  19    1    58.317186   45.733740   58.317186    3.737084    0.00000000   0.0000   0.4879  1+[ 8, 4, 0]
  20    1    60.360548   47.777103   60.360548    3.790553    0.00000000   0.0000   0.3613  1+[ 6, 6, 0]
  21    1    61.323996   48.740551   61.323996    3.815503    0.00000000   0.0000   0.4431  1+[ 8, 5, 1]
  22    1    62.166490   49.583044   62.166490    3.837189    0.00000000   0.0000   0.3434  1+[ 6, 3, 1]
  23    1    63.032915   50.449470   63.032915    3.859363    0.00000000   0.0000   0.4859  1+[ 6, 0, 0]
  24    1    63.672118   51.088673   63.672118    3.875641    0.00000000   0.0000   0.3958  1+[ 6, 1, 1]
  25    1    64.262939   51.679494   64.262939    3.890626    0.00000000   0.0000   0.4320  1+[ 6, 5, 1]
  26    2     2.321085  -10.262360    2.321085    1.713432    0.00000000   0.0000   0.5950  1-[ 3, 1, 0]
  27    2     7.703000   -4.880445    7.703000    1.998991    0.00000000   0.0000   0.5567  1-[ 3, 3, 0]
  28    2     9.800263   -2.783183    9.800263    2.099780    0.00000000   0.0000   0.6579  1-[ 3, 0, 1]
  29    2    11.199402   -1.384044   11.199402    2.164411    0.00000000   0.0000   0.6861  1-[ 3, 2, 1]
  30    2    16.686231  -29.269676  -16.686231    2.401136    1.00000000   0.0000   0.7664  1-[ 1, 0, 1]
  31    2    20.055240  -32.638686  -20.055240    2.535561    1.00000000   0.0000   0.7624  1-[ 1, 1, 0]
  32    2    25.611386   13.027940   25.611386    2.742901    0.00000000   0.0000   0.5623  1-[ 5, 3, 0]
  33    2    28.409313   15.825867   28.409313    2.841589    0.00000000   0.0000   0.4499  1-[ 5, 0, 1]
  34    2    28.870098   16.286652   28.870098    2.857515    0.00000000   0.0000   0.5372  1-[ 5, 5, 0]
  35    2    29.659526   17.076080   29.659526    2.884596    0.00000000   0.0000   0.4336  1-[ 5, 0, 1]
  36    2    31.395450   18.812005   31.395450    2.943269    0.00000000   0.0000   0.3835  1-[ 5, 4, 1]
  37    2    33.793314   21.209869   33.793314    3.022442    0.00000000   0.0000   0.4669  1-[ 5, 3, 0]
  38    2    45.726339   33.142894   45.726339    3.389054    0.00000000   0.0000   0.3948  1-[ 7, 2, 1]
  39    2    48.011631   35.428185   48.011631    3.454828    0.00000000   0.0000   0.3203  1-[ 7, 1, 0]
  40    2    48.427386   35.843941   48.427386    3.466660    0.00000000   0.0000   0.4990  1-[ 7, 4, 1]
  41    2    50.847875   38.264429   50.847875    3.534758    0.00000000   0.0000   0.3347  1-[ 5, 5, 0]
  42    2    52.432203   39.848757   52.432203    3.578629    0.00000000   0.0000   0.3669  1-[ 5, 0, 1]
  43    2    53.040017   40.456572   53.040017    3.595318    0.00000000   0.0000   0.3230  1-[ 5, 5, 0]
  44    2    53.215659   40.632213   53.215659    3.600126    0.00000000   0.0000   0.3757  1-[ 7, 6, 1]
  45    2    53.595672   41.012226   53.595672    3.610507    0.00000000   0.0000   0.4749  1-[ 7, 4, 1]
  46    2    71.844251   59.260805   71.844251    4.078028    0.00000000   0.0000   0.4498  1-[ 9, 7, 0]
  47    2    72.483796   59.900351   72.483796    4.093445    0.00000000   0.0000   0.5080  1-[ 9, 5, 0]
  48    3     2.828223  -15.411669   -2.828223    1.742339    1.00000000   0.0000   0.8560  3+[ 2, 0, 2]
  49    3     9.098979  -21.682424   -9.098979    2.066625    1.00000000   0.0000   0.8567  3+[ 2, 1, 1]
  50    3    13.694443    1.110998   13.694443    2.275113    0.00000000   0.0000   0.5726  3+[ 4, 3, 1]
  51    3    18.712665    6.129220   18.712665    2.482864    0.00000000   0.0000   0.5377  3+[ 4, 1, 1]
  52    3    20.812270    8.228825   20.812270    2.564798    0.00000000   0.0000   0.6669  3+[ 4, 0, 2]
  53    3    23.023348   10.439903   23.023348    2.648343    0.00000000   0.0000   0.6906  3+[ 4, 2, 2]
  54    3    34.809336   22.225891   34.809336    3.055370    0.00000000   0.0000   0.3583  3+[ 6, 1, 1]
  55    3    35.544909   22.961464   35.544909    3.078990    0.00000000   0.0000   0.4145  3+[ 6, 5, 1]
  56    3    36.613878   24.030433   36.613878    3.112996    0.00000000   0.0000   0.4656  3+[ 8, 0, 2]
  57    3    36.817865   24.234419   36.817865    3.119443    0.00000000   0.0000   0.5667  3+[ 6, 3, 1]
  58    3    38.957461   26.374015   38.957461    3.186279    0.00000000   0.0000   0.3177  3+[ 6, 4, 2]
  59    3    42.214862   29.631417   42.214862    3.285423    0.00000000   0.0000   0.4276  3+[ 6, 4, 2]
  60    3    52.894158   40.310713   52.894158    3.591320    0.00000000   0.0000   0.3587  3+[ 8, 7, 1]
  61    3    57.378512   44.795066   57.378512    3.712263    0.00000000   0.0000   0.3614  3+[ 6, 1, 1]
  62    3    58.298015   45.714569   58.298015    3.736578    0.00000000   0.0000   0.4851  3+[ 8, 5, 1]
  63    3    60.308706   47.725261   60.308706    3.789205    0.00000000   0.0000   0.3718  3+[ 6, 3, 1]
  64    3    61.310361   48.726915   61.310361    3.815151    0.00000000   0.0000   0.4854  3+[ 8, 4, 2]
  65    3    62.139321   49.555876   62.139321    3.836491    0.00000000   0.0000   0.3363  3+[ 6, 2, 2]
  66    3    63.555582   50.972137   63.555582    3.872678    0.00000000   0.0000   0.5727  3+[ 6, 0, 2]
  67    3    64.175682   51.592236   64.175682    3.888417    0.00000000   0.0000   0.4145  3+[ 6, 4, 2]
  68    4     2.234777  -10.348669    2.234777    1.708464    0.00000000   0.0000   0.7129  3-[ 3, 2, 1]
  69    4     7.408579   -5.174866    7.408579    1.984432    0.00000000   0.0000   0.8065  3-[ 3, 0, 1]
  70    4    10.957939   -1.625506   10.957939    2.153395    0.00000000   0.0000   0.7951  3-[ 3, 1, 2]
  71    4    20.258768  -32.842214  -20.258768    2.543455    1.00000000   0.0000   0.9707  3-[ 1, 0, 1]
  72    4    25.562289   12.978844   25.562289    2.741137    0.00000000   0.0000   0.6082  3-[ 5, 2, 1]
  73    4    28.334524   15.751079   28.334524    2.838996    0.00000000   0.0000   0.6645  3-[ 5, 0, 1]
  74    4    28.733283   16.149838   28.733283    2.852796    0.00000000   0.0000   0.5623  3-[ 5, 4, 1]
  75    4    31.280526   18.697080   31.280526    2.939421    0.00000000   0.0000   0.5116  3-[ 5, 1, 2]
  76    4    33.729328   21.145882   33.729328    3.020356    0.00000000   0.0000   0.5734  3-[ 5, 3, 2]
  77    4    45.707629   33.124184   45.707629    3.388510    0.00000000   0.0000   0.4630  3-[ 7, 2, 1]
  78    4    47.961935   35.378489   47.961935    3.453411    0.00000000   0.0000   0.3420  3-[ 7, 6, 1]
  79    4    48.396915   35.813469   48.396915    3.465794    0.00000000   0.0000   0.5617  3-[ 7, 4, 1]
  80    4    50.708769   38.125323   50.708769    3.530880    0.00000000   0.0000   0.4979  3-[ 5, 0, 1]
  81    4    52.393598   39.810152   52.393598    3.577567    0.00000000   0.0000   0.4199  3-[ 5, 1, 2]
  82    4    53.180482   40.597037   53.180482    3.599164    0.00000000   0.0000   0.4165  3-[ 7, 5, 2]
  83    4    53.570078   40.986633   53.570078    3.609809    0.00000000   0.0000   0.5145  3-[ 7, 3, 2]
  84    4    71.836305   59.252860   71.836305    4.077836    0.00000000   0.0000   0.4421  3-[ 9, 2, 1]
  85    4    72.465683   59.882238   72.465683    4.093009    0.00000000   0.0000   0.5209  3-[ 9, 4, 1]
  86    5     9.347468  -21.930913   -9.347468    2.078433    1.00000000   0.0000   0.9701  5+[ 2, 0, 2]
  87    5    13.568849    0.985403   13.568849    2.269670    0.00000000   0.0000   0.7805  5+[ 4, 2, 2]
  88    5    18.440285    5.856840   18.440285    2.472036    0.00000000   0.0000   0.7880  5+[ 4, 0, 2]
  89    5    22.811932   10.228487   22.811932    2.640469    0.00000000   0.0000   0.7872  5+[ 4, 1, 3]
  90    5    34.712520   22.129075   34.712520    3.052248    0.00000000   0.0000   0.5487  5+[ 8, 0, 2]
  91    5    35.487275   22.903829   35.487275    3.077146    0.00000000   0.0000   0.4352  5+[ 6, 2, 2]
  92    5    36.741579   24.158134   36.741579    3.117033    0.00000000   0.0000   0.5850  5+[ 6, 4, 2]
  93    5    38.872680   26.289235   38.872680    3.183657    0.00000000   0.0000   0.4279  5+[ 6, 1, 3]
  94    5    42.152772   29.569326   42.152772    3.283562    0.00000000   0.0000   0.5530  5+[ 6, 3, 3]
  95    5    52.864205   40.280760   52.864205    3.590499    0.00000000   0.0000   0.4587  5+[ 8, 6, 2]
  96    5    57.303581   44.720135   57.303581    3.710275    0.00000000   0.0000   0.3797  5+[ 6, 4, 2]
  97    5    58.259933   45.676488   58.259933    3.735574    0.00000000   0.0000   0.5550  5+[ 8, 4, 2]
  98    5    60.202727   47.619282   60.202727    3.786450    0.00000000   0.0000   0.5812  5+[ 6, 0, 2]
  99    5    61.283166   48.699721   61.283166    3.814449    0.00000000   0.0000   0.4725  5+[ 8, 5, 3]
 100    5    62.085805   49.502360   62.085805    3.835117    0.00000000   0.0000   0.4143  5+[ 6, 3, 3]
 101    5    64.020557   51.437111   64.020557    3.884485    0.00000000   0.0000   0.5092  5+[ 6, 1, 3]
 102    6     2.063759  -10.519687    2.063759    1.698577    0.00000000   0.0000   0.8964  5-[ 3, 1, 2]
 103    6    10.604721   -1.978724   10.604721    2.137179    0.00000000   0.0000   0.8734  5-[ 3, 0, 3]
 104    6    25.464762   12.881317   25.464762    2.737631    0.00000000   0.0000   0.6470  5-[ 5, 3, 2]
 105    6    28.522476   15.939031   28.522476    2.845509    0.00000000   0.0000   0.5779  5-[ 5, 1, 2]
 106    6    31.083919   18.500474   31.083919    2.932826    0.00000000   0.0000   0.6346  5-[ 5, 0, 3]
 107    6    33.605151   21.021706   33.605151    3.016304    0.00000000   0.0000   0.6931  5-[ 5, 2, 3]
 108    6    45.670433   33.086988   45.670433    3.387429    0.00000000   0.0000   0.4847  5-[ 7, 5, 2]
 109    6    47.861990   35.278545   47.861990    3.450560    0.00000000   0.0000   0.4001  5-[ 7, 1, 2]
 110    6    48.336631   35.753186   48.336631    3.464081    0.00000000   0.0000   0.5778  5-[ 7, 3, 2]
 111    6    52.189846   39.606401   52.189846    3.571953    0.00000000   0.0000   0.5205  5-[ 5, 0, 3]
 112    6    53.115004   40.531558   53.115004    3.597372    0.00000000   0.0000   0.3957  5-[ 5, 2, 3]
 113    6    53.519555   40.936110   53.519555    3.608431    0.00000000   0.0000   0.5159  5-[ 7, 4, 3]
 114    6    71.820534   59.237089   71.820534    4.077455    0.00000000   0.0000   0.5099  5-[ 9, 7, 2]
 115    6    72.429700   59.846254   72.429700    4.092143    0.00000000   0.0000   0.5577  5-[ 9, 5, 2]
 116    7    13.384199    0.800754   13.384199    2.261643    0.00000000   0.0000   0.9168  7+[ 4, 1, 3]
 117    7    22.528104    9.944659   22.528104    2.629861    0.00000000   0.0000   0.8449  7+[ 4, 0, 4]
 118    7    35.407429   22.823984   35.407429    3.074589    0.00000000   0.0000   0.6205  7+[ 6, 1, 3]
 119    7    36.630079   24.046633   36.630079    3.113508    0.00000000   0.0000   0.7311  7+[ 6, 3, 3]
 120    7    38.754116   26.170671   38.754116    3.179987    0.00000000   0.0000   0.5417  7+[ 8, 0, 4]
 121    7    42.061496   29.478050   42.061496    3.280823    0.00000000   0.0000   0.6511  7+[ 6, 2, 4]
 122    7    52.820061   40.236616   52.820061    3.589288    0.00000000   0.0000   0.4871  7+[ 8, 5, 3]
 123    7    57.193204   44.609759   57.193204    3.707343    0.00000000   0.0000   0.4923  7+[ 6, 1, 3]
 124    7    58.203452   45.620007   58.203452    3.734085    0.00000000   0.0000   0.5538  7+[ 8, 3, 3]
 125    7    61.242566   48.659121   61.242566    3.813401    0.00000000   0.0000   0.5869  7+[ 8, 4, 4]
 126    7    62.007559   49.424113   62.007559    3.833107    0.00000000   0.0000   0.4939  7+[ 6, 2, 4]
 127    7    63.824502   51.241056   63.824502    3.879511    0.00000000   0.0000   0.6155  7+[ 6, 0, 4]
 128    8     1.813091  -10.770354    1.813091    1.683979    0.00000000   0.0000   0.9745  7-[ 3, 0, 3]
 129    8    25.320295   12.736850   25.320295    2.732428    0.00000000   0.0000   0.8170  7-[ 5, 2, 3]
 130    8    28.324824   15.741378   28.324824    2.838660    0.00000000   0.0000   0.7575  7-[ 5, 0, 3]
 131    8    33.427742   20.844297   33.427742    3.010506    0.00000000   0.0000   0.7738  7-[ 5, 1, 4]
 132    8    45.615200   33.031755   45.615200    3.385823    0.00000000   0.0000   0.4994  7-[ 7, 2, 3]
 133    8    47.713447   35.130001   47.713447    3.446317    0.00000000   0.0000   0.5767  7-[ 7, 0, 3]
 134    8    48.247827   35.664382   48.247827    3.461555    0.00000000   0.0000   0.6268  7-[ 7, 4, 3]
 135    8    53.020820   40.437375   53.020820    3.594792    0.00000000   0.0000   0.5158  7-[ 7, 1, 4]
 136    8    53.445286   40.861841   53.445286    3.606403    0.00000000   0.0000   0.6454  7-[ 7, 3, 4]
 137    8    71.797166   59.213721   71.797166    4.076891    0.00000000   0.0000   0.5880  7-[ 9, 6, 3]
 138    8    72.376326   59.792880   72.376326    4.090858    0.00000000   0.0000   0.6083  7-[ 9, 4, 3]
 139    9    13.146004    0.562559   13.146004    2.251246    0.00000000   0.0000   0.9766  9+[ 4, 0, 4]
 140    9    35.310183   22.726738   35.310183    3.071473    0.00000000   0.0000   0.7147  9+[ 6, 0, 4]
 141    9    36.486847   23.903402   36.486847    3.108974    0.00000000   0.0000   0.8401  9+[ 6, 2, 4]
 142    9    41.943368   29.359922   41.943368    3.277275    0.00000000   0.0000   0.7179  9+[ 6, 1, 5]
 143    9    52.762653   40.179207   52.762653    3.587712    0.00000000   0.0000   0.5108  9+[ 8, 2, 4]
 144    9    57.050508   44.467063   57.050508    3.703551    0.00000000   0.0000   0.5903  9+[ 6, 0, 4]
 145    9    58.129322   45.545877   58.129322    3.732129    0.00000000   0.0000   0.6297  9+[ 8, 4, 4]
 146    9    61.188796   48.605350   61.188796    3.812012    0.00000000   0.0000   0.6809  9+[ 8, 3, 5]
 147    9    61.906960   49.323515   61.906960    3.830522    0.00000000   0.0000   0.5462  9+[ 6, 1, 5]
 148   10    25.131496   12.548051   25.131496    2.725615    0.00000000   0.0000   0.9290  9-[ 5, 1, 4]
 149   10    33.206495   20.623049   33.206495    3.003259    0.00000000   0.0000   0.8191  9-[ 5, 0, 5]
 150   10    45.542618   32.959173   45.542618    3.383711    0.00000000   0.0000   0.7087  9-[ 7, 1, 4]
 151   10    48.132388   35.548943   48.132388    3.458269    0.00000000   0.0000   0.7589  9-[ 7, 3, 4]
 152   10    52.900940   40.317494   52.900940    3.591506    0.00000000   0.0000   0.6090  9-[ 7, 0, 5]
 153   10    53.348919   40.765474   53.348919    3.603770    0.00000000   0.0000   0.7464  9-[ 7, 2, 5]
 154   10    71.766520   59.183075   71.766520    4.076151    0.00000000   0.0000   0.5924  9-[ 9, 5, 4]
 155   10    72.306270   59.722825   72.306270    4.089171    0.00000000   0.0000   0.5941  9-[ 9, 3, 4]
 156   11    36.316445   23.733000   36.316445    3.103571    0.00000000   0.0000   0.9128 11+[ 6, 1, 5]
 157   11    41.801668   29.218222   41.801668    3.273013    0.00000000   0.0000   0.7539 11+[ 6, 0, 6]
 158   11    52.693193   40.109748   52.693193    3.585805    0.00000000   0.0000   0.6869 11+[ 8, 1, 5]
 159   11    58.038524   45.455078   58.038524    3.729732    0.00000000   0.0000   0.7465 11+[ 8, 3, 5]
 160   11    61.122183   48.538738   61.122183    3.810291    0.00000000   0.0000   0.7518 11+[ 8, 2, 6]
 161   11    61.787098   49.203652   61.787098    3.827439    0.00000000   0.0000   0.5695 11+[ 6, 0, 6]
 162   12    24.902616   12.319170   24.902616    2.717332    0.00000000   0.0000   0.9778 11-[ 5, 0, 5]
 163   12    45.453713   32.870267   45.453713    3.381122    0.00000000   0.0000   0.8084 11-[ 7, 0, 5]
 164   12    47.992758   35.409313   47.992758    3.454290    0.00000000   0.0000   0.8594 11-[ 7, 2, 5]
 165   12    53.232548   40.649102   53.232548    3.600588    0.00000000   0.0000   0.8135 11-[ 7, 1, 6]
 166   12    71.728977   59.145532   71.728977    4.075243    0.00000000   0.0000   0.6473 11-[ 9, 2, 5]
 167   12    72.220455   59.637010   72.220455    4.087104    0.00000000   0.0000   0.7083 11-[ 9, 4, 5]
 168   13    36.124368   23.540922   36.124368    3.097470    0.00000000   0.0000   0.9540 13+[ 6, 0, 6]
 169   13    52.613190   40.029745   52.613190    3.583607    0.00000000   0.0000   0.7750 13+[ 8, 0, 6]
 170   13    57.932273   45.348827   57.932273    3.726926    0.00000000   0.0000   0.8367 13+[ 8, 2, 6]
 171   13    61.043175   48.459729   61.043175    3.808248    0.00000000   0.0000   0.8005 13+[ 8, 1, 7]
 172   14    47.831902   35.248457   47.831902    3.449701    0.00000000   0.0000   0.9267 13-[ 7, 1, 6]
 173   14    53.098761   40.515315   53.098761    3.596927    0.00000000   0.0000   0.8469 13-[ 7, 0, 7]
 174   14    71.684955   59.101509   71.684955    4.074179    0.00000000   0.0000   0.8351 13-[ 9, 1, 6]
 175   14    72.120002   59.536556   72.120002    4.084683    0.00000000   0.0000   0.8238 13-[ 9, 3, 6]
 176   15    57.812031   45.228586   57.812031    3.723747    0.00000000   0.0000   0.8974 15+[ 8, 1, 7]
 177   15    60.952391   48.368945   60.952391    3.805899    0.00000000   0.0000   0.8295 15+[ 8, 0, 8]
 178   16    47.653248   35.069802   47.653248    3.444596    0.00000000   0.0000   0.9625 15-[ 7, 0, 7]
 179   16    71.634883   59.051438   71.634883    4.072969    0.00000000   0.0000   0.9310 15-[ 9, 0, 7]
 180   16    72.006215   59.422769   72.006215    4.081938    0.00000000   0.0000   0.9128 15-[ 9, 2, 7]
 181   17    57.679525   45.096079   57.679525    3.720241    0.00000000   0.0000   0.9287 17+[ 8, 0, 8]
 182   18    71.880568   59.297123   71.880568    4.078905    0.00000000   0.0000   0.9717 17-[ 9, 1, 8]
 183   20    71.744696   59.161251   71.744696    4.075623    0.00000000   0.0000   1.0000 19-[ 9, 0, 9]
#all active are  183 q.p. states out of  286
#since the cut off is pwi=  60.0
#check: number of protons =  20.0


 #canonical s.p. energies protons 
 ---------------------------------


  labels -> {2*omega}{parity}[nn=nz+2*nr+nl,nz,nl]
  cqpe   -> canonical q.p. energies
  ce     -> canonical s.p. energies
  fermi energy=  -15.028470104510891     
  average cdelt=  -2.7482980611968078E-006
  k0      ceqp        ce         v*v       u*v        cdel     overl      labels
   1  -10.138421  -15.028470   1.00000000   0.00000057  -0.0000   0.7298  1+[ 2, 1, 1]
   2   -8.766359  -16.400532   1.00000000   0.00000032  -0.0000   0.7716  1+[ 2, 0, 0]
   3   -3.609153  -21.557737   1.00000000   0.00000017  -0.0000   0.6219  1+[ 2, 1, 1]
   4    1.174498    1.174498   0.00000000   0.00000010  -0.0000   0.6087  1+[ 4, 2, 0]
   5    6.242990    6.242990   0.00000000   0.00000005  -0.0000   0.4853  1+[ 4, 0, 0]
   6    7.759268    7.759268   0.00000000   0.00000005  -0.0000   0.5303  1+[ 4, 0, 0]
   7    8.556623    8.556623   0.00000000   0.00000004  -0.0000   0.4801  1+[ 4, 1, 1]
   8   10.555206   10.555206   0.00000000   0.00000005  -0.0000   0.5446  1+[ 4, 3, 1]
   9   18.047056  -43.213947   1.00000000   0.00000005  -0.0000   0.9709  1+[ 0, 0, 0]
  10   22.265213   22.265213   0.00000000   0.00000003  -0.0000   0.3611  1+[ 8, 0, 0]
  11   22.991417   22.991417   0.00000000   0.00000002  -0.0000   0.3868  1+[ 6, 2, 0]
  12   23.783338   23.783338   0.00000000   0.00000003  -0.0000   0.4322  1+[ 8, 0, 0]
  13   24.199492   24.199492   0.00000000   0.00000003  -0.0000   0.3120  1+[ 4, 4, 0]
  14   24.273149   24.273149   0.00000000   0.00000002  -0.0000   0.5218  1+[ 6, 4, 0]
  15   26.418323   26.418323   0.00000000   0.00000002  -0.0000   0.3117  1+[ 6, 5, 1]
  16   29.662828   29.662828   0.00000000   0.00000001  -0.0000   0.4449  1+[ 6, 3, 1]
  17   40.325848   40.325848   0.00000000   0.00000002  -0.0000   0.3825  1+[ 8, 2, 0]
  18   44.832904   44.832904   0.00000000   0.00000002  -0.0000   0.2977  1+[ 6, 1, 1]
  19   45.733740   45.733740   0.00000000   0.00000001  -0.0000   0.4879  1+[ 8, 4, 0]
  20   47.777103   47.777103   0.00000000   0.00000002  -0.0000   0.3613  1+[ 6, 6, 0]
  21   48.740551   48.740551   0.00000000   0.00000001  -0.0000   0.4431  1+[ 8, 5, 1]
  22   49.583044   49.583044   0.00000000   0.00000002  -0.0000   0.3434  1+[ 6, 3, 1]
  23   50.449470   50.449470   0.00000000   0.00000002  -0.0000   0.4859  1+[ 6, 0, 0]
  24   51.088673   51.088673   0.00000000   0.00000002  -0.0000   0.3958  1+[ 6, 1, 1]
  25   51.679494   51.679494   0.00000000   0.00000002  -0.0000   0.4320  1+[ 6, 5, 1]
  26    0.000000    0.000000   0.00000000   0.00000000  -0.0000   0.0000  1+[10, 0, 0]
  27    0.000000    0.000000   0.00000000   0.00000000  -0.0000   0.0000  1+[10, 0, 0]
  28    0.000000    0.000000   0.00000000   0.00000000  -0.0000   0.0000  1+[10, 0, 0]
  29    0.000000    0.000000   0.00000000   0.00000000  -0.0000   0.0000  1+[10, 0, 0]
  30    0.000000    0.000000   0.00000000   0.00000000  -0.0000   0.0000  1+[10, 0, 0]
  31    0.000000    0.000000   0.00000000   0.00000000  -0.0000   0.0000  1+[10, 0, 0]
  32    0.000000    0.000000   0.00000000   0.00000000  -0.0000   0.0000  1+[10, 0, 0]
  33    0.000000    0.000000   0.00000000   0.00000000  -0.0000   0.0000  1+[10, 0, 0]
  34    0.000000    0.000000   0.00000000   0.00000000  -0.0000   0.0000  1+[10, 0, 0]
  35    0.000000    0.000000   0.00000000   0.00000000  -0.0000   0.0000  1+[10, 0, 0]
  36    0.000000    0.000000   0.00000000   0.00000000  -0.0000   0.0000  1+[10, 0, 0]
  37  -10.262360  -10.262360   0.00000000   0.00000061  -0.0000   0.5950  1-[ 3, 1, 0]
  38   -4.880445   -4.880445   0.00000000   0.00000013  -0.0000   0.5567  1-[ 3, 3, 0]
  39   -2.783183   -2.783183   0.00000000   0.00000011  -0.0000   0.6579  1-[ 3, 0, 1]
  40   -1.384044   -1.384044   0.00000000   0.00000012  -0.0000   0.6861  1-[ 3, 2, 1]
  41    4.102785  -29.269676   1.00000000   0.00000010  -0.0000   0.7664  1-[ 1, 0, 1]
  42    7.471795  -32.638686   1.00000000   0.00000009  -0.0000   0.7624  1-[ 1, 1, 0]
  43   13.027940   13.027940   0.00000000   0.00000004  -0.0000   0.5623  1-[ 5, 3, 0]
  44   15.825867   15.825867   0.00000000   0.00000006  -0.0000   0.4499  1-[ 5, 0, 1]
  45   16.286652   16.286652   0.00000000   0.00000004  -0.0000   0.5372  1-[ 5, 5, 0]
  46   17.076080   17.076080   0.00000000   0.00000005  -0.0000   0.4336  1-[ 5, 0, 1]
  47   18.812005   18.812005   0.00000000   0.00000003  -0.0000   0.3835  1-[ 5, 4, 1]
  48   21.209869   21.209869   0.00000000   0.00000002  -0.0000   0.4669  1-[ 5, 3, 0]
  49   33.142894   33.142894   0.00000000   0.00000002  -0.0000   0.3948  1-[ 7, 2, 1]
  50   35.428185   35.428185   0.00000000   0.00000002  -0.0000   0.3203  1-[ 7, 1, 0]
  51   35.843941   35.843941   0.00000000   0.00000001  -0.0000   0.4990  1-[ 7, 4, 1]
  52   38.264429   38.264429   0.00000000   0.00000002  -0.0000   0.3347  1-[ 5, 5, 0]
  53   39.848757   39.848757   0.00000000   0.00000002  -0.0000   0.3669  1-[ 5, 0, 1]
  54   40.456572   40.456572   0.00000000   0.00000002  -0.0000   0.3230  1-[ 5, 5, 0]
  55   40.632213   40.632213   0.00000000   0.00000002  -0.0000   0.3757  1-[ 7, 6, 1]
  56   41.012226   41.012226   0.00000000   0.00000001  -0.0000   0.4749  1-[ 7, 4, 1]
  57   59.260805   59.260805   0.00000000   0.00000002  -0.0000   0.4498  1-[ 9, 7, 0]
  58   59.900351   59.900351   0.00000000   0.00000001  -0.0000   0.5080  1-[ 9, 5, 0]
  59    0.000000    0.000000   0.00000000   0.00000000  -0.0000   0.0000  1-[ 9, 1, 0]
  60    0.000000    0.000000   0.00000000   0.00000000  -0.0000   0.0000  1-[ 9, 1, 0]
  61    0.000000    0.000000   0.00000000   0.00000000  -0.0000   0.0000  1-[ 9, 1, 0]
  62    0.000000    0.000000   0.00000000   0.00000000  -0.0000   0.0000  1-[ 9, 1, 0]
  63    0.000000    0.000000   0.00000000   0.00000000  -0.0000   0.0000  1-[ 9, 1, 0]
  64    0.000000    0.000000   0.00000000   0.00000000  -0.0000   0.0000  1-[ 9, 1, 0]
  65    0.000000    0.000000   0.00000000   0.00000000  -0.0000   0.0000  1-[ 9, 1, 0]
  66    0.000000    0.000000   0.00000000   0.00000000  -0.0000   0.0000  1-[ 9, 1, 0]
  67   -9.755222  -15.411669   1.00000000   0.00000051  -0.0000   0.8560  3+[ 2, 0, 2]
  68   -3.484467  -21.682424   1.00000000   0.00000016  -0.0000   0.8567  3+[ 2, 1, 1]
  69    1.110998    1.110998   0.00000000   0.00000010  -0.0000   0.5726  3+[ 4, 3, 1]
  70    6.129220    6.129220   0.00000000   0.00000005  -0.0000   0.5377  3+[ 4, 1, 1]
  71    8.228825    8.228825   0.00000000   0.00000004  -0.0000   0.6669  3+[ 4, 0, 2]
  72   10.439903   10.439903   0.00000000   0.00000005  -0.0000   0.6906  3+[ 4, 2, 2]
  73   22.225891   22.225891   0.00000000   0.00000003  -0.0000   0.3583  3+[ 6, 1, 1]
  74   22.961464   22.961464   0.00000000   0.00000002  -0.0000   0.4145  3+[ 6, 5, 1]
  75   24.030433   24.030433   0.00000000   0.00000002  -0.0000   0.4656  3+[ 8, 0, 2]
  76   24.234419   24.234419   0.00000000   0.00000002  -0.0000   0.5667  3+[ 6, 3, 1]
  77   26.374015   26.374015   0.00000000   0.00000002  -0.0000   0.3177  3+[ 6, 4, 2]
  78   29.631417   29.631417   0.00000000   0.00000001  -0.0000   0.4276  3+[ 6, 4, 2]
  79   40.310713   40.310713   0.00000000   0.00000002  -0.0000   0.3587  3+[ 8, 7, 1]
  80   44.795066   44.795066   0.00000000   0.00000002  -0.0000   0.3614  3+[ 6, 1, 1]
  81   45.714569   45.714569   0.00000000   0.00000001  -0.0000   0.4851  3+[ 8, 5, 1]
  82   47.725261   47.725261   0.00000000   0.00000002  -0.0000   0.3718  3+[ 6, 3, 1]
  83   48.726915   48.726915   0.00000000   0.00000001  -0.0000   0.4854  3+[ 8, 4, 2]
  84   49.555876   49.555876   0.00000000   0.00000002  -0.0000   0.3363  3+[ 6, 2, 2]
  85   50.972137   50.972137   0.00000000   0.00000002  -0.0000   0.5727  3+[ 6, 0, 2]
  86   51.592236   51.592236   0.00000000   0.00000002  -0.0000   0.4145  3+[ 6, 4, 2]
  87    0.000000    0.000000   0.00000000   0.00000000  -0.0000   0.0000  3+[10, 1, 1]
  88    0.000000    0.000000   0.00000000   0.00000000  -0.0000   0.0000  3+[10, 1, 1]
  89    0.000000    0.000000   0.00000000   0.00000000  -0.0000   0.0000  3+[10, 1, 1]
  90    0.000000    0.000000   0.00000000   0.00000000  -0.0000   0.0000  3+[10, 1, 1]
  91    0.000000    0.000000   0.00000000   0.00000000  -0.0000   0.0000  3+[10, 1, 1]
  92    0.000000    0.000000   0.00000000   0.00000000  -0.0000   0.0000  3+[10, 1, 1]
  93    0.000000    0.000000   0.00000000   0.00000000  -0.0000   0.0000  3+[10, 1, 1]
  94    0.000000    0.000000   0.00000000   0.00000000  -0.0000   0.0000  3+[10, 1, 1]
  95    0.000000    0.000000   0.00000000   0.00000000  -0.0000   0.0000  3+[10, 1, 1]
  96    0.000000    0.000000   0.00000000   0.00000000  -0.0000   0.0000  3+[10, 1, 1]
  97  -10.348669  -10.348669   0.00000000   0.00000064  -0.0000   0.7129  3-[ 3, 2, 1]
  98   -5.174866   -5.174866   0.00000000   0.00000014  -0.0000   0.8065  3-[ 3, 0, 1]
  99   -1.625506   -1.625506   0.00000000   0.00000012  -0.0000   0.7951  3-[ 3, 1, 2]
 100    7.675323  -32.842214   1.00000000   0.00000010  -0.0000   0.9707  3-[ 1, 0, 1]
 101   12.978844   12.978844   0.00000000   0.00000004  -0.0000   0.6082  3-[ 5, 2, 1]
 102   15.751079   15.751079   0.00000000   0.00000007  -0.0000   0.6645  3-[ 5, 0, 1]
 103   16.149838   16.149838   0.00000000   0.00000004  -0.0000   0.5623  3-[ 5, 4, 1]
 104   18.697080   18.697080   0.00000000   0.00000003  -0.0000   0.5116  3-[ 5, 1, 2]
 105   21.145882   21.145882   0.00000000   0.00000002  -0.0000   0.5734  3-[ 5, 3, 2]
 106   33.124184   33.124184   0.00000000   0.00000002  -0.0000   0.4630  3-[ 7, 2, 1]
 107   35.378489   35.378489   0.00000000   0.00000002  -0.0000   0.3420  3-[ 7, 6, 1]
 108   35.813469   35.813469   0.00000000   0.00000001  -0.0000   0.5617  3-[ 7, 4, 1]
 109   38.125323   38.125323   0.00000000   0.00000002  -0.0000   0.4979  3-[ 5, 0, 1]
 110   39.810152   39.810152   0.00000000   0.00000002  -0.0000   0.4199  3-[ 5, 1, 2]
 111   40.597037   40.597037   0.00000000   0.00000002  -0.0000   0.4165  3-[ 7, 5, 2]
 112   40.986633   40.986633   0.00000000   0.00000001  -0.0000   0.5145  3-[ 7, 3, 2]
 113   59.252860   59.252860   0.00000000   0.00000002  -0.0000   0.4421  3-[ 9, 2, 1]
 114   59.882238   59.882238   0.00000000   0.00000001  -0.0000   0.5209  3-[ 9, 4, 1]
 115    0.000000    0.000000   0.00000000   0.00000000  -0.0000   0.0000  3-[ 9, 0, 1]
 116    0.000000    0.000000   0.00000000   0.00000000  -0.0000   0.0000  3-[ 9, 0, 1]
 117    0.000000    0.000000   0.00000000   0.00000000  -0.0000   0.0000  3-[ 9, 0, 1]
 118    0.000000    0.000000   0.00000000   0.00000000  -0.0000   0.0000  3-[ 9, 0, 1]
 119    0.000000    0.000000   0.00000000   0.00000000  -0.0000   0.0000  3-[ 9, 0, 1]
 120    0.000000    0.000000   0.00000000   0.00000000  -0.0000   0.0000  3-[ 9, 0, 1]
 121    0.000000    0.000000   0.00000000   0.00000000  -0.0000   0.0000  3-[ 9, 0, 1]
 122   -3.235978  -21.930913   1.00000000   0.00000016  -0.0000   0.9701  5+[ 2, 0, 2]
 123    0.985403    0.985403   0.00000000   0.00000010  -0.0000   0.7805  5+[ 4, 2, 2]
 124    5.856840    5.856840   0.00000000   0.00000005  -0.0000   0.7880  5+[ 4, 0, 2]
 125   10.228487   10.228487   0.00000000   0.00000005  -0.0000   0.7872  5+[ 4, 1, 3]
 126   22.129075   22.129075   0.00000000   0.00000003  -0.0000   0.5487  5+[ 8, 0, 2]
 127   22.903829   22.903829   0.00000000   0.00000002  -0.0000   0.4352  5+[ 6, 2, 2]
 128   24.158134   24.158134   0.00000000   0.00000002  -0.0000   0.5850  5+[ 6, 4, 2]
 129   26.289235   26.289235   0.00000000   0.00000002  -0.0000   0.4279  5+[ 6, 1, 3]
 130   29.569326   29.569326   0.00000000   0.00000001  -0.0000   0.5530  5+[ 6, 3, 3]
 131   40.280760   40.280760   0.00000000   0.00000002  -0.0000   0.4587  5+[ 8, 6, 2]
 132   44.720135   44.720135   0.00000000   0.00000002  -0.0000   0.3797  5+[ 6, 4, 2]
 133   45.676488   45.676488   0.00000000   0.00000001  -0.0000   0.5550  5+[ 8, 4, 2]
 134   47.619282   47.619282   0.00000000   0.00000002  -0.0000   0.5812  5+[ 6, 0, 2]
 135   48.699721   48.699721   0.00000000   0.00000001  -0.0000   0.4725  5+[ 8, 5, 3]
 136   49.502360   49.502360   0.00000000   0.00000002  -0.0000   0.4143  5+[ 6, 3, 3]
 137   51.437111   51.437111   0.00000000   0.00000002  -0.0000   0.5092  5+[ 6, 1, 3]
 138    0.000000    0.000000   0.00000000   0.00000000  -0.0000   0.0000  5+[10, 0, 2]
 139    0.000000    0.000000   0.00000000   0.00000000  -0.0000   0.0000  5+[10, 0, 2]
 140    0.000000    0.000000   0.00000000   0.00000000  -0.0000   0.0000  5+[10, 0, 2]
 141    0.000000    0.000000   0.00000000   0.00000000  -0.0000   0.0000  5+[10, 0, 2]
 142    0.000000    0.000000   0.00000000   0.00000000  -0.0000   0.0000  5+[10, 0, 2]
 143    0.000000    0.000000   0.00000000   0.00000000  -0.0000   0.0000  5+[10, 0, 2]
 144    0.000000    0.000000   0.00000000   0.00000000  -0.0000   0.0000  5+[10, 0, 2]
 145    0.000000    0.000000   0.00000000   0.00000000  -0.0000   0.0000  5+[10, 0, 2]
 146    0.000000    0.000000   0.00000000   0.00000000  -0.0000   0.0000  5+[10, 0, 2]
 147  -10.519687  -10.519687   0.00000000   0.00000070  -0.0000   0.8964  5-[ 3, 1, 2]
 148   -1.978724   -1.978724   0.00000000   0.00000013  -0.0000   0.8734  5-[ 3, 0, 3]
 149   12.881317   12.881317   0.00000000   0.00000005  -0.0000   0.6470  5-[ 5, 3, 2]
 150   15.939031   15.939031   0.00000000   0.00000003  -0.0000   0.5779  5-[ 5, 1, 2]
 151   18.500474   18.500474   0.00000000   0.00000003  -0.0000   0.6346  5-[ 5, 0, 3]
 152   21.021706   21.021706   0.00000000   0.00000002  -0.0000   0.6931  5-[ 5, 2, 3]
 153   33.086988   33.086988   0.00000000   0.00000002  -0.0000   0.4847  5-[ 7, 5, 2]
 154   35.278545   35.278545   0.00000000   0.00000002  -0.0000   0.4001  5-[ 7, 1, 2]
 155   35.753186   35.753186   0.00000000   0.00000002  -0.0000   0.5778  5-[ 7, 3, 2]
 156   39.606401   39.606401   0.00000000   0.00000002  -0.0000   0.5205  5-[ 5, 0, 3]
 157   40.531558   40.531558   0.00000000   0.00000002  -0.0000   0.3957  5-[ 5, 2, 3]
 158   40.936110   40.936110   0.00000000   0.00000001  -0.0000   0.5159  5-[ 7, 4, 3]
 159   59.237089   59.237089   0.00000000   0.00000002  -0.0000   0.5099  5-[ 9, 7, 2]
 160   59.846254   59.846254   0.00000000   0.00000001  -0.0000   0.5577  5-[ 9, 5, 2]
 161    0.000000    0.000000   0.00000000   0.00000000  -0.0000   0.0000  5-[ 9, 1, 2]
 162    0.000000    0.000000   0.00000000   0.00000000  -0.0000   0.0000  5-[ 9, 1, 2]
 163    0.000000    0.000000   0.00000000   0.00000000  -0.0000   0.0000  5-[ 9, 1, 2]
 164    0.000000    0.000000   0.00000000   0.00000000  -0.0000   0.0000  5-[ 9, 1, 2]
 165    0.000000    0.000000   0.00000000   0.00000000  -0.0000   0.0000  5-[ 9, 1, 2]
 166    0.000000    0.000000   0.00000000   0.00000000  -0.0000   0.0000  5-[ 9, 1, 2]
 167    0.800754    0.800754   0.00000000   0.00000010  -0.0000   0.9168  7+[ 4, 1, 3]
 168    9.944659    9.944659   0.00000000   0.00000005  -0.0000   0.8449  7+[ 4, 0, 4]
 169   22.823984   22.823984   0.00000000   0.00000002  -0.0000   0.6205  7+[ 6, 1, 3]
 170   24.046633   24.046633   0.00000000   0.00000002  -0.0000   0.7311  7+[ 6, 3, 3]
 171   26.170671   26.170671   0.00000000   0.00000003  -0.0000   0.5417  7+[ 8, 0, 4]
 172   29.478050   29.478050   0.00000000   0.00000001  -0.0000   0.6511  7+[ 6, 2, 4]
 173   40.236616   40.236616   0.00000000   0.00000002  -0.0000   0.4871  7+[ 8, 5, 3]
 174   44.609759   44.609759   0.00000000   0.00000002  -0.0000   0.4923  7+[ 6, 1, 3]
 175   45.620007   45.620007   0.00000000   0.00000001  -0.0000   0.5538  7+[ 8, 3, 3]
 176   48.659121   48.659121   0.00000000   0.00000001  -0.0000   0.5869  7+[ 8, 4, 4]
 177   49.424113   49.424113   0.00000000   0.00000002  -0.0000   0.4939  7+[ 6, 2, 4]
 178   51.241056   51.241056   0.00000000   0.00000002  -0.0000   0.6155  7+[ 6, 0, 4]
 179    0.000000    0.000000   0.00000000   0.00000000  -0.0000   0.0000  7+[10, 1, 3]
 180    0.000000    0.000000   0.00000000   0.00000000  -0.0000   0.0000  7+[10, 1, 3]
 181    0.000000    0.000000   0.00000000   0.00000000  -0.0000   0.0000  7+[10, 1, 3]
 182    0.000000    0.000000   0.00000000   0.00000000  -0.0000   0.0000  7+[10, 1, 3]
 183    0.000000    0.000000   0.00000000   0.00000000  -0.0000   0.0000  7+[10, 1, 3]
 184    0.000000    0.000000   0.00000000   0.00000000  -0.0000   0.0000  7+[10, 1, 3]
 185    0.000000    0.000000   0.00000000   0.00000000  -0.0000   0.0000  7+[10, 1, 3]
 186    0.000000    0.000000   0.00000000   0.00000000  -0.0000   0.0000  7+[10, 1, 3]
 187  -10.770354  -10.770354   0.00000000   0.00000081  -0.0000   0.9745  7-[ 3, 0, 3]
 188   12.736850   12.736850   0.00000000   0.00000005  -0.0000   0.8170  7-[ 5, 2, 3]
 189   15.741378   15.741378   0.00000000   0.00000003  -0.0000   0.7575  7-[ 5, 0, 3]
 190   20.844297   20.844297   0.00000000   0.00000003  -0.0000   0.7738  7-[ 5, 1, 4]
 191   33.031755   33.031755   0.00000000   0.00000002  -0.0000   0.4994  7-[ 7, 2, 3]
 192   35.130001   35.130001   0.00000000   0.00000002  -0.0000   0.5767  7-[ 7, 0, 3]
 193   35.664382   35.664382   0.00000000   0.00000002  -0.0000   0.6268  7-[ 7, 4, 3]
 194   40.437375   40.437375   0.00000000   0.00000002  -0.0000   0.5158  7-[ 7, 1, 4]
 195   40.861841   40.861841   0.00000000   0.00000001  -0.0000   0.6454  7-[ 7, 3, 4]
 196   59.213721   59.213721   0.00000000   0.00000002  -0.0000   0.5880  7-[ 9, 6, 3]
 197   59.792880   59.792880   0.00000000   0.00000001  -0.0000   0.6083  7-[ 9, 4, 3]
 198    0.000000    0.000000   0.00000000   0.00000000  -0.0000   0.0000  7-[ 9, 0, 3]
 199    0.000000    0.000000   0.00000000   0.00000000  -0.0000   0.0000  7-[ 9, 0, 3]
 200    0.000000    0.000000   0.00000000   0.00000000  -0.0000   0.0000  7-[ 9, 0, 3]
 201    0.000000    0.000000   0.00000000   0.00000000  -0.0000   0.0000  7-[ 9, 0, 3]
 202    0.000000    0.000000   0.00000000   0.00000000  -0.0000   0.0000  7-[ 9, 0, 3]
 203    0.562559    0.562559   0.00000000   0.00000010  -0.0000   0.9766  9+[ 4, 0, 4]
 204   22.726738   22.726738   0.00000000   0.00000002  -0.0000   0.7147  9+[ 6, 0, 4]
 205   23.903402   23.903402   0.00000000   0.00000003  -0.0000   0.8401  9+[ 6, 2, 4]
 206   29.359922   29.359922   0.00000000   0.00000001  -0.0000   0.7179  9+[ 6, 1, 5]
 207   40.179207   40.179207   0.00000000   0.00000002  -0.0000   0.5108  9+[ 8, 2, 4]
 208   44.467063   44.467063   0.00000000   0.00000002  -0.0000   0.5903  9+[ 6, 0, 4]
 209   45.545877   45.545877   0.00000000   0.00000001  -0.0000   0.6297  9+[ 8, 4, 4]
 210   48.605350   48.605350   0.00000000   0.00000001  -0.0000   0.6809  9+[ 8, 3, 5]
 211   49.323515   49.323515   0.00000000   0.00000002  -0.0000   0.5462  9+[ 6, 1, 5]
 212    0.000000    0.000000   0.00000000   0.00000000  -0.0000   0.0000  9+[10, 0, 4]
 213    0.000000    0.000000   0.00000000   0.00000000  -0.0000   0.0000  9+[10, 0, 4]
 214    0.000000    0.000000   0.00000000   0.00000000  -0.0000   0.0000  9+[10, 0, 4]
 215    0.000000    0.000000   0.00000000   0.00000000  -0.0000   0.0000  9+[10, 0, 4]
 216    0.000000    0.000000   0.00000000   0.00000000  -0.0000   0.0000  9+[10, 0, 4]
 217    0.000000    0.000000   0.00000000   0.00000000  -0.0000   0.0000  9+[10, 0, 4]
 218    0.000000    0.000000   0.00000000   0.00000000  -0.0000   0.0000  9+[10, 0, 4]
 219   12.548051   12.548051   0.00000000   0.00000005  -0.0000   0.9290  9-[ 5, 1, 4]
 220   20.623049   20.623049   0.00000000   0.00000003  -0.0000   0.8191  9-[ 5, 0, 5]
 221   32.959173   32.959173   0.00000000   0.00000002  -0.0000   0.7087  9-[ 7, 1, 4]
 222   35.548943   35.548943   0.00000000   0.00000002  -0.0000   0.7589  9-[ 7, 3, 4]
 223   40.317494   40.317494   0.00000000   0.00000002  -0.0000   0.6090  9-[ 7, 0, 5]
 224   40.765474   40.765474   0.00000000   0.00000001  -0.0000   0.7464  9-[ 7, 2, 5]
 225   59.183075   59.183075   0.00000000   0.00000002  -0.0000   0.5924  9-[ 9, 5, 4]
 226   59.722825   59.722825   0.00000000   0.00000001  -0.0000   0.5941  9-[ 9, 3, 4]
 227    0.000000    0.000000   0.00000000   0.00000000  -0.0000   0.0000  9-[ 9, 1, 4]
 228    0.000000    0.000000   0.00000000   0.00000000  -0.0000   0.0000  9-[ 9, 1, 4]
 229    0.000000    0.000000   0.00000000   0.00000000  -0.0000   0.0000  9-[ 9, 1, 4]
 230    0.000000    0.000000   0.00000000   0.00000000  -0.0000   0.0000  9-[ 9, 1, 4]
 231   23.733000   23.733000   0.00000000   0.00000003  -0.0000   0.9128 11+[ 6, 1, 5]
 232   29.218222   29.218222   0.00000000   0.00000001  -0.0000   0.7539 11+[ 6, 0, 6]
 233   40.109748   40.109748   0.00000000   0.00000002  -0.0000   0.6869 11+[ 8, 1, 5]
 234   45.455078   45.455078   0.00000000   0.00000001  -0.0000   0.7465 11+[ 8, 3, 5]
 235   48.538738   48.538738   0.00000000   0.00000001  -0.0000   0.7518 11+[ 8, 2, 6]
 236   49.203652   49.203652   0.00000000   0.00000002  -0.0000   0.5695 11+[ 6, 0, 6]
 237    0.000000    0.000000   0.00000000   0.00000000  -0.0000   0.0000 11+[10, 1, 5]
 238    0.000000    0.000000   0.00000000   0.00000000  -0.0000   0.0000 11+[10, 1, 5]
 239    0.000000    0.000000   0.00000000   0.00000000  -0.0000   0.0000 11+[10, 1, 5]
 240    0.000000    0.000000   0.00000000   0.00000000  -0.0000   0.0000 11+[10, 1, 5]
 241    0.000000    0.000000   0.00000000   0.00000000  -0.0000   0.0000 11+[10, 1, 5]
 242    0.000000    0.000000   0.00000000   0.00000000  -0.0000   0.0000 11+[10, 1, 5]
 243   12.319170   12.319170   0.00000000   0.00000005  -0.0000   0.9778 11-[ 5, 0, 5]
 244   32.870267   32.870267   0.00000000   0.00000002  -0.0000   0.8084 11-[ 7, 0, 5]
 245   35.409313   35.409313   0.00000000   0.00000002  -0.0000   0.8594 11-[ 7, 2, 5]
 246   40.649102   40.649102   0.00000000   0.00000001  -0.0000   0.8135 11-[ 7, 1, 6]
 247   59.145532   59.145532   0.00000000   0.00000002  -0.0000   0.6473 11-[ 9, 2, 5]
 248   59.637010   59.637010   0.00000000   0.00000001  -0.0000   0.7083 11-[ 9, 4, 5]
 249    0.000000    0.000000   0.00000000   0.00000000  -0.0000   0.0000 11-[ 9, 0, 5]
 250    0.000000    0.000000   0.00000000   0.00000000  -0.0000   0.0000 11-[ 9, 0, 5]
 251    0.000000    0.000000   0.00000000   0.00000000  -0.0000   0.0000 11-[ 9, 0, 5]
 252   23.540922   23.540922   0.00000000   0.00000003  -0.0000   0.9540 13+[ 6, 0, 6]
 253   40.029745   40.029745   0.00000000   0.00000002  -0.0000   0.7750 13+[ 8, 0, 6]
 254   45.348827   45.348827   0.00000000   0.00000001  -0.0000   0.8367 13+[ 8, 2, 6]
 255   48.459729   48.459729   0.00000000   0.00000001  -0.0000   0.8005 13+[ 8, 1, 7]
 256    0.000000    0.000000   0.00000000   0.00000000  -0.0000   0.0000 13+[10, 0, 6]
 257    0.000000    0.000000   0.00000000   0.00000000  -0.0000   0.0000 13+[10, 0, 6]
 258    0.000000    0.000000   0.00000000   0.00000000  -0.0000   0.0000 13+[10, 0, 6]
 259    0.000000    0.000000   0.00000000   0.00000000  -0.0000   0.0000 13+[10, 0, 6]
 260    0.000000    0.000000   0.00000000   0.00000000  -0.0000   0.0000 13+[10, 0, 6]
 261   35.248457   35.248457   0.00000000   0.00000002  -0.0000   0.9267 13-[ 7, 1, 6]
 262   40.515315   40.515315   0.00000000   0.00000001  -0.0000   0.8469 13-[ 7, 0, 7]
 263   59.101509   59.101509   0.00000000   0.00000002  -0.0000   0.8351 13-[ 9, 1, 6]
 264   59.536556   59.536556   0.00000000   0.00000001  -0.0000   0.8238 13-[ 9, 3, 6]
 265    0.000000    0.000000   0.00000000   0.00000000  -0.0000   0.0000 13-[ 9, 1, 6]
 266    0.000000    0.000000   0.00000000   0.00000000  -0.0000   0.0000 13-[ 9, 1, 6]
 267   45.228586   45.228586   0.00000000   0.00000001  -0.0000   0.8974 15+[ 8, 1, 7]
 268   48.368945   48.368945   0.00000000   0.00000001  -0.0000   0.8295 15+[ 8, 0, 8]
 269    0.000000    0.000000   0.00000000   0.00000000  -0.0000   0.0000 15+[10, 1, 7]
 270    0.000000    0.000000   0.00000000   0.00000000  -0.0000   0.0000 15+[10, 1, 7]
 271    0.000000    0.000000   0.00000000   0.00000000  -0.0000   0.0000 15+[10, 1, 7]
 272    0.000000    0.000000   0.00000000   0.00000000  -0.0000   0.0000 15+[10, 1, 7]
 273   35.069802   35.069802   0.00000000   0.00000002  -0.0000   0.9625 15-[ 7, 0, 7]
 274   59.051438   59.051438   0.00000000   0.00000002  -0.0000   0.9310 15-[ 9, 0, 7]
 275   59.422769   59.422769   0.00000000   0.00000001  -0.0000   0.9128 15-[ 9, 2, 7]
 276    0.000000    0.000000   0.00000000   0.00000000  -0.0000   0.0000 15-[ 9, 0, 7]
 277   45.096079   45.096079   0.00000000   0.00000001  -0.0000   0.9287 17+[ 8, 0, 8]
 278    0.000000    0.000000   0.00000000   0.00000000  -0.0000   0.0000 17+[10, 0, 8]
 279    0.000000    0.000000   0.00000000   0.00000000  -0.0000   0.0000 17+[10, 0, 8]
 280    0.000000    0.000000   0.00000000   0.00000000  -0.0000   0.0000 17+[10, 0, 8]
 281   59.297123   59.297123   0.00000000   0.00000001  -0.0000   0.9717 17-[ 9, 1, 8]
 282    0.000000    0.000000   0.00000000   0.00000000  -0.0000   0.0000 17-[ 9, 1, 8]
 283   59.161251   59.161251   0.00000000   0.00000001  -0.0000   1.0000 19-[ 9, 0, 9]
  Sum canonical e_v*V^2_k=  -499.95253546027288     

  NB! From expect (UNPROJECTED RESULTS)

  pairing: CpV0,CpV1,...        -280.000000    -280.000000       0.500000       0.500000
  forces:   SKM*                          
  Blocked neutron block       4


                             neutrons         protons         total
  Requested part.numbs.      29.000000      20.000000      49.000000
  UnPj(av) part.numbs .      29.000000      20.000000      49.000000
  b0, bz, bp ..........       1.750004       1.750004       1.750004

  lambda (ala) ........      -7.844935     -12.583445
  Lambda (alast) ......     -10.343656     -15.028470
  delta(n,p), pwi .....       0.000038      -0.000003      60.000000
  pairing energy ......      -0.000000      -0.000000      -0.000000

  rms-radius ..........       3.632518       3.455211       3.561214
  charge-radius, r0 ...                      3.545721       4.361089
  deformation beta2....      -0.028380      -0.014121      -0.022901
  dipole moment[fm] ...       0.000000       0.000000       0.000000
  quadrupole moment[b]       -0.137006      -0.042535      -0.179541
  octupole moment .....       0.000000       0.000000       0.000000
  hexadecapole moment .      -0.000260      -0.000080      -0.000339
  q5 ..................       0.000000       0.000000       0.000000
  q6 ..................       0.000003       0.000001       0.000004
  q7 ..................       0.000000       0.000000       0.000000
  q8 ..................      -0.000000       0.000000      -0.000000

  <Jx^2> from rho .....       0.022217       0.005854       0.028071
  <Jx^2> from kappa ...      -0.000000      -0.000000      -0.000000
  <J^2> = 2*<Jx^2> ....       0.044434       0.011709       0.056143

  kinetic energy ......     537.952524     308.583018     846.535542
  volume energy .......                                 -1426.803768
        rho_tau .......                                   148.018885
        rho_rho .......                                 -1574.822653
  surface energy ......                                   119.046423
   rho_DELTA_rho ......                                   119.046423
   (NABLA_rho)^2 ......                                     0.000000
  spin-orbit energy ...                                   -35.381141
        rho_NABLA_J ...                                   -35.381141
        NABLA_rho_J ...                                     0.000000
  coulomb energy ......                                    71.139886
          direct ......                                    78.552093
          exchange ....                                    -7.412207
          pairing .....                                     0.000000
  tensor energy .......                                     0.000000
  direct Hartree E  ...                                     0.000000
  Extra E .............                                     0.000000
  External field E ....                                     0.000000
  Entropy .............       0.000000       0.000000       0.000000

  tEnergy: ehfb (qp)...                                  -425.463058

  Calculated but not added corrections
  ====================================
  cmc-diagonal part ...      11.207344       6.428813      17.636157
  cmc-hfb .............       0.000000       0.000000       0.000000
  cranking rot corr ...       0.000000       0.000000       0.000000

  SQUJ ................       0.000000       0.000000       0.000000
  CRAN x 4 ............       0.000000       0.000000       0.000000
  Rigit Body ..........       0.000000       0.000000       0.000000


   Blocking candidates are:
   neutron eqpmin=   1.3179828450232804       pwiblo=   1.0000000000000000     
    num=   1 block=   4 state=   1    68 Eqp=   1.31798285  (1-2N)E=   0.00000000  overl=   0.81305312  3-[ 3, 0, 1]

   Blocking candidates are:
   proton  eqpmin=   2.4450246951531511       pwiblo=   1.0000000000000000     



 HFBTHO_SOLVER ended without errors

