Distributed parallelism with MPI     : 1 tasks/HFBTHO
Multi-threading framework with OpenMP: 4 threads/task

  ==========================================
           FORTRAN 95 CODE (KIND= 8) 
 git: parent: 3cae9cc3ec7a0c93cd724b300dc0d972f613f33e
  ==========================================
       AXIALLY DEFORMED CONFIGURATIONAL     
     HARTREE-FOCK-BOGOLIUBOV CALCULATIONS   
                     WITH                   
      SKYRME+DELTA PAIRING OR GOGNY EDFs    
                  USING THE                 
             HARMONIC-OSCILLATOR            
                    AND/OR                  
        TRANSFORMED HARMONIC-OSCILLATOR     
                    BASIS                   
                     ---                    
                v1.66  (2005)               
    Stoitsov, Dobaczewski, Nazarewicz, Ring 
                v2.00d (2012)               
        Stoitsov, Schunck, Kortelainen      
                v3.00  (2016)               
            Schunck, Navarro Perez          
  ==========================================
    Nucleus: Pu (A= 240, N=146, Z= 94)
      No Reflection Symmetry Imposed     
            (10/12/2021, 10:59)                               
  ==========================================


  ---------------------------------------
           UNEDF Module Version: 17
         M.Kortelainen & M.Stoitsov 
  ---------------------------------------

  SKM* functional
  ----------------------------------------
  Crho(0)=   -991.875000000000000    ; Crho(1)=    390.137499999999989    
  CDrho(0)=   974.687500000000000    ; CDrho(1)=  -324.895833333333314    
  Ctau(0)=    34.6875000000000000    ; Ctau(1)=   -34.0625000000000000    
  CrDr(0)=   -68.2031250000000000    ; CrDr(1)=    17.1093750000000000    
  CrdJ(0)=   -97.5000000000000000    ; CrdJ(1)=   -32.5000000000000000    
  CJ(0)=      34.0625000000000000    ; CJ(1)=      34.0625000000000000    
  CpV0(0)=   -265.250000000000000    ; CpV0(1)=   -340.062500000000000    
  CpV1(0)=   0.500000000000000000    ; CpV1(1)=   0.500000000000000000    
  sigma=     0.166666666666666657    ; hbzero=     20.7300000000000004    
  functional has DME couplings: F
  use 3-Nucleon DME couplings: F
  e^2 chrg=   1.43997840859651349    ; CExPar=     1.00000000000000000    
  c.m. correction: T, chr. density in direct Coul: F
  use tensor terms: F

  Coupling constants in natural units
  ----------------------------------------
  Crho_nu(0)=   -1.11697019706649536    ; Crho_nu(1)=   0.439341610846154806    
  CDrho_nu(0)=   1.05494661920042820    ; CDrho_nu(1)= -0.351648873066809420    
  Ctau_nu(0)=   0.491699256216479808    ; Ctau_nu(1)=  -0.482839810158525229    
  CrDr_nu(0)=  -0.966787051074294745    ; CrDr_nu(1)=   0.242527335836506930    
  CrdJ_nu(0)=   -1.38207358504091626    ; CrdJ_nu(1)=  -0.460691195013638755    
  CJ_nu(0)=     0.482839810158525229    ; CJ_nu(1)=     0.482839810158525229    
  CpV0_nu(0)=  -0.298703309158803165    ; CpV0_nu(1)=  -0.382951155780642816    
  CpV1_nu(0)=   0.443851127103029534E-03; CpV1_nu(1)=   0.443851127103029534E-03
  fpi_nu=        93.0000000000000000    ; Lambda_nu=     700.000000000000000    

  Nuclear matter properties
  ----------------------------------------
  E_NM=      -15.7762359616147627    ; K_NM=        216.657542303868979    
  P_NM=     -0.730495530692525363E-15; RHO_NM=     0.160318515964671449    
  ASS_NM=     30.0323865018228560    ; LASS_NM=     45.7703887670942962    
  SMASS_NM=   1.26826090316085582    ; VMASS_NM=    1.53168827653502970    

  Associated (t,x)-coupling constants
  ----------------------------------------
  t0=      -2645.00000000000000    ; x0=       0.899999999999999689E-01
  t1=       410.000000000000000    ; x1=        0.00000000000000000    
  t2=      -135.000000000000000    ; x2=        0.00000000000000000    
  t3=       15595.0000000000000    ; x3=       -0.00000000000000000    
  b4=       65.0000000000000000    ; b4p=       65.0000000000000000    
  te=       0.00000000000000000    ; to=        0.00000000000000000    
  sigma=   0.166666666666666657    ; hbzero=    20.7300000000000004    

  ---------------------------------------
        Characteristics of the run       
  ---------------------------------------
  Output file ................:    57
  Nucleus ....................:   Pu 240
  Number of HO shells ........:    20
  HO length b0 (fm) ..........:     2.50000000000000
  Basis deformation ..........:  beta0=   0.900 q=   2.343
  HO: b0,1/b0,bp,bz,q ........:   0.25000000E+01  0.40000000E+00  0.21692132E+01  0.33205922E+01  0.23432930E+01
  h**2/(2m_n), cmc, e**2 .....:   0.20730000E+02  0.20643625E+02  0.14399784E+01
  h**2/(2m_p), cmc, e**2 .....:   0.20730000E+02  0.20643625E+02  0.14399784E+01
  hom=f*41.0_pr*A^{-1/3}, f...:   0.66355870E+01  0.10057713E+01
  THO basis is ...............:  OFF
  Maximal number of iterations:   200
  Initial mixing parameter ...:  0.300
  Initial wave functions from :  tape
  Energy functional ..........:    SKM*                          
    without Coulomb forces
  Pairing cutoff energy ......:    60.00 MeV
  Lipkin-Nogami procedure is .:  OFF
  PAV procedure is ...........:  OFF
  Constraint calculation is ..:   ON
    Constraint 1 .............: lambda=1 Ql=   0.000
    Constraint 2 .............: lambda=2 Ql= 320.000
    Constraint 3 .............: lambda=3 Ql=  25.000
  Temperature T ..............:   0.00 MeV
  Pairing regularization is ..:  OFF
  Collective inertia is ......:   ON
  Fission fragments are ......:   ON
  Restart indicator ..........:  -1
  Broyden mixing (#iterations):   7

  ---------------------------------------
        Harmonic Oscillator Basis        
  ---------------------------------------
  NUV, NQP:                       88015     801
  Comparison with bookkeeping spherical basis:
  n00:                               20      20  Maximal number of shells
  nbx, 2*n00+1:                      12      41  Maximal number of K-blocks
  ntx, (n00+1)*(n00+2)*(n00+3)/6    801    1771  Max.num. p/n levels
  nzx, n00:                          20      20  Maximal nz-quantum number
  nrx, n00/2  :                       5      10  Maximal nr-quantum number
  nlx, n00:                          11      20  Maximal ml-quantum number
  ndx, (n00+2)*(n00+2)/4:           165     121  Maximal dim. of one k-block

  Actual basis used
  Number of blocks: nb .......:   12
  Number of levels: nt .......:  801
  Maximal 2*omega : nom ......:   23
  Maximal nz:       nzm ......:   20
  Maximal nr:       nrm ......:    5
  Maximal ml:       nlm ......:   11
  Maximal N=nz+2*nr+nl .......:   23
  2 x biggest block dim. .....:  330
  Non-zero elements of h .....:    44408
  Number of Broyden elements .:   177632

  ---------------------------------------
            Integration Meshes           
  ---------------------------------------
  Number of Gauss-Hermite mesh points ngh ....:  80
  Number of Gauss-Laguerre mesh points ngl ...:  40
  Number of Gauss-Legendre mesh points nleg ..:  80
  Integration boundaries
    Hermite  - from xh(1)  =-11.88786356 to xh(ngh)   = 11.88786356
    Laguerre - From xl(1)  =  0.03570039 to xl(ngl)   =142.28004447
    Legendre - From xleg(1)=  0.00978669 to xleg(nleg)=  0.99988775
  Max.dev.in:     Orthogonality            Normalization
  Hermite     8.9076250244225310E-015   6.3282712403633923E-015
  Laguerre    4.3068680416470186E-015   8.2156503822261584E-015

  Reading from wel_file: hfbtho_output.hel


  ### REGULAR STAGE (no reflection symmetry imposed)
  |HFB+HO> iterations(b0=  2.500, Nsh= 20, inin= -1, N=146, Z= 94)...
  ----------------------------------------------------------------------------------------------------------------------------------
  i          si     mix   beta      Etot       A       rn      rp         En      Dn      Ep      Dp        Ln      Lp     time  time(Gog.)
  ----------------------------------------------------------------------------------------------------------------------------------
   0N   0.00000059 0.22  1.295 -2632.453444  240.0   9.129   8.883 |   -9.784   0.754 -19.324   1.307 |   -6.279 -23.865   0.000   0.000
   1B   0.00000073 0.20  1.295 -2632.453445  240.0   9.129   8.883 |   -9.784   0.754 -19.324   1.307 |   -6.279 -23.865   6.343   0.000
   2B   0.00000166 0.20  1.295 -2632.453445  240.0   9.129   8.883 |   -9.784   0.754 -19.324   1.307 |   -6.279 -23.865   6.110   0.000
   3B   0.00000065 0.22  1.295 -2632.453444  240.0   9.129   8.883 |   -9.784   0.754 -19.324   1.307 |   -6.279 -23.865   5.500   0.000
   3N   0.00000065 0.22  1.295 -2632.453445  240.0   9.129   8.883 |   -9.784   0.754 -19.324   1.307 |   -6.279 -23.865   5.703   0.000
  ----------------------------------------------------------------------------------------------------------------------------------
  *   iteration converged   after   3 steps   si=     0.0000006538 ho=  0 tho=  0
  ----------------------------------------------------------------------------------------------------------------------------------
  Total CPU time=   0.394 minutes


 #quasiparticle energies neutrons
 --------------------------------
  eqp(k) -> q.p. energy 
  e(k)   -> referent s.p. energy 
  p(k)   -> occ.probability 
  del(k) -> referent s.p. gap 
  fermi energy alast=  -6.2789226848343800     
  #k  block#    eqp(k)     e(k)       (1-2N)E      decay        p(k)        del(k)    overl      labels
   1    1     0.798574   -6.632717   -0.353795    1.171054    0.72151655   0.7159   0.3602  1-[ 7, 4, 1]
   2    1     0.975836   -5.611179    0.667744    1.185628    0.15786063   0.7116   0.3322  1-[ 7, 5, 0]
   3    1     1.087845   -7.087414   -0.808491    1.194746    0.87160212   0.7278   0.3575  1-[11, 9, 0]
   4    1     1.590786   -4.858410    1.420513    1.234856    0.05351847   0.7161   0.5755  1-[ 3, 0, 1]
   5    1     2.194761   -8.342889   -2.063966    1.281366    0.97020299   0.7463   0.3762  1-[11,11, 0]
   6    1     2.491838   -3.887953    2.390970    1.303634    0.02023982   0.7018   0.4147  1+[12,12, 0]
   7    1     2.607205   -8.748508   -2.469585    1.312180    0.97360788   0.8359   0.5796  1-[ 3, 0, 1]
   8    1     2.840880   -3.492124    2.786799    1.329321    0.00951829   0.5517   0.4578  1+[ 6, 2, 0]
   9    1     3.144675   -6.457584   -0.178662    1.351280    0.52840700   3.1396   0.3246  1+[12,10, 0]
  10    1     3.294882   -6.094076    0.184846    1.362007    0.47194947   3.2897   0.3232  1+[ 6, 4, 0]
  11    1     3.921630   -2.418013    3.860909    1.405882    0.00774172   0.6874   0.4963  1+[ 4, 1, 1]
  12    1     4.881560   -7.882841   -1.603919    1.470546    0.66428343   4.6105   0.3002  1+[12,11, 1]
  13    1     4.949954   -4.647757    1.631166    1.475045    0.33523428   4.6735   0.3041  1+[14,13, 1]
  14    1     6.038291   -0.302914    5.976009    1.544875    0.00515723   0.8650   0.3643  1+[ 6, 3, 1]
  15    1     6.115576  -12.308889   -6.029966    1.549714    0.99300070   1.0197   0.4836  1-[ 5, 3, 0]
  16    1     6.658612    0.220488    6.499411    1.583298    0.01195453   1.4473   0.3254  1-[13,11, 0]
  17    1     6.841495    0.279410    6.558333    1.594450    0.02069443   1.9479   0.3526  1-[13,13, 0]
  18    1     6.894224  -12.755728   -6.476806    1.597651    0.96972692   2.3625   0.3702  1+[10,10, 0]
  19    1     7.060938    0.742060    7.020982    1.607728    0.00282937   0.7501   0.4586  1+[ 4, 0, 0]
  20    1     7.138147  -13.346542   -7.067619    1.612374    0.99505976   1.0010   0.4330  1-[ 5, 2, 1]
  21    1     8.094929    1.795617    8.074540    1.668874    0.00125936   0.5742   0.3998  1+[ 8, 4, 0]
  22    1     8.365645    2.057571    8.336494    1.684517    0.00174233   0.6978   0.2872  1-[15,14, 1]
  23    1     8.888551  -15.017804   -8.738882    1.714327    0.99158075   1.6243   0.5132  1+[ 4, 2, 0]
  24    1     9.054846  -15.263652   -8.984729    1.723699    0.99612820   1.1247   0.3892  1-[11,10, 1]
  25    1     9.177204    2.783480    9.062403    1.730563    0.00625471   1.4470   0.2903  1+[ 4, 0, 0]
  26    1     9.721871    3.402529    9.681452    1.760791    0.00207877   0.8856   0.4127  1+[14,12, 0]
  27    1     9.963790    3.643763    9.922686    1.774052    0.00206266   0.9041   0.3473  1+[ 4, 0, 0]
  28    1    10.332920    4.024698   10.303621    1.794097    0.00141777   0.7776   0.2877  1-[ 7, 4, 1]
  29    1    10.548696    4.241375   10.520298    1.805711    0.00134607   0.7735   0.3789  1-[ 5, 0, 1]
  30    1    10.703210    4.373461   10.652383    1.813983    0.00237437   1.0418   0.2593  1-[ 5, 1, 0]
  31    1    11.134611  -17.330769  -11.051847    1.836879    0.99628347   1.3551   0.4192  1+[ 6, 5, 1]
  32    1    11.360953  -17.490770  -11.211848    1.848778    0.99343783   1.8346   0.5743  1+[ 2, 0, 0]
  33    1    11.510953    5.123876   11.402798    1.856622    0.00469790   1.5742   0.3859  1+[ 6, 2, 0]
  34    1    12.185902    5.894794   12.173717    1.891514    0.00049995   0.5448   0.5185  1-[ 5, 0, 1]
  35    1    12.262831    5.941289   12.220211    1.895450    0.00173777   1.0215   0.3033  1+[18,18, 0]
  36    1    12.667914    6.347805   12.626727    1.916044    0.00162564   1.0207   0.3129  1-[17,16, 1]
  37    1    12.898862    6.563976   12.842898    1.927686    0.00216932   1.2003   0.2985  1-[13, 9, 0]
  38    1    13.197456  -19.296456  -13.017534    1.942635    0.99318344   2.1718   0.3300  1+[ 6, 4, 0]
  39    1    13.247088    6.929494   13.208417    1.945108    0.00145959   1.0115   0.3810  1-[ 9, 4, 1]
  40    1    13.302177    6.967884   13.246807    1.947850    0.00208121   1.2124   0.3191  1+[12, 9, 1]
  41    1    13.517887  -19.748143  -13.469221    1.958550    0.99819993   1.1460   0.3976  1+[ 8, 6, 0]
  42    1    14.461282    8.167591   14.446514    2.004673    0.00051060   0.6534   0.2907  1-[ 7, 3, 0]
  43    1    14.661549    8.354706   14.633629    2.014328    0.00095215   0.9044   0.3814  1+[ 6, 0, 0]
  44    1    14.879799    8.580706   14.859628    2.024798    0.00067780   0.7745   0.3882  1+[10, 5, 1]
  45    1    15.126737  -21.224902  -14.945980    2.036579    0.99402525   2.3315   0.4718  1-[ 5, 4, 1]
  46    1    15.365742  -11.115669   -4.836746    2.047917    0.65738733  14.5846   0.4530  1+[ 2, 0, 0]
  47    1    15.404549   -1.318760    4.960162    2.049753    0.33900333  14.5841   0.3260  1+[ 2, 0, 0]
  48    1    15.537328    9.051471   15.330393    2.056019    0.00665929   2.5274   0.3022  1-[17,16, 1]
  49    1    16.037286    9.735880   16.014803    2.079444    0.00070099   0.8489   0.2594  1-[19,19, 0]
  50    1    16.536963   10.239130   16.518053    2.102595    0.00057177   0.7906   0.3836  1-[17,17, 0]
  51    1    16.986180   10.678326   16.957249    2.123193    0.00085161   0.9910   0.4572  1+[ 6, 0, 0]
  52    1    17.268869   10.948230   17.227153    2.136053    0.00120783   1.1996   0.3281  1-[ 7, 2, 1]
  53    1    17.437432  -23.567973  -17.289050    2.143685    0.99574529   2.2700   0.3424  1-[11,11, 0]
  54    1    17.553923   11.179563   17.458485    2.148943    0.00271840   1.8280   0.3560  1+[16,14, 0]
  55    1    18.270982   11.811174   18.090096    2.181031    0.00495008   2.5646   0.4114  1+[18,17, 1]
  56    1    18.404328   12.047163   18.326085    2.186947    0.00212567   1.6953   0.2545  1-[ 9, 6, 1]
  57    1    18.688936  -24.319338  -18.040415    2.199519    0.98264962   4.8805   0.5671  1+[ 4, 3, 1]
  58    1    18.825623   12.176379   18.455302    2.205531    0.00983557   3.7156   0.4064  1+[10, 4, 0]
  59    1    19.612387   13.307911   19.586834    2.239825    0.00065147   1.0008   0.2969  1-[17,15, 0]
  60    1    19.827306   13.532728   19.811651    2.249102    0.00039479   0.7878   0.4813  1+[20,20, 0]
  61    1    19.860469  -26.088480  -19.809557    2.250530    0.99871826   1.4212   0.4971  1+[ 4, 2, 0]
  62    1    19.993759   13.679569   19.958492    2.256260    0.00088196   1.1870   0.3007  1+[14,11, 1]
  63    1    20.200731   13.896368   20.175291    2.265130    0.00062969   1.0135   0.3029  1+[ 8, 3, 1]
  64    1    20.762145   14.473701   20.752624    2.289017    0.00022929   0.6287   0.3159  1-[11, 5, 0]
  65    1    21.182149   14.893624   21.172547    2.306725    0.00022666   0.6377   0.3666  1-[19,18, 1]
  66    1    21.330648   14.822618   21.101540    2.312953    0.00537038   3.1179   0.2932  1+[ 8, 2, 0]
  67    1    21.411893  -27.459502  -21.180579    2.316354    0.99459846   3.1388   0.4008  1+[10,10, 0]
  68    1    21.452086   15.006571   21.285493    2.318034    0.00388289   2.6683   0.3177  1-[ 5, 0, 1]
  69    1    21.671096  -27.733540  -21.454618    2.327170    0.99500536   3.0555   0.5721  1-[ 3, 2, 1]
  70    1    22.363170   16.072200   22.351122    2.355805    0.00026937   0.7340   0.2484  1+[18,15, 1]
  71    1    22.791649   16.504038   22.782961    2.373361    0.00019060   0.6293   0.2950  1-[15,12, 1]
  72    1    23.149331   16.862366   23.141289    2.387917    0.00017370   0.6101   0.2751  1+[14,10, 0]
  73    1    23.403814   17.115624   23.394547    2.398220    0.00019800   0.6586   0.2432  1+[12, 6, 0]
  74    1    23.820085   16.795649   23.074571    2.414978    0.01564884   5.9127   0.3859  1-[ 5, 0, 1]
  75    1    24.061720  -27.158216  -20.879293    2.424652    0.93386951  11.9592   0.5500  1-[ 1, 0, 1]
  76    1    24.153207   15.452350   21.731273    2.428305    0.05013690  10.5418   0.2463  1-[ 9, 3, 0]
  77    1    25.220068   18.343570   24.622492    2.470503    0.01184723   5.4575   0.2923  1-[ 9, 4, 1]
  78    1    25.276739  -30.947217  -24.668295    2.472724    0.98796435   5.5126   0.4472  1-[ 5, 5, 0]
  79    1    25.667142   19.352900   25.631822    2.487973    0.00068803   1.3461   0.3043  1-[11, 4, 1]
  80    1    25.958628   19.647283   25.926206    2.499298    0.00062449   1.2970   0.2554  1-[13, 7, 0]
  81    1    26.075450   19.754599   26.033522    2.503822    0.00080398   1.4781   0.2976  1-[19,17, 0]
  82    1    26.227876   19.863410   26.142333    2.509713    0.00163077   2.1166   0.3599  1+[20,19, 1]
  83    1    26.533814  -32.579847  -26.300924    2.521496    0.99561146   3.5078   0.4298  1-[ 5, 4, 1]
  84    1    26.853579   20.550317   26.829240    2.533752    0.00045319   1.1431   0.2771  1-[13,10, 1]
  85    1    27.382012   21.075052   27.353975    2.553878    0.00051195   1.2388   0.3528  1+[10, 4, 0]
  86    1    27.859149  -34.105986  -27.827064    2.571914    0.99942415   1.3367   0.6793  1-[ 1, 0, 1]
  87    1    28.235250   21.940771   28.219693    2.586043    0.00027549   0.9372   0.3234  1-[17,16, 1]
  88    1    28.316949   22.011989   28.290912    2.589102    0.00045974   1.2140   0.3702  1+[12, 5, 1]
  89    1    28.509166   22.216916   28.495839    2.596285    0.00023373   0.8716   0.3704  1-[19,19, 0]
  90    1    28.954791  -35.203544  -28.924622    2.612861    0.99947902   1.3214   0.5205  1+[ 4, 4, 0]
  91    1    28.997455   22.696959   28.975882    2.614442    0.00037198   1.1183   0.2921  1+[16,12, 0]
  92    1    29.346732   23.061093   29.340015    2.627353    0.00011444   0.6278   0.3211  1+[20,17, 1]
  93    1    29.800244   23.513205   29.792127    2.644023    0.00013618   0.6955   0.3600  1-[ 9, 1, 0]
  94    1    30.120895   23.835887   30.114810    2.655747    0.00010102   0.6055   0.3128  1-[19,19, 0]
  95    1    30.369656   24.083798   30.362720    2.664806    0.00011419   0.6490   0.3045  1-[13, 6, 1]
  96    1    30.929896   24.645650   30.924573    2.685097    0.00008605   0.5738   0.2781  1+[20,18, 0]
  97    1    31.238298   24.954296   31.233219    2.696201    0.00008129   0.5633   0.3035  1-[13, 6, 1]
  98    1    31.988947   25.543559   31.822482    2.723041    0.00260192   3.2592   0.2493  1+[16,11, 1]
  99    1    32.092445  -38.193632  -31.914710    2.726721    0.99723089   3.3729   0.4453  1-[ 3, 3, 0]
 100    1    32.367852  -38.618623  -32.339701    2.736489    0.99956513   1.3497   0.4078  1-[ 3, 3, 0]
 101    1    32.708501   26.406830   32.685753    2.748522    0.00034773   1.2197   0.3140  1+[ 8, 0, 0]
 102    1    33.029110   26.743181   33.022104    2.759800    0.00010606   0.6803   0.4663  1+[20,20, 0]
 103    1    33.073070   26.784603   33.063526    2.761343    0.00014429   0.7945   0.3212  1+[20,20, 0]
 104    1    33.259387   26.973048   33.251970    2.767872    0.00011149   0.7023   0.2859  1+[ 8, 0, 0]
 105    1    34.042422   27.757845   34.036768    2.795146    0.00008304   0.6204   0.3592  1+[14, 7, 1]
 106    1    34.583441   28.301041   34.579964    2.813836    0.00005027   0.4904   0.2917  1+[18,14, 0]
 107    1    35.119877  -41.351023  -35.072100    2.832245    0.99931980   1.8313   0.6762  1+[ 2, 2, 0]
 108    1    35.366134   29.082418   35.361341    2.840657    0.00006777   0.5823   0.3239  1+[12, 4, 0]
 109    1    35.489516   29.172226   35.451149    2.844862    0.00054055   1.6498   0.3034  1+[14, 7, 1]
 110    1    35.838356   29.550599   35.829521    2.856717    0.00012326   0.7957   0.2986  1-[21,19, 0]
 111    1    36.170101   29.886099   36.165022    2.867945    0.00007021   0.6061   0.3583  1+[16,10, 0]
 112    1    36.663020   30.365902   36.644824    2.884549    0.00024814   1.1549   0.2672  1-[13, 5, 0]
 113    1    37.042075   30.755737   37.034660    2.897252    0.00010010   0.7412   0.3145  1+[22,19, 1]
 114    1    37.369241  -43.597003  -37.318080    2.908171    0.99931547   1.9548   0.7029  1-[ 1, 1, 0]
 115    1    37.713491   31.405372   37.684294    2.919617    0.00038708   1.4837   0.2927  1-[13, 5, 0]
 116    1    38.296682   32.011314   38.290237    2.938906    0.00008415   0.7026   0.2286  1+[14, 9, 1]
 117    1    38.425179   32.141028   38.419951    2.943139    0.00006803   0.6338   0.4939  1-[ 7, 0, 1]
 118    1    38.765977   32.482803   38.761726    2.954336    0.00005482   0.5741   0.3223  1+[18,16, 0]
 119    1    39.248366   32.962656   39.241578    2.970113    0.00008648   0.7299   0.2868  1+[14, 6, 0]
 120    1    39.598316   33.315244   39.594167    2.981506    0.00005240   0.5733   0.3366  1-[19,15, 0]
 121    1    39.756125  -46.021589  -39.742667    2.986629    0.99983074   1.0344   0.6335  1+[ 0, 0, 0]
 122    1    40.374597   30.273998   36.552920    3.006625    0.04732773  17.1462   0.3376  1+[14, 6, 0]
 123    1    40.408990  -42.857625  -36.578702    3.007733    0.95260600  17.1722   0.4981  1+[ 0, 0, 0]
 124    1    40.831992   34.549206   40.828128    3.021327    0.00004732   0.5617   0.2921  1-[23,20, 1]
 125    1    41.337639   35.054392   41.333315    3.037498    0.00005230   0.5979   0.5004  1+[ 8, 1, 1]
 126    1    42.117475   35.833820   42.112743    3.062270    0.00005619   0.6314   0.3155  1+[16, 9, 1]
 127    1    42.589986   36.305804   42.584727    3.077183    0.00006175   0.6693   0.3162  1-[15, 7, 0]
 128    1    42.807591   36.520940   42.799863    3.084027    0.00009027   0.8134   0.3235  1-[15, 7, 0]
 129    1    43.132658  -49.396090  -43.117167    3.094221    0.99982042   1.1559   0.4769  1+[ 2, 2, 0]
 130    1    43.583228   37.294858   43.573781    3.108297    0.00010838   0.9074   0.2804  1+[16,12, 0]
 131    1    43.820960   37.537390   43.816312    3.115698    0.00005303   0.6382   0.3921  1-[21,20, 1]
 132    1    44.232797   37.949116   44.228039    3.128478    0.00005379   0.6488   0.3794  1-[21,20, 1]
 133    1    44.621713   38.339665   44.618587    3.140499    0.00003502   0.5281   0.3601  1+[20,16, 0]
 134    1    44.899144   38.616947   44.895869    3.149046    0.00003647   0.5423   0.4291  1-[13, 4, 1]
 135    1    45.767174   39.485631   45.764553    3.175639    0.00002862   0.4897   0.4661  1-[17,10, 1]
 136    1    47.161552   40.879237   47.158159    3.217897    0.00003597   0.5657   0.3282  1+[16,13, 1]
 137    1    47.614864   41.332688   47.611610    3.231516    0.00003417   0.5566   0.3921  1+[12, 4, 0]
 138    1    47.831970   41.550406   47.829329    3.238019    0.00002761   0.5027   0.4473  1-[19,13, 0]
 139    1    47.923837   41.641764   47.920686    3.240766    0.00003288   0.5496   0.3147  1+[16,11, 1]
 140    1    48.409669   42.127733   48.406656    3.255258    0.00003112   0.5401   0.2718  1-[19,13, 0]
 141    1    48.974797   42.692424   48.971346    3.272034    0.00003523   0.5814   0.4819  1+[12, 3, 1]
 142    1    49.755746   43.473108   49.752030    3.295076    0.00003734   0.6080   0.4403  1-[19,16, 1]
 143    1    51.397260   45.114899   51.393821    3.342991    0.00003345   0.5945   0.4029  1+[10, 0, 0]
 144    1    51.500647   45.218314   51.497237    3.345986    0.00003311   0.5927   0.4163  1-[11, 2, 1]
 145    1    53.637184   47.353189   53.632112    3.407288    0.00004728   0.7376   0.4797  1-[19,17, 0]
 146    1    54.234166   47.951162   54.230085    3.424220    0.00003762   0.6653   0.5524  1+[10, 0, 0]
 147    1    54.588543   48.304842   54.583764    3.434232    0.00004377   0.7223   0.5273  1+[22,20, 0]
 148    1    55.106069   48.824366   55.103288    3.448801    0.00002523   0.5536   0.4816  1+[16, 9, 1]
 149    1    55.947790   49.666432   55.945355    3.472366    0.00002177   0.5221   0.3172  1-[15, 7, 0]
 150    1    56.648168   50.366783   56.645706    3.491852    0.00002174   0.5282   0.3436  1+[18,12, 0]
 151    1    56.948853   50.666956   56.945879    3.500185    0.00002611   0.5820   0.4662  1-[15, 7, 0]
 152    1    58.328819   52.046498   58.325421    3.538175    0.00002913   0.6296   0.6080  1+[12, 2, 0]
 153    1    59.203678   52.922004   59.200927    3.562050    0.00002324   0.5708   0.4023  1+[20,16, 0]
 154    1    59.916331   53.634466   59.913389    3.581380    0.00002456   0.5938   0.4616  1+[14, 5, 1]
 155    1    60.778703   54.496828   60.775751    3.604633    0.00002428   0.5990   0.2744  1-[21,17, 0]
 156    1    61.262972   54.980688   61.259610    3.617626    0.00002744   0.6418   0.5634  1-[13, 3, 0]
 157    1    61.878826   55.596230   61.875152    3.634081    0.00002968   0.6743   0.6774  1-[11, 0, 1]
 158    1    62.318306   56.035778   62.314700    3.645779    0.00002893   0.6704   0.4599  1+[16, 8, 0]
 159    1    62.530921   56.249236   62.528158    3.651424    0.00002209   0.5877   0.3486  1-[19,13, 0]
 160    1    63.511663   57.229866   63.508789    3.677354    0.00002262   0.6041   0.3788  1-[15, 6, 1]
 161    1    63.813199   57.531342   63.810265    3.685290    0.00002299   0.6120   0.3282  1-[19,15, 0]
 162    1    64.605283   58.322626   64.601549    3.706054    0.00002890   0.6946   0.3824  1+[20,17, 1]
 163    1    64.789873   58.507530   64.786453    3.710876    0.00002640   0.6657   0.3639  1+[18,13, 1]
 164    1    65.096003   58.813599   65.092522    3.718860    0.00002674   0.6732   0.6143  1+[12, 1, 1]
 165    2     0.773049   -6.508667   -0.229744    1.168940    0.64859630   0.7381   0.4553  3-[ 3, 0, 1]
 166    2     1.445740   -5.047582    1.231341    1.223423    0.07414855   0.7576   0.3393  3+[14,13, 1]
 167    2     1.656227   -6.655236   -0.376313    1.239980    0.61360551   1.6129   0.3486  3+[10, 8, 2]
 168    2     1.686566   -5.855423    0.423500    1.242348    0.37444919   1.6325   0.3410  3+[ 4, 1, 1]
 169    2     2.444235   -8.575012   -2.296089    1.300091    0.96969487   0.8380   0.4033  3-[ 7, 4, 1]
 170    2     2.759220   -3.656039    2.622883    1.323356    0.02470563   0.8566   0.4198  3-[11, 9, 2]
 171    2     3.100639   -9.274558   -2.995635    1.348119    0.98306740   0.8001   0.3781  3-[13,12, 1]
 172    2     3.788851   -2.533400    3.745522    1.396702    0.00571793   0.5714   0.4372  3+[ 6, 2, 2]
 173    2     4.177604   -2.211624    4.067299    1.423412    0.01320198   0.9537   0.4439  3+[10, 7, 1]
 174    2     4.311597  -10.471009   -4.192086    1.432503    0.98614074   1.0081   0.5815  3-[ 3, 0, 1]
 175    2     4.958275  -11.164490   -4.885567    1.475591    0.99266806   0.8460   0.4313  3-[ 5, 3, 2]
 176    2     5.727487   -0.607144    5.671779    1.525259    0.00486326   0.7969   0.4061  3+[12,11, 1]
 177    2     6.252105   -0.080212    6.198710    1.558226    0.00427013   0.8154   0.4282  3+[12,10, 2]
 178    2     6.938477   -8.855303   -2.576381    1.600332    0.68565895   6.4424   0.3414  3-[ 3, 1, 2]
 179    2     6.952554   -3.670215    2.608708    1.601184    0.31239214   6.4446   0.3654  3-[11, 8, 1]
 180    2     7.662891  -13.874423   -7.595500    1.643602    0.99560277   1.0140   0.4042  3-[ 3, 1, 2]
 181    2     7.951144    1.634527    7.913450    1.660506    0.00237036   0.7733   0.6229  3+[ 4, 0, 2]
 182    2     8.837708  -14.993554   -8.714631    1.711451    0.99303683   1.4698   0.4805  3-[ 5, 2, 1]
 183    2     9.282282    2.987340    9.266263    1.736435    0.00086289   0.5451   0.3538  3+[10, 6, 2]
 184    2     9.599520    3.294572    9.573495    1.754046    0.00135556   0.7064   0.3718  3-[13,11, 2]
 185    2     9.650192    3.333075    9.611998    1.756843    0.00197891   0.8577   0.3575  3-[13,12, 1]
 186    2    10.075989  -15.561464   -9.282541    1.780169    0.96062679   3.9192   0.5803  3+[ 2, 0, 2]
 187    2    10.154954    3.055620    9.334543    1.784461    0.04039462   3.9987   0.4202  3-[ 5, 0, 1]
 188    2    10.175980    3.850944   10.129866    1.785602    0.00226578   0.9677   0.3859  3+[12, 9, 1]
 189    2    11.173554    4.830256   11.109179    1.838931    0.00288069   1.1977   0.4675  3+[ 4, 0, 2]
 190    2    11.303881  -17.449105  -11.170182    1.845785    0.99408613   1.7334   0.4357  3-[11,10, 1]
 191    2    11.655629    5.314629   11.593551    1.864156    0.00266298   1.2014   0.3847  3-[ 5, 0, 1]
 192    2    11.871747    5.563452   11.842375    1.875354    0.00123706   0.8346   0.3507  3-[ 5, 0, 1]
 193    2    12.008348  -18.228732  -11.949809    1.882398    0.99756258   1.1843   0.4558  3+[ 6, 4, 2]
 194    2    12.122353    5.810504   12.089427    1.888256    0.00135806   0.8929   0.3295  3+[14,12, 2]
 195    2    12.790992    6.501337   12.780260    1.922257    0.00041952   0.5239   0.4739  3-[ 9, 4, 1]
 196    2    13.370646    7.073435   13.352358    1.951253    0.00068388   0.6991   0.4343  3+[ 6, 2, 2]
 197    2    13.841574    7.546188   13.825110    1.974496    0.00059472   0.6749   0.3273  3-[13,10, 1]
 198    2    14.232796    7.918249   14.197172    1.993600    0.00125149   1.0064   0.2856  3+[ 6, 1, 1]
 199    2    14.307517    7.960849   14.239772    1.997228    0.00236746   1.3907   0.3270  3-[15,13, 2]
 200    2    14.616691  -20.787346  -14.508423    2.012170    0.99629643   1.7758   0.5365  3+[ 2, 0, 2]
 201    2    14.766466    8.447693   14.726616    2.019368    0.00134935   1.0841   0.3144  3+[10, 5, 1]
 202    2    15.191041  -21.361599  -15.082677    2.039636    0.99643328   1.8112   0.4468  3+[ 6, 5, 1]
 203    2    15.710448    9.403557   15.682479    2.064160    0.00089012   0.9370   0.4355  3+[ 6, 0, 2]
 204    2    15.788113    9.492426   15.771349    2.067802    0.00053092   0.7274   0.3953  3-[ 7, 3, 2]
 205    2    16.598092   10.309738   16.588661    2.105410    0.00028409   0.5594   0.4299  3-[ 7, 2, 1]
 206    2    16.881506   10.583137   16.862059    2.118411    0.00057597   0.8101   0.2448  3+[18,17, 1]
 207    2    17.104863   10.808275   17.087197    2.128602    0.00051640   0.7772   0.2736  3+[16,14, 2]
 208    2    17.712689   11.422244   17.701167    2.156089    0.00032524   0.6388   0.3444  3+[14,11, 1]
 209    2    18.061066   11.769255   18.048178    2.171687    0.00035680   0.6822   0.5063  3+[ 6, 0, 2]
 210    2    18.104244   11.815607   18.094530    2.173612    0.00026830   0.5930   0.3729  3+[16,14, 2]
 211    2    18.479846  -24.684599  -18.405677    2.190290    0.99799323   1.6540   0.5349  3-[ 5, 4, 1]
 212    2    19.094671   12.790422   19.069344    2.217318    0.00066319   0.9831   0.3971  3+[ 8, 3, 1]
 213    2    19.483038   13.141362   19.420285    2.234223    0.00161045   1.5625   0.3727  3-[19,18, 1]
 214    2    19.757501  -25.852821  -19.573898    2.246093    0.99535358   2.6873   0.5007  3+[ 4, 2, 2]
 215    2    19.884401   13.476424   19.755347    2.251560    0.00324510   2.2618   0.2680  3-[ 9, 5, 2]
 216    2    20.114398   13.800108   20.079031    2.261435    0.00087917   1.1923   0.2975  3+[ 8, 2, 2]
 217    2    20.581414   14.294525   20.573447    2.281354    0.00019353   0.5726   0.2668  3-[17,15, 2]
 218    2    20.848841   14.559437   20.838359    2.292683    0.00025138   0.6610   0.2957  3-[ 5, 0, 1]
 219    2    21.339591   14.925922   21.204845    2.313328    0.00315720   2.3943   0.2728  3-[15,14, 1]
 220    2    21.569030   15.280814   21.559737    2.322917    0.00021542   0.6331   0.3582  3-[11, 5, 2]
 221    2    21.674912  -27.769781  -21.490858    2.327329    0.99575423   2.8187   0.5934  3+[ 4, 3, 1]
 222    2    22.420287   16.127977   22.406899    2.358153    0.00029857   0.7747   0.2578  3+[10, 6, 2]
 223    2    22.668845   16.376460   22.655382    2.368343    0.00029694   0.7811   0.2449  3-[ 5, 0, 1]
 224    2    22.835599   16.547099   22.826021    2.375154    0.00020970   0.6613   0.2899  3-[13, 8, 1]
 225    2    23.234806   16.938664   23.217587    2.391383    0.00037055   0.8944   0.3595  3-[ 5, 0, 1]
 226    2    23.846253   17.561684   23.840607    2.416027    0.00011839   0.5189   0.3058  3+[12, 6, 2]
 227    2    24.047942   17.760086   24.039008    2.424101    0.00018574   0.6554   0.3897  3+[16,15, 1]
 228    2    24.431087  -20.464289  -14.185366    2.439366    0.79031386  19.8910   0.5590  3-[ 3, 2, 1]
 229    2    24.469978    7.958610   14.237532    2.440910    0.20908163  19.9016   0.2875  3-[ 3, 2, 1]
 230    2    24.954137   18.654760   24.933682    2.460052    0.00040985   1.0102   0.3621  3-[11, 4, 1]
 231    2    25.236834   18.952736   25.231659    2.471160    0.00010253   0.5111   0.2410  3-[11, 7, 2]
 232    2    25.970083   19.676208   25.955131    2.499742    0.00028787   0.8811   0.3215  3+[14, 9, 1]
 233    2    26.536317  -32.606511  -26.327589    2.521592    0.99606712   3.3218   0.5562  3+[ 2, 1, 1]
 234    2    26.568308   20.185284   26.464207    2.522821    0.00195913   2.3496   0.3851  3-[13, 7, 2]
 235    2    26.890934   20.604154   26.883077    2.535180    0.00014610   0.6500   0.4040  3-[17,16, 1]
 236    2    27.210778   20.838920   27.117842    2.547374    0.00170770   2.2470   0.4799  3+[12, 5, 1]
 237    2    27.562186   21.269104   27.548027    2.560704    0.00025685   0.8833   0.2999  3-[15,13, 2]
 238    2    27.853905   21.567829   27.846751    2.571717    0.00012841   0.6312   0.2907  3-[17,14, 1]
 239    2    28.423894   22.138458   28.417381    2.593101    0.00011457   0.6084   0.3009  3-[11, 6, 1]
 240    2    28.996386   22.683418   28.962341    2.614402    0.00058707   1.4047   0.3213  3+[10, 6, 2]
 241    2    29.185828  -35.395090  -29.116167    2.621413    0.99880661   2.0153   0.4926  3-[ 5, 4, 1]
 242    2    29.728404   23.442170   29.721092    2.641390    0.00012298   0.6593   0.3628  3+[10, 4, 2]
 243    2    29.805184   23.518677   29.797599    2.644204    0.00012723   0.6723   0.4432  3-[13, 6, 1]
 244    2    29.886210  -36.147938  -29.869015    2.647171    0.99971233   1.0137   0.7242  3-[ 1, 0, 1]
 245    2    30.839267   24.554104   30.833027    2.681825    0.00010118   0.6204   0.3434  3-[ 9, 1, 2]
 246    2    30.963989   24.680020   30.958942    2.686327    0.00008149   0.5590   0.2841  3+[20,18, 2]
 247    2    31.531093   25.246535   31.525458    2.706702    0.00008936   0.5961   0.2759  3-[19,15, 2]
 248    2    31.809068   25.526219   31.805142    2.716633    0.00006171   0.4997   0.2967  3+[16,11, 1]
 249    2    32.514839   26.231593   32.510516    2.741688    0.00006648   0.5302   0.2578  3-[13, 9, 2]
 250    2    33.307712   27.023517   33.302440    2.769563    0.00007914   0.5926   0.2872  3-[15, 9, 2]
 251    2    33.706451   27.368190   33.647112    2.783477    0.00088022   1.9992   0.4326  3+[14, 7, 1]
 252    2    33.830440  -40.043977  -33.765054    2.787789    0.99903362   2.1023   0.4931  3-[ 3, 2, 1]
 253    2    34.117717   27.833138   34.112061    2.797755    0.00008289   0.6212   0.4027  3+[ 8, 0, 2]
 254    2    34.362130   28.079948   34.358870    2.806206    0.00004743   0.4733   0.3797  3-[17,12, 1]
 255    2    35.210052   28.925943   35.204866    2.835328    0.00007365   0.6043   0.2944  3+[22,19, 1]
 256    2    35.644756   29.362113   35.641036    2.850143    0.00005219   0.5150   0.3290  3-[15, 8, 1]
 257    2    36.112990   29.830113   36.109036    2.866015    0.00005474   0.5344   0.2723  3-[21,18, 1]
 258    2    36.190277   29.906129   36.185052    2.868627    0.00007219   0.6149   0.4088  3+[10, 2, 2]
 259    2    36.991007   30.706658   36.985580    2.895544    0.00007335   0.6336   0.3938  3+[20,19, 1]
 260    2    37.216788   30.933526   37.212449    2.903088    0.00005829   0.5683   0.2757  3+[16,10, 2]
 261    2    37.249877   30.965545   37.244468    2.904192    0.00007261   0.6348   0.3567  3+[20,19, 1]
 262    2    37.680679   31.396991   37.675913    2.918528    0.00006324   0.5993   0.5206  3-[ 7, 0, 1]
 263    2    38.240865   31.957473   38.236396    2.937065    0.00005844   0.5846   0.3579  3+[18,13, 1]
 264    2    38.494026   32.210660   38.489583    2.945404    0.00005771   0.5848   0.3725  3-[13, 5, 2]
 265    2    39.110451   32.825969   39.104892    2.965610    0.00007107   0.6594   0.3156  3-[21,19, 2]
 266    2    39.718258   33.436386   39.715309    2.985401    0.00003713   0.4840   0.3926  3-[19,15, 2]
 267    2    40.028083   33.745154   40.024076    2.995438    0.00005005   0.5664   0.2489  3+[14, 6, 2]
 268    2    40.500557   34.217534   40.496457    3.010681    0.00005062   0.5763   0.2696  3+[22,20, 2]
 269    2    40.562811   34.279871   40.558794    3.012683    0.00004951   0.5708   0.4121  3+[ 8, 1, 1]
 270    2    41.106260   34.823570   41.102493    3.030109    0.00004581   0.5565   0.2977  3+[14, 6, 2]
 271    2    41.297692   35.012725   41.291647    3.036224    0.00007318   0.7066   0.5233  3-[21,20, 1]
 272    2    41.897183   35.614759   41.893682    3.055293    0.00004179   0.5417   0.3178  3+[16, 9, 1]
 273    2    42.634475   36.352505   42.631427    3.078583    0.00003574   0.5098   0.3864  3-[15,10, 1]
 274    2    43.886777   37.604331   43.883254    3.117744    0.00004014   0.5561   0.4854  3-[13, 4, 1]
 275    2    44.326959   38.045318   44.324241    3.131393    0.00003066   0.4909   0.3563  3+[16,12, 2]
 276    2    44.459086   38.176773   44.455695    3.135478    0.00003814   0.5491   0.4271  3-[15, 7, 2]
 277    2    45.117491   38.835963   45.114885    3.155756    0.00002888   0.4849   0.2921  3+[18,12, 2]
 278    2    45.519092   39.237121   45.516044    3.168061    0.00003348   0.5268   0.3425  3+[14,10, 2]
 279    2    46.070084   39.787328   46.066251    3.184867    0.00004160   0.5943   0.3580  3+[16,13, 1]
 280    2    46.943436   40.661185   46.940108    3.211324    0.00003545   0.5590   0.3860  3+[14, 5, 1]
 281    2    47.782101   41.499869   47.778792    3.236526    0.00003463   0.5623   0.3818  3+[12, 3, 1]
 282    2    48.110017   41.828188   48.107110    3.246327    0.00003021   0.5289   0.2925  3+[20,15, 1]
 283    2    48.800991   42.518818   48.797740    3.266883    0.00003330   0.5632   0.4697  3+[16, 8, 2]
 284    2    48.884929   42.602986   48.881908    3.269372    0.00003089   0.5434   0.4643  3-[19,13, 2]
 285    2    49.565455   43.283843   49.562766    3.289476    0.00002713   0.5163   0.3997  3-[17,13, 2]
 286    2    50.447341   44.164991   50.443914    3.315348    0.00003396   0.5880   0.5512  3-[11, 2, 1]
 287    2    52.500202   46.217923   52.496846    3.374804    0.00003197   0.5937   0.5344  3+[10, 0, 2]
 288    2    54.215445   47.933695   54.212618    3.423690    0.00002607   0.5537   0.5680  3+[16, 9, 1]
 289    2    55.099030   48.816064   55.094986    3.448603    0.00003670   0.6675   0.3913  3-[21,19, 2]
 290    2    55.335046   49.051805   55.330728    3.455227    0.00003901   0.6912   0.4410  3+[10, 0, 2]
 291    2    55.706530   49.424431   55.703354    3.465628    0.00002851   0.5949   0.3611  3-[17,10, 1]
 292    2    56.155682   49.872573   56.151496    3.478161    0.00003727   0.6857   0.4106  3+[20,18, 2]
 293    2    57.196966   50.915402   57.194325    3.507046    0.00002308   0.5496   0.5029  3+[18,12, 2]
 294    2    57.858784   51.576602   57.855524    3.525281    0.00002817   0.6141   0.5136  3-[15, 7, 2]
 295    2    58.704215   52.422204   58.701127    3.548439    0.00002630   0.6021   0.5037  3+[14, 5, 1]
 296    2    59.343144   53.061050   59.339973    3.565841    0.00002672   0.6135   0.5151  3+[12, 2, 2]
 297    2    59.749015   53.467179   59.746101    3.576851    0.00002438   0.5900   0.2807  3-[17,12, 1]
 298    2    60.226726   53.944222   60.223144    3.589767    0.00002974   0.6569   0.3413  3+[18,14, 2]
 299    2    60.835540   54.552742   60.831664    3.606161    0.00003186   0.6867   0.7021  3-[11, 0, 1]
 300    2    62.079915   55.797575   62.076498    3.639438    0.00002753   0.6514   0.3825  3-[13, 3, 2]
 301    2    62.314880   56.033037   62.311959    3.645688    0.00002344   0.6033   0.4016  3-[15, 6, 1]
 302    2    62.726623   56.444326   62.723249    3.656613    0.00002690   0.6506   0.4126  3+[20,15, 1]
 303    2    62.929231   56.647187   62.926110    3.661977    0.00002479   0.6267   0.3709  3-[19,15, 2]
 304    2    63.244059   56.962279   63.241202    3.670297    0.00002259   0.6011   0.3116  3+[20,17, 1]
 305    2    63.702566   57.420131   63.699054    3.682380    0.00002757   0.6689   0.6433  3+[12, 1, 1]
 306    2    64.183953   57.901000   64.179923    3.695023    0.00003140   0.7193   0.2964  3+[18,12, 2]
 307    2    64.298925   58.017072   64.295995    3.698037    0.00002279   0.6139   0.4289  3-[19,13, 2]
 308    3     1.069556   -6.993804   -0.714882    1.193262    0.83419544   0.7955   0.4289  5+[12,10, 2]
 309    3     1.288947   -5.139752    1.139171    1.210943    0.05810046   0.6031   0.4672  5+[ 6, 2, 2]
 310    3     1.780135   -7.851570   -1.572647    1.249623    0.94172134   0.8341   0.5268  5-[ 3, 0, 3]
 311    3     1.899175   -4.571789    1.707134    1.258819    0.05055925   0.8322   0.4276  5-[ 7, 4, 3]
 312    3     3.001307   -3.392237    2.886685    1.340962    0.01909538   0.8215   0.3895  5-[13,11, 2]
 313    3     3.388269   -2.993893    3.285030    1.368634    0.01523485   0.8300   0.5142  5-[ 3, 0, 3]
 314    3     4.528985  -10.711437   -4.432515    1.447131    0.98934962   0.9298   0.5072  5-[11, 9, 2]
 315    3     5.488948   -0.826926    5.451997    1.510031    0.00336593   0.6358   0.5210  5+[ 4, 0, 2]
 316    3     6.299798   -0.033342    6.245581    1.561188    0.00430312   0.8247   0.5285  5+[ 4, 1, 3]
 317    3     6.692384  -12.921064   -6.642141    1.585364    0.99624625   0.8185   0.5046  5-[ 5, 2, 3]
 318    3     7.070549    0.744893    7.023816    1.608307    0.00330476   0.8116   0.3549  5+[14,12, 2]
 319    3     7.307785    0.988400    7.267322    1.622535    0.00276846   0.7680   0.3785  5+[ 8, 4, 2]
 320    3     7.839280  -14.044293   -7.765371    1.653967    0.99528594   1.0739   0.5299  5+[ 6, 4, 2]
 321    3     8.457709    2.143055    8.421978    1.689803    0.00211231   0.7766   0.4559  5+[10, 7, 3]
 322    3     9.191097    2.892322    9.171244    1.731340    0.00107997   0.6038   0.5158  5+[ 4, 0, 2]
 323    3    10.870937  -16.780959  -10.502036    1.822919    0.98303269   2.8079   0.5525  5-[ 5, 3, 2]
 324    3    10.904718    4.303143   10.582065    1.824713    0.01479420   2.6330   0.4434  5-[ 5, 1, 2]
 325    3    11.062424    4.745059   11.023982    1.833067    0.00173749   0.9214   0.3403  5-[15,13, 2]
 326    3    11.373539    5.065300   11.344223    1.849437    0.00128877   0.8161   0.4303  5-[11, 8, 3]
 327    3    12.066052    5.777682   12.056604    1.885366    0.00039150   0.4774   0.4145  5+[ 6, 1, 3]
 328    3    13.163582    6.841790   13.120713    1.940945    0.00162834   1.0615   0.4181  5-[11, 7, 2]
 329    3    13.356111  -19.569560  -13.290638    1.950531    0.99754893   1.3209   0.5257  5-[ 3, 1, 2]
 330    3    13.882462    7.589582   13.868505    1.976502    0.00050271   0.6224   0.3212  5+[12, 9, 3]
 331    3    14.312003    8.023668   14.302591    1.997446    0.00032882   0.5190   0.4944  5-[ 5, 0, 3]
 332    3    14.598204    8.303531   14.582454    2.011279    0.00053943   0.6779   0.3438  5+[14,11, 3]
 333    3    14.853882    8.561886   14.840809    2.023558    0.00044005   0.6231   0.4384  5+[ 6, 0, 2]
 334    3    15.288749    9.002852   15.281775    2.044272    0.00022808   0.4617   0.4087  5-[ 9, 4, 3]
 335    3    15.650122  -21.471964  -15.193041    2.061327    0.98539688   3.7547   0.6135  5+[ 2, 0, 2]
 336    3    15.845947    9.183806   15.462728    2.070510    0.01209201   3.4638   0.4118  5-[17,15, 2]
 337    3    15.942159    9.607670   15.886592    2.075007    0.00174276   1.3299   0.3578  5+[12, 8, 2]
 338    3    16.678967   10.367786   16.646708    2.109128    0.00096704   1.0368   0.5634  5+[ 6, 0, 2]
 339    3    17.148420   10.846194   17.125116    2.130583    0.00067946   0.8937   0.3834  5+[10, 5, 3]
 340    3    17.278004   10.970636   17.249559    2.136468    0.00082317   0.9910   0.3522  5-[15,12, 3]
 341    3    17.892638  -23.429329  -17.150406    2.164160    0.97925874   5.1000   0.4429  5+[ 6, 4, 2]
 342    3    18.140109   11.555201   17.834124    2.175210    0.00843394   3.3178   0.3025  5+[10, 4, 2]
 343    3    18.254471   11.583333   17.862256    2.180298    0.01074297   3.7637   0.3357  5+[ 8, 2, 2]
 344    3    18.947028   12.620545   18.899467    2.210858    0.00125510   1.3416   0.3425  5-[13, 9, 2]
 345    3    19.416125   12.763470   19.042392    2.231319    0.00962430   3.7912   0.3733  5-[ 7, 2, 3]
 346    3    19.548022  -24.737870  -18.458947    2.237039    0.97214362   6.4337   0.6337  5+[ 2, 0, 2]
 347    3    19.597887   12.694381   18.973303    2.239197    0.01593497   4.9083   0.3334  5+[16,13, 3]
 348    3    20.310089   14.002711   20.281634    2.269803    0.00070052   1.0747   0.3472  5-[11, 5, 2]
 349    3    20.950089   14.659107   20.938029    2.296957    0.00028781   0.7107   0.3123  5+[ 8, 2, 2]
 350    3    21.229914   14.943927   21.222850    2.308730    0.00016639   0.5476   0.2991  5-[15,12, 3]
 351    3    21.911941   15.627364   21.906286    2.337175    0.00012904   0.4978   0.3347  5+[ 8, 3, 3]
 352    3    22.362165   16.077931   22.356853    2.355764    0.00011875   0.4874   0.2793  5-[ 5, 0, 3]
 353    3    22.472904   16.187166   22.466089    2.360314    0.00015164   0.5534   0.2601  5-[17,14, 3]
 354    3    22.789221   16.504863   22.783786    2.373262    0.00011925   0.4977   0.3121  5+[ 8, 3, 3]
 355    3    23.693546   17.387343   23.666266    2.409896    0.00057569   1.1367   0.3234  5-[ 9, 3, 2]
 356    3    23.887752  -30.124163  -23.845240    2.417691    0.99911018   1.4245   0.5014  5+[ 4, 2, 2]
 357    3    24.018191   17.732869   24.011791    2.422912    0.00013323   0.5544   0.3035  5+[18,15, 3]
 358    3    24.734304   18.449922   24.728844    2.451379    0.00011037   0.5197   0.3507  5-[ 9, 4, 3]
 359    3    25.069504   18.786170   25.065093    2.464591    0.00008798   0.4703   0.3246  5-[19,17, 2]
 360    3    25.341260   19.057813   25.336735    2.475251    0.00008927   0.4788   0.4251  5-[ 5, 0, 3]
 361    3    26.415833   20.129516   26.408439    2.516959    0.00013995   0.6250   0.3401  5-[15,13, 2]
 362    3    26.716273   20.432447   26.711370    2.528497    0.00009177   0.5118   0.3387  5-[11, 4, 3]
 363    3    26.879171   20.595202   26.874124    2.534730    0.00009387   0.5208   0.2875  5+[10, 4, 2]
 364    3    27.175894   20.891359   27.170282    2.546047    0.00010324   0.5522   0.3006  5-[19,16, 3]
 365    3    27.912619   21.629223   27.908146    2.573928    0.00008012   0.4997   0.2584  5+[14, 9, 3]
 366    3    28.128597   21.845980   28.124903    2.582044    0.00006566   0.4558   0.3038  5+[10, 4, 2]
 367    3    29.081263   22.791862   29.070785    2.617546    0.00018016   0.7806   0.3355  5-[ 9, 1, 2]
 368    3    29.403303   23.119979   29.398901    2.629438    0.00007484   0.5087   0.3386  5+[12, 5, 3]
 369    3    29.887396   23.603250   29.882173    2.647215    0.00008737   0.5587   0.3179  5+[12, 5, 3]
 370    3    30.077155   23.794219   30.073141    2.654150    0.00006672   0.4913   0.3354  5-[15,10, 3]
 371    3    31.151796   24.867768   31.146690    2.693091    0.00008194   0.5640   0.2641  5+[20,17, 3]
 372    3    31.325882   25.041172   31.320095    2.699347    0.00009237   0.6021   0.2872  5-[11, 5, 2]
 373    3    31.670291   25.386814   31.665737    2.711680    0.00007190   0.5371   0.4127  5-[21,19, 2]
 374    3    32.021753   25.736337   32.015260    2.724208    0.00010139   0.6448   0.4562  5+[ 8, 0, 2]
 375    3    32.629211   26.345252   32.624175    2.745726    0.00007718   0.5733   0.2842  5-[13, 6, 3]
 376    3    33.199744   26.917711   33.196633    2.765784    0.00004684   0.4544   0.3383  5+[12, 7, 3]
 377    3    33.532537   27.248579   33.527501    2.777417    0.00007509   0.5811   0.3436  5-[13,10, 3]
 378    3    34.021471   27.737322   34.016244    2.794420    0.00007682   0.5964   0.3391  5+[10, 2, 2]
 379    3    34.245895   27.963703   34.242626    2.802190    0.00004773   0.4732   0.3279  5+[12, 8, 2]
 380    3    34.804934   28.521405   34.800328    2.821452    0.00006616   0.5662   0.3623  5+[22,20, 2]
 381    3    35.173129   28.891170   35.170093    2.834066    0.00004316   0.4622   0.2646  5+[12, 6, 2]
 382    3    35.966867   29.682863   35.961785    2.861072    0.00007065   0.6046   0.4309  5-[13, 5, 2]
 383    3    36.305259   30.022648   36.301570    2.872507    0.00005080   0.5175   0.3367  5+[14, 7, 3]
 384    3    37.022626   30.739897   37.018819    2.896601    0.00005142   0.5309   0.2925  5+[14, 7, 3]
 385    3    37.393274   31.110801   37.389724    2.908972    0.00004746   0.5152   0.2849  5-[13, 8, 3]
 386    3    38.273980   31.991017   38.269939    2.938157    0.00005279   0.5562   0.5113  5+[14, 6, 2]
 387    3    38.364765   32.081634   38.360556    2.941149    0.00005485   0.5683   0.3462  5+[14,11, 3]
 388    3    38.947802   32.666339   38.945262    2.960292    0.00003261   0.4448   0.3984  5-[17,11, 2]
 389    3    39.265060   32.981871   39.260794    2.970657    0.00005432   0.5788   0.5129  5-[ 7, 0, 3]
 390    3    40.134647   33.852029   40.130951    2.998883    0.00004604   0.5446   0.3082  5-[15,12, 3]
 391    3    40.816433   34.534585   40.813508    3.020828    0.00003583   0.4886   0.3265  5-[15, 8, 3]
 392    3    41.497243   35.214058   41.492980    3.042585    0.00005135   0.5947   0.2870  5-[15, 7, 2]
 393    3    41.998125   35.715560   41.994482    3.058492    0.00004337   0.5532   0.4508  5-[15, 7, 2]
 394    3    42.478726   36.196083   42.475006    3.073678    0.00004378   0.5621   0.4693  5+[ 8, 1, 3]
 395    3    42.823320   36.541718   42.820641    3.084521    0.00003128   0.4790   0.3294  5+[14, 8, 2]
 396    3    43.403653   37.121680   43.400603    3.102695    0.00003514   0.5146   0.4178  5+[20,16, 2]
 397    3    43.549461   37.267503   43.546426    3.107244    0.00003485   0.5142   0.3958  5+[16, 9, 3]
 398    3    45.241925   38.960229   45.239152    3.159574    0.00003064   0.5009   0.3386  5-[15,10, 3]
 399    3    45.663368   39.379902   45.658825    3.172470    0.00004975   0.6441   0.4156  5-[21,19, 2]
 400    3    45.905896   39.622413   45.901335    3.179868    0.00004967   0.6470   0.4146  5-[21,19, 2]
 401    3    46.465449   40.183258   46.462181    3.196871    0.00003517   0.5511   0.3943  5-[21,17, 2]
 402    3    46.579648   40.297762   46.576684    3.200330    0.00003181   0.5254   0.4089  5+[12, 4, 2]
 403    3    46.896578   40.614651   46.893574    3.209910    0.00003203   0.5308   0.3700  5-[15, 9, 2]
 404    3    47.444708   41.163454   47.442377    3.226411    0.00002457   0.4703   0.3560  5-[19,14, 3]
 405    3    47.913767   41.629670   47.908593    3.240465    0.00005399   0.7041   0.4608  5+[22,19, 3]
 406    3    49.286909   43.004553   49.283476    3.281262    0.00003482   0.5817   0.4038  5+[14, 5, 3]
 407    3    50.129819   43.847435   50.126358    3.306056    0.00003452   0.5890   0.4138  5+[12, 3, 3]
 408    3    50.341265   44.058874   50.337796    3.312247    0.00003445   0.5910   0.5853  5+[10, 0, 2]
 409    3    50.527775   44.244011   50.522934    3.317698    0.00004791   0.6994   0.4618  5+[18,15, 3]
 410    3    52.347236   46.063892   52.342814    3.370410    0.00004223   0.6803   0.5081  5-[23,20, 3]
 411    3    52.356150   46.073918   52.352841    3.370666    0.00003160   0.5886   0.5300  5-[11, 2, 3]
 412    3    52.760301   46.477410   52.756332    3.382263    0.00003761   0.6471   0.5406  5+[10, 0, 2]
 413    3    54.939886   48.658593   54.937515    3.444129    0.00002157   0.5103   0.4596  5+[18,12, 2]
 414    3    55.387025   49.105104   55.384027    3.456684    0.00002707   0.5763   0.4988  5-[15, 7, 2]
 415    3    56.365104   50.083180   56.362102    3.483990    0.00002663   0.5817   0.4663  5+[12, 2, 2]
 416    3    56.975227   50.693406   56.972328    3.500915    0.00002544   0.5748   0.4843  5+[12, 2, 2]
 417    3    57.489257   51.207984   57.486907    3.515111    0.00002044   0.5198   0.3602  5-[17,10, 3]
 418    3    58.129450   51.847772   58.126695    3.532712    0.00002369   0.5659   0.4448  5+[20,16, 2]
 419    3    59.674868   53.392511   59.671434    3.574842    0.00002877   0.6402   0.6435  5-[13, 3, 2]
 420    3    60.248447   53.966644   60.245567    3.590353    0.00002390   0.5891   0.4059  5+[14, 5, 3]
 421    3    60.568633   54.286904   60.565827    3.598983    0.00002317   0.5831   0.3193  5-[19,15, 2]
 422    3    61.367837   55.085993   61.364916    3.620433    0.00002380   0.5988   0.3915  5-[19,13, 2]
 423    3    61.958606   55.676298   61.955221    3.636208    0.00002732   0.6476   0.3913  5-[19,13, 2]
 424    3    62.733997   56.451498   62.730421    3.656808    0.00002850   0.6699   0.6839  5-[11, 0, 3]
 425    3    63.793628   57.511778   63.790701    3.684775    0.00002294   0.6111   0.3759  5-[15, 6, 3]
 426    3    64.890978   58.609171   64.888094    3.713515    0.00002223   0.6118   0.3253  5-[15, 6, 3]
 427    3    65.909118   59.627135   65.906057    3.739983    0.00002322   0.6351   0.4924  5+[12, 1, 3]
 428    3    66.253311   59.971037   66.249959    3.748889    0.00002530   0.6664   0.4545  5+[12, 1, 3]
 429    4     0.832663   -6.295738   -0.016816    1.173871    0.51009748   0.8325   0.3857  7+[10, 7, 3]
 430    4     2.362712   -8.466592   -2.187670    1.294002    0.96295742   0.8925   0.5835  7+[ 4, 1, 3]
 431    4     3.088113   -3.324222    2.954700    1.347219    0.02160100   0.8979   0.5330  7-[11, 8, 3]
 432    4     4.982342  -11.183430   -4.904507    1.477170    0.99218890   0.8772   0.6245  7-[ 3, 0, 3]
 433    4     5.689329   -0.628397    5.650526    1.522833    0.00341022   0.6633   0.4991  7+[ 6, 2, 4]
 434    4     6.299871   -0.080833    6.198090    1.561193    0.00807799   1.1279   0.5351  7+[12, 9, 3]
 435    4     6.662256  -12.829589   -6.550667    1.583521    0.99162528   1.2143   0.4319  7-[ 7, 4, 3]
 436    4     9.173290  -15.408912   -9.129990    1.730344    0.99763986   0.8902   0.5892  7-[ 3, 0, 3]
 437    4     9.673678    3.368494    9.647417    1.758137    0.00135735   0.7123   0.4018  7-[ 9, 6, 3]
 438    4     9.955489    3.656710    9.935633    1.773598    0.00099726   0.6285   0.3631  7-[ 7, 2, 3]
 439    4    10.664942    4.365080   10.644003    1.811938    0.00098167   0.6680   0.5451  7+[ 4, 0, 4]
 440    4    12.843920    6.549789   12.828712    1.924922    0.00059205   0.6249   0.5197  7-[ 5, 0, 3]
 441    4    12.896253    6.603057   12.881980    1.927555    0.00055337   0.6066   0.4118  7-[ 5, 0, 3]
 442    4    13.400028    7.077430   13.356353    1.952711    0.00162966   1.0810   0.5199  7+[14,11, 3]
 443    4    13.727236  -19.952419  -13.673497    1.968878    0.99804259   1.2135   0.5036  7-[ 5, 2, 3]
 444    4    13.743926    7.451384   13.730306    1.969699    0.00049549   0.6117   0.4717  7+[ 6, 1, 3]
 445    4    14.476255    8.184598   14.463520    2.005396    0.00043984   0.6071   0.5704  7+[ 4, 0, 4]
 446    4    15.387090    9.101682   15.380605    2.048927    0.00021073   0.4467   0.4733  7+[10, 5, 3]
 447    4    16.475856   10.188862   16.467785    2.099778    0.00024493   0.5156   0.4698  7-[ 5, 1, 4]
 448    4    16.626618   10.338341   16.617264    2.106722    0.00028131   0.5577   0.4484  7-[15,12, 3]
 449    4    17.541376   11.252551   17.531473    2.148378    0.00028226   0.5893   0.3926  7-[11, 6, 3]
 450    4    18.210677   11.927056   18.205979    2.178351    0.00012898   0.4136   0.4072  7+[ 8, 2, 4]
 451    4    18.677263   12.391402   18.670325    2.199005    0.00018574   0.5090   0.4209  7-[ 7, 3, 4]
 452    4    18.795736   12.511326   18.790248    2.204218    0.00014598   0.4542   0.3853  7+[16,13, 3]
 453    4    19.983457   13.698079   19.977001    2.255818    0.00016151   0.5079   0.4134  7+[ 8, 1, 3]
 454    4    20.424972   14.138409   20.417331    2.274701    0.00018704   0.5586   0.3667  7+[14,10, 4]
 455    4    20.707062   14.423241   20.702164    2.286684    0.00011827   0.4504   0.3391  7+[ 8, 3, 3]
 456    4    20.812299   14.526612   20.805535    2.291138    0.00016250   0.5306   0.4223  7+[ 6, 0, 4]
 457    4    21.036172   14.750956   21.029879    2.300585    0.00014958   0.5145   0.3863  7-[17,14, 3]
 458    4    22.247774   15.963353   22.242276    2.351055    0.00012357   0.4946   0.4272  7+[ 8, 2, 4]
 459    4    22.631282   16.346939   22.625862    2.366806    0.00011974   0.4953   0.3401  7-[ 7, 0, 3]
 460    4    23.006106   16.721974   23.000897    2.382099    0.00011322   0.4896   0.2953  7-[15,11, 4]
 461    4    23.269477   16.986219   23.265142    2.392787    0.00009315   0.4491   0.3579  7-[17,14, 3]
 462    4    23.628932   17.342830   23.621753    2.407297    0.00015191   0.5824   0.2947  7+[18,15, 3]
 463    4    24.205127   17.920657   24.199580    2.430375    0.00011458   0.5182   0.3391  7-[11, 5, 4]
 464    4    24.497316   18.213790   24.492713    2.441995    0.00009395   0.4749   0.4482  7-[11, 4, 3]
 465    4    25.297229   19.013297   25.292219    2.473527    0.00009901   0.5034   0.3050  7+[ 8, 2, 4]
 466    4    25.763603   19.480805   25.759728    2.491727    0.00007521   0.4468   0.3936  7+[10, 5, 3]
 467    4    26.411050   20.127768   26.406691    2.516774    0.00008252   0.4798   0.3563  7+[16,12, 4]
 468    4    26.732875   20.449927   26.728850    2.529133    0.00007528   0.4639   0.4984  7+[12, 5, 3]
 469    4    27.380381   21.094071   27.372993    2.553816    0.00013491   0.6360   0.3272  7-[15,12, 3]
 470    4    27.930715   21.646439   27.925362    2.574609    0.00009583   0.5468   0.2797  7-[17,13, 4]
 471    4    28.061941   21.780428   28.059350    2.579542    0.00004617   0.3813   0.3876  7-[11, 6, 3]
 472    4    28.813192   22.529784   28.808706    2.607605    0.00007785   0.5084   0.4012  7-[13, 7, 4]
 473    4    29.524157   23.241776   29.520698    2.633887    0.00005858   0.4519   0.4678  7-[13, 6, 3]
 474    4    31.025975   24.742294   31.021217    2.688561    0.00007668   0.5434   0.2954  7+[10, 6, 4]
 475    4    31.094366   24.812368   31.091290    2.691025    0.00004946   0.4374   0.3303  7+[10, 4, 4]
 476    4    31.541489   25.258893   31.537816    2.707074    0.00005823   0.4814   0.3801  7+[20,17, 3]
 477    4    32.159745   25.875248   32.154170    2.729111    0.00008667   0.5988   0.2936  7+[16,13, 3]
 478    4    32.441921   26.159115   32.438037    2.739110    0.00005986   0.5020   0.3184  7+[18,14, 4]
 479    4    32.915216   26.632691   32.911614    2.755799    0.00005472   0.4870   0.3930  7+[14, 7, 3]
 480    4    33.834462   27.552175   33.831098    2.787929    0.00004972   0.4771   0.2780  7-[21,18, 3]
 481    4    33.999937   27.718449   33.997372    2.793673    0.00003773   0.4177   0.3827  7-[13, 8, 3]
 482    4    34.929084   28.646427   34.925349    2.825712    0.00005346   0.5108   0.4039  7-[19,15, 4]
 483    4    35.161944   28.879028   35.157951    2.833684    0.00005678   0.5299   0.3987  7-[11, 5, 4]
 484    4    36.093444   29.810292   36.089214    2.865355    0.00005859   0.5526   0.3332  7+[ 6, 0, 4]
 485    4    36.625070   30.341579   36.620502    2.883274    0.00006237   0.5785   0.3549  7-[ 7, 0, 3]
 486    4    36.983328   30.700079   36.979002    2.895287    0.00005849   0.5657   0.2921  7-[15, 8, 3]
 487    4    37.598714   31.317256   37.596179    2.915806    0.00003371   0.4366   0.4307  7+[18,13, 3]
 488    4    38.185492   31.902681   38.181603    2.935238    0.00005092   0.5450   0.3288  7-[ 7, 1, 4]
 489    4    38.381593   32.099183   38.378106    2.941703    0.00004542   0.5173   0.2510  7+[18,14, 4]
 490    4    38.907151   32.625118   38.904041    2.958962    0.00003997   0.4919   0.4649  7+[12, 6, 4]
 491    4    39.382828   33.100272   39.379195    2.974495    0.00004613   0.5349   0.4012  7+[ 8, 1, 3]
 492    4    40.066417   33.783827   40.062750    2.996678    0.00004576   0.5421   0.3481  7+[12, 5, 3]
 493    4    40.242705   33.959684   40.238607    3.002372    0.00005092   0.5743   0.3577  7-[13, 5, 4]
 494    4    41.064865   34.782427   41.061350    3.028785    0.00004280   0.5373   0.3300  7+[18,15, 3]
 495    4    41.250187   34.967021   41.245944    3.034708    0.00005143   0.5916   0.2812  7-[23,20, 3]
 496    4    41.788204   35.505665   41.784588    3.051835    0.00004327   0.5498   0.3232  7-[13, 4, 3]
 497    4    42.105704   35.823790   42.102713    3.061898    0.00003552   0.5019   0.3977  7-[13, 7, 4]
 498    4    42.607499   36.325758   42.604681    3.077734    0.00003307   0.4900   0.4180  7-[13, 4, 3]
 499    4    43.105523   36.823312   43.102235    3.093372    0.00003814   0.5324   0.4419  7+[14, 6, 4]
 500    4    43.951830   37.669326   43.948248    3.119765    0.00004075   0.5611   0.2867  7-[15,11, 4]
 501    4    45.090488   38.808605   45.087528    3.154927    0.00003283   0.5167   0.4206  7-[19,16, 3]
 502    4    45.633931   39.351115   45.630038    3.171571    0.00004265   0.5960   0.5024  7+[12, 3, 3]
 503    4    46.159585   39.878003   46.156926    3.187588    0.00002881   0.4955   0.3606  7-[15, 7, 4]
 504    4    46.513285   40.231461   46.510384    3.198320    0.00003118   0.5195   0.3743  7-[15, 7, 4]
 505    4    47.642464   41.360971   47.639894    3.232344    0.00002697   0.4948   0.4372  7+[18,12, 4]
 506    4    48.118649   41.836049   48.114972    3.246585    0.00003821   0.5948   0.5186  7+[20,16, 4]
 507    4    48.727061   42.444777   48.723699    3.264690    0.00003450   0.5724   0.5771  7-[11, 2, 3]
 508    4    50.065226   43.783235   50.062158    3.304163    0.00003064   0.5543   0.5087  7+[16, 8, 4]
 509    4    50.725176   44.442906   50.721828    3.323457    0.00003299   0.5827   0.5340  7-[19,13, 4]
 510    4    51.113046   44.831055   51.109978    3.334745    0.00003001   0.5600   0.4923  7-[21,17, 4]
 511    4    52.426889   46.145069   52.423991    3.372699    0.00002763   0.5512   0.5311  7+[16, 9, 3]
 512    4    53.119262   46.836917   53.115839    3.392529    0.00003222   0.6030   0.4602  7-[11, 1, 4]
 513    4    54.727783   48.446683   54.725606    3.438158    0.00001989   0.4882   0.5523  7-[17,10, 3]
 514    4    55.523207   49.239567   55.518489    3.460499    0.00004248   0.7238   0.5909  7+[22,19, 3]
 515    4    56.661681   50.379560   56.658483    3.492227    0.00002822   0.6020   0.6045  7+[14, 5, 3]
 516    4    57.012236   50.729739   57.008661    3.501939    0.00003135   0.6384   0.5733  7+[10, 0, 4]
 517    4    58.559666   52.277277   58.556200    3.544490    0.00002960   0.6372   0.3388  7-[23,20, 3]
 518    4    58.592126   52.310768   58.589690    3.545377    0.00002078   0.5342   0.3577  7-[19,14, 3]
 519    4    58.912582   52.629894   58.908817    3.554124    0.00003196   0.6661   0.6620  7-[11, 0, 3]
 520    4    59.093478   52.811386   59.090308    3.559051    0.00002682   0.6121   0.4340  7-[23,20, 3]
 521    4    59.918731   53.636762   59.915685    3.581445    0.00002542   0.6042   0.4080  7+[12, 2, 4]
 522    4    60.534031   54.251777   60.530700    3.598051    0.00002751   0.6350   0.5116  7-[15, 6, 3]
 523    4    61.573275   55.291463   61.570386    3.625926    0.00002347   0.5965   0.3814  7+[12, 2, 4]
 524    4    61.708932   55.426543   61.705465    3.629549    0.00002809   0.6541   0.6914  7+[12, 1, 3]
 525    4    62.383403   56.102009   62.380932    3.647508    0.00001981   0.5553   0.4026  7+[18,13, 3]
 526    4    63.697706   57.416146   63.695069    3.682252    0.00002070   0.5796   0.4346  7-[13, 3, 4]
 527    4    64.877064   58.594899   64.873822    3.713152    0.00002499   0.6486   0.3753  7-[13, 3, 4]
 528    5     1.494845   -4.992255    1.286668    1.227306    0.06963164   0.7610   0.5281  9+[ 4, 0, 4]
 529    5     3.550660   -9.756323   -3.477400    1.380081    0.98968370   0.7175   0.5030  9+[ 6, 2, 4]
 530    5     4.626002   -1.725061    4.553862    1.453612    0.00779727   0.8138   0.4246  9+[ 8, 4, 4]
 531    5     5.793113   -0.540634    5.738289    1.529422    0.00473188   0.7951   0.6189  9+[ 4, 0, 4]
 532    5     8.861445    2.547586    8.826508    1.712794    0.00197129   0.7861   0.6297  9-[ 5, 1, 4]
 533    5    10.802216    4.494570   10.773492    1.819263    0.00132950   0.7872   0.5477  9-[11, 7, 4]
 534    5    13.733230    7.433855   13.712778    1.969173    0.00074463   0.7492   0.5632  9+[12, 8, 4]
 535    5    15.794864    9.508306   15.787229    2.068119    0.00024169   0.4910   0.4582  9-[ 7, 2, 5]
 536    5    16.485694   10.202175   16.481098    2.100232    0.00013939   0.3892   0.4647  9+[ 6, 0, 4]
 537    5    16.836918   10.542751   16.821673    2.116371    0.00045271   0.7163   0.5699  9-[13, 9, 4]
 538    5    18.056098   11.772907   18.051830    2.171465    0.00011819   0.3926   0.5650  9+[ 6, 0, 4]
 539    5    18.768998   12.486846   18.765769    2.203042    0.00008603   0.3482   0.6038  9-[ 5, 0, 5]
 540    5    19.384750   13.101166   19.380089    2.229957    0.00012022   0.4251   0.3975  9+[10, 4, 4]
 541    5    19.896976   13.614823   19.893746    2.252101    0.00008116   0.3585   0.4648  9+[ 6, 1, 5]
 542    5    20.173997   13.885376   20.164299    2.263986    0.00024037   0.6255   0.5123  9+[14,10, 4]
 543    5    21.045276   14.762362   21.041285    2.300969    0.00009482   0.4098   0.4323  9-[11, 5, 4]
 544    5    21.505003   15.222741   21.501664    2.320245    0.00007764   0.3790   0.4787  9+[10, 5, 5]
 545    5    22.766326   16.482878   22.761801    2.372327    0.00009938   0.4539   0.3678  9+[14, 8, 4]
 546    5    22.820228   16.536516   22.815439    2.374527    0.00010494   0.4675   0.4004  9-[15,11, 4]
 547    5    23.131373   16.848495   23.127417    2.387188    0.00008549   0.4277   0.4108  9-[ 7, 2, 5]
 548    5    25.009441   18.724953   25.003876    2.462229    0.00011126   0.5276   0.3272  9-[ 5, 0, 5]
 549    5    25.540004   19.257514   25.536437    2.483017    0.00006982   0.4268   0.3939  9+[16,12, 4]
 550    5    25.553379   19.269067   25.547990    2.483539    0.00010546   0.5248   0.3189  9+[16,12, 4]
 551    5    26.072510   19.790162   26.069084    2.503709    0.00006570   0.4227   0.4264  9+[ 8, 3, 5]
 552    5    27.326851   21.044554   27.323477    2.551784    0.00006174   0.4294   0.4047  9-[17,13, 4]
 553    5    27.926937   21.644261   27.923184    2.574467    0.00006719   0.4578   0.3528  9+[10, 3, 5]
 554    5    28.068299   21.785583   28.064506    2.579781    0.00006757   0.4614   0.4254  9+[10, 2, 4]
 555    5    28.419912   22.136392   28.415315    2.592952    0.00008088   0.5112   0.4260  9-[ 5, 0, 5]
 556    5    29.141265   22.857593   29.136516    2.619766    0.00008149   0.5261   0.4006  9+[10, 4, 4]
 557    5    29.767835   23.485368   29.764291    2.642835    0.00005953   0.4593   0.4508  9-[11, 4, 5]
 558    5    30.685051   24.402349   30.681271    2.676248    0.00006159   0.4816   0.3625  9+[18,14, 4]
 559    5    31.299504   25.015852   31.294775    2.698400    0.00007554   0.5441   0.3605  9+[18,14, 4]
 560    5    31.724957   25.442275   31.721198    2.713632    0.00005925   0.4884   0.4034  9+[ 8, 0, 4]
 561    5    32.190715   25.906736   32.185658    2.730210    0.00007854   0.5705   0.4114  9+[12, 5, 5]
 562    5    32.644861   26.363440   32.642363    2.746278    0.00003826   0.4038   0.3586  9-[11, 5, 4]
 563    5    33.264018   26.981859   33.260782    2.768034    0.00004864   0.4640   0.2778  9-[ 9, 4, 5]
 564    5    33.831207   27.548665   33.827588    2.787816    0.00005349   0.4948   0.4898  9+[12, 4, 4]
 565    5    34.206764   27.923159   34.202082    2.800837    0.00006844   0.5660   0.4124  9-[19,15, 4]
 566    5    35.057418   28.774801   35.053723    2.830108    0.00005270   0.5090   0.4427  9-[13, 6, 5]
 567    5    35.510406   29.228227   35.507149    2.845573    0.00004585   0.4809   0.4273  9-[13, 5, 4]
 568    5    36.085050   29.803430   36.082352    2.865071    0.00003737   0.4412   0.4166  9+[12, 6, 4]
 569    5    36.218535   29.937574   36.216497    2.869581    0.00002813   0.3842   0.4262  9+[18,13, 5]
 570    5    37.584106   31.302330   37.581253    2.915321    0.00003797   0.4632   0.5039  9+[14, 6, 4]
 571    5    38.580199   32.297715   38.576638    2.948237    0.00004615   0.5242   0.3282  9+[10, 3, 5]
 572    5    38.788949   32.507175   38.786097    2.955089    0.00003676   0.4704   0.3480  9-[17,11, 4]
 573    5    39.413816   33.130608   39.409531    2.975504    0.00005437   0.5812   0.4361  9+[16,12, 4]
 574    5    39.985381   33.703291   39.982214    2.994057    0.00003961   0.5033   0.3224  9-[13, 8, 5]
 575    5    41.077264   34.794666   41.073589    3.029182    0.00004473   0.5494   0.3424  9-[ 7, 0, 5]
 576    5    41.466992   35.185283   41.464205    3.041621    0.00003360   0.4807   0.5158  9-[15, 7, 4]
 577    5    41.601390   35.318381   41.597304    3.045899    0.00004911   0.5831   0.4135  9-[ 7, 0, 5]
 578    5    42.933373   36.651485   42.930408    3.087975    0.00003453   0.5046   0.3899  9-[17,13, 4]
 579    5    43.542930   37.261161   43.540084    3.107041    0.00003269   0.4979   0.3671  9+[14, 9, 5]
 580    5    43.939384   37.657808   43.936730    3.119378    0.00003019   0.4829   0.4572  9+[14, 8, 4]
 581    5    44.420315   38.137206   44.416128    3.134280    0.00004712   0.6098   0.4832  9+[ 8, 1, 5]
 582    5    45.303397   39.021829   45.300752    3.161458    0.00002919   0.4896   0.4751  9+[16, 8, 4]
 583    5    46.101411   39.818409   46.097331    3.185819    0.00004425   0.6133   0.4346  9+[16, 9, 5]
 584    5    46.569510   40.289058   46.567981    3.200023    0.00001642   0.3774   0.5445  9-[19,13, 4]
 585    5    47.335866   41.053694   47.332616    3.223141    0.00003432   0.5546   0.4387  9-[13, 4, 5]
 586    5    48.089863   41.807514   48.086437    3.245726    0.00003562   0.5740   0.4859  9+[10, 0, 4]
 587    5    48.381593   42.099527   48.378449    3.254422    0.00003248   0.5515   0.3633  9-[15, 8, 5]
 588    5    49.826413   43.544920   49.823843    3.297153    0.00002579   0.5061   0.4503  9-[13, 8, 5]
 589    5    51.062155   44.779722   51.058644    3.333266    0.00003438   0.5988   0.5661  9+[10, 0, 4]
 590    5    51.903937   45.621775   51.900697    3.357643    0.00003121   0.5799   0.3853  9+[20,15, 5]
 591    5    52.576596   46.293693   52.572616    3.376996    0.00003785   0.6469   0.4248  9+[12, 3, 5]
 592    5    53.194403   46.912642   53.191565    3.394674    0.00002668   0.5495   0.5006  9-[15, 7, 4]
 593    5    54.081904   47.799792   54.078714    3.419909    0.00002948   0.5873   0.4738  9+[20,16, 4]
 594    5    54.622712   48.340731   54.619653    3.435196    0.00002800   0.5781   0.4361  9+[12, 2, 4]
 595    5    54.914133   48.632147   54.911069    3.443405    0.00002790   0.5801   0.4491  9+[12, 2, 4]
 596    5    55.880373   49.599125   55.878047    3.470484    0.00002081   0.5098   0.3984  9+[18,12, 4]
 597    5    57.427448   51.144874   57.423796    3.513407    0.00003179   0.6476   0.5581  9-[21,17, 4]
 598    5    57.543049   51.260954   57.539877    3.516593    0.00002756   0.6042   0.5556  9-[13, 3, 4]
 599    5    58.562517   52.280420   58.559343    3.544568    0.00002710   0.6097   0.3965  9+[16, 9, 5]
 600    5    59.823095   53.541594   59.820517    3.578857    0.00002155   0.5554   0.3874  9-[19,13, 4]
 601    5    60.343935   54.062493   60.341416    3.592929    0.00002087   0.5513   0.3562  9-[17,10, 5]
 602    5    61.817187   55.536390   61.815313    3.632438    0.00001516   0.4814   0.4304  9-[19,13, 4]
 603    5    64.130469   57.847713   64.126635    3.693621    0.00002989   0.7012   0.5150  9+[14, 5, 5]
 604    5    64.457796   58.175569   64.454492    3.702197    0.00002563   0.6526   0.6292  9-[11, 0, 5]
 605    6     6.830306    0.520309    6.799232    1.593770    0.00227470   0.6508   0.5007 11-[ 7, 2, 5]
 606    6    11.607835    5.308101   11.587024    1.861671    0.00089643   0.6948   0.5390 11-[ 5, 0, 5]
 607    6    15.220688    8.926562   15.205485    2.041044    0.00049943   0.6801   0.4348 11-[11, 6, 5]
 608    6    16.080355    9.787231   16.066154    2.081450    0.00044157   0.6757   0.6048 11-[ 5, 0, 5]
 609    6    18.829992   12.542824   18.821747    2.205723    0.00021894   0.5572   0.5982 11+[ 6, 1, 5]
 610    6    20.926152   14.641893   20.920815    2.295948    0.00012752   0.4726   0.5066 11-[ 7, 0, 5]
 611    6    21.270336   14.983562   21.262485    2.310426    0.00018456   0.5779   0.4253 11+[12, 7, 5]
 612    6    22.697831   16.412832   22.691755    2.369528    0.00013386   0.5252   0.5283 11+[ 8, 1, 5]
 613    6    23.157408   16.876482   23.155405    2.388245    0.00004324   0.3045   0.4018 11+[ 6, 0, 6]
 614    6    23.770419   17.485908   23.764831    2.412984    0.00011754   0.5154   0.4429 11-[13, 8, 5]
 615    6    24.848740   18.567845   24.846768    2.455898    0.00003969   0.3131   0.4629 11+[ 6, 0, 6]
 616    6    25.029623   18.746694   25.025617    2.463023    0.00008002   0.4478   0.4076 11-[11, 4, 5]
 617    6    26.042416   19.759005   26.037928    2.502544    0.00008618   0.4835   0.4322 11+[14, 9, 5]
 618    6    26.477539   20.197161   26.476084    2.519333    0.00002749   0.2776   0.4149 11+[10, 4, 6]
 619    6    27.015131   20.731750   27.010673    2.539922    0.00008251   0.4908   0.3831 11+[10, 3, 5]
 620    6    28.190340   21.909868   28.188791    2.584360    0.00002748   0.2955   0.4308 11-[11, 5, 6]
 621    6    28.580325   22.297610   28.576533    2.598939    0.00006634   0.4656   0.3887 11-[15,10, 5]
 622    6    29.976306   23.696379   29.975301    2.650467    0.00001675   0.2454   0.4977 11+[12, 6, 6]
 623    6    30.407433   24.124635   30.403557    2.666179    0.00006372   0.4854   0.4814 11-[ 9, 2, 5]
 624    6    30.993890   24.710724   30.989647    2.687405    0.00006846   0.5129   0.4300 11+[16,11, 5]
 625    6    32.381404   26.101106   32.380028    2.736968    0.00002125   0.2985   0.4710 11-[13, 7, 6]
 626    6    33.109615   26.828472   33.107394    2.762625    0.00003354   0.3835   0.3747 11+[10, 3, 5]
 627    6    33.869711   27.586928   33.865850    2.789153    0.00005699   0.5114   0.4251 11+[10, 2, 6]
 628    6    34.260571   27.977095   34.256018    2.802697    0.00006645   0.5586   0.3515 11-[17,12, 5]
 629    6    35.588050   29.307149   35.586071    2.848215    0.00002781   0.3753   0.4797 11+[10, 4, 6]
 630    6    36.392957   30.111463   36.390385    2.875464    0.00003533   0.4326   0.3320 11-[17,12, 5]
 631    6    36.526869   30.245185   36.524107    2.879972    0.00003780   0.4492   0.3359 11-[11, 4, 5]
 632    6    37.488023   31.206242   37.485165    2.912126    0.00003812   0.4629   0.3488 11+[18,13, 5]
 633    6    37.936525   31.654304   37.933226    2.927009    0.00004348   0.5003   0.3286 11+[ 6, 0, 6]
 634    6    38.649946   32.368093   38.647016    2.950528    0.00003791   0.4759   0.3633 11+[ 6, 0, 6]
 635    6    39.044042   32.762408   39.041330    2.963440    0.00003472   0.4601   0.3094 11-[ 9, 0, 5]
 636    6    39.641162   33.359675   39.638597    2.982898    0.00003235   0.4510   0.4617 11+[12, 5, 5]
 637    6    40.625634   34.343762   40.622685    3.014703    0.00003630   0.4895   0.3870 11-[ 7, 1, 6]
 638    6    41.043732   34.762136   41.041059    3.028109    0.00003256   0.4684   0.4419 11-[13, 4, 5]
 639    6    42.093268   35.812455   42.091377    3.061504    0.00002245   0.3989   0.4345 11+[16,10, 6]
 640    6    42.300411   36.019118   42.298041    3.068053    0.00002801   0.4478   0.3511 11-[17,10, 5]
 641    6    42.476481   36.194188   42.473111    3.073607    0.00003967   0.5351   0.3502 11-[13, 5, 6]
 642    6    43.331280   37.049278   43.328201    3.100434    0.00003554   0.5166   0.4983 11-[19,14, 5]
 643    6    44.571055   38.288953   44.567876    3.138936    0.00003566   0.5323   0.4503 11+[12, 3, 5]
 644    6    44.916928   38.636239   44.915161    3.149593    0.00001966   0.3984   0.4717 11-[13, 7, 6]
 645    6    45.122451   38.839946   45.118869    3.155908    0.00003969   0.5685   0.4374 11+[14, 6, 6]
 646    6    46.385268   40.102641   46.381564    3.194440    0.00003993   0.5862   0.5431 11+[20,15, 5]
 647    6    47.418987   41.137345   47.416268    3.225639    0.00002867   0.5078   0.5537 11-[11, 2, 5]
 648    6    48.765288   42.483017   48.761939    3.265824    0.00003434   0.5715   0.5132 11-[15, 7, 6]
 649    6    50.129722   43.849870   50.128793    3.306053    0.00000927   0.3052   0.5141 11+[14, 8, 6]
 650    6    51.073349   44.792403   51.071326    3.333591    0.00001981   0.4546   0.5536 11+[16, 9, 5]
 651    6    52.856609   46.574822   52.853745    3.385020    0.00002709   0.5502   0.4359 11+[12, 4, 6]
 652    6    53.113286   46.833117   53.112039    3.392359    0.00001173   0.3638   0.5015 11-[15, 9, 6]
 653    6    54.846132   48.564811   54.843733    3.441491    0.00002186   0.5129   0.5792 11-[17,10, 5]
 654    6    55.253746   48.971776   55.250698    3.452947    0.00002758   0.5803   0.4665 11+[14, 5, 5]
 655    6    55.593953   49.311450   55.590373    3.462479    0.00003220   0.6309   0.3911 11-[11, 1, 6]
 656    6    57.038647   50.756701   57.035623    3.502669    0.00002651   0.5873   0.5748 11-[11, 0, 5]
 657    6    57.166351   50.884773   57.163696    3.506200    0.00002323   0.5510   0.5161 11-[19,14, 5]
 658    6    58.474819   52.193321   58.472243    3.542170    0.00002203   0.5489   0.5320 11-[15, 6, 5]
 659    6    59.162503   52.879336   59.158259    3.560930    0.00003586   0.7086   0.5552 11+[10, 0, 6]
 660    6    59.986185   53.704350   59.983273    3.583269    0.00002427   0.5910   0.5941 11+[12, 1, 5]
 661    6    60.222627   53.940749   60.219672    3.589657    0.00002453   0.5966   0.4388 11+[20,15, 5]
 662    6    62.017481   55.735086   62.014009    3.637776    0.00002799   0.6562   0.4558 11-[15, 7, 6]
 663    6    62.727511   56.445412   62.724335    3.656637    0.00002532   0.6313   0.4159 11+[12, 2, 6]
 664    6    64.262157   57.979874   64.258797    3.697073    0.00002614   0.6571   0.4105 11+[12, 2, 6]
 665    6    66.153109   59.870002   66.148924    3.746298    0.00003163   0.7441   0.5807 11-[13, 3, 6]
 666    7    16.893143   10.604443   16.883366    2.118944    0.00028939   0.5747   0.5032 13+[ 8, 2, 6]
 667    7    21.438158   15.152142   21.431064    2.317452    0.00016545   0.5515   0.6182 13+[ 6, 0, 6]
 668    7    23.933651   17.651972   23.930895    2.419529    0.00005758   0.3632   0.5016 13-[ 7, 1, 6]
 669    7    25.187821   18.904873   25.183795    2.469238    0.00007992   0.4503   0.4938 13-[11, 5, 6]
 670    7    27.036669   20.754586   27.033508    2.540743    0.00005846   0.4134   0.5512 13+[12, 6, 6]
 671    7    28.105378   21.824908   28.103830    2.581173    0.00002753   0.2949   0.4729 13-[ 7, 0, 7]
 672    7    28.178946   21.898029   28.176951    2.583933    0.00003538   0.3352   0.3993 13-[ 7, 0, 7]
 673    7    29.215047   22.933131   29.212054    2.622493    0.00005122   0.4182   0.5552 13-[13, 7, 6]
 674    7    29.455993   23.176791   29.455713    2.631379    0.00000475   0.1284   0.5836 13+[ 8, 1, 7]
 675    7    31.075465   24.794205   31.073128    2.690344    0.00003760   0.3811   0.3806 13+[14, 8, 6]
 676    7    32.290314   26.010809   32.289732    2.733742    0.00000901   0.1939   0.5162 13-[11, 4, 7]
 677    7    32.562807   26.278975   32.557897    2.743382    0.00007539   0.5654   0.4523 13+[ 8, 0, 6]
 678    7    33.485784   27.202432   33.481354    2.775786    0.00006614   0.5447   0.4642 13+[10, 2, 6]
 679    7    34.241537   27.960215   34.239138    2.802039    0.00003504   0.4054   0.4414 13+[14, 6, 6]
 680    7    34.721560   28.441699   34.720621    2.818587    0.00001351   0.2552   0.4479 13+[10, 3, 7]
 681    7    36.075683   29.792652   36.071575    2.864754    0.00005694   0.5444   0.5143 13-[ 9, 1, 6]
 682    7    36.801298   30.520528   36.799451    2.889189    0.00002510   0.3688   0.4010 13-[13, 5, 6]
 683    7    37.331331   31.051473   37.330396    2.906908    0.00001253   0.2643   0.4969 13-[ 9, 2, 7]
 684    7    38.598510   32.316279   38.595202    2.948839    0.00004286   0.5054   0.3902 13+[10, 2, 6]
 685    7    40.330259   34.050092   40.329015    3.005196    0.00001542   0.3168   0.3700 13+[14, 7, 7]
 686    7    41.013857   34.732816   41.011739    3.027153    0.00002583   0.4168   0.3517 13-[11, 3, 6]
 687    7    41.445933   35.164451   41.443374    3.040950    0.00003087   0.4606   0.3738 13-[17,11, 6]
 688    7    42.989685   36.709496   42.988419    3.089742    0.00001473   0.3300   0.4713 13-[15, 8, 7]
 689    7    43.717541   37.436897   43.715819    3.112481    0.00001969   0.3880   0.4475 13-[ 7, 0, 7]
 690    7    44.116965   37.835617   44.114540    3.124889    0.00002748   0.4625   0.5689 13+[12, 4, 6]
 691    7    46.290967   40.010562   46.289484    3.191579    0.00001602   0.3705   0.4246 13-[ 7, 0, 7]
 692    7    46.578933   40.298166   46.577089    3.200308    0.00001980   0.4145   0.4945 13+[18,12, 6]
 693    7    46.803305   40.521529   46.800452    3.207093    0.00003048   0.5168   0.5501 13+[10, 0, 6]
 694    7    47.592730   41.312960   47.591882    3.230853    0.00000891   0.2841   0.5057 13+[16, 9, 7]
 695    7    49.073713   42.792648   49.071571    3.274961    0.00002183   0.4585   0.3336 13-[15, 6, 7]
 696    7    49.372005   43.091102   49.370024    3.283774    0.00002006   0.4423   0.4254 13-[19,13, 6]
 697    7    49.650001   43.368390   49.647312    3.291965    0.00002708   0.5167   0.4616 13+[10, 0, 6]
 698    7    50.230789   43.950729   50.229652    3.309014    0.00001132   0.3379   0.4589 13-[17,10, 7]
 699    7    51.476091   45.194287   51.473209    3.345275    0.00002799   0.5447   0.6137 13-[15, 7, 6]
 700    7    52.978182   46.696303   52.975225    3.388498    0.00002791   0.5597   0.6308 13+[12, 2, 6]
 701    7    54.196603   47.914436   54.193358    3.423157    0.00002993   0.5930   0.4329 13+[14, 5, 7]
 702    7    54.920913   48.639416   54.918338    3.443596    0.00002344   0.5318   0.5518 13+[16, 8, 6]
 703    7    55.830967   49.549202   55.828125    3.469105    0.00002545   0.5633   0.4784 13-[13, 3, 6]
 704    7    56.495323   50.213411   56.492334    3.487609    0.00002646   0.5812   0.4381 13-[15, 6, 7]
 705    7    59.330988   53.050448   59.329371    3.565511    0.00001363   0.4381   0.5346 13+[18,12, 6]
 706    7    61.201053   54.920340   61.199262    3.615967    0.00001463   0.4682   0.4855 13+[16, 9, 7]
 707    7    62.287698   56.007210   62.286133    3.644965    0.00001257   0.4416   0.4538 13-[17,10, 7]
 708    7    64.019773   57.739117   64.018040    3.690716    0.00001354   0.4711   0.4612 13-[17,11, 6]
 709    7    65.869498   59.587334   65.866256    3.738957    0.00002461   0.6535   0.5292 13-[11, 0, 7]
 710    7    66.202862   59.921207   66.200130    3.747585    0.00002063   0.6014   0.4211 13-[11, 0, 7]
 711    8    26.149614   19.867898   26.146820    2.506690    0.00005342   0.3822   0.4916 15+[ 8, 1, 7]
 712    8    28.217253   21.937263   28.216185    2.585369    0.00001892   0.2454   0.5686 15-[ 7, 0, 7]
 713    8    29.945729   23.665450   29.944373    2.649349    0.00002265   0.2850   0.5039 15+[ 8, 1, 7]
 714    8    32.885767   26.605629   32.884551    2.754764    0.00001848   0.2828   0.5628 15+[12, 5, 7]
 715    8    33.879729   27.598541   33.877464    2.789501    0.00003343   0.3918   0.4997 15-[13, 6, 7]
 716    8    36.079663   29.800555   36.079478    2.864889    0.00000257   0.1156   0.6445 15+[ 8, 0, 8]
 717    8    36.561313   30.280345   36.559268    2.881131    0.00002796   0.3867   0.5423 15-[11, 2, 7]
 718    8    37.250819   30.971792   37.250715    2.904224    0.00000140   0.0880   0.5822 15-[ 9, 1, 8]
 719    8    37.810686   31.529586   37.808508    2.922841    0.00002880   0.4058   0.5363 15+[14, 7, 7]
 720    8    38.944074   32.663341   38.942264    2.960170    0.00002324   0.3755   0.4713 15+[12, 3, 7]
 721    8    39.941682   33.662513   39.941435    2.992642    0.00000309   0.1404   0.6761 15+[10, 2, 8]
 722    8    41.047547   34.767043   41.045965    3.028231    0.00001926   0.3603   0.4757 15-[15, 8, 7]
 723    8    41.960636   35.681431   41.960354    3.057304    0.00000336   0.1539   0.6001 15-[11, 3, 8]
 724    8    42.714404   36.432961   42.711884    3.081098    0.00002950   0.4640   0.4567 15-[13, 4, 7]
 725    8    44.600698   38.319837   44.598759    3.139850    0.00002174   0.4159   0.4372 15-[11, 2, 7]
 726    8    45.418577   39.138654   45.417577    3.164986    0.00001102   0.3015   0.5262 15+[14, 6, 8]
 727    8    45.501900   39.220467   45.499390    3.167535    0.00002758   0.4779   0.5447 15+[14, 5, 7]
 728    8    47.025602   40.745294   47.024216    3.213802    0.00001474   0.3610   0.3718 15-[17,10, 7]
 729    8    48.334273   42.054364   48.333286    3.253013    0.00001020   0.3088   0.5117 15-[15, 6, 7]
 730    8    48.773044   42.493573   48.772496    3.266055    0.00000561   0.2311   0.6549 15-[13, 5, 8]
 731    8    52.538943   46.258839   52.537762    3.375916    0.00001124   0.3523   0.5200 15+[12, 4, 8]
 732    8    53.668085   47.387290   53.666212    3.408166    0.00001745   0.4483   0.3356 15+[12, 4, 8]
 733    8    54.779474   48.497569   54.776492    3.439614    0.00002722   0.5716   0.6467 15-[11, 0, 7]
 734    8    55.392864   49.111776   55.390698    3.456848    0.00001955   0.4898   0.4498 15-[15, 6, 7]
 735    8    56.899104   50.617650   56.896573    3.498807    0.00002224   0.5367   0.4795 15-[11, 1, 8]
 736    8    58.318251   52.036199   58.315122    3.537886    0.00002683   0.6042   0.6363 15+[12, 1, 7]
 737    8    59.660536   53.380148   59.659071    3.574454    0.00001227   0.4180   0.4350 15+[16, 9, 7]
 738    8    59.973747   53.693423   59.972346    3.582933    0.00001168   0.4100   0.4527 15+[10, 0, 8]
 739    8    61.129236   54.849179   61.128102    3.614042    0.00000927   0.3723   0.4844 15-[15, 7, 8]
 740    8    62.627748   56.347511   62.626434    3.653992    0.00001049   0.4056   0.4774 15-[15, 8, 7]
 741    8    63.627088   57.346812   63.625735    3.680394    0.00001063   0.4149   0.5781 15+[12, 2, 8]
 742    8    65.406144   59.126375   65.405297    3.726931    0.00000647   0.3328   0.5792 15+[16, 8, 8]
 743    9    34.728654   28.449018   34.727940    2.818831    0.00001027   0.2226   0.4462 17+[10, 2, 8]
 744    9    36.662963   30.383850   36.662773    2.884547    0.00000259   0.1180   0.6478 17+[ 8, 0, 8]
 745    9    38.250983   31.971622   38.250545    2.937399    0.00000572   0.1830   0.5122 17-[ 9, 1, 8]
 746    9    40.438065   34.158763   40.437685    3.008669    0.00000469   0.1752   0.4984 17+[10, 2, 8]
 747    9    40.753595   34.474633   40.753556    3.018812    0.00000049   0.0568   0.7949 17-[ 9, 0, 9]
 748    9    42.293651   36.014672   42.293594    3.067839    0.00000067   0.0694   0.7831 17+[10, 1, 9]
 749    9    42.595251   36.315909   42.594831    3.077349    0.00000493   0.1891   0.5708 17+[14, 6, 8]
 750    9    45.052669   38.771150   45.050073    3.153765    0.00002881   0.4836   0.5612 17+[12, 2, 8]
 751    9    46.070217   39.790798   46.069721    3.184871    0.00000538   0.2137   0.5216 17-[15, 7, 8]
 752    9    48.963419   42.683760   48.962682    3.271697    0.00000752   0.2685   0.5310 17-[13, 4, 9]
 753    9    48.992095   42.712160   48.991083    3.272546    0.00001033   0.3149   0.4641 17+[12, 4, 8]
 754    9    51.936905   45.657698   51.936621    3.358594    0.00000273   0.1717   0.7264 17+[12, 3, 9]
 755    9    52.808854   46.527966   52.806889    3.383653    0.00001861   0.4556   0.6036 17+[10, 0, 8]
 756    9    54.872998   48.593651   54.872574    3.442247    0.00000387   0.2159   0.6591 17-[11, 2, 9]
 757    9    56.495694   50.215554   56.494477    3.487619    0.00001077   0.3709   0.5418 17+[12, 2, 8]
 758    9    57.766246   51.486116   57.765039    3.522737    0.00001045   0.3734   0.5225 17-[11, 1, 8]
 759    9    60.294670   54.014766   60.293689    3.591600    0.00000813   0.3439   0.4354 17-[15, 7, 8]
 760    9    61.272230   54.993039   61.271961    3.617874    0.00000219   0.1813   0.7882 17+[14, 5, 9]
 761    9    62.714127   56.434678   62.713601    3.656282    0.00000420   0.2571   0.5984 17+[16, 8, 8]
 762    9    64.425003   58.145732   64.424655    3.701338    0.00000271   0.2119   0.7347 17-[15, 6, 9]
 763    9    65.897476   59.617388   65.896311    3.739682    0.00000884   0.3918   0.6995 17-[11, 0, 9]
 764   10    40.385721   34.106720   40.385642    3.006983    0.00000098   0.0800   0.7574 19-[ 9, 0, 9]
 765   10    41.833610   35.554590   41.833512    3.053276    0.00000117   0.0905   0.7303 19+[10, 1, 9]
 766   10    45.188802   38.909421   45.188344    3.157945    0.00000507   0.2034   0.5541 19-[13, 4, 9]
 767   10    49.947779   43.668571   49.947493    3.300717    0.00000285   0.1688   0.6342 19+[12, 3, 9]
 768   10    51.622227   45.342775   51.621698    3.349505    0.00000512   0.2336   0.5783 19-[11, 2, 9]
 769   10    53.689208   47.410075   53.688998    3.408767    0.00000196   0.1504   0.7811 19+[10, 0,10]
 770   10    55.209463   48.930428   55.209350    3.451704    0.00000102   0.1116   0.7354 19-[11, 1,10]
 771   10    58.531911   52.252508   58.531431    3.543732    0.00000410   0.2372   0.7530 19+[12, 2,10]
 772   10    58.757493   52.477639   58.756562    3.549893    0.00000793   0.3308   0.5272 19+[12, 2,10]
 773   10    59.210563   52.931414   59.210337    3.562237    0.00000191   0.1638   0.7734 19+[14, 5, 9]
 774   10    61.120292   54.841248   61.120171    3.613803    0.00000099   0.1217   0.8701 19-[13, 3,10]
 775   10    62.300415   56.021136   62.300059    3.645303    0.00000286   0.2106   0.6935 19-[15, 6, 9]
 776   10    64.446161   58.166579   64.445502    3.701892    0.00000512   0.2915   0.5991 19+[12, 1, 9]
 777   11    51.380441   45.101278   51.380201    3.342504    0.00000233   0.1569   0.6186 21+[10, 0,10]
 778   11    54.057755   47.778720   54.057642    3.419225    0.00000104   0.1104   0.7236 21+[10, 0,10]
 779   11    57.281735   51.002694   57.281617    3.509387    0.00000103   0.1164   0.8758 21+[12, 2,10]
 780   11    59.402593   53.123602   59.402524    3.567456    0.00000058   0.0904   0.9803 21-[11, 0,11]
 781   11    59.741676   53.462640   59.741562    3.576652    0.00000095   0.1163   0.8512 21-[13, 3,10]
 782   11    61.226103   54.947128   61.226050    3.616638    0.00000043   0.0803   0.9797 21+[12, 1,11]
 783   12    58.385528   52.106529   58.385452    3.539727    0.00000066   0.0946   0.9319 23-[11, 0,11]
 784   12    60.453049   54.174079   60.453002    3.595870    0.00000039   0.0751   0.9319 23+[12, 1,11]
#all active are  784 q.p. states out of  801
#since the cut off is pwi=  60.0
#check: number of neutrons= 146.0


 #canonical s.p. energies neutrons
 ---------------------------------


  labels -> {2*omega}{parity}[nn=nz+2*nr+nl,nz,nl]
  cqpe   -> canonical q.p. energies
  ce     -> canonical s.p. energies
  fermi energy=  -6.2789226848343800     
  average cdelt=  0.75401984921169352     
  k0      ceqp        ce         v*v       u*v        cdel     overl      labels
   1   57.028174   57.026283   0.00000000   0.00000000   0.4892   0.5486  1-[23,20, 1]
   2   24.363902   24.363878   0.00000024   0.00048793   0.0384   0.4910  1-[19,16, 1]
   3   19.348584   19.348569   0.00000029   0.00053447   0.0274   0.6456  1+[10, 1, 1]
   4   21.923815   21.923795   0.00000036   0.00060298   0.0340   0.5948  1-[11, 3, 0]
   5   27.961860   27.961833   0.00000039   0.00062763   0.0430   0.4976  1-[13, 6, 1]
   6   19.457277   19.457254   0.00000046   0.00068080   0.0350   0.5797  1+[10, 2, 0]
   7   22.373193   22.373164   0.00000048   0.00069640   0.0410   0.3786  1+[12, 5, 1]
   8   21.832718   21.832681   0.00000049   0.00069841   0.0452   0.4016  1+[20,18, 0]
   9   21.341024   21.340994   0.00000053   0.00073084   0.0404   0.5626  1-[ 9, 0, 1]
  10   31.445209   31.445159   0.00000066   0.00081464   0.0617   0.4594  1+[14, 8, 0]
  11   21.142898   21.142852   0.00000084   0.00091419   0.0501   0.4898  1+[ 8, 0, 0]
  12   27.680337   27.680278   0.00000086   0.00092824   0.0632   0.4652  1-[13, 7, 0]
  13   19.597443   19.597391   0.00000094   0.00097012   0.0518   0.3258  1-[19,15, 0]
  14   18.397828   18.397764   0.00000100   0.00099895   0.0562   0.3293  1-[19,15, 0]
  15   24.849691   24.849618   0.00000116   0.00107556   0.0674   0.3581  1-[ 9, 2, 1]
  16   34.446860   34.446750   0.00000134   0.00115797   0.0946   0.4913  1-[17,10, 1]
  17   20.658928   20.658845   0.00000153   0.00123723   0.0667   0.3976  1+[10, 0, 0]
  18   27.097994   27.097871   0.00000168   0.00129598   0.0905   0.3108  1+[20,15, 1]
  19   27.901129   27.901007   0.00000179   0.00133791   0.0915   0.3663  1-[19,13, 0]
  20   27.239683   27.239538   0.00000186   0.00136399   0.0984   0.4358  1-[19,13, 0]
  21   28.853895   28.853756   0.00000196   0.00140172   0.0985   0.4830  1+[16, 9, 1]
  22   25.418571   25.418439   0.00000208   0.00144053   0.0913   0.3279  1+[16, 8, 0]
  23   23.587113   23.586952   0.00000267   0.00163523   0.0981   0.4252  1-[13, 4, 1]
  24   36.140150   36.139912   0.00000280   0.00167233   0.1423   0.5002  1+[18,12, 0]
  25   32.725361   32.725122   0.00000298   0.00172585   0.1368   0.4300  1-[17,11, 0]
  26   27.330716   27.330484   0.00000300   0.00173291   0.1248   0.4758  1-[21,18, 1]
  27   33.815705   33.815414   0.00000363   0.00190477   0.1530   0.5131  1-[17,11, 0]
  28   30.820229   30.819949   0.00000377   0.00194231   0.1441   0.4247  1+[ 8, 1, 1]
  29   26.382965   26.382685   0.00000427   0.00206687   0.1352   0.4322  1-[15, 8, 1]
  30   12.667950   12.667780   0.00000437   0.00209150   0.0803   0.4408  1+[18,18, 0]
  31   28.279091   28.278767   0.00000469   0.00216588   0.1497   0.4543  1+[14, 6, 0]
  32   34.936771   34.936336   0.00000518   0.00227489   0.1892   0.5126  1+[20,15, 1]
  33   33.532453   33.531980   0.00000595   0.00243837   0.1942   0.4232  1-[11, 0, 1]
  34   29.070560   29.070133   0.00000599   0.00244844   0.1738   0.5196  1+[16,10, 0]
  35   31.158246   31.157789   0.00000610   0.00246925   0.1849   0.4053  1+[14, 7, 1]
  36   34.308987   34.308464   0.00000643   0.00253637   0.2059   0.4761  1-[19,14, 1]
  37   32.849903   32.849389   0.00000656   0.00256114   0.2004   0.4079  1-[13, 5, 0]
  38   28.054778   28.054301   0.00000695   0.00263670   0.1811   0.3496  1-[11, 1, 0]
  39   30.573396   30.572863   0.00000716   0.00267598   0.1983   0.3537  1+[22,20, 0]
  40   32.431641   32.431062   0.00000734   0.00270935   0.2118   0.3587  1+[18,13, 1]
  41   32.792078   32.791389   0.00000782   0.00279695   0.2321   0.4182  1+[20,16, 0]
  42   41.495042   41.494183   0.00000896   0.00299382   0.2864   0.3641  1-[13, 4, 1]
  43   37.004234   37.003402   0.00000960   0.00309812   0.2683   0.5611  1-[17,12, 1]
  44   28.796811   28.796096   0.00001017   0.00318966   0.2239   0.5350  1-[15, 9, 0]
  45   32.626766   32.625948   0.00001051   0.00324227   0.2524   0.4660  1+[10, 0, 0]
  46   36.829252   36.828315   0.00001087   0.00329628   0.2842   0.4024  1+[14, 7, 1]
  47   36.084703   36.083702   0.00001162   0.00340922   0.2912   0.5673  1+[20,16, 0]
  48   29.669487   29.668546   0.00001308   0.00361630   0.2601   0.4626  1+[16,11, 1]
  49   39.352268   39.350856   0.00001531   0.00391330   0.3590   0.3503  1+[16,11, 1]
  50   34.089763   34.088471   0.00001599   0.00399822   0.3230   0.3463  1+[16,11, 1]
  51   43.355531   43.353899   0.00001638   0.00404684   0.4025   0.5896  1+[18,14, 0]
  52   36.070785   36.069358   0.00001682   0.00410157   0.3476   0.3077  1-[11, 1, 0]
  53   40.104434   40.102832   0.00001724   0.00415263   0.3854   0.3704  1-[15, 6, 1]
  54   32.489540   32.488016   0.00001830   0.00427806   0.3437   0.4333  1-[21,19, 0]
  55   40.513248   40.511439   0.00001931   0.00439466   0.4115   0.3817  1-[15, 7, 0]
  56   38.221430   38.219361   0.00002308   0.00480430   0.4291   0.2804  1+[22,19, 1]
  57   41.355515   41.353288   0.00002328   0.00482483   0.4605   0.4071  1+[18,14, 0]
  58   39.839606   39.837387   0.00002395   0.00489410   0.4525   0.3300  1+[22,19, 1]
  59   45.921123   45.918459   0.00002550   0.00505016   0.5273   0.4523  1-[15,10, 1]
  60   37.986447   37.984031   0.00002730   0.00522463   0.4625   0.3658  1+[14, 8, 0]
  61   33.402233   33.400037   0.00002762   0.00525536   0.4175   0.4362  1-[11, 4, 1]
  62   32.600592   32.598205   0.00003022   0.00549752   0.4309   0.4495  1+[20,19, 1]
  63   40.190534   40.187616   0.00003130   0.00559432   0.5208   0.3761  1+[14, 9, 1]
  64   37.170315   37.167488   0.00003227   0.00568037   0.4956   0.4464  1+[20,19, 1]
  65   39.165751   39.162779   0.00003269   0.00571746   0.5197   0.3183  1+[14, 9, 1]
  66   36.806929   36.803919   0.00003493   0.00590986   0.5093   0.3963  1-[13, 7, 0]
  67   43.355522   43.351947   0.00003586   0.00598854   0.5957   0.4608  1+[16,12, 0]
  68   28.282269   28.279649   0.00003789   0.00615547   0.4255   0.6282  1+[20,20, 0]
  69   37.730888   37.727381   0.00003985   0.00631249   0.5556   0.5081  1-[ 7, 0, 1]
  70   34.774867   34.771514   0.00004084   0.00639076   0.5247   0.3785  1+[12, 6, 0]
  71   36.731373   36.727767   0.00004188   0.00647150   0.5569   0.4178  1-[13, 8, 1]
  72   39.121486   39.117246   0.00004667   0.00683158   0.6204   0.4435  1-[15,11, 0]
  73   37.527482   37.523285   0.00004791   0.00692148   0.6064   0.4927  1+[18,15, 1]
  74   32.945679   32.941614   0.00005181   0.00719796   0.5647   0.3508  1-[ 7, 1, 0]
  75   35.042329   35.038017   0.00005217   0.00722288   0.5970   0.3525  1+[12, 5, 1]
  76   39.697215   39.692376   0.00005263   0.00725437   0.6671   0.4784  1-[19,17, 0]
  77   38.437989   38.432915   0.00005666   0.00752728   0.6736   0.4323  1-[19,18, 1]
  78   29.049446   29.045319   0.00005841   0.00764226   0.5400   0.3804  1+[10, 4, 0]
  79   33.681849   33.677056   0.00005996   0.00774285   0.6189   0.4083  1+[14,10, 0]
  80   34.207214   34.202021   0.00006388   0.00799226   0.6485   0.4514  1-[17,14, 1]
  81   31.329056   31.324079   0.00006615   0.00813327   0.6118   0.3862  1-[ 9, 4, 1]
  82   28.947846   28.943092   0.00006747   0.00821397   0.5787   0.4403  1+[ 6, 0, 0]
  83   31.073852   31.068480   0.00007192   0.00848008   0.6335   0.4770  1-[19,19, 0]
  84   30.371195   30.365374   0.00007940   0.00891011   0.6532   0.3599  1-[13, 9, 0]
  85   29.864393   29.858530   0.00008107   0.00900333   0.6510   0.4381  1+[18,16, 0]
  86   27.179581   27.174008   0.00008328   0.00912516   0.6106   0.4345  1+[ 8, 3, 1]
  87   29.377833   29.371712   0.00008582   0.00926365   0.6607   0.3420  1+[18,17, 1]
  88   22.464890   22.459903   0.00008676   0.00931385   0.5354   0.4436  1+[ 6, 0, 0]
  89   27.127724   27.121130   0.00009868   0.00993342   0.6637   0.3618  1-[19,19, 0]
  90   24.251904   24.245781   0.00010027   0.01001297   0.6114   0.4461  1-[ 7, 2, 1]
  91   25.868229   25.861473   0.00010507   0.01024969   0.6590   0.3333  1+[12, 8, 0]
  92   25.790998   25.784171   0.00010641   0.01031520   0.6617   0.4233  1-[17,15, 0]
  93   25.642394   25.634712   0.00012032   0.01096820   0.7003   0.4295  1-[13,10, 1]
  94   23.794725   23.787150   0.00012583   0.01121652   0.6750   0.4586  1-[17,16, 1]
  95   20.484175   20.477145   0.00013134   0.01145940   0.6134   0.4635  1+[ 6, 1, 1]
  96   21.120894   21.113071   0.00014274   0.01194659   0.6547   0.4462  1-[ 9, 5, 0]
  97   22.679424   22.670679   0.00015096   0.01228580   0.7116   0.4421  1+[16,14, 0]
  98   18.873775   18.865285   0.00016874   0.01298874   0.6535   0.4252  1-[ 9, 4, 1]
  99   19.026135   19.017518   0.00017023   0.01304603   0.6603   0.3754  1-[11, 6, 1]
 100   20.315895   20.306704   0.00017268   0.01313948   0.6991   0.3869  1-[17,17, 0]
 101   16.619941   16.611577   0.00018261   0.01351207   0.6188   0.5854  1-[ 5, 0, 1]
 102   16.892816   16.883819   0.00019413   0.01393177   0.6457   0.4751  1+[ 8, 4, 0]
 103   19.635641   19.625246   0.00020054   0.01415984   0.7339   0.4317  1+[16,15, 1]
 104   17.602795   17.591531   0.00023581   0.01535426   0.7334   0.4817  1-[13,11, 0]
 105   10.934118   10.925352   0.00025464   0.01595532   0.5493   0.4667  1-[ 5, 0, 1]
 106   15.298580   15.287108   0.00026582   0.01630193   0.7035   0.3037  1+[12, 9, 1]
 107   13.658008   13.646855   0.00027969   0.01672163   0.6668   0.4628  1-[11, 7, 0]
 108   14.839675   14.827368   0.00029137   0.01706705   0.7209   0.3864  1+[14,13, 1]
 109   13.637278   13.623759   0.00033940   0.01841964   0.7337   0.4448  1-[15,14, 1]
 110   10.669504   10.657172   0.00036381   0.01907029   0.6464   0.4690  1-[ 5, 1, 0]
 111   12.935991   12.921168   0.00038571   0.01963583   0.7546   0.3853  1-[ 9, 6, 1]
 112   10.840915   10.824895   0.00046782   0.02162411   0.7405   0.3117  1+[12,10, 0]
 113    9.112434    9.095289   0.00055694   0.02359296   0.7263   0.4078  1-[13,12, 1]
 114    7.682030    7.665877   0.00057849   0.02404495   0.6714   0.4898  1+[ 4, 0, 0]
 115    8.325224    8.305921   0.00066078   0.02569718   0.7506   0.4991  1+[ 8, 5, 1]
 116    7.280035    7.259691   0.00075019   0.02737925   0.7425   0.4341  1+[14,14, 0]
 117    5.235456    5.217618   0.00077459   0.02782070   0.6407   0.4344  1+[ 8, 4, 0]
 118    5.878268    5.855694   0.00092843   0.03045600   0.7405   0.3074  1-[11, 9, 0]
 119    3.957627    3.932548   0.00122494   0.03497770   0.7161   0.4403  1-[ 7, 4, 1]
 120    3.015878    2.991391   0.00131723   0.03626977   0.6742   0.4615  1+[ 4, 0, 0]
 121    3.644678    3.617933   0.00134753   0.03668400   0.7281   0.3422  1+[12,11, 1]
 122    1.795433    1.761911   0.00207583   0.04551401   0.7350   0.4965  1-[13,13, 0]
 123    1.255377    1.218523   0.00244578   0.04939428   0.7443   0.3535  1-[13,11, 0]
 124    0.741455    0.700391   0.00292464   0.05400078   0.7582   0.5269  1+[ 6, 3, 1]
 125   -0.903238   -0.954898   0.00480504   0.06915168   0.7435   0.3510  1-[15,14, 1]
 126   -2.383351   -2.437804   0.00698907   0.08330797   0.6491   0.4012  1-[ 5, 2, 1]
 127   -2.729823   -2.787613   0.00814160   0.08986273   0.6379   0.4084  1+[ 4, 1, 1]
 128   -2.894914   -2.976562   0.01206382   0.10917091   0.7389   0.4148  1+[12,10, 0]
 129   -3.655785   -3.754759   0.01886546   0.13604982   0.7138   0.4294  1+[12,12, 0]
 130   -4.603668   -4.775560   0.05130320   0.22061547   0.7392   0.6083  1-[ 3, 0, 1]
 131   -5.277458   -5.593167   0.15762370   0.36438780   0.7298   0.3846  1-[ 7, 5, 0]
 132   -5.472372   -6.638019   0.72261234   0.44770945   0.7222   0.4226  1-[ 7, 4, 1]
 133   -5.182129   -7.094950   0.87200593   0.33408321   0.7328   0.3714  1-[11, 9, 0]
 134   -4.054566   -8.376237   0.97144286   0.16655819   0.7410   0.3403  1-[11,11, 0]
 135   -3.643483   -8.818156   0.98174757   0.13386290   0.7056   0.5831  1-[ 3, 0, 1]
 136   -3.024542   -9.449533   0.98712962   0.11271529   0.7336   0.4178  1+[ 6, 4, 0]
 137   -1.333270  -11.169140   0.99439563   0.07465229   0.7384   0.3526  1+[12,11, 1]
 138    0.003113  -12.508477   0.99582284   0.06449584   0.8103   0.4841  1-[ 5, 3, 0]
 139    0.793568  -13.310499   0.99710745   0.05370462   0.7597   0.3675  1+[10,10, 0]
 140    1.392506  -13.917653   0.99786884   0.04611525   0.7075   0.4273  1-[ 5, 2, 1]
 141    2.363230  -14.886606   0.99800570   0.04461301   0.7711   0.5435  1-[ 3, 1, 0]
 142    2.845945  -15.373138   0.99832039   0.04094860   0.7473   0.3435  1-[11,10, 1]
 143    5.106469  -17.635580   0.99873808   0.03550106   0.8084   0.6501  1+[ 2, 0, 0]
 144    5.219270  -17.751221   0.99887401   0.03353694   0.7712   0.4132  1+[ 6, 5, 1]
 145    7.113761  -19.647014   0.99908186   0.03028683   0.8112   0.4088  1+[ 8, 6, 0]
 146    7.152499  -19.690028   0.99924368   0.02749086   0.7385   0.3393  1-[ 9, 9, 0]
 147    9.065342  -21.603866   0.99937038   0.02508425   0.7698   0.4853  1-[ 5, 4, 1]
 148    9.168462  -21.708477   0.99942285   0.02401694   0.7420   0.4728  1+[ 2, 0, 0]
 149   12.576788  -25.117923   0.99955689   0.02104549   0.7937   0.4221  1+[ 4, 3, 1]
 150   11.673443  -24.215995   0.99957405   0.02063410   0.7409   0.3639  1-[11,11, 0]
 151   16.145248  -28.687997   0.99966340   0.01834358   0.8227   0.6207  1+[ 2, 1, 1]
 152   15.446383  -27.991813   0.99971426   0.01690155   0.7344   0.4350  1+[ 4, 4, 0]
 153   13.754542  -26.301344   0.99972439   0.01659929   0.6651   0.4852  1-[ 5, 3, 0]
 154   17.164631  -29.710621   0.99974714   0.01589959   0.7455   0.6282  1-[ 1, 0, 1]
 155   19.604848  -32.151597   0.99978565   0.01463913   0.7578   0.3927  1+[ 6, 5, 1]
 156   19.893734  -32.441213   0.99980197   0.01407104   0.7366   0.5066  1-[ 3, 3, 0]
 157   21.248887  -33.798066   0.99984260   0.01254509   0.6907   0.4609  1+[ 2, 1, 1]
 158   22.698698  -35.247995   0.99985250   0.01214386   0.7038   0.4706  1+[ 2, 2, 0]
 159   26.993238  -39.542654   0.99987332   0.01125461   0.7489   0.4822  1+[ 0, 0, 0]
 160   30.493319  -43.043479   0.99989550   0.01022206   0.7518   0.5570  1-[ 1, 1, 0]
 161   26.315752  -38.867394   0.99990484   0.00975462   0.6359   0.4442  1+[ 4, 3, 1]
 162   28.337962  -40.889451   0.99990819   0.00958156   0.6634   0.5639  1+[ 0, 0, 0]
 163   32.838093  -45.390170   0.99992627   0.00858651   0.6718   0.4240  1+[ 6, 6, 0]
 164   32.222121  -44.775037   0.99993598   0.00800096   0.6161   0.5122  1-[ 1, 1, 0]
 165   36.238379  -48.792353   0.99995447   0.00674770   0.5738   0.4955  1-[ 3, 3, 0]
 166   56.837867   56.836092   0.00000000   0.00000000   0.4735   0.5912  3-[21,17, 2]
 167   23.848221   23.848203   0.00000024   0.00048535   0.0324   0.4747  3-[19,16, 1]
 168   19.492806   19.492791   0.00000029   0.00053818   0.0277   0.6459  3+[10, 1, 1]
 169   22.243586   22.243566   0.00000034   0.00058545   0.0334   0.6013  3-[11, 3, 2]
 170   27.813520   27.813493   0.00000040   0.00063029   0.0430   0.4933  3-[13, 6, 1]
 171   18.756495   18.756465   0.00000042   0.00064558   0.0388   0.4582  3+[20,18, 2]
 172   19.341810   19.341788   0.00000043   0.00065245   0.0339   0.5733  3+[10, 2, 2]
 173   21.781507   21.781479   0.00000049   0.00069961   0.0393   0.3931  3+[12, 5, 1]
 174   22.278223   22.278192   0.00000053   0.00073118   0.0418   0.5160  3-[ 9, 0, 1]
 175   28.636702   28.636655   0.00000066   0.00081136   0.0571   0.3875  3+[14, 8, 2]
 176   22.476532   22.476487   0.00000076   0.00087410   0.0505   0.4519  3+[ 8, 0, 2]
 177   25.231439   25.231381   0.00000083   0.00090930   0.0605   0.3690  3-[19,15, 2]
 178   28.779076   28.778991   0.00000090   0.00094935   0.0772   0.3789  3-[13, 7, 2]
 179   16.311675   16.311622   0.00000098   0.00099235   0.0486   0.3847  3-[19,18, 1]
 180   24.827642   24.827568   0.00000118   0.00108412   0.0679   0.3498  3-[ 9, 2, 1]
 181   32.487588   32.487482   0.00000135   0.00116082   0.0908   0.4554  3-[17,10, 1]
 182   20.502699   20.502626   0.00000136   0.00116406   0.0625   0.3888  3+[ 8, 0, 2]
 183   27.557420   27.557304   0.00000169   0.00129923   0.0887   0.2998  3+[20,15, 1]
 184   26.125774   26.125655   0.00000180   0.00134240   0.0879   0.3065  3-[17,10, 1]
 185   29.302126   29.301957   0.00000190   0.00137758   0.1095   0.4831  3-[19,13, 2]
 186   26.701086   26.700955   0.00000197   0.00140349   0.0928   0.3197  3+[16, 9, 1]
 187   27.543045   27.542910   0.00000200   0.00141391   0.0957   0.3592  3+[16, 9, 1]
 188   22.377670   22.377516   0.00000268   0.00163756   0.0939   0.4344  3-[13, 4, 1]
 189   28.315834   28.315635   0.00000285   0.00168907   0.1174   0.3527  3-[13, 5, 2]
 190   26.936974   26.936765   0.00000296   0.00171976   0.1176   0.4652  3-[23,20, 1]
 191   40.710952   40.710660   0.00000307   0.00175218   0.1658   0.5508  3+[18,12, 2]
 192   35.983943   35.983614   0.00000380   0.00194866   0.1666   0.4355  3-[17,11, 2]
 193   34.935419   34.935099   0.00000382   0.00195424   0.1625   0.3662  3-[17,11, 2]
 194   25.950301   25.950026   0.00000424   0.00205994   0.1331   0.4369  3-[15, 8, 1]
 195   27.931729   27.931425   0.00000445   0.00210953   0.1444   0.4454  3+[14, 6, 2]
 196   33.482313   33.481901   0.00000516   0.00227073   0.1811   0.4911  3+[20,15, 1]
 197   21.974734   21.974421   0.00000554   0.00235425   0.1331   0.5130  3+[22,20, 2]
 198   34.625835   34.625354   0.00000588   0.00242562   0.1984   0.5185  3-[11, 0, 1]
 199   30.601478   30.601023   0.00000598   0.00244582   0.1832   0.4080  3+[16,10, 2]
 200   30.580709   30.580253   0.00000612   0.00247393   0.1834   0.4196  3+[14, 7, 1]
 201   33.500690   33.500188   0.00000630   0.00250972   0.2000   0.3776  3-[13, 5, 2]
 202   28.863250   28.862799   0.00000640   0.00253073   0.1782   0.3882  3-[11, 1, 2]
 203   33.403683   33.403154   0.00000665   0.00257836   0.2049   0.4539  3+[22,19, 1]
 204   31.015261   31.014743   0.00000690   0.00262598   0.1967   0.4170  3+[16,10, 2]
 205   40.673952   40.673181   0.00000749   0.00273611   0.2691   0.5701  3+[18,13, 1]
 206   40.100189   40.099339   0.00000914   0.00302384   0.2808   0.3769  3-[17,12, 1]
 207   30.157889   30.157194   0.00000953   0.00308758   0.2251   0.6068  3-[15, 9, 2]
 208   35.900239   35.899411   0.00000982   0.00313302   0.2643   0.4605  3+[10, 0, 2]
 209   35.077477   35.076658   0.00000990   0.00314646   0.2603   0.4716  3-[17,12, 1]
 210   35.259918   35.258987   0.00001119   0.00334450   0.2782   0.3420  3+[20,16, 2]
 211   33.746847   33.745938   0.00001132   0.00336384   0.2697   0.4699  3+[20,16, 2]
 212   28.526614   28.525671   0.00001353   0.00367834   0.2563   0.4786  3+[16,11, 1]
 213   37.087347   37.086043   0.00001503   0.00387635   0.3363   0.3856  3-[11, 1, 2]
 214   38.983496   38.982041   0.00001583   0.00397850   0.3629   0.3294  3+[16,11, 1]
 215   39.834954   39.833429   0.00001650   0.00406244   0.3750   0.3686  3+[16, 8, 2]
 216   37.548924   37.547408   0.00001719   0.00414555   0.3646   0.3833  3+[18,14, 2]
 217   38.663712   38.662096   0.00001797   0.00423926   0.3812   0.3736  3-[15, 6, 1]
 218   41.632907   41.631030   0.00001920   0.00438179   0.4241   0.3593  3-[15, 7, 2]
 219   41.265176   41.263174   0.00002033   0.00450834   0.4363   0.3234  3-[21,17, 2]
 220   41.377818   41.375561   0.00002347   0.00484455   0.4638   0.4047  3+[18,14, 2]
 221   36.438673   36.436647   0.00002371   0.00486919   0.4161   0.3645  3+[12, 5, 1]
 222   40.091543   40.089138   0.00002574   0.00507309   0.4722   0.3204  3+[22,19, 1]
 223   43.086599   43.083979   0.00002654   0.00515197   0.5087   0.4036  3-[15,10, 1]
 224   38.595369   38.592920   0.00002729   0.00522343   0.4688   0.3388  3+[12, 4, 2]
 225   35.180914   35.178607   0.00002779   0.00527146   0.4374   0.3753  3-[11, 4, 1]
 226   37.307560   37.304764   0.00003207   0.00566279   0.4936   0.3318  3+[20,19, 1]
 227   33.366971   33.364372   0.00003277   0.00572412   0.4540   0.5523  3+[20,19, 1]
 228   38.962951   38.959856   0.00003406   0.00583641   0.5292   0.3839  3+[14, 9, 1]
 229   40.558433   40.555121   0.00003460   0.00588240   0.5569   0.4318  3-[19,16, 1]
 230   38.637631   38.634491   0.00003488   0.00590600   0.5311   0.3680  3-[13, 7, 2]
 231   43.904743   43.901016   0.00003671   0.00605847   0.6116   0.4672  3+[16,12, 2]
 232   36.316826   36.313382   0.00004043   0.00635808   0.5417   0.3468  3+[12, 6, 2]
 233   36.915245   36.911741   0.00004056   0.00636833   0.5502   0.4489  3-[ 7, 0, 1]
 234   37.561534   37.557692   0.00004380   0.00661803   0.5804   0.4453  3-[13, 8, 1]
 235   40.072074   40.067660   0.00004759   0.00689831   0.6397   0.4288  3+[22,20, 2]
 236   39.451232   39.446824   0.00004810   0.00693547   0.6350   0.4939  3-[15,11, 2]
 237   34.356565   34.352434   0.00005083   0.00712941   0.5794   0.3567  3-[ 9, 1, 2]
 238   43.777430   43.772017   0.00005407   0.00735304   0.7362   0.5441  3-[19,17, 2]
 239   34.815388   34.810794   0.00005589   0.00747608   0.6144   0.3365  3+[12, 7, 1]
 240   31.197732   31.193441   0.00005725   0.00756627   0.5671   0.3372  3+[10, 4, 2]
 241   38.745699   38.740317   0.00005977   0.00773096   0.6962   0.3817  3+[18,15, 1]
 242   33.988757   33.983761   0.00006199   0.00787329   0.6343   0.4537  3+[14,10, 2]
 243   31.270227   31.265321   0.00006531   0.00808132   0.6069   0.3834  3+[ 6, 0, 2]
 244   33.353536   33.347894   0.00007095   0.00842289   0.6687   0.4910  3-[17,14, 1]
 245   30.191166   30.185923   0.00007188   0.00847772   0.6184   0.4053  3-[ 9, 4, 1]
 246   33.591720   33.585551   0.00007729   0.00879112   0.7013   0.5344  3+[18,16, 2]
 247   25.278192   25.273093   0.00008078   0.00898765   0.5673   0.4654  3+[ 6, 0, 2]
 248   30.428514   30.422472   0.00008229   0.00907105   0.6660   0.4597  3-[13, 9, 2]
 249   25.825600   25.819760   0.00009095   0.00953639   0.6123   0.4571  3+[ 8, 3, 1]
 250   28.948770   28.941882   0.00009776   0.00988692   0.6966   0.3877  3+[14,11, 1]
 251   31.592070   31.584571   0.00009901   0.00994971   0.7536   0.4866  3-[17,15, 2]
 252   26.739960   26.732837   0.00010786   0.01038482   0.6858   0.4174  3+[12, 8, 2]
 253   22.967526   22.960975   0.00011198   0.01058158   0.6190   0.4463  3-[ 7, 2, 1]
 254   27.879760   27.871808   0.00011635   0.01078591   0.7370   0.3319  3-[19,18, 1]
 255   23.710282   23.701865   0.00014027   0.01184273   0.7105   0.3852  3-[13,10, 1]
 256   25.529721   25.520616   0.00014310   0.01196174   0.7610   0.4491  3+[16,14, 2]
 257   20.174391   20.166653   0.00014625   0.01209256   0.6398   0.4189  3+[ 6, 1, 1]
 258   22.389995   22.381594   0.00014638   0.01209806   0.6940   0.4398  3-[ 9, 5, 2]
 259   22.433217   22.423210   0.00017425   0.01319906   0.7580   0.3829  3+[18,17, 1]
 260   16.291080   16.282772   0.00018407   0.01356586   0.6124   0.4970  3-[ 9, 4, 1]
 261   15.915770   15.907013   0.00019726   0.01404347   0.6234   0.5673  3-[ 5, 0, 1]
 262   18.659330   18.649326   0.00020057   0.01416082   0.7063   0.4789  3+[ 8, 4, 2]
 263   18.063567   18.053274   0.00021127   0.01453371   0.7078   0.3010  3-[13,10, 1]
 264   19.669186   19.657575   0.00022372   0.01495558   0.7762   0.5040  3-[13,11, 2]
 265   13.801751   13.790374   0.00028329   0.01682875   0.6759   0.4613  3-[ 7, 3, 2]
 266   10.563228   10.553595   0.00028598   0.01690865   0.5696   0.4231  3-[ 5, 0, 1]
 267   15.707555   15.694409   0.00029893   0.01728697   0.7602   0.3800  3-[17,16, 1]
 268   13.950882   13.937400   0.00033314   0.01824897   0.7384   0.3670  3+[14,11, 1]
 269   13.986398   13.971783   0.00036057   0.01898538   0.7695   0.4796  3+[12,10, 2]
 270   12.584427   12.570493   0.00036930   0.01921370   0.7249   0.4132  3-[ 5, 1, 2]
 271   10.652485   10.635322   0.00050682   0.02250688   0.7622   0.3594  3-[ 9, 6, 1]
 272    9.234892    9.217599   0.00055729   0.02360040   0.7323   0.4232  3+[ 4, 0, 2]
 273    9.078985    9.060598   0.00059860   0.02445900   0.7513   0.3427  3-[13,10, 1]
 274    9.383501    9.363573   0.00063616   0.02521413   0.7898   0.4321  3-[11, 9, 2]
 275    6.696670    6.677558   0.00073646   0.02712773   0.7040   0.4504  3+[ 8, 4, 2]
 276    5.713775    5.690238   0.00098127   0.03130986   0.7510   0.4755  3+[ 8, 5, 1]
 277    3.631496    3.608336   0.00116851   0.03416350   0.6771   0.5985  3+[ 4, 0, 2]
 278    4.457390    4.430100   0.00127089   0.03562688   0.7650   0.4312  3-[13,12, 1]
 279    4.630357    4.601438   0.00132544   0.03638241   0.7938   0.3799  3-[ 9, 7, 2]
 280    1.716748    1.681957   0.00217560   0.04659261   0.7451   0.4996  3-[ 7, 4, 1]
 281    0.427236    0.379618   0.00355028   0.05947840   0.7977   0.4356  3+[ 8, 6, 2]
 282   -0.286926   -0.335580   0.00405994   0.06358816   0.7620   0.4325  3+[12,11, 1]
 283   -1.942422   -1.984601   0.00486323   0.06956705   0.6034   0.4982  3+[ 6, 2, 2]
 284   -1.816028   -1.879379   0.00709745   0.08394685   0.7493   0.4694  3+[ 6, 3, 1]
 285   -3.417880   -3.522610   0.01830269   0.13404367   0.7670   0.3983  3-[ 7, 5, 2]
 286   -4.533521   -4.701411   0.04809478   0.21396653   0.7469   0.3911  3+[ 4, 1, 1]
 287   -4.804395   -5.015464   0.07157161   0.25777725   0.7602   0.3469  3-[11,10, 1]
 288   -5.495272   -6.512001   0.64871338   0.47737232   0.7482   0.5729  3-[ 3, 0, 1]
 289   -4.600049   -7.766181   0.94293334   0.23196995   0.7789   0.4269  3+[ 6, 4, 2]
 290   -3.814501   -8.627830   0.97656352   0.15128521   0.7457   0.3968  3-[ 7, 4, 1]
 291   -3.144677   -9.316344   0.98455379   0.12331919   0.7730   0.3753  3-[13,12, 1]
 292   -1.735178  -10.753801   0.99242183   0.08672219   0.7881   0.4307  3-[ 5, 3, 2]
 293   -1.422127  -11.077403   0.99399655   0.07724902   0.7504   0.4641  3-[ 3, 0, 1]
 294    0.862445  -13.370920   0.99654334   0.05869163   0.8383   0.5843  3-[ 3, 1, 2]
 295    1.418192  -13.935573   0.99737144   0.05120201   0.7882   0.3890  3+[ 6, 5, 1]
 296    3.714484  -16.239844   0.99837467   0.04028261   0.8051   0.6344  3+[ 2, 0, 2]
 297    2.797854  -15.331339   0.99865810   0.03660740   0.6646   0.4697  3-[ 5, 2, 1]
 298    5.370276  -17.899156   0.99875679   0.03523723   0.8210   0.3982  3+[ 8, 6, 2]
 299    5.454312  -17.985125   0.99884805   0.03392089   0.7960   0.4117  3-[ 5, 4, 1]
 300    8.594341  -21.131827   0.99931555   0.02615309   0.7780   0.3754  3+[ 4, 3, 1]
 301    8.940054  -21.478992   0.99937882   0.02491569   0.7584   0.3878  3+[ 2, 0, 2]
 302   12.360930  -24.902612   0.99956644   0.02081765   0.7761   0.4668  3-[ 5, 4, 1]
 303   15.773647  -28.316564   0.99966151   0.01839503   0.8113   0.4104  3+[ 4, 3, 1]
 304   13.543012  -26.089565   0.99971513   0.01687555   0.6690   0.4814  3+[ 4, 2, 2]
 305   19.008569  -31.552836   0.99973151   0.01638353   0.8286   0.6150  3+[ 2, 1, 1]
 306   19.566205  -32.112943   0.99978513   0.01465704   0.7576   0.6815  3-[ 1, 0, 1]
 307   22.368156  -34.916024   0.99982585   0.01319527   0.7560   0.4352  3-[ 7, 6, 1]
 308   22.848782  -35.398586   0.99986197   0.01174778   0.6844   0.4905  3+[ 2, 1, 1]
 309   27.174185  -39.726227   0.99991325   0.00931343   0.6231   0.5078  3+[ 4, 3, 1]
 310   57.200221   57.197659   0.00000000   0.00000000   0.5703   0.5493  5-[21,18, 3]
 311   58.061670   58.059195   0.00000000   0.00000001   0.5643   0.5020  5+[20,15, 3]
 312   25.443637   25.443487   0.00000020   0.00045049   0.0977   0.5450  5-[19,16, 3]
 313   19.057107   19.057094   0.00000023   0.00048025   0.0251   0.6498  5+[10, 1, 3]
 314   22.181801   22.181781   0.00000035   0.00058903   0.0335   0.5977  5-[11, 3, 2]
 315   25.805702   25.805678   0.00000038   0.00061477   0.0395   0.4412  5-[ 9, 0, 3]
 316   22.756853   22.756828   0.00000042   0.00064455   0.0381   0.4240  5-[ 9, 0, 3]
 317   19.205753   19.205723   0.00000042   0.00064908   0.0394   0.4589  5+[20,18, 2]
 318   19.339975   19.339953   0.00000043   0.00065664   0.0337   0.5782  5+[10, 2, 2]
 319   26.744384   26.744352   0.00000048   0.00069201   0.0461   0.4616  5+[12, 5, 3]
 320   29.771703   29.771655   0.00000067   0.00081917   0.0591   0.4138  5+[14, 8, 2]
 321   21.485907   21.485862   0.00000079   0.00089057   0.0499   0.4606  5+[ 8, 0, 2]
 322   23.658131   23.658075   0.00000085   0.00092138   0.0577   0.3842  5-[19,15, 2]
 323   29.974688   29.974621   0.00000089   0.00094296   0.0695   0.4443  5-[13, 7, 2]
 324   25.233060   25.232994   0.00000104   0.00102012   0.0648   0.3564  5-[ 9, 2, 3]
 325   22.609544   22.609445   0.00000119   0.00109260   0.0756   0.4503  5+[18,13, 3]
 326   25.821129   25.821048   0.00000127   0.00112483   0.0722   0.3841  5+[10, 3, 3]
 327   20.134017   20.133938   0.00000148   0.00121728   0.0644   0.4075  5-[11, 1, 2]
 328   34.631428   34.631289   0.00000168   0.00129578   0.1069   0.6055  5-[17,10, 3]
 329   32.559779   32.559631   0.00000185   0.00135866   0.1072   0.6082  5-[19,13, 2]
 330   26.035401   26.035266   0.00000201   0.00141735   0.0936   0.3180  5+[16, 8, 2]
 331   32.571473   32.571309   0.00000203   0.00142517   0.1131   0.4917  5+[16, 9, 3]
 332   26.237714   26.237556   0.00000224   0.00149583   0.1015   0.3059  5-[13, 4, 3]
 333   28.708457   28.708244   0.00000241   0.00155196   0.1220   0.4413  5-[21,18, 3]
 334   28.816808   28.816603   0.00000292   0.00170934   0.1201   0.3821  5-[13, 5, 2]
 335   29.715527   29.715311   0.00000297   0.00172319   0.1246   0.3938  5-[ 7, 0, 3]
 336   39.654582   39.654288   0.00000316   0.00177670   0.1643   0.5419  5+[18,12, 2]
 337   31.989769   31.989471   0.00000381   0.00195177   0.1511   0.4252  5-[15, 8, 3]
 338   34.230400   34.230082   0.00000390   0.00197481   0.1606   0.5000  5-[17,11, 2]
 339   30.117068   30.116708   0.00000444   0.00210615   0.1619   0.4192  5+[20,15, 3]
 340   28.488199   28.487878   0.00000462   0.00214868   0.1494   0.4423  5+[14, 6, 2]
 341   35.316981   35.316561   0.00000505   0.00224651   0.1869   0.5025  5-[11, 0, 3]
 342   27.667879   27.667488   0.00000574   0.00239525   0.1629   0.5340  5+[14, 7, 3]
 343   22.109038   22.108697   0.00000586   0.00242020   0.1392   0.4483  5+[22,20, 2]
 344   29.594264   29.593830   0.00000604   0.00245761   0.1766   0.4913  5-[21,17, 2]
 345   32.172401   32.171899   0.00000653   0.00255467   0.1965   0.4107  5-[13, 5, 2]
 346   28.418061   28.417597   0.00000667   0.00258328   0.1794   0.3423  5-[11, 1, 2]
 347   32.783673   32.783121   0.00000683   0.00261294   0.2076   0.5375  5-[19,14, 3]
 348   28.150941   28.150429   0.00000720   0.00268304   0.1877   0.4385  5+[16,10, 2]
 349   44.102981   44.102064   0.00000895   0.00299223   0.3039   0.3738  5-[15, 6, 3]
 350   30.705764   30.705039   0.00000971   0.00311558   0.2316   0.6040  5-[15, 9, 2]
 351   40.050202   40.049244   0.00001007   0.00317353   0.2979   0.4980  5-[17,12, 3]
 352   34.162158   34.161308   0.00001050   0.00324019   0.2621   0.4918  5+[10, 0, 2]
 353   40.311205   40.310194   0.00001074   0.00327745   0.3070   0.3223  5+[14, 7, 3]
 354   34.204526   34.203549   0.00001188   0.00344690   0.2813   0.6113  5+[20,16, 2]
 355   39.498171   39.496720   0.00001285   0.00358519   0.3644   0.4906  5+[16,11, 3]
 356   45.247852   45.246004   0.00001542   0.00392690   0.4364   0.4579  5+[16,11, 3]
 357   42.675073   42.673285   0.00001633   0.00404148   0.4183   0.3893  5-[21,17, 2]
 358   42.249482   42.247855   0.00001668   0.00408468   0.3975   0.3672  5-[15, 6, 3]
 359   37.283032   37.281557   0.00001683   0.00410230   0.3586   0.3264  5-[11, 1, 2]
 360   42.671449   42.669700   0.00001772   0.00420942   0.4139   0.3986  5+[16, 8, 2]
 361   42.254434   42.252530   0.00001934   0.00439781   0.4299   0.5654  5+[18,14, 2]
 362   40.279148   40.277213   0.00002077   0.00455684   0.4245   0.3836  5-[15, 7, 2]
 363   37.685278   37.683407   0.00002128   0.00461270   0.4056   0.3680  5+[14, 5, 3]
 364   38.583436   38.581214   0.00002476   0.00497601   0.4465   0.4488  5-[13, 4, 3]
 365   44.311775   44.309023   0.00002702   0.00519837   0.5277   0.3824  5-[15,10, 3]
 366   42.634670   42.631943   0.00002739   0.00523369   0.5165   0.3708  5-[15,10, 3]
 367   39.367600   39.364948   0.00002904   0.00538889   0.4920   0.3292  5+[10, 3, 3]
 368   38.273274   38.270637   0.00002956   0.00543716   0.4847   0.3559  5+[12, 4, 2]
 369   41.188042   41.184946   0.00003140   0.00560362   0.5421   0.4710  5-[19,16, 3]
 370   44.602375   44.598875   0.00003417   0.00584527   0.5967   0.5722  5+[14, 9, 3]
 371   40.144922   40.141446   0.00003743   0.00611804   0.5681   0.4639  5-[ 9, 0, 3]
 372   36.237866   36.234620   0.00003816   0.00617727   0.5254   0.3769  5-[13, 7, 2]
 373   39.294679   39.290740   0.00004199   0.00647965   0.5991   0.4610  5-[13, 8, 3]
 374   38.629430   38.625447   0.00004432   0.00665731   0.5981   0.3742  5+[16,12, 2]
 375   36.382262   36.378415   0.00004502   0.00670932   0.5729   0.2944  5+[12, 6, 2]
 376   40.548625   40.543916   0.00004798   0.00692637   0.6641   0.4097  5+[18,15, 3]
 377   36.470818   36.466144   0.00005461   0.00738954   0.6321   0.4411  5+[12, 7, 3]
 378   34.687574   34.682950   0.00005644   0.00751229   0.6156   0.3894  5-[15,11, 2]
 379   33.675120   33.670542   0.00005728   0.00756793   0.6048   0.2848  5-[ 9, 1, 2]
 380   37.408791   37.403336   0.00006218   0.00788549   0.6903   0.5209  5+[20,18, 2]
 381   28.128153   28.123697   0.00006474   0.00804615   0.5537   0.3570  5+[10, 4, 2]
 382   34.609102   34.603509   0.00006811   0.00825270   0.6763   0.3660  5-[ 9, 4, 3]
 383   38.264984   38.258571   0.00007159   0.00846097   0.7558   0.4925  5-[17,14, 3]
 384   28.620407   28.615278   0.00007347   0.00857118   0.5983   0.3491  5+[ 6, 0, 2]
 385   30.194115   30.188535   0.00007648   0.00874491   0.6379   0.4126  5+[14,10, 2]
 386   29.333990   29.327949   0.00008480   0.00920806   0.6559   0.4412  5+[12, 7, 3]
 387   34.253396   34.246314   0.00008734   0.00934499   0.7577   0.5595  5-[19,17, 2]
 388   32.601851   32.594449   0.00009463   0.00972708   0.7586   0.4356  5+[14,11, 3]
 389   21.572588   21.567230   0.00009618   0.00980644   0.5463   0.4559  5+[ 6, 0, 2]
 390   27.662574   27.655875   0.00009854   0.00992621   0.6743   0.3897  5-[11, 6, 3]
 391   26.958102   26.951192   0.00010394   0.01019432   0.6777   0.4286  5-[13, 9, 2]
 392   26.362127   26.353665   0.00012961   0.01138375   0.7432   0.3527  5+[18,16, 2]
 393   26.368603   26.360069   0.00013063   0.01142856   0.7464   0.4443  5+[18,16, 2]
 394   25.925645   25.917076   0.00013300   0.01153169   0.7429   0.3290  5-[13,10, 3]
 395   22.963433   22.955135   0.00014186   0.01190971   0.6966   0.4033  5+[10, 6, 2]
 396   21.055740   21.047593   0.00014902   0.01220648   0.6673   0.4417  5-[ 9, 4, 3]
 397   22.231398   22.221165   0.00017927   0.01338799   0.7638   0.4132  5+[12, 9, 3]
 398   18.281624   18.272474   0.00018616   0.01364282   0.6703   0.4945  5-[ 5, 0, 3]
 399   19.518107   19.508053   0.00019484   0.01395700   0.7201   0.3586  5-[ 9, 5, 2]
 400   20.532539   20.521320   0.00020917   0.01446115   0.7756   0.4212  5-[17,15, 2]
 401   18.451408   18.438500   0.00026088   0.01614974   0.7989   0.4337  5+[12, 9, 3]
 402   14.492653   14.480921   0.00028238   0.01680185   0.6980   0.3842  5+[ 8, 4, 2]
 403   11.696981   11.686543   0.00029032   0.01703617   0.6125   0.4235  5+[ 6, 1, 3]
 404   15.911413   15.897050   0.00032362   0.01798665   0.7983   0.4468  5+[14,12, 2]
 405   13.959055   13.943392   0.00038697   0.01966787   0.7961   0.3967  5-[ 9, 6, 3]
 406   11.371796   11.356286   0.00043934   0.02095578   0.7398   0.4246  5-[11, 7, 2]
 407   10.222093   10.203991   0.00054848   0.02341331   0.7727   0.4246  5-[13,11, 2]
 408    9.698882    9.680990   0.00055988   0.02365509   0.7559   0.3675  5-[ 5, 1, 2]
 409    9.222079    9.201439   0.00066569   0.02579245   0.7997   0.4489  5+[ 8, 5, 3]
 410    5.752851    5.730282   0.00093790   0.03061071   0.7366   0.4833  5+[ 4, 0, 2]
 411    6.267831    6.241413   0.00105273   0.03242878   0.8138   0.3903  5-[ 7, 4, 3]
 412    5.396032    5.368010   0.00120012   0.03462198   0.8084   0.3168  5-[11, 9, 2]
 413    3.044585    3.018050   0.00142299   0.03769567   0.7029   0.4192  5+[ 8, 4, 2]
 414    2.712510    2.674579   0.00210919   0.04587749   0.8250   0.5403  5+[ 6, 3, 3]
 415    0.589916    0.554378   0.00258682   0.05079498   0.6978   0.5324  5+[ 4, 0, 2]
 416    0.950502    0.906521   0.00304181   0.05506870   0.7962   0.3462  5+[10, 8, 2]
 417    0.225220    0.171954   0.00409475   0.06385909   0.8307   0.5899  5+[ 4, 1, 3]
 418   -2.732985   -2.829527   0.01361291   0.11587750   0.8218   0.5310  5-[ 3, 0, 3]
 419   -3.181318   -3.286991   0.01705722   0.12948463   0.8022   0.3838  5-[ 9, 7, 2]
 420   -4.496735   -4.666127   0.04752368   0.21275616   0.7583   0.4025  5-[ 7, 4, 3]
 421   -4.759006   -4.918690   0.05253031   0.22309387   0.6782   0.3873  5+[ 6, 2, 2]
 422   -5.202285   -7.000037   0.83489194   0.37127805   0.7995   0.4657  5+[12,10, 2]
 423   -4.490683   -7.895472   0.95199461   0.21377763   0.7646   0.5554  5-[ 3, 0, 3]
 424   -1.690289  -10.794253   0.99201248   0.08901528   0.8169   0.4952  5-[ 7, 5, 2]
 425    1.006581  -13.523414   0.99718534   0.05297867   0.7720   0.4080  5+[10, 8, 2]
 426    1.059671  -13.579949   0.99744043   0.05052738   0.7416   0.4071  5-[ 5, 2, 3]
 427    4.813563  -17.338373   0.99851092   0.03855991   0.8555   0.4650  5-[ 5, 3, 2]
 428    7.434526  -19.964476   0.99898293   0.03187534   0.8742   0.6436  5-[ 3, 1, 2]
 429    9.339073  -21.875459   0.99931297   0.02620224   0.8185   0.7000  5+[ 2, 0, 2]
 430   11.421801  -23.960398   0.99945626   0.02331185   0.8253   0.4301  5+[ 8, 6, 2]
 431   12.966374  -25.509842   0.99962646   0.01932359   0.7438   0.4862  5-[ 3, 1, 2]
 432   17.401858  -29.950336   0.99980221   0.01406246   0.6660   0.5103  5-[ 5, 3, 2]
 433   56.725800   56.724886   0.00000000   0.00000000   0.3392   0.3794  7-[19,13, 4]
 434   56.213763   56.212399   0.00000000   0.00000000   0.4128   0.4480  7-[19,13, 4]
 436   22.006919   22.006903   0.00000018   0.00042744   0.0304   0.4890  7-[19,16, 3]
 437   18.912049   18.912037   0.00000023   0.00048414   0.0244   0.6486  7+[10, 1, 3]
 438   24.316994   24.316968   0.00000030   0.00055177   0.0398   0.5720  7-[11, 3, 4]
 439   20.381696   20.381677   0.00000034   0.00058143   0.0318   0.5161  7+[10, 2, 4]
 440   22.963966   22.963944   0.00000038   0.00061564   0.0361   0.5308  7-[ 9, 0, 3]
 441   25.077583   25.077557   0.00000042   0.00064884   0.0408   0.4210  7-[13, 6, 3]
 442   27.091514   27.091480   0.00000049   0.00070342   0.0473   0.4814  7+[12, 5, 3]
 443   20.813191   20.813158   0.00000056   0.00074826   0.0423   0.5573  7+[ 8, 0, 4]
 444   24.141343   24.141292   0.00000061   0.00078087   0.0557   0.5099  7-[19,15, 4]
 445   36.452608   36.452528   0.00000080   0.00089639   0.0825   0.5094  7+[14, 8, 4]
 446   28.592336   28.592251   0.00000095   0.00097316   0.0770   0.4028  7-[15, 7, 4]
 447   26.223351   26.223276   0.00000103   0.00101245   0.0702   0.3145  7-[ 9, 1, 4]
 448   25.030859   25.030792   0.00000108   0.00103697   0.0651   0.3535  7-[ 9, 2, 3]
 449   22.297231   22.297159   0.00000120   0.00109424   0.0642   0.4137  7+[20,15, 3]
 450   24.557646   24.557567   0.00000128   0.00112951   0.0698   0.3999  7+[10, 3, 3]
 451   34.773309   34.773167   0.00000172   0.00131327   0.1080   0.5960  7-[17,10, 3]
 452   27.905555   27.905384   0.00000198   0.00140820   0.1082   0.4514  7+[16, 8, 4]
 453   32.274610   32.274450   0.00000206   0.00143402   0.1112   0.5011  7+[16, 9, 3]
 454   31.919842   31.919611   0.00000224   0.00149704   0.1330   0.5361  7-[17,11, 4]
 455   25.604489   25.604343   0.00000227   0.00150564   0.0964   0.3141  7-[23,20, 3]
 456   29.372502   29.372328   0.00000240   0.00154758   0.1115   0.3326  7-[23,20, 3]
 457   26.320914   26.320701   0.00000274   0.00165620   0.1178   0.4495  7-[15, 7, 4]
 458   29.519355   29.519143   0.00000297   0.00172309   0.1234   0.4238  7-[ 7, 0, 3]
 459   26.673255   26.672997   0.00000391   0.00197757   0.1304   0.4790  7-[15, 8, 3]
 460   27.734010   27.733734   0.00000402   0.00200464   0.1372   0.3976  7+[14, 6, 4]
 461   29.456869   29.456472   0.00000431   0.00207530   0.1683   0.4979  7+[18,12, 4]
 462   29.004418   29.004092   0.00000460   0.00214374   0.1516   0.4684  7+[20,15, 3]
 463   33.634282   33.633878   0.00000506   0.00224974   0.1796   0.4848  7-[11, 0, 3]
 464   32.692849   32.692434   0.00000532   0.00230592   0.1800   0.4130  7-[11, 1, 4]
 465   36.960590   36.960089   0.00000579   0.00240615   0.2081   0.3729  7-[ 9, 3, 4]
 466   27.813833   27.813424   0.00000599   0.00244653   0.1669   0.5897  7+[14, 7, 3]
 467   34.801559   34.800981   0.00000701   0.00264709   0.2178   0.6396  7-[19,14, 3]
 468   35.421945   35.421206   0.00000793   0.00281663   0.2481   0.4164  7-[19,15, 4]
 469   43.591990   43.591027   0.00000859   0.00293120   0.3100   0.5093  7+[18,13, 3]
 470   40.699974   40.699062   0.00000896   0.00299261   0.2927   0.4477  7+[10, 0, 4]
 471   43.719518   43.718330   0.00000919   0.00303166   0.3445   0.3325  7+[18,14, 4]
 472   34.905094   34.904265   0.00000963   0.00310256   0.2614   0.6546  7-[15, 9, 4]
 473   41.855873   41.854888   0.00001008   0.00317490   0.3079   0.4029  7-[15, 6, 3]
 474   41.178856   41.177769   0.00001118   0.00334429   0.3212   0.5443  7-[17,12, 3]
 475   38.899980   38.898896   0.00001190   0.00344914   0.3130   0.3503  7-[17,12, 3]
 476   38.231532   38.230315   0.00001365   0.00369400   0.3293   0.4382  7-[11, 1, 4]
 477   32.444847   32.443591   0.00001590   0.00398766   0.3119   0.7672  7+[16,11, 3]
 478   47.978143   47.976075   0.00001665   0.00408096   0.4738   0.5061  7+[20,16, 4]
 479   39.926087   39.924342   0.00001857   0.00430981   0.4016   0.3751  7-[15, 6, 3]
 480   43.572718   43.570453   0.00001955   0.00442141   0.4753   0.3767  7-[17,13, 4]
 481   33.805112   33.803312   0.00002223   0.00471507   0.3799   0.3819  7+[14, 5, 3]
 482   45.434912   45.432227   0.00002264   0.00475813   0.5270   0.3779  7-[17,13, 4]
 483   36.887872   36.885548   0.00002691   0.00518713   0.4479   0.4286  7-[13, 4, 3]
 484   41.511346   41.508725   0.00002732   0.00522712   0.5005   0.6636  7-[23,20, 3]
 485   43.450912   43.447980   0.00002875   0.00536203   0.5400   0.3570  7+[14, 8, 4]
 486   37.255120   37.252315   0.00003221   0.00567550   0.4942   0.3326  7-[11, 0, 3]
 487   41.958786   41.955598   0.00003300   0.00574473   0.5545   0.5249  7-[15,10, 3]
 488   41.001064   40.997730   0.00003514   0.00592806   0.5616   0.4014  7-[13, 7, 4]
 489   41.387109   41.383207   0.00003904   0.00624841   0.6099   0.3624  7+[14, 9, 3]
 490   41.300642   41.296730   0.00004020   0.00634004   0.6101   0.3262  7+[12, 6, 4]
 491   44.486542   44.481981   0.00004085   0.00639160   0.6805   0.3995  7+[16,12, 4]
 492   36.327624   36.324088   0.00004149   0.00644129   0.5489   0.4397  7-[ 9, 0, 3]
 493   42.091277   42.087047   0.00004327   0.00657777   0.6397   0.4103  7+[14, 9, 3]
 494   37.679789   37.675267   0.00005140   0.00716953   0.6305   0.3662  7-[11, 5, 4]
 495   34.755842   34.751513   0.00005267   0.00725742   0.5960   0.3738  7+[10, 4, 4]
 496   35.734277   35.729779   0.00005335   0.00730395   0.6148   0.4253  7-[13, 8, 3]
 497   39.598128   39.592556   0.00005691   0.00754386   0.7150   0.4350  7-[15,11, 4]
 498   39.094524   39.088997   0.00006008   0.00775096   0.7082   0.4036  7-[19,16, 3]
 499   32.351261   32.346264   0.00006463   0.00803924   0.6213   0.4512  7+[ 6, 0, 4]
 500   31.222812   31.217501   0.00007071   0.00840888   0.6311   0.4148  7+[12, 7, 3]
 501   35.639920   35.633032   0.00007875   0.00887395   0.7598   0.5226  7+[14,10, 4]
 502   26.272204   26.266767   0.00008351   0.00913815   0.5949   0.4545  7-[ 7, 1, 4]
 503   31.545309   31.538443   0.00009036   0.00950539   0.7207   0.4874  7+[18,15, 3]
 504   30.193513   30.186675   0.00009330   0.00965875   0.7062   0.3555  7+[18,15, 3]
 505   32.461869   32.453589   0.00010567   0.01027886   0.8009   0.5273  7-[13, 9, 4]
 506   23.593405   23.586382   0.00011753   0.01084053   0.6477   0.4603  7+[12, 7, 3]
 507   28.284905   28.275642   0.00013364   0.01155945   0.8002   0.4901  7-[17,14, 3]
 508   24.864202   24.855519   0.00013890   0.01178484   0.7354   0.3226  7+[12, 8, 4]
 509   24.860846   24.852014   0.00014140   0.01189029   0.7416   0.3245  7-[11, 6, 3]
 510   24.095284   24.084154   0.00018249   0.01350756   0.8222   0.4772  7-[ 9, 5, 4]
 511   19.027951   19.018402   0.00018865   0.01373357   0.6951   0.3713  7-[ 5, 0, 3]
 512   21.981624   21.970447   0.00019771   0.01405961   0.7947   0.4172  7-[15,12, 3]
 513   16.188580   16.178504   0.00022424   0.01497313   0.6728   0.4073  7-[ 9, 4, 3]
 514   20.422395   20.409436   0.00024249   0.01557014   0.8318   0.5327  7+[ 8, 4, 4]
 515   12.978705   12.967855   0.00028168   0.01678103   0.6463   0.5575  7-[ 5, 0, 3]
 516   17.311250   17.297144   0.00029895   0.01728755   0.8157   0.4399  7+[14,11, 3]
 517   16.599977   16.584549   0.00033711   0.01835733   0.8401   0.5549  7-[ 7, 3, 4]
 518   14.358189   14.341110   0.00041370   0.02033550   0.8394   0.4837  7-[ 5, 1, 4]
 519   12.274233   12.256960   0.00046547   0.02156964   0.8004   0.4311  7-[13,10, 3]
 520    7.331920    7.318323   0.00049948   0.02234338   0.6082   0.4438  7-[ 7, 2, 3]
 521   10.863855   10.842575   0.00062055   0.02490310   0.8539   0.5358  7+[ 4, 0, 4]
 522    9.276988    9.252674   0.00078148   0.02794409   0.8694   0.4614  7+[ 8, 4, 4]
 523    8.217962    8.194234   0.00081838   0.02859562   0.8291   0.4475  7+[10, 7, 3]
 524    5.492084    5.464826   0.00115784   0.03400733   0.8006   0.6418  7+[ 4, 0, 4]
 525    4.100101    4.066184   0.00163390   0.04038854   0.8384   0.5020  7-[ 9, 6, 3]
 526   -0.082257   -0.123409   0.00332051   0.05752814   0.7130   0.4905  7+[ 6, 2, 4]
 527    0.201191    0.147406   0.00414995   0.06428630   0.8332   0.5262  7+[ 8, 5, 3]
 528   -3.111485   -3.221672   0.01739376   0.13073339   0.8282   0.5253  7-[ 7, 4, 3]
 529   -5.438906   -6.295876   0.51009107   0.49989816   0.8398   0.5262  7+[10, 7, 3]
 530   -3.891826   -8.508479   0.96700170   0.17863207   0.8528   0.6263  7+[ 4, 1, 3]
 531   -1.233651  -11.252880   0.99293251   0.08377073   0.8453   0.6878  7-[ 3, 0, 3]
 532    0.378001  -12.880190   0.99581966   0.06452029   0.8590   0.4211  7-[ 7, 4, 3]
 533    2.897170  -15.421616   0.99818012   0.04262124   0.7822   0.5359  7-[ 3, 0, 3]
 534    7.369640  -19.909927   0.99935677   0.02535384   0.6921   0.4952  7+[ 6, 3, 3]
 536   58.122889   58.121090   0.00000000   0.00000000   0.4814   0.4745  9+[20,15, 5]
 537   55.699995   55.698929   0.00000000   0.00000000   0.3635   0.5291  9-[15, 6, 5]
 538   49.875713   49.874899   0.00000000   0.00000000   0.3024   0.5237  9+[12, 1, 5]
 539   24.844098   24.844060   0.00000019   0.00043822   0.0483   0.6081  9+[12, 1, 5]
 540   20.168476   20.168458   0.00000029   0.00053925   0.0311   0.6118  9-[ 9, 0, 5]
 541   24.015452   24.015432   0.00000031   0.00055895   0.0347   0.5984  9-[11, 3, 4]
 542   20.529114   20.529095   0.00000036   0.00059737   0.0321   0.5504  9+[10, 2, 4]
 543   32.831499   32.831414   0.00000045   0.00067371   0.0815   0.3932  9-[13, 6, 5]
 544   34.097726   34.097663   0.00000050   0.00070554   0.0718   0.4583  9-[11, 4, 5]
 545   22.864459   22.864424   0.00000060   0.00077582   0.0456   0.3932  9+[ 8, 0, 4]
 546   22.319519   22.319484   0.00000061   0.00077930   0.0451   0.3661  9-[19,15, 4]
 547   35.872767   35.872696   0.00000082   0.00090401   0.0771   0.4880  9+[16, 8, 4]
 548   33.072380   33.072301   0.00000095   0.00097618   0.0789   0.4674  9-[15, 7, 4]
 549   24.390547   24.390474   0.00000105   0.00102601   0.0668   0.4085  9-[ 9, 2, 5]
 550   27.761095   27.760989   0.00000109   0.00104300   0.0850   0.4664  9-[15, 6, 5]
 551   21.139352   21.139290   0.00000110   0.00104835   0.0583   0.3898  9-[ 9, 1, 4]
 552   30.004721   30.004531   0.00000138   0.00117676   0.1175   0.5909  9+[18,13, 5]
 553   29.015092   29.014955   0.00000193   0.00138874   0.0982   0.4688  9-[19,13, 4]
 554   25.096409   25.096271   0.00000201   0.00141706   0.0932   0.4021  9-[13, 4, 5]
 555   31.482951   31.482789   0.00000207   0.00144002   0.1106   0.3566  9+[16, 8, 4]
 556   41.897047   41.896781   0.00000249   0.00157666   0.1600   0.5372  9-[17,10, 5]
 557   26.839624   26.839430   0.00000291   0.00170608   0.1133   0.4221  9-[13, 5, 4]
 558   37.639545   37.639156   0.00000343   0.00185162   0.1848   0.5958  9+[16, 9, 5]
 559   35.958146   35.957819   0.00000379   0.00194649   0.1662   0.5826  9+[18,12, 4]
 560   37.590884   37.590468   0.00000424   0.00205999   0.1912   0.5471  9-[ 7, 0, 5]
 561   28.120877   28.120575   0.00000436   0.00208777   0.1439   0.4698  9+[14, 6, 4]
 562   40.397684   40.397158   0.00000492   0.00221790   0.2216   0.5139  9-[17,11, 4]
 563   39.951535   39.950768   0.00000523   0.00228653   0.2663   0.4197  9-[17,11, 4]
 564   34.624710   34.623950   0.00000590   0.00242907   0.2493   0.5330  9+[14, 7, 5]
 565   30.617087   30.616637   0.00000608   0.00246592   0.1824   0.4066  9-[11, 1, 4]
 566   35.121731   35.121197   0.00000642   0.00253376   0.2102   0.3694  9-[ 9, 3, 4]
 567   36.974921   36.974103   0.00000697   0.00263932   0.2659   0.4375  9+[16,10, 4]
 568   37.615271   37.614390   0.00000722   0.00268723   0.2781   0.3386  9+[14, 7, 5]
 569   32.420619   32.419972   0.00000821   0.00286526   0.2237   0.5559  9+[16,10, 4]
 570   33.875082   33.874235   0.00000914   0.00302308   0.2608   0.5976  9-[17,12, 5]
 571   35.479982   35.479108   0.00001046   0.00323433   0.2703   0.4774  9+[10, 0, 4]
 572   33.596436   33.595571   0.00001080   0.00328562   0.2626   0.7134  9-[15, 9, 4]
 573   44.200261   44.199111   0.00001125   0.00335402   0.3408   0.3604  9+[14, 5, 5]
 574   35.111951   35.110653   0.00001568   0.00395945   0.3278   0.4387  9-[11, 1, 4]
 575   39.159466   39.157791   0.00001816   0.00426159   0.3901   0.5751  9+[20,16, 4]
 576   41.900427   41.898508   0.00001957   0.00442372   0.4300   0.4565  9+[14, 5, 5]
 577   41.886753   41.884775   0.00001996   0.00446809   0.4365   0.4168  9-[13, 4, 5]
 578   41.849273   41.847206   0.00002061   0.00454024   0.4460   0.6691  9+[16,11, 5]
 579   45.283714   45.281454   0.00002183   0.00467272   0.4828   0.4669  9+[16, 8, 4]
 580   41.538462   41.536016   0.00002523   0.00502292   0.4836   0.4284  9-[15, 7, 4]
 581   39.283087   39.280601   0.00002706   0.00520177   0.4759   0.3906  9+[10, 3, 5]
 582   46.713426   46.709419   0.00003079   0.00554895   0.6516   0.5287  9-[15,10, 5]
 583   44.174318   44.170776   0.00003455   0.00587811   0.5978   0.5204  9-[19,15, 4]
 584   43.403844   43.400249   0.00003595   0.00599611   0.5977   0.4151  9-[ 9, 0, 5]
 585   38.032795   38.029533   0.00003667   0.00605518   0.5377   0.3669  9+[14, 8, 4]
 586   34.679380   34.675587   0.00004617   0.00679494   0.5574   0.4147  9-[13, 7, 4]
 587   44.625161   44.620049   0.00004815   0.00693885   0.7214   0.5844  9+[14, 9, 5]
 588   41.467045   41.462093   0.00005095   0.00713805   0.6876   0.4466  9+[18,14, 4]
 589   33.865883   33.861525   0.00005390   0.00734155   0.5915   0.4034  9+[12, 6, 4]
 590   39.092690   39.086960   0.00005728   0.00756812   0.7210   0.4717  9-[13, 8, 5]
 591   30.846029   30.840778   0.00007071   0.00840840   0.6244   0.3659  9-[11, 5, 4]
 592   27.744229   27.739194   0.00007400   0.00860184   0.5853   0.3663  9+[10, 4, 4]
 593   37.633067   37.625980   0.00008007   0.00894762   0.7889   0.5088  9+[12, 7, 5]
 594   35.519392   35.512081   0.00008677   0.00931455   0.7818   0.5504  9+[16,12, 4]
 595   25.648882   25.642946   0.00009289   0.00963752   0.6156   0.4444  9+[ 6, 0, 4]
 596   33.436954   33.429185   0.00009371   0.00967978   0.7855   0.4558  9-[13, 8, 5]
 597   29.696952   29.688404   0.00011827   0.01087437   0.7842   0.5115  9-[15,11, 4]
 598   29.093346   29.084600   0.00012225   0.01105618   0.7865   0.4839  9+[ 8, 3, 5]
 599   22.572568   22.565394   0.00012417   0.01114253   0.6434   0.4000  9-[ 7, 1, 4]
 600   28.786498   28.776708   0.00013544   0.01163707   0.8286   0.4406  9-[11, 6, 5]
 601   24.920874   24.910530   0.00016558   0.01286691   0.8034   0.5692  9+[14,10, 4]
 602   24.437831   24.426545   0.00017955   0.01339849   0.8326   0.3972  9-[ 5, 0, 5]
 603   24.030701   24.017928   0.00021031   0.01450064   0.8798   0.4449  9-[ 9, 4, 5]
 604   20.578667   20.566060   0.00023461   0.01531527   0.8228   0.5196  9-[13, 9, 4]
 605   19.167879   19.155430   0.00024367   0.01560818   0.7959   0.5647  9-[ 5, 0, 5]
 606   15.871249   15.856160   0.00034061   0.01845240   0.8175   0.4228  9+[10, 6, 4]
 607   14.060353   14.046051   0.00035149   0.01874476   0.7626   0.4821  9+[ 6, 1, 5]
 608   12.242959   12.223891   0.00051470   0.02268114   0.8402   0.5208  9-[ 9, 5, 4]
 609    8.707119    8.683332   0.00079363   0.02816034   0.8440   0.5247  9+[ 8, 4, 4]
 610    5.365637    5.333937   0.00136115   0.03686860   0.8586   0.5230  9-[11, 7, 4]
 611    3.244296    3.205864   0.00201783   0.04487490   0.8547   0.5776  9-[ 5, 1, 4]
 612   -0.100900   -0.159378   0.00473271   0.06863173   0.8480   0.6235  9+[ 4, 0, 4]
 613   -1.419829   -1.496837   0.00792410   0.08866402   0.8617   0.4355  9+[ 8, 4, 4]
 614   -4.755001   -4.966157   0.06928044   0.25393042   0.7739   0.5719  9+[ 4, 0, 4]
 615   -2.728273   -9.761048   0.99035045   0.09775704   0.6942   0.5049  9+[ 6, 2, 4]
 616   57.734106   57.732756   0.00000000   0.00000000   0.4158   0.4883 11+[18,12, 6]
 618   20.549439   20.549429   0.00000018   0.00042371   0.0228   0.6319 11+[10, 1, 5]
 619   25.123507   25.123488   0.00000028   0.00053138   0.0346   0.5867 11+[10, 2, 6]
 620   27.937333   27.937304   0.00000029   0.00054103   0.0444   0.4686 11-[11, 3, 6]
 621   20.242214   20.242198   0.00000030   0.00055218   0.0294   0.6225 11-[ 9, 0, 5]
 622   33.066865   33.066831   0.00000043   0.00065193   0.0516   0.5024 11-[13, 6, 5]
 623   24.998662   24.998628   0.00000048   0.00069374   0.0461   0.5886 11+[ 8, 0, 6]
 624   31.360202   31.360164   0.00000049   0.00070212   0.0537   0.4246 11+[12, 5, 5]
 625   23.550625   23.550573   0.00000078   0.00088177   0.0558   0.4514 11-[ 9, 1, 6]
 626   28.503913   28.503841   0.00000104   0.00101953   0.0711   0.3966 11-[15, 6, 5]
 627   23.812672   23.812605   0.00000111   0.00105444   0.0636   0.4100 11-[ 9, 2, 5]
 628   42.772573   42.772443   0.00000120   0.00109573   0.1128   0.4822 11+[14, 8, 6]
 629   29.221987   29.221894   0.00000130   0.00114175   0.0813   0.4994 11+[18,13, 5]
 630   42.476531   42.476347   0.00000141   0.00118640   0.1340   0.4326 11-[15, 7, 6]
 631   27.960674   27.960540   0.00000196   0.00139847   0.0958   0.4451 11-[13, 4, 5]
 632   41.094965   41.094737   0.00000233   0.00152753   0.1468   0.6658 11-[17,10, 5]
 633   35.651677   35.651394   0.00000246   0.00156837   0.1540   0.3654 11+[12, 6, 6]
 634   30.973350   30.973157   0.00000258   0.00160633   0.1197   0.4320 11-[11, 0, 5]
 635   36.145930   36.145656   0.00000285   0.00168735   0.1524   0.4596 11-[17,11, 6]
 636   41.166771   41.166481   0.00000305   0.00174626   0.1660   0.7207 11+[16, 9, 5]
 637   33.969212   33.968895   0.00000320   0.00178834   0.1598   0.5240 11-[15, 7, 6]
 638   31.716677   31.716338   0.00000437   0.00209073   0.1605   0.5299 11-[15, 8, 5]
 639   31.141280   31.140933   0.00000448   0.00211726   0.1612   0.5320 11-[15, 8, 5]
 640   36.172277   36.171867   0.00000483   0.00219840   0.1867   0.4814 11-[11, 0, 5]
 641   40.460848   40.460323   0.00000560   0.00236712   0.2215   0.4563 11-[11, 1, 6]
 642   29.551373   29.550908   0.00000649   0.00254741   0.1826   0.7075 11+[14, 7, 5]
 643   45.212601   45.211896   0.00000680   0.00260743   0.2693   0.4235 11-[13, 3, 6]
 644   37.932527   37.931710   0.00000842   0.00290207   0.2688   0.5131 11+[18,12, 6]
 645   34.823487   34.822714   0.00000917   0.00302869   0.2520   0.5368 11-[19,14, 5]
 646   45.191570   45.190533   0.00001005   0.00316974   0.3267   0.5099 11+[10, 0, 6]
 647   43.720183   43.718980   0.00001203   0.00346863   0.3469   0.4017 11-[15, 6, 5]
 648   43.089174   43.087844   0.00001348   0.00367090   0.3625   0.3851 11-[13, 4, 5]
 649   43.290349   43.288956   0.00001404   0.00374735   0.3715   0.4617 11-[11, 1, 6]
 650   42.859357   42.857677   0.00001683   0.00410278   0.4064   0.8493 11-[15, 9, 6]
 651   46.218607   46.216649   0.00001838   0.00428662   0.4534   0.5714 11+[18,13, 5]
 652   41.775346   41.773243   0.00002183   0.00467234   0.4495   0.4005 11-[15, 6, 5]
 653   48.986743   48.983869   0.00002263   0.00475726   0.5636   0.4598 11+[14, 8, 6]
 654   35.920523   35.918470   0.00002430   0.00492951   0.4162   0.3878 11+[14, 5, 5]
 655   45.560746   45.558088   0.00002515   0.00501461   0.5250   0.6143 11-[17,12, 5]
 656   39.746564   39.743730   0.00003079   0.00554858   0.5108   0.3818 11-[13, 4, 5]
 657   38.553169   38.550274   0.00003214   0.00566906   0.5094   0.8309 11+[16,11, 5]
 658   50.104751   50.100697   0.00003531   0.00594183   0.6761   0.5706 11-[13, 7, 6]
 659   34.679824   34.676754   0.00003748   0.00612167   0.5015   0.3555 11+[10, 3, 5]
 660   44.973242   44.968532   0.00004560   0.00675292   0.6949   0.4287 11+[14, 8, 6]
 661   34.853806   34.849664   0.00005035   0.00709574   0.5837   0.4012 11-[ 9, 0, 5]
 662   43.715383   43.709741   0.00005634   0.00750587   0.7511   0.4406 11-[13, 7, 6]
 663   42.038765   42.032733   0.00006194   0.00786989   0.7634   0.4605 11+[12, 6, 6]
 664   37.776320   37.770254   0.00006840   0.00827041   0.7311   0.7089 11-[15,10, 5]
 665   37.680410   37.673461   0.00007887   0.00888057   0.7816   0.4314 11+[10, 4, 6]
 666   36.956494   36.949281   0.00008335   0.00912901   0.7897   0.3669 11+[10, 4, 6]
 667   34.410768   34.403288   0.00009171   0.00957621   0.7802   0.6542 11+[14, 9, 5]
 668   34.085516   34.077740   0.00009622   0.00980880   0.7923   0.4755 11+[ 6, 0, 6]
 669   29.326455   29.317870   0.00012055   0.01097875   0.7818   0.4872 11-[ 7, 1, 6]
 670   28.954741   28.946017   0.00012370   0.01112155   0.7840   0.5630 11-[13, 8, 5]
 671   24.972857   24.962509   0.00016549   0.01286332   0.8041   0.4616 11+[12, 7, 5]
 672   21.786955   21.774549   0.00022097   0.01486340   0.8344   0.4716 11-[ 9, 4, 5]
 673   18.131338   18.116967   0.00029437   0.01715456   0.8375   0.4943 11+[12, 7, 5]
 674   16.205375   16.189293   0.00035760   0.01890706   0.8502   0.4864 11+[ 6, 1, 5]
 675   12.353728   12.333728   0.00053668   0.02316019   0.8631   0.4930 11-[ 5, 0, 5]
 676   11.461484   11.439451   0.00062097   0.02491163   0.8839   0.4315 11-[ 9, 4, 5]
 677    6.565950    6.541322   0.00095865   0.03094724   0.7950   0.5643 11-[ 5, 0, 5]
 678    1.010348    0.976123   0.00234763   0.04839541   0.7055   0.4958 11-[ 7, 2, 5]
 679   52.176733   52.176030   0.00000000   0.00000000   0.2866   0.5414 13+[12, 1, 7]
 680   59.881663   59.880481   0.00000000   0.00000000   0.3956   0.4774 13-[17,10, 7]
 681   28.947673   28.947642   0.00000016   0.00040295   0.0463   0.5863 13+[12, 1, 7]
 682   25.623699   25.623681   0.00000025   0.00050114   0.0346   0.6011 13-[ 9, 0, 7]
 683   27.237249   27.237228   0.00000029   0.00054098   0.0373   0.5447 13-[11, 3, 6]
 684   25.262851   25.262832   0.00000030   0.00054774   0.0346   0.5892 13-[ 9, 1, 6]
 685   24.652219   24.652188   0.00000050   0.00070769   0.0438   0.5938 13+[ 8, 0, 6]
 686   38.970869   38.970815   0.00000057   0.00075272   0.0700   0.3907 13+[10, 3, 7]
 687   43.533092   43.532969   0.00000072   0.00084962   0.1105   0.4750 13-[11, 4, 7]
 688   23.476504   23.476455   0.00000081   0.00090159   0.0537   0.4514 13-[ 9, 1, 6]
 689   42.350880   42.350764   0.00000119   0.00109256   0.1065   0.5708 13+[16, 8, 6]
 690   31.429072   31.428979   0.00000121   0.00109876   0.0836   0.3793 13+[14, 5, 7]
 691   40.652741   40.652615   0.00000134   0.00115948   0.1089   0.5040 13-[15, 7, 6]
 692   36.581971   36.581813   0.00000147   0.00121065   0.1165   0.4331 13-[15, 6, 7]
 693   32.105451   32.105274   0.00000229   0.00151306   0.1163   0.4216 13-[19,13, 6]
 694   30.511348   30.511165   0.00000234   0.00153129   0.1161   0.4580 13+[12, 3, 7]
 695   36.984323   36.984080   0.00000280   0.00167425   0.1449   0.4724 13-[19,13, 6]
 696   30.022280   30.022046   0.00000322   0.00179322   0.1303   0.4759 13-[15, 7, 6]
 697   30.453632   30.453283   0.00000474   0.00217603   0.1600   0.4787 13+[14, 6, 6]
 698   45.705623   45.705062   0.00000491   0.00221587   0.2415   0.5923 13-[ 7, 0, 7]
 699   47.018083   47.017424   0.00000558   0.00236279   0.2650   0.7438 13-[17,10, 7]
 700   37.536788   37.536251   0.00000612   0.00247325   0.2168   0.4557 13-[11, 1, 6]
 701   49.138461   49.137715   0.00000660   0.00256926   0.2876   0.8706 13+[16, 9, 7]
 702   41.106272   41.105561   0.00000750   0.00273825   0.2596   0.4148 13-[13, 3, 6]
 703   41.485254   41.484451   0.00000838   0.00289516   0.2770   0.7816 13+[18,12, 6]
 704   45.868039   45.866210   0.00000979   0.00312965   0.4367   0.5495 13+[ 8, 1, 7]
 705   43.951061   43.949605   0.00001107   0.00332676   0.3824   0.7175 13+[14, 7, 7]
 706   40.923916   40.922754   0.00001175   0.00342804   0.3312   0.4859 13+[10, 0, 6]
 707   50.841172   50.839716   0.00001268   0.00356089   0.4079   0.7684 13-[17,11, 6]
 708   49.478110   49.475754   0.00001599   0.00399823   0.5125   0.4504 13-[13, 6, 7]
 709   44.000746   43.999088   0.00001637   0.00404562   0.4083   0.8882 13+[16,10, 6]
 710   37.443146   37.441616   0.00001750   0.00418305   0.3658   0.4577 13-[11, 1, 6]
 711   52.921212   52.918672   0.00002088   0.00456916   0.5484   0.4216 13+[12, 5, 7]
 712   37.432704   37.430707   0.00002282   0.00477737   0.4178   0.8921 13-[15, 9, 6]
 713   46.116213   46.112638   0.00003395   0.00582634   0.6121   0.5276 13+[12, 5, 7]
 714   46.939352   46.935588   0.00003464   0.00588563   0.6329   0.4774 13-[11, 4, 7]
 715   41.762688   41.758457   0.00004371   0.00661133   0.6376   0.4724 13+[10, 3, 7]
 716   43.310353   43.305607   0.00004783   0.00691602   0.6861   0.6139 13+[14, 8, 6]
 717   40.179070   40.173814   0.00005655   0.00751967   0.6988   0.4905 13-[13, 7, 6]
 718   44.052551   44.046810   0.00005676   0.00753341   0.7602   0.4834 13-[ 7, 0, 7]
 719   33.065398   33.058914   0.00008235   0.00907418   0.7142   0.4229 13+[14, 8, 6]
 720   31.191275   31.183667   0.00010150   0.01007420   0.7550   0.4593 13-[13, 7, 6]
 721   29.120265   29.111642   0.00012175   0.01103332   0.7813   0.4233 13+[12, 6, 6]
 722   24.878763   24.868749   0.00016070   0.01267559   0.7899   0.3939 13+[10, 4, 6]
 723   25.065029   25.054479   0.00016827   0.01297073   0.8132   0.3796 13+[ 6, 0, 6]
 724   19.231702   19.219694   0.00023534   0.01533883   0.7826   0.4885 13+[ 6, 0, 6]
 725   13.506387   13.492592   0.00034862   0.01866803   0.7387   0.4873 13-[ 7, 1, 6]
 726   59.301444   59.300719   0.00000000   0.00000000   0.3083   0.5440 15-[13, 3, 8]
 727   25.888311   25.888301   0.00000016   0.00039406   0.0255   0.6264 15+[10, 1, 7]
 728   25.299824   25.299808   0.00000026   0.00051030   0.0323   0.6199 15-[ 9, 0, 7]
 729   33.145363   33.145338   0.00000030   0.00055151   0.0441   0.5040 15+[10, 2, 8]
 730   37.548118   37.548082   0.00000036   0.00059650   0.0558   0.5759 15-[11, 3, 8]
 731   39.168900   39.168849   0.00000057   0.00075298   0.0684   0.4116 15-[13, 6, 7]
 732   34.728385   34.728338   0.00000058   0.00076055   0.0625   0.5479 15+[ 8, 0, 8]
 733   40.020179   40.020118   0.00000065   0.00080924   0.0750   0.4472 15-[11, 4, 7]
 734   32.409174   32.409099   0.00000095   0.00097293   0.0762   0.4457 15-[11, 1, 8]
 735   30.429891   30.429801   0.00000124   0.00111211   0.0816   0.3755 15+[12, 3, 7]
 736   36.405308   36.405189   0.00000138   0.00117624   0.1006   0.3922 15-[15, 6, 7]
 737   32.292435   32.292258   0.00000230   0.00151501   0.1169   0.4915 15-[13, 4, 7]
 738   39.370948   39.370672   0.00000303   0.00174091   0.1589   0.4687 15-[11, 0, 7]
 739   54.322614   54.322228   0.00000318   0.00178197   0.2162   0.6634 15-[15, 7, 8]
 740   52.145310   52.144718   0.00000429   0.00207019   0.2630   0.9027 15+[16, 8, 8]
 741   46.651299   46.650730   0.00000537   0.00231718   0.2454   0.9308 15-[17,10, 7]
 742   42.277474   42.276907   0.00000583   0.00241547   0.2346   0.4996 15-[11, 0, 7]
 743   43.569120   43.568489   0.00000629   0.00250833   0.2507   0.5664 15-[15, 7, 8]
 744   49.449668   49.448776   0.00000689   0.00262536   0.3154   0.7302 15+[14, 6, 8]
 745   47.988596   47.987772   0.00000751   0.00274037   0.2989   0.8865 15+[16, 9, 7]
 746   42.678481   42.677497   0.00000974   0.00312082   0.3103   0.7563 15-[15, 8, 7]
 747   42.861472   42.860433   0.00001015   0.00318584   0.3195   0.5598 15-[15, 8, 7]
 748   52.748092   52.746841   0.00001052   0.00324270   0.3844   0.4530 15+[12, 2, 8]
 749   38.239800   38.238534   0.00001421   0.00377006   0.3357   0.8577 15+[14, 7, 7]
 750   53.440232   53.438048   0.00001804   0.00424727   0.5107   0.5768 15+[10, 0, 8]
 751   48.642173   48.639445   0.00002483   0.00498291   0.5474   0.4580 15-[ 9, 1, 8]
 752   46.244208   46.241408   0.00002665   0.00516257   0.5424   0.4096 15+[12, 3, 7]
 753   46.067145   46.064055   0.00002944   0.00542620   0.5687   0.4195 15-[11, 4, 7]
 754   41.075195   41.070611   0.00004840   0.00695654   0.6588   0.4735 15-[13, 6, 7]
 755   36.881259   36.876842   0.00005116   0.00715238   0.6174   0.4746 15+[12, 5, 7]
 756   37.475278   37.469513   0.00006589   0.00811670   0.7103   0.3777 15-[11, 4, 7]
 757   30.000505   29.994357   0.00008472   0.00920418   0.6679   0.4188 15+[10, 3, 7]
 758   28.067884   28.059816   0.00011743   0.01083600   0.7444   0.4866 15+[ 8, 1, 7]
 760   36.441861   36.441844   0.00000016   0.00040259   0.0379   0.6467 17+[10, 1, 9]
 761   35.799321   35.799296   0.00000029   0.00054214   0.0458   0.5616 17-[ 9, 0, 9]
 762   32.757303   32.757280   0.00000031   0.00055314   0.0432   0.5078 17-[ 9, 1, 8]
 763   36.718857   36.718827   0.00000035   0.00059454   0.0511   0.5440 17-[11, 3, 8]
 764   34.049137   34.049090   0.00000059   0.00076757   0.0619   0.5575 17+[ 8, 0, 8]
 765   31.601833   31.601760   0.00000097   0.00098603   0.0747   0.4529 17-[11, 1, 8]
 766   53.215494   53.215336   0.00000132   0.00114885   0.1371   0.5486 17+[12, 3, 9]
 767   56.914273   56.914009   0.00000181   0.00134668   0.1827   0.6794 17-[13, 4, 9]
 768   46.670360   46.670081   0.00000262   0.00162008   0.1717   0.5434 17-[15, 6, 9]
 769   53.583993   53.583621   0.00000311   0.00176393   0.2112   0.7399 17+[16, 8, 8]
 770   52.599929   52.599517   0.00000350   0.00186983   0.2203   0.5882 17-[15, 7, 8]
 771   50.470369   50.469939   0.00000359   0.00189357   0.2209   0.5469 17+[14, 5, 9]
 772   43.686702   43.686185   0.00000507   0.00225259   0.2273   0.6138 17+[12, 3, 9]
 773   42.848654   42.848045   0.00000620   0.00249003   0.2447   0.6029 17+[14, 6, 8]
 774   41.114021   41.113329   0.00000730   0.00270188   0.2561   0.6658 17-[15, 7, 8]
 775   58.043829   58.042505   0.00001012   0.00318166   0.4128   0.6262 17-[11, 0, 9]
 776   39.372986   39.371996   0.00001084   0.00329221   0.3006   0.5497 17+[14, 6, 8]
 777   47.242618   47.241259   0.00001269   0.00356188   0.3813   0.4774 17-[11, 1, 8]
 778   48.378980   48.377130   0.00001693   0.00411405   0.4497   0.4129 17-[11, 3, 8]
 779   43.900024   43.897375   0.00002639   0.00513732   0.5156   0.4954 17+[10, 0, 8]
 780   37.055076   37.051633   0.00003973   0.00630325   0.5463   0.4445 17-[ 9, 1, 8]
 781   35.881285   35.881271   0.00000016   0.00040031   0.0338   0.5940 19+[10, 1, 9]
 782   35.355785   35.355760   0.00000030   0.00054548   0.0454   0.5764 19-[ 9, 0, 9]
 783   50.091719   50.091652   0.00000060   0.00077561   0.0874   0.6846 19-[11, 1,10]
 784   53.702905   53.702810   0.00000080   0.00089286   0.1071   0.6860 19-[13, 3,10]
 785   51.508677   51.508519   0.00000136   0.00116704   0.1349   0.7142 19+[10, 0,10]
 786   52.217638   52.217477   0.00000138   0.00117268   0.1372   0.5831 19+[12, 3, 9]
 787   54.521850   54.521648   0.00000166   0.00128992   0.1569   0.6829 19-[13, 4, 9]
 788   48.233755   48.233512   0.00000223   0.00149390   0.1629   0.5970 19-[11, 1,10]
 789   44.461466   44.461179   0.00000283   0.00168197   0.1707   0.5246 19+[14, 5, 9]
 790   49.580113   49.579717   0.00000355   0.00188464   0.2105   0.5587 19-[15, 6, 9]
 791   44.335477   44.334923   0.00000548   0.00234032   0.2369   0.6157 19-[13, 4, 9]
 792   50.802265   50.801460   0.00000705   0.00265446   0.3030   0.5327 19-[11, 0, 9]
 793   49.924715   49.923176   0.00001369   0.00369975   0.4159   0.5213 19+[12, 1, 9]
 794   54.405742   54.405703   0.00000032   0.00056561   0.0686   0.7165 21+[12, 1,11]
 795   49.319372   49.319303   0.00000062   0.00078625   0.0874   0.6853 21-[11, 1,10]
 796   53.659536   53.659453   0.00000069   0.00082938   0.0994   0.7165 21-[11, 0,11]
 797   52.641992   52.641895   0.00000083   0.00090835   0.1070   0.6807 21-[13, 3,10]
 798   49.802063   49.801901   0.00000145   0.00120264   0.1349   0.7156 21+[10, 0,10]
 799   45.588061   45.587806   0.00000247   0.00157044   0.1629   0.5972 21+[12, 2,10]
 800   53.854477   53.854438   0.00000033   0.00057073   0.0686   0.7142 23+[12, 1,11]
 801   52.426255   52.426171   0.00000072   0.00084685   0.0994   0.7142 23-[11, 0,11]
  Sum canonical e_v*V^2_k=  -3091.4551571068437     


 #quasiparticle energies protons 
 --------------------------------
  eqp(k) -> q.p. energy 
  e(k)   -> referent s.p. energy 
  p(k)   -> occ.probability 
  del(k) -> referent s.p. gap 
  fermi energy alast=  -23.865186632942461     
  #k  block#    eqp(k)     e(k)       (1-2N)E      decay        p(k)        del(k)    overl      labels
   1    1     1.345794  -24.417665   -0.552478    2.210202    0.70526104   1.2272   0.3022  1-[11,10, 1]
   2    1     1.397845  -24.422137   -0.556950    2.212482    0.69921738   1.2821   0.4113  1-[ 3, 1, 0]
   3    1     1.869885  -22.575083    1.290104    2.233056    0.15503123   1.3536   0.4152  1-[ 5, 2, 1]
   4    1     2.043706  -22.250797    1.614390    2.240585    0.10503381   1.2532   0.3859  1+[10,10, 0]
   5    1     2.615892  -21.611713    2.253474    2.265191    0.06927236   1.3284   0.4856  1-[ 5, 3, 0]
   6    1     3.213655  -26.757572   -2.892385    2.290615    0.95001493   1.4006   0.4008  1+[ 6, 5, 1]
   7    1     3.372689  -26.918880   -3.053694    2.297331    0.95270910   1.4318   0.5777  1+[ 2, 0, 0]
   8    1     4.042474  -20.101177    3.764010    2.325406    0.03444231   1.4744   0.3515  1+[12,11, 1]
   9    1     5.098087  -28.726131   -4.860945    2.368977    0.97674201   1.5368   0.3674  1+[10, 9, 1]
  10    1     5.674638  -29.025917   -5.160730    2.392440    0.95471893   2.3597   0.3964  1+[ 8, 6, 0]
  11    1     5.870045  -18.597275    5.267912    2.400340    0.05128863   2.5897   0.4605  1+[ 6, 4, 0]
  12    1     6.434539  -17.561630    6.303557    2.423016    0.01017808   1.2917   0.5602  1-[ 3, 0, 1]
  13    1     6.821473  -17.178935    6.686252    2.438439    0.00991144   1.3515   0.4458  1-[11,11, 0]
  14    1     7.380491  -31.115815   -7.250628    2.460549    0.99120232   1.3784   0.4944  1-[ 5, 4, 1]
  15    1     7.623580  -31.334678   -7.469491    2.470102    0.98989394   1.5250   0.5845  1+[ 2, 0, 0]
  16    1     8.331476  -15.644982    8.220205    2.497712    0.00667780   1.3571   0.3830  1-[11, 9, 0]
  17    1     9.085709  -14.826501    9.038686    2.526799    0.00258777   0.9232   0.4206  1-[ 7, 4, 1]
  18    1     9.414862  -33.128187   -9.263000    2.539388    0.99193502   1.6842   0.3341  1-[11,11, 0]
  19    1    10.047682  -13.955405    9.909781    2.563417    0.00686232   1.6590   0.4156  1-[ 7, 5, 0]
  20    1    11.087132  -34.798541  -10.933354    2.602406    0.99306507   1.8402   0.5708  1+[ 4, 3, 1]
  21    1    11.219842  -12.734496   11.130691    2.607342    0.00397290   1.4116   0.5983  1-[ 3, 0, 1]
  22    1    11.957480  -12.026323   11.838864    2.634608    0.00495993   1.6801   0.4740  1+[12,12, 0]
  23    1    12.375376  -36.133775  -12.268588    2.649930    0.99568549   1.6222   0.4978  1+[ 4, 2, 0]
  24    1    12.781576  -11.189101   12.676086    2.664740    0.00412666   1.6388   0.4177  1+[12,10, 0]
  25    1    13.581794  -37.292014  -13.426828    2.693676    0.99429507   2.0458   0.3993  1+[10,10, 0]
  26    1    13.973557  -10.044728   13.820458    2.707730    0.00547814   2.0628   0.4065  1+[ 4, 1, 1]
  27    1    14.143764  -11.070625   12.794562    2.713813    0.04769603   6.0287   0.3698  1+[ 4, 1, 1]
  28    1    14.243746  -36.570544  -12.705358    2.717380    0.94599776   6.4388   0.5743  1-[ 3, 2, 1]
  29    1    14.720437   -9.287068   14.578118    2.734323    0.00483404   2.0420   0.3609  1-[15,14, 1]
  30    1    16.563057   -7.676087   16.189099    2.798849    0.01128890   3.4997   0.4779  1+[ 6, 3, 1]
  31    1    16.655587  -40.112889  -16.247702    2.802050    0.98775531   3.6634   0.5640  1-[ 1, 0, 1]
  32    1    17.084936   -6.996762   16.868425    2.816856    0.00633631   2.7113   0.4017  1-[13,11, 0]
  33    1    17.638376  -36.034797  -12.169611    2.835827    0.84497537  12.7677   0.4130  1-[ 5, 5, 0]
  34    1    17.691128  -11.465478   12.399708    2.837628    0.14955010  12.6184   0.4967  1-[13,13, 0]
  35    1    18.985780   -4.909361   18.955826    2.881491    0.00078886   1.0661   0.5632  1+[ 4, 0, 0]
  36    1    19.371895  -43.029343  -19.164156    2.894444    0.99463814   2.8294   0.4439  1-[ 5, 4, 1]
  37    1    19.554588   -4.512065   19.353122    2.900553    0.00515138   2.7997   0.3914  1+[16,15, 1]
  38    1    19.972955   -3.930558   19.934629    2.914493    0.00095946   1.2367   0.4485  1-[ 7, 4, 1]
  39    1    20.656576  -44.452353  -20.587167    2.937130    0.99831992   1.6920   0.6689  1-[ 1, 0, 1]
  40    1    21.461821   -6.195987   17.669199    2.963572    0.08835740  12.1823   0.3332  1+[10, 6, 0]
  41    1    21.516287  -39.344342  -15.479155    2.965352    0.85970786  14.9448   0.4713  1+[ 4, 4, 0]
  42    1    21.575794   -4.528854   19.336333    2.967296    0.05189753   9.5719   0.3387  1+[ 8, 4, 0]
  43    1    22.655022   -1.239646   22.625540    3.002326    0.00065068   1.1554   0.5271  1+[14,14, 0]
  44    1    23.266436   -0.624867   23.240320    3.021991    0.00056124   1.1021   0.4909  1+[ 4, 0, 0]
  45    1    23.535580   -0.356466   23.508720    3.030608    0.00057063   1.1241   0.3732  1+[ 4, 0, 0]
  46    1    24.533456    0.642068   24.507255    3.062341    0.00053398   1.1335   0.3845  1-[13,12, 1]
  47    1    24.881249  -48.247555  -24.382368    3.073325    0.98997477   4.9575   0.5383  1-[ 3, 3, 0]
  48    1    25.162045  -15.794050    8.071137    3.082164    0.33961684  23.8324   0.3542  1-[ 7, 2, 1]
  49    1    25.326062  -31.955863   -8.090676    3.087315    0.65973024  23.9990   0.3624  1-[ 3, 2, 1]
  50    1    25.445549    1.192023   25.057209    3.091062    0.00763079   4.4286   0.3327  1-[13,10, 1]
  51    1    25.629402    1.649005   25.514191    3.096819    0.00224763   2.4274   0.4817  1-[ 5, 1, 0]
  52    1    26.380398    2.487915   26.353101    3.120225    0.00051737   1.1998   0.3573  1-[15,15, 0]
  53    1    26.575284    2.686624   26.551811    3.126271    0.00044164   1.1167   0.2958  1-[15,15, 0]
  54    1    27.778852    3.007795   26.872981    3.163349    0.01630504   7.0362   0.3331  1-[11, 7, 0]
  55    1    27.967469  -48.693553  -24.828367    3.169120    0.94387939  12.8737   0.6538  1+[ 2, 2, 0]
  56    1    28.023806    1.964995   25.830181    3.170842    0.03913860  10.8690   0.5842  1-[ 5, 0, 1]
  57    1    28.694399    4.805692   28.670879    3.191266    0.00040984   1.1616   0.2937  1+[12,10, 0]
  58    1    28.793210    4.913735   28.778922    3.194264    0.00024811   0.9070   0.3865  1+[14,11, 1]
  59    1    28.884744    4.996377   28.861564    3.197039    0.00040124   1.1569   0.4594  1-[ 9, 4, 1]
  60    1    29.230903    5.347627   29.212813    3.207512    0.00030943   1.0282   0.3236  1+[16,14, 0]
  61    1    29.969600    6.010951   29.876138    3.229747    0.00155929   2.3650   0.3073  1+[16,16, 0]
  62    1    30.345943   -4.181037   19.684150    3.241016    0.17567082  23.0957   0.3384  1-[ 7, 1, 0]
  63    1    30.367311  -43.344988  -19.479801    3.241655    0.82073636  23.2962   0.6352  1-[ 1, 1, 0]
  64    1    30.606831    6.635917   30.501104    3.248806    0.00172719   2.5418   0.3205  1+[10, 5, 1]
  65    1    31.137316    7.255267   31.120454    3.264587    0.00027078   1.0246   0.2938  1+[16,15, 1]
  66    1    31.701291    7.822052   31.687239    3.281281    0.00022163   0.9438   0.3676  1-[15,12, 1]
  67    1    31.929324    8.052173   31.917359    3.288007    0.00018736   0.8740   0.3046  1-[15,11, 0]
  68    1    32.280336    8.404693   32.269880    3.298334    0.00016196   0.8216   0.3780  1-[ 7, 2, 1]
  69    1    32.509432    8.625564   32.490751    3.305056    0.00028733   1.1020   0.5015  1+[ 6, 0, 0]
  70    1    32.910534    9.031403   32.896590    3.316793    0.00021185   0.9579   0.3035  1-[ 7, 2, 1]
  71    1    32.964629  -56.782298  -32.917111    3.318373    0.99927927   1.7693   0.6603  1+[ 0, 0, 0]
  72    1    33.195940    9.299714   33.164901    3.325119    0.00046752   1.4352   0.4431  1+[18,18, 0]
  73    1    33.682188  -42.903912  -19.038725    3.339256    0.78262305  27.7852   0.4108  1-[ 3, 3, 0]
  74    1    33.712300   -4.773977   19.091209    3.340130    0.21685098  27.7857   0.4109  1+[10, 4, 0]
  75    1    34.424378   10.545324   34.410511    3.360721    0.00020141   0.9770   0.3191  1+[16,12, 0]
  76    1    34.713410   10.837903   34.703090    3.369043    0.00014865   0.8464   0.2544  1-[13, 9, 0]
  77    1    34.909097   11.034614   34.899800    3.374665    0.00013316   0.8056   0.3257  1+[ 8, 3, 1]
  78    1    35.082255   11.206629   35.071815    3.379633    0.00014880   0.8558   0.2485  1-[19,18, 1]
  79    1    35.615450   11.739480   35.604667    3.394883    0.00015138   0.8763   0.4018  1-[11, 5, 0]
  80    1    36.042648   12.167719   36.032906    3.407053    0.00013515   0.8380   0.3581  1+[ 8, 1, 1]
  81    1    36.480589  -60.299332  -36.434145    3.419483    0.99936345   1.8402   0.4760  1+[ 2, 2, 0]
  82    1    36.641718   12.759853   36.625040    3.424045    0.00022758   1.1054   0.3142  1+[16,13, 1]
  83    1    36.932447   13.055725   36.920912    3.432261    0.00015617   0.9230   0.3878  1+[ 8, 2, 0]
  84    1    37.461860   13.588614   37.453801    3.447173    0.00010756   0.7770   0.3532  1-[ 9, 4, 1]
  85    1    38.015740   14.139920   38.005107    3.462704    0.00013986   0.8991   0.2912  1-[17,13, 0]
  86    1    38.183224   14.310884   38.176071    3.467387    0.00009367   0.7391   0.3396  1+[14,10, 0]
  87    1    38.725999   14.851521   38.716707    3.482520    0.00011997   0.8483   0.3530  1-[ 7, 0, 1]
  88    1    38.813775   14.938845   38.804032    3.484961    0.00012551   0.8696   0.3559  1+[20,19, 1]
  89    1    39.591564   15.718421   39.583607    3.506517    0.00010048   0.7937   0.3521  1-[19,17, 0]
  90    1    39.937354   16.063761   39.928948    3.516058    0.00010524   0.8194   0.3806  1+[ 8, 1, 1]
  91    1    40.308440   16.435311   40.300498    3.526268    0.00009852   0.8001   0.3738  1-[17,14, 1]
  92    1    40.597090   16.721280   40.586466    3.534190    0.00013084   0.9287   0.3760  1-[19,19, 0]
  93    1    40.956920   17.084491   40.949678    3.544040    0.00008842   0.7702   0.3119  1-[11, 4, 1]
  94    1    41.313088   17.439870   41.305056    3.553763    0.00009721   0.8146   0.3705  1-[19,19, 0]
  95    1    41.799349   17.926230   41.791416    3.566995    0.00009488   0.8143   0.2981  1+[10, 4, 0]
  96    1    42.557584   18.685070   42.550256    3.587530    0.00008609   0.7897   0.3921  1+[12, 5, 1]
  97    1    42.766612   18.893723   42.758910    3.593170    0.00009006   0.8117   0.3126  1+[18,15, 1]
  98    1    43.061810   19.188379   43.053566    3.601121    0.00009573   0.8426   0.2772  1-[21,20, 1]
  99    1    43.718864   19.846643   43.711829    3.618755    0.00008046   0.7843   0.3983  1+[20,18, 0]
 100    1    43.891801   20.016982   43.882168    3.623381    0.00010974   0.9195   0.2706  1-[11, 6, 1]
 101    1    44.119286   20.244623   44.109810    3.629459    0.00010739   0.9143   0.2389  1-[11, 6, 1]
 102    1    44.354351   20.481888   44.347075    3.635728    0.00008202   0.8034   0.2692  1-[17,11, 0]
 103    1    44.760318   20.887791   44.752978    3.646530    0.00008200   0.8106   0.2485  1+[14, 8, 0]
 104    1    45.427337   21.549609   45.414796    3.664209    0.00013804   1.0674   0.5822  1+[20,20, 0]
 105    1    45.809859   21.936746   45.801933    3.674309    0.00008651   0.8521   0.3569  1-[13, 6, 1]
 106    1    46.242895   22.370622   46.235809    3.685709    0.00007662   0.8095   0.4400  1-[19,16, 1]
 107    1    47.279880   23.408160   47.273347    3.712867    0.00006909   0.7860   0.4184  1+[ 8, 0, 0]
 108    1    47.564728   23.694279   47.559466    3.720292    0.00005531   0.7075   0.3917  1+[12, 7, 1]
 109    1    48.005269   24.134259   47.999446    3.731747    0.00006066   0.7477   0.3936  1+[ 8, 0, 0]
 110    1    48.522231   24.651552   48.516738    3.745144    0.00005660   0.7301   0.3149  1+[14, 7, 1]
 111    1    48.675353   24.801299   48.666485    3.749103    0.00009109   0.9291   0.4243  1-[21,19, 0]
 112    1    49.397251   25.526278   49.391465    3.767712    0.00005857   0.7561   0.3150  1+[18,14, 0]
 113    1    49.756571   25.884915   49.750102    3.776940    0.00006500   0.8023   0.2844  1+[14, 7, 1]
 114    1    49.957938   26.086262   49.951449    3.782102    0.00006495   0.8052   0.3264  1+[12, 4, 0]
 115    1    50.254251   26.383821   50.249007    3.789685    0.00005217   0.7259   0.3594  1-[13, 8, 1]
 116    1    50.878831   27.008304   50.873491    3.805618    0.00005248   0.7371   0.2711  1+[12, 6, 0]
 117    1    51.175769   27.303674   51.168861    3.813170    0.00006749   0.8408   0.3129  1+[22,20, 0]
 118    1    51.852937   27.980956   51.846143    3.830337    0.00006552   0.8394   0.3530  1+[18,16, 0]
 119    1    52.116438   28.245617   52.110804    3.836996    0.00005405   0.7663   0.3104  1-[15, 8, 1]
 120    1    52.796508   28.924311   52.789498    3.854129    0.00006639   0.8603   0.3974  1-[ 7, 0, 1]
 121    1    53.047891   29.176265   53.041451    3.860443    0.00006070   0.8266   0.2770  1-[21,18, 1]
 122    1    53.349012   29.478903   53.344090    3.867992    0.00004613   0.7247   0.3372  1+[14, 6, 0]
 123    1    54.141890   30.271431   54.136618    3.887801    0.00004869   0.7556   0.3009  1+[14, 6, 0]
 124    1    54.403000   30.528134   54.393320    3.894302    0.00008896   1.0262   0.3787  1+[20,19, 1]
 125    1    55.045704   31.173754   55.038940    3.910259    0.00006143   0.8629   0.2558  1+[20,19, 1]
 126    1    55.474742   31.604925   55.470112    3.920874    0.00004174   0.7168   0.3269  1-[17,11, 0]
 127    1    55.949150   32.076413   55.941600    3.932579    0.00006748   0.9192   0.4306  1+[ 8, 1, 1]
 128    1    56.451021   32.574656   56.439842    3.944924    0.00009901   1.1234   0.5503  1-[21,20, 1]
 129    1    57.066546   33.194799   57.059986    3.960011    0.00005748   0.8652   0.3809  1+[16, 9, 1]
 130    1    57.382409   33.512062   57.377249    3.967731    0.00004496   0.7695   0.4978  1-[15, 7, 0]
 131    1    58.267679   34.398288   58.263474    3.989289    0.00003608   0.7000   0.3564  1+[16,12, 0]
 132    1    58.490735   34.620551   58.485737    3.994702    0.00004272   0.7646   0.2941  1-[15,10, 1]
 133    1    58.902995   35.030879   58.896066    4.004688    0.00005882   0.9035   0.4643  1-[13, 4, 1]
 134    1    59.391194   35.521088   59.386274    4.016482    0.00004142   0.7644   0.3587  1+[18,12, 0]
 135    1    60.318215   36.446233   60.311420    4.038780    0.00005632   0.9053   0.4714  1+[22,19, 1]
 136    1    60.487996   36.617855   60.483041    4.042851    0.00004095   0.7742   0.4032  1-[17,10, 1]
 137    1    61.756784   37.885549   61.750736    4.073143    0.00004897   0.8643   0.5225  1+[12, 4, 0]
 138    1    62.337065   38.467191   62.332377    4.086922    0.00003760   0.7645   0.2743  1-[21,17, 0]
 139    1    62.407256   38.537585   62.402771    4.088585    0.00003593   0.7481   0.3655  1+[14, 5, 1]
 140    1    62.810780   38.939594   62.804781    4.098136    0.00004775   0.8681   0.3955  1-[19,16, 1]
 141    1    63.022919   39.154200   63.019387    4.103148    0.00002802   0.6673   0.4418  1-[19,13, 0]
 142    1    63.454095   39.585007   63.450194    4.113316    0.00003074   0.7036   0.4541  1+[20,15, 1]
 143    1    65.435109   41.561718   65.426905    4.159714    0.00006269   1.0361   0.5296  1+[10, 0, 0]
 144    1    65.668072   41.795621   65.660807    4.165136    0.00005531   0.9768   0.5380  1-[11, 2, 1]
 145    1    65.993308   42.118115   65.983302    4.172694    0.00007581   1.1491   0.4730  1-[21,19, 0]
 146    1    67.559867   43.685175   67.550361    4.208910    0.00007035   1.1333   0.5915  1+[22,20, 0]
 147    1    68.607465   44.734825   68.600012    4.232955    0.00005431   1.0112   0.5855  1+[10, 0, 0]
 148    1    69.623917   45.753197   69.618384    4.256156    0.00003974   0.8778   0.5705  1+[16, 9, 1]
 149    1    70.691151   46.820456   70.685643    4.280380    0.00003896   0.8825   0.4911  1-[15, 7, 0]
 150    1    71.452670   47.583029   71.448216    4.297582    0.00003117   0.7978   0.4165  1+[18,12, 0]
 151    1    71.557216   47.687681   71.552867    4.299938    0.00003039   0.7889   0.4859  1-[17,10, 1]
 152    1    72.852589   48.980432   72.845619    4.329026    0.00004784   1.0078   0.6049  1+[12, 2, 0]
 153    1    73.645241   49.774610   73.639796    4.346729    0.00003697   0.8955   0.5081  1+[20,16, 0]
 154    1    74.257086   50.385930   74.251117    4.360345    0.00004019   0.9415   0.5469  1+[14, 5, 1]
 155    1    75.312358   51.441671   75.306857    4.383729    0.00003652   0.9102   0.3255  1-[19,14, 1]
 156    1    75.628333   51.756610   75.621797    4.390707    0.00004321   0.9943   0.5860  1-[13, 3, 0]
 157    1    76.264223   52.392172   76.257359    4.404715    0.00004500   1.0232   0.6964  1-[11, 0, 1]
 158    1    76.650207   52.778597   76.643784    4.413197    0.00004190   0.9923   0.3829  1+[16, 8, 0]
 159    1    77.043801   53.172746   77.037933    4.421829    0.00003808   0.9509   0.4148  1+[22,19, 1]
 160    1    77.262765   53.393509   77.258696    4.426624    0.00002634   0.7930   0.3984  1-[19,13, 0]
 161    1    77.848505   53.977139   77.842326    4.439425    0.00003968   0.9808   0.3687  1-[15, 6, 1]
 162    1    78.441603   54.570504   78.435691    4.452349    0.00003769   0.9631   0.4244  1+[20,15, 1]
 163    1    79.213874   55.343542   79.208729    4.469122    0.00003248   0.9028   0.4166  1+[20,15, 1]
 164    1    79.556796   55.684957   79.550144    4.476550    0.00004181   1.0288   0.6803  1+[12, 1, 1]
 165    1    80.368794   56.498766   80.363953    4.494089    0.00003012   0.8821   0.5271  1-[21,18, 1]
 166    2     1.415859  -24.062809   -0.197622    2.213271    0.56978877   1.4020   0.3141  3-[ 5, 2, 1]
 167    2     1.432820  -23.567653    0.297534    2.214013    0.39617189   1.4016   0.3154  3-[ 3, 1, 2]
 168    2     1.973929  -22.399026    1.466160    2.237566    0.12861884   1.3217   0.3751  3+[12,11, 1]
 169    2     2.483716  -25.884897   -2.019711    2.259531    0.90659057   1.4455   0.5290  3+[ 2, 0, 2]
 170    2     3.278237  -26.748507   -2.883321    2.293345    0.93976698   1.5599   0.3987  3-[11,10, 1]
 171    2     3.572383  -20.677082    3.188105    2.305737    0.05378466   1.6118   0.4801  3-[ 5, 3, 2]
 172    2     4.490954  -28.179163   -4.313977    2.344016    0.98029620   1.2483   0.4523  3+[ 6, 4, 2]
 173    2     4.722133  -19.319847    4.545339    2.353552    0.01871967   1.2800   0.5656  3-[ 3, 0, 1]
 174    2     6.042065  -17.977885    5.887301    2.407273    0.01280723   1.3588   0.3624  3-[13,12, 1]
 175    2     6.815971  -23.610267    0.254920    2.438220    0.48129981   6.8112   0.2927  3+[10, 9, 1]
 176    2     6.902770  -24.072454   -0.207267    2.441666    0.51501334   6.8997   0.2928  3+[ 6, 4, 2]
 177    2     7.346815  -17.813595    6.051591    2.459223    0.08814863   4.1658   0.3445  3+[ 6, 3, 1]
 178    2     7.378462  -29.896182   -6.030996    2.460469    0.90868921   4.2507   0.4894  3+[ 2, 0, 2]
 179    2     9.450108  -14.497059    9.368127    2.540732    0.00433753   1.2421   0.5849  3-[ 3, 0, 1]
 180    2    10.597135  -25.380542   -1.515355    2.584100    0.57149835  10.4882   0.4119  3-[ 5, 4, 1]
 181    2    10.687822  -22.114725    1.750461    2.587498    0.41810954  10.5435   0.3458  3-[ 5, 4, 1]
 182    2    10.857759  -13.296545   10.568641    2.593853    0.01331387   2.4889   0.4084  3-[ 7, 5, 2]
 183    2    12.367922  -11.680047   12.185139    2.649658    0.00738938   2.1185   0.5284  3+[ 4, 1, 1]
 184    2    12.397506  -36.040969  -12.175783    2.650739    0.99105776   2.3342   0.5041  3+[ 4, 2, 2]
 185    2    13.989251  -37.713313  -13.848127    2.708292    0.99495598   1.9821   0.5901  3+[ 4, 3, 1]
 186    2    14.166710   -9.787791   14.077396    2.714632    0.00315226   1.5883   0.3558  3+[ 6, 2, 2]
 187    2    14.417255   -9.510398   14.354789    2.723559    0.00216637   1.3406   0.3591  3+[10, 7, 1]
 188    2    15.472941   -8.455378   15.409809    2.760857    0.00204006   1.3963   0.4367  3+[12,10, 2]
 189    2    15.521892   -8.395558   15.469628    2.762574    0.00168355   1.2727   0.4202  3+[12,11, 1]
 190    2    16.897735  -40.681693  -16.816506    2.810410    0.99759645   1.6549   0.6324  3-[ 3, 2, 1]
 191    2    17.854481   -6.067372   17.797815    2.843200    0.00158687   1.4214   0.4604  3-[11, 8, 1]
 192    2    19.075978  -42.781131  -18.915944    2.884522    0.99580536   2.4658   0.5670  3+[ 2, 1, 1]
 193    2    19.223188   -4.758706   19.106480    2.889463    0.00303559   2.1150   0.5537  3+[ 4, 0, 2]
 194    2    19.631205   -4.274516   19.590670    2.903111    0.00103241   1.2609   0.4109  3-[13,11, 2]
 195    2    20.452888   -3.453627   20.411559    2.930404    0.00101034   1.2996   0.3786  3-[13,12, 1]
 196    2    21.551920   -2.361336   21.503851    2.966516    0.00111521   1.4386   0.3958  3+[ 8, 5, 1]
 197    2    21.896744  -45.694482  -21.829295    2.977757    0.99845985   1.7173   0.4959  3-[ 5, 4, 1]
 198    2    22.175056   -1.708946   22.156240    2.986798    0.00042425   0.9133   0.4300  3+[ 8, 4, 2]
 199    2    22.633948  -46.417521  -22.552334    3.001646    0.99819709   1.9204   0.7174  3-[ 1, 0, 1]
 200    2    23.843597   -0.045811   23.819376    3.040438    0.00050792   1.0745   0.5775  3+[ 4, 0, 2]
 201    2    24.067485    0.176233   24.041419    3.047564    0.00054153   1.1198   0.3413  3+[14,12, 2]
 202    2    24.642746    0.677113   24.542299    3.065797    0.00203806   2.2227   0.4446  3-[ 7, 2, 1]
 203    2    24.925565    1.035776   24.900963    3.074721    0.00049351   1.1072   0.5204  3-[13,10, 1]
 204    2    25.944892    2.055636   25.920822    3.106674    0.00046386   1.1173   0.4375  3+[14,13, 1]
 205    2    26.468853    2.582411   26.447597    3.122971    0.00040152   1.0606   0.5640  3-[ 5, 1, 2]
 206    2    26.775610  -50.492285  -26.627098    3.132473    0.99722673   2.8162   0.4932  3-[ 3, 2, 1]
 207    2    27.510040    3.604057   27.469244    3.155106    0.00074147   1.4976   0.6191  3-[ 5, 0, 1]
 208    2    27.808843    3.927901   27.793088    3.164267    0.00028328   0.9360   0.2705  3-[13,11, 2]
 209    2    28.103862    4.222780   28.087966    3.173287    0.00028280   0.9451   0.4309  3+[14,11, 1]
 210    2    28.333630    4.449865   28.315052    3.180295    0.00032786   1.0259   0.4103  3+[ 6, 1, 1]
 211    2    28.919218    5.040471   28.905658    3.198084    0.00023446   0.8855   0.4369  3-[11, 7, 2]
 212    2    29.989885    6.113472   29.978659    3.230356    0.00018717   0.8205   0.4241  3+[10, 5, 1]
 213    2    30.303898    6.426261   30.291448    3.239759    0.00020542   0.8686   0.4152  3+[16,15, 1]
 214    2    30.513157    6.631939   30.497126    3.246011    0.00026269   0.9890   0.3555  3+[16,14, 2]
 215    2    30.723529    6.847791   30.712978    3.252284    0.00017172   0.8051   0.2690  3+[12, 8, 2]
 216    2    31.381768    7.507164   31.372351    3.271833    0.00015004   0.7687   0.4514  3+[ 6, 0, 2]
 217    2    31.943887    8.068870   31.934057    3.288436    0.00015387   0.7924   0.3275  3-[ 7, 2, 1]
 218    2    32.078520    8.204718   32.069905    3.292400    0.00013429   0.7434   0.3803  3-[ 7, 2, 1]
 219    2    32.801350    8.925862   32.791048    3.313602    0.00015703   0.8220   0.3264  3-[17,15, 2]
 220    2    33.293878    9.422229   33.287416    3.327971    0.00009705   0.6559   0.5594  3+[ 6, 0, 2]
 221    2    33.751602    9.876958   33.742145    3.341270    0.00014011   0.7990   0.3180  3+[16,13, 1]
 222    2    34.037750   10.162539   34.027726    3.349557    0.00014724   0.8260   0.3693  3-[15,12, 1]
 223    2    34.430690   10.556742   34.421928    3.360903    0.00012723   0.7767   0.2581  3+[ 8, 3, 1]
 224    2    34.673201   10.801550   34.666737    3.367886    0.00009322   0.6695   0.3747  3+[ 8, 2, 2]
 225    2    35.069392   11.195689   35.060876    3.379264    0.00012141   0.7728   0.3312  3-[17,15, 2]
 226    2    35.473468   11.598225   35.463412    3.390829    0.00014174   0.8446   0.4355  3-[ 7, 0, 1]
 227    2    36.163256   12.287152   36.152339    3.410480    0.00015095   0.8885   0.2629  3+[14,12, 2]
 228    2    36.283538   12.412177   36.277363    3.413896    0.00008509   0.6694   0.3614  3-[11, 5, 2]
 229    2    37.014870   13.142809   37.007996    3.434587    0.00009286   0.7133   0.3188  3-[ 9, 4, 1]
 230    2    37.235978   13.362511   37.227698    3.440818    0.00011119   0.7852   0.4184  3+[18,17, 1]
 231    2    37.555644   13.684336   37.549523    3.449807    0.00008149   0.6780   0.3585  3+[18,16, 2]
 232    2    38.070292   14.195339   38.060526    3.464230    0.00012826   0.8623   0.4381  3-[ 7, 0, 1]
 233    2    38.577986   14.703594   38.568780    3.478400    0.00011931   0.8427   0.3103  3+[14,10, 2]
 234    2    38.825427   14.953622   38.818808    3.485285    0.00008524   0.7169   0.3164  3+[ 8, 2, 2]
 235    2    39.371882   15.497970   39.363157    3.500442    0.00011081   0.8288   0.4066  3+[ 8, 1, 1]
 236    2    39.810419   15.938573   39.803759    3.512558    0.00008364   0.7282   0.2829  3-[17,14, 1]
 237    2    40.056726   16.183813   40.049000    3.519345    0.00009644   0.7867   0.3033  3+[10, 5, 1]
 238    2    40.275104   16.401962   40.267149    3.525352    0.00009876   0.8005   0.3376  3-[21,20, 1]
 239    2    40.714382   16.840263   40.705449    3.537403    0.00010970   0.8528   0.2848  3-[21,20, 1]
 240    2    41.611095   17.740444   41.605630    3.561878    0.00006566   0.6743   0.3051  3-[ 9, 3, 2]
 241    2    41.723885   17.852451   41.717638    3.564944    0.00007487   0.7220   0.3864  3+[12, 5, 1]
 242    2    42.265711   18.394794   42.259981    3.579639    0.00006778   0.6959   0.3211  3+[18,15, 1]
 243    2    42.905960   19.034290   42.899477    3.596925    0.00007555   0.7458   0.3160  3+[16,12, 2]
 244    2    43.287712   19.415630   43.280817    3.607193    0.00007964   0.7726   0.3449  3-[11, 6, 1]
 245    2    44.204773   20.330323   44.195509    3.631740    0.00010478   0.9049   0.4809  3+[20,18, 2]
 246    2    44.482558   20.610633   44.475819    3.639143    0.00007574   0.7742   0.3935  3+[10, 4, 2]
 247    2    44.529705   20.658024   44.523211    3.640398    0.00007292   0.7605   0.3906  3-[ 9, 2, 1]
 248    2    45.080408   21.207209   45.072395    3.655024    0.00008887   0.8499   0.3524  3-[ 9, 1, 2]
 249    2    45.336459   21.465580   45.330767    3.661805    0.00006278   0.7184   0.3893  3-[19,16, 1]
 250    2    46.215269   22.343808   46.208995    3.684983    0.00006787   0.7615   0.3109  3-[11, 7, 2]
 251    2    46.945395   23.074641   46.939828    3.704129    0.00005929   0.7230   0.3438  3+[16,11, 1]
 252    2    47.855094   23.983574   47.848760    3.727846    0.00006617   0.7785   0.3185  3-[11, 5, 2]
 253    2    48.309362   24.439179   48.304365    3.739634    0.00005172   0.6948   0.4487  3+[14, 7, 1]
 254    2    48.427301   24.553182   48.418368    3.742688    0.00009222   0.9301   0.3644  3+[ 8, 0, 2]
 255    2    48.881208   25.008883   48.874069    3.754419    0.00007302   0.8354   0.3226  3+[ 8, 0, 2]
 256    2    49.299516   25.427362   49.292548    3.765198    0.00007067   0.8288   0.2892  3-[11, 4, 1]
 257    2    49.499744   25.624129   49.489316    3.770347    0.00010534   1.0160   0.3966  3-[21,19, 2]
 258    2    49.723521   25.850102   49.715289    3.776092    0.00008278   0.9048   0.3945  3+[20,19, 1]
 259    2    49.874299   26.003651   49.868838    3.779959    0.00005475   0.7381   0.3749  3+[18,14, 2]
 260    2    50.503320   26.631746   50.496932    3.796047    0.00006324   0.8032   0.4403  3+[12, 4, 2]
 261    2    51.306284   27.435139   51.300325    3.816485    0.00005807   0.7819   0.2616  3-[15, 8, 1]
 262    2    51.658011   27.787199   51.652386    3.825403    0.00005445   0.7624   0.3258  3+[12, 6, 2]
 263    2    52.040133   28.166981   52.032167    3.835068    0.00007654   0.9105   0.2807  3-[19,18, 1]
 264    2    52.204661   28.332041   52.197228    3.839223    0.00007119   0.8809   0.4765  3-[ 9, 0, 1]
 265    2    52.650779   28.779648   52.644835    3.850464    0.00005645   0.7912   0.4415  3-[13, 5, 2]
 266    2    53.308851   29.438997   53.304184    3.866986    0.00004377   0.7054   0.3357  3+[18,13, 1]
 267    2    53.508730   29.633338   53.498525    3.871991    0.00009536   1.0450   0.4746  3+[22,20, 2]
 268    2    53.608891   29.736426   53.601612    3.874496    0.00006788   0.8834   0.3864  3-[21,20, 1]
 269    2    54.328194   30.457123   54.322310    3.892441    0.00005416   0.7996   0.2534  3-[19,15, 2]
 270    2    54.831265   30.960059   54.825245    3.904942    0.00005490   0.8125   0.3896  3+[14, 6, 2]
 271    2    55.195267   31.322783   55.187970    3.913963    0.00006611   0.8975   0.4256  3+[ 8, 1, 1]
 272    2    55.892387   32.023795   55.888981    3.931180    0.00003047   0.6170   0.4125  3-[17,11, 2]
 273    2    56.296377   32.425468   56.290654    3.941124    0.00005083   0.8027   0.3705  3+[16, 9, 1]
 274    2    57.316218   33.445672   57.310859    3.966115    0.00004675   0.7838   0.3719  3-[15, 6, 1]
 275    2    58.069632   34.197723   58.062910    3.984476    0.00005788   0.8835   0.4777  3-[13, 4, 1]
 276    2    58.467857   34.596998   58.462185    3.994148    0.00004851   0.8144   0.4200  3-[15, 7, 2]
 277    2    58.890727   35.019773   58.884960    4.004392    0.00004897   0.8242   0.3566  3+[22,19, 1]
 278    2    59.167142   35.296685   59.161872    4.011074    0.00004453   0.7897   0.3588  3+[20,16, 2]
 279    2    59.754519   35.884916   59.750102    4.025236    0.00003695   0.7265   0.3266  3+[18,12, 2]
 280    2    60.146620   36.276843   60.142029    4.034662    0.00003816   0.7431   0.3824  3+[20,16, 2]
 281    2    61.364835   37.494834   61.360021    4.063809    0.00003922   0.7686   0.5121  3+[12, 3, 1]
 282    2    61.840935   37.970616   61.835802    4.075144    0.00004150   0.7968   0.4798  3-[19,16, 1]
 283    2    62.628247   38.758090   62.623276    4.093819    0.00003969   0.7891   0.3990  3+[12, 4, 2]
 284    2    62.698502   38.828629   62.693816    4.095481    0.00003737   0.7666   0.3793  3+[20,15, 1]
 285    2    63.099518   39.229631   63.094818    4.104956    0.00003725   0.7702   0.5079  3-[21,17, 2]
 286    2    63.731347   39.862881   63.728067    4.119841    0.00002573   0.6466   0.4775  3-[19,13, 2]
 287    2    64.647661   40.775520   64.640707    4.141333    0.00005379   0.9482   0.5782  3-[11, 2, 1]
 288    2    66.290476   42.417064   66.282251    4.179588    0.00006204   1.0443   0.5528  3+[10, 0, 2]
 289    2    67.227460   43.350485   67.215672    4.201251    0.00008767   1.2589   0.5662  3-[21,19, 2]
 290    2    68.628601   44.757587   68.622774    4.233439    0.00004245   0.8943   0.5885  3+[16, 9, 1]
 291    2    69.061335   45.186312   69.051499    4.243330    0.00007121   1.1655   0.5277  3+[22,20, 2]
 292    2    69.484555   45.612356   69.477542    4.252982    0.00005046   0.9872   0.5702  3+[10, 0, 2]
 293    2    70.567325   46.698046   70.563233    4.277576    0.00002899   0.7599   0.5318  3-[17,10, 1]
 294    2    71.744314   47.873655   71.738841    4.304151    0.00003814   0.8861   0.4615  3-[15, 7, 2]
 295    2    72.198047   48.328072   72.193259    4.314352    0.00003316   0.8315   0.3531  3+[18,12, 2]
 296    2    73.067234   49.195792   73.060979    4.333827    0.00004280   0.9560   0.5327  3+[14, 5, 1]
 297    2    73.538736   49.666809   73.531996    4.344354    0.00004583   0.9957   0.3781  3+[18,14, 2]
 298    2    73.872269   50.000253   73.865440    4.351786    0.00004622   1.0044   0.4724  3+[12, 2, 2]
 299    2    74.429683   50.559410   74.424597    4.364178    0.00003417   0.8701   0.3834  3-[19,14, 1]
 300    2    75.164377   51.292358   75.157544    4.380457    0.00004545   1.0135   0.6969  3-[11, 0, 1]
 301    2    75.948231   52.076981   75.942168    4.397760    0.00003992   0.9597   0.3145  3+[22,19, 1]
 302    2    76.554872   52.683442   76.548628    4.411104    0.00004078   0.9777   0.5311  3-[13, 3, 2]
 303    2    76.713753   52.842988   76.708174    4.414592    0.00003636   0.9251   0.4256  3-[23,20, 1]
 304    2    77.083619   53.212484   77.077670    4.422701    0.00003859   0.9576   0.4107  3-[15, 6, 1]
 305    2    77.479721   53.609252   77.474439    4.431370    0.00003409   0.9047   0.3771  3+[16, 8, 2]
 306    2    78.134197   54.264151   78.129338    4.445655    0.00003109   0.8714   0.3457  3-[19,13, 2]
 307    2    78.335972   54.464463   78.329649    4.450050    0.00004036   0.9953   0.6330  3+[12, 1, 1]
 308    2    78.675712   54.806075   78.671262    4.457441    0.00002828   0.8368   0.4124  3-[19,13, 2]
 309    2    80.289089   56.418913   80.284100    4.492370    0.00003107   0.8951   0.4480  3-[21,17, 2]
 310    3     1.477531  -23.233959    0.631228    2.215969    0.28639102   1.3359   0.4408  5+[ 6, 4, 2]
 311    3     1.912476  -22.644584    1.220602    2.234904    0.18088424   1.4723   0.4482  5-[ 5, 2, 3]
 312    3     2.876981  -26.381410   -2.516224    2.276330    0.93730287   1.3949   0.5272  5-[ 5, 3, 2]
 313    3     4.520507  -19.581899    4.283288    2.345237    0.02623812   1.4451   0.4945  5-[ 7, 5, 2]
 314    3     5.418845  -29.089063   -5.223876    2.382059    0.98201013   1.4405   0.5222  5+[ 4, 2, 2]
 315    3     6.782191  -17.232055    6.633132    2.436877    0.01098903   1.4141   0.5568  5-[ 3, 0, 3]
 316    3     7.678807  -31.293455   -7.428269    2.472267    0.98368636   1.9455   0.6122  5+[ 2, 0, 2]
 317    3     8.356358  -15.732483    8.132704    2.498677    0.01338227   1.9204   0.4682  5+[12,10, 2]
 318    3    10.045424  -33.769203   -9.904017    2.563332    0.99296157   1.6796   0.4443  5+[ 6, 4, 2]
 319    3    10.204796  -13.783706   10.081481    2.569348    0.00604203   1.5816   0.4342  5-[ 7, 4, 3]
 320    3    11.590812  -12.349599   11.515587    2.621090    0.00324503   1.3184   0.4048  5+[ 6, 2, 2]
 321    3    11.825719  -35.558667  -11.693480    2.629758    0.99440883   1.7636   0.6355  5+[ 2, 0, 2]
 322    3    12.029293  -11.937963   11.927224    2.637247    0.00424253   1.5637   0.4731  5-[ 3, 0, 3]
 323    3    12.518648  -11.417134   12.448053    2.655163    0.00281958   1.3276   0.4044  5-[13,11, 2]
 324    3    15.173989   -8.745957   15.119229    2.750346    0.00180439   1.2880   0.6062  5+[ 4, 1, 3]
 325    3    16.423238  -40.212158  -16.346972    2.794005    0.99767809   1.5809   0.5021  5+[ 4, 2, 2]
 326    3    16.545424   -7.362239   16.502948    2.798238    0.00128365   1.1848   0.3744  5+[ 4, 0, 2]
 327    3    17.048865   -6.859532   17.005655    2.815615    0.00126726   1.2131   0.3882  5+[ 4, 0, 2]
 328    3    17.677009   -6.230481   17.634706    2.837146    0.00119654   1.2222   0.5112  5+[10, 7, 3]
 329    3    19.660886   -4.221633   19.643554    2.904101    0.00044078   0.8254   0.4081  5+[ 8, 4, 2]
 330    3    20.620985   -3.278184   20.587002    2.935956    0.00082398   1.1834   0.4132  5-[11, 8, 3]
 331    3    21.703399   -2.190949   21.674238    2.971459    0.00067182   1.1247   0.4725  5+[ 4, 0, 2]
 332    3    21.774461   -2.123682   21.741505    2.973775    0.00075675   1.1975   0.3742  5+[12,10, 2]
 333    3    23.938562    0.052632   23.917819    3.043463    0.00043326   0.9963   0.4684  5-[ 5, 1, 2]
 334    3    24.833266    0.944271   24.809457    3.071812    0.00047936   1.0872   0.4425  5+[12, 9, 3]
 335    3    25.713572    1.833385   25.698572    3.099451    0.00029168   0.8782   0.4586  5-[ 7, 2, 3]
 336    3    26.267856    2.385238   26.250424    3.116729    0.00033181   0.9568   0.4364  5-[11, 7, 2]
 337    3    26.521791    2.632814   26.498000    3.124613    0.00044852   1.1231   0.4569  5-[13,11, 2]
 338    3    28.356245    4.471083   28.336270    3.180983    0.00035221   1.0641   0.4956  5-[13,10, 3]
 339    3    29.042849    5.165210   29.030397    3.201827    0.00021438   0.8504   0.4588  5+[12, 8, 2]
 340    3    29.570953    5.696037   29.561224    3.217767    0.00016450   0.7585   0.6380  5-[ 5, 0, 3]
 341    3    30.622503    6.745917   30.611104    3.249273    0.00018613   0.8355   0.3375  5+[ 6, 0, 2]
 342    3    30.807255    6.932582   30.797768    3.254777    0.00015396   0.7645   0.2766  5-[15,13, 2]
 343    3    30.919461    7.045619   30.910805    3.258115    0.00013997   0.7316   0.3501  5+[ 6, 1, 3]
 344    3    31.693561    7.814555   31.679742    3.281053    0.00021802   0.9358   0.4302  5+[14,11, 3]
 345    3    31.973311    8.095813   31.961000    3.289303    0.00019252   0.8872   0.3023  5-[13, 9, 2]
 346    3    32.435126    8.562978   32.428165    3.302877    0.00010731   0.6720   0.5694  5+[ 6, 0, 2]
 347    3    32.583647    8.711639   32.576826    3.307231    0.00010467   0.6667   0.4187  5+[10, 5, 3]
 348    3    33.397783    9.523862   33.389048    3.330995    0.00013077   0.7638   0.2684  5+[16,14, 2]
 349    3    33.790611    9.919102   33.784288    3.342401    0.00009355   0.6536   0.4007  5+[10, 4, 2]
 350    3    34.041953   10.169673   34.034860    3.349678    0.00010418   0.6949   0.3690  5-[ 7, 2, 3]
 351    3    35.042497   11.169455   35.034642    3.378493    0.00011208   0.7419   0.2769  5-[ 9, 5, 2]
 352    3    35.435391   11.564610   35.429797    3.389741    0.00007894   0.6296   0.4567  5-[ 7, 1, 2]
 353    3    35.860255   11.985369   35.850556    3.401862    0.00013523   0.8340   0.3594  5+[14,10, 2]
 354    3    36.272819   12.398360   36.263546    3.413591    0.00012782   0.8201   0.2947  5-[17,14, 3]
 355    3    36.432036   12.560061   36.425247    3.418107    0.00009317   0.7033   0.3644  5+[14, 9, 3]
 356    3    36.952181   13.079801   36.944988    3.432818    0.00009733   0.7291   0.4008  5-[ 7, 0, 3]
 357    3    37.435354   13.562170   37.427357    3.446428    0.00010680   0.7737   0.4088  5+[ 8, 2, 2]
 358    3    37.927402   14.056168   37.921355    3.460232    0.00007972   0.6773   0.3333  5+[ 8, 3, 3]
 359    3    38.572936   14.701596   38.566783    3.478259    0.00007976   0.6890   0.3107  5-[17,15, 2]
 360    3    39.008651   15.135985   39.001172    3.490374    0.00009586   0.7638   0.3532  5-[ 9, 4, 3]
 361    3    39.429609   15.554984   39.420171    3.502039    0.00011969   0.8627   0.2985  5+[20,18, 2]
 362    3    39.952154   16.080321   39.945507    3.516466    0.00008318   0.7287   0.3607  5+[10, 3, 3]
 363    3    40.523576   16.652793   40.517979    3.532174    0.00006905   0.6735   0.2774  5-[17,14, 3]
 364    3    40.576797   16.704814   40.570000    3.533633    0.00008374   0.7426   0.3312  5-[ 9, 3, 2]
 365    3    41.362803   17.491994   41.357180    3.555118    0.00006797   0.6820   0.3088  5+[20,18, 2]
 366    3    41.714959   17.843807   41.708994    3.564702    0.00007150   0.7054   0.3906  5-[11, 4, 3]
 367    3    42.429733   18.558385   42.423571    3.584075    0.00007261   0.7231   0.3347  5+[10, 5, 3]
 368    3    43.146138   19.275375   43.140562    3.603389    0.00006461   0.6936   0.2655  5+[10, 4, 2]
 369    3    43.476013   19.600747   43.465933    3.612247    0.00011592   0.9361   0.3559  5-[ 9, 1, 2]
 370    3    43.487435   19.613901   43.479087    3.612553    0.00009598   0.8521   0.3150  5+[16,12, 2]
 371    3    43.796060   19.923692   43.788878    3.620821    0.00008199   0.7931   0.3239  5+[12, 5, 3]
 372    3    44.144487   20.272338   44.137525    3.630132    0.00007886   0.7840   0.2957  5+[12, 5, 3]
 373    3    44.745136   20.872663   44.737850    3.646127    0.00008142   0.8075   0.2778  5+[14, 8, 2]
 374    3    45.197289   21.327271   45.192458    3.658121    0.00005344   0.6608   0.3782  5-[11, 6, 3]
 375    3    46.419867   22.548961   46.414147    3.690358    0.00006161   0.7287   0.3328  5-[21,19, 2]
 376    3    46.673431   22.801768   46.666954    3.697009    0.00006938   0.7775   0.3657  5-[13, 6, 3]
 377    3    46.958134   23.085259   46.950446    3.704462    0.00008186   0.8497   0.4887  5+[ 8, 0, 2]
 378    3    47.661186   23.790655   47.655841    3.722804    0.00005607   0.7137   0.2515  5+[ 8, 0, 2]
 379    3    48.047559   24.176577   48.041763    3.732845    0.00006031   0.7462   0.2589  5+[18,14, 2]
 380    3    48.457734   24.587877   48.453064    3.743475    0.00004819   0.6727   0.3569  5+[12, 7, 3]
 381    3    48.787365   24.916232   48.781418    3.751997    0.00006095   0.7617   0.3816  5+[12, 4, 2]
 382    3    49.171705   25.299911   49.165097    3.761908    0.00006719   0.8061   0.3829  5+[22,20, 2]
 383    3    50.275810   26.405060   50.270246    3.790236    0.00005534   0.7480   0.3485  5+[14, 7, 3]
 384    3    50.387603   26.517633   50.382819    3.793092    0.00004747   0.6943   0.2232  5+[12, 6, 2]
 385    3    50.552808   26.681235   50.546421    3.797310    0.00006317   0.8036   0.2925  5-[13, 5, 2]
 386    3    50.847653   26.976663   50.841850    3.804825    0.00005707   0.7682   0.3745  5-[13, 5, 2]
 387    3    51.696706   27.827257   51.692443    3.826383    0.00004123   0.6639   0.3346  5-[13, 8, 3]
 388    3    51.956184   28.085065   51.950251    3.832947    0.00005709   0.7851   0.2933  5-[15, 8, 3]
 389    3    52.737581   28.866429   52.731615    3.852647    0.00005655   0.7932   0.4794  5+[14, 6, 2]
 390    3    53.218189   29.346511   53.211697    3.864714    0.00006100   0.8312   0.2551  5-[21,18, 3]
 391    3    53.644838   29.772487   53.637674    3.875395    0.00006678   0.8767   0.4034  5-[ 7, 0, 3]
 392    3    54.360928   30.491687   54.356873    3.893255    0.00003729   0.6639   0.3591  5-[13, 7, 2]
 393    3    55.293100   31.423794   55.288980    3.916383    0.00003726   0.6750   0.2429  5-[15, 8, 3]
 394    3    55.587179   31.717618   55.582804    3.923652    0.00003935   0.6973   0.4207  5+[18,13, 3]
 395    3    56.680302   32.810136   56.675323    3.950551    0.00004392   0.7513   0.4918  5-[15, 7, 2]
 396    3    56.828525   32.956859   56.822045    3.954184    0.00005701   0.8582   0.3976  5-[ 7, 0, 3]
 397    3    57.005932   33.134388   56.999575    3.958528    0.00005576   0.8513   0.3465  5+[16,12, 2]
 398    3    57.762571   33.891729   57.756916    3.977003    0.00004896   0.8083   0.3866  5+[12, 5, 3]
 399    3    58.595491   34.724919   58.590105    3.997242    0.00004595   0.7944   0.3678  5+[14, 8, 2]
 400    3    58.659943   34.785580   58.650766    3.998804    0.00007822   1.0376   0.5169  5-[21,19, 2]
 401    3    59.288743   35.416638   59.281824    4.014010    0.00005835   0.9057   0.4357  5-[13, 4, 3]
 402    3    59.995916   36.125277   59.990463    4.031042    0.00004544   0.8088   0.3182  5-[13, 6, 3]
 403    3    60.305698   36.434007   60.299193    4.038480    0.00005393   0.8857   0.3827  5-[21,17, 2]
 404    3    60.798240   36.925522   60.790708    4.050279    0.00006194   0.9570   0.4678  5+[22,19, 3]
 405    3    60.965521   37.094351   60.959537    4.054278    0.00004907   0.8541   0.5250  5+[12, 4, 2]
 406    3    61.873817   38.005025   61.870212    4.075925    0.00002913   0.6679   0.3444  5-[15, 9, 2]
 407    3    62.202990   38.331786   62.196973    4.083742    0.00004837   0.8652   0.3425  5+[22,20, 2]
 408    3    63.050148   39.177615   63.042802    4.103791    0.00005825   0.9624   0.4792  5+[22,20, 2]
 409    3    63.346950   39.476988   63.342174    4.110792    0.00003769   0.7778   0.4898  5+[12, 3, 3]
 410    3    64.351655   40.478397   64.343583    4.134403    0.00006272   1.0192   0.5833  5+[10, 0, 2]
 411    3    64.490869   40.618381   64.483568    4.137664    0.00005661   0.9704   0.5041  5-[23,20, 3]
 412    3    64.715841   40.846150   64.711337    4.142928    0.00003480   0.7636   0.4514  5+[20,15, 3]
 413    3    66.273781   42.401878   66.267065    4.179201    0.00005066   0.9434   0.5570  5-[11, 2, 3]
 414    3    67.230721   43.358488   67.223675    4.201327    0.00005241   0.9734   0.5822  5+[10, 0, 2]
 415    3    69.609283   45.738358   69.603545    4.255823    0.00004122   0.8938   0.5581  5-[15, 7, 2]
 416    3    70.090925   46.220786   70.085973    4.266773    0.00003533   0.8332   0.4405  5+[16, 9, 3]
 417    3    70.718912   46.848079   70.713266    4.281008    0.00003992   0.8936   0.4934  5+[12, 2, 2]
 418    3    71.637110   47.766431   71.631618    4.301738    0.00003833   0.8871   0.4972  5+[12, 2, 2]
 419    3    72.126840   48.257473   72.122660    4.312753    0.00002897   0.7765   0.5395  5+[20,16, 2]
 420    3    72.486202   48.616648   72.481834    4.320818    0.00003013   0.7957   0.5052  5-[17,10, 3]
 421    3    74.187486   50.316111   74.181298    4.358798    0.00004171   0.9582   0.6509  5-[13, 3, 2]
 422    3    74.744264   50.873832   74.739018    4.371156    0.00003509   0.8855   0.5081  5+[14, 5, 3]
 423    3    75.116058   51.245537   75.110724    4.379388    0.00003550   0.8952   0.3722  5+[16, 8, 2]
 424    3    76.010236   52.139862   76.005049    4.399125    0.00003412   0.8879   0.3978  5-[21,17, 2]
 425    3    76.434589   52.564639   76.429826    4.408461    0.00003116   0.8533   0.6073  5-[19,13, 2]
 426    3    76.709214   52.837477   76.702663    4.414492    0.00004270   1.0025   0.6635  5-[11, 0, 3]
 427    3    78.002404   54.131673   77.996860    4.442782    0.00003554   0.9300   0.4108  5-[19,14, 3]
 428    3    78.349095   54.476378   78.341564    4.450336    0.00004806   1.0863   0.5433  5+[22,19, 3]
 429    3    79.023935   55.152815   79.018001    4.465003    0.00003754   0.9684   0.3856  5-[15, 6, 3]
 430    3    80.349383   56.477818   80.343004    4.493671    0.00003969   1.0124   0.6587  5+[12, 1, 3]
 431    3    80.858796   56.987686   80.852873    4.504640    0.00003663   0.9787   0.5207  5+[20,15, 3]
 432    3    81.304354   57.431556   81.296743    4.514213    0.00004681   1.1125   0.5890  5-[21,18, 3]
 433    4     1.624692  -24.613667   -0.748481    2.222393    0.73034552   1.4420   0.4874  7-[ 3, 0, 3]
 434    4     2.324347  -21.795130    2.070057    2.252687    0.05470148   1.0571   0.4159  7-[ 7, 4, 3]
 435    4     4.195404  -19.924458    3.940729    2.331768    0.03035170   1.4395   0.6130  7-[ 3, 0, 3]
 436    4     5.859603  -29.501726   -5.636540    2.399918    0.98096601   1.6014   0.5000  7-[ 5, 2, 3]
 437    4     6.960070  -17.047566    6.817621    2.443939    0.01023332   1.4009   0.5855  7+[ 4, 1, 3]
 438    4     9.231261  -14.724674    9.140513    2.532373    0.00491525   1.2912   0.5308  7+[10, 7, 3]
 439    4    12.429139  -11.505443   12.359743    2.651895    0.00279167   1.3116   0.5304  7-[11, 8, 3]
 440    4    14.486728   -9.446495   14.418692    2.726029    0.00234822   1.4024   0.5058  7+[ 6, 2, 4]
 441    4    16.006419   -7.908935   15.956252    2.779514    0.00156711   1.2663   0.5319  7+[12, 9, 3]
 442    4    19.648216   -4.257730   19.607457    2.903679    0.00103723   1.2649   0.3958  7-[ 9, 6, 3]
 443    4    20.036817   -3.869046   19.996141    2.916616    0.00101502   1.2761   0.4126  7+[ 4, 0, 4]
 444    4    23.165834   -0.720111   23.145076    3.018764    0.00044804   0.9805   0.4775  7-[ 7, 2, 3]
 445    4    23.417615   -0.463015   23.402172    3.026834    0.00032973   0.8503   0.4343  7+[ 8, 4, 4]
 446    4    23.987103    0.091688   23.956875    3.045008    0.00063008   1.2038   0.4662  7+[14,11, 3]
 447    4    24.977790    1.084369   24.949556    3.076367    0.00056518   1.1873   0.6143  7+[ 4, 0, 4]
 448    4    27.408319    3.529208   27.394394    3.151980    0.00025402   0.8736   0.5784  7-[ 5, 0, 3]
 449    4    28.172203    4.288348   28.153535    3.175373    0.00033133   1.0254   0.5970  7-[ 5, 1, 4]
 450    4    28.410372    4.521472   28.386658    3.182631    0.00041734   1.1605   0.4185  7-[15,12, 3]
 451    4    29.112259    5.240332   29.105519    3.203926    0.00011577   0.6264   0.3896  7-[ 9, 4, 3]
 452    4    30.207020    6.326226   30.191413    3.236861    0.00025834   0.9709   0.4984  7-[11, 7, 4]
 453    4    30.797913    6.924187   30.789374    3.254499    0.00013863   0.7252   0.4787  7-[ 5, 0, 3]
 454    4    32.557962    8.685315   32.550501    3.306478    0.00011458   0.6970   0.4259  7-[11, 6, 3]
 455    4    32.734526    8.851433   32.716620    3.311648    0.00027351   1.0826   0.4341  7+[14,11, 3]
 456    4    33.198515    9.320588   33.185775    3.325194    0.00019189   0.9197   0.4760  7+[12, 8, 4]
 457    4    33.888681   10.016571   33.881758    3.345242    0.00010214   0.6850   0.4322  7-[ 7, 1, 4]
 458    4    34.868854   10.996905   34.862092    3.373510    0.00009696   0.6867   0.4439  7+[12, 7, 3]
 459    4    35.431094   11.559638   35.424825    3.389618    0.00008847   0.6665   0.4886  7-[ 7, 0, 3]
 460    4    35.788184   11.915840   35.781027    3.399809    0.00010000   0.7157   0.3704  7+[ 6, 0, 4]
 461    4    36.050363   12.178926   36.044113    3.407272    0.00008670   0.6713   0.4316  7+[ 6, 0, 4]
 462    4    36.469498   12.593933   36.459119    3.419169    0.00014230   0.8700   0.3900  7-[13, 9, 4]
 463    4    37.326052   13.455381   37.320568    3.443354    0.00007347   0.6398   0.4550  7+[10, 4, 4]
 464    4    37.671047   13.797726   37.662912    3.453047    0.00010797   0.7828   0.3045  7-[13, 8, 3]
 465    4    37.943382   14.070390   37.935576    3.460679    0.00010286   0.7696   0.3852  7-[ 7, 0, 3]
 466    4    38.213432   14.342168   38.207355    3.468231    0.00007952   0.6815   0.3116  7-[ 7, 0, 3]
 467    4    39.102421   15.231766   39.096953    3.492976    0.00006993   0.6539   0.3860  7-[ 7, 1, 4]
 468    4    39.284562   15.412320   39.277507    3.498024    0.00008980   0.7445   0.3702  7+[14,10, 4]
 469    4    39.594244   15.722793   39.587980    3.506591    0.00007911   0.7043   0.4538  7-[11, 4, 3]
 470    4    40.410882   16.539575   40.404762    3.529081    0.00007572   0.7033   0.2697  7+[16,13, 3]
 471    4    41.039999   17.169133   41.034319    3.546310    0.00006920   0.6828   0.3370  7+[14, 9, 3]
 472    4    41.243661   17.372864   41.238051    3.551870    0.00006801   0.6802   0.3980  7+[12, 6, 4]
 473    4    41.552943   17.681533   41.546720    3.560296    0.00007488   0.7191   0.3987  7-[17,13, 4]
 474    4    41.944050   18.073661   41.938848    3.570923    0.00006202   0.6606   0.3834  7+[12, 5, 3]
 475    4    43.266106   19.394561   43.259747    3.606613    0.00007349   0.7418   0.3769  7-[ 9, 2, 3]
 476    4    43.901408   20.031488   43.896674    3.623638    0.00005391   0.6447   0.3095  7-[ 9, 3, 4]
 477    4    44.137432   20.265207   44.130394    3.629943    0.00007973   0.7882   0.3158  7-[13, 7, 4]
 478    4    44.839204   20.966231   44.831418    3.648625    0.00008682   0.8356   0.2853  7+[18,14, 4]
 479    4    45.025358   21.155276   45.020462    3.653565    0.00005437   0.6640   0.3994  7-[ 9, 2, 3]
 480    4    45.694711   21.821936   45.687122    3.671271    0.00008304   0.8328   0.4135  7+[10, 2, 4]
 481    4    46.480725   22.611103   46.476289    3.691955    0.00004771   0.6421   0.3971  7+[10, 3, 3]
 482    4    46.674378   22.803293   46.668480    3.697034    0.00006318   0.7420   0.3292  7-[19,15, 4]
 483    4    47.532369   23.661702   47.526889    3.719450    0.00005765   0.7218   0.3433  7+[10, 4, 4]
 484    4    48.045285   24.175595   48.040782    3.732786    0.00004686   0.6578   0.3355  7+[10, 3, 3]
 485    4    48.947753   25.074996   48.940183    3.756136    0.00007734   0.8609   0.3294  7-[17,14, 3]
 486    4    49.334305   25.463966   49.329153    3.766093    0.00005221   0.7129   0.3450  7-[21,18, 3]
 487    4    49.695279   25.825338   49.690524    3.775368    0.00004784   0.6874   0.3726  7-[11, 5, 4]
 488    4    50.555964   26.685727   50.550913    3.797390    0.00004995   0.7146   0.2634  7-[15, 9, 4]
 489    4    50.815172   26.943937   50.809124    3.803997    0.00005951   0.7840   0.3374  7+[18,14, 4]
 490    4    51.483032   27.610834   51.476021    3.820969    0.00006809   0.8496   0.3853  7-[ 9, 0, 3]
 491    4    51.793231   27.921652   51.786839    3.828826    0.00006171   0.8137   0.2925  7-[ 9, 0, 3]
 492    4    52.282347   28.410965   52.276151    3.841182    0.00005925   0.8049   0.4373  7+[12, 4, 4]
 493    4    53.110999   29.241810   53.106996    3.862026    0.00003768   0.6520   0.3291  7+[18,13, 3]
 494    4    53.375979   29.506558   53.371744    3.868668    0.00003967   0.6724   0.3744  7+[12, 6, 4]
 495    4    54.147603   30.275781   54.140968    3.887943    0.00006127   0.8476   0.3299  7-[13, 5, 4]
 496    4    54.225796   30.353532   54.218718    3.889891    0.00006526   0.8761   0.3703  7+[22,19, 3]
 497    4    54.493154   30.621595   54.486782    3.896544    0.00005847   0.8333   0.3515  7-[ 9, 0, 3]
 498    4    54.845681   30.975652   54.840838    3.905300    0.00004415   0.7288   0.2501  7+[16,10, 4]
 499    4    55.317829   31.447119   55.312305    3.916995    0.00004993   0.7817   0.3234  7+[12, 5, 3]
 500    4    56.116802   32.245847   56.111034    3.936707    0.00005139   0.8046   0.3474  7+[14, 6, 4]
 501    4    56.746338   32.875026   56.740212    3.952170    0.00005397   0.8338   0.3804  7-[13, 4, 3]
 502    4    57.191070   33.321417   57.186604    3.963057    0.00003905   0.7148   0.3122  7-[13, 6, 3]
 503    4    57.521117   33.650712   57.515899    3.971117    0.00004536   0.7748   0.3378  7-[17,11, 4]
 504    4    57.921157   34.051947   57.917134    3.980865    0.00003473   0.6827   0.3552  7-[15,10, 3]
 505    4    59.920496   36.051096   59.916283    4.029229    0.00003516   0.7106   0.3407  7+[12, 3, 3]
 506    4    60.377076   36.506900   60.372086    4.040192    0.00004132   0.7762   0.4012  7-[15, 7, 4]
 507    4    60.427797   36.558008   60.423195    4.041408    0.00003808   0.7458   0.4397  7+[12, 3, 3]
 508    4    60.656002   36.784196   60.649383    4.046875    0.00005457   0.8961   0.5005  7+[20,16, 4]
 509    4    61.671703   37.802934   61.668121    4.071118    0.00002904   0.6647   0.4789  7+[14, 8, 4]
 510    4    62.558457   38.689632   62.554819    4.092167    0.00002908   0.6747   0.4089  7+[20,15, 3]
 511    4    63.342872   39.471683   63.336870    4.110696    0.00004738   0.8720   0.5642  7-[11, 2, 3]
 512    4    63.718786   39.847026   63.712212    4.119546    0.00005159   0.9153   0.4545  7-[21,17, 4]
 513    4    64.047503   40.176279   64.041465    4.127269    0.00004713   0.8794   0.4549  7+[16, 8, 4]
 514    4    65.328104   41.459595   65.324782    4.157221    0.00002543   0.6588   0.5400  7-[19,13, 4]
 515    4    66.535339   42.662464   66.527651    4.185260    0.00005777   1.0114   0.5258  7-[11, 1, 4]
 516    4    67.319194   43.448846   67.314033    4.203366    0.00003833   0.8336   0.6131  7+[16, 9, 3]
 517    4    68.389076   44.515471   68.380658    4.227954    0.00006155   1.0730   0.6311  7+[22,19, 3]
 518    4    70.012498   46.143563   70.008750    4.264992    0.00002677   0.7245   0.5961  7-[17,10, 3]
 519    4    70.868817   46.996948   70.862135    4.284400    0.00004715   0.9732   0.6105  7+[10, 0, 4]
 520    4    71.465055   47.594491   71.459678    4.297861    0.00003763   0.8767   0.6063  7+[14, 5, 3]
 521    4    71.894136   48.021223   71.886410    4.307522    0.00005373   1.0540   0.5965  7-[23,20, 3]
 522    4    72.915478   49.044900   72.910086    4.330433    0.00003697   0.8867   0.5081  7-[15, 7, 4]
 523    4    73.432759   49.560921   73.426107    4.341990    0.00004529   0.9884   0.7097  7-[11, 0, 3]
 524    4    73.836047   49.966810   73.831997    4.350980    0.00002743   0.7734   0.4491  7-[19,14, 3]
 525    4    74.149006   50.279038   74.144225    4.357943    0.00003224   0.8421   0.3925  7+[12, 2, 4]
 526    4    75.209701   51.339015   75.204201    4.381460    0.00003656   0.9095   0.5554  7-[15, 6, 3]
 527    4    75.721554   51.849915   75.715101    4.392763    0.00004261   0.9885   0.4352  7+[12, 2, 4]
 528    4    76.542834   52.671685   76.536871    4.410839    0.00003895   0.9553   0.6466  7+[12, 1, 3]
 529    4    77.019236   53.148281   77.013468    4.421291    0.00003744   0.9426   0.3174  7+[20,16, 4]
 530    4    77.397429   53.528348   77.393535    4.429570    0.00002516   0.7764   0.4307  7+[20,16, 4]
 531    4    78.187714   54.316041   78.181228    4.446821    0.00004148   1.0071   0.5227  7-[13, 3, 4]
 532    4    80.135739   56.264031   80.129217    4.489062    0.00004069   1.0224   0.3364  7+[18,12, 4]
 533    4    80.671027   56.801322   80.666508    4.500600    0.00002801   0.8539   0.4059  7-[21,17, 4]
 534    4    81.950258   58.077148   81.942334    4.528053    0.00004834   1.1396   0.4688  7-[19,13, 4]
 535    5     5.627919  -18.428705    5.436481    2.390547    0.01700782   1.4554   0.4968  9+[ 6, 2, 4]
 536    5    10.717671  -13.236227   10.628960    2.588615    0.00413855   1.3761   0.5263  9+[ 4, 0, 4]
 537    5    14.409745   -9.487368   14.377819    2.723292    0.00110781   0.9587   0.4172  9+[ 8, 4, 4]
 538    5    15.744901   -8.175704   15.689483    2.770384    0.00175987   1.3199   0.5917  9+[ 4, 0, 4]
 539    5    19.325703   -4.579534   19.285653    2.892898    0.00103620   1.2435   0.6066  9-[ 5, 1, 4]
 540    5    21.228133   -2.669427   21.195759    2.955923    0.00076252   1.1719   0.5447  9-[11, 7, 4]
 541    5    24.491813    0.597295   24.462482    3.061024    0.00059879   1.1983   0.5490  9+[12, 8, 4]
 542    5    26.764566    2.872264   26.737451    3.132131    0.00050655   1.2045   0.5001  9-[ 7, 2, 5]
 543    5    27.994213    4.105326   27.970513    3.169938    0.00042331   1.1517   0.5638  9-[13, 9, 4]
 544    5    31.467019    7.585207   31.450393    3.274357    0.00026418   1.0228   0.4879  9-[ 5, 0, 5]
 545    5    31.830702    7.946809   31.811995    3.285100    0.00029385   1.0911   0.5115  9+[14,10, 4]
 546    5    32.060983    8.186495   32.051682    3.291884    0.00014504   0.7722   0.4256  9+[ 8, 2, 4]
 547    5    34.320349   10.450636   34.315823    3.357720    0.00006594   0.5574   0.4187  9-[ 9, 4, 5]
 548    5    34.421968   10.552054   34.417241    3.360651    0.00006866   0.5704   0.6668  9+[ 6, 0, 4]
 549    5    35.497866   11.627311   35.492498    3.391526    0.00007562   0.6173   0.4266  9-[ 7, 1, 4]
 550    5    35.685511   11.809838   35.675024    3.396882    0.00014694   0.8651   0.3743  9-[15,11, 4]
 551    5    35.793401   11.916481   35.781668    3.399958    0.00016389   0.9164   0.3929  9-[15,11, 4]
 552    5    37.163059   13.293421   37.158608    3.438765    0.00005988   0.5752   0.4746  9-[11, 5, 4]
 553    5    37.777385   13.906501   37.771687    3.456029    0.00007541   0.6561   0.4622  9+[ 6, 1, 5]
 554    5    38.547859   14.678069   38.543256    3.477561    0.00005971   0.5957   0.4518  9+[ 8, 2, 4]
 555    5    39.489220   15.617477   39.482663    3.503688    0.00008302   0.7196   0.5364  9-[ 7, 0, 5]
 556    5    39.886878   16.011741   39.876928    3.514667    0.00012473   0.8909   0.4117  9+[16,12, 4]
 557    5    40.329727   16.459739   40.324925    3.526853    0.00005954   0.6223   0.3821  9+[12, 7, 5]
 558    5    40.559837   16.690044   40.555230    3.533168    0.00005679   0.6113   0.3769  9-[ 9, 3, 4]
 559    5    42.084320   18.212799   42.077985    3.574726    0.00007526   0.7301   0.3939  9-[13, 8, 5]
 560    5    42.498389   18.627883   42.493069    3.585931    0.00006259   0.6724   0.3443  9+[10, 3, 5]
 561    5    42.749181   18.877527   42.742714    3.592700    0.00007564   0.7436   0.4724  9+[10, 2, 4]
 562    5    43.066400   19.196380   43.061566    3.601244    0.00005613   0.6453   0.4285  9-[17,13, 4]
 563    5    43.379942   19.508434   43.373621    3.609669    0.00007286   0.7405   0.3656  9+[16,10, 4]
 564    5    44.165326   20.295114   44.160300    3.630688    0.00005689   0.6662   0.4702  9-[11, 4, 5]
 565    5    45.023289   21.154115   45.019302    3.653510    0.00004428   0.5992   0.3410  9+[14, 9, 5]
 566    5    45.805100   21.934328   45.799515    3.674183    0.00006096   0.7153   0.4745  9+[18,14, 4]
 567    5    46.171140   22.300725   46.165911    3.683822    0.00005662   0.6948   0.3573  9+[12, 5, 5]
 568    5    46.475951   22.604402   46.469588    3.691830    0.00006845   0.7690   0.4524  9+[ 8, 0, 4]
 569    5    47.327274   23.455231   47.320417    3.714104    0.00007244   0.8056   0.3450  9-[19,15, 4]
 570    5    47.731599   23.862215   47.727402    3.724635    0.00004397   0.6330   0.3601  9-[ 9, 2, 5]
 571    5    48.664488   24.794268   48.659454    3.748823    0.00005171   0.6999   0.4506  9+[12, 4, 4]
 572    5    48.816369   24.946828   48.812014    3.752746    0.00004461   0.6521   0.3569  9-[19,15, 4]
 573    5    49.442102   25.572144   49.437331    3.768865    0.00004825   0.6868   0.4636  9-[ 9, 2, 5]
 574    5    50.432109   26.562221   50.427408    3.794229    0.00004661   0.6886   0.3833  9-[13, 5, 4]
 575    5    50.712238   26.842832   50.708019    3.801375    0.00004159   0.6541   0.3279  9-[13, 5, 4]
 576    5    51.173262   27.303664   51.168850    3.813107    0.00004311   0.6720   0.4120  9+[12, 6, 4]
 577    5    52.335575   28.465021   52.330207    3.842525    0.00005128   0.7495   0.3888  9+[10, 3, 5]
 578    5    52.451193   28.579859   52.445046    3.845439    0.00005860   0.8030   0.3333  9+[14, 6, 4]
 579    5    53.077771   29.207013   53.072199    3.861192    0.00005249   0.7691   0.4345  9+[20,16, 4]
 580    5    54.044599   30.175858   54.041044    3.885376    0.00003289   0.6198   0.2821  9-[13, 8, 5]
 581    5    54.747332   30.879099   54.744286    3.902859    0.00002782   0.5775   0.4228  9-[17,11, 4]
 582    5    55.269912   31.398875   55.264061    3.915810    0.00005293   0.8042   0.2940  9-[15, 8, 5]
 583    5    55.626945   31.755777   55.620964    3.924633    0.00005376   0.8157   0.3551  9-[ 7, 0, 5]
 584    5    56.568139   32.697399   56.562586    3.947799    0.00004909   0.7926   0.3675  9-[15, 7, 4]
 585    5    56.983718   33.113373   56.978560    3.957984    0.00004526   0.7667   0.4430  9-[17,13, 4]
 586    5    57.574154   33.705920   57.571107    3.972411    0.00002646   0.5923   0.3585  9+[14, 9, 5]
 587    5    58.485300   34.613796   58.478983    3.994571    0.00005401   0.8596   0.4210  9-[ 7, 0, 5]
 588    5    59.162942   35.293412   59.158599    4.010972    0.00003670   0.7168   0.4287  9+[12, 4, 4]
 589    5    59.484367   35.613990   59.479176    4.018728    0.00004363   0.7858   0.4330  9+[16, 9, 5]
 590    5    60.373451   36.505006   60.370193    4.040105    0.00002699   0.6273   0.4523  9+[16, 8, 4]
 591    5    60.925208   37.053534   60.918721    4.053315    0.00005324   0.8890   0.4354  9-[13, 4, 5]
 592    5    61.964321   38.095331   61.960518    4.078076    0.00003069   0.6865   0.4532  9-[13, 6, 5]
 593    5    62.405150   38.537287   62.402474    4.088535    0.00002144   0.5779   0.4826  9-[19,13, 4]
 594    5    62.720274   38.848277   62.713464    4.095996    0.00005429   0.9243   0.5371  9+[10, 0, 4]
 595    5    63.647816   39.778180   63.643366    4.117876    0.00003496   0.7526   0.5149  9-[19,14, 5]
 596    5    65.442924   41.572364   65.437550    4.159896    0.00004106   0.8387   0.3894  9+[12, 3, 5]
 597    5    66.008850   42.138051   66.003238    4.173055    0.00004251   0.8607   0.4843  9+[10, 0, 4]
 598    5    66.158032   42.287489   66.152676    4.176517    0.00004048   0.8418   0.3874  9+[20,15, 5]
 599    5    67.483096   43.611891   67.477078    4.207142    0.00004459   0.9013   0.3830  9-[11, 2, 5]
 600    5    68.055986   44.185454   68.050640    4.220314    0.00003928   0.8530   0.4876  9+[20,16, 4]
 601    5    68.667267   44.796475   68.661662    4.234324    0.00004081   0.8773   0.5172  9-[15, 7, 4]
 602    5    69.526362   45.655430   69.520617    4.253935    0.00004131   0.8937   0.6506  9+[12, 2, 4]
 603    5    70.824013   46.953789   70.818975    4.283386    0.00003557   0.8447   0.4488  9-[21,17, 4]
 604    5    71.337695   47.467820   71.333007    4.294989    0.00003286   0.8179   0.4497  9-[21,17, 4]
 605    5    71.908441   48.037956   71.903143    4.307844    0.00003684   0.8729   0.5388  9+[16, 9, 5]
 606    5    72.736668   48.866064   72.731250    4.326431    0.00003724   0.8877   0.6233  9-[13, 3, 4]
 607    5    74.534831   50.665410   74.530596    4.366511    0.00002840   0.7945   0.4651  9-[17,10, 5]
 608    5    74.944818   51.075638   74.940825    4.375599    0.00002664   0.7737   0.3736  9-[17,10, 5]
 609    5    77.038448   53.170559   77.035746    4.421712    0.00001753   0.6452   0.5562  9-[19,13, 4]
 610    5    77.712224   53.840622   77.705809    4.436450    0.00004128   0.9985   0.5114  9+[14, 5, 5]
 611    5    78.219994   54.347893   78.213079    4.447525    0.00004420   1.0400   0.6429  9-[11, 0, 5]
 612    5    79.506527   55.635957   79.501143    4.475462    0.00003386   0.9253   0.4976  9-[19,14, 5]
 613    5    81.212656   57.340728   81.205915    4.512244    0.00004150   1.0464   0.4771  9-[15, 6, 5]
 614    5    82.399684   58.530083   82.395269    4.537659    0.00002679   0.8530   0.5096  9+[20,15, 5]
 615    5    82.640674   58.768477   82.633664    4.542802    0.00004241   1.0764   0.5471  9+[12, 1, 5]
 616    6    16.973564   -6.946844   16.918342    2.813023    0.00162670   1.3681   0.4926 11-[ 7, 2, 5]
 617    6    22.251007   -1.650853   22.214333    2.989260    0.00082410   1.2770   0.4980 11-[ 5, 0, 5]
 618    6    26.827969    2.950427   26.815613    3.134092    0.00023027   0.8141   0.4358 11-[11, 6, 5]
 619    6    27.562170    3.671342   27.536528    3.156706    0.00046515   1.1886   0.5724 11-[ 5, 0, 5]
 620    6    31.633499    7.750700   31.615887    3.279279    0.00027838   1.0554   0.6047 11+[ 6, 1, 5]
 621    6    33.469271    9.589857   33.455043    3.333073    0.00021255   0.9758   0.5495 11+[12, 7, 5]
 622    6    36.579057   12.701354   36.566540    3.422272    0.00017109   0.9568   0.5539 11-[13, 8, 5]
 623    6    37.230613   13.355628   37.220814    3.440667    0.00013159   0.8541   0.4671 11+[ 8, 2, 6]
 624    6    37.528658   13.659149   37.524335    3.449050    0.00005760   0.5696   0.6475 11-[ 7, 0, 5]
 625    6    38.898636   15.029059   38.894245    3.487319    0.00005644   0.5845   0.5605 11+[ 8, 1, 5]
 626    6    39.895916   16.020488   39.885675    3.514916    0.00012835   0.9039   0.5850 11+[14, 9, 5]
 627    6    40.687100   16.818163   40.683349    3.536656    0.00004610   0.5525   0.4083 11-[11, 4, 5]
 628    6    40.893079   17.024116   40.889303    3.542294    0.00004617   0.5557   0.5490 11+[ 6, 0, 6]
 629    6    42.135817   18.268946   42.134132    3.576122    0.00001999   0.3768   0.5008 11-[ 7, 1, 6]
 630    6    42.408514   18.539994   42.405181    3.583502    0.00003930   0.5317   0.4596 11+[12, 5, 5]
 631    6    43.396074   19.523989   43.389176    3.610102    0.00007948   0.7738   0.5306 11-[15,10, 5]
 632    6    43.756489   19.889024   43.754211    3.619762    0.00002604   0.4465   0.4634 11-[11, 5, 6]
 633    6    45.180885   21.310832   45.176019    3.657687    0.00005385   0.6631   0.5190 11-[ 9, 2, 5]
 634    6    45.566966   21.699461   45.564648    3.667899    0.00002543   0.4596   0.5014 11+[12, 6, 6]
 635    6    45.941391   22.071251   45.936438    3.677775    0.00005390   0.6746   0.4980 11+[16,11, 5]
 636    6    47.463804   23.591789   47.456975    3.717663    0.00007193   0.8051   0.5329 11+[10, 2, 6]
 637    6    47.924231   24.056673   47.921860    3.729643    0.00002474   0.4768   0.4681 11-[13, 7, 6]
 638    6    48.609510   24.740156   48.605343    3.747401    0.00004286   0.6365   0.4430 11-[17,12, 5]
 639    6    48.884222   25.015234   48.880420    3.754497    0.00003889   0.6097   0.5204 11+[10, 3, 5]
 640    6    50.278052   26.408894   50.274081    3.790293    0.00003950   0.6319   0.4423 11+[10, 4, 6]
 641    6    51.263133   27.391538   51.256724    3.815389    0.00006250   0.8105   0.4063 11+[10, 1, 5]
 642    6    51.924126   28.053828   51.919014    3.832137    0.00004922   0.7286   0.4410 11+[18,13, 5]
 643    6    51.974440   28.105687   51.970874    3.833409    0.00003431   0.6089   0.3866 11-[11, 3, 6]
 644    6    52.330781   28.462641   52.327828    3.842404    0.00002822   0.5559   0.4484 11-[11, 4, 5]
 645    6    53.170156   29.301553   53.166740    3.863510    0.00003213   0.6027   0.4606 11-[15, 9, 6]
 646    6    54.375166   30.505520   54.370707    3.893610    0.00004100   0.6963   0.4155 11-[ 9, 0, 5]
 647    6    54.452377   30.582880   54.448066    3.895530    0.00003958   0.6852   0.4107 11+[12, 4, 6]
 648    6    55.374318   31.505966   55.371152    3.918392    0.00002858   0.5921   0.4080 11+[12, 5, 5]
 649    6    55.907493   32.038032   55.903218    3.931553    0.00003823   0.6913   0.3364 11-[13, 4, 5]
 650    6    56.307909   32.438836   56.304022    3.941408    0.00003451   0.6616   0.4426 11-[13, 5, 6]
 651    6    56.601531   32.731517   56.596704    3.948618    0.00004265   0.7392   0.4159 11-[19,14, 5]
 652    6    56.767856   32.898431   56.763618    3.952697    0.00003733   0.6936   0.3493 11+[12, 6, 6]
 653    6    58.428172   34.560176   58.425363    3.993185    0.00002404   0.5729   0.4330 11+[14, 6, 6]
 654    6    58.991441   35.124031   58.989218    4.006827    0.00001884   0.5121   0.4319 11-[13, 6, 5]
 655    6    59.605579   35.736434   59.601621    4.021649    0.00003321   0.6869   0.4662 11+[12, 3, 5]
 656    6    59.681276   35.813943   59.679129    4.023473    0.00001798   0.5062   0.3957 11-[13, 7, 6]
 657    6    60.311413   36.441285   60.306472    4.038617    0.00004096   0.7720   0.5304 11+[20,15, 5]
 658    6    62.155838   38.286362   62.151549    4.082623    0.00003450   0.7302   0.3987 11-[15, 7, 6]
 659    6    62.211508   38.341349   62.206536    4.083944    0.00003997   0.7866   0.4878 11-[11, 2, 5]
 660    6    64.908261   41.039170   64.904357    4.147425    0.00003008   0.7119   0.4799 11+[12, 4, 6]
 661    6    65.712771   41.844959   65.710146    4.166176    0.00001997   0.5873   0.4465 11+[16, 8, 6]
 662    6    67.262582   43.393896   67.259083    4.202061    0.00002601   0.6861   0.6046 11+[16, 9, 5]
 663    6    67.982709   44.115672   67.980858    4.218632    0.00001361   0.5016   0.4974 11-[19,13, 6]
 664    6    68.868448   44.995013   68.860199    4.238924    0.00005988   1.0658   0.4987 11-[11, 1, 6]
 665    6    69.966312   46.097254   69.962441    4.263943    0.00002766   0.7360   0.5657 11-[17,10, 5]
 666    6    70.358380   46.488435   70.353622    4.272842    0.00003381   0.8182   0.5252 11+[14, 5, 5]
 667    6    71.637345   47.766301   71.631488    4.301743    0.00004088   0.9160   0.6835 11-[11, 0, 5]
 668    6    71.988711   48.120077   71.985264    4.309649    0.00002394   0.7045   0.4278 11-[19,14, 5]
 669    6    72.419660   48.548872   72.414058    4.319326    0.00003868   0.9007   0.5199 11+[10, 0, 6]
 670    6    73.216019   49.346362   73.211548    4.337152    0.00003053   0.8091   0.3985 11-[15, 7, 6]
 671    6    74.278153   50.408610   74.273796    4.360813    0.00002933   0.8045   0.4543 11+[20,15, 5]
 672    6    74.935354   51.064455   74.929641    4.375389    0.00003812   0.9253   0.6769 11+[12, 1, 5]
 673    6    75.712170   51.842481   75.707668    4.392556    0.00002973   0.8256   0.3788 11+[12, 2, 6]
 674    6    76.182697   52.312056   76.177243    4.402922    0.00003580   0.9116   0.4035 11+[12, 2, 6]
 675    6    77.549352   53.679385   77.544571    4.432892    0.00003082   0.8611   0.4387 11+[14, 6, 6]
 676    6    79.328665   55.457524   79.322711    4.471610    0.00003753   0.9719   0.6344 11-[13, 3, 6]
 677    6    81.395157   57.526552   81.391739    4.516161    0.00002100   0.7459   0.4731 11+[18,12, 6]
 678    6    83.729773   59.862849   83.728036    4.565969    0.00001037   0.5393   0.5836 11-[19,13, 6]
 679    7    28.570960    4.679147   28.544334    3.187516    0.00046596   1.2332   0.4937 13+[ 8, 2, 6]
 680    7    33.954280   10.071660   33.936847    3.347141    0.00025672   1.0879   0.5153 13+[ 6, 0, 6]
 681    7    38.758066   14.885039   38.750225    3.483412    0.00010114   0.7795   0.5705 13+[ 6, 0, 6]
 682    7    39.231309   15.359737   39.224923    3.496549    0.00008139   0.7078   0.5174 13-[11, 5, 6]
 683    7    41.908167   18.038032   41.903218    3.569949    0.00005904   0.6440   0.5591 13-[ 7, 1, 6]
 684    7    44.058331   20.188942   44.054128    3.627831    0.00004770   0.6086   0.4257 13-[ 9, 1, 6]
 685    7    44.160031   20.290177   44.155364    3.630546    0.00005284   0.6420   0.4475 13+[ 8, 2, 6]
 686    7    44.781650   20.914898   44.780085    3.647097    0.00001747   0.3743   0.5494 13-[ 7, 0, 7]
 687    7    46.299557   22.433570   46.298757    3.687198    0.00000864   0.2721   0.4416 13+[ 8, 1, 7]
 688    7    46.672560   22.803891   46.669078    3.696986    0.00003730   0.5701   0.5374 13+[14, 8, 6]
 689    7    47.292856   23.423682   47.288869    3.713206    0.00004215   0.6141   0.6030 13+[ 8, 0, 6]
 690    7    48.110996   24.242187   48.107373    3.734491    0.00003765   0.5904   0.4299 13+[10, 2, 6]
 691    7    48.264652   24.397777   48.262963    3.738475    0.00001749   0.4037   0.4582 13-[11, 4, 7]
 692    7    49.663227   25.794808   49.659995    3.774545    0.00003254   0.5666   0.4154 13+[14, 6, 6]
 693    7    50.815916   26.950104   50.815291    3.804016    0.00000615   0.2520   0.5261 13+[12, 5, 7]
 694    7    50.915822   27.046606   50.911793    3.806560    0.00003957   0.6406   0.5827 13-[ 9, 1, 6]
 695    7    52.115216   28.247006   52.112192    3.836965    0.00002901   0.5614   0.3725 13+[10, 2, 6]
 696    7    52.981361   29.114335   52.979521    3.858773    0.00001736   0.4415   0.5441 13-[ 9, 2, 7]
 697    7    53.661716   29.793064   53.658251    3.875817    0.00003229   0.6098   0.4152 13+[10, 2, 6]
 698    7    55.823998   31.956821   55.822008    3.929495    0.00001783   0.4714   0.4005 13-[17,11, 6]
 699    7    56.221838   32.353859   56.219045    3.939291    0.00002484   0.5604   0.4567 13-[11, 3, 6]
 700    7    56.633173   32.765302   56.630489    3.949395    0.00002370   0.5514   0.3634 13+[10, 3, 7]
 701    7    57.036968   33.167761   57.032948    3.959288    0.00003524   0.6772   0.3801 13-[ 7, 0, 7]
 702    7    58.968771   35.102012   58.967199    4.006279    0.00001333   0.4306   0.5397 13-[15, 8, 7]
 703    7    59.444534   35.576623   59.441810    4.017768    0.00002292   0.5691   0.5537 13+[12, 4, 6]
 704    7    60.775863   36.906380   60.771567    4.049744    0.00003534   0.7226   0.4835 13-[ 7, 0, 7]
 705    7    61.552007   37.682057   61.547244    4.068269    0.00003869   0.7657   0.4281 13+[18,12, 6]
 706    7    61.564102   37.694079   61.559266    4.068557    0.00003928   0.7717   0.4196 13+[10, 0, 6]
 707    7    62.550756   38.682817   62.548003    4.091984    0.00002200   0.5868   0.4680 13-[13, 4, 7]
 708    7    63.454193   39.587944   63.453131    4.113318    0.00000837   0.3671   0.4319 13+[16, 9, 7]
 709    7    64.454885   40.587090   64.452277    4.136821    0.00002024   0.5799   0.5419 13-[19,13, 6]
 710    7    64.755886   40.886431   64.751617    4.143864    0.00003296   0.7435   0.6113 13+[10, 0, 6]
 711    7    66.043870   42.177920   66.043107    4.173868    0.00000578   0.3175   0.5342 13-[17,10, 7]
 712    7    66.564982   42.697163   66.562350    4.185947    0.00001977   0.5920   0.4020 13-[15, 7, 6]
 713    7    66.984160   43.116003   66.981190    4.195637    0.00002218   0.6309   0.4969 13-[15, 7, 6]
 714    7    68.412463   44.542648   68.407835    4.228490    0.00003382   0.7957   0.7039 13+[12, 2, 6]
 715    7    69.161585   45.291858   69.157045    4.245619    0.00003282   0.7925   0.4783 13-[15, 6, 7]
 716    7    70.505398   46.637107   70.502293    4.276174    0.00002202   0.6617   0.5799 13+[16, 8, 6]
 717    7    71.351918   47.482875   71.348062    4.295310    0.00002702   0.7418   0.6143 13-[13, 3, 6]
 718    7    74.201897   50.334745   74.199932    4.359118    0.00001324   0.5400   0.4800 13+[16, 9, 7]
 719    7    75.409410   51.541899   75.407086    4.385873    0.00001541   0.5921   0.4935 13+[18,12, 6]
 720    7    76.765201   52.897580   76.762767    4.415721    0.00001585   0.6113   0.4928 13-[17,10, 7]
 721    7    78.490177   54.623056   78.488243    4.453406    0.00001232   0.5510   0.5873 13-[19,13, 6]
 722    7    78.819214   54.947908   78.813094    4.460559    0.00003882   0.9822   0.6949 13-[11, 0, 7]
 723    7    80.244215   56.377249   80.242435    4.491403    0.00001109   0.5344   0.4249 13+[14, 7, 7]
 724    7    82.113657   58.244714   82.109901    4.531548    0.00002288   0.7855   0.5527 13+[12, 1, 7]
 725    7    83.192004   59.324044   83.189230    4.554544    0.00001667   0.6793   0.4103 13+[12, 1, 7]
 726    8    40.264477   16.388572   40.253758    3.525060    0.00013311   0.9290   0.4742 15+[ 8, 1, 7]
 727    8    44.159248   20.289602   44.154788    3.630525    0.00005049   0.6275   0.6491 15-[ 7, 0, 7]
 728    8    46.160818   22.293695   46.158882    3.683551    0.00002098   0.4228   0.5833 15+[ 8, 1, 7]
 729    8    48.482452   24.614117   48.479304    3.744115    0.00003246   0.5524   0.5054 15+[12, 5, 7]
 730    8    49.515755   25.648560   49.513747    3.770758    0.00002028   0.4460   0.5048 15-[13, 6, 7]
 731    8    51.932154   28.063177   51.928364    3.832340    0.00003649   0.6274   0.4022 15-[ 9, 0, 7]
 732    8    52.698683   28.832744   52.697930    3.851669    0.00000714   0.2816   0.5157 15+[ 8, 0, 8]
 733    8    52.858452   28.989810   52.854997    3.855686    0.00003268   0.6043   0.3868 15-[13, 4, 7]
 734    8    54.330047   30.464726   54.329912    3.892487    0.00000124   0.1210   0.5619 15+[ 8, 0, 8]
 735    8    54.898053   31.031618   54.896804    3.906599    0.00001137   0.3702   0.5082 15+[10, 3, 7]
 736    8    56.408233   32.541317   56.406504    3.943873    0.00001533   0.4417   0.3979 15+[10, 2, 8]
 737    8    56.461681   32.595034   56.460220    3.945186    0.00001294   0.4062   0.3859 15+[10, 2, 8]
 738    8    57.975884   34.108931   57.974118    3.982196    0.00001524   0.4526   0.5227 15-[13, 4, 7]
 739    8    58.426647   34.561098   58.426284    3.993148    0.00000310   0.2059   0.4858 15-[11, 3, 8]
 740    8    59.559475   35.691791   59.556977    4.020539    0.00002097   0.5455   0.5973 15-[11, 2, 7]
 741    8    60.705658   36.837920   60.703107    4.048064    0.00002101   0.5565   0.3590 15+[10, 1, 7]
 742    8    60.893929   37.028169   60.893356    4.052567    0.00000471   0.2643   0.5708 15+[14, 6, 8]
 743    8    62.913114   39.046697   62.911883    4.100554    0.00000978   0.3935   0.4611 15+[12, 5, 7]
 744    8    64.393005   40.527077   64.392264    4.135371    0.00000576   0.3090   0.4115 15-[13, 5, 8]
 745    8    64.472360   40.606598   64.471785    4.137230    0.00000446   0.2724   0.4225 15-[15, 7, 8]
 746    8    67.550273   43.682311   67.547497    4.208689    0.00002054   0.6123   0.4816 15+[12, 4, 8]
 747    8    68.339670   44.471335   68.336521    4.226822    0.00002304   0.6560   0.4658 15+[14, 5, 7]
 748    8    69.689263   45.821163   69.686350    4.257643    0.00002090   0.6372   0.3728 15-[11, 0, 7]
 749    8    70.191625   46.322034   70.187221    4.269059    0.00003137   0.7863   0.5599 15-[11, 0, 7]
 750    8    70.493892   46.626291   70.491477    4.275913    0.00001713   0.5834   0.5247 15-[15, 6, 7]
 751    8    73.446847   49.578432   73.443618    4.342305    0.00002198   0.6887   0.6372 15+[12, 1, 7]
 752    8    74.068335   50.201115   74.066302    4.356149    0.00001372   0.5488   0.5585 15+[10, 0, 8]
 753    8    75.240123   51.373432   75.238619    4.382132    0.00001000   0.4758   0.5330 15+[16, 9, 7]
 754    8    76.291700   52.425567   76.290753    4.405320    0.00000620   0.3801   0.6184 15-[15, 7, 8]
 755    8    77.826750   53.960359   77.825546    4.438950    0.00000773   0.4329   0.5190 15-[17,10, 7]
 756    8    78.041517   54.174990   78.040177    4.443635    0.00000859   0.4573   0.4848 15-[11, 1, 8]
 757    8    80.321406   56.455360   80.320546    4.493067    0.00000535   0.3717   0.4576 15+[16, 8, 8]
 758    8    81.832170   57.966273   81.831459    4.525526    0.00000434   0.3411   0.4647 15+[16, 8, 8]
 759    9    50.647943   26.780583   50.645770    3.799736    0.00002146   0.4692   0.4805 17+[10, 2, 8]
 760    9    53.638849   29.773305   53.638492    3.875245    0.00000333   0.1957   0.7379 17+[ 8, 0, 8]
 761    9    54.883594   31.018058   54.883244    3.906240    0.00000319   0.1960   0.6406 17-[ 9, 1, 8]
 762    9    56.998805   33.132818   56.998005    3.958354    0.00000702   0.3020   0.5439 17+[10, 2, 8]
 763    9    58.004749   34.139507   58.004694    3.982898    0.00000047   0.0797   0.7790 17-[ 9, 0, 9]
 764    9    58.929717   35.063424   58.928610    4.005335    0.00000939   0.3611   0.5687 17+[14, 6, 8]
 765    9    59.524214   35.658799   59.523986    4.019689    0.00000191   0.1647   0.7345 17+[10, 1, 9]
 766    9    59.786524   35.917613   59.782799    4.026006    0.00003115   0.6673   0.6166 17+[12, 2, 8]
 767    9    62.461356   38.595789   62.460975    4.089867    0.00000305   0.2182   0.5283 17-[15, 7, 8]
 768    9    64.346501   40.480613   64.345799    4.134282    0.00000545   0.3004   0.5723 17-[13, 4, 9]
 769    9    64.548368   40.681504   64.546690    4.139010    0.00001299   0.4653   0.4326 17+[12, 4, 8]
 770    9    67.931409   44.064505   67.929692    4.217453    0.00001264   0.4829   0.5764 17+[10, 0, 8]
 771    9    68.090622   44.225288   68.090474    4.221109    0.00000108   0.1417   0.6805 17+[12, 3, 9]
 772    9    70.648013   46.782308   70.647494    4.279404    0.00000367   0.2706   0.6513 17-[11, 2, 9]
 773    9    72.014232   48.148015   72.013202    4.310223    0.00000715   0.3852   0.5714 17+[12, 2, 8]
 774    9    73.379767   49.513354   73.378540    4.340808    0.00000836   0.4244   0.5087 17-[11, 1, 8]
 775    9    76.288145   52.422362   76.287548    4.405241    0.00000391   0.3017   0.5190 17-[15, 7, 8]
 776    9    77.521465   53.656071   77.521258    4.432282    0.00000134   0.1793   0.7813 17+[14, 5, 9]
 777    9    79.012855   55.147292   79.012479    4.464762    0.00000238   0.2438   0.6156 17+[16, 8, 8]
 778    9    79.580451   55.714038   79.579224    4.477062    0.00000770   0.4418   0.5752 17-[11, 0, 9]
 779    9    80.955321   57.089788   80.954975    4.506716    0.00000214   0.2368   0.6348 17-[15, 6, 9]
 780   10    57.574900   33.709537   57.574723    3.972429    0.00000153   0.1426   0.7007 19-[ 9, 0, 9]
 781   10    59.019586   35.154221   59.019408    4.007508    0.00000151   0.1452   0.6305 19+[10, 1, 9]
 782   10    61.485353   37.619636   61.484823    4.066681    0.00000431   0.2552   0.5246 19-[13, 4, 9]
 783   10    66.555126   42.689755   66.554942    4.185718    0.00000138   0.1564   0.5969 19+[12, 3, 9]
 784   10    67.773681   43.907739   67.772925    4.213829    0.00000558   0.3201   0.5407 19-[15, 6, 9]
 785   10    69.896666   46.031252   69.896438    4.262360    0.00000163   0.1786   0.6909 19+[10, 0,10]
 786   10    72.005782   48.140524   72.005710    4.310033    0.00000050   0.1016   0.6491 19+[10, 0,10]
 787   10    74.100302   50.233819   74.099006    4.356860    0.00000874   0.4382   0.5822 19-[11, 0, 9]
 788   10    75.298086   51.432811   75.297998    4.383413    0.00000058   0.1150   0.9007 19+[12, 2,10]
 789   10    75.966927   52.101560   75.966746    4.398171    0.00000119   0.1657   0.7560 19+[14, 5, 9]
 790   10    77.782528   53.917270   77.782457    4.437985    0.00000046   0.1058   0.8623 19-[13, 3,10]
 791   10    78.829218   54.963785   78.828972    4.460776    0.00000156   0.1972   0.6703 19-[15, 6, 9]
 792   10    80.774564   56.908959   80.774146    4.502828    0.00000259   0.2598   0.5645 19+[12, 1, 9]
 793   11    68.010437   44.144995   68.010181    4.219269    0.00000188   0.1865   0.5961 21-[11, 1,10]
 794   11    71.126939   47.261682   71.126869    4.290232    0.00000049   0.0997   0.7543 21+[10, 0,10]
 795   11    74.319183   50.453923   74.319109    4.361724    0.00000050   0.1049   0.8620 21+[12, 2,10]
 796   11    76.304054   52.438825   76.304012    4.405591    0.00000028   0.0809   0.9549 21-[11, 0,11]
 797   11    76.765315   52.900064   76.765251    4.415723    0.00000042   0.0989   0.8427 21-[13, 3,10]
 798   11    78.266017   54.400801   78.265988    4.448527    0.00000018   0.0670   0.9547 21+[12, 1,11]
 799   12    75.509544   51.644310   75.509497    4.388085    0.00000032   0.0849   0.9137 23-[11, 0,11]
 800   12    77.731257   53.866046   77.731233    4.436866    0.00000016   0.0616   0.9137 23+[12, 1,11]
#all active are  800 q.p. states out of  801
#since the cut off is pwi=  60.0
#check: number of protons =  94.0


 #canonical s.p. energies protons 
 ---------------------------------


  labels -> {2*omega}{parity}[nn=nz+2*nr+nl,nz,nl]
  cqpe   -> canonical q.p. energies
  ce     -> canonical s.p. energies
  fermi energy=  -23.865186632942461     
  average cdelt=   1.3065813392076315     
  k0      ceqp        ce         v*v       u*v        cdel     overl      labels
   1   16.827543   16.827539   0.00000004   0.00020160   0.0164   0.4760  1-[19,16, 1]
   2   13.219778   13.219774   0.00000005   0.00021529   0.0160   0.5477  1+[10, 1, 1]
   3   16.434869   16.434864   0.00000006   0.00024770   0.0200   0.5151  1-[11, 3, 0]
   4   13.432951   13.432945   0.00000007   0.00027184   0.0203   0.4822  1-[ 9, 1, 0]
   5   12.549212   12.549207   0.00000007   0.00027252   0.0198   0.3896  1+[18,16, 0]
   6   20.552634   20.552627   0.00000008   0.00027797   0.0247   0.4515  1+[12, 5, 1]
   7   17.037183   17.037176   0.00000008   0.00028436   0.0233   0.4951  1-[ 9, 0, 1]
   8   18.702984   18.702976   0.00000010   0.00031549   0.0269   0.5233  1-[11, 4, 1]
   9   15.475408   15.475399   0.00000012   0.00034694   0.0273   0.5575  1+[ 8, 0, 0]
  10   17.805195   17.805185   0.00000013   0.00035667   0.0297   0.4986  1-[17,13, 0]
  11   17.116667   17.116655   0.00000014   0.00037297   0.0306   0.4354  1-[ 9, 2, 1]
  12   13.889205   13.889194   0.00000015   0.00038081   0.0288   0.4363  1-[17,16, 1]
  13   26.549932   26.549917   0.00000015   0.00038382   0.0387   0.4710  1+[14, 8, 0]
  14   24.442157   24.442139   0.00000019   0.00043290   0.0418   0.4491  1+[12, 6, 0]
  15   16.212358   16.212343   0.00000019   0.00043444   0.0348   0.3187  1-[21,18, 1]
  16   12.585191   12.585172   0.00000026   0.00050956   0.0371   0.3862  1-[ 9, 1, 0]
  17   22.775645   22.775621   0.00000026   0.00051305   0.0479   0.3774  1-[ 9, 2, 1]
  18   17.267268   17.267242   0.00000031   0.00055431   0.0456   0.3842  1-[11, 5, 0]
  19   20.561556   20.561527   0.00000032   0.00056825   0.0505   0.5175  1-[15,10, 1]
  20    8.344593    8.344569   0.00000037   0.00060551   0.0390   0.4536  1+[16,16, 0]
  21   21.617670   21.617634   0.00000040   0.00062990   0.0573   0.3541  1+[20,17, 1]
  22   21.673874   21.673837   0.00000041   0.00064386   0.0586   0.3928  1-[19,13, 0]
  23   22.022316   22.022272   0.00000049   0.00069648   0.0639   0.2978  1-[11, 0, 1]
  24   23.032383   23.032336   0.00000049   0.00070222   0.0659   0.2978  1+[16,12, 0]
  25   20.272077   20.272033   0.00000050   0.00070598   0.0623   0.4144  1+[16,12, 0]
  26   22.956558   22.956504   0.00000057   0.00075524   0.0707   0.3846  1-[13, 7, 0]
  27   19.240415   19.240353   0.00000073   0.00085338   0.0736   0.3456  1+[10, 3, 1]
  28   23.157908   23.157834   0.00000079   0.00089030   0.0837   0.3176  1-[13, 8, 1]
  29   21.296990   21.296915   0.00000083   0.00091298   0.0825   0.3959  1-[17,14, 1]
  30   21.041996   21.041918   0.00000087   0.00093074   0.0836   0.3697  1+[18,12, 0]
  31   22.692441   22.692342   0.00000107   0.00103296   0.0962   0.3279  1-[13, 3, 0]
  32   30.573288   30.573160   0.00000117   0.00108155   0.1178   0.4181  1-[17,11, 0]
  33   25.791788   25.791653   0.00000136   0.00116637   0.1158   0.4003  1-[11, 1, 0]
  34   24.492510   24.492377   0.00000138   0.00117410   0.1136   0.4728  1+[12, 7, 1]
  35   28.378155   28.377991   0.00000157   0.00125343   0.1310   0.3185  1+[22,20, 0]
  36   24.618643   24.618475   0.00000174   0.00131855   0.1279   0.3717  1+[10, 0, 0]
  37   25.435000   25.434820   0.00000183   0.00135339   0.1334   0.3881  1+[12, 1, 1]
  38   34.275111   34.274887   0.00000193   0.00139022   0.1617   0.3099  1+[16,10, 0]
  39   29.196425   29.196199   0.00000213   0.00145893   0.1548   0.4457  1-[17,12, 1]
  40   34.897129   34.896753   0.00000320   0.00178802   0.2101   0.4193  1+[14, 5, 1]
  41   35.776773   35.776382   0.00000327   0.00180881   0.2158   0.4400  1+[20,15, 1]
  42   19.634634   19.634335   0.00000344   0.00185479   0.1614   0.4285  1-[21,20, 1]
  43   31.303570   31.303185   0.00000349   0.00186892   0.2062   0.4643  1-[15, 9, 0]
  44   25.006791   25.006410   0.00000389   0.00197219   0.1928   0.4269  1+[20,16, 0]
  45   30.697772   30.697334   0.00000401   0.00200348   0.2186   0.5041  1-[13, 4, 1]
  46   28.195504   28.195078   0.00000409   0.00202227   0.2106   0.3706  1+[10, 0, 0]
  47   42.319757   42.319115   0.00000485   0.00220273   0.2916   0.4214  1-[17,12, 1]
  48   33.998984   33.998276   0.00000612   0.00247395   0.2863   0.4258  1-[11, 2, 1]
  49   37.306790   37.305942   0.00000693   0.00263290   0.3221   0.4942  1+[16,11, 1]
  50   39.561951   39.560828   0.00000885   0.00297439   0.3773   0.5858  1-[21,17, 0]
  51   36.458333   36.457251   0.00000897   0.00299506   0.3613   0.3723  1-[15, 7, 0]
  52   32.295944   32.294818   0.00001002   0.00316526   0.3555   0.3930  1-[11, 1, 0]
  53   11.978319   11.977584   0.00001026   0.00320272   0.2296   0.5757  1+[20,20, 0]
  54   28.007243   28.006048   0.00001153   0.00339488   0.3522   0.5146  1+[22,19, 1]
  55   38.564446   38.562975   0.00001178   0.00343225   0.4285   0.4509  1+[12, 1, 1]
  56   33.448602   33.447214   0.00001210   0.00347883   0.3988   0.4285  1+[14, 6, 0]
  57   30.112547   30.111233   0.00001217   0.00348873   0.3766   0.3973  1+[20,19, 1]
  58   32.104555   32.103058   0.00001338   0.00365738   0.4094   0.3608  1+[20,16, 0]
  59   30.803455   30.801660   0.00001641   0.00405093   0.4429   0.3948  1+[12, 4, 0]
  60   37.473219   37.471110   0.00001719   0.00414644   0.5087   0.4358  1-[11, 0, 1]
  61   39.830780   39.828311   0.00001938   0.00440206   0.5608   0.4683  1-[19,15, 0]
  62   37.336408   37.333915   0.00002036   0.00451235   0.5523   0.4989  1-[17,10, 1]
  63   37.179375   37.176102   0.00002681   0.00517785   0.6322   0.4053  1-[13, 3, 0]
  64   35.271994   35.268661   0.00002818   0.00530798   0.6278   0.4429  1+[16, 9, 1]
  65   38.515238   38.511659   0.00002869   0.00535621   0.6682   0.5025  1-[21,18, 1]
  66   33.483032   33.479636   0.00002961   0.00544115   0.6241   0.4310  1-[13, 4, 1]
  67   24.812141   24.809194   0.00003027   0.00550134   0.5356   0.4979  1-[19,19, 0]
  68   28.939292   28.935807   0.00003300   0.00574438   0.6067   0.3919  1+[18,12, 0]
  69   37.092427   37.088062   0.00003581   0.00598379   0.7295   0.2568  1+[12, 2, 0]
  70   37.188687   37.184247   0.00003636   0.00602997   0.7363   0.3348  1+[12, 2, 0]
  71   37.658621   37.653727   0.00003977   0.00630642   0.7760   0.4604  1+[20,17, 1]
  72   34.875460   34.870633   0.00004109   0.00640983   0.7530   0.4094  1-[11, 1, 0]
  73   34.117682   34.112183   0.00004742   0.00688577   0.7985   0.4101  1-[11, 2, 1]
  74   32.588803   32.583220   0.00004945   0.00703167   0.7939   0.4677  1+[22,20, 0]
  75   36.680470   36.674206   0.00005172   0.00719164   0.8708   0.4174  1-[15,11, 0]
  76   34.494915   34.488730   0.00005300   0.00727964   0.8497   0.3178  1-[13, 6, 1]
  77   32.274043   32.267854   0.00005512   0.00742377   0.8335   0.3640  1-[13, 5, 0]
  78   30.334600   30.328036   0.00006055   0.00778086   0.8434   0.3899  1-[19,16, 1]
  79   33.379166   33.371613   0.00006597   0.00812186   0.9299   0.3925  1+[14,10, 0]
  80   31.945626   31.938258   0.00006600   0.00812392   0.9068   0.3693  1+[12, 5, 1]
  81   31.305951   31.297436   0.00007717   0.00878456   0.9693   0.3177  1+[10, 3, 1]
  82   32.034864   32.026083   0.00007855   0.00886225   0.9908   0.3093  1-[21,20, 1]
  83   34.493735   34.484457   0.00007949   0.00891541   1.0406   0.3763  1+[20,18, 0]
  84   29.947926   29.939292   0.00008022   0.00895630   0.9639   0.3488  1+[12, 4, 0]
  85   30.956587   30.946743   0.00008978   0.00947488   1.0389   0.4050  1-[13, 9, 0]
  86   30.165747   30.155194   0.00009766   0.00988181   1.0678   0.3996  1-[ 9, 2, 1]
  87   31.065445   31.054429   0.00010027   0.01001316   1.1001   0.4182  1-[15,12, 1]
  88   30.584347   30.573183   0.00010252   0.01012483   1.1026   0.3232  1-[15,12, 1]
  89   27.945720   27.933585   0.00011711   0.01082097   1.1213   0.3942  1-[21,20, 1]
  90   29.418187   29.405639   0.00011775   0.01085040   1.1563   0.4297  1+[ 8, 1, 1]
  91   25.890178   25.878258   0.00011979   0.01094404   1.0890   0.3983  1+[12, 8, 0]
  92   26.077558   26.064735   0.00012838   0.01132985   1.1317   0.3937  1+[10, 2, 0]
  93   25.270885   25.257805   0.00013310   0.01153625   1.1337   0.5728  1+[14,11, 1]
  94   25.065893   25.051843   0.00014357   0.01198126   1.1725   0.3636  1+[18,17, 1]
  95   23.983810   23.969828   0.00014611   0.01208660   1.1567   0.3760  1-[ 7, 0, 1]
  96   21.922058   21.908466   0.00014843   0.01218219   1.1156   0.3275  1+[10, 6, 0]
  97   23.071606   23.056980   0.00015581   0.01248126   1.1717   0.3950  1+[16,14, 0]
  98   19.468974   19.453601   0.00017738   0.01331715   1.1542   0.3565  1-[15,13, 0]
  99   17.653649   17.638407   0.00018356   0.01354718   1.1249   0.4502  1-[13,10, 1]
 100   18.096809   18.081102   0.00018715   0.01367914   1.1480   0.2913  1-[15,13, 0]
 101   18.217551   18.200046   0.00020799   0.01442023   1.2137   0.3829  1-[17,16, 1]
 102   16.850227   16.832966   0.00021196   0.01455738   1.1854   0.3636  1-[ 9, 4, 1]
 103   11.181856   11.165973   0.00022659   0.01505115   1.0550   0.4471  1+[ 8, 4, 0]
 104   14.013247   13.994775   0.00024382   0.01561292   1.1828   0.4774  1+[12, 9, 1]
 105   15.828621   15.808818   0.00024945   0.01579200   1.2537   0.3601  1-[15,13, 0]
 106   13.745661   13.726236   0.00025824   0.01606778   1.2086   0.4115  1+[14,12, 0]
 107   10.394786   10.376014   0.00027396   0.01654953   1.1340   0.3743  1+[ 6, 2, 0]
 108   10.804850   10.783142   0.00031307   0.01769101   1.2267   0.3960  1+[16,15, 1]
 109    9.611988    9.589429   0.00033694   0.01835289   1.2288   0.4037  1-[ 7, 2, 1]
 110    9.114513    9.092068   0.00034028   0.01844355   1.2165   0.4415  1-[ 5, 1, 0]
 111    8.766031    8.743197   0.00034989   0.01870200   1.2205   0.3969  1-[11, 8, 1]
 112    9.541492    9.516600   0.00037256   0.01929813   1.2894   0.3954  1-[15,14, 1]
 113    7.365597    7.341137   0.00039160   0.01978510   1.2358   0.4647  1-[13,11, 0]
 114    4.598553    4.574451   0.00042339   0.02057203   1.1711   0.4802  1+[ 4, 0, 0]
 115    3.791393    3.765248   0.00047268   0.02173598   1.2023   0.3691  1+[10, 7, 1]
 116    3.497014    3.468707   0.00051727   0.02273779   1.2443   0.3332  1+[14,13, 1]
 117    1.694034    1.662915   0.00060875   0.02466535   1.2609   0.4003  1+[12,10, 0]
 118    1.366746    1.334114   0.00064664   0.02542088   1.2828   0.3579  1-[15,15, 0]
 119   -1.245684   -1.276942   0.00069095   0.02627682   1.1887   0.4601  1-[11, 8, 1]
 120   -1.855610   -1.887371   0.00072152   0.02685136   1.1820   0.4164  1+[ 4, 0, 0]
 121   -2.483557   -2.520648   0.00086737   0.02943841   1.2589   0.3995  1-[13,12, 1]
 122   -4.707566   -4.746993   0.00102904   0.03206209   1.2285   0.4331  1+[10, 7, 1]
 123   -4.597654   -4.638190   0.00105192   0.03241630   1.2492   0.3591  1-[13,13, 0]
 124   -4.648953   -4.692657   0.00113717   0.03370278   1.2953   0.3551  1+[14,14, 0]
 125   -8.288481   -8.335822   0.00151960   0.03895241   1.2135   0.4280  1-[ 9, 6, 1]
 126   -8.215842   -8.264244   0.00154644   0.03929444   1.2299   0.4292  1+[ 6, 2, 0]
 127   -7.929421   -7.981594   0.00163699   0.04042662   1.2885   0.4094  1+[12,11, 1]
 128  -10.108550  -10.164276   0.00202541   0.04495901   1.2370   0.3591  1+[ 8, 6, 0]
 129  -12.534473  -12.586561   0.00229853   0.04788787   1.0852   0.4453  1-[ 5, 2, 1]
 130  -11.005415  -11.068861   0.00246682   0.04960581   1.2758   0.3916  1+[12,12, 0]
 131  -11.885736  -11.954602   0.00287433   0.05353569   1.2827   0.5760  1-[ 3, 0, 1]
 132  -13.147569  -13.225892   0.00365397   0.06033757   1.2934   0.4745  1-[ 7, 5, 0]
 133  -15.037376  -15.126855   0.00506805   0.07100962   1.2537   0.3794  1-[11, 9, 0]
 134  -16.718848  -16.832936   0.00798232   0.08898653   1.2719   0.4572  1-[11,11, 0]
 135  -17.087982  -17.218071   0.00959755   0.09749583   1.3215   0.5246  1-[ 3, 0, 1]
 136  -17.670232  -17.807093   0.01104615   0.10451856   1.2950   0.5135  1+[ 6, 4, 0]
 137  -19.697826  -19.892233   0.02332499   0.15093356   1.2580   0.3499  1+[12,11, 1]
 138  -21.187224  -21.506573   0.05962541   0.23679151   1.2682   0.5171  1-[ 5, 3, 0]
 139  -21.777639  -22.183904   0.09730680   0.29637508   1.2374   0.4341  1+[10,10, 0]
 140  -21.958334  -22.551366   0.15550035   0.36238100   1.3820   0.4909  1-[ 5, 2, 1]
 141  -22.464575  -24.440328   0.70531781   0.45589977   1.2771   0.5159  1+[ 4, 2, 0]
 142  -22.473844  -24.444380   0.70814209   0.45461728   1.2651   0.3780  1-[11,10, 1]
 143  -20.505119  -26.941120   0.95771896   0.20122960   1.3523   0.5870  1+[ 2, 0, 0]
 144  -20.555110  -26.919446   0.96135782   0.19274067   1.2760   0.4012  1+[ 6, 5, 1]
 145  -18.670803  -28.908006   0.98541070   0.11990186   1.2456   0.3285  1+[10, 9, 1]
 146  -17.754558  -29.869165   0.99127335   0.09300805   1.1367   0.3943  1-[ 5, 3, 0]
 147  -16.350923  -31.254685   0.99169813   0.09073559   1.3636   0.5838  1+[ 2, 0, 0]
 148  -16.534818  -31.086364   0.99255215   0.08597895   1.2605   0.4022  1-[ 3, 2, 1]
 149  -14.295645  -33.351458   0.99564920   0.06581695   1.2597   0.4013  1+[ 6, 6, 0]
 150  -12.161505  -35.486126   0.99646511   0.05934978   1.3892   0.4554  1+[ 4, 3, 1]
 151  -11.621409  -36.027660   0.99667976   0.05752575   1.4087   0.3892  1+[ 4, 2, 0]
 152   -9.894084  -37.777373   0.99789149   0.04587003   1.2817   0.3496  1-[ 5, 5, 0]
 153   -9.666318  -38.006556   0.99797523   0.04495189   1.2765   0.5941  1-[ 3, 2, 1]
 154   -7.420167  -40.253330   0.99827071   0.04154874   1.3665   0.5513  1-[ 1, 0, 1]
 155   -5.563644  -42.121888   0.99877492   0.03497965   1.2804   0.4814  1+[ 4, 4, 0]
 156   -3.148517  -44.536093   0.99889551   0.03321550   1.3762   0.6500  1-[ 1, 0, 1]
 157   -2.263097  -45.431771   0.99917820   0.02865536   1.2380   0.4823  1-[ 3, 3, 0]
 158    0.469928  -48.163392   0.99924165   0.02752779   1.3398   0.5118  1-[ 5, 4, 1]
 159   -3.978588  -43.722465   0.99926283   0.02714088   1.0795   0.4951  1+[ 6, 5, 1]
 160    1.827915  -49.525496   0.99936184   0.02525373   1.2977   0.5351  1-[ 1, 1, 0]
 161    5.749686  -53.450391   0.99949910   0.02237522   1.3253   0.5230  1-[ 1, 1, 0]
 162    4.346917  -52.055605   0.99961568   0.01960040   1.1059   0.4289  1-[ 1, 1, 0]
 163    8.933016  -56.638834   0.99962566   0.01934415   1.2689   0.7846  1+[ 0, 0, 0]
 164   11.694744  -59.402782   0.99968596   0.01771841   1.2601   0.4250  1+[ 4, 4, 0]
 165    8.997598  -56.714760   0.99979900   0.01417605   0.9317   0.4546  1+[ 6, 6, 0]
 166   16.873266   16.873262   0.00000004   0.00020197   0.0165   0.4766  3-[19,16, 1]
 167   13.229991   13.229988   0.00000005   0.00021576   0.0160   0.5483  3+[10, 1, 1]
 168   17.074763   17.074758   0.00000006   0.00024445   0.0200   0.5131  3+[10, 2, 2]
 169   13.051744   13.051739   0.00000007   0.00025873   0.0191   0.4679  3+[18,16, 2]
 170   14.965143   14.965137   0.00000007   0.00026758   0.0208   0.5738  3-[ 9, 1, 2]
 171   20.637924   20.637917   0.00000008   0.00027880   0.0248   0.4513  3+[12, 5, 1]
 172   17.036322   17.036316   0.00000008   0.00028525   0.0233   0.4968  3-[ 9, 0, 1]
 173   18.810071   18.810063   0.00000010   0.00031691   0.0270   0.5215  3-[11, 4, 1]
 174   16.119772   16.119762   0.00000012   0.00034344   0.0275   0.5599  3+[ 8, 0, 2]
 175   19.093390   19.093379   0.00000012   0.00034873   0.0300   0.5038  3-[17,13, 2]
 176   16.980750   16.980738   0.00000014   0.00037537   0.0307   0.4339  3-[ 9, 2, 1]
 177   13.862589   13.862578   0.00000015   0.00038201   0.0288   0.4364  3-[17,16, 1]
 178   27.486394   27.486379   0.00000015   0.00038792   0.0398   0.4681  3+[14, 8, 2]
 179   17.295762   17.295746   0.00000019   0.00043707   0.0360   0.2991  3-[21,18, 1]
 180   24.090469   24.090451   0.00000019   0.00043873   0.0421   0.4310  3+[12, 6, 2]
 181   13.474520   13.474501   0.00000025   0.00050392   0.0376   0.3785  3-[ 9, 1, 2]
 182   22.820089   22.820065   0.00000027   0.00051527   0.0481   0.3764  3-[ 9, 2, 1]
 183   18.852875   18.852848   0.00000031   0.00055433   0.0474   0.3833  3+[14, 8, 2]
 184   20.492363   20.492334   0.00000033   0.00057023   0.0506   0.5140  3-[15,10, 1]
 185   21.597282   21.597245   0.00000040   0.00063365   0.0576   0.3597  3+[20,17, 1]
 186   22.297829   22.297790   0.00000042   0.00064908   0.0599   0.3930  3-[19,13, 2]
 187   21.611003   21.610958   0.00000049   0.00070152   0.0638   0.2752  3-[11, 0, 1]
 188   22.254044   22.253998   0.00000050   0.00070615   0.0651   0.3232  3+[16,12, 2]
 189   21.836478   21.836432   0.00000050   0.00070963   0.0649   0.3415  3+[16,12, 2]
 190   24.516781   24.516724   0.00000059   0.00076954   0.0745   0.3874  3-[13, 7, 2]
 191   19.514775   19.514710   0.00000074   0.00086096   0.0747   0.3387  3+[10, 3, 1]
 192   22.679456   22.679382   0.00000080   0.00089517   0.0833   0.3141  3-[13, 8, 1]
 193   21.197542   21.197466   0.00000084   0.00091730   0.0827   0.4086  3-[17,14, 1]
 194   22.720949   22.720868   0.00000087   0.00093506   0.0871   0.3917  3+[18,12, 2]
 195   23.813783   23.813679   0.00000109   0.00104403   0.0996   0.3415  3-[13, 3, 2]
 196   32.201549   32.201407   0.00000127   0.00112682   0.1264   0.4159  3-[17,11, 2]
 197   26.752125   26.751991   0.00000133   0.00115265   0.1167   0.4269  3-[11, 1, 2]
 198   24.257369   24.257234   0.00000140   0.00118303   0.1139   0.4777  3+[12, 7, 1]
 199   29.352878   29.352706   0.00000162   0.00127088   0.1353   0.3530  3+[22,20, 2]
 200   25.482872   25.482698   0.00000176   0.00132761   0.1310   0.3738  3+[10, 0, 2]
 201   25.390712   25.390528   0.00000187   0.00136601   0.1346   0.3888  3+[12, 1, 1]
 202   38.017239   38.016977   0.00000212   0.00145563   0.1802   0.3188  3+[16,10, 2]
 203   29.546151   29.545921   0.00000216   0.00146850   0.1569   0.4314  3-[17,12, 1]
 204   34.583033   34.582654   0.00000324   0.00180080   0.2105   0.4042  3+[14, 5, 1]
 205   35.595237   35.594842   0.00000332   0.00182245   0.2167   0.4314  3+[20,15, 1]
 206   18.601248   18.600949   0.00000352   0.00187663   0.1594   0.4435  3-[21,20, 1]
 207   33.531553   33.531112   0.00000384   0.00195926   0.2249   0.4203  3-[15, 9, 2]
 208   25.628505   25.628107   0.00000402   0.00200437   0.1984   0.4671  3-[21,19, 2]
 209   30.573299   30.572851   0.00000412   0.00202904   0.2209   0.5142  3-[13, 4, 1]
 210   30.021609   30.021152   0.00000424   0.00206003   0.2220   0.3500  3+[10, 0, 2]
 211   41.968822   41.968174   0.00000492   0.00221848   0.2921   0.4216  3-[17,12, 1]
 212   33.458320   33.457603   0.00000626   0.00250188   0.2868   0.4257  3-[11, 2, 1]
 213   36.776104   36.775249   0.00000706   0.00265616   0.3221   0.4953  3+[16,11, 1]
 214   39.359669   39.358491   0.00000931   0.00305149   0.3859   0.6417  3-[21,17, 2]
 215   36.964201   36.963048   0.00000948   0.00307877   0.3746   0.3965  3-[15, 7, 2]
 216   33.482902   33.481692   0.00001055   0.00324856   0.3726   0.3955  3+[12, 2, 2]
 217   26.399932   26.398746   0.00001180   0.00343472   0.3453   0.5351  3+[22,19, 1]
 218   38.009090   38.007594   0.00001209   0.00347713   0.4303   0.4516  3+[12, 1, 1]
 219   34.386043   34.384558   0.00001275   0.00357061   0.4160   0.4411  3+[14, 6, 2]
 220   30.804536   30.803137   0.00001279   0.00357654   0.3911   0.4289  3-[23,20, 1]
 221   36.662565   36.660833   0.00001431   0.00378226   0.4579   0.5068  3+[20,16, 2]
 222   32.744342   32.742398   0.00001717   0.00414367   0.4691   0.4085  3+[12, 4, 2]
 223   36.725796   36.723647   0.00001773   0.00421060   0.5102   0.4299  3-[11, 0, 1]
 224   36.332335   36.329837   0.00002074   0.00455423   0.5483   0.5421  3-[17,10, 1]
 225   41.362386   41.359510   0.00002204   0.00469511   0.6125   0.5226  3-[19,15, 2]
 226   38.989318   38.985815   0.00002787   0.00527867   0.6636   0.4146  3-[13, 3, 2]
 227   34.483379   34.479945   0.00002942   0.00542398   0.6330   0.4494  3+[16, 9, 1]
 228   42.420959   42.416932   0.00003037   0.00551082   0.7306   0.5599  3-[21,18, 1]
 229   33.561653   33.558132   0.00003066   0.00553691   0.6359   0.4189  3-[13, 4, 1]
 230   34.152097   34.148112   0.00003435   0.00586077   0.6801   0.3980  3+[18,14, 2]
 231   37.283578   37.279073   0.00003684   0.00606940   0.7423   0.3899  3+[12, 2, 2]
 232   36.866376   36.861785   0.00003780   0.00614765   0.7467   0.3255  3+[20,17, 1]
 233   36.309197   36.304213   0.00004141   0.00643524   0.7745   0.3486  3-[11, 1, 2]
 234   36.463372   36.458295   0.00004207   0.00648603   0.7826   0.4162  3+[20,17, 1]
 235   33.373524   33.367914   0.00004901   0.00700051   0.8014   0.4100  3-[11, 2, 1]
 236   32.992191   32.986585   0.00004930   0.00702129   0.7984   0.5332  3+[22,20, 2]
 237   36.415374   36.408796   0.00005456   0.00738637   0.8905   0.4270  3-[15,11, 2]
 238   33.248399   33.242031   0.00005575   0.00746657   0.8529   0.2901  3-[13, 6, 1]
 239   33.243371   33.236837   0.00005721   0.00756319   0.8638   0.3315  3-[13, 5, 2]
 240   29.751263   29.744394   0.00006406   0.00800363   0.8583   0.4284  3-[19,16, 1]
 241   34.074447   34.066494   0.00006864   0.00828441   0.9600   0.4010  3+[14,10, 2]
 242   30.262788   30.255189   0.00007019   0.00837740   0.9069   0.3950  3+[12, 5, 1]
 243   35.961316   35.951498   0.00008206   0.00905807   1.0838   0.4237  3+[20,18, 2]
 244   28.537112   28.528449   0.00008266   0.00909143   0.9528   0.3555  3+[10, 3, 1]
 245   30.840759   30.831615   0.00008357   0.00914139   1.0002   0.3402  3+[12, 4, 2]
 246   31.389841   31.380506   0.00008447   0.00919021   1.0156   0.4287  3+[18,15, 1]
 247   31.530164   31.519777   0.00009375   0.00968225   1.0727   0.4030  3-[13, 9, 2]
 248   28.254594   28.243759   0.00010394   0.01019468   1.0627   0.4032  3-[ 9, 2, 1]
 249   32.874089   32.861604   0.00011003   0.01048873   1.1902   0.3216  3-[17,15, 2]
 250   30.576600   30.564511   0.00011102   0.01053621   1.1472   0.5007  3-[15,12, 1]
 251   25.687512   25.675322   0.00012300   0.01108976   1.0991   0.3834  3+[12, 8, 2]
 252   27.667694   27.654716   0.00012592   0.01122057   1.1565   0.4498  3+[ 8, 1, 1]
 253   25.740563   25.727257   0.00013411   0.01157978   1.1488   0.4570  3-[21,20, 1]
 254   26.902753   26.889014   0.00013531   0.01163162   1.1810   0.3900  3+[10, 2, 2]
 255   23.032999   23.019033   0.00014889   0.01220120   1.1444   0.5639  3+[14,11, 1]
 256   22.241431   22.227403   0.00015213   0.01233302   1.1373   0.3749  3+[10, 6, 2]
 257   24.962103   24.946974   0.00015492   0.01244578   1.2154   0.4323  3+[16,14, 2]
 258   22.347010   22.332499   0.00015701   0.01252942   1.1580   0.3637  3-[ 7, 0, 1]
 259   16.868310   16.852748   0.00019102   0.01381970   1.1258   0.4104  3-[ 9, 5, 2]
 260   21.053676   21.036162   0.00019495   0.01396118   1.2542   0.3475  3+[20,19, 1]
 261   18.054863   18.037653   0.00020528   0.01432608   1.2011   0.5643  3-[13,10, 1]
 262   18.468075   18.449223   0.00022266   0.01492024   1.2632   0.4077  3-[17,16, 1]
 263   15.309375   15.291513   0.00022799   0.01509750   1.1829   0.3594  3-[ 9, 4, 1]
 264   10.999153   10.982636   0.00023687   0.01538882   1.0730   0.4191  3+[ 8, 4, 2]
 265   13.674395   13.654061   0.00027084   0.01645491   1.2354   0.3672  3+[12, 9, 1]
 266   13.170158   13.149513   0.00027873   0.01669283   1.2364   0.5049  3+[14,12, 2]
 267   10.766633   10.746784   0.00028657   0.01692587   1.1723   0.4187  3+[ 6, 2, 2]
 268   10.609044   10.585880   0.00033597   0.01832635   1.2636   0.4228  3+[16,15, 1]
 269    9.311949    9.289297   0.00034138   0.01847338   1.2258   0.4488  3-[ 5, 1, 2]
 270    8.374388    8.350919   0.00036397   0.01907460   1.2299   0.4265  3-[ 7, 2, 1]
 271    7.087204    7.062666   0.00039640   0.01990573   1.2323   0.3693  3-[11, 8, 1]
 272    8.235467    8.209600   0.00040290   0.02006843   1.2884   0.5850  3-[13,11, 2]
 273    4.790735    4.764409   0.00045935   0.02142744   1.2280   0.4740  3+[ 4, 0, 2]
 274    4.420996    4.391368   0.00052373   0.02287917   1.2943   0.4241  3-[15,14, 1]
 275    1.125583    1.096823   0.00057541   0.02398078   1.1986   0.3974  3+[12, 9, 1]
 276    3.241439    3.208323   0.00061085   0.02470792   1.3395   0.5761  3+[12,10, 2]
 277   -1.616265   -1.652384   0.00081171   0.02847894   1.2673   0.4055  3+[ 8, 4, 2]
 278   -1.525812   -1.563723   0.00084853   0.02911711   1.3009   0.3627  3+[14,13, 1]
 279   -3.366218   -3.401261   0.00085475   0.02922357   1.1981   0.4285  3-[11, 8, 1]
 280   -2.650801   -2.692296   0.00097798   0.03125739   1.3262   0.5081  3-[11, 9, 2]
 281   -6.991325   -7.035715   0.00131534   0.03624374   1.2231   0.4950  3+[10, 7, 1]
 282   -7.139885   -7.192067   0.00155998   0.03946579   1.3202   0.3792  3-[13,12, 1]
 283   -7.600108   -7.655664   0.00170781   0.04129034   1.3432   0.4859  3+[ 8, 6, 2]
 284   -7.995371   -8.051151   0.00175742   0.04188477   1.3294   0.4774  3+[ 6, 2, 2]
 285  -10.325257  -10.381056   0.00206054   0.04534640   1.2280   0.5058  3+[ 4, 1, 1]
 286  -12.794760  -12.868181   0.00331607   0.05748976   1.2729   0.3963  3-[11,10, 1]
 287  -12.638392  -12.715568   0.00343710   0.05852596   1.3141   0.4410  3-[ 7, 5, 2]
 288  -14.403656  -14.471775   0.00359980   0.05989025   1.1333   0.3767  3-[ 5, 2, 1]
 289  -14.339723  -14.420679   0.00424943   0.06504902   1.2392   0.5424  3-[ 3, 0, 1]
 290  -16.548611  -16.676178   0.00871763   0.09296039   1.3603   0.5428  3+[ 6, 4, 2]
 291  -17.580463  -17.717760   0.01092308   0.10394117   1.3065   0.3536  3-[ 9, 8, 1]
 292  -18.960717  -19.138657   0.01814052   0.13345952   1.3091   0.5404  3-[ 3, 0, 1]
 293  -20.196249  -20.444554   0.03383869   0.18081380   1.3268   0.5115  3-[ 5, 3, 2]
 294  -21.848630  -22.333096   0.12012192   0.32510405   1.3112   0.3886  3+[12,11, 1]
 295  -22.404140  -23.375440   0.33239885   0.47107309   1.3765   0.5288  3-[ 3, 1, 2]
 296  -22.436008  -24.251483   0.63514616   0.48138915   1.3760   0.4860  3-[ 5, 2, 1]
 297  -21.353421  -25.941998   0.91341665   0.28122353   1.4127   0.5996  3+[ 2, 0, 2]
 298  -20.542611  -26.917001   0.95925429   0.19770051   1.3137   0.4098  3-[ 5, 4, 1]
 299  -19.377703  -28.212234   0.98435251   0.12410740   1.1139   0.4655  3+[ 6, 4, 2]
 300  -16.796508  -30.789925   0.98981845   0.10038869   1.4192   0.5724  3+[ 2, 0, 2]
 301  -16.531796  -31.076145   0.99165245   0.09098281   1.3344   0.4506  3+[ 4, 3, 1]
 302  -12.910590  -34.734591   0.99611157   0.06223594   1.3635   0.4808  3-[ 3, 2, 1]
 303  -11.564853  -36.081184   0.99657177   0.05845066   1.4379   0.4567  3+[ 4, 2, 2]
 304   -9.236846  -38.426521   0.99770972   0.04780203   1.3985   0.5806  3+[ 2, 1, 1]
 305   -6.292163  -41.386562   0.99853047   0.03830627   1.3463   0.5903  3-[ 3, 2, 1]
 306   -5.920724  -41.763093   0.99870275   0.03599394   1.2918   0.5108  3+[ 2, 1, 1]
 307   -1.103675  -46.583689   0.99905523   0.03072266   1.3986   0.7041  3-[ 1, 0, 1]
 308    2.535902  -50.230550   0.99932342   0.02600231   1.3730   0.4532  3+[ 4, 3, 1]
 309   -2.342464  -45.363095   0.99942352   0.02400306   1.0332   0.4418  3+[ 6, 5, 1]
 310   19.888504   19.888501   0.00000004   0.00018848   0.0165   0.4922  5-[19,16, 3]
 311   14.744859   14.744856   0.00000004   0.00020891   0.0161   0.5455  5+[10, 1, 3]
 312   16.982950   16.982945   0.00000006   0.00024500   0.0200   0.5169  5+[10, 2, 2]
 313   13.179856   13.179851   0.00000007   0.00026055   0.0193   0.4704  5+[18,16, 2]
 314   14.904877   14.904871   0.00000007   0.00026756   0.0207   0.5722  5-[ 9, 1, 2]
 315   17.019649   17.019643   0.00000008   0.00027551   0.0225   0.4388  5-[ 9, 0, 3]
 316   23.329436   23.329428   0.00000008   0.00028299   0.0267   0.4402  5-[13, 6, 3]
 317   20.228102   20.228093   0.00000010   0.00031385   0.0277   0.5502  5-[11, 4, 3]
 318   16.112326   16.112317   0.00000012   0.00034446   0.0275   0.5583  5+[ 8, 0, 2]
 319   19.089842   19.089831   0.00000012   0.00035152   0.0302   0.5074  5-[17,13, 2]
 320   20.237049   20.237037   0.00000014   0.00037116   0.0327   0.4671  5-[ 9, 2, 3]
 321   27.494247   27.494231   0.00000015   0.00039069   0.0401   0.4693  5+[14, 8, 2]
 322   18.163809   18.163793   0.00000018   0.00042412   0.0357   0.3440  5+[16,13, 3]
 323   25.909273   25.909253   0.00000019   0.00044086   0.0439   0.4793  5+[12, 6, 2]
 324   13.393381   13.393362   0.00000026   0.00050748   0.0378   0.3720  5-[ 9, 1, 2]
 325   24.379451   24.379424   0.00000028   0.00052699   0.0508   0.3724  5-[ 9, 2, 3]
 326   18.730975   18.730949   0.00000031   0.00055709   0.0475   0.3760  5+[14, 8, 2]
 327   20.153427   20.153398   0.00000033   0.00057550   0.0507   0.4628  5-[15,10, 3]
 328   22.623749   22.623709   0.00000043   0.00065312   0.0607   0.4068  5-[19,13, 2]
 329   27.956080   27.956034   0.00000044   0.00066471   0.0689   0.3788  5+[14, 9, 3]
 330   24.856033   24.855985   0.00000049   0.00069940   0.0682   0.3595  5-[11, 0, 3]
 331   17.435072   17.435029   0.00000052   0.00072085   0.0595   0.5058  5+[16,12, 2]
 332   27.940996   27.940936   0.00000057   0.00075586   0.0783   0.4335  5-[13, 8, 3]
 333   24.323764   24.323706   0.00000060   0.00077652   0.0748   0.3857  5-[13, 7, 2]
 334   18.512098   18.512036   0.00000073   0.00085498   0.0725   0.3881  5+[10, 3, 3]
 335   22.923849   22.923766   0.00000088   0.00094035   0.0880   0.4000  5+[18,12, 2]
 336   29.246468   29.246370   0.00000093   0.00096227   0.1022   0.3879  5+[16, 9, 3]
 337   24.921128   24.921032   0.00000098   0.00099085   0.0967   0.4143  5-[17,14, 3]
 338   23.642289   23.642183   0.00000111   0.00105365   0.1001   0.3428  5-[13, 3, 2]
 339   31.977074   31.976929   0.00000130   0.00114078   0.1274   0.4191  5-[17,11, 2]
 340   26.337476   26.337342   0.00000133   0.00115389   0.1159   0.4236  5-[11, 1, 2]
 341   28.598954   28.598786   0.00000160   0.00126545   0.1328   0.4732  5+[14, 7, 3]
 342   28.832569   28.832395   0.00000166   0.00128666   0.1356   0.3535  5+[22,20, 2]
 343   25.272727   25.272553   0.00000178   0.00133277   0.1310   0.3686  5+[10, 0, 2]
 344   27.518257   27.518067   0.00000186   0.00136231   0.1400   0.4035  5+[12, 1, 3]
 345   37.973462   37.973195   0.00000216   0.00147018   0.1818   0.3372  5+[16,10, 2]
 346   32.035427   32.035164   0.00000235   0.00153267   0.1714   0.4570  5-[19,14, 3]
 347   37.419479   37.419031   0.00000365   0.00191165   0.2343   0.4312  5+[14, 5, 3]
 348   32.826145   32.825698   0.00000394   0.00198497   0.2251   0.4066  5-[15, 9, 2]
 349   25.816582   25.816170   0.00000414   0.00203584   0.2023   0.4613  5-[21,19, 2]
 350   33.817339   33.816838   0.00000434   0.00208360   0.2404   0.3361  5+[20,15, 3]
 351   32.404672   32.404182   0.00000435   0.00208660   0.2348   0.2850  5+[20,15, 3]
 352   34.361129   34.360606   0.00000450   0.00212058   0.2469   0.4202  5-[13, 4, 3]
 353   43.343595   43.342713   0.00000656   0.00256149   0.3443   0.4307  5-[17,12, 3]
 354   37.582535   37.581689   0.00000688   0.00262387   0.3225   0.4177  5-[11, 2, 3]
 355   41.849603   41.848396   0.00000918   0.00303044   0.3983   0.5425  5+[18,13, 3]
 356   37.955045   37.953831   0.00000982   0.00313289   0.3874   0.6485  5-[21,17, 2]
 357   35.435433   35.434248   0.00001000   0.00316158   0.3750   0.3953  5-[15, 7, 2]
 358   32.861459   32.860217   0.00001095   0.00330954   0.3755   0.3934  5+[12, 2, 2]
 359   41.276852   41.275178   0.00001285   0.00358424   0.4670   0.4480  5+[12, 1, 3]
 360   33.417394   33.415868   0.00001333   0.00365075   0.4182   0.4844  5+[14, 6, 2]
 361   38.316655   38.314880   0.00001428   0.00377823   0.4699   0.5033  5+[20,16, 2]
 362   34.015482   34.013612   0.00001615   0.00401910   0.4653   0.4599  5-[23,20, 3]
 363   31.233715   31.231733   0.00001799   0.00424118   0.4674   0.4187  5+[12, 4, 2]
 364   39.048625   39.046233   0.00001901   0.00435953   0.5485   0.4174  5-[11, 0, 3]
 365   39.369248   39.366330   0.00002307   0.00480293   0.6074   0.4155  5-[19,15, 2]
 366   38.840483   38.837416   0.00002445   0.00494483   0.6201   0.3953  5-[17,10, 3]
 367   37.027085   37.023442   0.00002991   0.00546889   0.6660   0.4138  5-[13, 3, 2]
 368   35.166443   35.162615   0.00003242   0.00569406   0.6723   0.4366  5-[13, 4, 3]
 369   36.188216   36.184235   0.00003314   0.00575672   0.6914   0.4103  5-[15, 8, 3]
 370   41.877647   41.872860   0.00003641   0.00603403   0.7934   0.4219  5-[23,20, 3]
 371   33.246111   33.241709   0.00003854   0.00620771   0.7091   0.3040  5+[16,12, 2]
 372   33.655407   33.650832   0.00003977   0.00630597   0.7254   0.3111  5+[12, 2, 2]
 373   36.443277   36.437985   0.00004387   0.00662352   0.7989   0.2844  5+[10, 0, 2]
 374   36.532053   36.526660   0.00004464   0.00668128   0.8071   0.2438  5+[14, 7, 3]
 375   35.135562   35.129579   0.00005070   0.00712025   0.8402   0.4071  5-[11, 2, 3]
 376   44.830534   44.823162   0.00005366   0.00732488   1.0064   0.5155  5+[20,17, 3]
 377   32.319629   32.313034   0.00005868   0.00766020   0.8608   0.4854  5+[22,20, 2]
 378   34.249148   34.242151   0.00006020   0.00775868   0.9018   0.2680  5-[13, 6, 3]
 379   32.667015   32.660024   0.00006183   0.00786293   0.8890   0.2851  5-[13, 5, 2]
 380   31.035722   31.028687   0.00006407   0.00800436   0.8789   0.4840  5-[15,11, 2]
 381   33.984562   33.976063   0.00007346   0.00857043   0.9916   0.3721  5+[12, 5, 3]
 382   36.001309   35.992097   0.00007694   0.00877110   1.0502   0.4724  5-[19,16, 3]
 383   30.365068   30.356496   0.00007903   0.00888961   0.9642   0.4575  5+[14,10, 2]
 384   28.496002   28.487006   0.00008590   0.00926787   0.9706   0.4394  5+[10, 3, 3]
 385   28.118703   28.109218   0.00009123   0.00955079   0.9930   0.3580  5+[12, 4, 2]
 386   34.039811   34.027892   0.00010292   0.01014435   1.1748   0.3963  5+[18,15, 3]
 387   29.449245   29.437788   0.00010745   0.01036523   1.1052   0.3522  5-[ 9, 2, 3]
 388   28.413925   28.402456   0.00010969   0.01047291   1.0950   0.3461  5-[13, 9, 2]
 389   32.253276   32.240282   0.00011577   0.01075922   1.2076   0.4118  5+[16,13, 3]
 390   29.195690   29.182189   0.00012723   0.01127881   1.1969   0.4164  5+[ 8, 1, 3]
 391   31.683096   31.667873   0.00013703   0.01170524   1.3004   0.5935  5-[15,12, 3]
 392   22.160487   22.147009   0.00014641   0.01209924   1.1138   0.3938  5+[12, 8, 2]
 393   24.417678   24.403209   0.00014983   0.01223956   1.1819   0.3933  5+[10, 2, 2]
 394   26.568270   26.552075   0.00016055   0.01267001   1.2780   0.4534  5-[17,15, 2]
 395   22.901413   22.885960   0.00016522   0.01285255   1.2021   0.3827  5-[ 7, 0, 3]
 396   24.941272   24.923648   0.00018056   0.01343589   1.3115   0.6469  5+[14,11, 3]
 397   17.606060   17.590753   0.00018455   0.01358365   1.1267   0.3748  5+[10, 6, 2]
 398   14.953795   14.935944   0.00022992   0.01516143   1.1771   0.3355  5+[12, 8, 2]
 399   17.940894   17.920860   0.00023961   0.01547748   1.2941   0.5557  5-[13,10, 3]
 400   17.387408   17.367531   0.00024092   0.01551968   1.2805   0.5112  5+[16,14, 2]
 401   15.822104   15.802544   0.00024643   0.01569602   1.2459   0.3444  5-[ 9, 4, 3]
 402    7.419607    7.400941   0.00029832   0.01726947   1.0805   0.4512  5+[ 8, 4, 2]
 403   13.866281   13.842241   0.00031858   0.01784584   1.3467   0.6232  5+[12, 9, 3]
 404   11.429992   11.405518   0.00034671   0.01861683   1.3142   0.5956  5-[15,13, 2]
 405    5.754984    5.733695   0.00035938   0.01895379   1.1228   0.3872  5+[ 6, 2, 2]
 406    8.326061    8.300941   0.00039017   0.01974890   1.2715   0.4358  5-[ 7, 2, 3]
 407    5.168122    5.142849   0.00043523   0.02085774   1.2111   0.4746  5-[ 5, 1, 2]
 408    8.428394    8.399803   0.00044269   0.02103544   1.3586   0.5205  5-[11, 8, 3]
 409    5.512513    5.482487   0.00051104   0.02260051   1.3279   0.6177  5+[14,12, 2]
 410    1.353394    1.323827   0.00058623   0.02420504   1.2208   0.4831  5+[ 4, 0, 2]
 411    3.506512    3.472740   0.00061691   0.02482992   1.3593   0.4304  5+[10, 7, 3]
 412   -0.207202   -0.244868   0.00079605   0.02820320   1.3345   0.5753  5-[13,11, 2]
 413   -1.024445   -1.064659   0.00088030   0.02965675   1.3548   0.4635  5-[11, 8, 3]
 414   -4.878790   -4.920056   0.00108673   0.03294772   1.2511   0.4228  5+[ 4, 0, 2]
 415   -4.354666   -4.403798   0.00125913   0.03546182   1.3838   0.4985  5+[10, 7, 3]
 416   -5.649415   -5.700370   0.00139863   0.03737216   1.3615   0.4790  5+[10, 8, 2]
 417   -7.849928   -7.909167   0.00184946   0.04296559   1.3762   0.4975  5-[ 9, 6, 3]
 418  -10.670701  -10.738832   0.00258180   0.05074576   1.3391   0.3588  5-[ 7, 3, 2]
 419  -10.938326  -11.007151   0.00266212   0.05152697   1.3322   0.3784  5-[ 9, 7, 2]
 420  -11.699539  -11.765360   0.00270517   0.05194086   1.2638   0.5080  5-[ 5, 2, 3]
 421  -11.475636  -11.560457   0.00342310   0.05840704   1.4473   0.6177  5-[ 3, 0, 3]
 422  -15.094529  -15.200067   0.00601653   0.07733258   1.3565   0.5244  5+[ 8, 6, 2]
 423  -16.863517  -17.017078   0.01096602   0.10414299   1.4583   0.5521  5-[ 3, 0, 3]
 424  -19.194542  -19.393126   0.02125876   0.14424573   1.3474   0.5400  5-[ 7, 5, 2]
 425  -21.940256  -22.628472   0.17876391   0.38315450   1.4751   0.4822  5-[ 5, 2, 3]
 426  -22.353150  -23.217945   0.28597032   0.45187531   1.3665   0.5176  5+[ 6, 4, 2]
 427  -20.933467  -26.466411   0.94363445   0.23062626   1.3523   0.5574  5-[ 5, 3, 2]
 428  -18.415722  -29.138143   0.98380497   0.12622500   1.3757   0.5819  5+[ 4, 2, 2]
 429  -16.124014  -31.468186   0.99107545   0.09404735   1.4561   0.6386  5+[ 2, 0, 2]
 430  -11.985254  -35.655767   0.99623939   0.06120842   1.4543   0.6398  5+[ 2, 0, 2]
 431  -13.913897  -33.757276   0.99702546   0.05445813   1.0839   0.4384  5-[ 7, 5, 2]
 432   -7.534737  -40.130572   0.99800787   0.04458878   1.4563   0.4738  5+[ 4, 2, 2]
 433   19.905307   19.905304   0.00000004   0.00018915   0.0166   0.4928  7-[19,16, 3]
 434   14.808185   14.808182   0.00000004   0.00021042   0.0163   0.5481  7+[10, 1, 3]
 435   19.187017   19.187012   0.00000006   0.00023796   0.0205   0.5463  7+[10, 2, 4]
 436   17.842118   17.842113   0.00000007   0.00025783   0.0215   0.5558  7-[ 9, 1, 4]
 437   16.750274   16.750268   0.00000008   0.00027799   0.0226   0.4553  7-[ 9, 0, 3]
 438   23.767882   23.767874   0.00000008   0.00028582   0.0272   0.4455  7-[13, 6, 3]
 439   20.853017   20.853008   0.00000010   0.00031908   0.0285   0.5496  7-[11, 4, 3]
 440   21.220161   21.220151   0.00000011   0.00033505   0.0302   0.5216  7-[17,13, 4]
 441   18.840995   18.840985   0.00000011   0.00033865   0.0289   0.5519  7+[ 8, 0, 4]
 442   19.697425   19.697412   0.00000014   0.00037853   0.0330   0.4651  7-[ 9, 2, 3]
 443   30.424503   30.424484   0.00000018   0.00042132   0.0457   0.4603  7+[14, 8, 4]
 444   18.137040   18.137024   0.00000018   0.00042859   0.0360   0.3446  7+[16,13, 3]
 445   27.267014   27.266991   0.00000022   0.00047110   0.0482   0.4360  7+[12, 6, 4]
 446   17.384974   17.384953   0.00000026   0.00050538   0.0417   0.3354  7-[ 9, 1, 4]
 447   24.400626   24.400598   0.00000029   0.00053520   0.0517   0.3748  7-[ 9, 2, 3]
 448   23.995566   23.995534   0.00000034   0.00058182   0.0557   0.4166  7+[14, 8, 4]
 449   20.142866   20.142836   0.00000034   0.00058440   0.0514   0.4509  7-[15,10, 3]
 450   28.606801   28.606753   0.00000045   0.00067258   0.0706   0.3978  7-[17,10, 3]
 451   25.057339   25.057289   0.00000051   0.00071701   0.0702   0.3380  7-[11, 0, 3]
 452   26.826513   26.826460   0.00000052   0.00071998   0.0730   0.4064  7-[19,13, 4]
 453   27.780275   27.780213   0.00000060   0.00077351   0.0799   0.4384  7-[13, 8, 3]
 454   22.747615   22.747552   0.00000068   0.00082568   0.0770   0.4187  7+[16,12, 4]
 455   18.474294   18.474230   0.00000076   0.00086891   0.0736   0.3871  7+[10, 3, 3]
 456   30.666921   30.666836   0.00000078   0.00088252   0.0963   0.3568  7+[18,12, 4]
 457   28.683360   28.683260   0.00000096   0.00097743   0.1027   0.3807  7+[16, 9, 3]
 458   24.639672   24.639575   0.00000101   0.00100345   0.0973   0.4176  7-[17,14, 3]
 459   27.802694   27.802565   0.00000124   0.00111567   0.1153   0.3488  7-[13, 3, 4]
 460   29.926544   29.926390   0.00000143   0.00119589   0.1287   0.4507  7-[11, 1, 4]
 461   28.016081   28.015907   0.00000167   0.00129187   0.1340   0.4708  7+[14, 7, 3]
 462   27.561094   27.560896   0.00000193   0.00138769   0.1427   0.3983  7+[12, 1, 3]
 463   34.466140   34.465914   0.00000194   0.00139182   0.1624   0.5078  7+[16,10, 4]
 464   29.017282   29.017071   0.00000200   0.00141407   0.1496   0.3828  7+[10, 0, 4]
 465   36.140122   36.139854   0.00000223   0.00149398   0.1793   0.4904  7+[18,12, 4]
 466   31.176794   31.176526   0.00000244   0.00156187   0.1719   0.4639  7-[19,14, 3]
 467   45.204489   45.204037   0.00000328   0.00181007   0.2500   0.3912  7-[19,13, 4]
 468   36.542421   36.541951   0.00000389   0.00197266   0.2383   0.4203  7+[14, 5, 3]
 469   37.320469   37.319903   0.00000463   0.00215167   0.2633   0.5353  7+[20,15, 3]
 470   33.618021   33.617473   0.00000476   0.00218283   0.2510   0.4232  7+[10, 0, 4]
 471   32.298266   32.297713   0.00000492   0.00221831   0.2492   0.5057  7-[13, 4, 3]
 472   38.132448   38.131719   0.00000588   0.00242474   0.3007   0.5079  7-[15, 9, 4]
 473   42.313861   42.312941   0.00000695   0.00263643   0.3490   0.4521  7-[17,12, 3]
 474   35.302319   35.301437   0.00000745   0.00272872   0.3229   0.4397  7-[11, 2, 3]
 475   39.822842   39.821592   0.00000982   0.00313291   0.3991   0.5385  7+[18,13, 3]
 476   37.270040   37.268703   0.00001093   0.00330656   0.4043   0.6038  7-[21,17, 4]
 477   34.289719   34.288325   0.00001199   0.00346228   0.4027   0.3895  7-[11, 1, 4]
 478   40.791452   40.789736   0.00001327   0.00364300   0.4711   0.4018  7+[16, 8, 4]
 479   39.313804   39.312008   0.00001421   0.00376998   0.4764   0.4472  7+[12, 1, 3]
 480   36.879520   36.877541   0.00001629   0.00403547   0.4903   0.5041  7+[14, 6, 4]
 481   31.709073   31.707141   0.00001738   0.00416932   0.4634   0.5625  7-[23,20, 3]
 482   37.111244   37.108676   0.00002106   0.00458921   0.5597   0.3822  7-[11, 0, 3]
 483   37.661090   37.658442   0.00002152   0.00463859   0.5708   0.3903  7+[12, 4, 4]
 484   44.285578   44.282187   0.00002489   0.00498846   0.6799   0.6252  7+[20,16, 4]
 485   35.196723   35.193506   0.00002723   0.00521815   0.6164   0.5396  7-[17,10, 3]
 486   41.789878   41.785504   0.00003332   0.00577182   0.7579   0.4030  7-[13, 3, 4]
 487   32.344157   32.340094   0.00003614   0.00601153   0.6758   0.4414  7-[13, 4, 3]
 488   33.306912   33.302463   0.00003891   0.00623730   0.7132   0.4381  7+[16, 9, 3]
 489   41.113636   41.108288   0.00004116   0.00641518   0.8337   0.3523  7+[12, 2, 4]
 490   41.042420   41.036834   0.00004303   0.00655972   0.8516   0.3764  7-[19,15, 4]
 491   39.463333   39.457645   0.00004491   0.00670158   0.8488   0.3603  7+[22,19, 3]
 492   38.879234   38.873263   0.00004758   0.00689774   0.8656   0.3172  7+[10, 0, 4]
 493   34.422887   34.416752   0.00005263   0.00725441   0.8457   0.3107  7-[21,18, 3]
 494   32.929386   32.923093   0.00005540   0.00744290   0.8454   0.4009  7-[11, 2, 3]
 495   38.252888   38.245266   0.00006135   0.00783269   0.9731   0.5154  7+[16,12, 4]
 496   34.501748   34.494020   0.00006620   0.00813600   0.9497   0.3539  7-[13, 5, 4]
 497   35.367108   35.358913   0.00006918   0.00831692   0.9853   0.3363  7+[20,17, 3]
 498   33.114028   33.105514   0.00007471   0.00864317   0.9850   0.3738  7+[20,17, 3]
 499   38.700209   38.689134   0.00008851   0.00940749   1.1772   0.5399  7-[15,11, 4]
 500   27.906307   27.896879   0.00009105   0.00954170   0.9880   0.3872  7+[12, 5, 3]
 501   30.063605   30.053163   0.00009681   0.00983874   1.0612   0.3392  7+[12, 4, 4]
 502   28.733058   28.721885   0.00010621   0.01030525   1.0841   0.4900  7-[19,16, 3]
 503   22.649822   22.639687   0.00010895   0.01043745   0.9710   0.3818  7+[10, 3, 3]
 504   35.304879   35.291597   0.00011224   0.01059366   1.2537   0.5427  7+[14,10, 4]
 505   23.583289   23.570565   0.00013408   0.01157861   1.0988   0.4117  7-[ 9, 2, 3]
 506   30.986251   30.970405   0.00014445   0.01201778   1.3184   0.5210  7-[13, 9, 4]
 507   25.354633   25.339817   0.00015051   0.01226727   1.2076   0.3791  7+[10, 2, 4]
 508   23.376152   23.360931   0.00016109   0.01269126   1.1991   0.4291  7+[ 8, 1, 3]
 509   25.442401   25.426040   0.00016591   0.01287939   1.2701   0.5928  7+[16,13, 3]
 510   25.460885   25.442469   0.00018668   0.01366177   1.3478   0.4757  7+[12, 8, 4]
 511   17.724047   17.706890   0.00020627   0.01436059   1.1945   0.4007  7-[ 7, 0, 3]
 512   20.139657   20.119648   0.00022736   0.01507661   1.3269   0.5816  7-[15,12, 3]
 513   19.995335   19.974930   0.00023261   0.01524985   1.3377   0.3693  7+[10, 6, 4]
 514   16.041090   16.018330   0.00028517   0.01688457   1.3476   0.4789  7-[ 9, 5, 4]
 515   11.229393   11.207625   0.00031014   0.01760807   1.2359   0.3429  7-[ 9, 4, 3]
 516   13.082481   13.059034   0.00031731   0.01781032   1.3161   0.6320  7+[14,11, 3]
 517   10.551670   10.527303   0.00035400   0.01881160   1.2949   0.5292  7+[ 8, 4, 4]
 518    9.622296    9.594059   0.00042161   0.02052882   1.3749   0.4627  7+[ 6, 2, 4]
 519    8.003718    7.975109   0.00044887   0.02118173   1.3501   0.6470  7-[13,10, 3]
 520    4.102595    4.074081   0.00050977   0.02257230   1.2626   0.4431  7-[ 7, 2, 3]
 521    8.946928    8.913102   0.00051544   0.02269750   1.4895   0.5662  7-[ 5, 1, 4]
 522    2.902302    2.867754   0.00064534   0.02539534   1.3595   0.5437  7+[12, 9, 3]
 523    3.880012    3.842786   0.00067085   0.02589218   1.4368   0.5013  7+[ 4, 0, 4]
 524   -2.118202   -2.161089   0.00098603   0.03138569   1.3651   0.4573  7-[11, 8, 3]
 525   -2.293047   -2.342882   0.00115509   0.03396704   1.4655   0.4595  7+[ 4, 0, 4]
 526   -6.526579   -6.580845   0.00156490   0.03952784   1.3707   0.4878  7+[12, 9, 3]
 527   -8.486192   -8.561564   0.00245048   0.04944160   1.5207   0.5094  7+[ 6, 2, 4]
 528  -10.647962  -10.718520   0.00266917   0.05159506   1.3639   0.5211  7-[11, 8, 3]
 529  -14.004690  -14.099797   0.00482261   0.06927736   1.3662   0.5342  7+[10, 7, 3]
 530  -16.490750  -16.632599   0.00961760   0.09759665   1.4394   0.6056  7+[ 4, 1, 3]
 531  -19.602498  -19.844980   0.02844233   0.16623287   1.4172   0.5886  7-[ 3, 0, 3]
 532  -21.434230  -21.704502   0.05558957   0.22912741   1.1140   0.4267  7-[ 7, 4, 3]
 533  -22.233760  -24.617323   0.73051488   0.44369234   1.4477   0.5786  7-[ 3, 0, 3]
 534  -18.006893  -29.528914   0.98339396   0.12778998   1.4973   0.5019  7-[ 5, 2, 3]
 535   18.255320   18.255317   0.00000004   0.00020060   0.0169   0.5466  9+[10, 1, 5]
 536   19.290024   19.290019   0.00000006   0.00024037   0.0207   0.5463  9+[10, 2, 4]
 537   17.837264   17.837258   0.00000007   0.00026047   0.0217   0.5603  9-[ 9, 1, 4]
 538   18.552457   18.552450   0.00000007   0.00026881   0.0228   0.5331  9-[ 9, 0, 5]
 539   28.931629   28.931619   0.00000009   0.00029980   0.0317   0.4838  9+[12, 5, 5]
 540   23.871397   23.871387   0.00000011   0.00032523   0.0311   0.5601  9-[11, 4, 5]
 541   21.159797   21.159787   0.00000011   0.00033678   0.0303   0.5233  9-[17,13, 4]
 542   18.885527   18.885517   0.00000012   0.00034348   0.0294   0.5542  9+[ 8, 0, 4]
 543   26.889918   26.889903   0.00000015   0.00039158   0.0397   0.4997  9-[ 9, 2, 5]
 544   30.470400   30.470381   0.00000018   0.00042600   0.0463   0.4632  9+[14, 8, 4]
 545   27.729977   27.729953   0.00000023   0.00047813   0.0493   0.4464  9+[12, 6, 4]
 546   17.180325   17.180303   0.00000027   0.00051916   0.0426   0.3460  9-[ 9, 1, 4]
 547   26.523759   26.523727   0.00000032   0.00056395   0.0568   0.4848  9+[18,13, 5]
 548   29.136358   29.136322   0.00000034   0.00058174   0.0617   0.3407  9-[ 9, 2, 5]
 549   23.471191   23.471158   0.00000035   0.00059408   0.0562   0.4131  9+[14, 8, 4]
 550   26.830520   26.830466   0.00000053   0.00072880   0.0739   0.4382  9-[19,13, 4]
 551   30.149878   30.149817   0.00000056   0.00074873   0.0809   0.3990  9-[ 7, 0, 5]
 552   32.226283   32.226211   0.00000064   0.00080268   0.0900   0.5677  9-[17,10, 5]
 553   22.443188   22.443123   0.00000070   0.00083901   0.0777   0.4159  9+[16,12, 4]
 554   30.035964   30.035877   0.00000080   0.00089408   0.0964   0.3592  9+[18,12, 4]
 555   22.860570   22.860493   0.00000082   0.00090632   0.0847   0.3977  9+[10, 3, 5]
 556   33.529450   33.529344   0.00000092   0.00096116   0.1103   0.4344  9-[15, 8, 5]
 557   27.328059   27.327925   0.00000131   0.00114509   0.1172   0.3579  9-[13, 3, 4]
 558   36.161729   36.161551   0.00000149   0.00121969   0.1464   0.5108  9+[16, 9, 5]
 559   29.538058   29.537896   0.00000151   0.00122950   0.1313   0.4527  9-[11, 1, 4]
 560   33.697656   33.697422   0.00000203   0.00142619   0.1642   0.5083  9+[16,10, 4]
 561   31.055509   31.055277   0.00000211   0.00145152   0.1594   0.3606  9+[ 8, 1, 5]
 562   29.836721   29.836493   0.00000212   0.00145741   0.1565   0.3049  9+[10, 0, 4]
 563   34.932465   34.932189   0.00000234   0.00152978   0.1799   0.4848  9+[18,12, 4]
 564   30.930687   30.930411   0.00000252   0.00158831   0.1741   0.4654  9-[19,14, 5]
 565   36.681175   36.680843   0.00000274   0.00165482   0.2004   0.4062  9-[19,14, 5]
 566   43.550229   43.549765   0.00000344   0.00185406   0.2500   0.3888  9-[19,13, 4]
 567   32.604738   32.604157   0.00000514   0.00226748   0.2561   0.4298  9+[10, 0, 4]
 568   42.493553   42.492808   0.00000561   0.00236911   0.3144   0.4762  9+[14, 5, 5]
 569   36.617349   36.616591   0.00000627   0.00250342   0.3028   0.4922  9-[13, 4, 5]
 570   36.217085   36.216328   0.00000630   0.00251002   0.3016   0.5150  9-[15, 9, 4]
 571   42.587793   42.586476   0.00000990   0.00314689   0.4182   0.4377  9-[11, 2, 5]
 572   42.806014   42.804615   0.00001048   0.00323803   0.4318   0.6648  9+[20,15, 5]
 573   34.282120   34.280711   0.00001212   0.00348098   0.4048   0.5909  9-[21,17, 4]
 574   32.129457   32.127956   0.00001340   0.00366105   0.4100   0.4004  9-[11, 1, 4]
 575   38.192820   38.190967   0.00001493   0.00386386   0.4796   0.4140  9+[16, 8, 4]
 576   48.181745   48.179357   0.00001657   0.00407083   0.5866   0.5429  9-[19,14, 5]
 577   46.464752   46.462342   0.00001714   0.00413977   0.5823   0.3933  9+[12, 1, 5]
 578   34.514774   34.512570   0.00001887   0.00434436   0.5072   0.5074  9+[14, 6, 4]
 579   47.706335   47.703046   0.00002298   0.00479384   0.6862   0.6107  9+[16,11, 5]
 580   35.068692   35.065736   0.00002508   0.00500753   0.5902   0.3764  9+[12, 4, 4]
 581   39.527551   39.524357   0.00002519   0.00501889   0.6363   0.3144  9-[11, 0, 5]
 582   38.256038   38.252310   0.00003001   0.00547802   0.6806   0.6278  9+[20,16, 4]
 583   36.963346   36.958563   0.00003931   0.00626980   0.7628   0.2860  9-[13, 3, 4]
 584   36.918736   36.913849   0.00004020   0.00634059   0.7708   0.3220  9-[13, 4, 5]
 585   41.439196   41.433077   0.00004685   0.00684425   0.8939   0.5511  9-[15,10, 5]
 586   34.302466   34.296596   0.00005046   0.00710340   0.8264   0.4000  9+[12, 2, 4]
 587   35.279835   35.273304   0.00005521   0.00743032   0.8789   0.3506  9-[19,15, 4]
 588   36.808817   36.801707   0.00005859   0.00765436   0.9288   0.3805  9-[11, 2, 5]
 589   35.134030   35.126944   0.00006005   0.00774911   0.9144   0.3913  9-[19,15, 4]
 590   38.237605   38.229826   0.00006263   0.00791338   0.9829   0.4351  9-[13, 8, 5]
 591   37.404767   37.394945   0.00008015   0.00895257   1.0970   0.3933  9+[12, 7, 5]
 592   29.188235   29.179618   0.00008122   0.00901158   0.9562   0.3432  9-[13, 5, 4]
 593   28.817914   28.808446   0.00008987   0.00947933   0.9988   0.5932  9+[16,12, 4]
 594   35.208127   35.196026   0.00010243   0.01012011   1.1957   0.4111  9-[11, 6, 5]
 595   26.592833   26.580580   0.00012141   0.01101812   1.1119   0.2862  9+[10, 4, 4]
 596   28.385354   28.372594   0.00012211   0.01104953   1.1547   0.3469  9+[10, 5, 5]
 597   27.199581   27.185421   0.00013865   0.01177428   1.2025   0.6247  9-[15,11, 4]
 598   28.519272   28.504494   0.00014106   0.01187595   1.2442   0.4831  9+[ 8, 3, 5]
 599   28.787115   28.768587   0.00017595   0.01326354   1.3967   0.4632  9-[ 7, 2, 5]
 600   21.966895   21.950237   0.00018172   0.01347929   1.2356   0.6087  9+[14,10, 4]
 601   19.439305   19.422569   0.00019324   0.01389966   1.2038   0.3830  9+[ 8, 2, 4]
 602   27.600637   27.579855   0.00020190   0.01420783   1.4624   0.4364  9+[ 6, 1, 5]
 603   17.674242   17.653655   0.00024781   0.01573992   1.3077   0.5478  9-[13, 9, 4]
 604   21.016878   20.993237   0.00026337   0.01622661   1.4566   0.4186  9-[ 5, 0, 5]
 605   12.740765   12.715455   0.00034572   0.01859025   1.3610   0.4724  9+[12, 8, 4]
 606   13.761863   13.732572   0.00038922   0.01972487   1.4844   0.4280  9-[ 9, 4, 5]
 607    7.586327    7.557361   0.00046048   0.02145383   1.3495   0.4059  9-[13, 9, 4]
 608    3.807671    3.773943   0.00060941   0.02467880   1.3659   0.4661  9+[12, 8, 4]
 609    6.512977    6.474723   0.00062964   0.02508466   1.5241   0.4869  9-[ 7, 2, 5]
 610   -0.195686   -0.235300   0.00083681   0.02891560   1.3688   0.4956  9-[11, 7, 4]
 611   -3.930548   -3.972829   0.00106048   0.03254776   1.2977   0.4467  9+[10, 6, 4]
 612   -5.066384   -5.116157   0.00132386   0.03636073   1.3671   0.4988  9-[ 5, 1, 4]
 613   -7.016696   -7.078367   0.00183016   0.04274121   1.4402   0.5424  9+[ 4, 0, 4]
 614  -12.644361  -12.738556   0.00419733   0.06465070   1.4509   0.4840  9+[ 4, 0, 4]
 615  -18.083270  -18.281495   0.01714183   0.12979980   1.5010   0.5106  9+[ 6, 2, 4]
 616   18.247345   18.247341   0.00000004   0.00020255   0.0171   0.5475 11+[10, 1, 5]
 617   24.006920   24.006915   0.00000006   0.00023991   0.0230   0.5788 11+[10, 2, 6]
 618   23.960357   23.960351   0.00000007   0.00025908   0.0248   0.5115 11-[ 9, 1, 6]
 619   18.587857   18.587851   0.00000007   0.00027170   0.0231   0.5348 11-[ 9, 0, 5]
 620   28.947856   28.947846   0.00000009   0.00030320   0.0320   0.4802 11+[12, 5, 5]
 621   23.959159   23.959148   0.00000011   0.00033024   0.0316   0.5656 11-[11, 4, 5]
 622   24.635826   24.635814   0.00000013   0.00035467   0.0344   0.5426 11+[ 8, 0, 6]
 623   26.551661   26.551645   0.00000016   0.00039680   0.0400   0.5003 11-[ 9, 2, 5]
 624   25.362158   25.362131   0.00000027   0.00052224   0.0514   0.4117 11-[ 9, 1, 6]
 625   35.774575   35.774538   0.00000031   0.00055617   0.0663   0.4485 11+[14, 8, 6]
 626   26.218947   26.218914   0.00000032   0.00056849   0.0569   0.4880 11+[18,13, 5]
 627   28.831470   28.831433   0.00000035   0.00058882   0.0621   0.3472 11-[ 9, 2, 5]
 628   31.559132   31.559090   0.00000038   0.00061860   0.0686   0.5012 11+[12, 6, 6]
 629   33.154084   33.154022   0.00000054   0.00073570   0.0839   0.4475 11+[14, 8, 6]
 630   29.922597   29.922535   0.00000058   0.00076141   0.0819   0.4018 11-[ 7, 0, 5]
 631   31.837446   31.837372   0.00000066   0.00081536   0.0908   0.5745 11-[17,10, 5]
 632   33.407130   33.407041   0.00000078   0.00088408   0.1013   0.5441 11-[19,13, 6]
 633   22.538240   22.538160   0.00000086   0.00092557   0.0859   0.3972 11+[10, 3, 5]
 634   32.651960   32.651852   0.00000096   0.00097911   0.1107   0.4366 11-[15, 8, 5]
 635   36.875737   36.875578   0.00000130   0.00114216   0.1388   0.4450 11-[15, 7, 6]
 636   35.128851   35.128669   0.00000155   0.00124352   0.1467   0.5090 11+[16, 9, 5]
 637   36.306932   36.306687   0.00000204   0.00142720   0.1718   0.4035 11+[12, 2, 6]
 638   31.913027   31.912777   0.00000224   0.00149722   0.1670   0.4469 11+[ 8, 1, 5]
 639   37.196888   37.196611   0.00000227   0.00150735   0.1841   0.4636 11-[11, 1, 6]
 640   35.313312   35.313002   0.00000262   0.00161864   0.1916   0.6905 11+[18,12, 6]
 641   30.887381   30.887087   0.00000268   0.00163826   0.1794   0.3979 11-[15, 8, 5]
 642   34.323736   34.323397   0.00000292   0.00170754   0.1987   0.4452 11-[19,14, 5]
 643   35.715437   35.715043   0.00000330   0.00181669   0.2165   0.4061 11+[10, 0, 6]
 644   42.076420   42.075613   0.00000612   0.00247303   0.3262   0.3742 11+[14, 5, 5]
 645   44.397854   44.397014   0.00000615   0.00248071   0.3387   0.4529 11+[16,10, 6]
 646   33.841169   33.840362   0.00000699   0.00264470   0.3052   0.5128 11-[13, 4, 5]
 647   39.658202   39.657234   0.00000762   0.00276042   0.3507   0.4339 11+[10, 0, 6]
 648   54.501573   54.500016   0.00000994   0.00315223   0.4941   0.5880 11-[17,11, 6]
 649   39.248210   39.246814   0.00001106   0.00332538   0.4198   0.4457 11-[11, 2, 5]
 650   38.114242   38.112738   0.00001214   0.00348408   0.4319   0.6837 11+[20,15, 5]
 651   45.338973   45.336770   0.00001592   0.00398963   0.5522   0.5814 11-[15, 9, 6]
 652   38.175433   38.173198   0.00001801   0.00424413   0.5266   0.4624 11+[12, 2, 6]
 653   42.245934   42.243374   0.00001936   0.00440011   0.5818   0.4530 11-[19,14, 5]
 654   42.101210   42.098577   0.00001996   0.00446741   0.5894   0.3828 11-[19,14, 5]
 655   42.133674   42.130044   0.00002750   0.00524428   0.6922   0.5521 11+[16,11, 5]
 656   41.296240   41.292406   0.00002942   0.00542432   0.7069   0.3284 11-[13, 7, 6]
 657   39.657926   39.654142   0.00002979   0.00545776   0.6934   0.2844 11+[14, 5, 5]
 658   39.280880   39.276547   0.00003431   0.00585758   0.7398   0.4560 11+[12, 6, 6]
 659   42.754405   42.748527   0.00004411   0.00664160   0.8849   0.4785 11+[10, 4, 6]
 660   32.082050   32.076634   0.00004840   0.00695699   0.7784   0.4287 11-[13, 4, 5]
 661   44.115043   44.106525   0.00006266   0.00791525   1.0762   0.4056 11-[11, 3, 6]
 662   31.810847   31.803420   0.00006670   0.00816692   0.9094   0.6044 11-[15,10, 5]
 663   30.864956   30.856925   0.00007337   0.00856519   0.9375   0.3946 11+[10, 1, 5]
 664   41.372125   41.362273   0.00007551   0.00868960   1.1338   0.4026 11-[ 9, 1, 6]
 665   38.479851   38.469131   0.00008597   0.00927158   1.1561   0.3609 11-[13, 7, 6]
 666   27.917031   27.907232   0.00009462   0.00972700   1.0074   0.4999 11+[14, 9, 5]
 667   33.924481   33.910651   0.00011965   0.01093792   1.2642   0.3765 11+[12, 6, 6]
 668   25.389249   25.376885   0.00012551   0.01120227   1.1035   0.4192 11+[12, 7, 5]
 669   23.214867   23.198867   0.00016991   0.01303402   1.2273   0.3526 11-[11, 6, 5]
 670   27.369077   27.351293   0.00017355   0.01317279   1.3498   0.3783 11+[10, 4, 6]
 671   18.204942   18.186705   0.00021674   0.01472064   1.2386   0.4513 11+[10, 5, 5]
 672   13.511133   13.491516   0.00026242   0.01619741   1.2108   0.4050 11-[ 9, 4, 5]
 673   21.895706   21.871385   0.00026574   0.01629924   1.4917   0.4356 11+[ 8, 2, 6]
 674   13.600539   13.576130   0.00032575   0.01804559   1.3522   0.4791 11-[ 7, 2, 5]
 675   12.995340   12.966786   0.00038732   0.01967676   1.4506   0.4443 11+[ 6, 1, 5]
 676    7.256736    7.222941   0.00054294   0.02329469   1.4500   0.4331 11-[ 5, 0, 5]
 677    0.679047    0.634810   0.00090116   0.03000574   1.4729   0.4151 11-[ 9, 4, 5]
 678   -5.584621   -5.647576   0.00172189   0.04145998   1.5158   0.4883 11-[ 7, 2, 5]
 679   24.730336   24.730332   0.00000004   0.00019582   0.0190   0.5603 13-[ 9, 0, 7]
 680   24.075495   24.075489   0.00000006   0.00024336   0.0233   0.5809 13+[10, 2, 6]
 681   23.873787   23.873780   0.00000007   0.00026265   0.0251   0.5210 13-[ 9, 1, 6]
 682   24.884857   24.884850   0.00000008   0.00027581   0.0269   0.5425 13-[ 9, 0, 7]
 683   24.535867   24.535855   0.00000013   0.00035932   0.0348   0.5464 13+[ 8, 0, 6]
 684   37.369526   37.369509   0.00000014   0.00036927   0.0452   0.4888 13+[12, 5, 7]
 685   31.432236   31.432219   0.00000015   0.00039037   0.0432   0.5304 13-[11, 4, 7]
 686   37.196467   37.196437   0.00000025   0.00049533   0.0605   0.5012 13-[ 9, 2, 7]
 687   25.618520   25.618492   0.00000028   0.00052950   0.0524   0.4057 13-[ 9, 1, 6]
 688   35.017589   35.017552   0.00000032   0.00056192   0.0662   0.4438 13+[14, 8, 6]
 689   31.057314   31.057271   0.00000039   0.00062607   0.0688   0.5022 13+[12, 6, 6]
 690   32.387036   32.386973   0.00000055   0.00074484   0.0838   0.4477 13+[14, 8, 6]
 691   38.341024   38.340949   0.00000060   0.00077526   0.0965   0.3581 13-[13, 6, 7]
 692   32.490255   32.490164   0.00000081   0.00089820   0.1012   0.5424 13-[19,13, 6]
 693   38.764858   38.764737   0.00000097   0.00098360   0.1232   0.4731 13-[ 7, 0, 7]
 694   35.809498   35.809336   0.00000136   0.00116448   0.1390   0.4460 13-[15, 7, 6]
 695   30.515823   30.515665   0.00000145   0.00120362   0.1309   0.4301 13+[12, 3, 7]
 696   43.540551   43.540273   0.00000206   0.00143572   0.1936   0.8224 13-[17,10, 7]
 697   34.896738   34.896486   0.00000215   0.00146607   0.1723   0.3989 13+[12, 2, 6]
 698   35.741041   35.740755   0.00000239   0.00154749   0.1845   0.4668 13-[11, 1, 6]
 699   34.732319   34.731986   0.00000285   0.00168706   0.1977   0.7159 13+[18,12, 6]
 700   41.557317   41.556930   0.00000296   0.00172111   0.2252   0.5396 13+[16, 9, 7]
 701   34.080776   34.080368   0.00000352   0.00187558   0.2174   0.4046 13+[10, 0, 6]
 702   40.648451   40.647968   0.00000375   0.00193531   0.2497   0.5216 13+[ 8, 1, 7]
 703   46.860755   46.860074   0.00000481   0.00219334   0.3103   0.6927 13+[16, 9, 7]
 704   42.253638   42.252716   0.00000697   0.00264014   0.3491   0.5529 13+[16,10, 6]
 705   36.865067   36.864045   0.00000841   0.00290072   0.3523   0.4359 13+[10, 0, 6]
 706   47.787192   47.785979   0.00000846   0.00290920   0.4169   0.6003 13+[14, 7, 7]
 707   49.317312   49.315648   0.00001137   0.00337170   0.4935   0.5856 13-[17,11, 6]
 708   47.930091   47.928027   0.00001438   0.00379147   0.5444   0.5173 13+[14, 5, 7]
 709   46.809130   46.806930   0.00001556   0.00394501   0.5576   0.5632 13+[12, 3, 7]
 710   39.137584   39.135189   0.00001900   0.00435942   0.5493   0.5897 13-[15, 9, 6]
 711   34.180048   34.177629   0.00002084   0.00456481   0.5299   0.4563 13+[12, 2, 6]
 712   50.584689   50.581071   0.00002430   0.00492974   0.7340   0.4388 13-[11, 2, 7]
 713   51.641866   51.636546   0.00003523   0.00593503   0.8963   0.4090 13-[ 9, 0, 7]
 714   36.641838   36.637107   0.00003910   0.00625280   0.7567   0.4215 13-[15, 7, 6]
 715   31.512772   31.507423   0.00004830   0.00694958   0.7697   0.4948 13+[12, 6, 6]
 716   45.639942   45.632488   0.00005362   0.00732271   1.0179   0.3643 13-[13, 6, 7]
 717   29.429249   29.422543   0.00006291   0.00793158   0.8454   0.4754 13+[10, 4, 6]
 718   39.718652   39.708280   0.00008156   0.00903093   1.1484   0.4074 13-[11, 4, 7]
 719   30.899423   30.889001   0.00009515   0.00975427   1.0684   0.4076 13-[11, 3, 6]
 720   29.181499   29.169208   0.00011585   0.01076295   1.1419   0.3813 13-[ 9, 1, 6]
 721   34.233861   34.220245   0.00011719   0.01082465   1.2578   0.3775 13-[ 9, 2, 7]
 722   25.473313   25.459761   0.00013734   0.01171837   1.1563   0.3664 13-[13, 7, 6]
 723   20.110235   20.092183   0.00020525   0.01432500   1.2599   0.3853 13+[12, 6, 6]
 724   14.244024   14.219473   0.00032212   0.01794483   1.3677   0.3976 13+[10, 4, 6]
 725    8.300165    8.264668   0.00055179   0.02348365   1.5107   0.4520 13+[ 8, 2, 6]
 726   24.723342   24.723339   0.00000004   0.00019816   0.0193   0.5615 15-[ 9, 0, 7]
 727   32.788717   32.788709   0.00000007   0.00026453   0.0300   0.5596 15+[10, 2, 8]
 728   24.843533   24.843526   0.00000008   0.00027957   0.0272   0.5447 15-[ 9, 0, 7]
 729   34.636307   34.636297   0.00000008   0.00029138   0.0341   0.5269 15+[ 8, 0, 8]
 730   37.126718   37.126702   0.00000014   0.00037111   0.0453   0.4839 15+[12, 5, 7]
 731   31.085776   31.085759   0.00000015   0.00039250   0.0431   0.5335 15-[11, 4, 7]
 732   34.632286   34.632263   0.00000019   0.00044113   0.0516   0.5065 15+[ 8, 0, 8]
 733   36.774268   36.774237   0.00000025   0.00049848   0.0605   0.5014 15-[ 9, 2, 7]
 734   31.924105   31.924050   0.00000049   0.00070351   0.0785   0.4509 15+[10, 2, 8]
 735   37.619955   37.619879   0.00000061   0.00078412   0.0964   0.3585 15-[13, 6, 7]
 736   37.766169   37.766045   0.00000100   0.00099972   0.1232   0.4731 15-[ 7, 0, 7]
 737   50.522393   50.522234   0.00000107   0.00103385   0.1538   0.6182 15-[15, 7, 8]
 738   44.099333   44.099156   0.00000130   0.00113984   0.1549   0.6802 15+[14, 6, 8]
 739   29.502439   29.502278   0.00000151   0.00122697   0.1310   0.4305 15+[12, 3, 7]
 740   49.516926   49.516644   0.00000192   0.00138547   0.2033   0.6635 15+[12, 4, 8]
 741   41.423777   41.423487   0.00000222   0.00149052   0.1946   0.8375 15-[17,10, 7]
 742   39.441799   39.441389   0.00000324   0.00179995   0.2279   0.5845 15+[16, 9, 7]
 743   38.588778   38.588275   0.00000402   0.00200544   0.2505   0.5217 15+[ 8, 1, 7]
 744   48.351606   48.350985   0.00000430   0.00207324   0.2994   0.6211 15-[15, 7, 8]
 745   43.345471   43.344755   0.00000532   0.00230710   0.3101   0.6826 15+[16, 9, 7]
 746   51.666225   51.665294   0.00000616   0.00248236   0.3750   0.5220 15+[12, 2, 8]
 747   49.220106   49.219089   0.00000696   0.00263830   0.3856   0.4521 15+[10, 0, 8]
 748   42.922487   42.921191   0.00000971   0.00311548   0.4162   0.6101 15+[14, 7, 7]
 749   45.408059   45.406616   0.00001042   0.00322740   0.4471   0.5293 15-[13, 5, 8]
 750   42.899692   42.897300   0.00001792   0.00423266   0.5652   0.4989 15+[14, 5, 7]
 751   37.192343   37.189972   0.00001942   0.00440638   0.5381   0.5245 15+[12, 3, 7]
 752   47.735662   47.732586   0.00002148   0.00463473   0.6637   0.4126 15-[13, 3, 8]
 753   41.695052   41.690980   0.00003105   0.00557231   0.7306   0.4420 15-[11, 2, 7]
 754   43.751909   43.745721   0.00004575   0.00676403   0.9147   0.4479 15+[12, 2, 8]
 755   40.591885   40.585653   0.00004834   0.00695249   0.8963   0.4007 15-[ 9, 0, 7]
 756   33.580379   33.571400   0.00007815   0.00883989   1.0156   0.3643 15-[13, 6, 7]
 757   26.458116   26.445099   0.00012933   0.01137165   1.1445   0.4099 15-[11, 4, 7]
 758   21.456924   21.439001   0.00019773   0.01406014   1.2745   0.3915 15-[ 9, 2, 7]
 759   58.149434   58.149172   0.00000000   0.00000000   0.2075   0.5389 17+[10, 1, 9]
 760   36.434349   36.434338   0.00000004   0.00021192   0.0364   0.5412 17-[ 9, 0, 9]
 761   32.640842   32.640834   0.00000007   0.00026517   0.0300   0.5596 17+[10, 2, 8]
 762   34.476083   34.476073   0.00000009   0.00029215   0.0341   0.5273 17+[ 8, 0, 8]
 763   35.619372   35.619358   0.00000011   0.00032981   0.0409   0.5682 17+[10, 1, 9]
 764   34.309047   34.309024   0.00000020   0.00044332   0.0516   0.5071 17+[ 8, 0, 8]
 765   50.921738   50.921668   0.00000046   0.00067582   0.1021   0.6904 17+[14, 5, 9]
 766   31.392252   31.392196   0.00000050   0.00070984   0.0785   0.4515 17+[10, 2, 8]
 767   45.963272   45.963190   0.00000052   0.00072048   0.1069   0.6354 17+[12, 3, 9]
 768   55.542401   55.542197   0.00000107   0.00103247   0.1797   0.7088 17-[15, 6, 9]
 769   48.797670   48.797507   0.00000113   0.00106147   0.1543   0.6086 17-[15, 7, 8]
 770   42.161946   42.161762   0.00000139   0.00117860   0.1556   0.6904 17+[14, 6, 8]
 771   46.800718   46.800428   0.00000205   0.00143218   0.2024   0.6647 17+[12, 4, 8]
 772   50.008064   50.007607   0.00000297   0.00172465   0.2597   0.5805 17+[14, 5, 9]
 773   44.658233   44.657582   0.00000475   0.00217993   0.2988   0.6269 17-[15, 7, 8]
 774   42.911703   42.910988   0.00000533   0.00230899   0.3089   0.5836 17-[13, 4, 9]
 775   47.097589   47.096597   0.00000698   0.00264260   0.3751   0.5198 17+[12, 2, 8]
 776   44.440906   44.439822   0.00000793   0.00281618   0.3847   0.4486 17+[14, 6, 8]
 777   52.101434   52.099635   0.00001118   0.00334391   0.5229   0.5048 17+[12, 1, 9]
 778   40.401861   40.400295   0.00001218   0.00348961   0.4486   0.5256 17-[13, 5, 8]
 779   39.843663   39.840206   0.00002713   0.00520835   0.6637   0.4163 17+[10, 0, 8]
 780   33.400985   33.393689   0.00006370   0.00798099   0.9141   0.4497 17+[12, 2, 8]
 781   35.485287   35.485282   0.00000004   0.00020523   0.0244   0.6149 19-[ 9, 0, 9]
 782   35.396966   35.396953   0.00000011   0.00032905   0.0390   0.6006 19+[10, 1, 9]
 783   49.512789   49.512762   0.00000018   0.00042734   0.0627   0.6411 19-[11, 1,10]
 784   51.948070   51.948034   0.00000024   0.00048980   0.0743   0.6591 19+[10, 0,10]
 785   51.549762   51.549693   0.00000046   0.00067797   0.1023   0.5856 19+[14, 5, 9]
 786   44.789619   44.789550   0.00000050   0.00070907   0.0974   0.6911 19-[13, 4, 9]
 787   51.000602   51.000497   0.00000070   0.00083811   0.1255   0.6243 19-[13, 3,10]
 788   51.604686   51.604551   0.00000089   0.00094531   0.1427   0.6520 19-[11, 2, 9]
 789   47.072533   47.072250   0.00000200   0.00141461   0.2007   0.6323 19+[12, 2,10]
 790   52.649609   52.649253   0.00000233   0.00152569   0.2335   0.5045 19-[15, 6, 9]
 791   49.784099   49.783554   0.00000370   0.00192348   0.2833   0.5305 19-[11, 0, 9]
 792   40.011142   40.010377   0.00000598   0.00244566   0.3124   0.5676 19-[13, 4, 9]
 793   46.010130   46.008113   0.00001443   0.00379866   0.5309   0.5863 19+[12, 1, 9]
 794   53.770378   53.770363   0.00000010   0.00030874   0.0479   0.7849 21-[11, 0,11]
 795   48.940067   48.940040   0.00000019   0.00043066   0.0627   0.6424 21-[11, 1,10]
 796   51.232912   51.232876   0.00000024   0.00049451   0.0743   0.6579 21+[10, 0,10]
 797   53.065467   53.065410   0.00000037   0.00060662   0.0933   0.7849 21+[12, 1,11]
 798   49.657632   49.657525   0.00000073   0.00085337   0.1255   0.6245 21-[13, 3,10]
 799   44.934370   44.934078   0.00000213   0.00145850   0.2007   0.6322 21+[12, 2,10]
 800   53.385184   53.385169   0.00000010   0.00031029   0.0479   0.7848 23-[11, 0,11]
 801   52.125244   52.125187   0.00000038   0.00061412   0.0933   0.7848 23+[12, 1,11]
  Sum canonical e_v*V^2_k=  -3480.9482186163077     

  NB! From expect (UNPROJECTED RESULTS)

  pairing: CpV0,CpV1,...        -265.250000    -340.062500       0.500000       0.500000
  forces:   SKM*                          


                             neutrons         protons         total
  Requested part.numbs.     146.000000      94.000000     240.000000
  UnPj(av) part.numbs .     146.000000      94.000000     240.000000
  b0, bz, bp ..........       2.500000       3.320592       2.169213

  lambda (ala) ........      -6.278923     -23.865187
  Lambda (alast) ......      -6.278923     -23.865187
  delta(n,p), pwi .....       0.754020       1.306581      60.000000
  pairing energy ......      -9.784196     -19.324378     -29.108574

  rms-radius ..........       9.128624       8.882525       9.033034
  charge-radius, r0 ...                      8.917451       6.250331
  deformation beta2....       1.284314       1.313250       1.295273
  dipole moment[fm] ...       0.659889      -0.659889      -0.000000
  quadrupole moment[b]      197.126463     122.873536     320.000000
  octupole moment .....      15.917163       9.082837      25.000000
  hexadecapole moment .      93.246970      56.494516     149.741486
  q5 ..................      46.812987      27.167528      73.980515
  q6 ..................     148.508756      87.746972     236.255728
  q7 ..................     108.600776      62.356551     170.957328
  q8 ..................     249.903366     144.406133     394.309498

  <Jx^2> from rho .....    1053.616791     673.158372    1726.775164
  <Jx^2> from kappa ...     -37.028204     -46.924768     -83.952973
  <J^2> = 2*<Jx^2> ....    2033.177174    1252.467208    3285.644381

  kinetic energy ......    2895.693486    1601.250277    4496.943763
  volume energy .......                                 -7354.027309
        rho_tau .......                                   866.152444
        rho_rho .......                                 -8220.179754
  surface energy ......                                   409.424204
   rho_DELTA_rho ......                                   409.424204
   (NABLA_rho)^2 ......                                     0.000000
  spin-orbit energy ...                                  -155.685529
        rho_NABLA_J ...                                  -155.685529
        NABLA_rho_J ...                                     0.000000
  coulomb energy ......                                     0.000000
          direct ......                                     0.000000
          exchange ....                                     0.000000
          pairing .....                                     0.000000
  tensor energy .......                                     0.000000
  direct Hartree E  ...                                     0.000000
  Extra E .............                                     0.000000
  External field E ....                                     0.000000
  Entropy .............       0.000000       0.000000       0.000000

  tEnergy: ehfb (qp)...                                 -2632.453446

  Calculated but not added corrections
  ====================================
  cmc-diagonal part ...      12.115872       6.699792      18.815664
  cmc-hfb .............       0.000000       0.000000       0.000000
  cranking rot corr ...       0.000000       0.000000       0.000000

  SQUJ ................       0.000000       0.000000       0.000000
  CRAN x 4 ............       0.000000       0.000000       0.000000
  Rigit Body ..........       0.000000       0.000000       0.000000

  ZPE (ATDHFB) ........       1.518870       2.144402       1.661844
  ZPE (GCM) ...........       1.972099       2.561963       2.149688

  Inertia tensor   ATDHFB        GCM         Units
      M_22      0.2622E-02    0.1891E-02   MeV-1.b^-2  
      M_32     -0.6371E-03   -0.4606E-03   MeV-1.b^-5/2
      M_33      0.4542E-02    0.3661E-02   MeV-1.b^-3  
  GCM metric       Value        Units
      G_22      0.3317E-02     b^-2      
      G_32     -0.1423E-02     b^-5/2    
      G_33      0.9528E-02     b^-3      

  Fission fragments characteristics
  =================================
  Gaussian neck .......     11.3739      1.3579
  Centers of mass .....     -5.1261     10.1495
       Observable         Left fragment  Right fragment
  Charge Z ............     62.9075        31.0925
  Mass A ..............    159.4620        80.5380
  q10 [b^1/2] .........       0.000000       0.000000
  q20 [b] .............      61.100316       9.169345
  q30 [b^3/2] .........       2.575723       0.255340
  q40 [b^2] ...........       8.005887       0.162028
  q50 [b^5/2] .........       1.565261       0.190172
  q60 [b^3] ...........       2.610739      -0.031639
  q70 [b^7/2] .........      -0.075386       0.039529
  q80 [b^4] ...........       0.119554       0.005748
  <Jx^2> from rho .....  232484.725349  467571.747740
  <Jx^2> from kappa ...  -20051.817874  -44927.150868
  <J^2>=2*<Jx^2> ......  424865.814950  845289.193745

   Blocking candidates are:
   neutron eqpmin=  0.77304865934385414       pwiblo=   1.0000000000000000     
    num=   1 block=   2 state=   1   165 Eqp=   0.77304866  (1-2N)E=  -0.22974435  overl=   0.45532306  3-[ 3, 0, 1]
    num=   2 block=   1 state=   1     1 Eqp=   0.79857373  (1-2N)E=  -0.35379460  overl=   0.36017162  1-[ 7, 4, 1]
    num=   3 block=   4 state=   1   429 Eqp=   0.83266333  (1-2N)E=  -0.01681561  overl=   0.38572721  7+[10, 7, 3]
    num=   4 block=   1 state=   2     2 Eqp=   0.97583640  (1-2N)E=   0.66774410  overl=   0.33215183  1-[ 7, 5, 0]
    num=   5 block=   3 state=   1   308 Eqp=   1.06955641  (1-2N)E=  -0.71488175  overl=   0.42890676  5+[12,10, 2]
    num=   6 block=   1 state=   3     3 Eqp=   1.08784521  (1-2N)E=  -0.80849116  overl=   0.35754185  1-[11, 9, 0]
    num=   7 block=   3 state=   2   309 Eqp=   1.28894738  (1-2N)E=   1.13917051  overl=   0.46722927  5+[ 6, 2, 2]
    num=   8 block=   2 state=   2   166 Eqp=   1.44574006  (1-2N)E=   1.23134101  overl=   0.33927251  3+[14,13, 1]
    num=   9 block=   5 state=   1   528 Eqp=   1.49484513  (1-2N)E=   1.28666809  overl=   0.52807538  9+[ 4, 0, 4]
    num=  10 block=   1 state=   4     4 Eqp=   1.59078567  (1-2N)E=   1.42051285  overl=   0.57546827  1-[ 3, 0, 1]
    num=  11 block=   2 state=   3   167 Eqp=   1.65622659  (1-2N)E=  -0.37631295  overl=   0.34864209  3+[10, 8, 2]
    num=  12 block=   2 state=   4   168 Eqp=   1.68656638  (1-2N)E=   0.42349955  overl=   0.34103947  3+[ 4, 1, 1]

   Blocking candidates are:
   proton  eqpmin=   1.3457942593023835       pwiblo=   1.0000000000000000     
    num=   1 block=   1 state=   1     1 Eqp=   1.34579426  (1-2N)E=  -0.55247827  overl=   0.30215431  1-[11,10, 1]
    num=   2 block=   1 state=   2     2 Eqp=   1.39784496  (1-2N)E=  -0.55695001  overl=   0.41129783  1-[ 3, 1, 0]
    num=   3 block=   2 state=   1   166 Eqp=   1.41585944  (1-2N)E=  -0.19762219  overl=   0.31410774  3-[ 5, 2, 1]
    num=   4 block=   2 state=   2   167 Eqp=   1.43282018  (1-2N)E=   0.29753401  overl=   0.31538041  3-[ 3, 1, 2]
    num=   5 block=   3 state=   1   310 Eqp=   1.47753083  (1-2N)E=   0.63122770  overl=   0.44078190  5+[ 6, 4, 2]
    num=   6 block=   4 state=   1   433 Eqp=   1.62469156  (1-2N)E=  -0.74848085  overl=   0.48740739  7-[ 3, 0, 3]
    num=   7 block=   1 state=   3     3 Eqp=   1.86988484  (1-2N)E=   1.29010373  overl=   0.41516268  1-[ 5, 2, 1]
    num=   8 block=   3 state=   2   311 Eqp=   1.91247573  (1-2N)E=   1.22060231  overl=   0.44815002  5-[ 5, 2, 3]
    num=   9 block=   2 state=   3   168 Eqp=   1.97392929  (1-2N)E=   1.46616030  overl=   0.37510204  3+[12,11, 1]
    num=  10 block=   1 state=   4     4 Eqp=   2.04370642  (1-2N)E=   1.61438989  overl=   0.38585557  1+[10,10, 0]
    num=  11 block=   4 state=   2   434 Eqp=   2.32434705  (1-2N)E=   2.07005659  overl=   0.41585745  7-[ 7, 4, 3]



 HFBTHO_SOLVER ended without errors

