Distributed parallelism with MPI     : 1 tasks/HFBTHO
Multi-threading framework with OpenMP: 4 threads/task

  ==========================================
           FORTRAN 95 CODE (KIND= 8) 
 git: parent: 3cae9cc3ec7a0c93cd724b300dc0d972f613f33e
  ==========================================
       AXIALLY DEFORMED CONFIGURATIONAL     
     HARTREE-FOCK-BOGOLIUBOV CALCULATIONS   
                     WITH                   
      SKYRME+DELTA PAIRING OR GOGNY EDFs    
                  USING THE                 
             HARMONIC-OSCILLATOR            
                    AND/OR                  
        TRANSFORMED HARMONIC-OSCILLATOR     
                    BASIS                   
                     ---                    
                v1.66  (2005)               
    Stoitsov, Dobaczewski, Nazarewicz, Ring 
                v2.00d (2012)               
        Stoitsov, Schunck, Kortelainen      
                v3.00  (2016)               
            Schunck, Navarro Perez          
  ==========================================
    Nucleus: Cr (A=  50, N= 26, Z= 24)
      No Reflection Symmetry Imposed     
            (10/12/2021,  8:26)                               
  ==========================================


  ---------------------------------------
           UNEDF Module Version: 17
         M.Kortelainen & M.Stoitsov 
  ---------------------------------------

  SIII functional
  ----------------------------------------
  Crho(0)=   -423.281250000000000    ; Crho(1)=    268.078125000000000    
  CDrho(0)=   875.000000000000000    ; CDrho(1)=  -874.999999999999886    
  Ctau(0)=    44.3750000000000000    ; Ctau(1)=   -30.6250000000000000    
  CrDr(0)=   -62.9687500000000000    ; CrDr(1)=    17.0312500000000000    
  CrdJ(0)=   -90.0000000000000000    ; CrdJ(1)=   -30.0000000000000000    
  CJ(0)=      30.6250000000000000    ; CJ(1)=      30.6250000000000000    
  CpV0(0)=   -190.000000000000000    ; CpV0(1)=   -190.000000000000000    
  CpV1(0)=   0.500000000000000000    ; CpV1(1)=   0.500000000000000000    
  sigma=      1.00000000000000000    ; hbzero=     20.7353300000000011    
  functional has DME couplings: F
  use 3-Nucleon DME couplings: F
  e^2 chrg=   1.43997840859651349    ; CExPar=     1.00000000000000000    
  c.m. correction: T, chr. density in direct Coul: F
  use tensor terms: F

  Coupling constants in natural units
  ----------------------------------------
  Crho_nu(0)=  -0.476665447991987401    ; Crho_nu(1)=   0.301888117061592021    
  CDrho_nu(0)=  0.776739472430301614    ; CDrho_nu(1)= -0.776739472430301503    
  Ctau_nu(0)=   0.629020670114775915    ; Ctau_nu(1)=  -0.434112856839774963    
  CrDr_nu(0)=  -0.892589190338925031    ; CrDr_nu(1)=   0.241419905079262614    
  CrdJ_nu(0)=   -1.27576023234546110    ; CrdJ_nu(1)=  -0.425253410781820385    
  CJ_nu(0)=     0.434112856839774963    ; CJ_nu(1)=     0.434112856839774963    
  CpV0_nu(0)=  -0.213962785071338729    ; CpV0_nu(1)=  -0.213962785071338729    
  CpV1_nu(0)=   0.443851127103029534E-03; CpV1_nu(1)=   0.443851127103029534E-03
  fpi_nu=        93.0000000000000000    ; Lambda_nu=     700.000000000000000    

  Nuclear matter properties
  ----------------------------------------
  E_NM=      -15.8515313856059432    ; K_NM=        355.353541984833555    
  P_NM=     -0.399851657369765451E-15; RHO_NM=     0.145268008315151714    
  ASS_NM=     28.1618942362676563    ; LASS_NM=     9.91054434872836687    
  SMASS_NM=   1.31088330250759721    ; VMASS_NM=    1.52543656761847424    

  Associated (t,x)-coupling constants
  ----------------------------------------
  t0=      -1128.75000000000000    ; x0=       0.449999999999999956    
  t1=       395.000000000000000    ; x1=        0.00000000000000000    
  t2=      -95.0000000000000000    ; x2=        0.00000000000000000    
  t3=       14000.0000000000000    ; x3=       0.999999999999999778    
  b4=       60.0000000000000000    ; b4p=       60.0000000000000000    
  te=       0.00000000000000000    ; to=        0.00000000000000000    
  sigma=    1.00000000000000000    ; hbzero=    20.7353300000000011    

  ---------------------------------------
        Characteristics of the run       
  ---------------------------------------
  Output file ................:    57
  Nucleus ....................:   Cr  50
  Number of HO shells ........:    12
  HO length b0 (fm) ..........:     1.76218580000000
  Basis deformation ..........:  beta0=   0.000 q=   1.000
  HO: b0,1/b0,bp,bz,q ........:   0.17621858E+01  0.56747705E+00  0.17621858E+01  0.17621858E+01  0.10000000E+01
  h**2/(2m_n), cmc, e**2 .....:   0.20735330E+02  0.20320623E+02  0.14399784E+01
  h**2/(2m_p), cmc, e**2 .....:   0.20735330E+02  0.20320623E+02  0.14399784E+01
  hom=f*41.0_pr*A^{-1/3}, f...:   0.13355371E+02  0.12000392E+01
  THO basis is ...............:  OFF
  Maximal number of iterations:   100
  Initial mixing parameter ...:  0.300
  Initial wave functions from :  tape
  Energy functional ..........:    SIII                          
    without Coulomb forces
  Pairing cutoff energy ......:    60.00 MeV
  Lipkin-Nogami procedure is .:  OFF
  PAV procedure is ...........:   ON
    Number of gauge points....:    15   15
  Constraint calculation is ..:   ON
    Constraint 1 .............: lambda=1 Ql=   0.000
    Constraint 2 .............: lambda=2 Ql=   1.000
    Constraint 3 .............: lambda=3 Ql=   0.000
  Temperature T ..............:   0.00 MeV
  Pairing regularization is ..:  OFF
  Collective inertia is ......:  OFF
  Fission fragments are ......:  OFF
  Restart indicator ..........:  -1
  Broyden mixing (#iterations):   7

  ---------------------------------------
        Harmonic Oscillator Basis        
  ---------------------------------------
  NUV, NQP:                       26663     455
  Comparison with bookkeeping spherical basis:
  n00:                               12      12  Maximal number of shells
  nbx, 2*n00+1:                      13      25  Maximal number of K-blocks
  ntx, (n00+1)*(n00+2)*(n00+3)/6    455     455  Max.num. p/n levels
  nzx, n00:                          12      12  Maximal nz-quantum number
  nrx, n00/2  :                       6       6  Maximal nr-quantum number
  nlx, n00:                          12      12  Maximal ml-quantum number
  ndx, (n00+2)*(n00+2)/4:            91      49  Maximal dim. of one k-block

  Actual basis used
  Number of blocks: nb .......:   13
  Number of levels: nt .......:  455
  Maximal 2*omega : nom ......:   25
  Maximal nz:       nzm ......:   12
  Maximal nr:       nrm ......:    6
  Maximal ml:       nlm ......:   12
  Maximal N=nz+2*nr+nl .......:   12
  2 x biggest block dim. .....:  182
  Non-zero elements of h .....:    13559
  Number of Broyden elements .:    54236

  ---------------------------------------
            Integration Meshes           
  ---------------------------------------
  Number of Gauss-Hermite mesh points ngh ....:  80
  Number of Gauss-Laguerre mesh points ngl ...:  40
  Number of Gauss-Legendre mesh points nleg ..:  80
  Integration boundaries
    Hermite  - from xh(1)  =-11.88786356 to xh(ngh)   = 11.88786356
    Laguerre - From xl(1)  =  0.03570039 to xl(ngl)   =142.28004447
    Legendre - From xleg(1)=  0.00978669 to xleg(nleg)=  0.99988775
  Max.dev.in:     Orthogonality            Normalization
  Hermite     3.8816336845126371E-015   6.3282712403633923E-015
  Laguerre    5.7957256598811613E-015   8.2156503822261584E-015

  Reading from wel_file: hfbtho_output.hel


  ### REGULAR STAGE (no reflection symmetry imposed)
  |HFB+HO> iterations(b0=  1.762, Nsh= 12, inin= -1, N= 26, Z= 24)...
  ----------------------------------------------------------------------------------------------------------------------------------
  i          si     mix   beta      Etot       A       rn      rp         En      Dn      Ep      Dp        Ln      Lp     time  time(Gog.)
  ----------------------------------------------------------------------------------------------------------------------------------
   0N   0.00000000 0.32  0.125  -531.742158   50.0   3.584   3.545 |   -0.517   0.311  -1.117   0.467 |  -12.275 -14.735   0.000   0.000
   1B   0.00000000 0.20  0.125  -531.742158   50.0   3.584   3.545 |   -0.517   0.311  -1.117   0.467 |  -12.275 -14.735   1.807   0.000
   2B   0.00000000 0.22  0.125  -531.742158   50.0   3.584   3.545 |   -0.517   0.311  -1.117   0.467 |  -12.275 -14.735   1.820   0.000
   2N   0.00000000 0.22  0.125  -531.742158   50.0   3.584   3.545 |   -0.517   0.311  -1.117   0.467 |  -12.275 -14.735   1.474   0.000
  ----------------------------------------------------------------------------------------------------------------------------------
  *   iteration converged   after   2 steps   si=     0.0000000006 ho=  0 tho=  0
  ----------------------------------------------------------------------------------------------------------------------------------
  Total CPU time=   0.085 minutes


 #quasiparticle energies neutrons
 --------------------------------
  eqp(k) -> q.p. energy 
  e(k)   -> referent s.p. energy 
  p(k)   -> occ.probability 
  del(k) -> referent s.p. gap 
  fermi energy alast=  -12.275242061040057     
  #k  block#    eqp(k)     e(k)       (1-2N)E      decay        p(k)        del(k)    overl      labels
   1    1     1.534432  -13.781313   -1.506070    1.648744    0.99075815   0.2937   0.5807  1-[ 3, 3, 0]
   2    1     4.455182   -7.826717    4.448525    1.814742    0.00074711   0.2435   0.6243  1-[ 3, 3, 0]
   3    1     6.191309  -18.458649   -6.183407    1.906577    0.99936185   0.3127   0.8873  1+[ 2, 0, 0]
   4    1     6.715225   -5.564989    6.710253    1.933434    0.00037024   0.2584   0.7498  1-[ 3, 2, 1]
   5    1     7.702089  -19.971766   -7.696524    1.983034    0.99963871   0.2927   0.7667  1+[ 2, 1, 1]
   6    1     7.840041   -4.440101    7.835141    1.989869    0.00031250   0.2771   0.8216  1-[ 3, 0, 1]
   7    1    10.098834   -2.186396   10.088846    2.098621    0.00049454   0.4490   0.5568  1+[ 4, 2, 0]
   8    1    13.055695  -25.319018  -13.043776    2.232992    0.99954352   0.5578   0.7294  1+[ 2, 2, 0]
   9    1    15.445675    3.169643   15.444885    2.335959    0.00002557   0.1562   0.5536  1+[ 4, 4, 0]
  10    1    16.431080    4.154425   16.429667    2.377115    0.00004299   0.2155   0.5551  1+[ 4, 0, 0]
  11    1    17.026081    4.750247   17.025489    2.401624    0.00001739   0.1420   0.4852  1+[ 4, 1, 1]
  12    1    19.707970    7.430999   19.706241    2.509126    0.00004387   0.2611   0.4905  1+[ 4, 3, 1]
  13    1    21.206044  -33.375974  -21.100732    2.567217    0.99751693   2.1108   0.9270  1-[ 1, 0, 1]
  14    1    21.635431    9.357244   21.632486    2.583626    0.00006804   0.3569   0.5755  1-[ 5, 3, 0]
  15    1    22.415269   10.041928   22.317171    2.613165    0.00218820   2.0948   0.4698  1-[ 7, 0, 1]
  16    1    23.113616   10.786798   23.062040    2.639336    0.00111569   1.5432   0.3530  1-[ 5, 1, 0]
  17    1    24.040592   11.761385   24.036627    2.673680    0.00008246   0.4366   0.3778  1-[ 5, 5, 0]
  18    1    24.594689  -36.815347  -24.540105    2.694000    0.99889032   1.6377   0.9158  1-[ 1, 1, 0]
  19    1    25.366503   13.087466   25.362708    2.722052    0.00007481   0.4388   0.3501  1-[ 5, 4, 1]
  20    1    27.852799   15.576550   27.851792    2.810512    0.00001807   0.2368   0.3077  1+[ 8, 0, 0]
  21    1    29.090323   16.814061   29.089303    2.853520    0.00001753   0.2436   0.3891  1+[ 4, 1, 1]
  22    1    29.283398   17.007484   29.282726    2.860172    0.00001147   0.1984   0.2947  1+[ 8, 2, 0]
  23    1    29.422156   17.145137   29.420379    2.864943    0.00003020   0.3234   0.3918  1+[ 4, 0, 0]
  24    1    29.729621   17.453931   29.729173    2.875486    0.00000752   0.1631   0.4117  1-[ 5, 3, 0]
  25    1    31.619481   19.343639   31.618881    2.939461    0.00000947   0.1946   0.2725  1+[ 4, 3, 1]
  26    1    32.047826   19.771984   32.047226    2.953768    0.00000936   0.1961   0.4923  1+[ 6, 4, 0]
  27    1    35.009045  -47.280234  -35.004992    3.050843    0.99994211   0.5327   0.9718  1+[ 0, 0, 0]
  28    1    36.402825   24.127420   36.402662    3.095481    0.00000223   0.1088   0.3361  1+[ 6, 3, 1]
  29    1    37.893404   25.617736   37.892979    3.142517    0.00000561   0.1796   0.3194  1-[ 7, 2, 1]
  30    1    39.717910   27.442299   39.717541    3.199150    0.00000465   0.1712   0.3472  1-[ 5, 5, 0]
  31    1    41.609138   29.332701   41.607943    3.256814    0.00001436   0.3154   0.3646  1-[ 5, 0, 1]
  32    1    42.041768   29.766112   42.041354    3.269862    0.00000492   0.1865   0.3949  1-[ 5, 1, 0]
  33    1    42.937318   30.661850   42.937092    3.296708    0.00000263   0.1393   0.4488  1-[ 7, 4, 1]
  34    1    42.998711   30.722186   42.997428    3.298540    0.00001492   0.3322   0.5389  1-[ 5, 0, 1]
  35    1    43.132937   30.857124   43.132366    3.302543    0.00000662   0.2220   0.3410  1-[ 5, 4, 1]
  36    1    44.361453   32.085755   44.360997    3.338954    0.00000514   0.2011   0.2880  1+[ 8, 2, 0]
  37    1    45.912977   33.637639   45.912881    3.384379    0.00000104   0.0936   0.3725  1-[ 7, 4, 1]
  38    1    48.561037   36.285408   48.560650    3.460531    0.00000399   0.1939   0.3809  1+[ 6, 2, 0]
  39    1    49.660459   37.384611   49.659854    3.491660    0.00000609   0.2451   0.3778  1+[ 6, 6, 0]
  40    1    50.208385   37.933074   50.208316    3.507071    0.00000069   0.0832   0.3738  1+[ 8, 5, 1]
  41    1    51.142836   38.867493   51.142735    3.533198    0.00000098   0.1013   0.2846  1+[10, 1, 1]
  42    1    51.267434   38.991495   51.266737    3.536668    0.00000680   0.2673   0.4616  1+[ 6, 0, 0]
  43    1    51.546972   39.271137   51.546379    3.544438    0.00000575   0.2473   0.3729  1+[ 6, 2, 0]
  44    1    52.128659   39.853149   52.128391    3.560554    0.00000258   0.1673   0.3697  1+[ 6, 5, 1]
  45    1    52.834990   40.559342   52.834584    3.580025    0.00000384   0.2070   0.3872  1+[ 6, 5, 1]
  46    1    57.458756   45.183090   57.458332    3.704962    0.00000369   0.2208   0.3631  1-[ 9, 3, 0]
  47    1    62.990531   50.715241   62.990483    3.849109    0.00000039   0.0783   0.4191  1-[ 9, 5, 0]
  48    1    63.607720   51.332086   63.607328    3.864859    0.00000308   0.2233   0.3344  1-[ 7, 2, 1]
  49    1    64.641786   52.366531   64.641773    3.891103    0.00000010   0.0417   0.4141  1-[ 9, 4, 1]
  50    1    66.817090   54.541423   66.816665    3.945742    0.00000318   0.2385   0.3647  1-[ 7, 1, 0]
  51    1    67.657041   55.381525   67.656767    3.966638    0.00000203   0.1927   0.3279  1+[10, 4, 0]
  52    1    69.058423   56.782886   69.058128    4.001259    0.00000213   0.2017   0.3518  1-[ 7, 4, 1]
  53    1    69.774862   57.499211   69.774453    4.018843    0.00000293   0.2389   0.3130  1-[ 7, 7, 0]
  54    1    70.011218   57.735455   70.010697    4.024627    0.00000372   0.2700   0.3772  1-[ 7, 1, 0]
  55    1    70.136227   57.860949   70.136191    4.027683    0.00000026   0.0708   0.4070  1+[10, 6, 0]
  56    1    70.888840   58.613594   70.888836    4.046033    0.00000002   0.0219   0.4063  1+[10, 5, 1]
  57    1    71.503217   59.227604   71.502846    4.060950    0.00000259   0.2302   0.3501  1+[ 8, 2, 0]
  58    1    71.584138   59.308402   71.583644    4.062911    0.00000345   0.2660   0.4014  1-[ 7, 0, 1]
  59    1    71.698244   59.422599   71.697841    4.065674    0.00000281   0.2403   0.4827  1-[ 7, 6, 1]
  60    2     1.151918  -13.383912   -1.108670    1.625749    0.98122789   0.3127   0.8042  3-[ 3, 2, 1]
  61    2     5.859182   -6.421240    5.854002    1.889354    0.00044199   0.2463   0.8362  3-[ 3, 0, 1]
  62    2     5.911448  -18.175330   -5.900088    1.892075    0.99903914   0.3663   0.9260  3+[ 2, 0, 2]
  63    2     7.825976   -4.456003    7.819239    1.989174    0.00043039   0.3246   0.8354  3-[ 3, 1, 2]
  64    2    10.363731   -1.925282   10.349960    2.111008    0.00066439   0.5341   0.6983  3+[ 4, 3, 1]
  65    2    12.408858  -24.667348  -12.392106    2.204297    0.99932498   0.6446   0.9155  3+[ 2, 1, 1]
  66    2    15.880518    3.604440   15.879682    2.354210    0.00002633   0.1630   0.6632  3+[ 4, 1, 1]
  67    2    17.429354    5.153413   17.428655    2.418095    0.00002004   0.1560   0.6375  3+[ 4, 0, 2]
  68    2    19.960342    7.683464   19.958706    2.519006    0.00004097   0.2555   0.6838  3+[ 4, 2, 2]
  69    2    21.799710    9.522693   21.797935    2.589877    0.00004072   0.2782   0.5824  3-[ 5, 4, 1]
  70    2    22.093663    9.705088   21.980330    2.601024    0.00256483   2.2350   0.5223  3-[ 5, 0, 1]
  71    2    23.463545  -35.615065  -23.339823    2.652353    0.99736353   2.4064   0.9759  3-[ 1, 0, 1]
  72    2    23.996262   11.720506   23.995748    2.672048    0.00001070   0.1570   0.4314  3-[ 5, 2, 1]
  73    2    25.265104   12.989306   25.264548    2.718383    0.00001101   0.1677   0.4499  3-[ 5, 1, 2]
  74    2    27.794242   15.517968   27.793210    2.808461    0.00001856   0.2395   0.3865  3+[ 4, 1, 1]
  75    2    29.132910   16.856828   29.132070    2.854989    0.00001441   0.2211   0.5559  3+[ 4, 0, 2]
  76    2    29.157642   16.881996   29.157238    2.855841    0.00000693   0.1535   0.3810  3+[ 6, 5, 1]
  77    2    29.775974   17.500290   29.775532    2.877072    0.00000742   0.1622   0.5345  3-[ 5, 3, 2]
  78    2    31.516923   19.241042   31.516284    2.936025    0.00001014   0.2007   0.3441  3+[ 4, 2, 2]
  79    2    32.115590   19.839776   32.115018    2.956025    0.00000891   0.1917   0.5327  3+[ 6, 3, 1]
  80    2    36.343182   24.067821   36.343063    3.093584    0.00000162   0.0926   0.3713  3+[ 6, 4, 2]
  81    2    37.851550   25.575868   37.851110    3.141206    0.00000581   0.1825   0.3893  3-[ 7, 2, 1]
  82    2    39.820291   27.544662   39.819904    3.202298    0.00000486   0.1755   0.3818  3-[ 5, 4, 1]
  83    2    41.700409   29.423356   41.698598    3.259571    0.00002171   0.3886   0.6299  3-[ 5, 0, 1]
  84    2    42.324885   30.049220   42.324462    3.278373    0.00000500   0.1892   0.5820  3-[ 5, 1, 2]
  85    2    42.963350   30.687883   42.963126    3.297485    0.00000261   0.1387   0.5024  3-[ 7, 4, 1]
  86    2    43.176197   30.900351   43.175593    3.303832    0.00000699   0.2284   0.4504  3-[ 5, 3, 2]
  87    2    44.367307   32.091595   44.366837    3.339127    0.00000529   0.2042   0.3042  3+[ 8, 3, 1]
  88    2    45.864735   33.589401   45.864643    3.382976    0.00000101   0.0922   0.3791  3-[ 9, 7, 2]
  89    2    48.587567   36.311931   48.587174    3.461286    0.00000405   0.1956   0.4442  3+[ 6, 1, 1]
  90    2    49.655680   37.379704   49.654946    3.491526    0.00000739   0.2699   0.4258  3+[ 6, 1, 1]
  91    2    50.189023   37.913713   50.188955    3.506528    0.00000067   0.0824   0.4108  3+[ 8, 5, 1]
  92    2    51.142248   38.866930   51.142172    3.533182    0.00000075   0.0886   0.3262  3+[ 8, 4, 2]
  93    2    51.263092   38.987069   51.262312    3.536547    0.00000761   0.2828   0.6347  3+[ 6, 0, 2]
  94    2    52.186160   39.910582   52.185824    3.562143    0.00000323   0.1875   0.5384  3+[ 6, 2, 2]
  95    2    52.836222   40.560555   52.835797    3.580059    0.00000402   0.2120   0.5099  3+[ 6, 4, 2]
  96    2    57.502645   45.226971   57.502213    3.706128    0.00000376   0.2229   0.3448  3-[ 9, 2, 1]
  97    2    62.991430   50.716141   62.991383    3.849132    0.00000037   0.0770   0.4316  3-[ 9, 6, 1]
  98    2    63.597184   51.321538   63.596780    3.864590    0.00000318   0.2267   0.4097  3-[ 7, 2, 1]
  99    2    64.625895   52.350640   64.625882    3.890701    0.00000010   0.0417   0.4351  3-[ 9, 5, 2]
 100    2    66.834920   54.559214   66.834457    3.946187    0.00000346   0.2488   0.3549  3-[ 7, 4, 1]
 101    2    67.719418   55.443900   67.719142    3.968186    0.00000204   0.1934   0.3612  3+[10, 3, 1]
 102    2    69.079436   56.803891   69.079133    4.001776    0.00000219   0.2045   0.4122  3-[ 7, 3, 2]
 103    2    69.721051   57.445258   69.720500    4.017525    0.00000395   0.2772   0.6177  3-[ 7, 0, 1]
 104    2    70.120795   57.845516   70.120759    4.027306    0.00000026   0.0712   0.3958  3+[10, 7, 1]
 105    2    70.187012   57.911208   70.186450    4.028924    0.00000400   0.2809   0.5345  3-[ 7, 1, 2]
 106    2    70.865007   58.589761   70.865003    4.045453    0.00000003   0.0225   0.3918  3+[10, 6, 2]
 107    2    71.478736   59.203115   71.478357    4.060357    0.00000265   0.2329   0.3431  3+[ 8, 3, 1]
 108    2    71.688675   59.412961   71.688203    4.065443    0.00000330   0.2604   0.5003  3-[ 7, 5, 2]
 109    3     0.533736  -12.674351   -0.399109    1.587884    0.87388196   0.3544   0.8697  5-[ 3, 1, 2]
 110    3     8.874409   -3.407984    8.867258    2.040390    0.00040291   0.3562   0.9172  5-[ 3, 0, 3]
 111    3    10.871878   -1.429155   10.846087    2.134568    0.00118613   0.7484   0.8513  5+[ 4, 2, 2]
 112    3    11.563833  -23.809210  -11.533968    2.166238    0.99870869   0.8306   0.9787  5+[ 2, 0, 2]
 113    3    16.257449    3.980893   16.256135    2.369915    0.00004041   0.2067   0.7542  5+[ 4, 0, 2]
 114    3    20.421676    8.144825   20.420067    2.536967    0.00003940   0.2564   0.7840  5+[ 4, 1, 3]
 115    3    22.127129    9.850172   22.125414    2.602290    0.00003875   0.2755   0.7620  5-[ 5, 3, 2]
 116    3    23.863238   11.587370   23.862612    2.667144    0.00001311   0.1728   0.6035  5-[ 5, 1, 2]
 117    3    25.008387   12.732418   25.007660    2.709072    0.00001454   0.1907   0.5206  5-[ 5, 0, 3]
 118    3    27.697103   15.420850   27.696092    2.805054    0.00001824   0.2366   0.5343  5+[ 4, 0, 2]
 119    3    28.873549   16.597822   28.873064    2.846034    0.00000840   0.1673   0.3625  5+[ 6, 2, 2]
 120    3    29.845400   17.569733   29.844975    2.879446    0.00000712   0.1593   0.6273  5-[ 5, 2, 3]
 121    3    31.350809   19.074705   31.349947    2.930451    0.00001374   0.2324   0.4134  5+[ 4, 1, 3]
 122    3    32.245721   19.969918   32.245160    2.960355    0.00000870   0.1902   0.5564  5+[ 6, 4, 2]
 123    3    36.222829   23.947478   36.222720    3.089753    0.00000151   0.0890   0.4522  5+[ 6, 3, 3]
 124    3    37.765016   25.489302   37.764544    3.138494    0.00000625   0.1889   0.3764  5-[ 7, 5, 2]
 125    3    40.012303   27.736590   40.011833    3.208194    0.00000588   0.1940   0.5525  5-[ 5, 1, 2]
 126    3    42.729284   30.453538   42.728780    3.290491    0.00000590   0.2075   0.6874  5-[ 5, 0, 3]
 127    3    43.014776   30.739315   43.014557    3.299019    0.00000255   0.1373   0.4844  5-[ 7, 3, 2]
 128    3    43.267325   30.991395   43.266637    3.306545    0.00000794   0.2438   0.5354  5-[ 5, 2, 3]
 129    3    44.384855   32.109109   44.384351    3.339644    0.00000568   0.2116   0.3508  5+[ 8, 2, 2]
 130    3    45.768384   33.493055   45.768297    3.380172    0.00000095   0.0892   0.4599  5-[ 7, 4, 3]
 131    3    48.630047   36.354380   48.629622    3.462494    0.00000437   0.2034   0.4272  5+[ 6, 2, 2]
 132    3    49.535157   37.259031   49.534274    3.488127    0.00000892   0.2958   0.6449  5+[ 6, 0, 2]
 133    3    50.149884   37.874577   50.149819    3.505429    0.00000065   0.0809   0.4306  5+[ 8, 4, 2]
 134    3    51.122840   38.847552   51.122794    3.532641    0.00000046   0.0690   0.3541  5+[ 8, 3, 3]
 135    3    52.275445   39.999743   52.274985    3.564609    0.00000441   0.2194   0.6611  5+[ 6, 1, 3]
 136    3    52.842233   40.566535   52.841778    3.580224    0.00000431   0.2194   0.5987  5+[ 6, 3, 3]
 137    3    57.594582   45.318891   57.594133    3.708569    0.00000390   0.2274   0.4130  5-[ 9, 3, 2]
 138    3    62.992324   50.717038   62.992280    3.849155    0.00000035   0.0746   0.4785  5-[ 9, 5, 2]
 139    3    63.570047   51.294374   63.569616    3.863899    0.00000339   0.2340   0.3940  5-[ 7, 1, 2]
 140    3    64.592604   52.317349   64.592591    3.889859    0.00000010   0.0415   0.4829  5-[ 9, 4, 3]
 141    3    66.839642   54.563843   66.839085    3.946304    0.00000417   0.2729   0.5026  5-[ 7, 1, 2]
 142    3    67.845690   55.570168   67.845410    3.971316    0.00000206   0.1949   0.3806  5+[ 8, 4, 2]
 143    3    69.117964   56.842402   69.117644    4.002723    0.00000231   0.2101   0.4136  5-[ 7, 2, 3]
 144    3    70.089976   57.814697   70.089939    4.026553    0.00000026   0.0721   0.4451  5+[10, 6, 2]
 145    3    70.370337   58.094474   70.369716    4.033400    0.00000441   0.2956   0.6776  5-[ 7, 0, 3]
 146    3    70.817013   58.541767   70.817009    4.044285    0.00000003   0.0236   0.4490  5+[10, 5, 3]
 147    3    71.428058   59.152418   71.427660    4.059128    0.00000279   0.2387   0.4256  5+[ 8, 2, 2]
 148    3    71.668892   59.393082   71.668324    4.064964    0.00000396   0.2853   0.4484  5-[ 7, 4, 3]
 149    4     0.537113  -11.901173    0.374069    1.588093    0.15177816   0.3854   0.9046  7-[ 3, 0, 3]
 150    4    11.571580   -0.708600   11.566642    2.166590    0.00021334   0.3380   0.9376  7+[ 4, 1, 3]
 151    4    20.858134    8.581335   20.856577    2.553844    0.00003733   0.2549   0.8043  7+[ 4, 0, 4]
 152    4    22.596590   10.319639   22.594881    2.619985    0.00003780   0.2779   0.8692  7-[ 5, 2, 3]
 153    4    23.581844   11.305836   23.581078    2.656740    0.00001625   0.1901   0.6769  7-[ 5, 0, 3]
 154    4    28.480768   16.204941   28.480184    2.832418    0.00001026   0.1824   0.4928  7+[ 6, 1, 3]
 155    4    29.890943   17.615278   29.890520    2.881003    0.00000708   0.1591   0.6726  7-[ 5, 1, 4]
 156    4    31.135121   18.858772   31.134014    2.923198    0.00001777   0.2625   0.4970  7+[ 8, 0, 4]
 157    4    32.426885   20.151100   32.426342    2.966372    0.00000837   0.1877   0.6824  7+[ 6, 3, 3]
 158    4    36.040059   23.764719   36.039961    3.083925    0.00000136   0.0839   0.5064  7+[ 6, 2, 4]
 159    4    37.633734   25.357940   37.633182    3.134374    0.00000733   0.2038   0.4480  7-[ 7, 2, 3]
 160    4    40.204759   27.928969   40.204211    3.214093    0.00000682   0.2100   0.6605  7-[ 5, 0, 3]
 161    4    43.087007   30.811555   43.086797    3.301173    0.00000244   0.1345   0.5934  7-[ 7, 4, 3]
 162    4    43.398379   31.122306   43.397548    3.310444    0.00000957   0.2685   0.5945  7-[ 5, 1, 4]
 163    4    44.425541   32.149737   44.424979    3.340843    0.00000632   0.2234   0.3932  7+[ 6, 3, 3]
 164    4    45.624029   33.348711   45.623953    3.375966    0.00000084   0.0834   0.5360  7-[ 7, 3, 4]
 165    4    48.661280   36.385535   48.660777    3.463381    0.00000516   0.2211   0.6379  7+[ 6, 1, 3]
 166    4    50.089856   37.814552   50.089794    3.503743    0.00000062   0.0786   0.4362  7+[ 8, 5, 3]
 167    4    51.062155   38.786878   51.062120    3.530950    0.00000034   0.0598   0.4027  7+[10, 2, 4]
 168    4    52.371139   40.095296   52.370538    3.567250    0.00000574   0.2508   0.7229  7+[ 6, 0, 4]
 169    4    52.860452   40.584736   52.859978    3.580725    0.00000448   0.2239   0.6598  7+[ 6, 2, 4]
 170    4    57.742557   45.466839   57.742081    3.712494    0.00000413   0.2346   0.4333  7-[ 9, 2, 3]
 171    4    62.991498   50.716215   62.991457    3.849134    0.00000032   0.0712   0.4811  7-[ 9, 4, 3]
 172    4    63.515347   51.239618   63.514860    3.862506    0.00000383   0.2486   0.4709  7-[ 7, 2, 3]
 173    4    64.538944   52.263689   64.538931    3.888501    0.00000010   0.0411   0.4792  7-[ 9, 3, 4]
 174    4    66.768212   54.492355   66.767597    3.944522    0.00000461   0.2867   0.6639  7-[ 7, 0, 3]
 175    4    68.038393   55.762866   68.038108    3.976089    0.00000210   0.1970   0.4268  7+[10, 3, 3]
 176    4    69.170026   56.894436   69.169679    4.004003    0.00000251   0.2192   0.5181  7-[ 7, 3, 4]
 177    4    70.043993   57.768712   70.043954    4.025429    0.00000028   0.0741   0.4401  7+[10, 5, 3]
 178    4    70.744158   58.468911   70.744153    4.042512    0.00000003   0.0251   0.4665  7+[10, 4, 4]
 179    4    71.348726   59.073050   71.348292    4.057204    0.00000304   0.2486   0.3997  7+[ 8, 5, 3]
 180    4    71.592503   59.316569   71.591811    4.063114    0.00000483   0.3147   0.5770  7-[ 7, 1, 4]
 181    5    12.312983    0.032630   12.307872    2.200012    0.00020754   0.3547   0.9777  9+[ 4, 0, 4]
 182    5    23.187086   10.910046   23.185288    2.642075    0.00003877   0.2887   0.9205  9-[ 5, 1, 4]
 183    5    28.001949   15.726045   28.001287    2.815730    0.00001181   0.1925   0.5588  9+[ 8, 0, 4]
 184    5    29.838895   17.563264   29.838506    2.879224    0.00000652   0.1523   0.6808  9-[ 5, 0, 5]
 185    5    32.638423   20.362653   32.637895    2.973382    0.00000809   0.1857   0.7604  9+[ 6, 2, 4]
 186    5    35.793175   23.517843   35.793085    3.076036    0.00000125   0.0801   0.5357  9+[ 6, 1, 5]
 187    5    37.462198   25.186281   37.461523    3.128983    0.00000900   0.2248   0.5801  9-[ 7, 1, 4]
 188    5    43.169168   30.893729   43.168971    3.303622    0.00000228   0.1304   0.6891  9-[ 7, 3, 4]
 189    5    43.529788   31.253618   43.528860    3.314348    0.00001067   0.2843   0.6512  9-[ 5, 0, 5]
 190    5    44.504659   32.228764   44.504006    3.343173    0.00000734   0.2411   0.4781  9+[ 6, 2, 4]
 191    5    45.432693   33.157394   45.432636    3.370383    0.00000063   0.0721   0.5898  9-[ 7, 2, 5]
 192    5    48.611099   36.335285   48.610527    3.461955    0.00000588   0.2358   0.7226  9+[ 6, 0, 4]
 193    5    50.006695   37.731395   50.006638    3.501407    0.00000057   0.0756   0.5249  9+[ 8, 4, 4]
 194    5    50.943303   38.668036   50.943278    3.527636    0.00000024   0.0499   0.4668  9+[ 8, 3, 5]
 195    5    52.906946   40.631206   52.906448    3.582003    0.00000471   0.2296   0.7101  9+[ 6, 1, 5]
 196    5    57.957319   45.681560   57.956802    3.718183    0.00000446   0.2447   0.4489  9-[ 7, 3, 4]
 197    5    62.986503   50.711226   62.986468    3.849006    0.00000028   0.0668   0.5710  9-[ 9, 5, 4]
 198    5    63.419356   51.143545   63.418787    3.860059    0.00000449   0.2687   0.6174  9-[ 7, 1, 4]
 199    5    64.460651   52.185396   64.460638    3.886519    0.00000010   0.0405   0.5575  9-[ 9, 4, 5]
 200    5    68.299799   56.024266   68.299508    3.982555    0.00000213   0.1994   0.4737  9+[ 8, 4, 4]
 201    5    69.230248   56.954623   69.229865    4.005483    0.00000277   0.2303   0.6170  9-[ 7, 2, 5]
 202    5    69.983727   57.708441   69.983683    4.023955    0.00000031   0.0785   0.5015  9+[10, 6, 4]
 203    5    70.645345   58.370098   70.645340    4.040105    0.00000004   0.0270   0.4586  9+[10, 5, 5]
 204    5    71.239113   58.963383   71.238625    4.054544    0.00000343   0.2637   0.5133  9+[ 8, 2, 4]
 205    5    71.484353   59.208341   71.483583    4.060493    0.00000539   0.3319   0.6767  9-[ 7, 0, 5]
 206    6    23.776738   11.499719   23.774961    2.663950    0.00003737   0.2907   0.9446 11-[ 5, 0, 5]
 207    6    32.846862   20.571112   32.846354    2.980274    0.00000774   0.1827   0.7935 11+[ 6, 1, 5]
 208    6    35.473826   23.198503   35.473745    3.065801    0.00000114   0.0756   0.5591 11+[ 8, 0, 6]
 209    6    37.248791   24.972771   37.248013    3.122263    0.00001044   0.2407   0.6323 11-[ 7, 0, 5]
 210    6    43.244529   30.969103   43.244345    3.305867    0.00000213   0.1263   0.7523 11-[ 7, 2, 5]
 211    6    44.635463   32.359454   44.634696    3.347021    0.00000859   0.2616   0.5509 11+[ 6, 1, 5]
 212    6    45.201466   32.926183   45.201425    3.363624    0.00000045   0.0607   0.6236 11-[ 7, 1, 6]
 213    6    49.897077   37.621783   49.897025    3.498324    0.00000052   0.0719   0.5924 11+[ 8, 3, 5]
 214    6    50.755423   38.480163   50.755406    3.522390    0.00000017   0.0417   0.5311 11+[ 8, 2, 6]
 215    6    52.963478   40.687728   52.962970    3.583556    0.00000479   0.2319   0.7525 11+[ 6, 0, 6]
 216    6    58.249778   45.973965   58.249207    3.725916    0.00000490   0.2578   0.5513 11-[ 9, 2, 5]
 217    6    62.974203   50.698931   62.974173    3.848692    0.00000024   0.0615   0.6635 11-[ 9, 4, 5]
 218    6    63.257998   50.982134   63.257376    3.855942    0.00000491   0.2804   0.6798 11-[ 7, 0, 5]
 219    6    64.352540   52.077286   64.352528    3.883780    0.00000009   0.0392   0.6541 11-[ 9, 3, 6]
 220    6    68.628652   56.353116   68.628359    3.990673    0.00000214   0.2006   0.5397 11+[ 8, 3, 5]
 221    6    69.282814   57.007163   69.282405    4.006775    0.00000295   0.2379   0.6840 11-[ 7, 1, 6]
 222    6    69.912523   57.637225   69.912467    4.022213    0.00000040   0.0883   0.5838 11+[10, 5, 5]
 223    6    70.519205   58.243957   70.519199    4.037031    0.00000004   0.0299   0.5455 11+[10, 4, 6]
 224    6    71.098589   58.822794   71.098036    4.051132    0.00000388   0.2802   0.6431 11+[ 8, 1, 5]
 225    7    33.002258   20.726570   33.001812    2.985401    0.00000677   0.1717   0.7910 13+[ 6, 0, 6]
 226    7    43.293830   31.018414   43.293656    3.307334    0.00000201   0.1226   0.7839 13-[ 7, 1, 6]
 227    7    44.811456   32.535375   44.810617    3.352192    0.00000936   0.2742   0.6095 13+[ 6, 0, 6]
 228    7    44.936229   32.660950   44.936192    3.355854    0.00000041   0.0578   0.6395 13-[ 7, 0, 7]
 229    7    49.757346   37.482057   49.757299    3.494390    0.00000047   0.0682   0.6390 13+[ 8, 2, 6]
 230    7    50.497196   38.221940   50.497182    3.515167    0.00000013   0.0371   0.5706 13+[ 8, 1, 7]
 231    7    58.625154   46.349285   58.624528    3.735819    0.00000534   0.2709   0.6335 13-[ 9, 1, 6]
 232    7    62.951118   50.675852   62.951094    3.848101    0.00000019   0.0549   0.7373 13-[ 9, 3, 6]
 233    7    64.209125   51.933872   64.209114    3.880144    0.00000008   0.0373   0.7273 13-[ 9, 2, 7]
 234    7    69.008223   56.732710   69.007952    4.000024    0.00000196   0.1933   0.5927 13+[10, 2, 6]
 235    7    69.290130   57.014486   69.289728    4.006954    0.00000290   0.2361   0.7119 13-[ 7, 0, 7]
 236    7    69.845267   57.569933   69.845175    4.020567    0.00000066   0.1135   0.6245 13+[10, 4, 6]
 237    7    70.364839   58.089588   70.364830    4.033266    0.00000007   0.0366   0.6143 13+[10, 3, 7]
 238    7    70.921035   58.645207   70.920449    4.046816    0.00000413   0.2883   0.7022 13+[ 8, 0, 6]
 239    8    43.294036   31.018640   43.293882    3.307340    0.00000177   0.1153   0.7907 15-[ 7, 0, 7]
 240    8    49.584844   37.309559   49.584801    3.489528    0.00000043   0.0652   0.6686 15+[ 8, 1, 7]
 241    8    50.170555   37.895300   50.170542    3.506009    0.00000012   0.0353   0.6227 15+[10, 0, 8]
 242    8    59.069326   46.793440   59.068682    3.747503    0.00000545   0.2758   0.6562 15-[ 9, 0, 7]
 243    8    62.912871   50.637610   62.912852    3.847123    0.00000015   0.0494   0.7903 15-[ 9, 2, 7]
 244    8    64.025307   51.750055   64.025297    3.875478    0.00000007   0.0349   0.7741 15-[ 9, 1, 8]
 245    8    69.335900   57.060523   69.335765    4.008078    0.00000097   0.1366   0.5465 15+[10, 1, 7]
 246    8    69.868109   57.592649   69.867891    4.021126    0.00000156   0.1744   0.5271 15+[ 8, 1, 7]
 247    8    70.188851   57.913577   70.188819    4.028969    0.00000023   0.0668   0.6337 15+[10, 2, 8]
 248    9    49.378799   37.103517   49.378760    3.483712    0.00000040   0.0621   0.6911 17+[ 8, 0, 8]
 249    9    62.856261   50.581004   62.856246    3.845674    0.00000012   0.0439   0.8235 17-[ 9, 1, 8]
 250    9    63.796719   51.521469   63.796711    3.869669    0.00000006   0.0320   0.7953 17-[ 9, 0, 9]
 251    9    69.374876   57.099620   69.374862    4.009035    0.00000010   0.0447   0.7147 17+[10, 2, 8]
 252    9    69.915316   57.640055   69.915297    4.022281    0.00000014   0.0514   0.7509 17+[10, 1, 9]
 253    9    70.270078   57.994497   70.269739    4.030953    0.00000241   0.2182   0.6939 17+[ 8, 0, 8]
 254   10    62.778129   50.502874   62.778116    3.843674    0.00000010   0.0398   0.8418 19-[ 9, 0, 9]
 255   10    69.248810   56.973566   69.248808    4.005939    0.00000002   0.0191   0.7785 19+[10, 1, 9]
 256   10    69.672189   57.396945   69.672187    4.016328    0.00000002   0.0172   0.7723 19+[10, 0,10]
 257   11    69.069898   56.794653   69.069895    4.001541    0.00000002   0.0176   0.8115 21+[10, 0,10]
#all active are  257 q.p. states out of  455
#since the cut off is pwi=  60.0
#check: number of neutrons=  26.0


 #canonical s.p. energies neutrons
 ---------------------------------


  labels -> {2*omega}{parity}[nn=nz+2*nr+nl,nz,nl]
  cqpe   -> canonical q.p. energies
  ce     -> canonical s.p. energies
  fermi energy=  -12.275242061040057     
  average cdelt=  0.31073642730119000     
  k0      ceqp        ce         v*v       u*v        cdel     overl      labels
  33   35.083342   35.083338   0.00000001   0.00007601   0.0182   0.3569  1+[10, 8, 0]
  34   42.909281   42.909276   0.00000001   0.00008446   0.0224   0.4297  1+[10, 2, 0]
  35   36.299000   36.298984   0.00000002   0.00013145   0.0399   0.5484  1-[ 9, 8, 1]
  37   38.917292   38.917248   0.00000002   0.00013825   0.0672   0.7541  1+[ 8, 8, 0]
  38   39.556975   39.556916   0.00000002   0.00014199   0.0778   0.4864  1+[ 8, 1, 1]
  39   43.514441   43.514421   0.00000002   0.00014936   0.0478   0.5126  1-[ 9, 2, 1]
  40   38.167460   38.167435   0.00000002   0.00015251   0.0500   0.4087  1-[ 9, 8, 1]
  41   32.591907   32.591866   0.00000002   0.00015679   0.0609   0.4884  1+[ 8, 1, 1]
  42   57.501485   57.501351   0.00000003   0.00016237   0.1369   0.4382  1+[ 8, 3, 1]
  43   33.187534   33.187521   0.00000003   0.00016337   0.0347   0.5005  1-[ 9, 9, 0]
  45   31.338414   31.338373   0.00000003   0.00016921   0.0599   0.7307  1+[ 8, 0, 0]
  46   40.091901   40.091834   0.00000003   0.00017508   0.0840   0.4859  1+[ 8, 2, 0]
  47   48.554087   48.554041   0.00000003   0.00017615   0.0748   0.4221  1-[ 9, 3, 0]
  48   34.118989   34.118972   0.00000003   0.00018307   0.0397   0.4361  1-[ 9, 6, 1]
  49   31.020356   31.020340   0.00000004   0.00020710   0.0372   0.4873  1-[ 9, 1, 0]
  50   29.797997   29.797980   0.00000005   0.00021659   0.0374   0.6679  1-[ 9, 0, 1]
  55   50.613112   50.612986   0.00000085   0.00092322   0.1258   0.7982  1-[ 7, 7, 0]
  56   52.421723   52.421539   0.00000110   0.00104765   0.1544   0.5861  1-[ 7, 6, 1]
  57   51.576852   51.576660   0.00000124   0.00111295   0.1566   0.5634  1-[ 7, 2, 1]
  58   51.181870   51.181672   0.00000130   0.00114076   0.1587   0.6853  1-[ 7, 0, 1]
  59   48.441628   48.441434   0.00000139   0.00117782   0.1535   0.4887  1-[ 7, 0, 1]
  60   39.001598   39.001368   0.00000142   0.00119266   0.1533   0.8054  1+[ 6, 6, 0]
  61   50.264562   50.264305   0.00000157   0.00125228   0.1793   0.5702  1-[ 7, 1, 0]
  62   40.969380   40.969036   0.00000194   0.00139384   0.1914   0.6424  1+[ 6, 5, 1]
  63   40.898872   40.898473   0.00000219   0.00148055   0.2060   0.7021  1+[ 6, 1, 1]
  64   58.607059   58.606548   0.00000224   0.00149813   0.2690   0.4257  1+[ 8, 4, 0]
  65   39.182269   39.181867   0.00000235   0.00153185   0.2036   0.8540  1+[ 6, 0, 0]
  66   58.226965   58.226473   0.00000240   0.00155049   0.2635   0.4755  1-[ 7, 4, 1]
  67   38.260895   38.260422   0.00000299   0.00173056   0.2187   0.5510  1+[ 6, 1, 1]
  68   42.742692   42.741922   0.00000443   0.00210552   0.2911   0.5149  1+[ 6, 3, 1]
  69   28.973997   28.973579   0.00000459   0.00214178   0.1857   0.7321  1-[ 5, 5, 0]
  70   43.164499   43.163755   0.00000517   0.00227269   0.2873   0.4424  1-[ 7, 5, 0]
  71   30.685945   30.685330   0.00000657   0.00256318   0.2299   0.6012  1-[ 5, 2, 1]
  72   32.318184   32.317476   0.00000743   0.00272522   0.2512   0.6679  1-[ 5, 0, 1]
  73   27.048877   27.048098   0.00000933   0.00305495   0.2476   0.6473  1-[ 5, 1, 0]
  74   29.926964   29.925723   0.00001423   0.00377204   0.3236   0.4855  1+[ 6, 4, 0]
  75   31.014935   31.013590   0.00001504   0.00387849   0.3413   0.5165  1-[ 5, 3, 0]
  76   13.209036   13.208193   0.00001548   0.00393397   0.2073   0.5754  1+[ 4, 4, 0]
  77   12.965273   12.964104   0.00002212   0.00470298   0.2429   0.6412  1+[ 4, 0, 0]
  78    9.615748    9.614439   0.00002877   0.00536353   0.2394   0.6056  1+[ 4, 1, 1]
  79   14.439524   14.437334   0.00004048   0.00636215   0.3420   0.5815  1-[ 5, 3, 0]
  80   12.634155   12.631798   0.00004591   0.00677588   0.3427   0.5567  1+[ 4, 2, 0]
  81   -0.711254   -0.715899   0.00020005   0.01414247   0.3278   0.6033  1+[ 4, 2, 0]
  82   -3.624126   -3.628237   0.00023707   0.01539516   0.2666   0.7985  1-[ 3, 0, 1]
  83   -4.593675   -4.600276   0.00042930   0.02071509   0.3184   0.6902  1-[ 3, 2, 1]
  84   -7.291281   -7.296720   0.00054535   0.02334643   0.2328   0.6524  1-[ 3, 1, 0]
  85  -10.732798  -13.789869   0.99098265   0.09453061   0.2916   0.5799  1-[ 3, 3, 0]
  86   -5.653566  -18.888488   0.99936217   0.02524729   0.3340   0.8899  1+[ 2, 0, 0]
  87   -4.089782  -20.455105   0.99965747   0.01850447   0.3026   0.8268  1+[ 2, 1, 1]
  88    0.322494  -24.870322   0.99989427   0.01028197   0.2587   0.8690  1+[ 2, 2, 0]
  89    9.162226  -33.710323   0.99994421   0.00746921   0.3199   0.9806  1-[ 1, 0, 1]
  90   12.082587  -36.631844   0.99997472   0.00502800   0.2445   0.9700  1-[ 1, 1, 0]
  91   22.278112  -46.827972   0.99999068   0.00305214   0.2077   0.9867  1+[ 0, 0, 0]
 119   52.047088   52.047074   0.00000000   0.00000001   0.0422   0.5615  3+[10, 8, 2]
 121   34.348067   34.348064   0.00000001   0.00007654   0.0167   0.3326  3+[10, 8, 2]
 122   42.726514   42.726510   0.00000001   0.00008450   0.0218   0.4240  3+[10, 3, 1]
 124   35.372205   35.372190   0.00000002   0.00013548   0.0383   0.5288  3-[ 9, 7, 2]
 125   42.365046   42.364970   0.00000002   0.00014449   0.0911   0.5124  3+[ 8, 0, 2]
 126   43.097510   43.097490   0.00000002   0.00014955   0.0474   0.4809  3-[ 9, 1, 2]
 127   37.375538   37.375514   0.00000002   0.00015420   0.0486   0.4145  3-[ 9, 8, 1]
 128   31.535284   31.535242   0.00000002   0.00015658   0.0601   0.4877  3+[ 8, 0, 2]
 129   31.582998   31.582952   0.00000003   0.00016251   0.0635   0.5361  3+[ 8, 0, 2]
 132   48.678127   48.678080   0.00000003   0.00017681   0.0759   0.4577  3-[ 9, 2, 1]
 133   31.126974   31.126959   0.00000003   0.00017757   0.0359   0.3923  3-[ 9, 1, 2]
 134   42.953312   42.953225   0.00000003   0.00017851   0.0979   0.4904  3+[ 8, 7, 1]
 135   33.311046   33.311025   0.00000004   0.00020009   0.0431   0.3809  3-[ 9, 3, 2]
 136   29.673949   29.673932   0.00000005   0.00022095   0.0378   0.7074  3-[ 9, 0, 1]
 141   52.749920   52.749716   0.00000118   0.00108806   0.1631   0.6392  3-[ 7, 6, 1]
 142   53.177562   53.177344   0.00000129   0.00113657   0.1691   0.5546  3-[ 7, 2, 1]
 143   49.348153   49.347955   0.00000140   0.00118403   0.1560   0.7599  3-[ 7, 0, 1]
 144   49.063604   49.063382   0.00000151   0.00122739   0.1649   0.5018  3-[ 7, 3, 2]
 145   50.535472   50.535196   0.00000163   0.00127510   0.1862   0.4700  3-[ 7, 2, 1]
 146   40.668054   40.667693   0.00000206   0.00143527   0.1955   0.6308  3+[ 6, 5, 1]
 147   41.568277   41.567847   0.00000226   0.00150407   0.2151   0.6202  3+[ 6, 1, 1]
 148   58.859358   58.858834   0.00000229   0.00151425   0.2731   0.4418  3+[ 8, 5, 1]
 149   39.448215   39.447782   0.00000243   0.00155834   0.2115   0.7425  3+[ 6, 0, 2]
 150   58.553220   58.552705   0.00000249   0.00157921   0.2703   0.5036  3-[ 7, 3, 2]
 151   38.275122   38.274626   0.00000315   0.00177345   0.2240   0.6025  3+[ 6, 1, 1]
 152   43.003058   43.002249   0.00000464   0.00215381   0.2992   0.5670  3+[ 6, 4, 2]
 153   43.660451   43.659681   0.00000529   0.00230002   0.2935   0.4933  3-[ 7, 4, 1]
 154   29.679613   29.678979   0.00000694   0.00263373   0.2305   0.5943  3-[ 5, 2, 1]
 155   31.534231   31.533481   0.00000808   0.00284330   0.2563   0.6422  3-[ 5, 0, 1]
 156   27.368802   27.367967   0.00001002   0.00316464   0.2573   0.6403  3-[ 5, 1, 2]
 157   30.627363   30.626067   0.00001466   0.00382855   0.3335   0.5190  3+[ 6, 3, 1]
 158   31.095455   31.094035   0.00001595   0.00399369   0.3510   0.6545  3-[ 5, 3, 2]
 159   13.981724   13.980346   0.00002522   0.00502147   0.2690   0.7735  3+[ 4, 0, 2]
 160    9.799788    9.798355   0.00003129   0.00559382   0.2515   0.6410  3+[ 4, 1, 1]
 161   14.563961   14.561714   0.00004140   0.00643379   0.3473   0.5402  3-[ 5, 4, 1]
 162   12.784925   12.782426   0.00004862   0.00697241   0.3539   0.7587  3+[ 4, 2, 2]
 163   -0.486742   -0.491556   0.00020340   0.01426044   0.3369   0.6455  3+[ 4, 3, 1]
 164   -5.032150   -5.037959   0.00040040   0.02000602   0.2900   0.9001  3-[ 3, 0, 1]
 165   -4.400231   -4.407306   0.00044881   0.02118046   0.3337   0.8098  3-[ 3, 1, 2]
 166  -11.121563  -13.385712   0.98127330   0.13555814   0.3128   0.8109  3-[ 3, 2, 1]
 167   -6.340212  -18.199028   0.99905185   0.03077739   0.3652   0.9447  3+[ 2, 0, 2]
 168    0.109901  -24.655982   0.99982162   0.01335473   0.3302   0.9343  3+[ 2, 1, 1]
 169   11.183688  -35.731863   0.99995065   0.00702447   0.3291   0.9768  3-[ 1, 0, 1]
 190   58.401626   58.401583   0.00000000   0.00000000   0.0782   0.5191  5+[10, 5, 3]
 196   32.902451   32.902449   0.00000001   0.00007772   0.0135   0.4195  5+[10, 8, 2]
 197   42.440232   42.440228   0.00000001   0.00008463   0.0206   0.4738  5+[10, 2, 2]
 199   33.039362   33.039349   0.00000002   0.00014109   0.0343   0.4273  5-[ 9, 4, 3]
 200   42.941610   42.941589   0.00000002   0.00014995   0.0477   0.5627  5-[ 9, 2, 3]
 201   42.697954   42.697860   0.00000002   0.00015025   0.1017   0.6803  5+[ 8, 1, 3]
 202   36.187286   36.187263   0.00000002   0.00015687   0.0467   0.5250  5-[ 9, 1, 2]
 203   38.998193   38.998140   0.00000003   0.00016428   0.0743   0.7340  5+[ 8, 0, 2]
 205   58.757317   58.757144   0.00000003   0.00017097   0.1569   0.5404  5+[ 8, 5, 3]
 206   48.381513   48.381464   0.00000003   0.00017809   0.0770   0.4531  5-[ 9, 3, 2]
 207   28.503712   28.503698   0.00000003   0.00018189   0.0340   0.6764  5-[ 9, 0, 3]
 208   42.658656   42.658557   0.00000003   0.00018537   0.1042   0.5918  5+[ 8, 4, 2]
 209   32.722651   32.722629   0.00000005   0.00021629   0.0449   0.4990  5-[ 9, 3, 2]
 214   54.395273   54.395013   0.00000137   0.00117253   0.1863   0.6750  5-[ 7, 0, 3]
 215   53.062664   53.062416   0.00000141   0.00118810   0.1800   0.5095  5-[ 7, 2, 3]
 216   49.146597   49.146339   0.00000172   0.00131194   0.1781   0.7533  5-[ 7, 1, 2]
 217   50.104314   50.104014   0.00000178   0.00133516   0.1935   0.4877  5-[ 7, 5, 2]
 218   59.286201   59.285648   0.00000239   0.00154685   0.2813   0.4951  5+[ 8, 4, 2]
 219   43.242292   43.241801   0.00000244   0.00156194   0.2333   0.6914  5+[ 6, 1, 3]
 220   38.955630   38.955187   0.00000254   0.00159240   0.2129   0.7912  5+[ 6, 0, 2]
 221   59.106427   59.105865   0.00000268   0.00163626   0.2834   0.5723  5-[ 7, 4, 3]
 222   38.171706   38.171164   0.00000344   0.00185353   0.2340   0.5666  5+[ 6, 2, 2]
 223   43.452589   43.451699   0.00000505   0.00224802   0.3149   0.7099  5+[ 6, 3, 3]
 224   44.159622   44.158804   0.00000557   0.00236045   0.3039   0.4829  5-[ 7, 5, 2]
 225   33.076722   33.075852   0.00000924   0.00303983   0.2808   0.8043  5-[ 5, 0, 3]
 226   26.839112   26.838187   0.00001133   0.00336634   0.2690   0.7427  5-[ 5, 1, 2]
 227   30.861065   30.859693   0.00001549   0.00393595   0.3440   0.5973  5+[ 6, 4, 2]
 228   31.340324   31.338742   0.00001785   0.00422502   0.3715   0.7799  5-[ 5, 2, 3]
 229   11.087984   11.086378   0.00003322   0.00576333   0.2739   0.9124  5+[ 4, 0, 2]
 230   14.834677   14.832304   0.00004342   0.00658901   0.3588   0.7177  5-[ 5, 3, 2]
 231   13.422087   13.419188   0.00005540   0.00744307   0.3860   0.8756  5+[ 4, 1, 3]
 232   -0.025396   -0.030622   0.00021252   0.01457636   0.3578   0.8314  5+[ 4, 2, 2]
 233   -2.588030   -2.596106   0.00041613   0.02039496   0.3955   0.9416  5-[ 3, 0, 3]
 234  -11.741018  -12.674733   0.87389752   0.33196482   0.3547   0.9304  5-[ 3, 1, 2]
 235   -0.711612  -23.832552   0.99972572   0.01655912   0.3823   0.9793  5+[ 2, 0, 2]
 257   59.166132   59.166043   0.00000000   0.00000000   0.1128   0.8704  7+[10, 0, 4]
 259   31.223106   31.223105   0.00000001   0.00007970   0.0097   0.4156  7+[10, 1, 3]
 260   42.177386   42.177383   0.00000001   0.00008497   0.0190   0.4438  7+[10, 3, 3]
 262   30.751610   30.751600   0.00000002   0.00014475   0.0289   0.6917  7-[ 9, 1, 4]
 263   43.333058   43.332947   0.00000002   0.00014799   0.1112   0.8833  7+[ 8, 0, 4]
 264   42.394639   42.394619   0.00000002   0.00015209   0.0475   0.5199  7-[ 9, 5, 4]
 265   34.938497   34.938476   0.00000003   0.00015968   0.0451   0.4454  7-[ 9, 4, 3]
 267   59.529012   59.528806   0.00000003   0.00017740   0.1721   0.6669  7+[ 8, 2, 4]
 268   47.592924   47.592873   0.00000003   0.00017994   0.0776   0.5371  7-[ 9, 6, 3]
 269   43.182971   43.182853   0.00000004   0.00018897   0.1147   0.7141  7+[ 8, 1, 3]
 270   31.046520   31.046498   0.00000005   0.00021943   0.0433   0.7515  7-[ 9, 0, 3]
 275   56.203354   56.203038   0.00000152   0.00123304   0.2079   0.6809  7-[ 7, 1, 4]
 276   49.322375   49.322085   0.00000181   0.00134662   0.1888   0.8617  7-[ 7, 0, 3]
 277   50.261585   50.261249   0.00000197   0.00140346   0.2050   0.6924  7-[ 7, 2, 3]
 278   43.761820   43.761286   0.00000246   0.00156770   0.2448   0.8905  7+[ 6, 0, 4]
 280   59.789053   59.788424   0.00000293   0.00171231   0.3010   0.7011  7-[ 7, 3, 4]
 281   38.242525   38.241919   0.00000378   0.00194318   0.2475   0.8335  7+[ 6, 1, 3]
 282   43.987198   43.986195   0.00000559   0.00236361   0.3358   0.8180  7+[ 6, 2, 4]
 283   44.817720   44.816830   0.00000599   0.00244744   0.3188   0.6112  7-[ 7, 4, 3]
 284   27.396329   27.395318   0.00001235   0.00351412   0.2833   0.9170  7-[ 5, 0, 3]
 285   31.216421   31.214935   0.00001675   0.00409254   0.3596   0.7248  7+[ 6, 3, 3]
 286   31.965763   31.963960   0.00002026   0.00450159   0.3994   0.8621  7-[ 5, 1, 4]
 287   15.283734   15.281148   0.00004671   0.00683395   0.3776   0.8420  7-[ 5, 2, 3]
 288   14.528029   14.524833   0.00005878   0.00766659   0.4139   0.9443  7+[ 4, 0, 4]
 289    0.662652    0.656792   0.00022565   0.01501999   0.3894   0.9469  7+[ 4, 1, 3]
 290  -11.735286  -11.899210   0.15179268   0.35881981   0.3875   0.9833  7-[ 3, 0, 3]
 311   30.351259   30.351258   0.00000001   0.00008220   0.0073   0.4009  9+[10, 4, 4]
 312   41.738512   41.738509   0.00000001   0.00008577   0.0169   0.5177  9+[10, 6, 4]
 314   28.732965   28.732959   0.00000002   0.00013957   0.0227   0.8145  9-[ 9, 0, 5]
 315   40.642337   40.642320   0.00000002   0.00015435   0.0432   0.6739  9-[ 9, 2, 5]
 316   33.702107   33.702087   0.00000003   0.00016068   0.0432   0.7557  9-[ 9, 1, 4]
 319   46.373860   46.373810   0.00000003   0.00018168   0.0765   0.5404  9-[ 9, 5, 4]
 320   44.625531   44.625392   0.00000003   0.00018497   0.1257   0.8399  9+[ 8, 0, 4]
 325   56.653096   56.652759   0.00000149   0.00122158   0.2155   0.8150  9-[ 7, 0, 5]
 326   51.416563   51.416173   0.00000207   0.00143861   0.2227   0.7834  9-[ 7, 1, 4]
 329   38.539143   38.538506   0.00000378   0.00194340   0.2544   0.9241  9+[ 6, 0, 4]
 330   44.606739   44.605621   0.00000601   0.00245196   0.3565   0.8868  9+[ 6, 1, 5]
 331   45.596117   45.595134   0.00000651   0.00255128   0.3373   0.7222  9-[ 7, 3, 4]
 332   31.749022   31.747390   0.00001826   0.00427268   0.3791   0.8187  9+[ 6, 2, 4]
 333   32.964051   32.962128   0.00002125   0.00460948   0.4171   0.9162  9-[ 5, 0, 5]
 334   15.927842   15.924990   0.00005049   0.00710547   0.4011   0.9276  9-[ 5, 1, 4]
 335    1.519272    1.513137   0.00022156   0.01488314   0.4114   0.9912  9+[ 4, 0, 4]
 353   31.850148   31.850147   0.00000001   0.00008406   0.0084   0.6630 11+[10, 1, 5]
 354   39.877959   39.877958   0.00000001   0.00008717   0.0136   0.5170 11+[10, 3, 5]
 356   37.302008   37.301995   0.00000002   0.00015120   0.0367   0.6601 11-[ 9, 1, 6]
 357   33.400924   33.400909   0.00000002   0.00015437   0.0373   0.6963 11-[ 9, 0, 5]
 360   45.165779   45.165732   0.00000003   0.00018111   0.0735   0.7086 11-[ 9, 2, 5]
 365   51.886751   51.886342   0.00000203   0.00142339   0.2291   0.8396 11-[ 7, 0, 5]
 368   45.332508   45.331348   0.00000592   0.00243406   0.3655   0.9256 11+[ 6, 0, 6]
 369   46.444450   46.443365   0.00000702   0.00265030   0.3570   0.8048 11-[ 7, 2, 5]
 370   32.525782   32.524007   0.00001955   0.00442116   0.3988   0.8768 11+[ 6, 1, 5]
 371   16.844420   16.841465   0.00005074   0.00712335   0.4149   0.9576 11-[ 5, 0, 5]
 386   33.214173   33.214171   0.00000001   0.00008383   0.0117   0.6646 13+[10, 0, 6]
 387   39.401239   39.401238   0.00000001   0.00008797   0.0111   0.6458 13+[10, 2, 6]
 389   37.807692   37.807683   0.00000002   0.00014438   0.0302   0.8352 13-[ 9, 0, 7]
 391   43.814058   43.814017   0.00000003   0.00017579   0.0679   0.8081 13-[ 9, 1, 6]
 398   47.390538   47.389364   0.00000736   0.00271323   0.3743   0.8510 13-[ 7, 1, 6]
 399   33.578036   33.576216   0.00001954   0.00442027   0.4086   0.8946 13+[ 6, 0, 6]
 412   39.975354   39.975353   0.00000001   0.00008730   0.0097   0.7118 15+[10, 1, 7]
 415   41.831687   41.831656   0.00000003   0.00016457   0.0583   0.8537 15-[ 9, 0, 7]
 420   48.463877   48.462678   0.00000721   0.00268583   0.3816   0.8629 15-[ 7, 0, 7]
 430   40.243196   40.243195   0.00000001   0.00008508   0.0095   0.7353 17+[10, 0, 8]
  Sum canonical e_v*V^2_k=  -646.83065268035000     


 #quasiparticle energies protons 
 --------------------------------
  eqp(k) -> q.p. energy 
  e(k)   -> referent s.p. energy 
  p(k)   -> occ.probability 
  del(k) -> referent s.p. gap 
  fermi energy alast=  -14.735029650010315     
  #k  block#    eqp(k)     e(k)       (1-2N)E      decay        p(k)        del(k)    overl      labels
   1    1     0.814346  -15.360930   -0.625900    1.749516    0.88429589   0.5210   0.5467  1-[ 3, 2, 1]
   2    1     5.236067  -19.956085   -5.221055    1.982725    0.99856650   0.3962   0.8896  1+[ 2, 0, 0]
   3    1     5.694915   -9.051829    5.683200    2.005373    0.00102856   0.3651   0.6323  1-[ 3, 3, 0]
   4    1     6.953694  -21.669970   -6.934940    2.066229    0.99865153   0.5104   0.7602  1+[ 2, 1, 1]
   5    1     7.620894   -7.129656    7.605374    2.097770    0.00101825   0.4861   0.7565  1-[ 3, 2, 1]
   6    1     9.112372   -5.628899    9.106131    2.166616    0.00034244   0.3372   0.8598  1-[ 3, 0, 1]
   7    1    11.161964   -3.592360   11.142669    2.257804    0.00086432   0.6560   0.5610  1+[ 4, 2, 0]
   8    1    12.231536  -26.946103  -12.211073    2.303957    0.99916352   0.7072   0.7097  1+[ 2, 2, 0]
   9    1    17.208916    2.471945   17.206975    2.507586    0.00005640   0.2585   0.5608  1+[ 4, 4, 0]
  10    1    18.479130    3.742288   18.477318    2.556955    0.00004902   0.2588   0.5044  1+[ 4, 0, 0]
  11    1    18.857236    4.120660   18.855689    2.571468    0.00004102   0.2415   0.4656  1+[ 4, 3, 1]
  12    1    20.333373  -35.046770  -20.311740    2.627359    0.99946805   0.9377   0.9208  1-[ 1, 0, 1]
  13    1    20.922714    6.183586   20.918616    2.649344    0.00009793   0.4141   0.5030  1+[ 4, 2, 0]
  14    1    22.968840    8.200702   22.935731    2.724297    0.00072073   1.2328   0.5730  1-[ 5, 3, 0]
  15    1    23.750235  -38.026696  -23.291666    2.752382    0.99034602   4.6446   0.9049  1-[ 1, 1, 0]
  16    1    24.572227    9.511451   24.246480    2.781620    0.00662836   3.9878   0.4676  1-[ 7, 0, 1]
  17    1    25.246529   10.382952   25.117981    2.805378    0.00254585   2.5445   0.3603  1-[ 5, 1, 0]
  18    1    26.137303   11.397535   26.132565    2.836457    0.00009063   0.4976   0.3905  1-[ 5, 5, 0]
  19    1    27.498198   12.761391   27.496420    2.883292    0.00003232   0.3127   0.3616  1-[ 5, 4, 1]
  20    1    29.928270   15.190261   29.925291    2.965083    0.00004977   0.4222   0.3083  1+[ 8, 0, 0]
  21    1    31.054583   16.313893   31.048923    3.002237    0.00009113   0.5929   0.3544  1+[ 4, 1, 1]
  22    1    31.369571   16.622872   31.357902    3.012546    0.00018600   0.8556   0.4248  1+[ 4, 0, 0]
  23    1    31.439468   16.703102   31.438131    3.014828    0.00002126   0.2899   0.4291  1-[ 5, 3, 0]
  24    1    31.536266   16.798732   31.533762    3.017987    0.00003970   0.3974   0.3960  1+[ 8, 8, 0]
  25    1    33.661044   18.894771   33.629800    3.086502    0.00046408   1.4500   0.2743  1+[ 8, 8, 0]
  26    1    33.817268   19.075712   33.810742    3.091480    0.00009650   0.6644   0.4990  1+[ 6, 4, 0]
  27    1    33.946134  -48.623170  -33.888141    3.095579    0.99914581   1.9834   0.9672  1+[ 0, 0, 0]
  28    1    38.541729   23.806396   38.541425    3.238399    0.00000395   0.1531   0.3506  1+[ 6, 3, 1]
  29    1    40.029693   25.293581   40.028611    3.283310    0.00001352   0.2944   0.3234  1-[ 7, 2, 1]
  30    1    41.643989   26.908029   41.643059    3.331350    0.00001117   0.2784   0.3426  1-[ 9, 9, 0]
  31    1    43.503099   28.765368   43.500397    3.385830    0.00003105   0.4848   0.3572  1-[ 5, 1, 0]
  32    1    43.903733   29.167783   43.902813    3.397456    0.00001048   0.2842   0.3629  1-[ 5, 2, 1]
  33    1    44.818636   30.082029   44.817059    3.423858    0.00001759   0.3760   0.3408  1-[ 5, 4, 1]
  34    1    44.904487   30.167432   44.902462    3.426325    0.00002256   0.4265   0.5475  1-[ 5, 0, 1]
  35    1    44.983126   30.247518   44.982548    3.428583    0.00000642   0.2280   0.4523  1-[ 7, 4, 1]
  36    1    46.345016   31.608802   46.343831    3.467458    0.00001278   0.3314   0.2952  1+[ 8, 2, 0]
  37    1    48.091281   33.356091   48.091120    3.516675    0.00000167   0.1243   0.3835  1-[ 7, 4, 1]
  38    1    50.538088   35.802125   50.537155    3.584501    0.00000923   0.3071   0.3788  1+[ 6, 2, 0]
  39    1    51.643983   36.907347   51.642377    3.614738    0.00001555   0.4073   0.3674  1+[ 6, 6, 0]
  40    1    52.499382   37.764201   52.499230    3.637955    0.00000145   0.1264   0.3789  1+[ 8, 5, 1]
  41    1    53.169508   38.433306   53.168336    3.656040    0.00001103   0.3531   0.4909  1+[ 6, 1, 1]
  42    1    53.303462   38.567826   53.302856    3.659644    0.00000568   0.2541   0.3761  1+[ 6, 3, 1]
  43    1    53.496186   38.759754   53.494783    3.664823    0.00001311   0.3874   0.3757  1+[ 6, 0, 0]
  44    1    54.090602   39.354612   54.089642    3.680752    0.00000887   0.3222   0.3907  1+[ 6, 5, 1]
  45    1    54.572922   39.837155   54.572184    3.693627    0.00000676   0.2837   0.3808  1+[10, 9, 1]
  46    1    59.282945   44.546789   59.281819    3.817070    0.00000950   0.3654   0.3654  1-[ 9, 3, 0]
  47    1    65.237268   50.502062   65.237092    3.967631    0.00000135   0.1516   0.3654  1-[ 9, 5, 0]
  48    1    65.556176   50.820203   65.555233    3.975534    0.00000719   0.3516   0.3217  1-[ 7, 2, 1]
  49    1    66.865696   52.130598   66.865628    4.007823    0.00000051   0.0954   0.4180  1-[ 9, 4, 1]
  50    1    68.768710   54.032527   68.767557    4.054287    0.00000839   0.3983   0.3669  1-[ 7, 1, 0]
  51    1    69.517078   54.781280   69.516310    4.072414    0.00000552   0.3268   0.3180  1+[10, 4, 0]
  52    1    70.515188   55.779271   70.514301    4.096465    0.00000629   0.3537   0.3477  1-[ 7, 4, 1]
  53    1    71.667758   56.931676   71.666705    4.124064    0.00000734   0.3884   0.3702  1-[ 7, 1, 0]
  54    1    71.896959   57.160869   71.895898    4.129530    0.00000737   0.3904   0.4385  1-[ 7, 0, 1]
  55    1    72.468232   57.733143   72.468173    4.143123    0.00000041   0.0929   0.4049  1+[10, 6, 0]
  56    1    73.215160   58.480117   73.215147    4.160829    0.00000009   0.0446   0.4089  1+[10, 5, 1]
  57    1    73.370053   58.633882   73.368912    4.164491    0.00000778   0.4092   0.3683  1-[ 7, 6, 1]
  58    1    73.483710   58.747692   73.482722    4.167177    0.00000672   0.3811   0.3498  1+[ 8, 2, 0]
  59    1    73.553722   58.817655   73.552684    4.168830    0.00000705   0.3907   0.4262  1-[ 7, 0, 1]
  60    2     0.626234  -15.067658   -0.332628    1.738901    0.76557833   0.5306   0.7077  3-[ 3, 2, 1]
  61    2     5.178753  -19.892370   -5.157341    1.979878    0.99793266   0.4704   0.9267  3+[ 2, 0, 2]
  62    2     7.144807   -7.598108    7.136921    2.075313    0.00055185   0.3356   0.7927  3-[ 3, 0, 1]
  63    2     8.516442   -6.232350    8.502680    2.139374    0.00080800   0.4840   0.8051  3-[ 3, 1, 2]
  64    2    11.378710   -3.469656   11.265374    2.267232    0.00498019   1.6020   0.6947  3+[ 4, 3, 1]
  65    2    11.855556  -26.471104  -11.736074    2.287839    0.99496091   1.6789   0.9145  3+[ 2, 1, 1]
  66    2    17.603342    2.866382   17.601412    2.523019    0.00005482   0.2607   0.6774  3+[ 4, 1, 1]
  67    2    19.384799    4.648593   19.383622    2.591582    0.00003034   0.2135   0.6407  3+[ 4, 0, 2]
  68    2    21.128655    6.389434   21.124464    2.656984    0.00009917   0.4208   0.6770  3+[ 4, 2, 2]
  69    2    22.677587  -37.215124  -22.480094    2.713754    0.99564565   2.9864   0.9721  3-[ 1, 0, 1]
  70    2    23.119466    8.308109   23.043139    2.729733    0.00165071   1.8771   0.5900  3-[ 5, 4, 1]
  71    2    24.265524    9.402790   24.137819    2.770747    0.00263141   2.4862   0.5254  3-[ 5, 0, 1]
  72    2    26.084117   11.346335   26.081365    2.834611    0.00005275   0.3789   0.4268  3-[ 5, 2, 1]
  73    2    27.369503   12.632899   27.367929    2.878896    0.00002876   0.2935   0.4587  3-[ 5, 1, 2]
  74    2    29.804849   15.068141   29.803171    2.960984    0.00002815   0.3163   0.3844  3+[ 8, 1, 1]
  75    2    31.086616   16.350492   31.085521    3.003287    0.00001761   0.2609   0.5376  3+[ 4, 0, 2]
  76    2    31.362153   16.625931   31.360961    3.012303    0.00001901   0.2735   0.3930  3+[ 6, 5, 1]
  77    2    31.485534   16.749234   31.484264    3.016332    0.00002016   0.2827   0.5542  3-[ 5, 3, 2]
  78    2    33.496600   18.760002   33.495031    3.081254    0.00002342   0.3242   0.3037  3+[ 4, 2, 2]
  79    2    33.886700   19.150132   33.885161    3.093689    0.00002270   0.3229   0.5507  3+[ 6, 3, 1]
  80    2    38.486607   23.751293   38.486322    3.236723    0.00000370   0.1481   0.3857  3+[ 6, 4, 2]
  81    2    39.978035   25.241914   39.976943    3.281761    0.00001365   0.2954   0.3937  3-[ 7, 2, 1]
  82    2    41.700898   26.964904   41.699934    3.333031    0.00001157   0.2836   0.3720  3-[ 5, 4, 1]
  83    2    43.622828   28.885498   43.620528    3.389309    0.00002636   0.4480   0.6175  3-[ 5, 0, 1]
  84    2    44.129974   29.394028   44.129058    3.404004    0.00001038   0.2844   0.5740  3-[ 5, 1, 2]
  85    2    44.806914   30.070298   44.805328    3.423521    0.00001770   0.3770   0.4313  3-[ 5, 3, 2]
  86    2    45.015327   30.279726   45.014756    3.429507    0.00000635   0.2268   0.5249  3-[ 7, 4, 1]
  87    2    46.335558   31.599322   46.334351    3.467189    0.00001302   0.3344   0.3094  3+[ 8, 3, 1]
  88    2    48.046880   33.311698   48.046728    3.515432    0.00000158   0.1209   0.3744  3-[ 7, 3, 2]
  89    2    50.548816   35.812851   50.547881    3.584795    0.00000925   0.3074   0.4360  3+[ 6, 1, 1]
  90    2    51.583175   36.846557   51.581587    3.613082    0.00001540   0.4048   0.4367  3+[ 6, 1, 1]
  91    2    52.481584   37.746406   52.481435    3.637473    0.00000142   0.1250   0.4163  3+[ 8, 5, 1]
  92    2    53.207914   38.471907   53.206937    3.657073    0.00000918   0.3224   0.6030  3+[ 6, 0, 2]
  93    2    53.306532   38.570942   53.305972    3.659726    0.00000526   0.2444   0.4234  3+[10, 2, 2]
  94    2    54.087243   39.351210   54.086239    3.680662    0.00000928   0.3295   0.4909  3+[ 6, 2, 2]
  95    2    54.541237   39.805458   54.540487    3.692782    0.00000688   0.2860   0.4519  3+[ 6, 4, 2]
  96    2    59.315836   44.579671   59.314701    3.817918    0.00000957   0.3669   0.3491  3-[ 9, 2, 1]
  97    2    65.239367   50.504157   65.239187    3.967683    0.00000138   0.1531   0.3941  3-[ 9, 6, 1]
  98    2    65.531918   50.795936   65.530966    3.974933    0.00000726   0.3532   0.3929  3-[ 7, 2, 1]
  99    2    66.850773   52.115678   66.850707    4.007456    0.00000049   0.0938   0.4315  3-[ 9, 5, 2]
 100    2    68.747451   54.011237   68.746267    4.053770    0.00000861   0.4035   0.3549  3-[ 7, 4, 1]
 101    2    69.575328   54.839530   69.574560    4.073821    0.00000552   0.3268   0.3558  3+[10, 3, 1]
 102    2    70.519964   55.784048   70.519078    4.096580    0.00000629   0.3536   0.3963  3-[ 7, 3, 2]
 103    2    71.650775   56.914944   71.649974    4.123658    0.00000559   0.3389   0.6163  3-[ 7, 0, 1]
 104    2    71.983150   57.247043   71.982072    4.131584    0.00000749   0.3939   0.5401  3-[ 7, 1, 2]
 105    2    72.452665   57.717577   72.452606    4.142753    0.00000041   0.0924   0.3902  3+[10, 7, 1]
 106    2    73.191279   58.456234   73.191264    4.160264    0.00000010   0.0461   0.3945  3+[10, 6, 2]
 107    2    73.355651   58.619305   73.354335    4.164151    0.00000897   0.4394   0.4880  3-[ 7, 5, 2]
 108    2    73.450417   58.714388   73.449418    4.166390    0.00000680   0.3830   0.3436  3+[ 8, 3, 1]
 109    3     0.563788  -14.529383    0.205647    1.735363    0.31762060   0.5249   0.7704  5-[ 3, 1, 2]
 110    3     9.716946   -5.027929    9.707101    2.193908    0.00050660   0.4373   0.9234  5-[ 3, 0, 3]
 111    3    10.826397  -25.507613  -10.772584    2.243128    0.99751470   1.0781   0.9768  5+[ 2, 0, 2]
 112    3    11.802023   -2.989752   11.745277    2.285535    0.00240405   1.1559   0.8520  5+[ 4, 2, 2]
 113    3    18.160369    3.423418   18.158447    2.544656    0.00005290   0.2642   0.7708  5+[ 4, 0, 2]
 114    3    21.530486    6.791761   21.526790    2.671827    0.00008581   0.3989   0.8102  5+[ 4, 1, 3]
 115    3    23.414537    8.675466   23.410496    2.740352    0.00008628   0.4350   0.7614  5-[ 5, 3, 2]
 116    3    25.952301   11.215922   25.950952    2.830030    0.00002599   0.2646   0.6105  5-[ 5, 1, 2]
 117    3    27.160914   12.424895   27.159924    2.871756    0.00001821   0.2318   0.5388  5-[ 5, 0, 3]
 118    3    29.707532   14.971435   29.706465    2.957747    0.00001796   0.2518   0.5176  5+[ 8, 0, 2]
 119    3    31.073026   16.336881   31.071911    3.002842    0.00001795   0.2633   0.3593  5+[ 6, 2, 2]
 120    3    31.561655   16.825486   31.560516    3.018815    0.00001805   0.2682   0.6561  5-[ 5, 2, 3]
 121    3    33.230541   18.493941   33.228970    3.072743    0.00002363   0.3231   0.4181  5+[ 8, 1, 3]
 122    3    34.020379   19.283870   34.018899    3.097939    0.00002174   0.3173   0.5631  5+[ 6, 4, 2]
 123    3    38.375858   23.640571   38.375601    3.233354    0.00000336   0.1406   0.4711  5+[ 6, 3, 3]
 124    3    39.869380   25.133229   39.868259    3.278501    0.00001406   0.2990   0.3858  5-[ 7, 5, 2]
 125    3    41.830907   27.094955   41.829984    3.336868    0.00001103   0.2778   0.5405  5-[ 5, 1, 2]
 126    3    44.609521   29.873655   44.608685    3.417841    0.00000937   0.2732   0.6786  5-[ 5, 0, 3]
 127    3    44.808003   30.071436   44.806465    3.423552    0.00001716   0.3712   0.5107  5-[ 5, 2, 3]
 128    3    45.075248   30.339669   45.074699    3.431227    0.00000609   0.2225   0.5257  5-[ 7, 3, 2]
 129    3    46.320984   31.584710   46.319740    3.466775    0.00001343   0.3395   0.3606  5+[ 8, 2, 2]
 130    3    47.959032   33.223866   47.958896    3.512972    0.00000141   0.1140   0.4660  5-[ 7, 4, 3]
 131    3    50.559819   35.823819   50.558849    3.585097    0.00000959   0.3132   0.4354  5+[ 6, 2, 2]
 132    3    51.529035   36.792865   51.527895    3.611607    0.00001107   0.3428   0.6538  5+[ 6, 0, 2]
 133    3    52.445717   37.710546   52.445575    3.636503    0.00000135   0.1219   0.4367  5+[ 8, 4, 2]
 134    3    53.295682   38.560255   53.295284    3.659435    0.00000373   0.2059   0.3373  5+[ 8, 3, 3]
 135    3    54.119302   39.383289   54.118319    3.681520    0.00000909   0.3263   0.6357  5+[ 6, 1, 3]
 136    3    54.491176   39.755374   54.490404    3.691448    0.00000708   0.2900   0.5446  5+[ 6, 3, 3]
 137    3    59.385251   44.649073   59.384103    3.819707    0.00000967   0.3694   0.4156  5-[ 9, 3, 2]
 138    3    65.241829   50.506602   65.241632    3.967744    0.00000151   0.1606   0.3966  5-[ 9, 5, 2]
 139    3    65.476665   50.740681   65.475711    3.973565    0.00000729   0.3535   0.3752  5-[ 9, 5, 2]
 140    3    66.819413   52.084322   66.819352    4.006686    0.00000046   0.0902   0.4846  5-[ 9, 4, 3]
 141    3    68.689282   53.953166   68.688196    4.052358    0.00000791   0.3863   0.5040  5-[ 7, 1, 2]
 142    3    69.693493   54.957698   69.692728    4.076675    0.00000549   0.3265   0.3787  5+[ 8, 4, 2]
 143    3    70.527734   55.791823   70.526852    4.096766    0.00000625   0.3526   0.4019  5-[ 7, 4, 3]
 144    3    72.263577   57.527756   72.262786    4.138259    0.00000547   0.3382   0.6777  5-[ 7, 0, 3]
 145    3    72.421409   57.686322   72.421351    4.142011    0.00000040   0.0916   0.4425  5+[10, 6, 2]
 146    3    73.143248   58.408202   73.143232    4.159128    0.00000011   0.0488   0.4562  5+[10, 5, 3]
 147    3    73.248314   58.511968   73.246998    4.161613    0.00000898   0.4391   0.4583  5-[ 7, 2, 3]
 148    3    73.381017   58.644973   73.380003    4.164750    0.00000691   0.3858   0.4235  5+[ 8, 2, 2]
 149    4     1.334843  -13.481061    1.253969    1.778557    0.03029359   0.4576   0.9678  7-[ 3, 0, 3]
 150    4    12.430225   -2.314007   12.421022    2.312429    0.00037018   0.4782   0.9430  7+[ 4, 1, 3]
 151    4    22.266826    7.529546   22.264576    2.698816    0.00005053   0.3165   0.8375  7+[ 4, 0, 4]
 152    4    23.854779    9.115913   23.850942    2.756118    0.00008043   0.4278   0.8711  7-[ 5, 2, 3]
 153    4    25.750432   11.014312   25.749342    2.823001    0.00002117   0.2370   0.6792  7-[ 5, 0, 3]
 154    4    30.680966   15.944982   30.680012    2.989964    0.00001555   0.2420   0.5024  7+[ 6, 1, 3]
 155    4    31.654006   16.918070   31.653099    3.021824    0.00001433   0.2396   0.7073  7-[ 5, 1, 4]
 156    4    33.021086   18.284749   33.019778    3.066027    0.00001980   0.2939   0.5120  7+[ 8, 0, 4]
 157    4    34.211856   19.475451   34.210480    3.104016    0.00002011   0.3069   0.6993  7+[ 6, 3, 3]
 158    4    38.209788   23.474538   38.209567    3.228295    0.00000289   0.1299   0.5281  7+[ 6, 2, 4]
 159    4    39.705435   24.969274   39.704304    3.273576    0.00001425   0.2998   0.4533  7-[ 7, 2, 3]
 160    4    42.119937   27.384144   42.119173    3.345382    0.00000906   0.2536   0.6493  7-[ 5, 0, 3]
 161    4    44.847509   30.110969   44.845999    3.424688    0.00001683   0.3680   0.5563  7-[ 5, 1, 4]
 162    4    45.157246   30.421707   45.156737    3.433578    0.00000564   0.2145   0.5929  7-[ 7, 4, 3]
 163    4    46.312500   31.576188   46.311218    3.466535    0.00001384   0.3446   0.3597  7+[ 6, 3, 3]
 164    4    47.829948   33.094806   47.829836    3.509354    0.00000118   0.1038   0.5459  7-[ 7, 3, 4]
 165    4    50.572343   35.836381   50.571411    3.585441    0.00000921   0.3070   0.6346  7+[ 6, 1, 3]
 166    4    52.390893   37.655733   52.390762    3.635018    0.00000125   0.1171   0.4422  7+[ 8, 5, 3]
 167    4    53.289027   38.553732   53.288761    3.659256    0.00000249   0.1683   0.4190  7+[10, 2, 4]
 168    4    54.258288   39.522374   54.257403    3.685233    0.00000815   0.3098   0.6779  7+[ 6, 0, 4]
 169    4    54.466273   39.730481   54.465511    3.690784    0.00000700   0.2882   0.5950  7+[ 6, 2, 4]
 170    4    59.499530   44.763341   59.498371    3.822650    0.00000974   0.3713   0.4393  7-[ 9, 2, 3]
 171    4    65.240651   50.505347   65.240377    3.967715    0.00000210   0.1890   0.4770  7-[ 9, 6, 3]
 172    4    65.390259   50.654357   65.389387    3.971424    0.00000667   0.3378   0.4646  7-[ 9, 4, 3]
 173    4    66.769063   52.033980   66.769010    4.005449    0.00000040   0.0840   0.4864  7-[ 9, 3, 4]
 174    4    68.717332   53.981512   68.716541    4.053039    0.00000576   0.3297   0.6627  7-[ 7, 0, 3]
 175    4    69.875045   55.139259   69.874289    4.081056    0.00000541   0.3250   0.4169  7+[10, 3, 3]
 176    4    70.539090   55.803200   70.538230    4.097039    0.00000609   0.3483   0.5136  7-[ 7, 3, 4]
 177    4    72.374252   57.639165   72.374195    4.140890    0.00000039   0.0907   0.4469  7+[10, 5, 3]
 178    4    73.070580   58.335532   73.070561    4.157408    0.00000013   0.0519   0.4759  7+[10, 4, 4]
 179    4    73.127736   58.391501   73.126531    4.158761    0.00000824   0.4198   0.5791  7-[ 7, 1, 4]
 180    4    73.274669   58.538621   73.273650    4.162236    0.00000695   0.3865   0.3901  7+[ 8, 5, 3]
 181    5    13.456759   -1.284565   13.450465    2.355715    0.00023389   0.4115   0.9815  9+[ 4, 0, 4]
 182    5    24.454749    9.716478   24.451508    2.777460    0.00006627   0.3981   0.9325  9-[ 5, 1, 4]
 183    5    30.248055   15.512258   30.247288    2.975679    0.00001268   0.2154   0.5707  9+[ 6, 0, 4]
 184    5    31.787942   17.052367   31.787397    3.026183    0.00000857   0.1861   0.7118  9-[ 5, 0, 5]
 185    5    34.451830   19.715599   34.450629    3.111616    0.00001744   0.2877   0.7848  9+[ 6, 2, 4]
 186    5    37.991105   23.255903   37.990933    3.221621    0.00000226   0.1143   0.5581  9+[ 6, 1, 5]
 187    5    39.509084   24.773008   39.508038    3.267667    0.00001324   0.2875   0.5944  9-[ 7, 1, 4]
 188    5    45.099459   30.363306   45.098336    3.431921    0.00001246   0.3183   0.6124  9-[ 5, 0, 5]
 189    5    45.255480   30.519983   45.255013    3.436392    0.00000516   0.2056   0.6903  9-[ 7, 3, 4]
 190    5    46.333127   31.596816   46.331846    3.467120    0.00001382   0.3445   0.4404  9+[ 8, 2, 4]
 191    5    47.662099   32.926980   47.662010    3.504643    0.00000094   0.0924   0.6018  9-[ 7, 2, 5]
 192    5    50.629744   35.893954   50.628984    3.587016    0.00000751   0.2774   0.7184  9+[ 6, 0, 4]
 193    5    52.315188   37.580042   52.315071    3.632968    0.00000111   0.1104   0.5327  9+[ 8, 4, 4]
 194    5    53.229514   38.494361   53.229391    3.657655    0.00000116   0.1147   0.4447  9+[ 8, 3, 5]
 195    5    54.435833   39.700020   54.435050    3.689972    0.00000720   0.2921   0.6782  9+[ 6, 1, 5]
 196    5    59.673529   44.937351   59.672381    3.827127    0.00000962   0.3701   0.4277  9-[ 7, 3, 4]
 197    5    65.225561   50.489967   65.224997    3.967341    0.00000433   0.2714   0.4527  9-[ 9, 5, 4]
 198    5    65.306396   50.570885   65.305915    3.969345    0.00000369   0.2508   0.4989  9-[ 9, 3, 4]
 199    5    66.696701   51.961629   66.696659    4.003670    0.00000031   0.0747   0.5514  9-[ 9, 4, 5]
 200    5    70.125427   55.389663   70.124692    4.087090    0.00000524   0.3210   0.4807  9+[ 8, 4, 4]
 201    5    70.570345   55.834530   70.569559    4.097790    0.00000557   0.3331   0.6083  9-[ 7, 2, 5]
 202    5    72.310966   57.575880   72.310909    4.139386    0.00000039   0.0902   0.4930  9+[10, 6, 4]
 203    5    72.972714   58.237665   72.972695    4.155090    0.00000013   0.0527   0.4578  9+[10, 5, 5]
 204    5    73.140769   58.404756   73.139785    4.159069    0.00000673   0.3794   0.5100  9+[ 8, 2, 4]
 205    5    73.162103   58.426114   73.161144    4.159574    0.00000655   0.3745   0.6754  9-[ 7, 0, 5]
 206    6    25.301635   10.564396   25.299426    2.807310    0.00004366   0.3344   0.9557 11-[ 5, 0, 5]
 207    6    34.731919   19.995970   34.730999    3.120463    0.00001324   0.2528   0.8214 11+[ 6, 1, 5]
 208    6    37.741209   23.006075   37.741104    3.213977    0.00000138   0.0888   0.5629 11+[ 6, 0, 6]
 209    6    39.341711   24.605819   39.340849    3.262622    0.00001096   0.2604   0.6477 11-[ 7, 0, 5]
 210    6    45.352370   30.616959   45.351989    3.439166    0.00000421   0.1860   0.7694 11-[ 7, 2, 5]
 211    6    46.428328   31.692122   46.427152    3.469822    0.00001266   0.3304   0.5212 11+[ 8, 1, 5]
 212    6    47.455964   32.720865   47.455895    3.498849    0.00000072   0.0806   0.6357 11-[ 7, 1, 6]
 213    6    52.215484   37.480353   52.215383    3.630266    0.00000096   0.1026   0.6018 11+[ 8, 3, 5]
 214    6    53.086655   38.351581   53.086611    3.653808    0.00000042   0.0686   0.5323 11+[ 8, 2, 6]
 215    6    54.637983   39.902357   54.637387    3.695360    0.00000545   0.2552   0.7419 11+[ 6, 0, 6]
 216    6    59.931809   45.195692   59.930721    3.833764    0.00000908   0.3611   0.5605 11-[ 9, 2, 5]
 217    6    65.216441   50.480730   65.215760    3.967114    0.00000522   0.2981   0.6250 11-[ 7, 0, 5]
 218    6    65.271530   50.536349   65.271378    3.968481    0.00000117   0.1409   0.6030 11-[ 9, 4, 5]
 219    6    66.599056   51.863996   66.599026    4.001269    0.00000022   0.0629   0.6522 11-[ 9, 3, 6]
 220    6    70.452187   55.716466   70.451496    4.094951    0.00000490   0.3120   0.5544 11+[ 8, 3, 5]
 221    6    70.662301   55.926630   70.661659    4.099998    0.00000454   0.3010   0.6754 11-[ 7, 1, 6]
 222    6    72.231644   57.496556   72.231586    4.137499    0.00000040   0.0915   0.5788 11+[10, 5, 5]
 223    6    72.849048   58.114004   72.849034    4.152160    0.00000010   0.0453   0.5499 11+[10, 4, 6]
 224    6    73.008974   58.273069   73.008099    4.155949    0.00000600   0.3576   0.6375 11+[ 8, 1, 5]
 225    7    35.051849   20.316252   35.051282    3.130538    0.00000808   0.1993   0.8142 13+[ 6, 0, 6]
 226    7    45.447846   30.712526   45.447556    3.441898    0.00000319   0.1624   0.8008 13-[ 7, 1, 6]
 227    7    46.685588   31.949617   46.684647    3.477111    0.00001008   0.2964   0.5782 13+[ 6, 0, 6]
 228    7    47.240728   32.505654   47.240684    3.492789    0.00000047   0.0647   0.6494 13-[ 7, 0, 7]
 229    7    52.088470   37.353356   52.088386    3.626821    0.00000081   0.0936   0.6495 13+[ 8, 2, 6]
 230    7    52.855466   38.120416   52.855446    3.647576    0.00000020   0.0469   0.5783 13+[ 8, 1, 7]
 231    7    60.314618   45.578644   60.313673    3.843579    0.00000783   0.3375   0.6486 13-[ 9, 1, 6]
 232    7    65.250609   50.515540   65.250570    3.967962    0.00000030   0.0718   0.7409 13-[ 9, 3, 6]
 233    7    66.472580   51.737531   66.472561    3.998157    0.00000015   0.0507   0.7294 13-[ 9, 2, 7]
 234    7    70.864495   56.128859   70.863888    4.104849    0.00000428   0.2933   0.6066 13+[ 8, 2, 6]
 235    7    70.870682   56.135198   70.870228    4.104997    0.00000321   0.2538   0.7060 13-[ 7, 0, 7]
 236    7    72.138495   57.403399   72.138428    4.135283    0.00000046   0.0979   0.6451 13+[10, 4, 6]
 237    7    72.698005   57.962965   72.697994    4.148578    0.00000007   0.0388   0.6272 13+[10, 3, 7]
 238    7    72.936172   58.200454   72.935483    4.154224    0.00000472   0.3170   0.6962 13+[ 8, 0, 6]
 239    8    45.532641   30.797426   45.532456    3.444322    0.00000203   0.1297   0.8032 15-[ 7, 0, 7]
 240    8    51.932804   37.197709   51.932739    3.622594    0.00000063   0.0826   0.6787 15+[ 8, 1, 7]
 241    8    52.551899   37.816855   52.551884    3.639375    0.00000014   0.0389   0.6222 15+[10, 0, 8]
 242    8    60.885725   46.149980   60.885010    3.858176    0.00000588   0.2952   0.6702 15-[ 9, 0, 7]
 243    8    65.226280   50.491221   65.226251    3.967358    0.00000022   0.0618   0.7949 15-[ 9, 2, 7]
 244    8    66.314155   51.579113   66.314143    3.994255    0.00000009   0.0401   0.7780 15-[ 9, 1, 8]
 245    8    71.362398   56.626927   71.361957    4.116770    0.00000309   0.2509   0.6129 15+[10, 1, 7]
 246    8    72.048959   57.313822   72.048852    4.133151    0.00000074   0.1242   0.6665 15+[10, 3, 7]
 247    8    72.519167   57.784125   72.519154    4.144333    0.00000009   0.0428   0.6817 15+[10, 2, 8]
 248    9    51.754909   37.019835   51.754865    3.617757    0.00000043   0.0679   0.6970 17+[ 8, 0, 8]
 249    9    65.188603   50.453554   65.188583    3.966424    0.00000015   0.0510   0.8279 17-[ 9, 1, 8]
 250    9    66.122418   51.387381   66.122411    3.989528    0.00000006   0.0313   0.7986 17-[ 9, 0, 9]
 251    9    71.726593   56.991506   71.726536    4.125468    0.00000040   0.0906   0.6640 17+[10, 2, 8]
 252    9    72.174843   57.439570   72.174600    4.136148    0.00000168   0.1874   0.5596 17+[ 8, 0, 8]
 253    9    72.342353   57.607218   72.342248    4.140132    0.00000073   0.1235   0.5885 17+[10, 1, 9]
 254   10    65.139842   50.404801   65.139831    3.965213    0.00000009   0.0393   0.8444 19-[ 9, 0, 9]
 255   10    71.645602   56.910570   71.645600    4.123535    0.00000002   0.0201   0.7804 19+[10, 1, 9]
 256   10    72.053573   57.318541   72.053571    4.133261    0.00000001   0.0157   0.7739 19+[10, 0,10]
 257   11    71.479876   56.744845   71.479875    4.119577    0.00000001   0.0158   0.8127 21+[10, 0,10]
#all active are  257 q.p. states out of  455
#since the cut off is pwi=  60.0
#check: number of protons =  24.0


 #canonical s.p. energies protons 
 ---------------------------------


  labels -> {2*omega}{parity}[nn=nz+2*nr+nl,nz,nl]
  cqpe   -> canonical q.p. energies
  ce     -> canonical s.p. energies
  fermi energy=  -14.735029650010315     
  average cdelt=  0.46747872869572527     
  k0      ceqp        ce         v*v       u*v        cdel     overl      labels
  33   38.399905   38.399892   0.00000001   0.00009512   0.0366   0.3643  1+[10, 2, 0]
  34   44.162513   44.162491   0.00000002   0.00013658   0.0516   0.4001  1+[10, 8, 0]
  35   29.510398   29.510380   0.00000002   0.00014978   0.0407   0.6169  1-[ 9, 0, 1]
  36   33.142530   33.142447   0.00000002   0.00015350   0.0887   0.8547  1+[ 8, 0, 0]
  37   32.372384   32.372350   0.00000003   0.00017424   0.0559   0.6202  1-[ 9, 1, 0]
  38   41.128762   41.128609   0.00000003   0.00017796   0.1308   0.7490  1+[ 8, 1, 1]
  39   34.835443   34.835406   0.00000004   0.00019577   0.0610   0.7027  1-[ 9, 2, 1]
  41   43.829968   43.829830   0.00000005   0.00021565   0.1272   0.4725  1+[ 8, 4, 0]
  42   38.592987   38.592936   0.00000005   0.00023229   0.0736   0.6776  1-[ 9, 3, 0]
  43   39.567614   39.567475   0.00000006   0.00023971   0.1230   0.5017  1+[ 8, 6, 0]
  44   40.439022   40.438957   0.00000007   0.00025778   0.0850   0.4703  1-[ 9, 4, 1]
  45   55.803439   55.803074   0.00000008   0.00027809   0.2268   0.6614  1+[ 8, 7, 1]
  46   39.870858   39.870781   0.00000008   0.00028448   0.0915   0.4857  1-[ 9, 6, 1]
  48   53.478610   53.478388   0.00000008   0.00029136   0.1740   0.5508  1+[ 8, 8, 0]
  49   40.831139   40.831050   0.00000009   0.00030637   0.0997   0.5678  1-[ 9, 8, 1]
  50   37.591238   37.591165   0.00000011   0.00033624   0.0874   0.7670  1-[ 9, 9, 0]
  54   50.589615   50.589350   0.00000142   0.00119302   0.1861   0.8584  1-[ 7, 0, 1]
  56   51.546293   51.545863   0.00000230   0.00151771   0.2388   0.7833  1-[ 7, 1, 0]
  57   40.039397   40.038818   0.00000278   0.00166657   0.2519   0.9093  1+[ 6, 0, 0]
  58   52.517066   52.516577   0.00000282   0.00167891   0.2565   0.6201  1-[ 7, 2, 1]
  59   50.611848   50.611300   0.00000348   0.00186668   0.2677   0.5366  1-[ 7, 5, 0]
  60   53.537839   53.537237   0.00000375   0.00193732   0.2866   0.6109  1-[ 7, 7, 0]
  61   41.442168   41.441323   0.00000413   0.00203288   0.3082   0.8101  1+[ 6, 1, 1]
  62   49.291708   49.290987   0.00000473   0.00217400   0.3038   0.5669  1-[ 7, 7, 0]
  63   40.418310   40.417384   0.00000532   0.00230621   0.3195   0.5777  1+[ 6, 2, 0]
  64   41.463910   41.462856   0.00000610   0.00246990   0.3441   0.6363  1+[ 6, 6, 0]
  65   58.307600   58.306053   0.00000697   0.00263999   0.4753   0.4199  1+[ 8, 5, 1]
  66   57.766081   57.764581   0.00000749   0.00273597   0.4663   0.4826  1-[ 7, 4, 1]
  67   38.361397   38.360131   0.00000844   0.00290579   0.3667   0.5305  1+[ 6, 6, 0]
  68   33.799310   33.798310   0.00000972   0.00311751   0.3116   0.8676  1-[ 5, 0, 1]
  69   41.568297   41.566051   0.00001361   0.00368862   0.5029   0.5016  1+[ 6, 4, 0]
  70   29.666743   29.665368   0.00001428   0.00377886   0.3495   0.6416  1-[ 5, 1, 0]
  71   42.597945   42.595754   0.00001547   0.00393295   0.5012   0.4690  1-[ 7, 5, 0]
  72   29.347388   29.345717   0.00001790   0.00423046   0.3838   0.5240  1-[ 5, 5, 0]
  73   24.604274   24.602390   0.00002278   0.00477235   0.3850   0.5032  1-[ 5, 5, 0]
  74   15.113770   15.112095   0.00002622   0.00512037   0.3162   0.8622  1+[ 4, 0, 0]
  75   27.861615   27.858221   0.00003926   0.00626573   0.5377   0.5003  1+[ 6, 4, 0]
  76   28.014051   28.010430   0.00004187   0.00647034   0.5563   0.5322  1-[ 5, 4, 1]
  77   11.595337   11.592416   0.00005314   0.00728967   0.3921   0.7047  1+[ 4, 1, 1]
  78    7.917700    7.914464   0.00006893   0.00830219   0.3829   0.6100  1+[ 4, 4, 0]
  79   12.170100   12.164472   0.00010401   0.01019806   0.5503   0.5668  1-[ 5, 3, 0]
  80    9.901519    9.895325   0.00012359   0.01111647   0.5524   0.6471  1+[ 4, 3, 1]
  81   -4.167300   -4.173482   0.00029152   0.01707136   0.3614   0.9118  1-[ 3, 0, 1]
  82   -2.543579   -2.555764   0.00049781   0.02230602   0.5449   0.5760  1+[ 4, 2, 0]
  83   -7.560102   -7.573137   0.00090749   0.03011088   0.4323   0.8090  1-[ 3, 1, 0]
  84   -7.408053   -7.424963   0.00115343   0.03394263   0.4975   0.6913  1-[ 3, 3, 0]
  85  -13.919366  -15.361976   0.88431651   0.31984499   0.5218   0.5820  1-[ 3, 2, 1]
  86   -8.793287  -20.658568   0.99846660   0.03912859   0.4648   0.6878  1+[ 2, 1, 1]
  87   -8.055227  -21.398884   0.99880445   0.03455609   0.4613   0.6204  1+[ 2, 2, 0]
  88   -2.503545  -26.955716   0.99955742   0.02103302   0.5139   0.7175  1+[ 2, 2, 0]
  89    5.652589  -35.118094   0.99988815   0.01057534   0.4309   0.8722  1-[ 1, 0, 1]
  90    8.970262  -38.435842   0.99990525   0.00973353   0.4608   0.8596  1-[ 1, 1, 0]
  91   18.780337  -48.248910   0.99997723   0.00477179   0.3157   0.9896  1+[ 0, 0, 0]
 121   38.942162   38.942149   0.00000001   0.00009531   0.0385   0.3436  3+[10, 3, 1]
 122   43.995546   43.995523   0.00000002   0.00013581   0.0512   0.4480  3+[10, 9, 1]
 123   35.765705   35.765609   0.00000002   0.00014680   0.0983   0.8805  3+[ 8, 0, 2]
 124   30.476602   30.476583   0.00000002   0.00015050   0.0418   0.5913  3-[ 9, 1, 2]
 125   31.210830   31.210799   0.00000003   0.00017145   0.0535   0.6402  3-[ 9, 0, 1]
 126   44.215142   44.214964   0.00000003   0.00018487   0.1451   0.7195  3+[ 8, 1, 1]
 128   35.101118   35.101079   0.00000004   0.00019982   0.0621   0.7005  3-[ 9, 2, 1]
 129   47.959016   47.958854   0.00000005   0.00021327   0.1424   0.4960  3+[ 8, 4, 2]
 130   38.137305   38.137255   0.00000005   0.00022670   0.0723   0.7108  3-[ 9, 3, 2]
 131   40.285809   40.285743   0.00000007   0.00025937   0.0857   0.5178  3-[ 9, 7, 2]
 132   54.679743   54.679397   0.00000007   0.00027020   0.2192   0.6612  3+[ 8, 6, 2]
 133   51.239806   51.239562   0.00000008   0.00028172   0.1793   0.6756  3+[ 8, 7, 1]
 134   43.555558   43.555458   0.00000008   0.00028548   0.1078   0.5612  3-[ 9, 4, 1]
 136   39.903428   39.903336   0.00000010   0.00032362   0.1003   0.7366  3-[ 9, 8, 1]
 140   49.776892   49.776616   0.00000152   0.00123311   0.1886   0.8651  3-[ 7, 0, 1]
 142   53.155641   53.155172   0.00000228   0.00151011   0.2524   0.7757  3-[ 7, 1, 2]
 143   41.101140   41.100527   0.00000274   0.00165534   0.2615   0.9103  3+[ 6, 0, 2]
 144   51.189847   51.189287   0.00000317   0.00178003   0.2718   0.6839  3-[ 7, 2, 1]
 145   53.551479   53.550848   0.00000364   0.00190716   0.2935   0.5183  3-[ 7, 3, 2]
 146   40.477930   40.477069   0.00000442   0.00210324   0.3083   0.8051  3+[ 6, 1, 1]
 147   49.453793   49.453062   0.00000472   0.00217329   0.3062   0.6649  3-[ 7, 6, 1]
 148   42.253041   42.251967   0.00000565   0.00237644   0.3498   0.6322  3+[ 6, 2, 2]
 149   58.679147   58.677589   0.00000696   0.00263805   0.4782   0.4792  3+[ 8, 5, 1]
 150   57.963673   57.962166   0.00000747   0.00273263   0.4682   0.5623  3-[ 7, 5, 2]
 151   38.471489   38.470199   0.00000844   0.00290546   0.3705   0.6355  3+[ 6, 5, 1]
 152   31.971603   31.970587   0.00001026   0.00320352   0.3081   0.8709  3-[ 5, 0, 1]
 153   41.794909   41.792645   0.00001355   0.00368065   0.5059   0.6391  3+[ 6, 4, 2]
 154   42.893771   42.891563   0.00001546   0.00393149   0.5044   0.5042  3-[ 7, 4, 1]
 155   31.212027   31.210353   0.00001740   0.00417129   0.3922   0.7475  3-[ 5, 1, 2]
 156   25.031123   25.029194   0.00002309   0.00480466   0.3917   0.5753  3-[ 5, 4, 1]
 157   14.682119   14.679978   0.00003480   0.00589896   0.3550   0.9086  3+[ 4, 0, 2]
 158   27.686517   27.683113   0.00003953   0.00628693   0.5375   0.5027  3+[ 6, 3, 1]
 159   28.434400   28.430720   0.00004214   0.00649156   0.5636   0.6889  3-[ 5, 3, 2]
 160    9.129004    9.125791   0.00006501   0.00806253   0.3916   0.8036  3+[ 4, 1, 1]
 161   12.428286   12.422598   0.00010413   0.01020365   0.5559   0.5683  3-[ 5, 4, 1]
 162   10.492101   10.485784   0.00012309   0.01109410   0.5645   0.7964  3+[ 4, 2, 2]
 163   -6.229162   -6.236416   0.00042542   0.02062139   0.3512   0.9206  3-[ 3, 0, 1]
 164   -2.271914   -2.284166   0.00048968   0.02212319   0.5525   0.6937  3+[ 4, 3, 1]
 165   -5.924872   -5.941584   0.00094749   0.03076666   0.5424   0.8506  3-[ 3, 1, 2]
 166  -14.107451  -15.068394   0.76559566   0.42362595   0.5317   0.8095  3-[ 3, 2, 1]
 167   -9.541563  -19.907305   0.99795857   0.04513604   0.4687   0.9118  3+[ 2, 0, 2]
 168   -2.894790  -26.563474   0.99950044   0.02234529   0.5284   0.9009  3+[ 2, 1, 1]
 169    7.947251  -37.413051   0.99990590   0.00970006   0.4396   0.9744  3-[ 1, 0, 1]
 196   39.840569   39.840553   0.00000001   0.00009535   0.0416   0.4201  5+[10, 2, 2]
 197   43.663319   43.663299   0.00000002   0.00013386   0.0492   0.5444  5+[10, 8, 2]
 198   27.191240   27.191229   0.00000002   0.00013749   0.0307   0.7394  5-[ 9, 0, 3]
 199   36.903862   36.903758   0.00000002   0.00015335   0.1037   0.8787  5+[ 8, 0, 2]
 200   34.098369   34.098333   0.00000003   0.00017390   0.0587   0.6610  5-[ 9, 1, 2]
 201   50.916693   50.916445   0.00000003   0.00017938   0.1804   0.7656  5+[ 8, 1, 3]
 202   34.472967   34.472931   0.00000003   0.00018660   0.0591   0.7062  5-[ 9, 2, 3]
 204   42.236567   42.236504   0.00000006   0.00023773   0.0850   0.5121  5-[ 9, 4, 3]
 205   50.894614   50.894321   0.00000006   0.00025218   0.1962   0.5294  5+[ 8, 2, 2]
 206   39.871382   39.871310   0.00000007   0.00025829   0.0886   0.6130  5-[ 9, 3, 2]
 207   53.237391   53.237059   0.00000007   0.00026733   0.2125   0.5745  5+[ 8, 6, 2]
 209   44.306737   44.306620   0.00000009   0.00030131   0.1177   0.6959  5-[ 9, 7, 2]
 213   52.741078   52.740743   0.00000150   0.00122380   0.2125   0.8304  5-[ 7, 0, 3]
 215   51.564035   51.563496   0.00000275   0.00165688   0.2672   0.7813  5-[ 7, 1, 2]
 216   40.028953   40.028333   0.00000296   0.00172187   0.2606   0.8943  5+[ 6, 0, 2]
 217   54.225660   54.225037   0.00000315   0.00177495   0.2931   0.6474  5-[ 7, 2, 3]
 218   50.085202   50.084460   0.00000445   0.00210944   0.3100   0.5933  5-[ 7, 3, 2]
 219   43.508829   43.507834   0.00000452   0.00212521   0.3405   0.8103  5+[ 6, 1, 3]
 220   58.914605   58.913045   0.00000690   0.00262619   0.4795   0.4756  5+[ 8, 4, 2]
 221   58.315000   58.313491   0.00000733   0.00270666   0.4694   0.6830  5-[ 7, 4, 3]
 222   38.995396   38.994123   0.00000791   0.00281192   0.3698   0.6444  5+[ 6, 2, 2]
 223   33.787538   33.786265   0.00001270   0.00356306   0.3514   0.8837  5-[ 5, 0, 3]
 224   42.253155   42.250896   0.00001315   0.00362565   0.5074   0.7500  5+[ 6, 3, 3]
 225   43.313312   43.311093   0.00001532   0.00391411   0.5075   0.5497  5-[ 7, 5, 2]
 226   26.269347   26.267485   0.00002180   0.00466920   0.3908   0.8088  5-[ 5, 1, 2]
 227   26.773693   26.770418   0.00003864   0.00621615   0.5213   0.5983  5+[ 6, 4, 2]
 228   29.233356   29.229712   0.00004099   0.00640228   0.5661   0.8087  5-[ 5, 2, 3]
 229   12.967678   12.965147   0.00004433   0.00665814   0.3745   0.8583  5+[ 4, 0, 2]
 230   12.952685   12.946952   0.00010297   0.01014693   0.5634   0.7463  5-[ 5, 3, 2]
 231   11.651276   11.645318   0.00011089   0.01052996   0.5607   0.8959  5+[ 4, 1, 3]
 232   -1.727623   -1.739653   0.00046074   0.02145982   0.5593   0.8656  5+[ 4, 2, 2]
 233   -4.061023   -4.072175   0.00052138   0.02282782   0.4878   0.9415  5-[ 3, 0, 3]
 234  -14.168794  -14.528521   0.31764708   0.46556139   0.5272   0.9346  5-[ 3, 1, 2]
 235   -3.906025  -25.553628   0.99951813   0.02194616   0.4746   0.9780  5+[ 2, 0, 2]
 257   47.643127   47.643074   0.00000000   0.00000000   0.0814   0.7389  7+[10, 0, 4]
 259   40.435322   40.435305   0.00000001   0.00009469   0.0429   0.4070  7+[12, 1, 3]
 260   43.133455   43.133437   0.00000002   0.00013003   0.0452   0.5551  7+[10, 7, 3]
 261   30.605289   30.605276   0.00000002   0.00014281   0.0345   0.7396  7-[ 9, 1, 4]
 262   54.405517   54.405299   0.00000002   0.00014546   0.1738   0.8668  7+[ 8, 0, 4]
 263   31.394071   31.394042   0.00000003   0.00016230   0.0522   0.7192  7-[ 9, 0, 3]
 265   36.094202   36.094162   0.00000004   0.00020558   0.0638   0.6902  7-[ 9, 2, 3]
 266   41.743308   41.743250   0.00000005   0.00022136   0.0808   0.6266  7-[ 9, 3, 4]
 267   49.038904   49.038646   0.00000005   0.00022411   0.1816   0.7321  7+[ 8, 1, 3]
 270   47.224703   47.224577   0.00000008   0.00027803   0.1250   0.6123  7-[ 9, 6, 3]
 275   50.119678   50.119294   0.00000193   0.00138858   0.2231   0.8648  7-[ 7, 0, 3]
 276   56.609527   56.608928   0.00000247   0.00157179   0.2925   0.7690  7-[ 7, 1, 4]
 277   44.489897   44.489163   0.00000289   0.00169857   0.2949   0.8943  7+[ 6, 0, 4]
 278   50.998836   50.998098   0.00000392   0.00198058   0.3114   0.7040  7-[ 7, 2, 3]
 279   45.912733   45.911455   0.00000664   0.00257686   0.3937   0.6817  7+[ 6, 1, 3]
 280   53.121414   53.119958   0.00000683   0.00261352   0.4445   0.4405  7+[ 6, 1, 3]
 281   58.897822   58.896334   0.00000696   0.00263782   0.4681   0.7692  7-[ 7, 3, 4]
 282   42.849874   42.847707   0.00001206   0.00347273   0.4996   0.8336  7+[ 6, 2, 4]
 283   43.441795   43.439613   0.00001489   0.00385932   0.5039   0.6727  7-[ 7, 4, 3]
 284   28.371167   28.369710   0.00001627   0.00403374   0.3543   0.8803  7-[ 5, 0, 3]
 285   30.578873   30.575475   0.00003707   0.00608803   0.5549   0.8856  7-[ 5, 1, 4]
 286   29.490468   29.487040   0.00003804   0.00616725   0.5506   0.7422  7+[ 6, 3, 3]
 287   13.575421   13.571088   0.00007486   0.00865167   0.4953   0.9498  7+[ 4, 0, 4]
 288   13.729886   13.724308   0.00009744   0.00987082   0.5635   0.8675  7-[ 5, 2, 3]
 289   -0.870903   -0.881771   0.00039054   0.01975822   0.5489   0.9587  7+[ 4, 1, 3]
 290  -13.379693  -13.461866   0.03031365   0.17144892   0.4648   0.9846  7-[ 3, 0, 3]
 306   47.480896   47.480837   0.00000000   0.00000000   0.0857   0.8360  9+[10, 0, 4]
 310   53.728888   53.728840   0.00000000   0.00000000   0.0813   0.5561  9+[10, 3, 5]
 311   40.394679   40.394664   0.00000001   0.00009219   0.0406   0.5132  9+[10, 2, 4]
 312   27.175677   27.175673   0.00000001   0.00011675   0.0179   0.7612  9-[ 9, 0, 5]
 313   42.429851   42.429837   0.00000002   0.00012348   0.0390   0.5027  9+[10, 6, 4]
 314   33.224905   33.224875   0.00000003   0.00015942   0.0530   0.7936  9-[ 9, 1, 4]
 315   51.439587   51.439363   0.00000003   0.00018138   0.1723   0.8606  9+[ 8, 0, 4]
 316   42.179234   42.179191   0.00000004   0.00019076   0.0696   0.7572  9-[ 9, 2, 5]
 319   47.438400   47.438285   0.00000006   0.00025237   0.1193   0.6766  9-[ 9, 3, 4]
 325   57.541138   57.540686   0.00000161   0.00126959   0.2554   0.8087  9-[ 7, 0, 5]
 326   52.180995   52.180289   0.00000326   0.00180429   0.3073   0.7777  9-[ 7, 1, 4]
 327   39.941677   39.940808   0.00000451   0.00212379   0.3082   0.8790  9+[ 6, 0, 4]
 328   59.628982   59.627569   0.00000626   0.00250103   0.4584   0.8263  9-[ 7, 2, 5]
 330   44.002178   44.000198   0.00001025   0.00320098   0.4824   0.8875  9+[ 6, 1, 5]
 331   44.604252   44.602092   0.00001415   0.00376096   0.5063   0.7661  9-[ 7, 3, 4]
 332   32.471759   32.469248   0.00002618   0.00511704   0.4869   0.9163  9-[ 5, 0, 5]
 333   30.444337   30.441055   0.00003550   0.00595838   0.5446   0.8258  9+[ 6, 2, 4]
 334   14.830973   14.825944   0.00008452   0.00919321   0.5453   0.9346  9-[ 5, 1, 4]
 335    0.522163    0.514472   0.00025100   0.01584100   0.4844   0.9827  9+[ 4, 0, 4]
 341   54.599608   54.599559   0.00000000   0.00000000   0.0826   0.6148 11+[10, 0, 6]
 353   38.849566   38.849557   0.00000001   0.00008643   0.0319   0.5564 11+[10, 1, 5]
 354   41.908245   41.908236   0.00000001   0.00011391   0.0319   0.5964 11+[10, 3, 5]
 355   28.696217   28.696207   0.00000002   0.00012748   0.0300   0.8039 11-[ 9, 0, 5]
 356   39.804381   39.804359   0.00000002   0.00015787   0.0497   0.8000 11-[ 9, 1, 6]
 359   46.383440   46.383348   0.00000005   0.00022062   0.1059   0.7561 11-[ 9, 2, 5]
 365   53.134529   53.133988   0.00000221   0.00148670   0.2712   0.8087 11-[ 7, 0, 5]
 368   45.985844   45.984365   0.00000696   0.00263797   0.4237   0.8949 11+[ 6, 0, 6]
 369   45.550274   45.548224   0.00001287   0.00358804   0.4972   0.8202 11-[ 7, 2, 5]
 370   31.876337   31.873354   0.00003106   0.00557335   0.5273   0.8742 11+[ 6, 1, 5]
 371   16.412874   16.409180   0.00005883   0.00766968   0.4797   0.9423 11-[ 5, 0, 5]
 386   42.144475   42.144463   0.00000001   0.00007722   0.0370   0.7178 13+[12, 0, 6]
 387   42.065283   42.065277   0.00000001   0.00010175   0.0259   0.6535 13+[10, 2, 6]
 388   37.027478   37.027471   0.00000002   0.00012448   0.0275   0.8107 13-[ 9, 0, 7]
 390   44.175333   44.175270   0.00000003   0.00018325   0.0863   0.8011 13-[ 9, 1, 6]
 398   47.107975   47.106106   0.00001104   0.00332275   0.4808   0.8470 13-[ 7, 1, 6]
 399   33.596915   33.594675   0.00002230   0.00472171   0.4653   0.8768 13+[ 6, 0, 6]
 412   42.057440   42.057437   0.00000001   0.00008823   0.0197   0.6751 15+[10, 1, 7]
 413   41.210019   41.209988   0.00000002   0.00014219   0.0586   0.8324 15-[ 9, 0, 7]
 420   48.574323   48.572901   0.00000789   0.00280914   0.4244   0.8467 15-[ 7, 0, 7]
 430   43.310505   43.310502   0.00000001   0.00007497   0.0187   0.6656 17+[10, 0, 8]
  Sum canonical e_v*V^2_k=  -660.45286363256241     

  NB! From expect (UNPROJECTED RESULTS)

  pairing: CpV0,CpV1,...        -190.000000    -190.000000       0.500000       0.500000
  forces:   SIII                          


                             neutrons         protons         total
  Requested part.numbs.      26.000000      24.000000      50.000000
  UnPj(av) part.numbs .      26.000000      24.000000      50.000000
  b0, bz, bp ..........       1.762186       1.762186       1.762186

  lambda (ala) ........     -12.275242     -14.735030
  Lambda (alast) ......     -12.275242     -14.735030
  delta(n,p), pwi .....       0.310736       0.467479      60.000000
  pairing energy ......      -0.516937      -1.116536      -1.633473

  rms-radius ..........       3.584240       3.545154       3.565532
  charge-radius, r0 ...                      3.639278       4.420982
  deformation beta2....       0.123320       0.126231       0.124701
  dipole moment[fm] ...       0.000000       0.000000       0.000000
  quadrupole moment[b]        0.519652       0.480348       1.000000
  octupole moment .....      -0.000000      -0.000000      -0.000000
  hexadecapole moment .       0.000624       0.003211       0.003835
  q5 ..................       0.000000       0.000000       0.000000
  q6 ..................       0.000005      -0.000092      -0.000087
  q7 ..................       0.000000       0.000000       0.000000
  q8 ..................      -0.000000      -0.000003      -0.000004

  <Jx^2> from rho .....       4.095526       7.158235      11.253761
  <Jx^2> from kappa ...      -1.590222      -4.941812      -6.532034
  <J^2> = 2*<Jx^2> ....       5.010608       4.432846       9.443454

  kinetic energy ......     466.508552     416.301808     882.810360
  volume energy .......                                 -1499.471041
        rho_tau .......                                   201.412518
        rho_rho .......                                 -1700.883558
  surface energy ......                                   125.886833
   rho_DELTA_rho ......                                   125.886833
   (NABLA_rho)^2 ......                                     0.000000
  spin-orbit energy ...                                   -39.334838
        rho_NABLA_J ...                                   -39.334838
        NABLA_rho_J ...                                     0.000000
  coulomb energy ......                                     0.000000
          direct ......                                     0.000000
          exchange ....                                     0.000000
          pairing .....                                     0.000000
  tensor energy .......                                     0.000000
  direct Hartree E  ...                                     0.000000
  Extra E .............                                     0.000000
  External field E ....                                     0.000000
  Entropy .............       0.000000       0.000000       0.000000

  tEnergy: ehfb (qp)...                                  -531.742158

  Calculated but not added corrections
  ====================================
  cmc-diagonal part ...       9.520583       8.495955      18.016538
  cmc-hfb .............       0.000000       0.000000       0.000000
  cranking rot corr ...       0.000000       0.000000       0.000000

  SQUJ ................       0.000000       0.000000       0.000000
  CRAN x 4 ............       0.000000       0.000000       0.000000
  Rigit Body ..........       0.000000       0.000000       0.000000


   Blocking candidates are:
   neutron eqpmin=  0.53373628757683045       pwiblo=   1.0000000000000000     
    num=   1 block=   3 state=   1   109 Eqp=   0.53373629  (1-2N)E=  -0.39910874  overl=   0.86972276  5-[ 3, 1, 2]
    num=   2 block=   4 state=   1   149 Eqp=   0.53711298  (1-2N)E=   0.37406894  overl=   0.90456451  7-[ 3, 0, 3]
    num=   3 block=   2 state=   1    60 Eqp=   1.15191806  (1-2N)E=  -1.10867020  overl=   0.80420924  3-[ 3, 2, 1]

   Blocking candidates are:
   proton  eqpmin=  0.56378769918379879       pwiblo=   1.0000000000000000     
    num=   1 block=   3 state=   1   109 Eqp=   0.56378770  (1-2N)E=   0.20564653  overl=   0.77038061  5-[ 3, 1, 2]
    num=   2 block=   2 state=   1    60 Eqp=   0.62623369  (1-2N)E=  -0.33262819  overl=   0.70774056  3-[ 3, 2, 1]
    num=   3 block=   1 state=   1     1 Eqp=   0.81434638  (1-2N)E=  -0.62589994  overl=   0.54670731  1-[ 3, 2, 1]
    num=   4 block=   4 state=   1   149 Eqp=   1.33484343  (1-2N)E=   1.25396904  overl=   0.96782531  7-[ 3, 0, 3]


   pj/unpj  s=    0.26000000D+02   0.26000000D+02   pj/unpj sd=    0.14331535D-14  -0.22230933D-13 ala1= -0.14685100D+02 inner=  20
   pj/unpj  s=    0.24000000D+02   0.24000000D+02   pj/unpj sd=   -0.46141086D-13  -0.55467381D-14 ala1= -0.37522000D+01 inner=  20
Norm overlap:     0.39918946927824    0.00000000000000

  NB! From expectpj (PNP PAV RESULTS)

  pairing: CpV0,CpV1,pwi...     -190.000000    -190.000000       0.500000       0.500000      60.000000
  forces:   SIII                          ,  Gauge points:   15   15


                             neutrons         protons         total
  Requested part.numbs.      26.000000      24.000000      50.000000
  Projected part.numbs.      26.000000      24.000000      50.000000
  Dispersion dN2 ......       1.094274       2.172206
  b0, bz, bp ..........       1.762186       1.762186       1.762186

  lambda (ala) ........     -12.275242     -14.735030
  Lambda (alast) ......     -12.275242     -14.735030
  delta(n,p) ..........       0.028628       0.058807
  pairing energy ......      -0.333798      -0.981203      -1.315001

  rms-radius ..........       3.584739       3.545712       3.566059
  charge-radius, r0 ...                      3.639821       4.420982
  deformation beta2 ...       0.130259       0.135468       0.132731
  quadrupole moment[b]        0.549042       0.515661       1.064702
  hexadecapole moment .      -0.000950       0.005195       0.004245

  kinetic energy ......     466.236124     415.937244     882.173368
  cmc-diagonal part ...       9.515023       8.488515      18.003538
  cmc-PAV .............       0.000000       0.000000       0.000000

  volume energy .......                                 -1500.365286
        rho_tau .......                                   201.410935
        rho_rho .......                                 -1701.776220
  volume energy .......                                 -1500.365286
  surface energy ......                                   126.141959
  spin-orbit energy ...                                   -39.203075
  coulomb direct ......                                     0.000000
  coulomb exchange ....                                     0.000000
  tensor energy .......                                     0.000000

  Energy: ehfb(qp) ....                                  -531.742158
  Energy: ehfb(can,pj).                                  -531.813785
  ehfb(qp)-ehfb(can,pj)                                     0.071627
  Epj-ehfb(can,pj) ....                                    -0.754249
  Energy: Epj=E(PAV) ..                                  -532.568034


 HFBTHO_SOLVER ended without errors

