Distributed parallelism with MPI     : 1 tasks/HFBTHO
Multi-threading framework with OpenMP: 4 threads/task

  ==========================================
           FORTRAN 95 CODE (KIND= 8) 
 git: parent: 3cae9cc3ec7a0c93cd724b300dc0d972f613f33e
  ==========================================
       AXIALLY DEFORMED CONFIGURATIONAL     
     HARTREE-FOCK-BOGOLIUBOV CALCULATIONS   
                     WITH                   
      SKYRME+DELTA PAIRING OR GOGNY EDFs    
                  USING THE                 
             HARMONIC-OSCILLATOR            
                    AND/OR                  
        TRANSFORMED HARMONIC-OSCILLATOR     
                    BASIS                   
                     ---                    
                v1.66  (2005)               
    Stoitsov, Dobaczewski, Nazarewicz, Ring 
                v2.00d (2012)               
        Stoitsov, Schunck, Kortelainen      
                v3.00  (2016)               
            Schunck, Navarro Perez          
  ==========================================
    Nucleus:  K (A=  48, N= 29, Z= 19)
       Reflection Symmetry Imposed       
            (10/12/2021,  9:52)                               
  ==========================================


  ---------------------------------------
           UNEDF Module Version: 17
         M.Kortelainen & M.Stoitsov 
  ---------------------------------------

  SKM* functional
  ----------------------------------------
  Crho(0)=   -991.875000000000000    ; Crho(1)=    390.137499999999989    
  CDrho(0)=   974.687500000000000    ; CDrho(1)=  -324.895833333333314    
  Ctau(0)=    34.6875000000000000    ; Ctau(1)=   -34.0625000000000000    
  CrDr(0)=   -68.2031250000000000    ; CrDr(1)=    17.1093750000000000    
  CrdJ(0)=   -97.5000000000000000    ; CrdJ(1)=   -32.5000000000000000    
  CJ(0)=      34.0625000000000000    ; CJ(1)=      34.0625000000000000    
  CpV0(0)=   -280.000000000000000    ; CpV0(1)=   -280.000000000000000    
  CpV1(0)=   0.500000000000000000    ; CpV1(1)=   0.500000000000000000    
  sigma=     0.166666666666666657    ; hbzero=     20.7300000000000004    
  functional has DME couplings: F
  use 3-Nucleon DME couplings: F
  e^2 chrg=   1.43997840859651349    ; CExPar=     1.00000000000000000    
  c.m. correction: T, chr. density in direct Coul: F
  use tensor terms: F

  Coupling constants in natural units
  ----------------------------------------
  Crho_nu(0)=   -1.11697019706649536    ; Crho_nu(1)=   0.439341610846154806    
  CDrho_nu(0)=   1.05494661920042820    ; CDrho_nu(1)= -0.351648873066809420    
  Ctau_nu(0)=   0.491699256216479808    ; Ctau_nu(1)=  -0.482839810158525229    
  CrDr_nu(0)=  -0.966787051074294745    ; CrDr_nu(1)=   0.242527335836506930    
  CrdJ_nu(0)=   -1.38207358504091626    ; CrdJ_nu(1)=  -0.460691195013638755    
  CJ_nu(0)=     0.482839810158525229    ; CJ_nu(1)=     0.482839810158525229    
  CpV0_nu(0)=  -0.315313577999867589    ; CpV0_nu(1)=  -0.315313577999867589    
  CpV1_nu(0)=   0.443851127103029534E-03; CpV1_nu(1)=   0.443851127103029534E-03
  fpi_nu=        93.0000000000000000    ; Lambda_nu=     700.000000000000000    

  Nuclear matter properties
  ----------------------------------------
  E_NM=      -15.7762359616147627    ; K_NM=        216.657542303868979    
  P_NM=     -0.730495530692525363E-15; RHO_NM=     0.160318515964671449    
  ASS_NM=     30.0323865018228560    ; LASS_NM=     45.7703887670942962    
  SMASS_NM=   1.26826090316085582    ; VMASS_NM=    1.53168827653502970    

  Associated (t,x)-coupling constants
  ----------------------------------------
  t0=      -2645.00000000000000    ; x0=       0.899999999999999689E-01
  t1=       410.000000000000000    ; x1=        0.00000000000000000    
  t2=      -135.000000000000000    ; x2=        0.00000000000000000    
  t3=       15595.0000000000000    ; x3=       -0.00000000000000000    
  b4=       65.0000000000000000    ; b4p=       65.0000000000000000    
  te=       0.00000000000000000    ; to=        0.00000000000000000    
  sigma=   0.166666666666666657    ; hbzero=    20.7300000000000004    

  ---------------------------------------
        Characteristics of the run       
  ---------------------------------------
  Output file ................:    57
  Nucleus ....................:    K  48
  Number of HO shells ........:    12
  HO length b0 (fm) ..........:     1.75000371403579
  Basis deformation ..........:  beta0=   0.000 q=   1.000
  HO: b0,1/b0,bp,bz,q ........:   0.17500037E+01  0.57142736E+00  0.17500037E+01  0.17500037E+01  0.10000000E+01
  h**2/(2m_n), cmc, e**2 .....:   0.20730000E+02  0.20298125E+02  0.14399784E+01
  h**2/(2m_p), cmc, e**2 .....:   0.20730000E+02  0.20298125E+02  0.14399784E+01
  hom=f*41.0_pr*A^{-1/3}, f...:   0.13537902E+02  0.12000000E+01
  THO basis is ...............:  OFF
  Maximal number of iterations:    50
  Initial mixing parameter ...:  0.300
  Initial wave functions from :  tape
  Energy functional ..........:    SKM*                          
    direct Coulomb by substitution method, exchange Coulomb with Slater approximation
  Pairing cutoff energy ......:    60.00 MeV
  Lipkin-Nogami procedure is .:  OFF
  PAV procedure is ...........:  OFF
  Constraint calculation is ..:  OFF
  Neutron blocking is ........:   ON
  Proton blocking is .........:   ON
  Temperature T ..............:   0.00 MeV
  Pairing regularization is ..:  OFF
  Collective inertia is ......:  OFF
  Fission fragments are ......:  OFF
  Restart indicator ..........:  -1
  Broyden mixing (#iterations):   7

  ---------------------------------------
        Harmonic Oscillator Basis        
  ---------------------------------------
  NUV, NQP:                       13447     455
  Comparison with bookkeeping spherical basis:
  n00:                               12      12  Maximal number of shells
  nbx, 2*n00+1:                      25      25  Maximal number of K-blocks
  ntx, (n00+1)*(n00+2)*(n00+3)/6    455     455  Max.num. p/n levels
  nzx, n00:                          12      12  Maximal nz-quantum number
  nrx, n00/2  :                       6       6  Maximal nr-quantum number
  nlx, n00:                          12      12  Maximal ml-quantum number
  ndx, (n00+2)*(n00+2)/4:            49      49  Maximal dim. of one k-block

  Actual basis used
  Number of blocks: nb .......:   25
  Number of levels: nt .......:  455
  Maximal 2*omega : nom ......:   25
  Maximal nz:       nzm ......:   12
  Maximal nr:       nrm ......:    6
  Maximal ml:       nlm ......:   12
  Maximal N=nz+2*nr+nl .......:   12
  2 x biggest block dim. .....:   98
  Non-zero elements of h .....:     6951
  Number of Broyden elements .:    27804

  ---------------------------------------
            Integration Meshes           
  ---------------------------------------
  Number of Gauss-Hermite mesh points ngh ....:  40
  Number of Gauss-Laguerre mesh points ngl ...:  40
  Number of Gauss-Legendre mesh points nleg ..:  80
  Integration boundaries
    Hermite  - from xh(1)  =  0.12379686 to xh(ngh)   = 11.88786356
    Laguerre - From xl(1)  =  0.03570039 to xl(ngl)   =142.28004447
    Legendre - From xleg(1)=  0.00978669 to xleg(nleg)=  0.99988775
  Max.dev.in:     Orthogonality            Normalization
  Hermite     5.0671528845784617E-015   1.0658141036401503E-014
  Laguerre    5.7957256598811613E-015   8.2156503822261584E-015

  Reading from wel_file: hfbtho_output.hel


  ### REGULAR STAGE (reflection symmetry imposed)
  |HFB+HO> iterations(b0=  1.750, Nsh= 12, inin= -1, N= 29, Z= 19)...
  ----------------------------------------------------------------------------------------------------------------------------------
  i          si     mix   beta      Etot       A       rn      rp         En      Dn      Ep      Dp        Ln      Lp     time  time(Gog.)
  ----------------------------------------------------------------------------------------------------------------------------------
   0N   0.00000944 0.43 -0.142  -407.810403   48.0   3.649   3.439 |   -0.000   0.000  -0.000  -0.000 |   -9.067 -16.342   0.000   0.000
    neutron Blocking: block=  4 state=  1   Eqp=   0.94576181  Dqpe=  -0.00000000  Ovlp=   1.00000000   1/  6  3-[ 3, 0, 1]
    proton  Blocking: block=  6 state=  1   Eqp=   4.44918203  Dqpe=   3.46698298  Ovlp=   1.00000000   1/  7  5-[ 3, 1, 2]
   1B   0.00000474 0.47 -0.142  -407.810403   48.0   3.649   3.439 |   -0.000   0.000  -0.000  -0.000 |   -9.067 -16.342   6.424   0.000
    neutron Blocking: block=  4 state=  1   Eqp=   0.94576324  Dqpe=  -0.00000000  Ovlp=   1.00000000   1/  6  3-[ 3, 0, 1]
    proton  Blocking: block=  6 state=  1   Eqp=   4.44918169  Dqpe=   3.46698259  Ovlp=   1.00000000   1/  7  5-[ 3, 1, 2]
   2B   0.00000394 0.52 -0.142  -407.810403   48.0   3.649   3.439 |   -0.000   0.000  -0.000  -0.000 |   -9.067 -16.342   0.582   0.000
    neutron Blocking: block=  4 state=  1   Eqp=   0.94576269  Dqpe=  -0.00000000  Ovlp=   1.00000000   1/  6  3-[ 3, 0, 1]
    proton  Blocking: block=  6 state=  1   Eqp=   4.44918186  Dqpe=   3.46698269  Ovlp=   1.00000000   1/  7  5-[ 3, 1, 2]
   2N   0.00000394 0.52 -0.142  -407.810403   48.0   3.649   3.439 |   -0.000   0.000  -0.000  -0.000 |   -9.067 -16.342   0.582   0.000
  ----------------------------------------------------------------------------------------------------------------------------------
  *   iteration converged   after   2 steps   si=     0.0000039364 ho=  0 tho=  0
  ----------------------------------------------------------------------------------------------------------------------------------
  Total CPU time=   0.126 minutes
    neutron Blocking: block=  4 state=  1   Eqp=   0.94576312  Dqpe=  -0.00000000  Ovlp=   1.00000000   1/  6  3-[ 3, 0, 1]
    proton  Blocking: block=  6 state=  1   Eqp=   4.44918184  Dqpe=   3.46698262  Ovlp=   1.00000000   1/  7  5-[ 3, 1, 2]


 #quasiparticle energies neutrons
 --------------------------------
  eqp(k) -> q.p. energy 
  e(k)   -> referent s.p. energy 
  p(k)   -> occ.probability 
  del(k) -> referent s.p. gap 
  fermi energy alast=  -9.0674515331347969     
  #k  block#    eqp(k)     e(k)       (1-2N)E      decay        p(k)        del(k)    overl      labels
   1    1     4.658485  -11.990397   -4.658485    1.537159    1.00000000   0.0000   0.7514  1+[ 2, 2, 0]
   2    1     8.865777  -16.197688   -8.865777    1.786605    1.00000000   0.0000   0.6442  1+[ 2, 0, 0]
   3    1     8.907655    1.575744    8.907655    1.788913    0.00000000   0.0000   0.5689  1+[ 4, 1, 1]
   4    1    10.678491    3.346579   10.678491    1.883926    0.00000000   0.0000   0.5075  1+[ 4, 0, 0]
   5    1    12.399241    5.067329   12.399241    1.971870    0.00000000   0.0000   0.5860  1+[ 4, 3, 1]
   6    1    12.812698  -20.144610  -12.812698    1.992423    1.00000000   0.0000   0.6811  1+[ 2, 0, 0]
   7    1    13.585064    6.253152   13.585064    2.030259    0.00000000   0.0000   0.5199  1+[ 4, 4, 0]
   8    1    17.781846   10.449935   17.781846    2.224630    0.00000000   0.0000   0.4277  1+[ 4, 3, 1]
   9    1    23.026436   15.694525   23.026436    2.445914    0.00000000   0.0000   0.4602  1+[ 8, 0, 0]
  10    1    24.034618   16.702707   24.034618    2.486195    0.00000000   0.0000   0.2914  1+[ 8, 1, 1]
  11    1    24.540222   17.208311   24.540222    2.506153    0.00000000   0.0000   0.3462  1+[ 4, 3, 1]
  12    1    26.137729   18.805817   26.137729    2.568192    0.00000000   0.0000   0.5190  1+[ 4, 4, 0]
  13    1    28.588757   21.256846   28.588757    2.660567    0.00000000   0.0000   0.3530  1+[ 4, 3, 1]
  14    1    28.767934   21.436023   28.767934    2.667195    0.00000000   0.0000   0.4233  1+[ 6, 3, 1]
  15    1    31.481759   24.149847   31.481759    2.765632    0.00000000   0.0000   0.3153  1+[ 6, 3, 1]
  16    1    36.037176  -43.369087  -36.037176    2.923426    1.00000000   0.0000   0.9860  1+[ 0, 0, 0]
  17    1    40.761636   33.429725   40.761636    3.078545    0.00000000   0.0000   0.3531  1+[ 6, 2, 0]
  18    1    43.500182   36.168271   43.500182    3.164980    0.00000000   0.0000   0.3716  1+[ 6, 0, 0]
  19    1    44.946875   37.614963   44.946875    3.209703    0.00000000   0.0000   0.4082  1+[ 6, 0, 0]
  20    1    45.298145   37.966233   45.298145    3.220468    0.00000000   0.0000   0.3695  1+[ 8, 4, 0]
  21    1    46.287827   38.955915   46.287827    3.250606    0.00000000   0.0000   0.3358  1+[ 6, 0, 0]
  22    1    46.306960   38.975049   46.306960    3.251186    0.00000000   0.0000   0.3199  1+[10, 3, 1]
  23    1    47.785453   40.453542   47.785453    3.295689    0.00000000   0.0000   0.4497  1+[ 6, 6, 0]
  24    1    49.230431   41.898519   49.230431    3.338610    0.00000000   0.0000   0.4367  1+[ 6, 5, 1]
  25    1    49.507853   42.175941   49.507853    3.346788    0.00000000   0.0000   0.4329  1+[ 6, 3, 1]
  26    1    64.652785   57.320874   64.652785    3.766363    0.00000000   0.0000   0.4163  1+[10, 6, 0]
  27    1    65.690245   58.358334   65.690245    3.793406    0.00000000   0.0000   0.3333  1+[10, 3, 1]
  28    1    66.000184   58.668272   66.000184    3.801448    0.00000000   0.0000   0.4027  1+[10, 5, 1]
  29    1    66.900763   59.568851   66.900763    3.824719    0.00000000   0.0000   0.3802  1+[ 8, 6, 0]
  30    2     1.735540   -9.067452   -1.735540    1.336733    1.00000000   0.0000   0.6766  1-[ 3, 1, 0]
  31    2     2.168539   -5.163373    2.168539    1.368277    0.00000000   0.0000   0.6268  1-[ 3, 0, 1]
  32    2     4.414079   -2.917833    4.414079    1.521412    0.00000000   0.0000   0.6056  1-[ 3, 3, 0]
  33    2     8.372727    1.040815    8.372727    1.759203    0.00000000   0.0000   0.6051  1-[ 3, 2, 1]
  34    2    17.491359   10.159448   17.491359    2.211727    0.00000000   0.0000   0.4504  1-[ 5, 0, 1]
  35    2    18.534481   11.202569   18.534481    2.257719    0.00000000   0.0000   0.4465  1-[ 5, 1, 0]
  36    2    18.882124   11.550212   18.882124    2.272841    0.00000000   0.0000   0.3431  1-[ 5, 5, 0]
  37    2    20.412332  -27.744243  -20.412332    2.338237    1.00000000   0.0000   0.8277  1-[ 1, 1, 0]
  38    2    20.523962   13.192051   20.523962    2.342936    0.00000000   0.0000   0.4935  1-[ 5, 3, 0]
  39    2    21.505843   14.173932   21.505843    2.383871    0.00000000   0.0000   0.3018  1-[ 5, 4, 1]
  40    2    24.335924  -31.667835  -24.335924    2.498108    1.00000000   0.0000   0.8232  1-[ 1, 0, 1]
  41    2    25.834097   18.502186   25.834097    2.556517    0.00000000   0.0000   0.3665  1-[ 5, 2, 1]
  42    2    33.314068   25.982157   33.314068    2.830159    0.00000000   0.0000   0.3570  1-[ 9, 1, 0]
  43    2    35.026987   27.695076   35.026987    2.889178    0.00000000   0.0000   0.3580  1-[ 5, 0, 1]
  44    2    37.012410   29.680499   37.012410    2.956113    0.00000000   0.0000   0.4101  1-[ 5, 0, 1]
  45    2    38.009769   30.677858   38.009769    2.989172    0.00000000   0.0000   0.3735  1-[ 5, 1, 0]
  46    2    38.708248   31.376336   38.708248    3.012107    0.00000000   0.0000   0.4137  1-[ 7, 3, 0]
  47    2    39.737314   32.405402   39.737314    3.045584    0.00000000   0.0000   0.5105  1-[ 5, 5, 0]
  48    2    40.479500   33.147589   40.479500    3.069501    0.00000000   0.0000   0.3619  1-[ 9, 8, 1]
  49    2    41.255828   33.923917   41.255828    3.094321    0.00000000   0.0000   0.3448  1-[ 9, 2, 1]
  50    2    54.871256   47.539345   54.871256    3.501130    0.00000000   0.0000   0.3184  1-[ 7, 3, 0]
  51    2    58.160354   50.828442   58.160354    3.592502    0.00000000   0.0000   0.3068  1-[ 9, 7, 0]
  52    2    58.749901   51.417990   58.749901    3.608635    0.00000000   0.0000   0.3864  1-[ 9, 4, 1]
  53    2    59.809104   52.477193   59.809104    3.637441    0.00000000   0.0000   0.4055  1-[ 9, 5, 0]
  54    2    61.400048   54.068137   61.400048    3.680285    0.00000000   0.0000   0.3314  1-[ 7, 6, 1]
  55    2    64.266775   56.934864   64.266775    3.756251    0.00000000   0.0000   0.3737  1-[ 7, 0, 1]
  56    2    65.821355   58.489443   65.821355    3.796810    0.00000000   0.0000   0.3700  1-[ 7, 4, 1]
  57    2    65.997788   58.665877   65.997788    3.801386    0.00000000   0.0000   0.4341  1-[ 7, 0, 1]
  58    2    67.257058   59.925146   67.257058    3.833887    0.00000000   0.0000   0.5121  1-[ 7, 7, 0]
  59    3     7.333784  -14.665695   -7.333784    1.700017    1.00000000   0.0000   0.7766  3+[ 2, 0, 2]
  60    3     8.731340    1.399429    8.731340    1.779175    0.00000000   0.0000   0.6820  3+[ 4, 1, 1]
  61    3    11.200690    3.868778   11.200690    1.911042    0.00000000   0.0000   0.5154  3+[ 4, 3, 1]
  62    3    12.475014    5.143102   12.475014    1.975653    0.00000000   0.0000   0.4599  3+[ 4, 0, 2]
  63    3    13.230514  -20.562425  -13.230514    2.012979    1.00000000   0.0000   0.7769  3+[ 2, 1, 1]
  64    3    17.423770   10.091859   17.423770    2.208714    0.00000000   0.0000   0.5474  3+[ 4, 2, 2]
  65    3    23.080413   15.748501   23.080413    2.448087    0.00000000   0.0000   0.3379  3+[ 8, 0, 2]
  66    3    24.069314   16.737402   24.069314    2.487570    0.00000000   0.0000   0.3324  3+[ 6, 5, 1]
  67    3    24.889665   17.557754   24.889665    2.519854    0.00000000   0.0000   0.4202  3+[ 4, 0, 2]
  68    3    28.326332   20.994421   28.326332    2.650831    0.00000000   0.0000   0.4268  3+[ 4, 2, 2]
  69    3    28.639955   21.308043   28.639955    2.662463    0.00000000   0.0000   0.4569  3+[ 6, 3, 1]
  70    3    31.427679   24.095768   31.427679    2.763705    0.00000000   0.0000   0.3217  3+[ 8, 2, 2]
  71    3    40.668027   33.336116   40.668027    3.075547    0.00000000   0.0000   0.3176  3+[ 6, 2, 2]
  72    3    43.386432   36.054520   43.386432    3.161437    0.00000000   0.0000   0.4379  3+[ 6, 1, 1]
  73    3    44.844404   37.512493   44.844404    3.206555    0.00000000   0.0000   0.4600  3+[ 6, 5, 1]
  74    3    45.254420   37.922509   45.254420    3.219130    0.00000000   0.0000   0.3529  3+[ 8, 4, 2]
  75    3    46.292071   38.960160   46.292071    3.250735    0.00000000   0.0000   0.3526  3+[ 8, 4, 2]
  76    3    46.767033   39.435122   46.767033    3.265100    0.00000000   0.0000   0.5404  3+[ 6, 0, 2]
  77    3    48.897529   41.565618   48.897529    3.328771    0.00000000   0.0000   0.4093  3+[ 6, 4, 2]
  78    3    49.365798   42.033886   49.365798    3.342603    0.00000000   0.0000   0.4052  3+[ 6, 4, 2]
  79    3    64.603127   57.271216   64.603127    3.765063    0.00000000   0.0000   0.4072  3+[10, 7, 1]
  80    3    65.600960   58.269048   65.600960    3.791086    0.00000000   0.0000   0.3487  3+[10, 3, 1]
  81    3    65.992780   58.660868   65.992780    3.801256    0.00000000   0.0000   0.4028  3+[10, 6, 2]
  82    3    66.817694   59.485783   66.817694    3.822579    0.00000000   0.0000   0.3831  3+[ 8, 5, 1]
  83    4     0.945763   -7.331911    0.000000    1.277192    0.50000000   0.9458   0.6542  3-[ 3, 0, 1]
  84    4     2.058142   -9.390053   -2.058142    1.360304    1.00000000   0.0000   0.6123  3-[ 3, 0, 1]
  85    4     7.146541   -0.185370    7.146541    1.689130    0.00000000   0.0000   0.7122  3-[ 3, 1, 2]
  86    4    17.276720    9.944808   17.276720    2.202144    0.00000000   0.0000   0.5549  3-[ 5, 0, 1]
  87    4    18.423356   11.091444   18.423356    2.252864    0.00000000   0.0000   0.5068  3-[ 5, 2, 1]
  88    4    20.221284   12.889372   20.221284    2.330172    0.00000000   0.0000   0.5419  3-[ 5, 3, 2]
  89    4    21.145658   13.813746   21.145658    2.368937    0.00000000   0.0000   0.3470  3-[ 5, 1, 2]
  90    4    25.280477  -32.612389  -25.280477    2.535090    1.00000000   0.0000   0.9812  3-[ 1, 0, 1]
  91    4    25.698713   18.366802   25.698713    2.551294    0.00000000   0.0000   0.4223  3-[ 5, 3, 2]
  92    4    33.267512   25.935600   33.267512    2.828538    0.00000000   0.0000   0.3109  3-[ 9, 1, 2]
  93    4    34.813979   27.482068   34.813979    2.881905    0.00000000   0.0000   0.4729  3-[ 5, 0, 1]
  94    4    36.179854   28.847942   36.179854    2.928231    0.00000000   0.0000   0.3835  3-[ 5, 0, 1]
  95    4    38.619364   31.287452   38.619364    3.009198    0.00000000   0.0000   0.4179  3-[ 7, 4, 1]
  96    4    38.694774   31.362863   38.694774    3.011667    0.00000000   0.0000   0.4286  3-[ 5, 1, 2]
  97    4    40.372790   33.040878   40.372790    3.066074    0.00000000   0.0000   0.4020  3-[ 9, 7, 2]
  98    4    41.099903   33.767992   41.099903    3.089352    0.00000000   0.0000   0.3274  3-[ 9, 2, 1]
  99    4    54.746649   47.414737   54.746649    3.497622    0.00000000   0.0000   0.3354  3-[ 9, 6, 1]
 100    4    58.109579   50.777668   58.109579    3.591109    0.00000000   0.0000   0.3125  3-[ 9, 6, 1]
 101    4    58.646757   51.314845   58.646757    3.605818    0.00000000   0.0000   0.4263  3-[ 9, 4, 1]
 102    4    59.794048   52.462137   59.794048    3.637033    0.00000000   0.0000   0.4413  3-[ 9, 5, 2]
 103    4    61.245449   53.913537   61.245449    3.676143    0.00000000   0.0000   0.4051  3-[ 7, 0, 1]
 104    4    63.528994   56.197082   63.528994    3.736848    0.00000000   0.0000   0.4837  3-[ 7, 0, 1]
 105    4    65.726164   58.394252   65.726164    3.794339    0.00000000   0.0000   0.3737  3-[ 7, 3, 2]
 106    4    66.409559   59.077647   66.409559    3.812044    0.00000000   0.0000   0.3864  3-[ 7, 3, 2]
 107    5     8.316654    0.984743    8.316654    1.756060    0.00000000   0.0000   0.5898  5+[ 4, 0, 2]
 108    5    10.056937    2.725026   10.056937    1.851132    0.00000000   0.0000   0.5732  5+[ 4, 2, 2]
 109    5    14.426596  -21.758508  -14.426596    2.070697    1.00000000   0.0000   0.9755  5+[ 2, 0, 2]
 110    5    16.730703    9.398791   16.730703    2.177577    0.00000000   0.0000   0.6510  5+[ 4, 1, 3]
 111    5    22.653150   15.321238   22.653150    2.430830    0.00000000   0.0000   0.5137  5+[ 8, 0, 2]
 112    5    23.923407   16.591495   23.923407    2.481784    0.00000000   0.0000   0.3350  5+[ 6, 4, 2]
 113    5    27.890074   20.558162   27.890074    2.634565    0.00000000   0.0000   0.4713  5+[ 4, 1, 3]
 114    5    28.375025   21.043113   28.375025    2.652640    0.00000000   0.0000   0.4518  5+[ 6, 2, 2]
 115    5    31.323754   23.991843   31.323754    2.759997    0.00000000   0.0000   0.3836  5+[ 6, 3, 3]
 116    5    40.490542   33.158630   40.490542    3.069856    0.00000000   0.0000   0.3857  5+[ 6, 2, 2]
 117    5    43.133604   35.801692   43.133604    3.153548    0.00000000   0.0000   0.4931  5+[ 6, 0, 2]
 118    5    44.098339   36.766428   44.098339    3.183548    0.00000000   0.0000   0.4622  5+[ 6, 0, 2]
 119    5    45.171907   37.839995   45.171907    3.216603    0.00000000   0.0000   0.4135  5+[ 8, 4, 2]
 120    5    46.268837   38.936925   46.268837    3.250031    0.00000000   0.0000   0.3709  5+[10, 7, 3]
 121    5    48.240771   40.908860   48.240771    3.309274    0.00000000   0.0000   0.5176  5+[ 6, 1, 3]
 122    5    49.088643   41.756731   49.088643    3.334423    0.00000000   0.0000   0.5104  5+[ 6, 3, 3]
 123    5    64.489663   57.157752   64.489663    3.762093    0.00000000   0.0000   0.4516  5+[10, 6, 2]
 124    5    65.439598   58.107687   65.439598    3.786890    0.00000000   0.0000   0.3416  5+[10, 2, 2]
 125    5    65.977047   58.645135   65.977047    3.800848    0.00000000   0.0000   0.4544  5+[10, 5, 3]
 126    5    66.658674   59.326763   66.658674    3.818478    0.00000000   0.0000   0.4093  5+[ 8, 6, 2]
 127    6     2.673298  -10.005209   -2.673298    1.404155    1.00000000   0.0000   0.8551  5-[ 3, 1, 2]
 128    6     5.409731   -1.922180    5.409731    1.584582    0.00000000   0.0000   0.8236  5-[ 3, 0, 3]
 129    6    18.090516   10.758605   18.090516    2.238260    0.00000000   0.0000   0.6427  5-[ 5, 1, 2]
 130    6    19.606140   12.274229   19.606140    2.304014    0.00000000   0.0000   0.6703  5-[ 5, 3, 2]
 131    6    20.433672   13.101761   20.433672    2.339136    0.00000000   0.0000   0.4798  5-[ 5, 0, 3]
 132    6    25.424581   18.092669   25.424581    2.540684    0.00000000   0.0000   0.5242  5-[ 5, 2, 3]
 133    6    33.176335   25.844423   33.176335    2.825360    0.00000000   0.0000   0.4103  5-[ 9, 1, 2]
 134    6    34.518638   27.186727   34.518638    2.871790    0.00000000   0.0000   0.4125  5-[ 5, 3, 2]
 135    6    37.450220   30.118309   37.450220    2.970670    0.00000000   0.0000   0.5646  5-[ 5, 0, 3]
 136    6    38.459398   31.127486   38.459398    3.003956    0.00000000   0.0000   0.4835  5-[ 7, 3, 2]
 137    6    40.122928   32.791016   40.122928    3.058034    0.00000000   0.0000   0.4584  5-[ 5, 2, 3]
 138    6    40.877089   33.545178   40.877089    3.082237    0.00000000   0.0000   0.3961  5-[ 9, 2, 3]
 139    6    54.505141   47.173229   54.505141    3.490812    0.00000000   0.0000   0.3452  5-[ 7, 3, 2]
 140    6    58.002219   50.670308   58.002219    3.588162    0.00000000   0.0000   0.3586  5-[ 9, 7, 2]
 141    6    58.454726   51.122815   58.454726    3.600567    0.00000000   0.0000   0.4047  5-[ 9, 4, 3]
 142    6    59.763082   52.431171   59.763082    3.636194    0.00000000   0.0000   0.4571  5-[ 9, 4, 3]
 143    6    60.966105   53.634194   60.966105    3.668648    0.00000000   0.0000   0.3955  5-[ 7, 3, 2]
 144    6    65.481585   58.149674   65.481585    3.787983    0.00000000   0.0000   0.5772  5-[ 7, 0, 3]
 145    6    65.542337   58.210425   65.542337    3.789563    0.00000000   0.0000   0.4053  5-[ 7, 4, 3]
 146    7     7.666638    0.334726    7.666638    1.719201    0.00000000   0.0000   0.8789  7+[ 4, 1, 3]
 147    7    15.845104    8.513193   15.845104    2.137129    0.00000000   0.0000   0.7424  7+[ 4, 0, 4]
 148    7    23.765129   16.433217   23.765129    2.475492    0.00000000   0.0000   0.4678  7+[ 6, 1, 3]
 149    7    27.307172   19.975261   27.307172    2.612674    0.00000000   0.0000   0.4860  7+[ 4, 0, 4]
 150    7    27.985612   20.653701   27.985612    2.638136    0.00000000   0.0000   0.5789  7+[ 6, 3, 3]
 151    7    31.173114   23.841203   31.173114    2.754614    0.00000000   0.0000   0.4623  7+[ 6, 2, 4]
 152    7    40.240876   32.908964   40.240876    3.061832    0.00000000   0.0000   0.3515  7+[ 6, 1, 3]
 153    7    42.766471   35.434559   42.766471    3.142056    0.00000000   0.0000   0.4827  7+[ 6, 1, 3]
 154    7    45.060419   37.728508   45.060419    3.213186    0.00000000   0.0000   0.4270  7+[ 8, 3, 3]
 155    7    46.231621   38.899710   46.231621    3.248902    0.00000000   0.0000   0.4136  7+[ 8, 4, 4]
 156    7    47.290657   39.958746   47.290657    3.280863    0.00000000   0.0000   0.6401  7+[ 6, 0, 4]
 157    7    48.697541   41.365630   48.697541    3.322846    0.00000000   0.0000   0.5946  7+[ 6, 2, 4]
 158    7    64.282333   56.950422   64.282333    3.756659    0.00000000   0.0000   0.4055  7+[10, 7, 3]
 159    7    65.240255   57.908344   65.240255    3.781700    0.00000000   0.0000   0.4006  7+[10, 3, 3]
 160    7    65.951891   58.619980   65.951891    3.800196    0.00000000   0.0000   0.4647  7+[10, 4, 4]
 161    7    66.437586   59.105675   66.437586    3.812769    0.00000000   0.0000   0.4907  7+[ 8, 5, 3]
 162    8     3.787804  -11.119715   -3.787804    1.480297    1.00000000   0.0000   0.9704  7-[ 3, 0, 3]
 163    8    17.777457   10.445546   17.777457    2.224436    0.00000000   0.0000   0.7349  7-[ 5, 0, 3]
 164    8    18.764615   11.432704   18.764615    2.267741    0.00000000   0.0000   0.7952  7-[ 5, 2, 3]
 165    8    25.018981   17.687069   25.018981    2.524906    0.00000000   0.0000   0.6068  7-[ 5, 1, 4]
 166    8    33.039855   25.707944   33.039855    2.820596    0.00000000   0.0000   0.3918  7-[ 9, 0, 3]
 167    8    33.734366   26.402455   33.734366    2.844754    0.00000000   0.0000   0.5107  7-[ 5, 0, 3]
 168    8    38.219161   30.887250   38.219161    2.996066    0.00000000   0.0000   0.4924  7-[ 7, 4, 3]
 169    8    39.699422   32.367510   39.699422    3.044358    0.00000000   0.0000   0.5593  7-[ 5, 1, 4]
 170    8    40.671714   33.339803   40.671714    3.075665    0.00000000   0.0000   0.4366  7-[ 7, 3, 4]
 171    8    54.161139   46.829227   54.161139    3.481088    0.00000000   0.0000   0.4151  7-[ 9, 6, 3]
 172    8    57.815745   50.483834   57.815745    3.583038    0.00000000   0.0000   0.3990  7-[ 9, 6, 3]
 173    8    58.206898   50.874986   58.206898    3.593779    0.00000000   0.0000   0.5474  7-[ 9, 4, 3]
 174    8    59.714559   52.382647   59.714559    3.634879    0.00000000   0.0000   0.4747  7-[ 9, 5, 4]
 175    8    60.351319   53.019407   60.351319    3.652099    0.00000000   0.0000   0.5997  7-[ 7, 0, 3]
 176    8    65.272853   57.940942   65.272853    3.782549    0.00000000   0.0000   0.5328  7-[ 7, 3, 4]
 177    8    67.375385   60.043473   67.375385    3.836927    0.00000000   0.0000   0.5717  7-[ 7, 1, 4]
 178    9     6.683708   -0.648204    6.683708    1.661913    0.00000000   0.0000   0.9610  9+[ 4, 0, 4]
 179    9    23.569291   16.237380   23.569291    2.467685    0.00000000   0.0000   0.5716  9+[ 6, 0, 4]
 180    9    27.495548   20.163636   27.495548    2.619769    0.00000000   0.0000   0.7089  9+[ 6, 2, 4]
 181    9    30.982085   23.650174   30.982085    2.747772    0.00000000   0.0000   0.5245  9+[ 6, 1, 5]
 182    9    39.932538   32.600627   39.932538    3.051893    0.00000000   0.0000   0.4288  9+[ 6, 2, 4]
 183    9    42.133271   34.801360   42.133271    3.122136    0.00000000   0.0000   0.6574  9+[ 6, 0, 4]
 184    9    44.919884   37.587972   44.919884    3.208874    0.00000000   0.0000   0.4628  9+[ 8, 4, 4]
 185    9    46.179668   38.847757   46.179668    3.247326    0.00000000   0.0000   0.4852  9+[ 8, 3, 5]
 186    9    48.231911   40.900000   48.231911    3.309010    0.00000000   0.0000   0.6619  9+[ 6, 1, 5]
 187    9    63.948673   56.616762   63.948673    3.747897    0.00000000   0.0000   0.4792  9+[10, 6, 4]
 188    9    65.042405   57.710494   65.042405    3.776542    0.00000000   0.0000   0.4160  9+[10, 4, 4]
 189    9    65.915420   58.583508   65.915420    3.799251    0.00000000   0.0000   0.4816  9+[10, 5, 5]
 190    9    66.172287   58.840375   66.172287    3.805906    0.00000000   0.0000   0.4857  9+[ 8, 4, 4]
 191   10    17.839442   10.507530   17.839442    2.227180    0.00000000   0.0000   0.8772  9-[ 5, 1, 4]
 192   10    24.560993   17.229081   24.560993    2.506970    0.00000000   0.0000   0.6713  9-[ 5, 0, 5]
 193   10    32.868241   25.536330   32.868241    2.814595    0.00000000   0.0000   0.5171  9-[ 7, 1, 4]
 194   10    37.905509   30.573597   37.905509    2.985733    0.00000000   0.0000   0.6205  9-[ 7, 3, 4]
 195   10    39.153890   31.821978   39.153890    3.026650    0.00000000   0.0000   0.6039  9-[ 5, 0, 5]
 196   10    40.481751   33.149840   40.481751    3.069574    0.00000000   0.0000   0.5456  9-[ 7, 2, 5]
 197   10    53.736138   46.404227   53.736138    3.469038    0.00000000   0.0000   0.4524  9-[ 9, 5, 4]
 198   10    57.506714   50.174802   57.506714    3.574530    0.00000000   0.0000   0.5053  9-[ 7, 1, 4]
 199   10    57.952257   50.620346   57.952257    3.586790    0.00000000   0.0000   0.5565  9-[ 9, 3, 4]
 200   10    59.646147   52.314235   59.646147    3.633024    0.00000000   0.0000   0.5694  9-[ 9, 4, 5]
 201   10    64.956782   57.624871   64.956782    3.774307    0.00000000   0.0000   0.6012  9-[ 7, 2, 5]
 202   10    66.568603   59.236691   66.568603    3.816153    0.00000000   0.0000   0.6671  9-[ 7, 0, 5]
 203   11    26.943553   19.611642   26.943553    2.598925    0.00000000   0.0000   0.8066 11+[ 6, 1, 5]
 204   11    30.787870   23.455958   30.787870    2.740799    0.00000000   0.0000   0.5689 11+[ 6, 0, 6]
 205   11    39.577898   32.245986   39.577898    3.040422    0.00000000   0.0000   0.4856 11+[ 6, 1, 5]
 206   11    44.750315   37.418404   44.750315    3.203663    0.00000000   0.0000   0.5692 11+[ 8, 3, 5]
 207   11    46.109488   38.777577   46.109488    3.245196    0.00000000   0.0000   0.5430 11+[ 8, 2, 6]
 208   11    47.757583   40.425671   47.757583    3.294856    0.00000000   0.0000   0.6985 11+[ 6, 0, 6]
 209   11    63.487663   56.155752   63.487663    3.735758    0.00000000   0.0000   0.4853 11+[10, 5, 5]
 210   11    64.862568   57.530657   64.862568    3.771847    0.00000000   0.0000   0.4761 11+[10, 3, 5]
 211   11    65.837529   58.505617   65.837529    3.797230    0.00000000   0.0000   0.4340 11+[ 8, 1, 5]
 212   11    65.900763   58.568851   65.900763    3.798870    0.00000000   0.0000   0.4498 11+[10, 4, 6]
 213   12    17.024979    9.693068   17.024979    2.190852    0.00000000   0.0000   0.9438 11-[ 5, 0, 5]
 214   12    32.605297   25.273385   32.605297    2.805375    0.00000000   0.0000   0.6185 11-[ 7, 0, 5]
 215   12    37.524302   30.192391   37.524302    2.973126    0.00000000   0.0000   0.7285 11-[ 7, 2, 5]
 216   12    40.289223   32.957311   40.289223    3.063387    0.00000000   0.0000   0.6140 11-[ 7, 1, 6]
 217   12    53.257535   45.925623   53.257535    3.455417    0.00000000   0.0000   0.4507 11-[ 7, 2, 5]
 218   12    57.032790   49.700878   57.032790    3.561442    0.00000000   0.0000   0.6411 11-[ 7, 0, 5]
 219   12    57.702958   50.371046   57.702958    3.579935    0.00000000   0.0000   0.5643 11-[ 9, 4, 5]
 220   12    59.555675   52.223763   59.555675    3.630570    0.00000000   0.0000   0.6498 11-[ 9, 3, 6]
 221   12    64.630448   57.298537   64.630448    3.765778    0.00000000   0.0000   0.6424 11-[ 7, 1, 6]
 222   13    26.389881   19.057969   26.389881    2.577848    0.00000000   0.0000   0.8671 13+[ 6, 0, 6]
 223   13    39.211400   31.879489   39.211400    3.028522    0.00000000   0.0000   0.5546 13+[10, 0, 6]
 224   13    44.553269   37.221358   44.553269    3.197597    0.00000000   0.0000   0.6587 13+[ 8, 2, 6]
 225   13    46.022441   38.690530   46.022441    3.242552    0.00000000   0.0000   0.5875 13+[ 8, 1, 7]
 226   13    62.935664   55.603753   62.935664    3.721170    0.00000000   0.0000   0.5655 13+[ 8, 2, 6]
 227   13    64.692716   57.360805   64.692716    3.767407    0.00000000   0.0000   0.5422 13+[10, 4, 6]
 228   13    65.492375   58.160464   65.492375    3.788263    0.00000000   0.0000   0.6733 13+[ 8, 0, 6]
 229   13    65.819575   58.487663   65.819575    3.796764    0.00000000   0.0000   0.6529 13+[10, 3, 7]
 230   14    37.095859   29.763947   37.095859    2.958893    0.00000000   0.0000   0.8136 13-[ 7, 1, 6]
 231   14    40.115479   32.783568   40.115479    3.057794    0.00000000   0.0000   0.6536 13-[ 7, 0, 7]
 232   14    52.758267   45.426355   52.758267    3.441151    0.00000000   0.0000   0.5832 13-[ 9, 1, 6]
 233   14    57.437220   50.105308   57.437220    3.572614    0.00000000   0.0000   0.6888 13-[ 9, 3, 6]
 234   14    59.443986   52.112074   59.443986    3.627537    0.00000000   0.0000   0.7155 13-[ 9, 2, 7]
 235   14    64.300739   56.968828   64.300739    3.757141    0.00000000   0.0000   0.6717 13-[ 7, 0, 7]
 236   15    44.336996   37.005084   44.336996    3.190926    0.00000000   0.0000   0.7271 15+[ 8, 1, 7]
 237   15    45.935223   38.603311   45.935223    3.239901    0.00000000   0.0000   0.6189 15+[ 8, 0, 8]
 238   15    62.346677   55.014765   62.346677    3.705542    0.00000000   0.0000   0.6223 15+[ 8, 1, 7]
 239   15    64.522653   57.190741   64.522653    3.762957    0.00000000   0.0000   0.6645 15+[10, 3, 7]
 240   15    65.750361   58.418450   65.750361    3.794967    0.00000000   0.0000   0.7162 15+[10, 2, 8]
 241   16    36.674049   29.342137   36.674049    2.944813    0.00000000   0.0000   0.8640 15-[ 7, 0, 7]
 242   16    52.271455   44.939543   52.271455    3.427184    0.00000000   0.0000   0.6804 15-[ 9, 0, 7]
 243   16    57.146704   49.814793   57.146704    3.564592    0.00000000   0.0000   0.7827 15-[ 9, 2, 7]
 244   16    59.320319   51.988407   59.320319    3.624177    0.00000000   0.0000   0.7662 15-[ 9, 1, 8]
 245   17    44.127154   36.795242   44.127154    3.184439    0.00000000   0.0000   0.7672 17+[ 8, 0, 8]
 246   17    61.781493   54.449581   61.781493    3.690483    0.00000000   0.0000   0.6391 17+[ 8, 0, 8]
 247   17    64.349179   57.017267   64.349179    3.758412    0.00000000   0.0000   0.7564 17+[10, 2, 8]
 248   17    65.677294   58.345383   65.677294    3.793070    0.00000000   0.0000   0.7628 17+[10, 1, 9]
 249   18    56.845029   49.513118   56.845029    3.556244    0.00000000   0.0000   0.8498 17-[ 9, 1, 8]
 250   18    59.210564   51.878653   59.210564    3.621192    0.00000000   0.0000   0.7994 17-[ 9, 0, 9]
 251   19    64.177192   56.845280   64.177192    3.753900    0.00000000   0.0000   0.8165 19+[10, 1, 9]
 252   19    65.613848   58.281937   65.613848    3.791421    0.00000000   0.0000   0.7919 19+[10, 0,10]
 253   20    56.567221   49.235309   56.567221    3.548538    0.00000000   0.0000   0.8854 19-[ 9, 0, 9]
 254   21    64.021871   56.689959   64.021871    3.749821    0.00000000   0.0000   0.8463 21+[10, 0,10]
#all active are  254 q.p. states out of  455
#since the cut off is pwi=  60.0
#check: number of neutrons=  29.0


 #canonical s.p. energies neutrons
 ---------------------------------


  labels -> {2*omega}{parity}[nn=nz+2*nr+nl,nz,nl]
  cqpe   -> canonical q.p. energies
  ce     -> canonical s.p. energies
  fermi energy=  -9.0674515331347969     
  average cdelt=   9.2668081782912882E-007
  k0      ceqp        ce         v*v       u*v        cdel     overl      labels
   1   -2.673426  -11.990397   1.00000000   0.00000009  -0.0000   0.7514  1+[ 2, 2, 0]
   2    1.533865  -16.197688   1.00000000   0.00000015  -0.0000   0.6442  1+[ 2, 0, 0]
   3    1.575744    1.575744   0.00000000   0.00000014  -0.0000   0.5689  1+[ 4, 1, 1]
   4    3.346579    3.346579   0.00000000   0.00000005  -0.0000   0.5075  1+[ 4, 0, 0]
   5    5.067329    5.067329   0.00000000   0.00000010  -0.0000   0.5860  1+[ 4, 3, 1]
   6    5.480787  -20.144610   1.00000000   0.00000011  -0.0000   0.6811  1+[ 2, 0, 0]
   7    6.253152    6.253152   0.00000000   0.00000003  -0.0000   0.5199  1+[ 4, 4, 0]
   8   10.449935   10.449935   0.00000000   0.00000002  -0.0000   0.4277  1+[ 4, 3, 1]
   9   15.694525   15.694525   0.00000000   0.00000002  -0.0000   0.4602  1+[ 8, 0, 0]
  10   16.702707   16.702707   0.00000000   0.00000001  -0.0000   0.2914  1+[ 8, 1, 1]
  11   17.208311   17.208311   0.00000000   0.00000001  -0.0000   0.3462  1+[ 4, 3, 1]
  12   18.805817   18.805817   0.00000000   0.00000001  -0.0000   0.5190  1+[ 4, 4, 0]
  13   21.256846   21.256846   0.00000000   0.00000001  -0.0000   0.3530  1+[ 4, 3, 1]
  14   21.436023   21.436023   0.00000000   0.00000001  -0.0000   0.4233  1+[ 6, 3, 1]
  15   24.149847   24.149847   0.00000000   0.00000000  -0.0000   0.3153  1+[ 6, 3, 1]
  16   28.705264  -43.369087   1.00000000   0.00000001  -0.0000   0.9860  1+[ 0, 0, 0]
  17   33.429725   33.429725   0.00000000   0.00000001  -0.0000   0.3531  1+[ 6, 2, 0]
  18   36.168271   36.168271   0.00000000   0.00000001  -0.0000   0.3716  1+[ 6, 0, 0]
  19   37.614963   37.614963   0.00000000   0.00000001  -0.0000   0.4082  1+[ 6, 0, 0]
  20   37.966233   37.966233   0.00000000   0.00000000  -0.0000   0.3695  1+[ 8, 4, 0]
  21   38.955915   38.955915   0.00000000   0.00000001  -0.0000   0.3358  1+[ 6, 0, 0]
  22   38.975049   38.975049   0.00000000   0.00000000  -0.0000   0.3199  1+[10, 3, 1]
  23   40.453542   40.453542   0.00000000   0.00000001  -0.0000   0.4497  1+[ 6, 6, 0]
  24   41.898519   41.898519   0.00000000   0.00000001  -0.0000   0.4367  1+[ 6, 5, 1]
  25   42.175941   42.175941   0.00000000   0.00000001  -0.0000   0.4329  1+[ 6, 3, 1]
  26   57.320874   57.320874   0.00000000   0.00000000  -0.0000   0.4163  1+[10, 6, 0]
  27   58.358334   58.358334   0.00000000   0.00000000  -0.0000   0.3333  1+[10, 3, 1]
  28   58.668272   58.668272   0.00000000   0.00000000  -0.0000   0.4027  1+[10, 5, 1]
  29   59.568851   59.568851   0.00000000   0.00000001  -0.0000   0.3802  1+[ 8, 6, 0]
  30    0.000000    0.000000   0.00000000   0.00000000  -0.0000   0.0000  1+[12, 0, 0]
  31    0.000000    0.000000   0.00000000   0.00000000  -0.0000   0.0000  1+[12, 0, 0]
  32    0.000000    0.000000   0.00000000   0.00000000  -0.0000   0.0000  1+[12, 0, 0]
  33    0.000000    0.000000   0.00000000   0.00000000  -0.0000   0.0000  1+[12, 0, 0]
  34    0.000000    0.000000   0.00000000   0.00000000  -0.0000   0.0000  1+[12, 0, 0]
  35    0.000000    0.000000   0.00000000   0.00000000  -0.0000   0.0000  1+[12, 0, 0]
  36    0.000000    0.000000   0.00000000   0.00000000  -0.0000   0.0000  1+[12, 0, 0]
  37    0.000000    0.000000   0.00000000   0.00000000  -0.0000   0.0000  1+[12, 0, 0]
  38    0.000000    0.000000   0.00000000   0.00000000  -0.0000   0.0000  1+[12, 0, 0]
  39    0.000000    0.000000   0.00000000   0.00000000  -0.0000   0.0000  1+[12, 0, 0]
  40    0.000000    0.000000   0.00000000   0.00000000  -0.0000   0.0000  1+[12, 0, 0]
  41    0.000000    0.000000   0.00000000   0.00000000  -0.0000   0.0000  1+[12, 0, 0]
  42    0.000000    0.000000   0.00000000   0.00000000  -0.0000   0.0000  1+[12, 0, 0]
  43    0.000000    0.000000   0.00000000   0.00000000  -0.0000   0.0000  1+[12, 0, 0]
  44    0.000000    0.000000   0.00000000   0.00000000  -0.0000   0.0000  1+[12, 0, 0]
  45    0.000000    0.000000   0.00000000   0.00000000  -0.0000   0.0000  1+[12, 0, 0]
  46    0.000000    0.000000   0.00000000   0.00000000  -0.0000   0.0000  1+[12, 0, 0]
  47    0.000000    0.000000   0.00000000   0.00000000  -0.0000   0.0000  1+[12, 0, 0]
  48    0.000000    0.000000   0.00000000   0.00000000  -0.0000   0.0000  1+[12, 0, 0]
  49    0.000000    0.000000   0.00000000   0.00000000  -0.0000   0.0000  1+[12, 0, 0]
  50   -5.596371   -9.067452   1.00000000   0.00000032  -0.0000   0.6766  1-[ 3, 1, 0]
  51   -5.163373   -5.163373   0.00000000   0.00000023  -0.0000   0.6268  1-[ 3, 0, 1]
  52   -2.917833   -2.917833   0.00000000   0.00000008  -0.0000   0.6056  1-[ 3, 3, 0]
  53    1.040815    1.040815   0.00000000   0.00000005  -0.0000   0.6051  1-[ 3, 2, 1]
  54   10.159448   10.159448   0.00000000   0.00000002  -0.0000   0.4504  1-[ 5, 0, 1]
  55   11.202569   11.202569   0.00000000   0.00000004  -0.0000   0.4465  1-[ 5, 1, 0]
  56   11.550212   11.550212   0.00000000   0.00000007  -0.0000   0.3431  1-[ 5, 5, 0]
  57   13.080420  -27.744243   1.00000000   0.00000008  -0.0000   0.8277  1-[ 1, 1, 0]
  58   13.192051   13.192051   0.00000000   0.00000002  -0.0000   0.4935  1-[ 5, 3, 0]
  59   14.173932   14.173932   0.00000000   0.00000003  -0.0000   0.3018  1-[ 5, 4, 1]
  60   17.004012  -31.667835   1.00000000   0.00000000  -0.0000   0.8232  1-[ 1, 0, 1]
  61   18.502186   18.502186   0.00000000   0.00000001  -0.0000   0.3665  1-[ 5, 2, 1]
  62   25.982157   25.982157   0.00000000   0.00000001  -0.0000   0.3570  1-[ 9, 1, 0]
  63   27.695076   27.695076   0.00000000   0.00000001  -0.0000   0.3580  1-[ 5, 0, 1]
  64   29.680499   29.680499   0.00000000   0.00000001  -0.0000   0.4101  1-[ 5, 0, 1]
  65   30.677858   30.677858   0.00000000   0.00000001  -0.0000   0.3735  1-[ 5, 1, 0]
  66   31.376336   31.376336   0.00000000   0.00000000  -0.0000   0.4137  1-[ 7, 3, 0]
  67   32.405402   32.405402   0.00000000   0.00000001  -0.0000   0.5105  1-[ 5, 5, 0]
  68   33.147589   33.147589   0.00000000   0.00000001  -0.0000   0.3619  1-[ 9, 8, 1]
  69   33.923917   33.923917   0.00000000   0.00000001  -0.0000   0.3448  1-[ 9, 2, 1]
  70   47.539345   47.539345   0.00000000   0.00000001  -0.0000   0.3184  1-[ 7, 3, 0]
  71   50.828442   50.828442   0.00000000   0.00000000  -0.0000   0.3068  1-[ 9, 7, 0]
  72   51.417990   51.417990   0.00000000   0.00000000  -0.0000   0.3864  1-[ 9, 4, 1]
  73   52.477193   52.477193   0.00000000   0.00000000  -0.0000   0.4055  1-[ 9, 5, 0]
  74   54.068137   54.068137   0.00000000   0.00000001  -0.0000   0.3314  1-[ 7, 6, 1]
  75   56.934864   56.934864   0.00000000   0.00000001  -0.0000   0.3737  1-[ 7, 0, 1]
  76   58.489443   58.489443   0.00000000   0.00000001  -0.0000   0.3700  1-[ 7, 4, 1]
  77   58.665877   58.665877   0.00000000   0.00000001  -0.0000   0.4341  1-[ 7, 0, 1]
  78   59.925146   59.925146   0.00000000   0.00000001  -0.0000   0.5121  1-[ 7, 7, 0]
  79    0.000000    0.000000   0.00000000   0.00000000  -0.0000   0.0000  1-[11, 1, 0]
  80    0.000000    0.000000   0.00000000   0.00000000  -0.0000   0.0000  1-[11, 1, 0]
  81    0.000000    0.000000   0.00000000   0.00000000  -0.0000   0.0000  1-[11, 1, 0]
  82    0.000000    0.000000   0.00000000   0.00000000  -0.0000   0.0000  1-[11, 1, 0]
  83    0.000000    0.000000   0.00000000   0.00000000  -0.0000   0.0000  1-[11, 1, 0]
  84    0.000000    0.000000   0.00000000   0.00000000  -0.0000   0.0000  1-[11, 1, 0]
  85    0.000000    0.000000   0.00000000   0.00000000  -0.0000   0.0000  1-[11, 1, 0]
  86    0.000000    0.000000   0.00000000   0.00000000  -0.0000   0.0000  1-[11, 1, 0]
  87    0.000000    0.000000   0.00000000   0.00000000  -0.0000   0.0000  1-[11, 1, 0]
  88    0.000000    0.000000   0.00000000   0.00000000  -0.0000   0.0000  1-[11, 1, 0]
  89    0.000000    0.000000   0.00000000   0.00000000  -0.0000   0.0000  1-[11, 1, 0]
  90    0.000000    0.000000   0.00000000   0.00000000  -0.0000   0.0000  1-[11, 1, 0]
  91    0.000000    0.000000   0.00000000   0.00000000  -0.0000   0.0000  1-[11, 1, 0]
  92    0.001872  -14.665695   1.00000000   0.00000004  -0.0000   0.7766  3+[ 2, 0, 2]
  93    1.399429    1.399429   0.00000000   0.00000005  -0.0000   0.6820  3+[ 4, 1, 1]
  94    3.868778    3.868778   0.00000000   0.00000003  -0.0000   0.5154  3+[ 4, 3, 1]
  95    5.143102    5.143102   0.00000000   0.00000004  -0.0000   0.4599  3+[ 4, 0, 2]
  96    5.898602  -20.562425   1.00000000   0.00000001  -0.0000   0.7769  3+[ 2, 1, 1]
  97   10.091859   10.091859   0.00000000   0.00000002  -0.0000   0.5474  3+[ 4, 2, 2]
  98   15.748501   15.748501   0.00000000   0.00000002  -0.0000   0.3379  3+[ 8, 0, 2]
  99   16.737402   16.737402   0.00000000   0.00000001  -0.0000   0.3324  3+[ 6, 5, 1]
 100   17.557754   17.557754   0.00000000   0.00000001  -0.0000   0.4202  3+[ 4, 0, 2]
 101   20.994421   20.994421   0.00000000   0.00000001  -0.0000   0.4268  3+[ 4, 2, 2]
 102   21.308043   21.308043   0.00000000   0.00000001  -0.0000   0.4569  3+[ 6, 3, 1]
 103   24.095768   24.095768   0.00000000   0.00000000  -0.0000   0.3217  3+[ 8, 2, 2]
 104   33.336116   33.336116   0.00000000   0.00000001  -0.0000   0.3176  3+[ 6, 2, 2]
 105   36.054520   36.054520   0.00000000   0.00000001  -0.0000   0.4379  3+[ 6, 1, 1]
 106   37.512493   37.512493   0.00000000   0.00000001  -0.0000   0.4600  3+[ 6, 5, 1]
 107   37.922509   37.922509   0.00000000   0.00000000  -0.0000   0.3529  3+[ 8, 4, 2]
 108   38.960160   38.960160   0.00000000   0.00000000  -0.0000   0.3526  3+[ 8, 4, 2]
 109   39.435122   39.435122   0.00000000   0.00000001  -0.0000   0.5404  3+[ 6, 0, 2]
 110   41.565618   41.565618   0.00000000   0.00000001  -0.0000   0.4093  3+[ 6, 4, 2]
 111   42.033886   42.033886   0.00000000   0.00000001  -0.0000   0.4052  3+[ 6, 4, 2]
 112   57.271216   57.271216   0.00000000   0.00000000  -0.0000   0.4072  3+[10, 7, 1]
 113   58.269048   58.269048   0.00000000   0.00000000  -0.0000   0.3487  3+[10, 3, 1]
 114   58.660868   58.660868   0.00000000   0.00000000  -0.0000   0.4028  3+[10, 6, 2]
 115   59.485783   59.485783   0.00000000   0.00000001  -0.0000   0.3831  3+[ 8, 5, 1]
 116    0.000000    0.000000   0.00000000   0.00000000  -0.0000   0.0000  3+[12, 1, 1]
 117    0.000000    0.000000   0.00000000   0.00000000  -0.0000   0.0000  3+[12, 1, 1]
 118    0.000000    0.000000   0.00000000   0.00000000  -0.0000   0.0000  3+[12, 1, 1]
 119    0.000000    0.000000   0.00000000   0.00000000  -0.0000   0.0000  3+[12, 1, 1]
 120    0.000000    0.000000   0.00000000   0.00000000  -0.0000   0.0000  3+[12, 1, 1]
 121    0.000000    0.000000   0.00000000   0.00000000  -0.0000   0.0000  3+[12, 1, 1]
 122    0.000000    0.000000   0.00000000   0.00000000  -0.0000   0.0000  3+[12, 1, 1]
 123    0.000000    0.000000   0.00000000   0.00000000  -0.0000   0.0000  3+[12, 1, 1]
 124    0.000000    0.000000   0.00000000   0.00000000  -0.0000   0.0000  3+[12, 1, 1]
 125    0.000000    0.000000   0.00000000   0.00000000  -0.0000   0.0000  3+[12, 1, 1]
 126    0.000000    0.000000   0.00000000   0.00000000  -0.0000   0.0000  3+[12, 1, 1]
 127    0.000000    0.000000   0.00000000   0.00000000  -0.0000   0.0000  3+[12, 1, 1]
 128    0.000000    0.000000   0.00000000   0.00000000  -0.0000   0.0000  3+[12, 1, 1]
 129    0.000000    0.000000   0.00000000   0.00000000  -0.0000   0.0000  3+[12, 1, 1]
 130    0.000000    0.000000   0.00000000   0.00000000  -0.0000   0.0000  3+[12, 1, 1]
 131    0.000000    0.000000   0.00000000   0.00000000  -0.0000   0.0000  3+[12, 1, 1]
 132    0.000000    0.000000   0.00000000   0.00000000  -0.0000   0.0000  3+[12, 1, 1]
 133    0.000000    0.000000   0.00000000   0.00000000  -0.0000   0.0000  3+[12, 1, 1]
 134   -6.386148   -6.386148   0.00000000   0.00000040  -0.0000   0.6542  3-[ 3, 0, 1]
 135   -5.273770   -9.390053   1.00000000   0.00000024  -0.0000   0.6123  3-[ 3, 0, 1]
 136   -0.185370   -0.185370   0.00000000   0.00000006  -0.0000   0.7122  3-[ 3, 1, 2]
 137    9.944808    9.944808   0.00000000   0.00000002  -0.0000   0.5549  3-[ 5, 0, 1]
 138   11.091444   11.091444   0.00000000   0.00000002  -0.0000   0.5068  3-[ 5, 2, 1]
 139   12.889372   12.889372   0.00000000   0.00000002  -0.0000   0.5419  3-[ 5, 3, 2]
 140   13.813746   13.813746   0.00000000   0.00000001  -0.0000   0.3470  3-[ 5, 1, 2]
 141   17.948566  -32.612389   1.00000000   0.00000000  -0.0000   0.9812  3-[ 1, 0, 1]
 142   18.366802   18.366802   0.00000000   0.00000001  -0.0000   0.4223  3-[ 5, 3, 2]
 143   25.935600   25.935600   0.00000000   0.00000001  -0.0000   0.3109  3-[ 9, 1, 2]
 144   27.482068   27.482068   0.00000000   0.00000001  -0.0000   0.4729  3-[ 5, 0, 1]
 145   28.847942   28.847942   0.00000000   0.00000001  -0.0000   0.3835  3-[ 5, 0, 1]
 146   31.287452   31.287452   0.00000000   0.00000000  -0.0000   0.4179  3-[ 7, 4, 1]
 147   31.362863   31.362863   0.00000000   0.00000001  -0.0000   0.4286  3-[ 5, 1, 2]
 148   33.040878   33.040878   0.00000000   0.00000001  -0.0000   0.4020  3-[ 9, 7, 2]
 149   33.767992   33.767992   0.00000000   0.00000001  -0.0000   0.3274  3-[ 9, 2, 1]
 150   47.414737   47.414737   0.00000000   0.00000001  -0.0000   0.3354  3-[ 9, 6, 1]
 151   50.777668   50.777668   0.00000000   0.00000000  -0.0000   0.3125  3-[ 9, 6, 1]
 152   51.314845   51.314845   0.00000000   0.00000000  -0.0000   0.4263  3-[ 9, 4, 1]
 153   52.462137   52.462137   0.00000000   0.00000000  -0.0000   0.4413  3-[ 9, 5, 2]
 154   53.913537   53.913537   0.00000000   0.00000001  -0.0000   0.4051  3-[ 7, 0, 1]
 155   56.197082   56.197082   0.00000000   0.00000001  -0.0000   0.4837  3-[ 7, 0, 1]
 156   58.394252   58.394252   0.00000000   0.00000001  -0.0000   0.3737  3-[ 7, 3, 2]
 157   59.077647   59.077647   0.00000000   0.00000001  -0.0000   0.3864  3-[ 7, 3, 2]
 158    0.000000    0.000000   0.00000000   0.00000000  -0.0000   0.0000  3-[11, 0, 1]
 159    0.000000    0.000000   0.00000000   0.00000000  -0.0000   0.0000  3-[11, 0, 1]
 160    0.000000    0.000000   0.00000000   0.00000000  -0.0000   0.0000  3-[11, 0, 1]
 161    0.000000    0.000000   0.00000000   0.00000000  -0.0000   0.0000  3-[11, 0, 1]
 162    0.000000    0.000000   0.00000000   0.00000000  -0.0000   0.0000  3-[11, 0, 1]
 163    0.000000    0.000000   0.00000000   0.00000000  -0.0000   0.0000  3-[11, 0, 1]
 164    0.000000    0.000000   0.00000000   0.00000000  -0.0000   0.0000  3-[11, 0, 1]
 165    0.000000    0.000000   0.00000000   0.00000000  -0.0000   0.0000  3-[11, 0, 1]
 166    0.000000    0.000000   0.00000000   0.00000000  -0.0000   0.0000  3-[11, 0, 1]
 167    0.000000    0.000000   0.00000000   0.00000000  -0.0000   0.0000  3-[11, 0, 1]
 168    0.000000    0.000000   0.00000000   0.00000000  -0.0000   0.0000  3-[11, 0, 1]
 169    0.000000    0.000000   0.00000000   0.00000000  -0.0000   0.0000  3-[11, 0, 1]
 170    0.984743    0.984743   0.00000000   0.00000005  -0.0000   0.5898  5+[ 4, 0, 2]
 171    2.725026    2.725026   0.00000000   0.00000003  -0.0000   0.5732  5+[ 4, 2, 2]
 172    7.094685  -21.758508   1.00000000   0.00000000  -0.0000   0.9755  5+[ 2, 0, 2]
 173    9.398791    9.398791   0.00000000   0.00000002  -0.0000   0.6510  5+[ 4, 1, 3]
 174   15.321238   15.321238   0.00000000   0.00000002  -0.0000   0.5137  5+[ 8, 0, 2]
 175   16.591495   16.591495   0.00000000   0.00000001  -0.0000   0.3350  5+[ 6, 4, 2]
 176   20.558162   20.558162   0.00000000   0.00000001  -0.0000   0.4713  5+[ 4, 1, 3]
 177   21.043113   21.043113   0.00000000   0.00000001  -0.0000   0.4518  5+[ 6, 2, 2]
 178   23.991843   23.991843   0.00000000   0.00000000  -0.0000   0.3836  5+[ 6, 3, 3]
 179   33.158630   33.158630   0.00000000   0.00000001  -0.0000   0.3857  5+[ 6, 2, 2]
 180   35.801692   35.801692   0.00000000   0.00000001  -0.0000   0.4931  5+[ 6, 0, 2]
 181   36.766428   36.766428   0.00000000   0.00000001  -0.0000   0.4622  5+[ 6, 0, 2]
 182   37.839995   37.839995   0.00000000   0.00000000  -0.0000   0.4135  5+[ 8, 4, 2]
 183   38.936925   38.936925   0.00000000   0.00000000  -0.0000   0.3709  5+[10, 7, 3]
 184   40.908860   40.908860   0.00000000   0.00000001  -0.0000   0.5176  5+[ 6, 1, 3]
 185   41.756731   41.756731   0.00000000   0.00000001  -0.0000   0.5104  5+[ 6, 3, 3]
 186   57.157752   57.157752   0.00000000   0.00000000  -0.0000   0.4516  5+[10, 6, 2]
 187   58.107687   58.107687   0.00000000   0.00000000  -0.0000   0.3416  5+[10, 2, 2]
 188   58.645135   58.645135   0.00000000   0.00000000  -0.0000   0.4544  5+[10, 5, 3]
 189   59.326763   59.326763   0.00000000   0.00000001  -0.0000   0.4093  5+[ 8, 6, 2]
 190    0.000000    0.000000   0.00000000   0.00000000  -0.0000   0.0000  5+[12, 0, 2]
 191    0.000000    0.000000   0.00000000   0.00000000  -0.0000   0.0000  5+[12, 0, 2]
 192    0.000000    0.000000   0.00000000   0.00000000  -0.0000   0.0000  5+[12, 0, 2]
 193    0.000000    0.000000   0.00000000   0.00000000  -0.0000   0.0000  5+[12, 0, 2]
 194    0.000000    0.000000   0.00000000   0.00000000  -0.0000   0.0000  5+[12, 0, 2]
 195    0.000000    0.000000   0.00000000   0.00000000  -0.0000   0.0000  5+[12, 0, 2]
 196    0.000000    0.000000   0.00000000   0.00000000  -0.0000   0.0000  5+[12, 0, 2]
 197    0.000000    0.000000   0.00000000   0.00000000  -0.0000   0.0000  5+[12, 0, 2]
 198    0.000000    0.000000   0.00000000   0.00000000  -0.0000   0.0000  5+[12, 0, 2]
 199    0.000000    0.000000   0.00000000   0.00000000  -0.0000   0.0000  5+[12, 0, 2]
 200    0.000000    0.000000   0.00000000   0.00000000  -0.0000   0.0000  5+[12, 0, 2]
 201    0.000000    0.000000   0.00000000   0.00000000  -0.0000   0.0000  5+[12, 0, 2]
 202    0.000000    0.000000   0.00000000   0.00000000  -0.0000   0.0000  5+[12, 0, 2]
 203    0.000000    0.000000   0.00000000   0.00000000  -0.0000   0.0000  5+[12, 0, 2]
 204    0.000000    0.000000   0.00000000   0.00000000  -0.0000   0.0000  5+[12, 0, 2]
 205    0.000000    0.000000   0.00000000   0.00000000  -0.0000   0.0000  5+[12, 0, 2]
 206   -4.658614  -10.005209   1.00000000   0.00000018  -0.0000   0.8551  5-[ 3, 1, 2]
 207   -1.922180   -1.922180   0.00000000   0.00000008  -0.0000   0.8236  5-[ 3, 0, 3]
 208   10.758605   10.758605   0.00000000   0.00000002  -0.0000   0.6427  5-[ 5, 1, 2]
 209   12.274229   12.274229   0.00000000   0.00000002  -0.0000   0.6703  5-[ 5, 3, 2]
 210   13.101761   13.101761   0.00000000   0.00000001  -0.0000   0.4798  5-[ 5, 0, 3]
 211   18.092669   18.092669   0.00000000   0.00000001  -0.0000   0.5242  5-[ 5, 2, 3]
 212   25.844423   25.844423   0.00000000   0.00000001  -0.0000   0.4103  5-[ 9, 1, 2]
 213   27.186727   27.186727   0.00000000   0.00000001  -0.0000   0.4125  5-[ 5, 3, 2]
 214   30.118309   30.118309   0.00000000   0.00000001  -0.0000   0.5646  5-[ 5, 0, 3]
 215   31.127486   31.127486   0.00000000   0.00000000  -0.0000   0.4835  5-[ 7, 3, 2]
 216   32.791016   32.791016   0.00000000   0.00000001  -0.0000   0.4584  5-[ 5, 2, 3]
 217   33.545178   33.545178   0.00000000   0.00000000  -0.0000   0.3961  5-[ 9, 2, 3]
 218   47.173229   47.173229   0.00000000   0.00000001  -0.0000   0.3452  5-[ 7, 3, 2]
 219   50.670308   50.670308   0.00000000   0.00000000  -0.0000   0.3586  5-[ 9, 7, 2]
 220   51.122815   51.122815   0.00000000   0.00000000  -0.0000   0.4047  5-[ 9, 4, 3]
 221   52.431171   52.431171   0.00000000   0.00000000  -0.0000   0.4571  5-[ 9, 4, 3]
 222   53.634194   53.634194   0.00000000   0.00000001  -0.0000   0.3955  5-[ 7, 3, 2]
 223   58.149674   58.149674   0.00000000   0.00000001  -0.0000   0.5772  5-[ 7, 0, 3]
 224   58.210425   58.210425   0.00000000   0.00000001  -0.0000   0.4053  5-[ 7, 4, 3]
 225    0.000000    0.000000   0.00000000   0.00000000  -0.0000   0.0000  5-[11, 1, 2]
 226    0.000000    0.000000   0.00000000   0.00000000  -0.0000   0.0000  5-[11, 1, 2]
 227    0.000000    0.000000   0.00000000   0.00000000  -0.0000   0.0000  5-[11, 1, 2]
 228    0.000000    0.000000   0.00000000   0.00000000  -0.0000   0.0000  5-[11, 1, 2]
 229    0.000000    0.000000   0.00000000   0.00000000  -0.0000   0.0000  5-[11, 1, 2]
 230    0.000000    0.000000   0.00000000   0.00000000  -0.0000   0.0000  5-[11, 1, 2]
 231    0.000000    0.000000   0.00000000   0.00000000  -0.0000   0.0000  5-[11, 1, 2]
 232    0.000000    0.000000   0.00000000   0.00000000  -0.0000   0.0000  5-[11, 1, 2]
 233    0.000000    0.000000   0.00000000   0.00000000  -0.0000   0.0000  5-[11, 1, 2]
 234    0.000000    0.000000   0.00000000   0.00000000  -0.0000   0.0000  5-[11, 1, 2]
 235    0.000000    0.000000   0.00000000   0.00000000  -0.0000   0.0000  5-[11, 1, 2]
 236    0.334726    0.334726   0.00000000   0.00000006  -0.0000   0.8789  7+[ 4, 1, 3]
 237    8.513193    8.513193   0.00000000   0.00000002  -0.0000   0.7424  7+[ 4, 0, 4]
 238   16.433217   16.433217   0.00000000   0.00000001  -0.0000   0.4678  7+[ 6, 1, 3]
 239   19.975261   19.975261   0.00000000   0.00000001  -0.0000   0.4860  7+[ 4, 0, 4]
 240   20.653701   20.653701   0.00000000   0.00000001  -0.0000   0.5789  7+[ 6, 3, 3]
 241   23.841203   23.841203   0.00000000   0.00000000  -0.0000   0.4623  7+[ 6, 2, 4]
 242   32.908964   32.908964   0.00000000   0.00000001  -0.0000   0.3515  7+[ 6, 1, 3]
 243   35.434559   35.434559   0.00000000   0.00000001  -0.0000   0.4827  7+[ 6, 1, 3]
 244   37.728508   37.728508   0.00000000   0.00000000  -0.0000   0.4270  7+[ 8, 3, 3]
 245   38.899710   38.899710   0.00000000   0.00000000  -0.0000   0.4136  7+[ 8, 4, 4]
 246   39.958746   39.958746   0.00000000   0.00000001  -0.0000   0.6401  7+[ 6, 0, 4]
 247   41.365630   41.365630   0.00000000   0.00000001  -0.0000   0.5946  7+[ 6, 2, 4]
 248   56.950422   56.950422   0.00000000   0.00000000  -0.0000   0.4055  7+[10, 7, 3]
 249   57.908344   57.908344   0.00000000   0.00000000  -0.0000   0.4006  7+[10, 3, 3]
 250   58.619980   58.619980   0.00000000   0.00000000  -0.0000   0.4647  7+[10, 4, 4]
 251   59.105675   59.105675   0.00000000   0.00000001  -0.0000   0.4907  7+[ 8, 5, 3]
 252    0.000000    0.000000   0.00000000   0.00000000  -0.0000   0.0000  7+[12, 1, 3]
 253    0.000000    0.000000   0.00000000   0.00000000  -0.0000   0.0000  7+[12, 1, 3]
 254    0.000000    0.000000   0.00000000   0.00000000  -0.0000   0.0000  7+[12, 1, 3]
 255    0.000000    0.000000   0.00000000   0.00000000  -0.0000   0.0000  7+[12, 1, 3]
 256    0.000000    0.000000   0.00000000   0.00000000  -0.0000   0.0000  7+[12, 1, 3]
 257    0.000000    0.000000   0.00000000   0.00000000  -0.0000   0.0000  7+[12, 1, 3]
 258    0.000000    0.000000   0.00000000   0.00000000  -0.0000   0.0000  7+[12, 1, 3]
 259    0.000000    0.000000   0.00000000   0.00000000  -0.0000   0.0000  7+[12, 1, 3]
 260    0.000000    0.000000   0.00000000   0.00000000  -0.0000   0.0000  7+[12, 1, 3]
 261    0.000000    0.000000   0.00000000   0.00000000  -0.0000   0.0000  7+[12, 1, 3]
 262    0.000000    0.000000   0.00000000   0.00000000  -0.0000   0.0000  7+[12, 1, 3]
 263    0.000000    0.000000   0.00000000   0.00000000  -0.0000   0.0000  7+[12, 1, 3]
 264    0.000000    0.000000   0.00000000   0.00000000  -0.0000   0.0000  7+[12, 1, 3]
 265    0.000000    0.000000   0.00000000   0.00000000  -0.0000   0.0000  7+[12, 1, 3]
 266   -3.544108  -11.119715   1.00000000   0.00000013  -0.0000   0.9704  7-[ 3, 0, 3]
 267   10.445546   10.445546   0.00000000   0.00000002  -0.0000   0.7349  7-[ 5, 0, 3]
 268   11.432704   11.432704   0.00000000   0.00000002  -0.0000   0.7952  7-[ 5, 2, 3]
 269   17.687069   17.687069   0.00000000   0.00000001  -0.0000   0.6068  7-[ 5, 1, 4]
 270   25.707944   25.707944   0.00000000   0.00000001  -0.0000   0.3918  7-[ 9, 0, 3]
 271   26.402455   26.402455   0.00000000   0.00000001  -0.0000   0.5107  7-[ 5, 0, 3]
 272   30.887250   30.887250   0.00000000   0.00000001  -0.0000   0.4924  7-[ 7, 4, 3]
 273   32.367510   32.367510   0.00000000   0.00000001  -0.0000   0.5593  7-[ 5, 1, 4]
 274   33.339803   33.339803   0.00000000   0.00000000  -0.0000   0.4366  7-[ 7, 3, 4]
 275   46.829227   46.829227   0.00000000   0.00000001  -0.0000   0.4151  7-[ 9, 6, 3]
 276   50.483834   50.483834   0.00000000   0.00000001  -0.0000   0.3990  7-[ 9, 6, 3]
 277   50.874986   50.874986   0.00000000   0.00000000  -0.0000   0.5474  7-[ 9, 4, 3]
 278   52.382647   52.382647   0.00000000   0.00000000  -0.0000   0.4747  7-[ 9, 5, 4]
 279   53.019407   53.019407   0.00000000   0.00000001  -0.0000   0.5997  7-[ 7, 0, 3]
 280   57.940942   57.940942   0.00000000   0.00000001  -0.0000   0.5328  7-[ 7, 3, 4]
 282    0.000000    0.000000   0.00000000   0.00000000  -0.0000   0.0000  7-[11, 0, 3]
 283    0.000000    0.000000   0.00000000   0.00000000  -0.0000   0.0000  7-[11, 0, 3]
 284    0.000000    0.000000   0.00000000   0.00000000  -0.0000   0.0000  7-[11, 0, 3]
 285    0.000000    0.000000   0.00000000   0.00000000  -0.0000   0.0000  7-[11, 0, 3]
 286    0.000000    0.000000   0.00000000   0.00000000  -0.0000   0.0000  7-[11, 0, 3]
 287    0.000000    0.000000   0.00000000   0.00000000  -0.0000   0.0000  7-[11, 0, 3]
 288    0.000000    0.000000   0.00000000   0.00000000  -0.0000   0.0000  7-[11, 0, 3]
 289    0.000000    0.000000   0.00000000   0.00000000  -0.0000   0.0000  7-[11, 0, 3]
 290    0.000000    0.000000   0.00000000   0.00000000  -0.0000   0.0000  7-[11, 0, 3]
 291   -0.648204   -0.648204   0.00000000   0.00000007  -0.0000   0.9610  9+[ 4, 0, 4]
 292   16.237380   16.237380   0.00000000   0.00000001  -0.0000   0.5716  9+[ 6, 0, 4]
 293   20.163636   20.163636   0.00000000   0.00000001  -0.0000   0.7089  9+[ 6, 2, 4]
 294   23.650174   23.650174   0.00000000   0.00000000  -0.0000   0.5245  9+[ 6, 1, 5]
 295   32.600627   32.600627   0.00000000   0.00000001  -0.0000   0.4288  9+[ 6, 2, 4]
 296   34.801360   34.801360   0.00000000   0.00000001  -0.0000   0.6574  9+[ 6, 0, 4]
 297   37.587972   37.587972   0.00000000   0.00000000  -0.0000   0.4628  9+[ 8, 4, 4]
 298   38.847757   38.847757   0.00000000   0.00000000  -0.0000   0.4852  9+[ 8, 3, 5]
 299   40.900000   40.900000   0.00000000   0.00000001  -0.0000   0.6619  9+[ 6, 1, 5]
 300   56.616762   56.616762   0.00000000   0.00000000  -0.0000   0.4792  9+[10, 6, 4]
 301   57.710494   57.710494   0.00000000   0.00000000  -0.0000   0.4160  9+[10, 4, 4]
 302   58.583508   58.583508   0.00000000   0.00000000  -0.0000   0.4816  9+[10, 5, 5]
 303   58.840375   58.840375   0.00000000   0.00000001  -0.0000   0.4857  9+[ 8, 4, 4]
 304    0.000000    0.000000   0.00000000   0.00000000  -0.0000   0.0000  9+[12, 0, 4]
 305    0.000000    0.000000   0.00000000   0.00000000  -0.0000   0.0000  9+[12, 0, 4]
 306    0.000000    0.000000   0.00000000   0.00000000  -0.0000   0.0000  9+[12, 0, 4]
 307    0.000000    0.000000   0.00000000   0.00000000  -0.0000   0.0000  9+[12, 0, 4]
 308    0.000000    0.000000   0.00000000   0.00000000  -0.0000   0.0000  9+[12, 0, 4]
 309    0.000000    0.000000   0.00000000   0.00000000  -0.0000   0.0000  9+[12, 0, 4]
 310    0.000000    0.000000   0.00000000   0.00000000  -0.0000   0.0000  9+[12, 0, 4]
 311    0.000000    0.000000   0.00000000   0.00000000  -0.0000   0.0000  9+[12, 0, 4]
 312    0.000000    0.000000   0.00000000   0.00000000  -0.0000   0.0000  9+[12, 0, 4]
 313    0.000000    0.000000   0.00000000   0.00000000  -0.0000   0.0000  9+[12, 0, 4]
 314    0.000000    0.000000   0.00000000   0.00000000  -0.0000   0.0000  9+[12, 0, 4]
 315    0.000000    0.000000   0.00000000   0.00000000  -0.0000   0.0000  9+[12, 0, 4]
 316   10.507530   10.507530   0.00000000   0.00000002  -0.0000   0.8772  9-[ 5, 1, 4]
 317   17.229081   17.229081   0.00000000   0.00000001  -0.0000   0.6713  9-[ 5, 0, 5]
 318   25.536330   25.536330   0.00000000   0.00000001  -0.0000   0.5171  9-[ 7, 1, 4]
 319   30.573597   30.573597   0.00000000   0.00000001  -0.0000   0.6205  9-[ 7, 3, 4]
 320   31.821978   31.821978   0.00000000   0.00000001  -0.0000   0.6039  9-[ 5, 0, 5]
 321   33.149840   33.149840   0.00000000   0.00000000  -0.0000   0.5456  9-[ 7, 2, 5]
 322   46.404227   46.404227   0.00000000   0.00000001  -0.0000   0.4524  9-[ 9, 5, 4]
 323   50.174802   50.174802   0.00000000   0.00000001  -0.0000   0.5053  9-[ 7, 1, 4]
 324   50.620346   50.620346   0.00000000   0.00000000  -0.0000   0.5565  9-[ 9, 3, 4]
 325   52.314235   52.314235   0.00000000   0.00000000  -0.0000   0.5694  9-[ 9, 4, 5]
 326   57.624871   57.624871   0.00000000   0.00000001  -0.0000   0.6012  9-[ 7, 2, 5]
 327   59.236691   59.236691   0.00000000   0.00000001  -0.0000   0.6671  9-[ 7, 0, 5]
 328    0.000000    0.000000   0.00000000   0.00000000  -0.0000   0.0000  9-[11, 1, 4]
 329    0.000000    0.000000   0.00000000   0.00000000  -0.0000   0.0000  9-[11, 1, 4]
 330    0.000000    0.000000   0.00000000   0.00000000  -0.0000   0.0000  9-[11, 1, 4]
 331    0.000000    0.000000   0.00000000   0.00000000  -0.0000   0.0000  9-[11, 1, 4]
 332    0.000000    0.000000   0.00000000   0.00000000  -0.0000   0.0000  9-[11, 1, 4]
 333    0.000000    0.000000   0.00000000   0.00000000  -0.0000   0.0000  9-[11, 1, 4]
 334    0.000000    0.000000   0.00000000   0.00000000  -0.0000   0.0000  9-[11, 1, 4]
 335    0.000000    0.000000   0.00000000   0.00000000  -0.0000   0.0000  9-[11, 1, 4]
 336   19.611642   19.611642   0.00000000   0.00000001  -0.0000   0.8066 11+[ 6, 1, 5]
 337   23.455958   23.455958   0.00000000   0.00000000  -0.0000   0.5689 11+[ 6, 0, 6]
 338   32.245986   32.245986   0.00000000   0.00000001  -0.0000   0.4856 11+[ 6, 1, 5]
 339   37.418404   37.418404   0.00000000   0.00000000  -0.0000   0.5692 11+[ 8, 3, 5]
 340   38.777577   38.777577   0.00000000   0.00000000  -0.0000   0.5430 11+[ 8, 2, 6]
 341   40.425671   40.425671   0.00000000   0.00000001  -0.0000   0.6985 11+[ 6, 0, 6]
 342   56.155752   56.155752   0.00000000   0.00000001  -0.0000   0.4853 11+[10, 5, 5]
 343   57.530657   57.530657   0.00000000   0.00000000  -0.0000   0.4761 11+[10, 3, 5]
 344   58.505617   58.505617   0.00000000   0.00000000  -0.0000   0.4340 11+[ 8, 1, 5]
 345   58.568851   58.568851   0.00000000   0.00000000  -0.0000   0.4498 11+[10, 4, 6]
 346    0.000000    0.000000   0.00000000   0.00000000  -0.0000   0.0000 11+[12, 1, 5]
 347    0.000000    0.000000   0.00000000   0.00000000  -0.0000   0.0000 11+[12, 1, 5]
 348    0.000000    0.000000   0.00000000   0.00000000  -0.0000   0.0000 11+[12, 1, 5]
 349    0.000000    0.000000   0.00000000   0.00000000  -0.0000   0.0000 11+[12, 1, 5]
 350    0.000000    0.000000   0.00000000   0.00000000  -0.0000   0.0000 11+[12, 1, 5]
 351    0.000000    0.000000   0.00000000   0.00000000  -0.0000   0.0000 11+[12, 1, 5]
 352    0.000000    0.000000   0.00000000   0.00000000  -0.0000   0.0000 11+[12, 1, 5]
 353    0.000000    0.000000   0.00000000   0.00000000  -0.0000   0.0000 11+[12, 1, 5]
 354    0.000000    0.000000   0.00000000   0.00000000  -0.0000   0.0000 11+[12, 1, 5]
 355    0.000000    0.000000   0.00000000   0.00000000  -0.0000   0.0000 11+[12, 1, 5]
 356    9.693068    9.693068   0.00000000   0.00000002  -0.0000   0.9438 11-[ 5, 0, 5]
 357   25.273385   25.273385   0.00000000   0.00000001  -0.0000   0.6185 11-[ 7, 0, 5]
 358   30.192391   30.192391   0.00000000   0.00000001  -0.0000   0.7285 11-[ 7, 2, 5]
 359   32.957311   32.957311   0.00000000   0.00000000  -0.0000   0.6140 11-[ 7, 1, 6]
 360   45.925623   45.925623   0.00000000   0.00000001  -0.0000   0.4507 11-[ 7, 2, 5]
 361   49.700878   49.700878   0.00000000   0.00000001  -0.0000   0.6411 11-[ 7, 0, 5]
 362   50.371046   50.371046   0.00000000   0.00000000  -0.0000   0.5643 11-[ 9, 4, 5]
 363   52.223763   52.223763   0.00000000   0.00000000  -0.0000   0.6498 11-[ 9, 3, 6]
 364   57.298537   57.298537   0.00000000   0.00000001  -0.0000   0.6424 11-[ 7, 1, 6]
 365    0.000000    0.000000   0.00000000   0.00000000  -0.0000   0.0000 11-[11, 0, 5]
 366    0.000000    0.000000   0.00000000   0.00000000  -0.0000   0.0000 11-[11, 0, 5]
 367    0.000000    0.000000   0.00000000   0.00000000  -0.0000   0.0000 11-[11, 0, 5]
 368    0.000000    0.000000   0.00000000   0.00000000  -0.0000   0.0000 11-[11, 0, 5]
 369    0.000000    0.000000   0.00000000   0.00000000  -0.0000   0.0000 11-[11, 0, 5]
 370    0.000000    0.000000   0.00000000   0.00000000  -0.0000   0.0000 11-[11, 0, 5]
 371    0.000000    0.000000   0.00000000   0.00000000  -0.0000   0.0000 11-[11, 0, 5]
 372   19.057969   19.057969   0.00000000   0.00000001  -0.0000   0.8671 13+[ 6, 0, 6]
 373   31.879489   31.879489   0.00000000   0.00000001  -0.0000   0.5546 13+[10, 0, 6]
 374   37.221358   37.221358   0.00000000   0.00000000  -0.0000   0.6587 13+[ 8, 2, 6]
 375   38.690530   38.690530   0.00000000   0.00000000  -0.0000   0.5875 13+[ 8, 1, 7]
 376   55.603753   55.603753   0.00000000   0.00000001  -0.0000   0.5655 13+[ 8, 2, 6]
 377   57.360805   57.360805   0.00000000   0.00000000  -0.0000   0.5422 13+[10, 4, 6]
 378   58.160464   58.160464   0.00000000   0.00000001  -0.0000   0.6733 13+[ 8, 0, 6]
 379   58.487663   58.487663   0.00000000   0.00000000  -0.0000   0.6529 13+[10, 3, 7]
 380    0.000000    0.000000   0.00000000   0.00000000  -0.0000   0.0000 13+[12, 0, 6]
 381    0.000000    0.000000   0.00000000   0.00000000  -0.0000   0.0000 13+[12, 0, 6]
 382    0.000000    0.000000   0.00000000   0.00000000  -0.0000   0.0000 13+[12, 0, 6]
 383    0.000000    0.000000   0.00000000   0.00000000  -0.0000   0.0000 13+[12, 0, 6]
 384    0.000000    0.000000   0.00000000   0.00000000  -0.0000   0.0000 13+[12, 0, 6]
 385    0.000000    0.000000   0.00000000   0.00000000  -0.0000   0.0000 13+[12, 0, 6]
 386    0.000000    0.000000   0.00000000   0.00000000  -0.0000   0.0000 13+[12, 0, 6]
 387    0.000000    0.000000   0.00000000   0.00000000  -0.0000   0.0000 13+[12, 0, 6]
 388   29.763947   29.763947   0.00000000   0.00000001  -0.0000   0.8136 13-[ 7, 1, 6]
 389   32.783568   32.783568   0.00000000   0.00000000  -0.0000   0.6536 13-[ 7, 0, 7]
 390   45.426355   45.426355   0.00000000   0.00000001  -0.0000   0.5832 13-[ 9, 1, 6]
 391   50.105308   50.105308   0.00000000   0.00000000  -0.0000   0.6888 13-[ 9, 3, 6]
 392   52.112074   52.112074   0.00000000   0.00000000  -0.0000   0.7155 13-[ 9, 2, 7]
 393   56.968828   56.968828   0.00000000   0.00000001  -0.0000   0.6717 13-[ 7, 0, 7]
 394    0.000000    0.000000   0.00000000   0.00000000  -0.0000   0.0000 13-[11, 1, 6]
 395    0.000000    0.000000   0.00000000   0.00000000  -0.0000   0.0000 13-[11, 1, 6]
 396    0.000000    0.000000   0.00000000   0.00000000  -0.0000   0.0000 13-[11, 1, 6]
 397    0.000000    0.000000   0.00000000   0.00000000  -0.0000   0.0000 13-[11, 1, 6]
 398    0.000000    0.000000   0.00000000   0.00000000  -0.0000   0.0000 13-[11, 1, 6]
 399    0.000000    0.000000   0.00000000   0.00000000  -0.0000   0.0000 13-[11, 1, 6]
 400   37.005084   37.005084   0.00000000   0.00000000  -0.0000   0.7271 15+[ 8, 1, 7]
 401   38.603311   38.603311   0.00000000   0.00000000  -0.0000   0.6189 15+[ 8, 0, 8]
 402   55.014765   55.014765   0.00000000   0.00000001  -0.0000   0.6223 15+[ 8, 1, 7]
 403   57.190741   57.190741   0.00000000   0.00000000  -0.0000   0.6645 15+[10, 3, 7]
 404   58.418450   58.418450   0.00000000   0.00000000  -0.0000   0.7162 15+[10, 2, 8]
 405    0.000000    0.000000   0.00000000   0.00000000  -0.0000   0.0000 15+[12, 1, 7]
 406    0.000000    0.000000   0.00000000   0.00000000  -0.0000   0.0000 15+[12, 1, 7]
 407    0.000000    0.000000   0.00000000   0.00000000  -0.0000   0.0000 15+[12, 1, 7]
 408    0.000000    0.000000   0.00000000   0.00000000  -0.0000   0.0000 15+[12, 1, 7]
 409    0.000000    0.000000   0.00000000   0.00000000  -0.0000   0.0000 15+[12, 1, 7]
 410    0.000000    0.000000   0.00000000   0.00000000  -0.0000   0.0000 15+[12, 1, 7]
 411    0.000000    0.000000   0.00000000   0.00000000  -0.0000   0.0000 15+[12, 1, 7]
 412   29.342137   29.342137   0.00000000   0.00000001  -0.0000   0.8640 15-[ 7, 0, 7]
 413   44.939543   44.939543   0.00000000   0.00000001  -0.0000   0.6804 15-[ 9, 0, 7]
 414   49.814793   49.814793   0.00000000   0.00000000  -0.0000   0.7827 15-[ 9, 2, 7]
 415   51.988407   51.988407   0.00000000   0.00000000  -0.0000   0.7662 15-[ 9, 1, 8]
 416    0.000000    0.000000   0.00000000   0.00000000  -0.0000   0.0000 15-[11, 0, 7]
 417    0.000000    0.000000   0.00000000   0.00000000  -0.0000   0.0000 15-[11, 0, 7]
 418    0.000000    0.000000   0.00000000   0.00000000  -0.0000   0.0000 15-[11, 0, 7]
 419    0.000000    0.000000   0.00000000   0.00000000  -0.0000   0.0000 15-[11, 0, 7]
 420    0.000000    0.000000   0.00000000   0.00000000  -0.0000   0.0000 15-[11, 0, 7]
 421   36.795242   36.795242   0.00000000   0.00000000  -0.0000   0.7672 17+[ 8, 0, 8]
 422   54.449581   54.449581   0.00000000   0.00000001  -0.0000   0.6391 17+[ 8, 0, 8]
 423   57.017267   57.017267   0.00000000   0.00000000  -0.0000   0.7564 17+[10, 2, 8]
 424   58.345383   58.345383   0.00000000   0.00000000  -0.0000   0.7628 17+[10, 1, 9]
 425    0.000000    0.000000   0.00000000   0.00000000  -0.0000   0.0000 17+[12, 0, 8]
 426    0.000000    0.000000   0.00000000   0.00000000  -0.0000   0.0000 17+[12, 0, 8]
 427    0.000000    0.000000   0.00000000   0.00000000  -0.0000   0.0000 17+[12, 0, 8]
 428    0.000000    0.000000   0.00000000   0.00000000  -0.0000   0.0000 17+[12, 0, 8]
 429    0.000000    0.000000   0.00000000   0.00000000  -0.0000   0.0000 17+[12, 0, 8]
 430   49.513118   49.513118   0.00000000   0.00000000  -0.0000   0.8498 17-[ 9, 1, 8]
 431   51.878653   51.878653   0.00000000   0.00000000  -0.0000   0.7994 17-[ 9, 0, 9]
 432    0.000000    0.000000   0.00000000   0.00000000  -0.0000   0.0000 17-[11, 1, 8]
 433    0.000000    0.000000   0.00000000   0.00000000  -0.0000   0.0000 17-[11, 1, 8]
 434    0.000000    0.000000   0.00000000   0.00000000  -0.0000   0.0000 17-[11, 1, 8]
 435    0.000000    0.000000   0.00000000   0.00000000  -0.0000   0.0000 17-[11, 1, 8]
 436   56.845280   56.845280   0.00000000   0.00000000  -0.0000   0.8165 19+[10, 1, 9]
 437   58.281937   58.281937   0.00000000   0.00000000  -0.0000   0.7919 19+[10, 0,10]
 438    0.000000    0.000000   0.00000000   0.00000000  -0.0000   0.0000 19+[12, 1, 9]
 439    0.000000    0.000000   0.00000000   0.00000000  -0.0000   0.0000 19+[12, 1, 9]
 440    0.000000    0.000000   0.00000000   0.00000000  -0.0000   0.0000 19+[12, 1, 9]
 441    0.000000    0.000000   0.00000000   0.00000000  -0.0000   0.0000 19+[12, 1, 9]
 442   49.235309   49.235309   0.00000000   0.00000000  -0.0000   0.8854 19-[ 9, 0, 9]
 443    0.000000    0.000000   0.00000000   0.00000000  -0.0000   0.0000 19-[11, 0, 9]
 444    0.000000    0.000000   0.00000000   0.00000000  -0.0000   0.0000 19-[11, 0, 9]
 445    0.000000    0.000000   0.00000000   0.00000000  -0.0000   0.0000 19-[11, 0, 9]
 446   56.689959   56.689959   0.00000000   0.00000000  -0.0000   0.8463 21+[10, 0,10]
 447    0.000000    0.000000   0.00000000   0.00000000  -0.0000   0.0000 21+[12, 0,10]
 448    0.000000    0.000000   0.00000000   0.00000000  -0.0000   0.0000 21+[12, 0,10]
 449    0.000000    0.000000   0.00000000   0.00000000  -0.0000   0.0000 21+[12, 0,10]
  Sum canonical e_v*V^2_k=  -560.59061090771411     


 #quasiparticle energies protons 
 --------------------------------
  eqp(k) -> q.p. energy 
  e(k)   -> referent s.p. energy 
  p(k)   -> occ.probability 
  del(k) -> referent s.p. gap 
  fermi energy alast=  -16.342254242958095     
  #k  block#    eqp(k)     e(k)       (1-2N)E      decay        p(k)        del(k)    overl      labels
   1    1     1.167679  -14.192376    1.167679    1.804715    0.00000000   0.0000   0.7580  1+[ 2, 2, 0]
   2    1     1.912205  -17.272260   -1.912205    1.844916    1.00000000   0.0000   0.6862  1+[ 2, 0, 0]
   3    1     6.682248  -22.042303   -6.682248    2.084157    1.00000000   0.0000   0.6294  1+[ 2, 0, 0]
   4    1    16.706191    1.346136   16.706191    2.513773    0.00000000   0.0000   0.5753  1+[ 4, 1, 1]
   5    1    20.754505    5.394450   20.754505    2.667738    0.00000000   0.0000   0.6219  1+[ 4, 0, 0]
   6    1    22.506743    7.146688   22.506743    2.731689    0.00000000   0.0000   0.5447  1+[ 4, 3, 1]
   7    1    23.725928    8.365873   23.725928    2.775317    0.00000000   0.0000   0.5364  1+[ 4, 4, 0]
   8    1    26.520831   11.160776   26.520831    2.872830    0.00000000   0.0000   0.5274  1+[ 4, 3, 1]
   9    1    29.346846  -44.706901  -29.346846    2.968174    1.00000000   0.0000   0.9770  1+[ 0, 0, 0]
  10    1    33.644922   18.284867   33.644922    3.107579    0.00000000   0.0000   0.4650  1+[ 8, 0, 0]
  11    1    34.704119   19.344064   34.704119    3.140983    0.00000000   0.0000   0.3020  1+[ 8, 1, 1]
  12    1    35.142912   19.782857   35.142912    3.154718    0.00000000   0.0000   0.3066  1+[ 6, 5, 1]
  13    1    36.269769   20.909714   36.269769    3.189718    0.00000000   0.0000   0.4834  1+[ 4, 4, 0]
  14    1    38.133372   22.773317   38.133372    3.246775    0.00000000   0.0000   0.2854  1+[ 8, 7, 1]
  15    1    39.273850   23.913795   39.273850    3.281203    0.00000000   0.0000   0.4487  1+[ 6, 3, 1]
  16    1    42.384505   27.024450   42.384505    3.373320    0.00000000   0.0000   0.3481  1+[ 6, 3, 1]
  17    1    50.926755   35.566700   50.926755    3.614228    0.00000000   0.0000   0.3187  1+[ 6, 2, 0]
  18    1    54.034448   38.674393   54.034448    3.697980    0.00000000   0.0000   0.3612  1+[ 6, 4, 0]
  19    1    55.853272   40.493217   55.853272    3.746129    0.00000000   0.0000   0.4130  1+[ 6, 0, 0]
  20    1    56.736591   41.376536   56.736591    3.769290    0.00000000   0.0000   0.3763  1+[ 8, 4, 0]
  21    1    57.045008   41.684953   57.045008    3.777344    0.00000000   0.0000   0.3833  1+[ 6, 0, 0]
  22    1    57.526702   42.166647   57.526702    3.789888    0.00000000   0.0000   0.3277  1+[ 8, 5, 1]
  23    1    58.263649   42.903594   58.263649    3.808999    0.00000000   0.0000   0.4121  1+[ 6, 1, 1]
  24    1    58.585158   43.225103   58.585158    3.817307    0.00000000   0.0000   0.4430  1+[ 6, 3, 1]
  25    1    59.424970   44.064915   59.424970    3.838923    0.00000000   0.0000   0.5141  1+[ 6, 5, 1]
  26    2     4.941749  -10.418306    4.941749    2.000181    0.00000000   0.0000   0.6636  1-[ 3, 1, 0]
  27    2    10.319339   -5.040716   10.319339    2.249544    0.00000000   0.0000   0.7036  1-[ 3, 0, 1]
  28    2    12.515775   -2.844280   12.515775    2.343775    0.00000000   0.0000   0.6248  1-[ 3, 1, 0]
  29    2    14.432908  -29.792963  -14.432908    2.423031    1.00000000   0.0000   0.7533  1-[ 1, 1, 0]
  30    2    15.307492   -0.052563   15.307492    2.458338    0.00000000   0.0000   0.7156  1-[ 3, 3, 0]
  31    2    18.109730  -33.469785  -18.109730    2.568198    1.00000000   0.0000   0.7446  1-[ 1, 0, 1]
  32    2    27.823811   12.463756   27.823811    2.917177    0.00000000   0.0000   0.5618  1-[ 5, 1, 0]
  33    2    28.583712   13.223657   28.583712    2.942732    0.00000000   0.0000   0.5030  1-[ 5, 2, 1]
  34    2    29.406331   14.046276   29.406331    2.970148    0.00000000   0.0000   0.3746  1-[ 5, 3, 0]
  35    2    30.754656   15.394601   30.754656    3.014545    0.00000000   0.0000   0.5303  1-[ 5, 4, 1]
  36    2    31.884385   16.524330   31.884385    3.051247    0.00000000   0.0000   0.3019  1-[ 5, 1, 0]
  37    2    35.802073   20.442018   35.802073    3.175238    0.00000000   0.0000   0.4199  1-[ 5, 3, 0]
  38    2    43.819235   28.459180   43.819235    3.414970    0.00000000   0.0000   0.3762  1-[ 9, 1, 0]
  39    2    45.519316   30.159261   45.519316    3.463675    0.00000000   0.0000   0.3384  1-[ 5, 0, 1]
  40    2    47.476142   32.116087   47.476142    3.518900    0.00000000   0.0000   0.4391  1-[ 5, 0, 1]
  41    2    48.317667   32.957612   48.317667    3.542385    0.00000000   0.0000   0.3977  1-[ 5, 1, 0]
  42    2    49.404921   34.044865   49.404921    3.572499    0.00000000   0.0000   0.3873  1-[ 5, 2, 1]
  43    2    49.778671   34.418616   49.778671    3.582793    0.00000000   0.0000   0.4264  1-[ 7, 4, 1]
  44    2    50.218270   34.858215   50.218270    3.594862    0.00000000   0.0000   0.5022  1-[ 5, 5, 0]
  45    2    51.991835   36.631780   51.991835    3.643149    0.00000000   0.0000   0.3628  1-[ 7, 4, 1]
  46    2    65.155867   49.795812   65.155867    3.983299    0.00000000   0.0000   0.3054  1-[ 9, 7, 0]
  47    2    69.088794   53.728739   69.088794    4.079425    0.00000000   0.0000   0.3137  1-[ 7, 1, 0]
  48    2    70.015492   54.655437   70.015492    4.101746    0.00000000   0.0000   0.4501  1-[ 9, 4, 1]
  49    2    70.974246   55.614191   70.974246    4.124713    0.00000000   0.0000   0.4116  1-[ 9, 5, 0]
  50    2    72.518785   57.158730   72.518785    4.161445    0.00000000   0.0000   0.3521  1-[ 7, 6, 1]
  51    2    74.809726   59.449671   74.809726    4.215339    0.00000000   0.0000   0.3598  1-[ 7, 4, 1]
  52    2    75.487771   60.127716   75.487771    4.231159    0.00000000   0.0000   0.3812  1-[ 7, 0, 1]
  53    3     0.982199  -16.342254   -0.982199    1.794560    1.00000000   0.0000   0.7768  3+[ 2, 0, 2]
  54    3     6.725170  -22.085225   -6.725170    2.086186    1.00000000   0.0000   0.7827  3+[ 2, 1, 1]
  55    3    16.537258    1.177203   16.537258    2.507143    0.00000000   0.0000   0.6675  3+[ 4, 1, 1]
  56    3    20.983446    5.623391   20.983446    2.676181    0.00000000   0.0000   0.5430  3+[ 4, 0, 2]
  57    3    22.336729    6.976674   22.336729    2.725550    0.00000000   0.0000   0.4795  3+[ 4, 1, 1]
  58    3    25.938629   10.578574   25.938629    2.852792    0.00000000   0.0000   0.6250  3+[ 4, 2, 2]
  59    3    33.692603   18.332548   33.692603    3.109090    0.00000000   0.0000   0.3590  3+[ 8, 0, 2]
  60    3    34.891428   19.531373   34.891428    3.146853    0.00000000   0.0000   0.3406  3+[ 6, 1, 1]
  61    3    35.173769   19.813714   35.173769    3.155681    0.00000000   0.0000   0.3833  3+[ 8, 0, 2]
  62    3    38.001898   22.641843   38.001898    3.242783    0.00000000   0.0000   0.3283  3+[ 4, 2, 2]
  63    3    39.103131   23.743076   39.103131    3.276073    0.00000000   0.0000   0.4921  3+[ 6, 3, 1]
  64    3    42.308488   26.948433   42.308488    3.371099    0.00000000   0.0000   0.3292  3+[ 6, 2, 2]
  65    3    50.865135   35.505080   50.865135    3.612548    0.00000000   0.0000   0.3175  3+[10, 1, 1]
  66    3    53.948792   38.588737   53.948792    3.695697    0.00000000   0.0000   0.4266  3+[ 6, 1, 1]
  67    3    55.715752   40.355697   55.715752    3.742510    0.00000000   0.0000   0.4572  3+[ 6, 5, 1]
  68    3    56.691669   41.331614   56.691669    3.768116    0.00000000   0.0000   0.3603  3+[ 8, 4, 2]
  69    3    57.153868   41.793813   57.153868    3.780182    0.00000000   0.0000   0.5310  3+[ 6, 0, 2]
  70    3    57.499300   42.139245   57.499300    3.789175    0.00000000   0.0000   0.3490  3+[10, 8, 2]
  71    3    58.357602   42.997547   58.357602    3.811429    0.00000000   0.0000   0.4775  3+[ 6, 2, 2]
  72    3    59.146692   43.786637   59.146692    3.831774    0.00000000   0.0000   0.5504  3+[ 6, 4, 2]
  73    4     4.735392  -10.624663    4.735392    1.989990    0.00000000   0.0000   0.5854  3-[ 3, 0, 1]
  74    4     9.099996   -6.260059    9.099996    2.195486    0.00000000   0.0000   0.6920  3-[ 3, 0, 1]
  75    4    13.929824   -1.430231   13.929824    2.402486    0.00000000   0.0000   0.7265  3-[ 3, 1, 2]
  76    4    18.688326  -34.048381  -18.688326    2.590301    1.00000000   0.0000   0.9719  3-[ 1, 0, 1]
  77    4    27.758047   12.397992   27.758047    2.914955    0.00000000   0.0000   0.5859  3-[ 5, 0, 1]
  78    4    28.235661   12.875606   28.235661    2.931055    0.00000000   0.0000   0.6024  3-[ 5, 2, 1]
  79    4    30.384348   15.024293   30.384348    3.002417    0.00000000   0.0000   0.5805  3-[ 5, 4, 1]
  80    4    31.659697   16.299642   31.659697    3.043983    0.00000000   0.0000   0.4096  3-[ 5, 1, 2]
  81    4    35.597950   20.237895   35.597950    3.168898    0.00000000   0.0000   0.4884  3-[ 5, 3, 2]
  82    4    43.811492   28.451437   43.811492    3.414747    0.00000000   0.0000   0.3287  3-[ 7, 2, 1]
  83    4    45.290045   29.929990   45.290045    3.457147    0.00000000   0.0000   0.4552  3-[ 5, 0, 1]
  84    4    46.633019   31.272964   46.633019    3.495213    0.00000000   0.0000   0.3592  3-[ 5, 0, 1]
  85    4    48.671407   33.311352   48.671407    3.552211    0.00000000   0.0000   0.4590  3-[ 5, 1, 2]
  86    4    49.633918   34.273863   49.633918    3.578809    0.00000000   0.0000   0.3832  3-[ 7, 4, 1]
  87    4    49.731648   34.371593   49.731648    3.581499    0.00000000   0.0000   0.4052  3-[ 7, 5, 2]
  88    4    51.926678   36.566623   51.926678    3.641386    0.00000000   0.0000   0.3921  3-[ 7, 3, 2]
  89    4    65.037287   49.677232   65.037287    3.980365    0.00000000   0.0000   0.3332  3-[ 9, 6, 1]
  90    4    69.016690   53.656635   69.016690    4.077683    0.00000000   0.0000   0.2849  3-[ 9, 7, 2]
  91    4    69.942328   54.582273   69.942328    4.099988    0.00000000   0.0000   0.4771  3-[ 9, 4, 1]
  92    4    70.951446   55.591391   70.951446    4.124168    0.00000000   0.0000   0.4485  3-[ 9, 5, 2]
  93    4    72.384292   57.024237   72.384292    4.158260    0.00000000   0.0000   0.4057  3-[ 7, 6, 1]
  94    4    74.680519   59.320464   74.680519    4.212318    0.00000000   0.0000   0.4143  3-[ 7, 3, 2]
  95    4    74.813753   59.453698   74.813753    4.215433    0.00000000   0.0000   0.5021  3-[ 7, 0, 1]
  96    5     7.784927  -23.144982   -7.784927    2.135652    1.00000000   0.0000   0.9676  5+[ 2, 0, 2]
  97    5    16.202439    0.842384   16.202439    2.493950    0.00000000   0.0000   0.6366  5+[ 4, 2, 2]
  98    5    19.732418    4.372363   19.732418    2.629717    0.00000000   0.0000   0.6709  5+[ 4, 0, 2]
  99    5    25.044663    9.684608   25.044663    2.821747    0.00000000   0.0000   0.7181  5+[ 4, 1, 3]
 100    5    33.344473   17.984418   33.344473    3.098038    0.00000000   0.0000   0.5316  5+[ 8, 0, 2]
 101    5    34.841418   19.481363   34.841418    3.145287    0.00000000   0.0000   0.3535  5+[ 6, 2, 2]
 102    5    37.824243   22.464188   37.824243    3.237381    0.00000000   0.0000   0.3712  5+[ 8, 1, 3]
 103    5    38.768902   23.408847   38.768902    3.266005    0.00000000   0.0000   0.4689  5+[ 6, 4, 2]
 104    5    42.158861   26.798806   42.158861    3.366723    0.00000000   0.0000   0.4208  5+[ 6, 3, 3]
 105    5    50.751546   35.391491   50.751546    3.609449    0.00000000   0.0000   0.3408  5+[ 6, 2, 2]
 106    5    53.735034   38.374979   53.735034    3.689994    0.00000000   0.0000   0.5085  5+[ 6, 0, 2]
 107    5    54.874032   39.513977   54.874032    3.720283    0.00000000   0.0000   0.4313  5+[ 6, 0, 2]
 108    5    56.602011   41.241956   56.602011    3.765770    0.00000000   0.0000   0.4186  5+[ 8, 4, 2]
 109    5    57.439500   42.079445   57.439500    3.787620    0.00000000   0.0000   0.4020  5+[10, 7, 3]
 110    5    58.107435   42.747380   58.107435    3.804956    0.00000000   0.0000   0.5114  5+[ 6, 1, 3]
 111    5    58.623569   43.263514   58.623569    3.818298    0.00000000   0.0000   0.5446  5+[ 6, 3, 3]
 112    5    75.322557   59.962502   75.322557    4.227310    0.00000000   0.0000   0.3749  5+[10, 6, 2]
 113    6     4.449182  -15.360055    0.000000    1.975768    0.50000000   4.4492   0.8492  5-[ 3, 1, 2]
 114    6    12.046161   -3.313894   12.046161    2.323949    0.00000000   0.0000   0.8239  5-[ 3, 0, 3]
 115    6    27.748444   12.388389   27.748444    2.914630    0.00000000   0.0000   0.6849  5-[ 5, 1, 2]
 116    6    29.666738   14.306683   29.666738    2.978774    0.00000000   0.0000   0.6173  5-[ 5, 3, 2]
 117    6    31.004962   15.644907   31.004962    3.022715    0.00000000   0.0000   0.5080  5-[ 5, 0, 3]
 118    6    35.196796   19.836741   35.196796    3.156400    0.00000000   0.0000   0.5921  5-[ 5, 2, 3]
 119    6    43.806350   28.446295   43.806350    3.414598    0.00000000   0.0000   0.4323  5-[ 9, 1, 2]
 120    6    45.133142   29.773087   45.133142    3.452672    0.00000000   0.0000   0.3790  5-[ 5, 3, 2]
 121    6    47.504444   32.144389   47.504444    3.519693    0.00000000   0.0000   0.5367  5-[ 5, 0, 3]
 122    6    49.255825   33.895770   49.255825    3.568385    0.00000000   0.0000   0.4574  5-[ 5, 2, 3]
 123    6    49.495407   34.135352   49.495407    3.574994    0.00000000   0.0000   0.4834  5-[ 7, 3, 2]
 124    6    51.805462   36.445407   51.805462    3.638105    0.00000000   0.0000   0.3839  5-[ 7, 4, 3]
 125    6    64.810359   49.450304   64.810359    3.974743    0.00000000   0.0000   0.3297  5-[ 9, 7, 2]
 126    6    68.884647   53.524592   68.884647    4.074491    0.00000000   0.0000   0.3807  5-[ 7, 1, 2]
 127    6    69.805557   54.445502   69.805557    4.096700    0.00000000   0.0000   0.4476  5-[ 9, 5, 2]
 128    6    70.905320   55.545265   70.905320    4.123066    0.00000000   0.0000   0.4489  5-[ 9, 4, 3]
 129    6    72.235596   56.875541   72.235596    4.154735    0.00000000   0.0000   0.3854  5-[ 7, 3, 2]
 130    6    74.458020   59.097965   74.458020    4.207110    0.00000000   0.0000   0.3802  5-[ 7, 4, 3]
 131    7    15.585792    0.225737   15.585792    2.469467    0.00000000   0.0000   0.8810  7+[ 4, 1, 3]
 132    7    23.640996    8.280941   23.640996    2.772300    0.00000000   0.0000   0.8013  7+[ 4, 0, 4]
 133    7    34.741639   19.381584   34.741639    3.142160    0.00000000   0.0000   0.5075  7+[ 6, 1, 3]
 134    7    37.374326   22.014271   37.374326    3.223658    0.00000000   0.0000   0.4964  7+[ 8, 0, 4]
 135    7    38.285488   22.925433   38.285488    3.251388    0.00000000   0.0000   0.6227  7+[ 6, 3, 3]
 136    7    41.933856   26.573801   41.933856    3.360131    0.00000000   0.0000   0.5061  7+[ 6, 2, 4]
 137    7    50.589785   35.229730   50.589785    3.605030    0.00000000   0.0000   0.3650  7+[10, 1, 3]
 138    7    53.503867   38.143812   53.503867    3.683816    0.00000000   0.0000   0.4703  7+[ 6, 1, 3]
 139    7    56.474042   41.113987   56.474042    3.762421    0.00000000   0.0000   0.4295  7+[ 8, 3, 3]
 140    7    57.313342   41.953287   57.313342    3.784337    0.00000000   0.0000   0.3675  7+[ 8, 4, 4]
 141    7    57.462850   42.102795   57.462850    3.788227    0.00000000   0.0000   0.5503  7+[ 6, 0, 4]
 142    7    57.976776   42.616721   57.976776    3.801571    0.00000000   0.0000   0.4938  7+[ 6, 2, 4]
 143    7    75.015073   59.655018   75.015073    4.220136    0.00000000   0.0000   0.3898  7+[ 8, 3, 3]
 144    8     3.137017  -12.223038    3.137017    1.909209    0.00000000   0.0000   0.9686  7-[ 3, 0, 3]
 145    8    27.399215   12.039160   27.399215    2.902800    0.00000000   0.0000   0.6193  7-[ 5, 2, 3]
 146    8    28.746459   13.386404   28.746459    2.948176    0.00000000   0.0000   0.5406  7-[ 5, 0, 3]
 147    8    34.613958   19.253903   34.613958    3.138153    0.00000000   0.0000   0.6773  7-[ 5, 1, 4]
 148    8    43.748863   28.388808   43.748863    3.412939    0.00000000   0.0000   0.4630  7-[ 9, 0, 3]
 149    8    44.335220   28.975164   44.335220    3.429825    0.00000000   0.0000   0.4373  7-[ 5, 0, 3]
 150    8    48.874733   33.514678   48.874733    3.557846    0.00000000   0.0000   0.4894  7-[ 5, 1, 4]
 151    8    49.196485   33.836430   49.196485    3.566746    0.00000000   0.0000   0.4688  7-[ 7, 4, 3]
 152    8    51.630274   36.270219   51.630274    3.633357    0.00000000   0.0000   0.4864  7-[ 7, 3, 4]
 153    8    64.489786   49.129731   64.489786    3.966789    0.00000000   0.0000   0.4219  7-[ 9, 6, 3]
 154    8    68.686137   53.326082   68.686137    4.069687    0.00000000   0.0000   0.4224  7-[ 7, 4, 3]
 155    8    69.616050   54.255995   69.616050    4.092140    0.00000000   0.0000   0.5317  7-[ 9, 4, 3]
 156    8    70.834382   55.474327   70.834382    4.121370    0.00000000   0.0000   0.4958  7-[ 9, 5, 4]
 157    8    71.633719   56.273664   71.633719    4.140436    0.00000000   0.0000   0.5910  7-[ 7, 0, 3]
 158    8    74.147654   58.787599   74.147654    4.199835    0.00000000   0.0000   0.4835  7-[ 7, 3, 4]
 159    9    14.239720   -1.120335   14.239720    2.415162    0.00000000   0.0000   0.9693  9+[ 4, 0, 4]
 160    9    34.510909   19.150854   34.510909    3.134916    0.00000000   0.0000   0.6036  9+[ 6, 0, 4]
 161    9    37.674510   22.314455   37.674510    3.232820    0.00000000   0.0000   0.7467  9+[ 6, 2, 4]
 162    9    41.624911   26.264856   41.624911    3.351060    0.00000000   0.0000   0.5773  9+[ 6, 1, 5]
 163    9    50.366563   35.006508   50.366563    3.598924    0.00000000   0.0000   0.3595  9+[ 6, 2, 4]
 164    9    52.778631   37.418576   52.778631    3.664367    0.00000000   0.0000   0.6407  9+[ 6, 0, 4]
 165    9    56.309135   40.949080   56.309135    3.758100    0.00000000   0.0000   0.4709  9+[ 8, 4, 4]
 166    9    57.087216   41.727161   57.087216    3.778445    0.00000000   0.0000   0.5300  9+[ 6, 1, 5]
 167    9    57.619285   42.259230   57.619285    3.792294    0.00000000   0.0000   0.4567  9+[10, 1, 5]
 168    9    74.595924   59.235869   74.595924    4.210339    0.00000000   0.0000   0.4378  9+[10, 6, 4]
 169   10    26.698895   11.338840   26.698895    2.878931    0.00000000   0.0000   0.8917  9-[ 5, 1, 4]
 170   10    33.725462   18.365407   33.725462    3.110131    0.00000000   0.0000   0.7490  9-[ 5, 0, 5]
 171   10    43.681201   28.321146   43.681201    3.410985    0.00000000   0.0000   0.5435  9-[ 7, 1, 4]
 172   10    48.230034   32.869979   48.230034    3.539947    0.00000000   0.0000   0.5370  9-[ 9, 0, 5]
 173   10    48.805635   33.445580   48.805635    3.555932    0.00000000   0.0000   0.6295  9-[ 7, 3, 4]
 174   10    51.396187   36.036132   51.396187    3.627003    0.00000000   0.0000   0.5723  9-[ 7, 2, 5]
 175   10    64.092115   48.732060   64.092115    3.956899    0.00000000   0.0000   0.4619  9-[ 9, 5, 4]
 176   10    68.396345   53.036290   68.396345    4.062665    0.00000000   0.0000   0.5051  9-[ 7, 1, 4]
 177   10    69.384317   54.024262   69.384317    4.086556    0.00000000   0.0000   0.5252  9-[ 9, 3, 4]
 178   10    70.735592   55.375537   70.735592    4.119008    0.00000000   0.0000   0.5856  9-[ 9, 4, 5]
 179   10    73.778151   58.418096   73.778151    4.191157    0.00000000   0.0000   0.5613  9-[ 7, 2, 5]
 180   11    36.952412   21.592357   36.952412    3.210736    0.00000000   0.0000   0.8447 11+[ 6, 1, 5]
 181   11    41.201772   25.841717   41.201772    3.338595    0.00000000   0.0000   0.6352 11+[ 6, 0, 6]
 182   11    50.057796   34.697741   50.057796    3.590461    0.00000000   0.0000   0.4767 11+[ 8, 1, 5]
 183   11    56.106263   40.746208   56.106263    3.752777    0.00000000   0.0000   0.5779 11+[ 8, 3, 5]
 184   11    56.481461   41.121406   56.481461    3.762615    0.00000000   0.0000   0.6345 11+[ 6, 0, 6]
 185   11    57.382472   42.022417   57.382472    3.786136    0.00000000   0.0000   0.5272 11+[ 8, 2, 6]
 186   11    74.072785   58.712730   74.072785    4.198078    0.00000000   0.0000   0.4562 11+[ 8, 3, 5]
 187   12    25.488938   10.128883   25.488938    2.837218    0.00000000   0.0000   0.9641 11-[ 5, 0, 5]
 188   12    43.359843   27.999788   43.359843    3.401690    0.00000000   0.0000   0.6459 11-[ 7, 0, 5]
 189   12    48.330722   32.970667   48.330722    3.542748    0.00000000   0.0000   0.7478 11-[ 7, 2, 5]
 190   12    51.100498   35.740443   51.100498    3.618962    0.00000000   0.0000   0.6404 11-[ 7, 1, 6]
 191   12    63.629788   48.269733   63.629788    3.945369    0.00000000   0.0000   0.4342 11-[ 9, 4, 5]
 192   12    67.789074   52.429019   67.789074    4.047910    0.00000000   0.0000   0.6316 11-[ 7, 0, 5]
 193   12    69.115321   53.755266   69.115321    4.080065    0.00000000   0.0000   0.5685 11-[ 9, 4, 5]
 194   12    70.604056   55.244001   70.604056    4.115860    0.00000000   0.0000   0.6604 11-[ 9, 3, 6]
 195   12    73.341671   57.981616   73.341671    4.180884    0.00000000   0.0000   0.6084 11-[ 7, 1, 6]
 196   13    36.064909   20.704854   36.064909    3.183384    0.00000000   0.0000   0.9130 13+[ 6, 0, 6]
 197   13    49.624919   34.264864   49.624919    3.578562    0.00000000   0.0000   0.5772 13+[10, 0, 6]
 198   13    55.864674   40.504619   55.864674    3.746428    0.00000000   0.0000   0.6679 13+[ 8, 2, 6]
 199   13    57.202549   41.842494   57.202549    3.781451    0.00000000   0.0000   0.6013 13+[ 8, 1, 7]
 200   13    73.463719   58.103664   73.463719    4.183759    0.00000000   0.0000   0.5514 13+[ 8, 2, 6]
 201   14    47.771237   32.411182   47.771237    3.527154    0.00000000   0.0000   0.8382 13-[ 7, 1, 6]
 202   14    50.746432   35.386377   50.746432    3.609309    0.00000000   0.0000   0.6887 13-[ 7, 0, 7]
 203   14    63.105927   47.745872   63.105927    3.932265    0.00000000   0.0000   0.6084 13-[ 9, 1, 6]
 204   14    68.809113   53.449058   68.809113    4.072664    0.00000000   0.0000   0.6865 13-[ 9, 3, 6]
 205   14    70.436403   55.076348   70.436403    4.111845    0.00000000   0.0000   0.7219 13-[ 9, 2, 7]
 206   14    72.682672   57.322617   72.682672    4.165324    0.00000000   0.0000   0.6314 13-[ 7, 0, 7]
 207   15    55.583534   40.223479   55.583534    3.739027    0.00000000   0.0000   0.7428 15+[ 8, 1, 7]
 208   15    57.024614   41.664559   57.024614    3.776812    0.00000000   0.0000   0.6396 15+[ 8, 0, 8]
 209   15    72.790466   57.430411   72.790466    4.167873    0.00000000   0.0000   0.5993 15+[ 8, 1, 7]
 210   16    47.123926   31.763871   47.123926    3.509024    0.00000000   0.0000   0.8972 15-[ 7, 0, 7]
 211   16    62.478994   47.118939   62.478994    3.916524    0.00000000   0.0000   0.7117 15-[ 9, 0, 7]
 212   16    68.465286   53.105231   68.465286    4.064337    0.00000000   0.0000   0.7827 15-[ 9, 2, 7]
 213   16    70.235939   54.875884   70.235939    4.107038    0.00000000   0.0000   0.7704 15-[ 9, 1, 8]
 214   17    55.272365   39.912310   55.272365    3.730818    0.00000000   0.0000   0.7914 17+[ 8, 0, 8]
 215   17    72.050189   56.690134   72.050189    4.150335    0.00000000   0.0000   0.6168 17+[10, 0, 8]
 216   18    68.095403   52.735348   68.095403    4.055360    0.00000000   0.0000   0.8545 17-[ 9, 1, 8]
 217   18    69.995690   54.635635   69.995690    4.101270    0.00000000   0.0000   0.8090 17-[ 9, 0, 9]
 218   20    67.721581   52.361526   67.721581    4.046267    0.00000000   0.0000   0.8957 19-[ 9, 0, 9]
 219   21    75.449129   60.089074   75.449129    4.230259    0.00000000   0.0000   0.8527 21+[10, 0,10]
#all active are  219 q.p. states out of  455
#since the cut off is pwi=  60.0
#check: number of protons =  19.0


 #canonical s.p. energies protons 
 ---------------------------------


  labels -> {2*omega}{parity}[nn=nz+2*nr+nl,nz,nl]
  cqpe   -> canonical q.p. energies
  ce     -> canonical s.p. energies
  fermi energy=  -16.342254242958095     
  average cdelt=  -5.9515654168654854E-006
  k0      ceqp        ce         v*v       u*v        cdel     overl      labels
   1  -14.192376  -14.192376   0.00000000   0.00000296  -0.0000   0.7580  1+[ 2, 2, 0]
   2  -13.447850  -17.272260   1.00000000   0.00000148  -0.0000   0.6862  1+[ 2, 0, 0]
   3   -8.677807  -22.042303   1.00000000   0.00000051  -0.0000   0.6294  1+[ 2, 0, 0]
   4    1.346136    1.346136   0.00000000   0.00000020  -0.0000   0.5753  1+[ 4, 1, 1]
   5    5.394450    5.394450   0.00000000   0.00000011  -0.0000   0.6219  1+[ 4, 0, 0]
   6    7.146688    7.146688   0.00000000   0.00000009  -0.0000   0.5447  1+[ 4, 3, 1]
   7    8.365873    8.365873   0.00000000   0.00000010  -0.0000   0.5364  1+[ 4, 4, 0]
   8   11.160776   11.160776   0.00000000   0.00000008  -0.0000   0.5274  1+[ 4, 3, 1]
   9   13.986791  -44.706901   1.00000000   0.00000014  -0.0000   0.9770  1+[ 0, 0, 0]
  10   18.284867   18.284867   0.00000000   0.00000005  -0.0000   0.4650  1+[ 8, 0, 0]
  11   19.344064   19.344064   0.00000000   0.00000006  -0.0000   0.3020  1+[ 8, 1, 1]
  12   19.782857   19.782857   0.00000000   0.00000005  -0.0000   0.3066  1+[ 6, 5, 1]
  13   20.909714   20.909714   0.00000000   0.00000006  -0.0000   0.4834  1+[ 4, 4, 0]
  14   22.773317   22.773317   0.00000000   0.00000006  -0.0000   0.2854  1+[ 8, 7, 1]
  15   23.913795   23.913795   0.00000000   0.00000004  -0.0000   0.4487  1+[ 6, 3, 1]
  16   27.024450   27.024450   0.00000000   0.00000002  -0.0000   0.3481  1+[ 6, 3, 1]
  17   35.566700   35.566700   0.00000000   0.00000004  -0.0000   0.3187  1+[ 6, 2, 0]
  18   38.674393   38.674393   0.00000000   0.00000004  -0.0000   0.3612  1+[ 6, 4, 0]
  19   40.493217   40.493217   0.00000000   0.00000004  -0.0000   0.4130  1+[ 6, 0, 0]
  20   41.376536   41.376536   0.00000000   0.00000001  -0.0000   0.3763  1+[ 8, 4, 0]
  21   41.684953   41.684953   0.00000000   0.00000004  -0.0000   0.3833  1+[ 6, 0, 0]
  22   42.166647   42.166647   0.00000000   0.00000001  -0.0000   0.3277  1+[ 8, 5, 1]
  23   42.903594   42.903594   0.00000000   0.00000004  -0.0000   0.4121  1+[ 6, 1, 1]
  24   43.225103   43.225103   0.00000000   0.00000004  -0.0000   0.4430  1+[ 6, 3, 1]
  25   44.064915   44.064915   0.00000000   0.00000004  -0.0000   0.5141  1+[ 6, 5, 1]
  26    0.000000    0.000000   0.00000000   0.00000000  -0.0000   0.0000  1+[12, 0, 0]
  27    0.000000    0.000000   0.00000000   0.00000000  -0.0000   0.0000  1+[12, 0, 0]
  28    0.000000    0.000000   0.00000000   0.00000000  -0.0000   0.0000  1+[12, 0, 0]
  29    0.000000    0.000000   0.00000000   0.00000000  -0.0000   0.0000  1+[12, 0, 0]
  30    0.000000    0.000000   0.00000000   0.00000000  -0.0000   0.0000  1+[12, 0, 0]
  31    0.000000    0.000000   0.00000000   0.00000000  -0.0000   0.0000  1+[12, 0, 0]
  32    0.000000    0.000000   0.00000000   0.00000000  -0.0000   0.0000  1+[12, 0, 0]
  33    0.000000    0.000000   0.00000000   0.00000000  -0.0000   0.0000  1+[12, 0, 0]
  34    0.000000    0.000000   0.00000000   0.00000000  -0.0000   0.0000  1+[12, 0, 0]
  35    0.000000    0.000000   0.00000000   0.00000000  -0.0000   0.0000  1+[12, 0, 0]
  36    0.000000    0.000000   0.00000000   0.00000000  -0.0000   0.0000  1+[12, 0, 0]
  37    0.000000    0.000000   0.00000000   0.00000000  -0.0000   0.0000  1+[12, 0, 0]
  38    0.000000    0.000000   0.00000000   0.00000000  -0.0000   0.0000  1+[12, 0, 0]
  39    0.000000    0.000000   0.00000000   0.00000000  -0.0000   0.0000  1+[12, 0, 0]
  40    0.000000    0.000000   0.00000000   0.00000000  -0.0000   0.0000  1+[12, 0, 0]
  41    0.000000    0.000000   0.00000000   0.00000000  -0.0000   0.0000  1+[12, 0, 0]
  42    0.000000    0.000000   0.00000000   0.00000000  -0.0000   0.0000  1+[12, 0, 0]
  43    0.000000    0.000000   0.00000000   0.00000000  -0.0000   0.0000  1+[12, 0, 0]
  44    0.000000    0.000000   0.00000000   0.00000000  -0.0000   0.0000  1+[12, 0, 0]
  45    0.000000    0.000000   0.00000000   0.00000000  -0.0000   0.0000  1+[12, 0, 0]
  46    0.000000    0.000000   0.00000000   0.00000000  -0.0000   0.0000  1+[12, 0, 0]
  47    0.000000    0.000000   0.00000000   0.00000000  -0.0000   0.0000  1+[12, 0, 0]
  48    0.000000    0.000000   0.00000000   0.00000000  -0.0000   0.0000  1+[12, 0, 0]
  49    0.000000    0.000000   0.00000000   0.00000000  -0.0000   0.0000  1+[12, 0, 0]
  50  -10.418306  -10.418306   0.00000000   0.00000061  -0.0000   0.6636  1-[ 3, 1, 0]
  51   -5.040716   -5.040716   0.00000000   0.00000024  -0.0000   0.7036  1-[ 3, 0, 1]
  52   -2.844280   -2.844280   0.00000000   0.00000023  -0.0000   0.6248  1-[ 3, 1, 0]
  53   -0.927147  -29.792963   1.00000000   0.00000078  -0.0000   0.7533  1-[ 1, 1, 0]
  54   -0.052563   -0.052563   0.00000000   0.00000076  -0.0000   0.7156  1-[ 3, 3, 0]
  55    2.749675  -33.469785   1.00000000   0.00000022  -0.0000   0.7446  1-[ 1, 0, 1]
  56   12.463756   12.463756   0.00000000   0.00000008  -0.0000   0.5618  1-[ 5, 1, 0]
  57   13.223657   13.223657   0.00000000   0.00000009  -0.0000   0.5030  1-[ 5, 2, 1]
  58   14.046276   14.046276   0.00000000   0.00000008  -0.0000   0.3746  1-[ 5, 3, 0]
  59   15.394601   15.394601   0.00000000   0.00000006  -0.0000   0.5303  1-[ 5, 4, 1]
  60   16.524330   16.524330   0.00000000   0.00000007  -0.0000   0.3019  1-[ 5, 1, 0]
  61   20.442018   20.442018   0.00000000   0.00000004  -0.0000   0.4199  1-[ 5, 3, 0]
  62   28.459180   28.459180   0.00000000   0.00000004  -0.0000   0.3762  1-[ 9, 1, 0]
  63   30.159261   30.159261   0.00000000   0.00000004  -0.0000   0.3384  1-[ 5, 0, 1]
  64   32.116087   32.116087   0.00000000   0.00000005  -0.0000   0.4391  1-[ 5, 0, 1]
  65   32.957612   32.957612   0.00000000   0.00000005  -0.0000   0.3977  1-[ 5, 1, 0]
  66   34.044865   34.044865   0.00000000   0.00000005  -0.0000   0.3873  1-[ 5, 2, 1]
  67   34.418616   34.418616   0.00000000   0.00000002  -0.0000   0.4264  1-[ 7, 4, 1]
  68   34.858215   34.858215   0.00000000   0.00000004  -0.0000   0.5022  1-[ 5, 5, 0]
  69   36.631780   36.631780   0.00000000   0.00000001  -0.0000   0.3628  1-[ 7, 4, 1]
  70   49.795812   49.795812   0.00000000   0.00000003  -0.0000   0.3054  1-[ 9, 7, 0]
  71   53.728739   53.728739   0.00000000   0.00000003  -0.0000   0.3137  1-[ 7, 1, 0]
  72   54.655437   54.655437   0.00000000   0.00000001  -0.0000   0.4501  1-[ 9, 4, 1]
  73   55.614191   55.614191   0.00000000   0.00000001  -0.0000   0.4116  1-[ 9, 5, 0]
  74   57.158730   57.158730   0.00000000   0.00000003  -0.0000   0.3521  1-[ 7, 6, 1]
  75   59.449671   59.449671   0.00000000   0.00000002  -0.0000   0.3598  1-[ 7, 4, 1]
  77    0.000000    0.000000   0.00000000   0.00000000  -0.0000   0.0000  1-[11, 1, 0]
  78    0.000000    0.000000   0.00000000   0.00000000  -0.0000   0.0000  1-[11, 1, 0]
  79    0.000000    0.000000   0.00000000   0.00000000  -0.0000   0.0000  1-[11, 1, 0]
  80    0.000000    0.000000   0.00000000   0.00000000  -0.0000   0.0000  1-[11, 1, 0]
  81    0.000000    0.000000   0.00000000   0.00000000  -0.0000   0.0000  1-[11, 1, 0]
  82    0.000000    0.000000   0.00000000   0.00000000  -0.0000   0.0000  1-[11, 1, 0]
  83    0.000000    0.000000   0.00000000   0.00000000  -0.0000   0.0000  1-[11, 1, 0]
  84    0.000000    0.000000   0.00000000   0.00000000  -0.0000   0.0000  1-[11, 1, 0]
  85    0.000000    0.000000   0.00000000   0.00000000  -0.0000   0.0000  1-[11, 1, 0]
  86    0.000000    0.000000   0.00000000   0.00000000  -0.0000   0.0000  1-[11, 1, 0]
  87    0.000000    0.000000   0.00000000   0.00000000  -0.0000   0.0000  1-[11, 1, 0]
  88    0.000000    0.000000   0.00000000   0.00000000  -0.0000   0.0000  1-[11, 1, 0]
  89    0.000000    0.000000   0.00000000   0.00000000  -0.0000   0.0000  1-[11, 1, 0]
  90    0.000000    0.000000   0.00000000   0.00000000  -0.0000   0.0000  1-[11, 1, 0]
  91    0.000000    0.000000   0.00000000   0.00000000  -0.0000   0.0000  1-[11, 1, 0]
  92  -14.377856  -16.342254   1.00000000   0.00000292  -0.0000   0.7768  3+[ 2, 0, 2]
  93   -8.634885  -22.085225   1.00000000   0.00000047  -0.0000   0.7827  3+[ 2, 1, 1]
  94    1.177203    1.177203   0.00000000   0.00000019  -0.0000   0.6675  3+[ 4, 1, 1]
  95    5.623391    5.623391   0.00000000   0.00000009  -0.0000   0.5430  3+[ 4, 0, 2]
  96    6.976674    6.976674   0.00000000   0.00000009  -0.0000   0.4795  3+[ 4, 1, 1]
  97   10.578574   10.578574   0.00000000   0.00000008  -0.0000   0.6250  3+[ 4, 2, 2]
  98   18.332548   18.332548   0.00000000   0.00000005  -0.0000   0.3590  3+[ 8, 0, 2]
  99   19.531373   19.531373   0.00000000   0.00000005  -0.0000   0.3406  3+[ 6, 1, 1]
 100   19.813714   19.813714   0.00000000   0.00000005  -0.0000   0.3833  3+[ 8, 0, 2]
 101   22.641843   22.641843   0.00000000   0.00000005  -0.0000   0.3283  3+[ 4, 2, 2]
 102   23.743076   23.743076   0.00000000   0.00000004  -0.0000   0.4921  3+[ 6, 3, 1]
 103   26.948433   26.948433   0.00000000   0.00000002  -0.0000   0.3292  3+[ 6, 2, 2]
 104   35.505080   35.505080   0.00000000   0.00000004  -0.0000   0.3175  3+[10, 1, 1]
 105   38.588737   38.588737   0.00000000   0.00000004  -0.0000   0.4266  3+[ 6, 1, 1]
 106   40.355697   40.355697   0.00000000   0.00000004  -0.0000   0.4572  3+[ 6, 5, 1]
 107   41.331614   41.331614   0.00000000   0.00000001  -0.0000   0.3603  3+[ 8, 4, 2]
 108   41.793813   41.793813   0.00000000   0.00000004  -0.0000   0.5310  3+[ 6, 0, 2]
 109   42.139245   42.139245   0.00000000   0.00000001  -0.0000   0.3490  3+[10, 8, 2]
 110   42.997547   42.997547   0.00000000   0.00000004  -0.0000   0.4775  3+[ 6, 2, 2]
 111   43.786637   43.786637   0.00000000   0.00000003  -0.0000   0.5504  3+[ 6, 4, 2]
 112    0.000000    0.000000   0.00000000   0.00000000  -0.0000   0.0000  3+[12, 1, 1]
 113    0.000000    0.000000   0.00000000   0.00000000  -0.0000   0.0000  3+[12, 1, 1]
 114    0.000000    0.000000   0.00000000   0.00000000  -0.0000   0.0000  3+[12, 1, 1]
 115    0.000000    0.000000   0.00000000   0.00000000  -0.0000   0.0000  3+[12, 1, 1]
 116    0.000000    0.000000   0.00000000   0.00000000  -0.0000   0.0000  3+[12, 1, 1]
 117    0.000000    0.000000   0.00000000   0.00000000  -0.0000   0.0000  3+[12, 1, 1]
 118    0.000000    0.000000   0.00000000   0.00000000  -0.0000   0.0000  3+[12, 1, 1]
 119    0.000000    0.000000   0.00000000   0.00000000  -0.0000   0.0000  3+[12, 1, 1]
 120    0.000000    0.000000   0.00000000   0.00000000  -0.0000   0.0000  3+[12, 1, 1]
 121    0.000000    0.000000   0.00000000   0.00000000  -0.0000   0.0000  3+[12, 1, 1]
 122    0.000000    0.000000   0.00000000   0.00000000  -0.0000   0.0000  3+[12, 1, 1]
 123    0.000000    0.000000   0.00000000   0.00000000  -0.0000   0.0000  3+[12, 1, 1]
 124    0.000000    0.000000   0.00000000   0.00000000  -0.0000   0.0000  3+[12, 1, 1]
 125    0.000000    0.000000   0.00000000   0.00000000  -0.0000   0.0000  3+[12, 1, 1]
 126    0.000000    0.000000   0.00000000   0.00000000  -0.0000   0.0000  3+[12, 1, 1]
 127    0.000000    0.000000   0.00000000   0.00000000  -0.0000   0.0000  3+[12, 1, 1]
 128    0.000000    0.000000   0.00000000   0.00000000  -0.0000   0.0000  3+[12, 1, 1]
 129    0.000000    0.000000   0.00000000   0.00000000  -0.0000   0.0000  3+[12, 1, 1]
 130    0.000000    0.000000   0.00000000   0.00000000  -0.0000   0.0000  3+[12, 1, 1]
 131    0.000000    0.000000   0.00000000   0.00000000  -0.0000   0.0000  3+[12, 1, 1]
 132    0.000000    0.000000   0.00000000   0.00000000  -0.0000   0.0000  3+[12, 1, 1]
 133    0.000000    0.000000   0.00000000   0.00000000  -0.0000   0.0000  3+[12, 1, 1]
 134  -10.624663  -10.624663   0.00000000   0.00000062  -0.0000   0.5854  3-[ 3, 0, 1]
 135   -6.260059   -6.260059   0.00000000   0.00000025  -0.0000   0.6920  3-[ 3, 0, 1]
 136   -1.430231   -1.430231   0.00000000   0.00000021  -0.0000   0.7265  3-[ 3, 1, 2]
 137    3.328271  -34.048381   1.00000000   0.00000018  -0.0000   0.9719  3-[ 1, 0, 1]
 138   12.397992   12.397992   0.00000000   0.00000008  -0.0000   0.5859  3-[ 5, 0, 1]
 139   12.875606   12.875606   0.00000000   0.00000009  -0.0000   0.6024  3-[ 5, 2, 1]
 140   15.024293   15.024293   0.00000000   0.00000005  -0.0000   0.5805  3-[ 5, 4, 1]
 141   16.299642   16.299642   0.00000000   0.00000006  -0.0000   0.4096  3-[ 5, 1, 2]
 142   20.237895   20.237895   0.00000000   0.00000004  -0.0000   0.4884  3-[ 5, 3, 2]
 143   28.451437   28.451437   0.00000000   0.00000004  -0.0000   0.3287  3-[ 7, 2, 1]
 144   29.929990   29.929990   0.00000000   0.00000004  -0.0000   0.4552  3-[ 5, 0, 1]
 145   31.272964   31.272964   0.00000000   0.00000005  -0.0000   0.3592  3-[ 5, 0, 1]
 146   33.311352   33.311352   0.00000000   0.00000004  -0.0000   0.4590  3-[ 5, 1, 2]
 147   34.273863   34.273863   0.00000000   0.00000003  -0.0000   0.3832  3-[ 7, 4, 1]
 148   34.371593   34.371593   0.00000000   0.00000003  -0.0000   0.4052  3-[ 7, 5, 2]
 149   36.566623   36.566623   0.00000000   0.00000001  -0.0000   0.3921  3-[ 7, 3, 2]
 150   49.677232   49.677232   0.00000000   0.00000003  -0.0000   0.3332  3-[ 9, 6, 1]
 151   53.656635   53.656635   0.00000000   0.00000003  -0.0000   0.2849  3-[ 9, 7, 2]
 152   54.582273   54.582273   0.00000000   0.00000001  -0.0000   0.4771  3-[ 9, 4, 1]
 153   55.591391   55.591391   0.00000000   0.00000001  -0.0000   0.4485  3-[ 9, 5, 2]
 154   57.024237   57.024237   0.00000000   0.00000003  -0.0000   0.4057  3-[ 7, 6, 1]
 155   59.320464   59.320464   0.00000000   0.00000002  -0.0000   0.4143  3-[ 7, 3, 2]
 156   59.453698   59.453698   0.00000000   0.00000003  -0.0000   0.5021  3-[ 7, 0, 1]
 157    0.000000    0.000000   0.00000000   0.00000000  -0.0000   0.0000  3-[11, 0, 1]
 158    0.000000    0.000000   0.00000000   0.00000000  -0.0000   0.0000  3-[11, 0, 1]
 159    0.000000    0.000000   0.00000000   0.00000000  -0.0000   0.0000  3-[11, 0, 1]
 160    0.000000    0.000000   0.00000000   0.00000000  -0.0000   0.0000  3-[11, 0, 1]
 161    0.000000    0.000000   0.00000000   0.00000000  -0.0000   0.0000  3-[11, 0, 1]
 162    0.000000    0.000000   0.00000000   0.00000000  -0.0000   0.0000  3-[11, 0, 1]
 163    0.000000    0.000000   0.00000000   0.00000000  -0.0000   0.0000  3-[11, 0, 1]
 164    0.000000    0.000000   0.00000000   0.00000000  -0.0000   0.0000  3-[11, 0, 1]
 165    0.000000    0.000000   0.00000000   0.00000000  -0.0000   0.0000  3-[11, 0, 1]
 166    0.000000    0.000000   0.00000000   0.00000000  -0.0000   0.0000  3-[11, 0, 1]
 167    0.000000    0.000000   0.00000000   0.00000000  -0.0000   0.0000  3-[11, 0, 1]
 168    0.000000    0.000000   0.00000000   0.00000000  -0.0000   0.0000  3-[11, 0, 1]
 169    0.000000    0.000000   0.00000000   0.00000000  -0.0000   0.0000  3-[11, 0, 1]
 170   -7.575128  -23.144982   1.00000000   0.00000037  -0.0000   0.9676  5+[ 2, 0, 2]
 171    0.842384    0.842384   0.00000000   0.00000017  -0.0000   0.6366  5+[ 4, 2, 2]
 172    4.372363    4.372363   0.00000000   0.00000011  -0.0000   0.6709  5+[ 4, 0, 2]
 173    9.684608    9.684608   0.00000000   0.00000008  -0.0000   0.7181  5+[ 4, 1, 3]
 174   17.984418   17.984418   0.00000000   0.00000004  -0.0000   0.5316  5+[ 8, 0, 2]
 175   19.481363   19.481363   0.00000000   0.00000005  -0.0000   0.3535  5+[ 6, 2, 2]
 176   22.464188   22.464188   0.00000000   0.00000005  -0.0000   0.3712  5+[ 8, 1, 3]
 177   23.408847   23.408847   0.00000000   0.00000004  -0.0000   0.4689  5+[ 6, 4, 2]
 178   26.798806   26.798806   0.00000000   0.00000002  -0.0000   0.4208  5+[ 6, 3, 3]
 179   35.391491   35.391491   0.00000000   0.00000004  -0.0000   0.3408  5+[ 6, 2, 2]
 180   38.374979   38.374979   0.00000000   0.00000003  -0.0000   0.5085  5+[ 6, 0, 2]
 181   39.513977   39.513977   0.00000000   0.00000004  -0.0000   0.4313  5+[ 6, 0, 2]
 182   41.241956   41.241956   0.00000000   0.00000001  -0.0000   0.4186  5+[ 8, 4, 2]
 183   42.079445   42.079445   0.00000000   0.00000002  -0.0000   0.4020  5+[10, 7, 3]
 184   42.747380   42.747380   0.00000000   0.00000003  -0.0000   0.5114  5+[ 6, 1, 3]
 185   43.263514   43.263514   0.00000000   0.00000003  -0.0000   0.5446  5+[ 6, 3, 3]
 186   59.962502   59.962502   0.00000000   0.00000002  -0.0000   0.3749  5+[10, 6, 2]
 187    0.000000    0.000000   0.00000000   0.00000000  -0.0000   0.0000  5+[12, 0, 2]
 188    0.000000    0.000000   0.00000000   0.00000000  -0.0000   0.0000  5+[12, 0, 2]
 189    0.000000    0.000000   0.00000000   0.00000000  -0.0000   0.0000  5+[12, 0, 2]
 190    0.000000    0.000000   0.00000000   0.00000000  -0.0000   0.0000  5+[12, 0, 2]
 191    0.000000    0.000000   0.00000000   0.00000000  -0.0000   0.0000  5+[12, 0, 2]
 192    0.000000    0.000000   0.00000000   0.00000000  -0.0000   0.0000  5+[12, 0, 2]
 193    0.000000    0.000000   0.00000000   0.00000000  -0.0000   0.0000  5+[12, 0, 2]
 194    0.000000    0.000000   0.00000000   0.00000000  -0.0000   0.0000  5+[12, 0, 2]
 195    0.000000    0.000000   0.00000000   0.00000000  -0.0000   0.0000  5+[12, 0, 2]
 196    0.000000    0.000000   0.00000000   0.00000000  -0.0000   0.0000  5+[12, 0, 2]
 197    0.000000    0.000000   0.00000000   0.00000000  -0.0000   0.0000  5+[12, 0, 2]
 198    0.000000    0.000000   0.00000000   0.00000000  -0.0000   0.0000  5+[12, 0, 2]
 199    0.000000    0.000000   0.00000000   0.00000000  -0.0000   0.0000  5+[12, 0, 2]
 200    0.000000    0.000000   0.00000000   0.00000000  -0.0000   0.0000  5+[12, 0, 2]
 201    0.000000    0.000000   0.00000000   0.00000000  -0.0000   0.0000  5+[12, 0, 2]
 202    0.000000    0.000000   0.00000000   0.00000000  -0.0000   0.0000  5+[12, 0, 2]
 203    0.000000    0.000000   0.00000000   0.00000000  -0.0000   0.0000  5+[12, 0, 2]
 204    0.000000    0.000000   0.00000000   0.00000000  -0.0000   0.0000  5+[12, 0, 2]
 205    0.000000    0.000000   0.00000000   0.00000000  -0.0000   0.0000  5+[12, 0, 2]
 206  -10.910873  -10.910873   0.00000000   0.00000062  -0.0000   0.8492  5-[ 3, 1, 2]
 207   -3.313894   -3.313894   0.00000000   0.00000020  -0.0000   0.8239  5-[ 3, 0, 3]
 208   12.388389   12.388389   0.00000000   0.00000008  -0.0000   0.6849  5-[ 5, 1, 2]
 209   14.306683   14.306683   0.00000000   0.00000006  -0.0000   0.6173  5-[ 5, 3, 2]
 210   15.644907   15.644907   0.00000000   0.00000005  -0.0000   0.5080  5-[ 5, 0, 3]
 211   19.836741   19.836741   0.00000000   0.00000004  -0.0000   0.5921  5-[ 5, 2, 3]
 212   28.446295   28.446295   0.00000000   0.00000004  -0.0000   0.4323  5-[ 9, 1, 2]
 213   29.773087   29.773087   0.00000000   0.00000004  -0.0000   0.3790  5-[ 5, 3, 2]
 214   32.144389   32.144389   0.00000000   0.00000004  -0.0000   0.5367  5-[ 5, 0, 3]
 215   33.895770   33.895770   0.00000000   0.00000004  -0.0000   0.4574  5-[ 5, 2, 3]
 216   34.135352   34.135352   0.00000000   0.00000002  -0.0000   0.4834  5-[ 7, 3, 2]
 217   36.445407   36.445407   0.00000000   0.00000001  -0.0000   0.3839  5-[ 7, 4, 3]
 218   49.450304   49.450304   0.00000000   0.00000003  -0.0000   0.3297  5-[ 9, 7, 2]
 219   53.524592   53.524592   0.00000000   0.00000003  -0.0000   0.3807  5-[ 7, 1, 2]
 220   54.445502   54.445502   0.00000000   0.00000001  -0.0000   0.4476  5-[ 9, 5, 2]
 221   55.545265   55.545265   0.00000000   0.00000000  -0.0000   0.4489  5-[ 9, 4, 3]
 222   56.875541   56.875541   0.00000000   0.00000003  -0.0000   0.3854  5-[ 7, 3, 2]
 223   59.097965   59.097965   0.00000000   0.00000002  -0.0000   0.3802  5-[ 7, 4, 3]
 224    0.000000    0.000000   0.00000000   0.00000000  -0.0000   0.0000  5-[11, 1, 2]
 225    0.000000    0.000000   0.00000000   0.00000000  -0.0000   0.0000  5-[11, 1, 2]
 226    0.000000    0.000000   0.00000000   0.00000000  -0.0000   0.0000  5-[11, 1, 2]
 227    0.000000    0.000000   0.00000000   0.00000000  -0.0000   0.0000  5-[11, 1, 2]
 228    0.000000    0.000000   0.00000000   0.00000000  -0.0000   0.0000  5-[11, 1, 2]
 229    0.000000    0.000000   0.00000000   0.00000000  -0.0000   0.0000  5-[11, 1, 2]
 230    0.000000    0.000000   0.00000000   0.00000000  -0.0000   0.0000  5-[11, 1, 2]
 231    0.000000    0.000000   0.00000000   0.00000000  -0.0000   0.0000  5-[11, 1, 2]
 232    0.000000    0.000000   0.00000000   0.00000000  -0.0000   0.0000  5-[11, 1, 2]
 233    0.000000    0.000000   0.00000000   0.00000000  -0.0000   0.0000  5-[11, 1, 2]
 234    0.000000    0.000000   0.00000000   0.00000000  -0.0000   0.0000  5-[11, 1, 2]
 235    0.000000    0.000000   0.00000000   0.00000000  -0.0000   0.0000  5-[11, 1, 2]
 236    0.225737    0.225737   0.00000000   0.00000015  -0.0000   0.8810  7+[ 4, 1, 3]
 237    8.280941    8.280941   0.00000000   0.00000008  -0.0000   0.8013  7+[ 4, 0, 4]
 238   19.381584   19.381584   0.00000000   0.00000004  -0.0000   0.5075  7+[ 6, 1, 3]
 239   22.014271   22.014271   0.00000000   0.00000004  -0.0000   0.4964  7+[ 8, 0, 4]
 240   22.925433   22.925433   0.00000000   0.00000004  -0.0000   0.6227  7+[ 6, 3, 3]
 241   26.573801   26.573801   0.00000000   0.00000002  -0.0000   0.5061  7+[ 6, 2, 4]
 242   35.229730   35.229730   0.00000000   0.00000004  -0.0000   0.3650  7+[10, 1, 3]
 243   38.143812   38.143812   0.00000000   0.00000003  -0.0000   0.4703  7+[ 6, 1, 3]
 244   41.113987   41.113987   0.00000000   0.00000001  -0.0000   0.4295  7+[ 8, 3, 3]
 245   41.953287   41.953287   0.00000000   0.00000002  -0.0000   0.3675  7+[ 8, 4, 4]
 246   42.102795   42.102795   0.00000000   0.00000003  -0.0000   0.5503  7+[ 6, 0, 4]
 247   42.616721   42.616721   0.00000000   0.00000002  -0.0000   0.4938  7+[ 6, 2, 4]
 248   59.655018   59.655018   0.00000000   0.00000002  -0.0000   0.3898  7+[ 8, 3, 3]
 249    0.000000    0.000000   0.00000000   0.00000000  -0.0000   0.0000  7+[12, 1, 3]
 250    0.000000    0.000000   0.00000000   0.00000000  -0.0000   0.0000  7+[12, 1, 3]
 251    0.000000    0.000000   0.00000000   0.00000000  -0.0000   0.0000  7+[12, 1, 3]
 252    0.000000    0.000000   0.00000000   0.00000000  -0.0000   0.0000  7+[12, 1, 3]
 253    0.000000    0.000000   0.00000000   0.00000000  -0.0000   0.0000  7+[12, 1, 3]
 254    0.000000    0.000000   0.00000000   0.00000000  -0.0000   0.0000  7+[12, 1, 3]
 255    0.000000    0.000000   0.00000000   0.00000000  -0.0000   0.0000  7+[12, 1, 3]
 256    0.000000    0.000000   0.00000000   0.00000000  -0.0000   0.0000  7+[12, 1, 3]
 257    0.000000    0.000000   0.00000000   0.00000000  -0.0000   0.0000  7+[12, 1, 3]
 258    0.000000    0.000000   0.00000000   0.00000000  -0.0000   0.0000  7+[12, 1, 3]
 259    0.000000    0.000000   0.00000000   0.00000000  -0.0000   0.0000  7+[12, 1, 3]
 260    0.000000    0.000000   0.00000000   0.00000000  -0.0000   0.0000  7+[12, 1, 3]
 261    0.000000    0.000000   0.00000000   0.00000000  -0.0000   0.0000  7+[12, 1, 3]
 262    0.000000    0.000000   0.00000000   0.00000000  -0.0000   0.0000  7+[12, 1, 3]
 263    0.000000    0.000000   0.00000000   0.00000000  -0.0000   0.0000  7+[12, 1, 3]
 264    0.000000    0.000000   0.00000000   0.00000000  -0.0000   0.0000  7+[12, 1, 3]
 265    0.000000    0.000000   0.00000000   0.00000000  -0.0000   0.0000  7+[12, 1, 3]
 266  -12.223038  -12.223038   0.00000000   0.00000080  -0.0000   0.9686  7-[ 3, 0, 3]
 267   12.039160   12.039160   0.00000000   0.00000008  -0.0000   0.6193  7-[ 5, 2, 3]
 268   13.386404   13.386404   0.00000000   0.00000006  -0.0000   0.5406  7-[ 5, 0, 3]
 269   19.253903   19.253903   0.00000000   0.00000004  -0.0000   0.6773  7-[ 5, 1, 4]
 270   28.388808   28.388808   0.00000000   0.00000004  -0.0000   0.4630  7-[ 9, 0, 3]
 271   28.975164   28.975164   0.00000000   0.00000004  -0.0000   0.4373  7-[ 5, 0, 3]
 272   33.514678   33.514678   0.00000000   0.00000004  -0.0000   0.4894  7-[ 5, 1, 4]
 273   33.836430   33.836430   0.00000000   0.00000002  -0.0000   0.4688  7-[ 7, 4, 3]
 274   36.270219   36.270219   0.00000000   0.00000001  -0.0000   0.4864  7-[ 7, 3, 4]
 275   49.129731   49.129731   0.00000000   0.00000003  -0.0000   0.4219  7-[ 9, 6, 3]
 276   53.326082   53.326082   0.00000000   0.00000003  -0.0000   0.4224  7-[ 7, 4, 3]
 277   54.255995   54.255995   0.00000000   0.00000001  -0.0000   0.5317  7-[ 9, 4, 3]
 278   55.474327   55.474327   0.00000000   0.00000000  -0.0000   0.4958  7-[ 9, 5, 4]
 279   56.273664   56.273664   0.00000000   0.00000003  -0.0000   0.5910  7-[ 7, 0, 3]
 280   58.787599   58.787599   0.00000000   0.00000002  -0.0000   0.4835  7-[ 7, 3, 4]
 281    0.000000    0.000000   0.00000000   0.00000000  -0.0000   0.0000  7-[11, 0, 3]
 282    0.000000    0.000000   0.00000000   0.00000000  -0.0000   0.0000  7-[11, 0, 3]
 283    0.000000    0.000000   0.00000000   0.00000000  -0.0000   0.0000  7-[11, 0, 3]
 284    0.000000    0.000000   0.00000000   0.00000000  -0.0000   0.0000  7-[11, 0, 3]
 285    0.000000    0.000000   0.00000000   0.00000000  -0.0000   0.0000  7-[11, 0, 3]
 286    0.000000    0.000000   0.00000000   0.00000000  -0.0000   0.0000  7-[11, 0, 3]
 287    0.000000    0.000000   0.00000000   0.00000000  -0.0000   0.0000  7-[11, 0, 3]
 288    0.000000    0.000000   0.00000000   0.00000000  -0.0000   0.0000  7-[11, 0, 3]
 289    0.000000    0.000000   0.00000000   0.00000000  -0.0000   0.0000  7-[11, 0, 3]
 290    0.000000    0.000000   0.00000000   0.00000000  -0.0000   0.0000  7-[11, 0, 3]
 291   -1.120335   -1.120335   0.00000000   0.00000016  -0.0000   0.9693  9+[ 4, 0, 4]
 292   19.150854   19.150854   0.00000000   0.00000004  -0.0000   0.6036  9+[ 6, 0, 4]
 293   22.314455   22.314455   0.00000000   0.00000004  -0.0000   0.7467  9+[ 6, 2, 4]
 294   26.264856   26.264856   0.00000000   0.00000002  -0.0000   0.5773  9+[ 6, 1, 5]
 295   35.006508   35.006508   0.00000000   0.00000003  -0.0000   0.3595  9+[ 6, 2, 4]
 296   37.418576   37.418576   0.00000000   0.00000003  -0.0000   0.6407  9+[ 6, 0, 4]
 297   40.949080   40.949080   0.00000000   0.00000001  -0.0000   0.4709  9+[ 8, 4, 4]
 298   41.727161   41.727161   0.00000000   0.00000002  -0.0000   0.5300  9+[ 6, 1, 5]
 299   42.259230   42.259230   0.00000000   0.00000002  -0.0000   0.4567  9+[10, 1, 5]
 300   59.235869   59.235869   0.00000000   0.00000002  -0.0000   0.4378  9+[10, 6, 4]
 301    0.000000    0.000000   0.00000000   0.00000000  -0.0000   0.0000  9+[12, 0, 4]
 302    0.000000    0.000000   0.00000000   0.00000000  -0.0000   0.0000  9+[12, 0, 4]
 303    0.000000    0.000000   0.00000000   0.00000000  -0.0000   0.0000  9+[12, 0, 4]
 304    0.000000    0.000000   0.00000000   0.00000000  -0.0000   0.0000  9+[12, 0, 4]
 305    0.000000    0.000000   0.00000000   0.00000000  -0.0000   0.0000  9+[12, 0, 4]
 306    0.000000    0.000000   0.00000000   0.00000000  -0.0000   0.0000  9+[12, 0, 4]
 307    0.000000    0.000000   0.00000000   0.00000000  -0.0000   0.0000  9+[12, 0, 4]
 308    0.000000    0.000000   0.00000000   0.00000000  -0.0000   0.0000  9+[12, 0, 4]
 309    0.000000    0.000000   0.00000000   0.00000000  -0.0000   0.0000  9+[12, 0, 4]
 310    0.000000    0.000000   0.00000000   0.00000000  -0.0000   0.0000  9+[12, 0, 4]
 311    0.000000    0.000000   0.00000000   0.00000000  -0.0000   0.0000  9+[12, 0, 4]
 312    0.000000    0.000000   0.00000000   0.00000000  -0.0000   0.0000  9+[12, 0, 4]
 313    0.000000    0.000000   0.00000000   0.00000000  -0.0000   0.0000  9+[12, 0, 4]
 314    0.000000    0.000000   0.00000000   0.00000000  -0.0000   0.0000  9+[12, 0, 4]
 315    0.000000    0.000000   0.00000000   0.00000000  -0.0000   0.0000  9+[12, 0, 4]
 316   11.338840   11.338840   0.00000000   0.00000007  -0.0000   0.8917  9-[ 5, 1, 4]
 317   18.365407   18.365407   0.00000000   0.00000004  -0.0000   0.7490  9-[ 5, 0, 5]
 318   28.321146   28.321146   0.00000000   0.00000003  -0.0000   0.5435  9-[ 7, 1, 4]
 319   32.869979   32.869979   0.00000000   0.00000003  -0.0000   0.5370  9-[ 9, 0, 5]
 320   33.445580   33.445580   0.00000000   0.00000002  -0.0000   0.6295  9-[ 7, 3, 4]
 321   36.036132   36.036132   0.00000000   0.00000001  -0.0000   0.5723  9-[ 7, 2, 5]
 322   48.732060   48.732060   0.00000000   0.00000003  -0.0000   0.4619  9-[ 9, 5, 4]
 323   53.036290   53.036290   0.00000000   0.00000003  -0.0000   0.5051  9-[ 7, 1, 4]
 324   54.024262   54.024262   0.00000000   0.00000001  -0.0000   0.5252  9-[ 9, 3, 4]
 325   55.375537   55.375537   0.00000000   0.00000000  -0.0000   0.5856  9-[ 9, 4, 5]
 326   58.418096   58.418096   0.00000000   0.00000002  -0.0000   0.5613  9-[ 7, 2, 5]
 327    0.000000    0.000000   0.00000000   0.00000000  -0.0000   0.0000  9-[11, 1, 4]
 328    0.000000    0.000000   0.00000000   0.00000000  -0.0000   0.0000  9-[11, 1, 4]
 329    0.000000    0.000000   0.00000000   0.00000000  -0.0000   0.0000  9-[11, 1, 4]
 330    0.000000    0.000000   0.00000000   0.00000000  -0.0000   0.0000  9-[11, 1, 4]
 331    0.000000    0.000000   0.00000000   0.00000000  -0.0000   0.0000  9-[11, 1, 4]
 332    0.000000    0.000000   0.00000000   0.00000000  -0.0000   0.0000  9-[11, 1, 4]
 333    0.000000    0.000000   0.00000000   0.00000000  -0.0000   0.0000  9-[11, 1, 4]
 334    0.000000    0.000000   0.00000000   0.00000000  -0.0000   0.0000  9-[11, 1, 4]
 335    0.000000    0.000000   0.00000000   0.00000000  -0.0000   0.0000  9-[11, 1, 4]
 336   21.592357   21.592357   0.00000000   0.00000004  -0.0000   0.8447 11+[ 6, 1, 5]
 337   25.841717   25.841717   0.00000000   0.00000002  -0.0000   0.6352 11+[ 6, 0, 6]
 338   34.697741   34.697741   0.00000000   0.00000003  -0.0000   0.4767 11+[ 8, 1, 5]
 339   40.746208   40.746208   0.00000000   0.00000001  -0.0000   0.5779 11+[ 8, 3, 5]
 340   41.121406   41.121406   0.00000000   0.00000003  -0.0000   0.6345 11+[ 6, 0, 6]
 341   42.022417   42.022417   0.00000000   0.00000001  -0.0000   0.5272 11+[ 8, 2, 6]
 342   58.712730   58.712730   0.00000000   0.00000002  -0.0000   0.4562 11+[ 8, 3, 5]
 343    0.000000    0.000000   0.00000000   0.00000000  -0.0000   0.0000 11+[12, 1, 5]
 344    0.000000    0.000000   0.00000000   0.00000000  -0.0000   0.0000 11+[12, 1, 5]
 345    0.000000    0.000000   0.00000000   0.00000000  -0.0000   0.0000 11+[12, 1, 5]
 346    0.000000    0.000000   0.00000000   0.00000000  -0.0000   0.0000 11+[12, 1, 5]
 347    0.000000    0.000000   0.00000000   0.00000000  -0.0000   0.0000 11+[12, 1, 5]
 348    0.000000    0.000000   0.00000000   0.00000000  -0.0000   0.0000 11+[12, 1, 5]
 349    0.000000    0.000000   0.00000000   0.00000000  -0.0000   0.0000 11+[12, 1, 5]
 350    0.000000    0.000000   0.00000000   0.00000000  -0.0000   0.0000 11+[12, 1, 5]
 351    0.000000    0.000000   0.00000000   0.00000000  -0.0000   0.0000 11+[12, 1, 5]
 352    0.000000    0.000000   0.00000000   0.00000000  -0.0000   0.0000 11+[12, 1, 5]
 353    0.000000    0.000000   0.00000000   0.00000000  -0.0000   0.0000 11+[12, 1, 5]
 354    0.000000    0.000000   0.00000000   0.00000000  -0.0000   0.0000 11+[12, 1, 5]
 355    0.000000    0.000000   0.00000000   0.00000000  -0.0000   0.0000 11+[12, 1, 5]
 356   10.128883   10.128883   0.00000000   0.00000007  -0.0000   0.9641 11-[ 5, 0, 5]
 357   27.999788   27.999788   0.00000000   0.00000003  -0.0000   0.6459 11-[ 7, 0, 5]
 358   32.970667   32.970667   0.00000000   0.00000002  -0.0000   0.7478 11-[ 7, 2, 5]
 359   35.740443   35.740443   0.00000000   0.00000001  -0.0000   0.6404 11-[ 7, 1, 6]
 360   48.269733   48.269733   0.00000000   0.00000003  -0.0000   0.4342 11-[ 9, 4, 5]
 361   52.429019   52.429019   0.00000000   0.00000003  -0.0000   0.6316 11-[ 7, 0, 5]
 362   53.755266   53.755266   0.00000000   0.00000001  -0.0000   0.5685 11-[ 9, 4, 5]
 363   55.244001   55.244001   0.00000000   0.00000000  -0.0000   0.6604 11-[ 9, 3, 6]
 364   57.981616   57.981616   0.00000000   0.00000002  -0.0000   0.6084 11-[ 7, 1, 6]
 365    0.000000    0.000000   0.00000000   0.00000000  -0.0000   0.0000 11-[11, 0, 5]
 366    0.000000    0.000000   0.00000000   0.00000000  -0.0000   0.0000 11-[11, 0, 5]
 367    0.000000    0.000000   0.00000000   0.00000000  -0.0000   0.0000 11-[11, 0, 5]
 368    0.000000    0.000000   0.00000000   0.00000000  -0.0000   0.0000 11-[11, 0, 5]
 369    0.000000    0.000000   0.00000000   0.00000000  -0.0000   0.0000 11-[11, 0, 5]
 370    0.000000    0.000000   0.00000000   0.00000000  -0.0000   0.0000 11-[11, 0, 5]
 371    0.000000    0.000000   0.00000000   0.00000000  -0.0000   0.0000 11-[11, 0, 5]
 372   20.704854   20.704854   0.00000000   0.00000004  -0.0000   0.9130 13+[ 6, 0, 6]
 373   34.264864   34.264864   0.00000000   0.00000003  -0.0000   0.5772 13+[10, 0, 6]
 374   40.504619   40.504619   0.00000000   0.00000001  -0.0000   0.6679 13+[ 8, 2, 6]
 375   41.842494   41.842494   0.00000000   0.00000001  -0.0000   0.6013 13+[ 8, 1, 7]
 376   58.103664   58.103664   0.00000000   0.00000002  -0.0000   0.5514 13+[ 8, 2, 6]
 377    0.000000    0.000000   0.00000000   0.00000000  -0.0000   0.0000 13+[12, 0, 6]
 378    0.000000    0.000000   0.00000000   0.00000000  -0.0000   0.0000 13+[12, 0, 6]
 379    0.000000    0.000000   0.00000000   0.00000000  -0.0000   0.0000 13+[12, 0, 6]
 380    0.000000    0.000000   0.00000000   0.00000000  -0.0000   0.0000 13+[12, 0, 6]
 381    0.000000    0.000000   0.00000000   0.00000000  -0.0000   0.0000 13+[12, 0, 6]
 382    0.000000    0.000000   0.00000000   0.00000000  -0.0000   0.0000 13+[12, 0, 6]
 383    0.000000    0.000000   0.00000000   0.00000000  -0.0000   0.0000 13+[12, 0, 6]
 384    0.000000    0.000000   0.00000000   0.00000000  -0.0000   0.0000 13+[12, 0, 6]
 385    0.000000    0.000000   0.00000000   0.00000000  -0.0000   0.0000 13+[12, 0, 6]
 386    0.000000    0.000000   0.00000000   0.00000000  -0.0000   0.0000 13+[12, 0, 6]
 387    0.000000    0.000000   0.00000000   0.00000000  -0.0000   0.0000 13+[12, 0, 6]
 388   32.411182   32.411182   0.00000000   0.00000002  -0.0000   0.8382 13-[ 7, 1, 6]
 389   35.386377   35.386377   0.00000000   0.00000001  -0.0000   0.6887 13-[ 7, 0, 7]
 390   47.745872   47.745872   0.00000000   0.00000003  -0.0000   0.6084 13-[ 9, 1, 6]
 391   53.449058   53.449058   0.00000000   0.00000001  -0.0000   0.6865 13-[ 9, 3, 6]
 392   55.076348   55.076348   0.00000000   0.00000000  -0.0000   0.7219 13-[ 9, 2, 7]
 393   57.322617   57.322617   0.00000000   0.00000002  -0.0000   0.6314 13-[ 7, 0, 7]
 394    0.000000    0.000000   0.00000000   0.00000000  -0.0000   0.0000 13-[11, 1, 6]
 395    0.000000    0.000000   0.00000000   0.00000000  -0.0000   0.0000 13-[11, 1, 6]
 396    0.000000    0.000000   0.00000000   0.00000000  -0.0000   0.0000 13-[11, 1, 6]
 397    0.000000    0.000000   0.00000000   0.00000000  -0.0000   0.0000 13-[11, 1, 6]
 398    0.000000    0.000000   0.00000000   0.00000000  -0.0000   0.0000 13-[11, 1, 6]
 399    0.000000    0.000000   0.00000000   0.00000000  -0.0000   0.0000 13-[11, 1, 6]
 400   40.223479   40.223479   0.00000000   0.00000001  -0.0000   0.7428 15+[ 8, 1, 7]
 401   41.664559   41.664559   0.00000000   0.00000001  -0.0000   0.6396 15+[ 8, 0, 8]
 402   57.430411   57.430411   0.00000000   0.00000002  -0.0000   0.5993 15+[ 8, 1, 7]
 403    0.000000    0.000000   0.00000000   0.00000000  -0.0000   0.0000 15+[12, 1, 7]
 404    0.000000    0.000000   0.00000000   0.00000000  -0.0000   0.0000 15+[12, 1, 7]
 405    0.000000    0.000000   0.00000000   0.00000000  -0.0000   0.0000 15+[12, 1, 7]
 406    0.000000    0.000000   0.00000000   0.00000000  -0.0000   0.0000 15+[12, 1, 7]
 407    0.000000    0.000000   0.00000000   0.00000000  -0.0000   0.0000 15+[12, 1, 7]
 408    0.000000    0.000000   0.00000000   0.00000000  -0.0000   0.0000 15+[12, 1, 7]
 409    0.000000    0.000000   0.00000000   0.00000000  -0.0000   0.0000 15+[12, 1, 7]
 410    0.000000    0.000000   0.00000000   0.00000000  -0.0000   0.0000 15+[12, 1, 7]
 411    0.000000    0.000000   0.00000000   0.00000000  -0.0000   0.0000 15+[12, 1, 7]
 412   31.763871   31.763871   0.00000000   0.00000002  -0.0000   0.8972 15-[ 7, 0, 7]
 413   47.118939   47.118939   0.00000000   0.00000002  -0.0000   0.7117 15-[ 9, 0, 7]
 414   53.105231   53.105231   0.00000000   0.00000001  -0.0000   0.7827 15-[ 9, 2, 7]
 415   54.875884   54.875884   0.00000000   0.00000000  -0.0000   0.7704 15-[ 9, 1, 8]
 416    0.000000    0.000000   0.00000000   0.00000000  -0.0000   0.0000 15-[11, 0, 7]
 417    0.000000    0.000000   0.00000000   0.00000000  -0.0000   0.0000 15-[11, 0, 7]
 418    0.000000    0.000000   0.00000000   0.00000000  -0.0000   0.0000 15-[11, 0, 7]
 419    0.000000    0.000000   0.00000000   0.00000000  -0.0000   0.0000 15-[11, 0, 7]
 420    0.000000    0.000000   0.00000000   0.00000000  -0.0000   0.0000 15-[11, 0, 7]
 421   39.912310   39.912310   0.00000000   0.00000001  -0.0000   0.7914 17+[ 8, 0, 8]
 422   56.690134   56.690134   0.00000000   0.00000002  -0.0000   0.6168 17+[10, 0, 8]
 423    0.000000    0.000000   0.00000000   0.00000000  -0.0000   0.0000 17+[12, 0, 8]
 424    0.000000    0.000000   0.00000000   0.00000000  -0.0000   0.0000 17+[12, 0, 8]
 425    0.000000    0.000000   0.00000000   0.00000000  -0.0000   0.0000 17+[12, 0, 8]
 426    0.000000    0.000000   0.00000000   0.00000000  -0.0000   0.0000 17+[12, 0, 8]
 427    0.000000    0.000000   0.00000000   0.00000000  -0.0000   0.0000 17+[12, 0, 8]
 428    0.000000    0.000000   0.00000000   0.00000000  -0.0000   0.0000 17+[12, 0, 8]
 429    0.000000    0.000000   0.00000000   0.00000000  -0.0000   0.0000 17+[12, 0, 8]
 430   52.735348   52.735348   0.00000000   0.00000001  -0.0000   0.8545 17-[ 9, 1, 8]
 431   54.635635   54.635635   0.00000000   0.00000000  -0.0000   0.8090 17-[ 9, 0, 9]
 432    0.000000    0.000000   0.00000000   0.00000000  -0.0000   0.0000 17-[11, 1, 8]
 433    0.000000    0.000000   0.00000000   0.00000000  -0.0000   0.0000 17-[11, 1, 8]
 434    0.000000    0.000000   0.00000000   0.00000000  -0.0000   0.0000 17-[11, 1, 8]
 435    0.000000    0.000000   0.00000000   0.00000000  -0.0000   0.0000 17-[11, 1, 8]
 436   52.361526   52.361526   0.00000000   0.00000001  -0.0000   0.8957 19-[ 9, 0, 9]
 437    0.000000    0.000000   0.00000000   0.00000000  -0.0000   0.0000 19-[11, 0, 9]
 438    0.000000    0.000000   0.00000000   0.00000000  -0.0000   0.0000 19-[11, 0, 9]
 439    0.000000    0.000000   0.00000000   0.00000000  -0.0000   0.0000 19-[11, 0, 9]
 441    0.000000    0.000000   0.00000000   0.00000000  -0.0000   0.0000 21+[12, 0,10]
 442    0.000000    0.000000   0.00000000   0.00000000  -0.0000   0.0000 21+[12, 0,10]
 443    0.000000    0.000000   0.00000000   0.00000000  -0.0000   0.0000 21+[12, 0,10]
  Sum canonical e_v*V^2_k=  -485.81010826545952     

  NB! From expect (UNPROJECTED RESULTS)

  pairing: CpV0,CpV1,...        -280.000000    -280.000000       0.500000       0.500000
  forces:   SKM*                          
  Blocked neutron block       4
  Blocked proton  block       6


                             neutrons         protons         total
  Requested part.numbs.      29.000000      19.000000      48.000000
  UnPj(av) part.numbs .      29.000000      19.000000      48.000000
  b0, bz, bp ..........       1.750004       1.750004       1.750004

  lambda (ala) ........      -7.331911     -15.360055
  Lambda (alast) ......      -9.067452     -16.342254
  delta(n,p), pwi .....       0.000001      -0.000006      60.000000
  pairing energy ......      -0.000000      -0.000000      -0.000000

  rms-radius ..........       3.649260       3.438629       3.567373
  charge-radius, r0 ...                      3.528309       4.361089
  deformation beta2....      -0.136088      -0.151332      -0.141694
  dipole moment[fm] ...       0.000000       0.000000       0.000000
  quadrupole moment[b]       -0.663035      -0.428908      -1.091943
  octupole moment .....       0.000000       0.000000       0.000000
  hexadecapole moment .      -0.000137      -0.002911      -0.003048
  q5 ..................       0.000000       0.000000       0.000000
  q6 ..................       0.000313       0.000565       0.000878
  q7 ..................       0.000000       0.000000       0.000000
  q8 ..................      -0.000014      -0.000028      -0.000042

  <Jx^2> from rho .....       1.737191       1.450613       3.187805
  <Jx^2> from kappa ...      -0.000000      -0.000000      -0.000000
  <J^2> = 2*<Jx^2> ....       3.474383       2.901226       6.375609

  kinetic energy ......     535.934865     302.067408     838.002272
  volume energy .......                                 -1382.206133
        rho_tau .......                                   145.249253
        rho_rho .......                                 -1527.455386
  surface energy ......                                   116.178496
   rho_DELTA_rho ......                                   116.178496
   (NABLA_rho)^2 ......                                     0.000000
  spin-orbit energy ...                                   -44.269961
        rho_NABLA_J ...                                   -44.269961
        NABLA_rho_J ...                                     0.000000
  coulomb energy ......                                    64.484923
          direct ......                                    71.478490
          exchange ....                                    -6.993567
          pairing .....                                     0.000000
  tensor energy .......                                     0.000000
  direct Hartree E  ...                                     0.000000
  Extra E .............                                     0.000000
  External field E ....                                     0.000000
  Entropy .............       0.000000       0.000000       0.000000

  tEnergy: ehfb (qp)...                                  -407.810403

  Calculated but not added corrections
  ====================================
  cmc-diagonal part ...      11.402869       6.426966      17.829836
  cmc-hfb .............       0.000000       0.000000       0.000000
  cranking rot corr ...       0.000000       0.000000       0.000000

  SQUJ ................       0.000000       0.000000       0.000000
  CRAN x 4 ............       0.000000       0.000000       0.000000
  Rigit Body ..........       0.000000       0.000000       0.000000


   Blocking candidates are:
   neutron eqpmin=  0.94576312365414394       pwiblo=   1.0000000000000000     
    num=   1 block=   4 state=   1    83 Eqp=   0.94576312  (1-2N)E=   0.00000000  overl=   0.65422960  3-[ 3, 0, 1]

   Blocking candidates are:
   proton  eqpmin=  0.98219922631849055       pwiblo=   1.0000000000000000     
    num=   1 block=   6 state=   1   113 Eqp=   4.44918184  (1-2N)E=   0.00000000  overl=   0.84923368  5-[ 3, 1, 2]



 HFBTHO_SOLVER ended without errors

