Distributed parallelism with MPI     : 1 tasks/HFBTHO
Multi-threading framework with OpenMP: 4 threads/task

  ==========================================
           FORTRAN 95 CODE (KIND= 8) 
 git: parent: 3cae9cc3ec7a0c93cd724b300dc0d972f613f33e
  ==========================================
       AXIALLY DEFORMED CONFIGURATIONAL     
     HARTREE-FOCK-BOGOLIUBOV CALCULATIONS   
                     WITH                   
      SKYRME+DELTA PAIRING OR GOGNY EDFs    
                  USING THE                 
             HARMONIC-OSCILLATOR            
                    AND/OR                  
        TRANSFORMED HARMONIC-OSCILLATOR     
                    BASIS                   
                     ---                    
                v1.66  (2005)               
    Stoitsov, Dobaczewski, Nazarewicz, Ring 
                v2.00d (2012)               
        Stoitsov, Schunck, Kortelainen      
                v3.00  (2016)               
            Schunck, Navarro Perez          
  ==========================================
    Nucleus: Ca (A=  47, N= 27, Z= 20)
       Reflection Symmetry Imposed       
            (10/12/2021,  8: 1)                               
  ==========================================


  ---------------------------------------
           UNEDF Module Version: 17
         M.Kortelainen & M.Stoitsov 
  ---------------------------------------

  SKM* functional
  ----------------------------------------
  Crho(0)=   -991.875000000000000    ; Crho(1)=    390.137499999999989    
  CDrho(0)=   974.687500000000000    ; CDrho(1)=  -324.895833333333314    
  Ctau(0)=    34.6875000000000000    ; Ctau(1)=   -34.0625000000000000    
  CrDr(0)=   -68.2031250000000000    ; CrDr(1)=    17.1093750000000000    
  CrdJ(0)=   -97.5000000000000000    ; CrdJ(1)=   -32.5000000000000000    
  CJ(0)=      34.0625000000000000    ; CJ(1)=      34.0625000000000000    
  CpV0(0)=   -280.000000000000000    ; CpV0(1)=   -280.000000000000000    
  CpV1(0)=   0.500000000000000000    ; CpV1(1)=   0.500000000000000000    
  sigma=     0.166666666666666657    ; hbzero=     20.7300000000000004    
  functional has DME couplings: F
  use 3-Nucleon DME couplings: F
  e^2 chrg=   1.43997840859651349    ; CExPar=     1.00000000000000000    
  c.m. correction: T, chr. density in direct Coul: F
  use tensor terms: F

  Coupling constants in natural units
  ----------------------------------------
  Crho_nu(0)=   -1.11697019706649536    ; Crho_nu(1)=   0.439341610846154806    
  CDrho_nu(0)=   1.05494661920042820    ; CDrho_nu(1)= -0.351648873066809420    
  Ctau_nu(0)=   0.491699256216479808    ; Ctau_nu(1)=  -0.482839810158525229    
  CrDr_nu(0)=  -0.966787051074294745    ; CrDr_nu(1)=   0.242527335836506930    
  CrdJ_nu(0)=   -1.38207358504091626    ; CrdJ_nu(1)=  -0.460691195013638755    
  CJ_nu(0)=     0.482839810158525229    ; CJ_nu(1)=     0.482839810158525229    
  CpV0_nu(0)=  -0.315313577999867589    ; CpV0_nu(1)=  -0.315313577999867589    
  CpV1_nu(0)=   0.443851127103029534E-03; CpV1_nu(1)=   0.443851127103029534E-03
  fpi_nu=        93.0000000000000000    ; Lambda_nu=     700.000000000000000    

  Nuclear matter properties
  ----------------------------------------
  E_NM=      -15.7762359616147627    ; K_NM=        216.657542303868979    
  P_NM=     -0.730495530692525363E-15; RHO_NM=     0.160318515964671449    
  ASS_NM=     30.0323865018228560    ; LASS_NM=     45.7703887670942962    
  SMASS_NM=   1.26826090316085582    ; VMASS_NM=    1.53168827653502970    

  Associated (t,x)-coupling constants
  ----------------------------------------
  t0=      -2645.00000000000000    ; x0=       0.899999999999999689E-01
  t1=       410.000000000000000    ; x1=        0.00000000000000000    
  t2=      -135.000000000000000    ; x2=        0.00000000000000000    
  t3=       15595.0000000000000    ; x3=       -0.00000000000000000    
  b4=       65.0000000000000000    ; b4p=       65.0000000000000000    
  te=       0.00000000000000000    ; to=        0.00000000000000000    
  sigma=   0.166666666666666657    ; hbzero=    20.7300000000000004    

  ---------------------------------------
        Characteristics of the run       
  ---------------------------------------
  Output file ................:    57
  Nucleus ....................:   Ca  47
  Number of HO shells ........:    10
  HO length b0 (fm) ..........:     1.75000371403579
  Basis deformation ..........:  beta0=   0.000 q=   1.000
  HO: b0,1/b0,bp,bz,q ........:   0.17500037E+01  0.57142736E+00  0.17500037E+01  0.17500037E+01  0.10000000E+01
  h**2/(2m_n), cmc, e**2 .....:   0.20730000E+02  0.20288936E+02  0.14399784E+01
  h**2/(2m_p), cmc, e**2 .....:   0.20730000E+02  0.20288936E+02  0.14399784E+01
  hom=f*41.0_pr*A^{-1/3}, f...:   0.13537902E+02  0.12000000E+01
  THO basis is ...............:  OFF
  Maximal number of iterations:    50
  Initial mixing parameter ...:  0.300
  Initial wave functions from :  tape
  Energy functional ..........:    SKM*                          
    direct Coulomb by substitution method, exchange Coulomb with Slater approximation
  Pairing cutoff energy ......:    60.00 MeV
  Lipkin-Nogami procedure is .:  OFF
  PAV procedure is ...........:  OFF
  Constraint calculation is ..:  OFF
  Neutron blocking is ........:   ON
  Temperature T ..............:   0.00 MeV
  Pairing regularization is ..:  OFF
  Collective inertia is ......:  OFF
  Fission fragments are ......:  OFF
  Restart indicator ..........:  -1
  Broyden mixing (#iterations):   7

  ---------------------------------------
        Harmonic Oscillator Basis        
  ---------------------------------------
  NUV, NQP:                        6222     286
  Comparison with bookkeeping spherical basis:
  n00:                               10      10  Maximal number of shells
  nbx, 2*n00+1:                      21      21  Maximal number of K-blocks
  ntx, (n00+1)*(n00+2)*(n00+3)/6    286     286  Max.num. p/n levels
  nzx, n00:                          10      10  Maximal nz-quantum number
  nrx, n00/2  :                       5       5  Maximal nr-quantum number
  nlx, n00:                          10      10  Maximal ml-quantum number
  ndx, (n00+2)*(n00+2)/4:            36      36  Maximal dim. of one k-block

  Actual basis used
  Number of blocks: nb .......:   21
  Number of levels: nt .......:  286
  Maximal 2*omega : nom ......:   21
  Maximal nz:       nzm ......:   10
  Maximal nr:       nrm ......:    5
  Maximal ml:       nlm ......:   10
  Maximal N=nz+2*nr+nl .......:   10
  2 x biggest block dim. .....:   72
  Non-zero elements of h .....:     3254
  Number of Broyden elements .:    13016

  ---------------------------------------
            Integration Meshes           
  ---------------------------------------
  Number of Gauss-Hermite mesh points ngh ....:  40
  Number of Gauss-Laguerre mesh points ngl ...:  40
  Number of Gauss-Legendre mesh points nleg ..:  80
  Integration boundaries
    Hermite  - from xh(1)  =  0.12379686 to xh(ngh)   = 11.88786356
    Laguerre - From xl(1)  =  0.03570039 to xl(ngl)   =142.28004447
    Legendre - From xleg(1)=  0.00978669 to xleg(nleg)=  0.99988775
  Max.dev.in:     Orthogonality            Normalization
  Hermite     1.5150139407621233E-015   1.0658141036401503E-014
  Laguerre    4.3068680416470186E-015   8.2156503822261584E-015

  Initialization for the even-even core (N,Z)=:   28  20

  Initial potentials of Saxon-Woods shape 
  v0ws   =  -71.28000000
  kappa  =    0.46160000
  vs0    =   11.11750000   11.11750000
  r0     =    1.23340000    1.23340000
  a      =    0.61500000    0.61500000
  r0-so  =    1.14430000    1.14430000
  a-so   =    0.64760000    0.64760000
  b2_ws  =    0.00000000
  b3_ws  =    0.00000000
  b4_ws  =    0.00000000

  ### REGULAR STAGE (reflection symmetry imposed)
  |HFB+HO> iterations(b0=  1.750, Nsh= 10, inin=  1, N= 28, Z= 20)...
  ----------------------------------------------------------------------------------------------------------------------------------
  i          si     mix   beta      Etot       A       rn      rp         En      Dn      Ep      Dp        Ln      Lp     time  time(Gog.)
  ----------------------------------------------------------------------------------------------------------------------------------
   0L  70.22287334 0.30  0.000     0.000000    0.0   0.000   0.000 |   -2.000   1.000  -2.000   1.000 |   -7.000  -7.000   0.000   0.000
   1B  46.56990917 0.20 -0.000  -245.615288   48.0   3.317   3.042 |   -1.885   0.552  -0.783   0.356 |  -12.112 -25.752   5.985   0.000
   2B  11.88606876 0.22 -0.000  -404.078490   48.0   3.621   3.462 |   -1.345   0.587  -0.512   0.374 |   -7.095 -13.448   0.207   0.000
   3B   3.49412916 0.24 -0.000  -415.510396   48.0   3.573   3.425 |   -1.445   0.624  -0.340   0.318 |   -7.836 -12.882   0.202   0.000
   4B   1.15570632 0.27 -0.000  -418.837426   48.0   3.592   3.442 |   -1.271   0.602  -0.303   0.307 |   -7.906 -12.584   0.201   0.000
   5B   0.33942965 0.29 -0.000  -419.188605   48.0   3.594   3.445 |   -1.255   0.602  -0.269   0.292 |   -8.026 -12.566   0.203   0.000
   6B   0.04665142 0.32 -0.000  -419.234145   48.0   3.595   3.446 |   -1.196   0.591  -0.233   0.274 |   -8.031 -12.569   0.199   0.000
   7B   0.03104495 0.35 -0.000  -419.241922   48.0   3.596   3.446 |   -1.152   0.582  -0.200   0.254 |   -8.045 -12.571   0.203   0.000
   8B   0.02835542 0.39 -0.000  -419.249724   48.0   3.596   3.447 |   -1.085   0.566  -0.157   0.226 |   -8.048 -12.572   0.198   0.000
   9B   0.02215740 0.43 -0.000  -419.261735   48.0   3.596   3.447 |   -0.962   0.534  -0.091   0.172 |   -8.050 -12.571   0.202   0.000
  10B   0.01353651 0.47  0.000  -419.278202   48.0   3.596   3.447 |   -0.720   0.462  -0.012   0.064 |   -8.056 -12.568   0.200   0.000
  11B   0.00991622 0.52 -0.000  -419.283496   48.0   3.595   3.447 |   -0.569   0.411  -0.000  -0.005 |   -8.061 -12.667   0.201   0.000
  12B   0.00824378 0.57  0.000  -419.284200   48.0   3.595   3.446 |   -0.536   0.398  -0.001  -0.014 |   -8.061 -14.632   0.199   0.000
  13B   0.00726449 0.63 -0.000  -419.284821   48.0   3.595   3.446 |   -0.506   0.387  -0.001  -0.019 |   -8.062 -12.586   0.198   0.000
  14B   0.00664995 0.69  0.000  -419.285750   48.0   3.595   3.446 |   -0.465   0.371  -0.001  -0.017 |   -8.062 -12.587   0.200   0.000
  15B   0.00510504 0.76 -0.000  -419.288383   48.0   3.595   3.446 |   -0.339   0.317  -0.000  -0.009 |   -8.064 -12.612   0.201   0.000
  16B   0.00436689 0.84  0.000  -419.291750   48.0   3.595   3.446 |   -0.147   0.209  -0.000  -0.002 |   -8.069 -12.649   0.201   0.000
  17B   0.00355218 0.90  0.000  -419.291788   48.0   3.595   3.446 |   -0.145   0.208  -0.000  -0.002 |   -8.069 -14.642   0.197   0.000
  18B   0.00435305 0.20  0.000  -419.293027   48.0   3.595   3.446 |   -0.061   0.135  -0.000  -0.002 |   -8.071 -14.645   0.201   0.000
  19B   0.00371106 0.22  0.000  -419.293123   48.0   3.595   3.446 |   -0.055   0.128  -0.000  -0.001 |   -8.071 -14.645   0.197   0.000
  20B   0.00237332 0.24 -0.000  -419.293677   48.0   3.595   3.446 |   -0.014   0.065  -0.000   0.004 |   -8.072 -14.646   0.199   0.000
  21B   0.00112747 0.27  0.000  -419.293775   48.0   3.595   3.446 |   -0.006   0.044  -0.000   0.005 |   -8.072 -14.646   0.198   0.000
  22B   0.00061431 0.29 -0.000  -419.293818   48.0   3.595   3.446 |   -0.003   0.031  -0.000   0.005 |   -8.072 -14.646   0.198   0.000
  23B   0.00051184 0.32  0.000  -419.293858   48.0   3.595   3.446 |   -0.001   0.016  -0.000   0.001 |   -8.074 -14.647   0.198   0.000
  24B   0.00037608 0.35 -0.000  -419.293869   48.0   3.595   3.446 |   -0.000   0.004  -0.000   0.000 |   -8.075 -14.646   0.197   0.000
  25B   0.00021263 0.39  0.000  -419.293869   48.0   3.595   3.446 |   -0.000   0.003  -0.000   0.000 |  -10.337 -14.646   0.199   0.000
  26B   0.00001858 0.43  0.000  -419.293870   48.0   3.595   3.446 |   -0.000   0.000  -0.000  -0.000 |  -10.337 -14.646   0.196   0.000
  27B   0.00001483 0.47 -0.000  -419.293870   48.0   3.595   3.446 |   -0.000   0.001  -0.000  -0.000 |  -10.337 -14.646   0.197   0.000
  28B   0.00000479 0.52  0.000  -419.293870   48.0   3.595   3.446 |   -0.000   0.000  -0.000  -0.000 |  -10.337 -14.646   0.195   0.000
  28N   0.00000479 0.52  0.000  -419.293870   48.0   3.595   3.446 |   -0.000   0.000  -0.000  -0.000 |  -10.337 -14.646   0.199   0.000
  ----------------------------------------------------------------------------------------------------------------------------------
  *   iteration converged   after  28 steps   si=     0.0000047915 ho=  0 tho=  0
  ----------------------------------------------------------------------------------------------------------------------------------
  Total CPU time=   0.193 minutes

  NB! From expect (UNPROJECTED RESULTS)

  pairing: CpV0,CpV1,...        -280.000000    -280.000000       0.500000       0.500000
  forces:   SKM*                          


                             neutrons         protons         total
  Requested part.numbs.      28.000000      20.000000      48.000000
  UnPj(av) part.numbs .      28.000000      20.000000      48.000000
  b0, bz, bp ..........       1.750004       1.750004       1.750004

  lambda (ala) ........      -8.073946     -12.583445
  Lambda (alast) ......     -10.337324     -14.646289
  delta(n,p), pwi .....       0.000413      -0.000014      60.000000
  pairing energy ......      -0.000001      -0.000000      -0.000001

  rms-radius ..........       3.594563       3.445930       3.533392
  charge-radius, r0 ...                      3.537498       4.361089
  deformation beta2....      -0.000000       0.000000      -0.000000
  dipole moment[fm] ...       0.000000       0.000000       0.000000
  quadrupole moment[b]       -0.000000       0.000000      -0.000000
  octupole moment .....       0.000000       0.000000       0.000000
  hexadecapole moment .      -0.000000       0.000000      -0.000000
  q5 ..................       0.000000       0.000000       0.000000
  q6 ..................       0.000000       0.000000       0.000000
  q7 ..................       0.000000       0.000000       0.000000
  q8 ..................      -0.000000      -0.000000      -0.000000

  <Jx^2> from rho .....       0.000000       0.000000       0.000000
  <Jx^2> from kappa ...      -0.000000      -0.000000      -0.000000
  <J^2> = 2*<Jx^2> ....       0.000000       0.000000       0.000000

  kinetic energy ......     519.088164     310.254419     829.342584
  volume energy .......                                 -1405.188778
        rho_tau .......                                   144.426961
        rho_rho .......                                 -1549.615738
  surface energy ......                                   120.588062
   rho_DELTA_rho ......                                   120.588062
   (NABLA_rho)^2 ......                                     0.000000
  spin-orbit energy ...                                   -35.365530
        rho_NABLA_J ...                                   -35.365530
        NABLA_rho_J ...                                     0.000000
  coulomb energy ......                                    71.329792
          direct ......                                    78.762766
          exchange ....                                    -7.432974
          pairing .....                                     0.000000
  tensor energy .......                                     0.000000
  direct Hartree E  ...                                     0.000000
  Extra E .............                                     0.000000
  External field E ....                                     0.000000
  Entropy .............       0.000000       0.000000       0.000000

  tEnergy: ehfb (qp)...                                  -419.293870

  Calculated but not added corrections
  ====================================
  cmc-diagonal part ...      11.044429       6.601158      17.645587
  cmc-hfb .............       0.000000       0.000000       0.000000
  cranking rot corr ...       0.000000       0.000000       0.000000

  SQUJ ................       0.000000       0.000000       0.000000
  CRAN x 4 ............       0.000000       0.000000       0.000000
  Rigit Body ..........       0.000000       0.000000       0.000000


   Blocking candidates are:
   neutron eqpmin=   2.2633783799453280       pwiblo=   1.0000000000000000     
    num=   1 block=   2 state=   2    27 Eqp=   2.26337838  (1-2N)E=  -2.26337834  overl=   0.57205858  1-[ 3, 1, 0]
    num=   2 block=   4 state=   2    69 Eqp=   2.26337839  (1-2N)E=  -2.26337835  overl=   0.73852444  3-[ 3, 2, 1]
    num=   3 block=   6 state=   1   102 Eqp=   2.26337840  (1-2N)E=  -2.26337836  overl=   0.90450403  5-[ 3, 1, 2]
    num=   4 block=   8 state=   1   128 Eqp=   2.26337843  (1-2N)E=  -2.26337839  overl=   0.97697601  7-[ 3, 0, 3]
    num=   5 block=   4 state=   1    68 Eqp=   1.53964908  (1-2N)E=   1.53964903  overl=   0.83112495  3-[ 3, 0, 1]
    num=   6 block=   2 state=   1    26 Eqp=   1.53964889  (1-2N)E=   1.53964885  overl=   0.58769411  1-[ 3, 3, 0]

   Blocking candidates are:
   proton  eqpmin=   2.0628440702214004       pwiblo=   1.0000000000000000     
    num=   1 block=   3 state=   1    47 Eqp=   2.06284407  (1-2N)E=  -2.06284407  overl=   0.87121866  3+[ 2, 0, 2]
    num=   2 block=   1 state=   1     1 Eqp=   2.06284414  (1-2N)E=  -2.06284414  overl=   0.75449750  1+[ 2, 1, 1]
    num=   3 block=   8 state=   1   125 Eqp=   2.72899722  (1-2N)E=   2.72899722  overl=   0.97699175  7-[ 3, 0, 3]
    num=   4 block=   2 state=   1    26 Eqp=   2.72899723  (1-2N)E=   2.72899723  overl=   0.57206779  1-[ 3, 1, 0]
    num=   5 block=   4 state=   1    67 Eqp=   2.72899723  (1-2N)E=   2.72899723  overl=   0.73853634  3-[ 3, 2, 1]
    num=   6 block=   6 state=   1   100 Eqp=   2.72899723  (1-2N)E=   2.72899723  overl=   0.90451860  5-[ 3, 1, 2]
    num=   7 block=   1 state=   2     2 Eqp=   2.96554981  (1-2N)E=  -2.96554981  overl=   0.74743767  1+[ 2, 0, 0]


Distributed parallelism with MPI     : 1 tasks/HFBTHO
Multi-threading framework with OpenMP: 4 threads/task

  ==========================================
           FORTRAN 95 CODE (KIND= 8) 
 git: parent: 3cae9cc3ec7a0c93cd724b300dc0d972f613f33e
  ==========================================
       AXIALLY DEFORMED CONFIGURATIONAL     
     HARTREE-FOCK-BOGOLIUBOV CALCULATIONS   
                     WITH                   
      SKYRME+DELTA PAIRING OR GOGNY EDFs    
                  USING THE                 
             HARMONIC-OSCILLATOR            
                    AND/OR                  
        TRANSFORMED HARMONIC-OSCILLATOR     
                    BASIS                   
                     ---                    
                v1.66  (2005)               
    Stoitsov, Dobaczewski, Nazarewicz, Ring 
                v2.00d (2012)               
        Stoitsov, Schunck, Kortelainen      
                v3.00  (2016)               
            Schunck, Navarro Perez          
  ==========================================
    Nucleus: Ca (A=  47, N= 27, Z= 20)
       Reflection Symmetry Imposed       
            (10/12/2021,  8: 1)                               
  ==========================================


  ---------------------------------------
           UNEDF Module Version: 17
         M.Kortelainen & M.Stoitsov 
  ---------------------------------------

  SKM* functional
  ----------------------------------------
  Crho(0)=   -991.875000000000000    ; Crho(1)=    390.137499999999989    
  CDrho(0)=   974.687500000000000    ; CDrho(1)=  -324.895833333333314    
  Ctau(0)=    34.6875000000000000    ; Ctau(1)=   -34.0625000000000000    
  CrDr(0)=   -68.2031250000000000    ; CrDr(1)=    17.1093750000000000    
  CrdJ(0)=   -97.5000000000000000    ; CrdJ(1)=   -32.5000000000000000    
  CJ(0)=      34.0625000000000000    ; CJ(1)=      34.0625000000000000    
  CpV0(0)=   -280.000000000000000    ; CpV0(1)=   -280.000000000000000    
  CpV1(0)=   0.500000000000000000    ; CpV1(1)=   0.500000000000000000    
  sigma=     0.166666666666666657    ; hbzero=     20.7300000000000004    
  functional has DME couplings: F
  use 3-Nucleon DME couplings: F
  e^2 chrg=   1.43997840859651349    ; CExPar=     1.00000000000000000    
  c.m. correction: T, chr. density in direct Coul: F
  use tensor terms: F

  Coupling constants in natural units
  ----------------------------------------
  Crho_nu(0)=   -1.11697019706649536    ; Crho_nu(1)=   0.439341610846154806    
  CDrho_nu(0)=   1.05494661920042820    ; CDrho_nu(1)= -0.351648873066809420    
  Ctau_nu(0)=   0.491699256216479808    ; Ctau_nu(1)=  -0.482839810158525229    
  CrDr_nu(0)=  -0.966787051074294745    ; CrDr_nu(1)=   0.242527335836506930    
  CrdJ_nu(0)=   -1.38207358504091626    ; CrdJ_nu(1)=  -0.460691195013638755    
  CJ_nu(0)=     0.482839810158525229    ; CJ_nu(1)=     0.482839810158525229    
  CpV0_nu(0)=  -0.315313577999867589    ; CpV0_nu(1)=  -0.315313577999867589    
  CpV1_nu(0)=   0.443851127103029534E-03; CpV1_nu(1)=   0.443851127103029534E-03
  fpi_nu=        93.0000000000000000    ; Lambda_nu=     700.000000000000000    

  Nuclear matter properties
  ----------------------------------------
  E_NM=      -15.7762359616147627    ; K_NM=        216.657542303868979    
  P_NM=     -0.730495530692525363E-15; RHO_NM=     0.160318515964671449    
  ASS_NM=     30.0323865018228560    ; LASS_NM=     45.7703887670942962    
  SMASS_NM=   1.26826090316085582    ; VMASS_NM=    1.53168827653502970    

  Associated (t,x)-coupling constants
  ----------------------------------------
  t0=      -2645.00000000000000    ; x0=       0.899999999999999689E-01
  t1=       410.000000000000000    ; x1=        0.00000000000000000    
  t2=      -135.000000000000000    ; x2=        0.00000000000000000    
  t3=       15595.0000000000000    ; x3=       -0.00000000000000000    
  b4=       65.0000000000000000    ; b4p=       65.0000000000000000    
  te=       0.00000000000000000    ; to=        0.00000000000000000    
  sigma=   0.166666666666666657    ; hbzero=    20.7300000000000004    

  ---------------------------------------
        Characteristics of the run       
  ---------------------------------------
  Output file ................:    57
  Nucleus ....................:   Ca  47
  Number of HO shells ........:    10
  HO length b0 (fm) ..........:     1.75000371403579
  Basis deformation ..........:  beta0=   0.000 q=   1.000
  HO: b0,1/b0,bp,bz,q ........:   0.17500037E+01  0.57142736E+00  0.17500037E+01  0.17500037E+01  0.10000000E+01
  h**2/(2m_n), cmc, e**2 .....:   0.20730000E+02  0.20288936E+02  0.14399784E+01
  h**2/(2m_p), cmc, e**2 .....:   0.20730000E+02  0.20288936E+02  0.14399784E+01
  hom=f*41.0_pr*A^{-1/3}, f...:   0.13537902E+02  0.12000000E+01
  THO basis is ...............:  OFF
  Maximal number of iterations:    50
  Initial mixing parameter ...:  0.519
  Initial wave functions from :  tape
  Energy functional ..........:    SKM*                          
    direct Coulomb by substitution method, exchange Coulomb with Slater approximation
  Pairing cutoff energy ......:    60.00 MeV
  Lipkin-Nogami procedure is .:  OFF
  PAV procedure is ...........:  OFF
  Constraint calculation is ..:  OFF
  Neutron blocking is ........:   ON
  Temperature T ..............:   0.00 MeV
  Pairing regularization is ..:  OFF
  Collective inertia is ......:  OFF
  Fission fragments are ......:  OFF
  Restart indicator ..........:  -1
  Broyden mixing (#iterations):   7

  ---------------------------------------
        Harmonic Oscillator Basis        
  ---------------------------------------
  NUV, NQP:                        6222     286
  Comparison with bookkeeping spherical basis:
  n00:                               10      10  Maximal number of shells
  nbx, 2*n00+1:                      21      21  Maximal number of K-blocks
  ntx, (n00+1)*(n00+2)*(n00+3)/6    286     286  Max.num. p/n levels
  nzx, n00:                          10      10  Maximal nz-quantum number
  nrx, n00/2  :                       5       5  Maximal nr-quantum number
  nlx, n00:                          10      10  Maximal ml-quantum number
  ndx, (n00+2)*(n00+2)/4:            36      36  Maximal dim. of one k-block

  Actual basis used
  Number of blocks: nb .......:   21
  Number of levels: nt .......:  286
  Maximal 2*omega : nom ......:   21
  Maximal nz:       nzm ......:   10
  Maximal nr:       nrm ......:    5
  Maximal ml:       nlm ......:   10
  Maximal N=nz+2*nr+nl .......:   10
  2 x biggest block dim. .....:   72
  Non-zero elements of h .....:     3254
  Number of Broyden elements .:    13016

  ---------------------------------------
            Integration Meshes           
  ---------------------------------------
  Number of Gauss-Hermite mesh points ngh ....:  40
  Number of Gauss-Laguerre mesh points ngl ...:  40
  Number of Gauss-Legendre mesh points nleg ..:  80
  Integration boundaries
    Hermite  - from xh(1)  =  0.12379686 to xh(ngh)   = 11.88786356
    Laguerre - From xl(1)  =  0.03570039 to xl(ngl)   =142.28004447
    Legendre - From xleg(1)=  0.00978669 to xleg(nleg)=  0.99988775
  Max.dev.in:     Orthogonality            Normalization
  Hermite     1.5150139407621233E-015   1.0658141036401503E-014
  Laguerre    4.3068680416470186E-015   8.2156503822261584E-015

  Reading from wel_file: hfbtho_output.hel


  ### REGULAR STAGE (reflection symmetry imposed)
  |HFB+HO> iterations(b0=  1.750, Nsh= 10, inin= -1, N= 27, Z= 20)...
  ----------------------------------------------------------------------------------------------------------------------------------
  i          si     mix   beta      Etot       A       rn      rp         En      Dn      Ep      Dp        Ln      Lp     time  time(Gog.)
  ----------------------------------------------------------------------------------------------------------------------------------
   0N   0.00000479 0.52  0.000  -419.293870   48.0   3.595   3.446 |   -0.000   0.000  -0.000  -0.000 |  -10.337 -14.646   0.000   0.000
    neutron Blocking: block=  2 state=  2   Eqp=   2.19529550  Dqpe=  -0.06808288  Ovlp=   1.00000000   1/  6  1-[ 3, 1, 0]
   1B   1.34899161 0.20 -0.011  -409.208851   47.0   3.575   3.446 |   -0.000   0.000  -0.000  -0.000 |  -10.337 -14.646   5.950   0.000
    neutron Blocking: block=  2 state=  2   Eqp=   2.32742682  Dqpe=   0.21586580  Ovlp=   0.99983486   1/  6  1-[ 3, 1, 0]
   2B   0.32532596 0.22 -0.014  -409.311566   47.0   3.575   3.443 |   -0.000   0.000  -0.000  -0.000 |  -10.290 -13.943   0.196   0.000
    neutron Blocking: block=  2 state=  2   Eqp=   2.19615157  Dqpe=   0.12914162  Ovlp=   0.99982671   1/  6  1-[ 3, 1, 0]
   3B   0.24380884 0.24 -0.017  -409.331904   47.0   3.573   3.444 |   -0.000   0.000  -0.000  -0.000 |  -10.245 -13.739   0.198   0.000
    neutron Blocking: block=  2 state=  2   Eqp=   2.18739569  Dqpe=   0.14479580  Ovlp=   0.99996578   1/  6  1-[ 3, 1, 0]
   4B   0.12193039 0.27 -0.019  -409.343674   47.0   3.573   3.443 |   -0.000   0.000  -0.000  -0.000 |  -10.221 -13.628   0.197   0.000
    neutron Blocking: block=  2 state=  2   Eqp=   2.16820322  Dqpe=   0.13098931  Ovlp=   0.99997195   1/  6  1-[ 3, 1, 0]
   5B   0.06336838 0.29 -0.021  -409.348603   47.0   3.573   3.442 |   -0.000   0.000  -0.000  -0.000 |  -10.206 -13.582   0.195   0.000
    neutron Blocking: block=  2 state=  2   Eqp=   2.13447113  Dqpe=   0.11360762  Ovlp=   0.99991995   1/  6  1-[ 3, 1, 0]
   6B   0.02401413 0.32 -0.024  -409.352853   47.0   3.573   3.442 |   -0.000   0.000  -0.000  -0.000 |  -10.190 -13.529   0.194   0.000
    neutron Blocking: block=  2 state=  2   Eqp=   2.12488999  Dqpe=   0.11081030  Ovlp=   0.99999113   1/  6  1-[ 3, 1, 0]
   7B   0.00984015 0.35 -0.025  -409.353398   47.0   3.573   3.443 |   -0.000   0.000  -0.000  -0.000 |  -10.183 -13.516   0.195   0.000
    neutron Blocking: block=  2 state=  2   Eqp=   2.12324563  Dqpe=   0.10946919  Ovlp=   0.99999906   1/  6  1-[ 3, 1, 0]
   8B   0.00390264 0.39 -0.025  -409.353476   47.0   3.573   3.443 |   -0.000   0.000  -0.000  -0.000 |  -10.182 -13.512   0.196   0.000
    neutron Blocking: block=  2 state=  2   Eqp=   2.12255345  Dqpe=   0.10926847  Ovlp=   0.99999992   1/  6  1-[ 3, 1, 0]
   9B   0.00116013 0.43 -0.026  -409.353488   47.0   3.573   3.443 |   -0.000   0.000  -0.000  -0.000 |  -10.182 -13.510   0.195   0.000
    neutron Blocking: block=  2 state=  2   Eqp=   2.12245627  Dqpe=   0.10939270  Ovlp=   0.99999999   1/  6  1-[ 3, 1, 0]
  10B   0.00057339 0.47 -0.026  -409.353490   47.0   3.573   3.443 |   -0.000   0.000  -0.000  -0.000 |  -10.182 -13.510   0.195   0.000
    neutron Blocking: block=  2 state=  2   Eqp=   2.12243287  Dqpe=   0.10944199  Ovlp=   1.00000000   1/  6  1-[ 3, 1, 0]
  11B   0.00031164 0.52 -0.026  -409.353490   47.0   3.573   3.443 |   -0.000   0.000  -0.000  -0.000 |  -10.182 -13.510   0.196   0.000
    neutron Blocking: block=  2 state=  2   Eqp=   2.12242676  Dqpe=   0.10950339  Ovlp=   1.00000000   1/  6  1-[ 3, 1, 0]
  12B   0.00005065 0.57 -0.026  -409.353490   47.0   3.573   3.443 |   -0.000   0.000  -0.000  -0.000 |  -10.182 -13.510   0.196   0.000
    neutron Blocking: block=  2 state=  2   Eqp=   2.12242972  Dqpe=   0.10950792  Ovlp=   1.00000000   1/  6  1-[ 3, 1, 0]
  13B   0.00002550 0.63 -0.026  -409.353490   47.0   3.573   3.443 |   -0.000   0.000  -0.000  -0.000 |  -10.182 -13.510   0.196   0.000
    neutron Blocking: block=  2 state=  2   Eqp=   2.12243507  Dqpe=   0.10951037  Ovlp=   1.00000000   1/  6  1-[ 3, 1, 0]
  14B   0.00001234 0.69 -0.026  -409.353490   47.0   3.573   3.443 |   -0.000   0.000  -0.000  -0.000 |  -10.182 -13.510   0.197   0.000
    neutron Blocking: block=  2 state=  2   Eqp=   2.12243691  Dqpe=   0.10951105  Ovlp=   1.00000000   1/  6  1-[ 3, 1, 0]
  15B   0.00001163 0.76 -0.026  -409.353490   47.0   3.573   3.443 |   -0.000   0.000  -0.000  -0.000 |  -10.182 -13.510   0.195   0.000
    neutron Blocking: block=  2 state=  2   Eqp=   2.12243803  Dqpe=   0.10951162  Ovlp=   1.00000000   1/  6  1-[ 3, 1, 0]
  16B   0.00001076 0.84 -0.026  -409.353490   47.0   3.573   3.443 |   -0.000   0.000  -0.000  -0.000 |  -10.182 -13.510   0.194   0.000
    neutron Blocking: block=  2 state=  2   Eqp=   2.12243937  Dqpe=   0.10951179  Ovlp=   1.00000000   1/  6  1-[ 3, 1, 0]
  17B   0.00000910 0.90 -0.026  -409.353490   47.0   3.573   3.443 |   -0.000   0.000  -0.000  -0.000 |  -10.182 -13.510   0.199   0.000
    neutron Blocking: block=  2 state=  2   Eqp=   2.12244096  Dqpe=   0.10951281  Ovlp=   1.00000000   1/  6  1-[ 3, 1, 0]
  17N   0.00000910 0.90 -0.026  -409.353490   47.0   3.573   3.443 |   -0.000   0.000  -0.000  -0.000 |  -10.182 -13.510   0.196   0.000
  ----------------------------------------------------------------------------------------------------------------------------------
  *   iteration converged   after  17 steps   si=     0.0000091025 ho=  0 tho=  0
  ----------------------------------------------------------------------------------------------------------------------------------
  Total CPU time=   0.155 minutes
    neutron Blocking: block=  2 state=  2   Eqp=   2.12244007  Dqpe=   0.10951232  Ovlp=   1.00000000   1/  6  1-[ 3, 1, 0]

  NB! From expect (UNPROJECTED RESULTS)

  pairing: CpV0,CpV1,...        -280.000000    -280.000000       0.500000       0.500000
  forces:   SKM*                          
  Blocked neutron block       2


                             neutrons         protons         total
  Requested part.numbs.      27.000000      20.000000      47.000000
  UnPj(av) part.numbs .      27.000000      20.000000      47.000000
  b0, bz, bp ..........       1.750004       1.750004       1.750004

  lambda (ala) ........      -8.168676     -12.583445
  Lambda (alast) ......     -10.181604     -13.510115
  delta(n,p), pwi .....       0.000070      -0.000014      60.000000
  pairing energy ......      -0.000000      -0.000000      -0.000000

  rms-radius ..........       3.573004       3.442663       3.518130
  charge-radius, r0 ...                      3.535137       4.361089
  deformation beta2....      -0.031426      -0.017085      -0.025583
  dipole moment[fm] ...       0.000000       0.000000       0.000000
  quadrupole moment[b]       -0.136658      -0.051092      -0.187750
  octupole moment .....       0.000000       0.000000       0.000000
  hexadecapole moment .      -0.002970      -0.000851      -0.003820
  q5 ..................       0.000000       0.000000       0.000000
  q6 ..................      -0.000287      -0.000022      -0.000309
  q7 ..................       0.000000       0.000000       0.000000
  q8 ..................       0.000003       0.000001       0.000004

  <Jx^2> from rho .....       0.032621       0.009873       0.042494
  <Jx^2> from kappa ...      -0.000000      -0.000000      -0.000000
  <J^2> = 2*<Jx^2> ....       0.065242       0.019746       0.084988

  kinetic energy ......     494.788757     310.644979     805.433736
  volume energy .......                                 -1373.092815
        rho_tau .......                                   140.260240
        rho_rho .......                                 -1513.353056
  surface energy ......                                   117.807349
   rho_DELTA_rho ......                                   117.807349
   (NABLA_rho)^2 ......                                     0.000000
  spin-orbit energy ...                                   -30.925352
        rho_NABLA_J ...                                   -30.925352
        NABLA_rho_J ...                                     0.000000
  coulomb energy ......                                    71.423592
          direct ......                                    78.863681
          exchange ....                                    -7.440089
          pairing .....                                     0.000000
  tensor energy .......                                     0.000000
  direct Hartree E  ...                                     0.000000
  Extra E .............                                     0.000000
  External field E ....                                     0.000000
  Entropy .............       0.000000       0.000000       0.000000

  tEnergy: ehfb (qp)...                                  -409.353490

  Calculated but not added corrections
  ====================================
  cmc-diagonal part ...      10.756277       6.753152      17.509429
  cmc-hfb .............       0.000000       0.000000       0.000000
  cranking rot corr ...       0.000000       0.000000       0.000000

  SQUJ ................       0.000000       0.000000       0.000000
  CRAN x 4 ............       0.000000       0.000000       0.000000
  Rigit Body ..........       0.000000       0.000000       0.000000


   Blocking candidates are:
   neutron eqpmin=   2.0129277464956097       pwiblo=   1.0000000000000000     
    num=   1 block=   2 state=   2    27 Eqp=   2.12244007  (1-2N)E=  -0.00000000  overl=   0.59987510  1-[ 3, 1, 0]

   Blocking candidates are:
   proton  eqpmin=  0.92666920926074203       pwiblo=   1.0000000000000000     


Distributed parallelism with MPI     : 1 tasks/HFBTHO
Multi-threading framework with OpenMP: 4 threads/task

  ==========================================
           FORTRAN 95 CODE (KIND= 8) 
 git: parent: 3cae9cc3ec7a0c93cd724b300dc0d972f613f33e
  ==========================================
       AXIALLY DEFORMED CONFIGURATIONAL     
     HARTREE-FOCK-BOGOLIUBOV CALCULATIONS   
                     WITH                   
      SKYRME+DELTA PAIRING OR GOGNY EDFs    
                  USING THE                 
             HARMONIC-OSCILLATOR            
                    AND/OR                  
        TRANSFORMED HARMONIC-OSCILLATOR     
                    BASIS                   
                     ---                    
                v1.66  (2005)               
    Stoitsov, Dobaczewski, Nazarewicz, Ring 
                v2.00d (2012)               
        Stoitsov, Schunck, Kortelainen      
                v3.00  (2016)               
            Schunck, Navarro Perez          
  ==========================================
    Nucleus: Ca (A=  47, N= 27, Z= 20)
       Reflection Symmetry Imposed       
            (10/12/2021,  8: 2)                               
  ==========================================


  ---------------------------------------
           UNEDF Module Version: 17
         M.Kortelainen & M.Stoitsov 
  ---------------------------------------

  SKM* functional
  ----------------------------------------
  Crho(0)=   -991.875000000000000    ; Crho(1)=    390.137499999999989    
  CDrho(0)=   974.687500000000000    ; CDrho(1)=  -324.895833333333314    
  Ctau(0)=    34.6875000000000000    ; Ctau(1)=   -34.0625000000000000    
  CrDr(0)=   -68.2031250000000000    ; CrDr(1)=    17.1093750000000000    
  CrdJ(0)=   -97.5000000000000000    ; CrdJ(1)=   -32.5000000000000000    
  CJ(0)=      34.0625000000000000    ; CJ(1)=      34.0625000000000000    
  CpV0(0)=   -280.000000000000000    ; CpV0(1)=   -280.000000000000000    
  CpV1(0)=   0.500000000000000000    ; CpV1(1)=   0.500000000000000000    
  sigma=     0.166666666666666657    ; hbzero=     20.7300000000000004    
  functional has DME couplings: F
  use 3-Nucleon DME couplings: F
  e^2 chrg=   1.43997840859651349    ; CExPar=     1.00000000000000000    
  c.m. correction: T, chr. density in direct Coul: F
  use tensor terms: F

  Coupling constants in natural units
  ----------------------------------------
  Crho_nu(0)=   -1.11697019706649536    ; Crho_nu(1)=   0.439341610846154806    
  CDrho_nu(0)=   1.05494661920042820    ; CDrho_nu(1)= -0.351648873066809420    
  Ctau_nu(0)=   0.491699256216479808    ; Ctau_nu(1)=  -0.482839810158525229    
  CrDr_nu(0)=  -0.966787051074294745    ; CrDr_nu(1)=   0.242527335836506930    
  CrdJ_nu(0)=   -1.38207358504091626    ; CrdJ_nu(1)=  -0.460691195013638755    
  CJ_nu(0)=     0.482839810158525229    ; CJ_nu(1)=     0.482839810158525229    
  CpV0_nu(0)=  -0.315313577999867589    ; CpV0_nu(1)=  -0.315313577999867589    
  CpV1_nu(0)=   0.443851127103029534E-03; CpV1_nu(1)=   0.443851127103029534E-03
  fpi_nu=        93.0000000000000000    ; Lambda_nu=     700.000000000000000    

  Nuclear matter properties
  ----------------------------------------
  E_NM=      -15.7762359616147627    ; K_NM=        216.657542303868979    
  P_NM=     -0.730495530692525363E-15; RHO_NM=     0.160318515964671449    
  ASS_NM=     30.0323865018228560    ; LASS_NM=     45.7703887670942962    
  SMASS_NM=   1.26826090316085582    ; VMASS_NM=    1.53168827653502970    

  Associated (t,x)-coupling constants
  ----------------------------------------
  t0=      -2645.00000000000000    ; x0=       0.899999999999999689E-01
  t1=       410.000000000000000    ; x1=        0.00000000000000000    
  t2=      -135.000000000000000    ; x2=        0.00000000000000000    
  t3=       15595.0000000000000    ; x3=       -0.00000000000000000    
  b4=       65.0000000000000000    ; b4p=       65.0000000000000000    
  te=       0.00000000000000000    ; to=        0.00000000000000000    
  sigma=   0.166666666666666657    ; hbzero=    20.7300000000000004    

  ---------------------------------------
        Characteristics of the run       
  ---------------------------------------
  Output file ................:    57
  Nucleus ....................:   Ca  47
  Number of HO shells ........:    10
  HO length b0 (fm) ..........:     1.75000371403579
  Basis deformation ..........:  beta0=   0.000 q=   1.000
  HO: b0,1/b0,bp,bz,q ........:   0.17500037E+01  0.57142736E+00  0.17500037E+01  0.17500037E+01  0.10000000E+01
  h**2/(2m_n), cmc, e**2 .....:   0.20730000E+02  0.20288936E+02  0.14399784E+01
  h**2/(2m_p), cmc, e**2 .....:   0.20730000E+02  0.20288936E+02  0.14399784E+01
  hom=f*41.0_pr*A^{-1/3}, f...:   0.13537902E+02  0.12000000E+01
  THO basis is ...............:  OFF
  Maximal number of iterations:    50
  Initial mixing parameter ...:  0.900
  Initial wave functions from :  tape
  Energy functional ..........:    SKM*                          
    direct Coulomb by substitution method, exchange Coulomb with Slater approximation
  Pairing cutoff energy ......:    60.00 MeV
  Lipkin-Nogami procedure is .:  OFF
  PAV procedure is ...........:  OFF
  Constraint calculation is ..:  OFF
  Neutron blocking is ........:   ON
  Temperature T ..............:   0.00 MeV
  Pairing regularization is ..:  OFF
  Collective inertia is ......:  OFF
  Fission fragments are ......:  OFF
  Restart indicator ..........:  -1
  Broyden mixing (#iterations):   7

  ---------------------------------------
        Harmonic Oscillator Basis        
  ---------------------------------------
  NUV, NQP:                        6222     286
  Comparison with bookkeeping spherical basis:
  n00:                               10      10  Maximal number of shells
  nbx, 2*n00+1:                      21      21  Maximal number of K-blocks
  ntx, (n00+1)*(n00+2)*(n00+3)/6    286     286  Max.num. p/n levels
  nzx, n00:                          10      10  Maximal nz-quantum number
  nrx, n00/2  :                       5       5  Maximal nr-quantum number
  nlx, n00:                          10      10  Maximal ml-quantum number
  ndx, (n00+2)*(n00+2)/4:            36      36  Maximal dim. of one k-block

  Actual basis used
  Number of blocks: nb .......:   21
  Number of levels: nt .......:  286
  Maximal 2*omega : nom ......:   21
  Maximal nz:       nzm ......:   10
  Maximal nr:       nrm ......:    5
  Maximal ml:       nlm ......:   10
  Maximal N=nz+2*nr+nl .......:   10
  2 x biggest block dim. .....:   72
  Non-zero elements of h .....:     3254
  Number of Broyden elements .:    13016

  ---------------------------------------
            Integration Meshes           
  ---------------------------------------
  Number of Gauss-Hermite mesh points ngh ....:  40
  Number of Gauss-Laguerre mesh points ngl ...:  40
  Number of Gauss-Legendre mesh points nleg ..:  80
  Integration boundaries
    Hermite  - from xh(1)  =  0.12379686 to xh(ngh)   = 11.88786356
    Laguerre - From xl(1)  =  0.03570039 to xl(ngl)   =142.28004447
    Legendre - From xleg(1)=  0.00978669 to xleg(nleg)=  0.99988775
  Max.dev.in:     Orthogonality            Normalization
  Hermite     1.5150139407621233E-015   1.0658141036401503E-014
  Laguerre    4.3068680416470186E-015   8.2156503822261584E-015

  Reading from wel_file: hfbtho_output.hel


  ### REGULAR STAGE (reflection symmetry imposed)
  |HFB+HO> iterations(b0=  1.750, Nsh= 10, inin= -1, N= 27, Z= 20)...
  ----------------------------------------------------------------------------------------------------------------------------------
  i          si     mix   beta      Etot       A       rn      rp         En      Dn      Ep      Dp        Ln      Lp     time  time(Gog.)
  ----------------------------------------------------------------------------------------------------------------------------------
   0N   0.00000479 0.52  0.000  -419.293870   48.0   3.595   3.446 |   -0.000   0.000  -0.000  -0.000 |  -10.337 -14.646   0.000   0.000
    neutron Blocking: block=  4 state=  2   Eqp=   2.19529550  Dqpe=  -0.06808288  Ovlp=   1.00000000   2/  6  3-[ 3, 2, 1]
   1B   0.96458326 0.20 -0.007  -409.196008   47.0   3.575   3.446 |   -0.000   0.000  -0.000  -0.000 |  -10.337 -14.646   5.945   0.000
    neutron Blocking: block=  4 state=  2   Eqp=   2.34444466  Dqpe=   0.22815914  Ovlp=   0.99991571   2/  6  3-[ 3, 2, 1]
   2B   0.31524547 0.22 -0.008  -409.281063   47.0   3.575   3.443 |   -0.000   0.000  -0.000  -0.000 |  -10.294 -13.998   0.195   0.000
    neutron Blocking: block=  4 state=  2   Eqp=   2.22763981  Dqpe=   0.14835256  Ovlp=   0.99996029   2/  6  3-[ 3, 2, 1]
   3B   0.17808444 0.24 -0.010  -409.297729   47.0   3.573   3.443 |   -0.000   0.000  -0.000  -0.000 |  -10.257 -13.819   0.196   0.000
    neutron Blocking: block=  4 state=  2   Eqp=   2.24453268  Dqpe=   0.19657847  Ovlp=   0.99999009   2/  6  3-[ 3, 2, 1]
   4B   0.06504320 0.27 -0.012  -409.305436   47.0   3.573   3.443 |   -0.000   0.000  -0.000  -0.000 |  -10.226 -13.708   0.197   0.000
    neutron Blocking: block=  4 state=  2   Eqp=   2.23765986  Dqpe=   0.18216252  Ovlp=   0.99999540   2/  6  3-[ 3, 2, 1]
   5B   0.04650166 0.29 -0.013  -409.307339   47.0   3.573   3.442 |   -0.000   0.000  -0.000  -0.000 |  -10.213 -13.681   0.196   0.000
    neutron Blocking: block=  4 state=  2   Eqp=   2.22596500  Dqpe=   0.18558751  Ovlp=   0.99998875   2/  6  3-[ 3, 2, 1]
   6B   0.02181572 0.32 -0.014  -409.309075   47.0   3.573   3.442 |   -0.000   0.000  -0.000  -0.000 |  -10.198 -13.652   0.195   0.000
    neutron Blocking: block=  4 state=  2   Eqp=   2.21814245  Dqpe=   0.19038284  Ovlp=   0.99999288   2/  6  3-[ 3, 2, 1]
   7B   0.00905467 0.35 -0.016  -409.309740   47.0   3.572   3.442 |   -0.000   0.000  -0.000  -0.000 |  -10.185 -13.637   0.193   0.000
    neutron Blocking: block=  4 state=  2   Eqp=   2.21623920  Dqpe=   0.19198727  Ovlp=   0.99999864   2/  6  3-[ 3, 2, 1]
   8B   0.00330650 0.39 -0.016  -409.309838   47.0   3.573   3.442 |   -0.000   0.000  -0.000  -0.000 |  -10.182 -13.630   0.198   0.000
    neutron Blocking: block=  4 state=  2   Eqp=   2.21582502  Dqpe=   0.19253943  Ovlp=   0.99999994   2/  6  3-[ 3, 2, 1]
   9B   0.00082894 0.43 -0.016  -409.309843   47.0   3.573   3.442 |   -0.000   0.000  -0.000  -0.000 |  -10.181 -13.629   0.201   0.000
    neutron Blocking: block=  4 state=  2   Eqp=   2.21581067  Dqpe=   0.19260625  Ovlp=   1.00000000   2/  6  3-[ 3, 2, 1]
  10B   0.00029788 0.47 -0.016  -409.309844   47.0   3.573   3.442 |   -0.000   0.000  -0.000  -0.000 |  -10.181 -13.629   0.198   0.000
    neutron Blocking: block=  4 state=  2   Eqp=   2.21577648  Dqpe=   0.19260545  Ovlp=   1.00000000   2/  6  3-[ 3, 2, 1]
  11B   0.00014892 0.52 -0.016  -409.309844   47.0   3.573   3.442 |   -0.000   0.000  -0.000  -0.000 |  -10.181 -13.629   0.197   0.000
    neutron Blocking: block=  4 state=  2   Eqp=   2.21575590  Dqpe=   0.19262087  Ovlp=   1.00000000   2/  6  3-[ 3, 2, 1]
  12B   0.00005871 0.57 -0.016  -409.309844   47.0   3.573   3.442 |   -0.000   0.000  -0.000  -0.000 |  -10.181 -13.629   0.195   0.000
    neutron Blocking: block=  4 state=  2   Eqp=   2.21575452  Dqpe=   0.19263129  Ovlp=   1.00000000   2/  6  3-[ 3, 2, 1]
  13B   0.00001490 0.63 -0.016  -409.309844   47.0   3.573   3.442 |   -0.000   0.000  -0.000  -0.000 |  -10.180 -13.629   0.197   0.000
    neutron Blocking: block=  4 state=  2   Eqp=   2.21575773  Dqpe=   0.19263165  Ovlp=   1.00000000   2/  6  3-[ 3, 2, 1]
  14B   0.00001207 0.69 -0.016  -409.309844   47.0   3.573   3.442 |   -0.000   0.000  -0.000  -0.000 |  -10.180 -13.629   0.196   0.000
    neutron Blocking: block=  4 state=  2   Eqp=   2.21575930  Dqpe=   0.19263354  Ovlp=   1.00000000   2/  6  3-[ 3, 2, 1]
  15B   0.00001129 0.76 -0.016  -409.309844   47.0   3.573   3.442 |   -0.000   0.000  -0.000  -0.000 |  -10.180 -13.629   0.197   0.000
    neutron Blocking: block=  4 state=  2   Eqp=   2.21575981  Dqpe=   0.19263365  Ovlp=   1.00000000   2/  6  3-[ 3, 2, 1]
  16B   0.00001057 0.84 -0.016  -409.309844   47.0   3.573   3.442 |   -0.000   0.000  -0.000  -0.000 |  -10.180 -13.629   0.196   0.000
    neutron Blocking: block=  4 state=  2   Eqp=   2.21576015  Dqpe=   0.19263352  Ovlp=   1.00000000   2/  6  3-[ 3, 2, 1]
  17B   0.00000885 0.90 -0.016  -409.309844   47.0   3.573   3.442 |   -0.000   0.000  -0.000  -0.000 |  -10.180 -13.629   0.195   0.000
    neutron Blocking: block=  4 state=  2   Eqp=   2.21576103  Dqpe=   0.19263359  Ovlp=   1.00000000   2/  6  3-[ 3, 2, 1]
  17N   0.00000885 0.90 -0.016  -409.309844   47.0   3.573   3.442 |   -0.000   0.000  -0.000  -0.000 |  -10.180 -13.629   0.197   0.000
  ----------------------------------------------------------------------------------------------------------------------------------
  *   iteration converged   after  17 steps   si=     0.0000088521 ho=  0 tho=  0
  ----------------------------------------------------------------------------------------------------------------------------------
  Total CPU time=   0.155 minutes
    neutron Blocking: block=  4 state=  2   Eqp=   2.21576016  Dqpe=   0.19263304  Ovlp=   1.00000000   2/  6  3-[ 3, 2, 1]

  NB! From expect (UNPROJECTED RESULTS)

  pairing: CpV0,CpV1,...        -280.000000    -280.000000       0.500000       0.500000
  forces:   SKM*                          
  Blocked neutron block       4


                             neutrons         protons         total
  Requested part.numbs.      27.000000      20.000000      47.000000
  UnPj(av) part.numbs .      27.000000      20.000000      47.000000
  b0, bz, bp ..........       1.750004       1.750004       1.750004

  lambda (ala) ........      -8.157366     -12.583445
  Lambda (alast) ......     -10.180494     -13.628915
  delta(n,p), pwi .....       0.000054      -0.000010      60.000000
  pairing energy ......      -0.000000      -0.000000      -0.000000

  rms-radius ..........       3.572602       3.442358       3.517769
  charge-radius, r0 ...                      3.534840       4.361089
  deformation beta2....      -0.019964      -0.010799      -0.016229
  dipole moment[fm] ...       0.000000       0.000000       0.000000
  quadrupole moment[b]       -0.086792      -0.032287      -0.119079
  octupole moment .....       0.000000       0.000000       0.000000
  hexadecapole moment .       0.001028       0.000280       0.001307
  q5 ..................       0.000000       0.000000       0.000000
  q6 ..................       0.000543       0.000044       0.000587
  q7 ..................       0.000000       0.000000       0.000000
  q8 ..................      -0.000002      -0.000000      -0.000003

  <Jx^2> from rho .....       0.022134       0.003978       0.026112
  <Jx^2> from kappa ...      -0.000000      -0.000000      -0.000000
  <J^2> = 2*<Jx^2> ....       0.044268       0.007957       0.052224

  kinetic energy ......     494.893281     310.647208     805.540489
  volume energy .......                                 -1373.122566
        rho_tau .......                                   140.282220
        rho_rho .......                                 -1513.404786
  surface energy ......                                   117.782922
   rho_DELTA_rho ......                                   117.782922
   (NABLA_rho)^2 ......                                     0.000000
  spin-orbit energy ...                                   -30.939077
        rho_NABLA_J ...                                   -30.939077
        NABLA_rho_J ...                                     0.000000
  coulomb energy ......                                    71.428388
          direct ......                                    78.868814
          exchange ....                                    -7.440426
          pairing .....                                     0.000000
  tensor energy .......                                     0.000000
  direct Hartree E  ...                                     0.000000
  Extra E .............                                     0.000000
  External field E ....                                     0.000000
  Entropy .............       0.000000       0.000000       0.000000

  tEnergy: ehfb (qp)...                                  -409.309844

  Calculated but not added corrections
  ====================================
  cmc-diagonal part ...      10.758550       6.753200      17.511750
  cmc-hfb .............       0.000000       0.000000       0.000000
  cranking rot corr ...       0.000000       0.000000       0.000000

  SQUJ ................       0.000000       0.000000       0.000000
  CRAN x 4 ............       0.000000       0.000000       0.000000
  Rigit Body ..........       0.000000       0.000000       0.000000


   Blocking candidates are:
   neutron eqpmin=   2.0231271225491501       pwiblo=   1.0000000000000000     
    num=   2 block=   4 state=   2    69 Eqp=   2.21576016  (1-2N)E=  -0.00000000  overl=   0.72996559  3-[ 3, 2, 1]

   Blocking candidates are:
   proton  eqpmin=   1.0454700928147846       pwiblo=   1.0000000000000000     


Distributed parallelism with MPI     : 1 tasks/HFBTHO
Multi-threading framework with OpenMP: 4 threads/task

  ==========================================
           FORTRAN 95 CODE (KIND= 8) 
 git: parent: 3cae9cc3ec7a0c93cd724b300dc0d972f613f33e
  ==========================================
       AXIALLY DEFORMED CONFIGURATIONAL     
     HARTREE-FOCK-BOGOLIUBOV CALCULATIONS   
                     WITH                   
      SKYRME+DELTA PAIRING OR GOGNY EDFs    
                  USING THE                 
             HARMONIC-OSCILLATOR            
                    AND/OR                  
        TRANSFORMED HARMONIC-OSCILLATOR     
                    BASIS                   
                     ---                    
                v1.66  (2005)               
    Stoitsov, Dobaczewski, Nazarewicz, Ring 
                v2.00d (2012)               
        Stoitsov, Schunck, Kortelainen      
                v3.00  (2016)               
            Schunck, Navarro Perez          
  ==========================================
    Nucleus: Ca (A=  47, N= 27, Z= 20)
       Reflection Symmetry Imposed       
            (10/12/2021,  8: 2)                               
  ==========================================


  ---------------------------------------
           UNEDF Module Version: 17
         M.Kortelainen & M.Stoitsov 
  ---------------------------------------

  SKM* functional
  ----------------------------------------
  Crho(0)=   -991.875000000000000    ; Crho(1)=    390.137499999999989    
  CDrho(0)=   974.687500000000000    ; CDrho(1)=  -324.895833333333314    
  Ctau(0)=    34.6875000000000000    ; Ctau(1)=   -34.0625000000000000    
  CrDr(0)=   -68.2031250000000000    ; CrDr(1)=    17.1093750000000000    
  CrdJ(0)=   -97.5000000000000000    ; CrdJ(1)=   -32.5000000000000000    
  CJ(0)=      34.0625000000000000    ; CJ(1)=      34.0625000000000000    
  CpV0(0)=   -280.000000000000000    ; CpV0(1)=   -280.000000000000000    
  CpV1(0)=   0.500000000000000000    ; CpV1(1)=   0.500000000000000000    
  sigma=     0.166666666666666657    ; hbzero=     20.7300000000000004    
  functional has DME couplings: F
  use 3-Nucleon DME couplings: F
  e^2 chrg=   1.43997840859651349    ; CExPar=     1.00000000000000000    
  c.m. correction: T, chr. density in direct Coul: F
  use tensor terms: F

  Coupling constants in natural units
  ----------------------------------------
  Crho_nu(0)=   -1.11697019706649536    ; Crho_nu(1)=   0.439341610846154806    
  CDrho_nu(0)=   1.05494661920042820    ; CDrho_nu(1)= -0.351648873066809420    
  Ctau_nu(0)=   0.491699256216479808    ; Ctau_nu(1)=  -0.482839810158525229    
  CrDr_nu(0)=  -0.966787051074294745    ; CrDr_nu(1)=   0.242527335836506930    
  CrdJ_nu(0)=   -1.38207358504091626    ; CrdJ_nu(1)=  -0.460691195013638755    
  CJ_nu(0)=     0.482839810158525229    ; CJ_nu(1)=     0.482839810158525229    
  CpV0_nu(0)=  -0.315313577999867589    ; CpV0_nu(1)=  -0.315313577999867589    
  CpV1_nu(0)=   0.443851127103029534E-03; CpV1_nu(1)=   0.443851127103029534E-03
  fpi_nu=        93.0000000000000000    ; Lambda_nu=     700.000000000000000    

  Nuclear matter properties
  ----------------------------------------
  E_NM=      -15.7762359616147627    ; K_NM=        216.657542303868979    
  P_NM=     -0.730495530692525363E-15; RHO_NM=     0.160318515964671449    
  ASS_NM=     30.0323865018228560    ; LASS_NM=     45.7703887670942962    
  SMASS_NM=   1.26826090316085582    ; VMASS_NM=    1.53168827653502970    

  Associated (t,x)-coupling constants
  ----------------------------------------
  t0=      -2645.00000000000000    ; x0=       0.899999999999999689E-01
  t1=       410.000000000000000    ; x1=        0.00000000000000000    
  t2=      -135.000000000000000    ; x2=        0.00000000000000000    
  t3=       15595.0000000000000    ; x3=       -0.00000000000000000    
  b4=       65.0000000000000000    ; b4p=       65.0000000000000000    
  te=       0.00000000000000000    ; to=        0.00000000000000000    
  sigma=   0.166666666666666657    ; hbzero=    20.7300000000000004    

  ---------------------------------------
        Characteristics of the run       
  ---------------------------------------
  Output file ................:    57
  Nucleus ....................:   Ca  47
  Number of HO shells ........:    10
  HO length b0 (fm) ..........:     1.75000371403579
  Basis deformation ..........:  beta0=   0.000 q=   1.000
  HO: b0,1/b0,bp,bz,q ........:   0.17500037E+01  0.57142736E+00  0.17500037E+01  0.17500037E+01  0.10000000E+01
  h**2/(2m_n), cmc, e**2 .....:   0.20730000E+02  0.20288936E+02  0.14399784E+01
  h**2/(2m_p), cmc, e**2 .....:   0.20730000E+02  0.20288936E+02  0.14399784E+01
  hom=f*41.0_pr*A^{-1/3}, f...:   0.13537902E+02  0.12000000E+01
  THO basis is ...............:  OFF
  Maximal number of iterations:    50
  Initial mixing parameter ...:  0.900
  Initial wave functions from :  tape
  Energy functional ..........:    SKM*                          
    direct Coulomb by substitution method, exchange Coulomb with Slater approximation
  Pairing cutoff energy ......:    60.00 MeV
  Lipkin-Nogami procedure is .:  OFF
  PAV procedure is ...........:  OFF
  Constraint calculation is ..:  OFF
  Neutron blocking is ........:   ON
  Temperature T ..............:   0.00 MeV
  Pairing regularization is ..:  OFF
  Collective inertia is ......:  OFF
  Fission fragments are ......:  OFF
  Restart indicator ..........:  -1
  Broyden mixing (#iterations):   7

  ---------------------------------------
        Harmonic Oscillator Basis        
  ---------------------------------------
  NUV, NQP:                        6222     286
  Comparison with bookkeeping spherical basis:
  n00:                               10      10  Maximal number of shells
  nbx, 2*n00+1:                      21      21  Maximal number of K-blocks
  ntx, (n00+1)*(n00+2)*(n00+3)/6    286     286  Max.num. p/n levels
  nzx, n00:                          10      10  Maximal nz-quantum number
  nrx, n00/2  :                       5       5  Maximal nr-quantum number
  nlx, n00:                          10      10  Maximal ml-quantum number
  ndx, (n00+2)*(n00+2)/4:            36      36  Maximal dim. of one k-block

  Actual basis used
  Number of blocks: nb .......:   21
  Number of levels: nt .......:  286
  Maximal 2*omega : nom ......:   21
  Maximal nz:       nzm ......:   10
  Maximal nr:       nrm ......:    5
  Maximal ml:       nlm ......:   10
  Maximal N=nz+2*nr+nl .......:   10
  2 x biggest block dim. .....:   72
  Non-zero elements of h .....:     3254
  Number of Broyden elements .:    13016

  ---------------------------------------
            Integration Meshes           
  ---------------------------------------
  Number of Gauss-Hermite mesh points ngh ....:  40
  Number of Gauss-Laguerre mesh points ngl ...:  40
  Number of Gauss-Legendre mesh points nleg ..:  80
  Integration boundaries
    Hermite  - from xh(1)  =  0.12379686 to xh(ngh)   = 11.88786356
    Laguerre - From xl(1)  =  0.03570039 to xl(ngl)   =142.28004447
    Legendre - From xleg(1)=  0.00978669 to xleg(nleg)=  0.99988775
  Max.dev.in:     Orthogonality            Normalization
  Hermite     1.5150139407621233E-015   1.0658141036401503E-014
  Laguerre    4.3068680416470186E-015   8.2156503822261584E-015

  Reading from wel_file: hfbtho_output.hel


  ### REGULAR STAGE (reflection symmetry imposed)
  |HFB+HO> iterations(b0=  1.750, Nsh= 10, inin= -1, N= 27, Z= 20)...
  ----------------------------------------------------------------------------------------------------------------------------------
  i          si     mix   beta      Etot       A       rn      rp         En      Dn      Ep      Dp        Ln      Lp     time  time(Gog.)
  ----------------------------------------------------------------------------------------------------------------------------------
   0N   0.00000479 0.52  0.000  -419.293870   48.0   3.595   3.446 |   -0.000   0.000  -0.000  -0.000 |  -10.337 -14.646   0.000   0.000
    neutron Blocking: block=  6 state=  1   Eqp=   2.19529552  Dqpe=  -0.06808286  Ovlp=   1.00000000   3/  6  5-[ 3, 1, 2]
   1B   0.86488136 0.20  0.002  -409.192839   47.0   3.575   3.446 |   -0.000   0.000  -0.000  -0.000 |  -10.337 -14.646   5.950   0.000
    neutron Blocking: block=  6 state=  1   Eqp=   2.35205293  Dqpe=   0.22970698  Ovlp=   0.99994799   3/  6  5-[ 3, 1, 2]
   2B   0.30375492 0.22  0.003  -409.273719   47.0   3.575   3.443 |   -0.000   0.000  -0.000  -0.000 |  -10.300 -14.047   0.197   0.000
    neutron Blocking: block=  6 state=  1   Eqp=   2.25105801  Dqpe=   0.16465065  Ovlp=   0.99999691   3/  6  5-[ 3, 1, 2]
   3B   0.11110937 0.24  0.003  -409.282438   47.0   3.573   3.443 |   -0.000   0.000  -0.000  -0.000 |  -10.261 -13.859   0.197   0.000
    neutron Blocking: block=  6 state=  1   Eqp=   2.25858618  Dqpe=   0.18476552  Ovlp=   0.99999924   3/  6  5-[ 3, 1, 2]
   4B   0.03948028 0.27  0.004  -409.287031   47.0   3.573   3.443 |   -0.000   0.000  -0.000  -0.000 |  -10.248 -13.779   0.197   0.000
    neutron Blocking: block=  6 state=  1   Eqp=   2.26087460  Dqpe=   0.18724234  Ovlp=   0.99999994   3/  6  5-[ 3, 1, 2]
   5B   0.03081153 0.29  0.004  -409.287757   47.0   3.573   3.442 |   -0.000   0.000  -0.000  -0.000 |  -10.241 -13.763   0.198   0.000
    neutron Blocking: block=  6 state=  1   Eqp=   2.25671645  Dqpe=   0.18452302  Ovlp=   0.99999993   3/  6  5-[ 3, 1, 2]
   6B   0.01924609 0.32  0.005  -409.288147   47.0   3.573   3.442 |   -0.000   0.000  -0.000  -0.000 |  -10.234 -13.753   0.198   0.000
    neutron Blocking: block=  6 state=  1   Eqp=   2.25400731  Dqpe=   0.18665183  Ovlp=   0.99999997   3/  6  5-[ 3, 1, 2]
   7B   0.01044536 0.35  0.005  -409.288313   47.0   3.573   3.442 |   -0.000   0.000  -0.000  -0.000 |  -10.229 -13.749   0.196   0.000
    neutron Blocking: block=  6 state=  1   Eqp=   2.25339937  Dqpe=   0.18928526  Ovlp=   0.99999997   3/  6  5-[ 3, 1, 2]
   8B   0.00300912 0.39  0.005  -409.288370   47.0   3.573   3.442 |   -0.000   0.000  -0.000  -0.000 |  -10.226 -13.747   0.197   0.000
    neutron Blocking: block=  6 state=  1   Eqp=   2.25310460  Dqpe=   0.19088741  Ovlp=   0.99999999   3/  6  5-[ 3, 1, 2]
   9B   0.00148984 0.43  0.006  -409.288382   47.0   3.573   3.442 |   -0.000   0.000  -0.000  -0.000 |  -10.224 -13.745   0.196   0.000
    neutron Blocking: block=  6 state=  1   Eqp=   2.25303452  Dqpe=   0.19159680  Ovlp=   1.00000000   3/  6  5-[ 3, 1, 2]
  10B   0.00098755 0.47  0.006  -409.288384   47.0   3.573   3.442 |   -0.000   0.000  -0.000  -0.000 |  -10.223 -13.744   0.196   0.000
    neutron Blocking: block=  6 state=  1   Eqp=   2.25303271  Dqpe=   0.19222311  Ovlp=   1.00000000   3/  6  5-[ 3, 1, 2]
  11B   0.00037946 0.52  0.006  -409.288385   47.0   3.573   3.442 |   -0.000   0.000  -0.000  -0.000 |  -10.223 -13.744   0.197   0.000
    neutron Blocking: block=  6 state=  1   Eqp=   2.25301188  Dqpe=   0.19251384  Ovlp=   1.00000000   3/  6  5-[ 3, 1, 2]
  12B   0.00006888 0.57  0.006  -409.288385   47.0   3.573   3.442 |   -0.000   0.000  -0.000  -0.000 |  -10.222 -13.744   0.195   0.000
    neutron Blocking: block=  6 state=  1   Eqp=   2.25303048  Dqpe=   0.19255550  Ovlp=   1.00000000   3/  6  5-[ 3, 1, 2]
  13B   0.00002146 0.63  0.006  -409.288385   47.0   3.573   3.442 |   -0.000   0.000  -0.000  -0.000 |  -10.222 -13.744   0.193   0.000
    neutron Blocking: block=  6 state=  1   Eqp=   2.25303411  Dqpe=   0.19255749  Ovlp=   1.00000000   3/  6  5-[ 3, 1, 2]
  14B   0.00001200 0.69  0.006  -409.288385   47.0   3.573   3.442 |   -0.000   0.000  -0.000  -0.000 |  -10.222 -13.744   0.195   0.000
    neutron Blocking: block=  6 state=  1   Eqp=   2.25303697  Dqpe=   0.19255961  Ovlp=   1.00000000   3/  6  5-[ 3, 1, 2]
  15B   0.00001139 0.76  0.006  -409.288385   47.0   3.573   3.442 |   -0.000   0.000  -0.000  -0.000 |  -10.222 -13.744   0.196   0.000
    neutron Blocking: block=  6 state=  1   Eqp=   2.25303783  Dqpe=   0.19256007  Ovlp=   1.00000000   3/  6  5-[ 3, 1, 2]
  16B   0.00001073 0.84  0.006  -409.288385   47.0   3.573   3.442 |   -0.000   0.000  -0.000  -0.000 |  -10.222 -13.744   0.197   0.000
    neutron Blocking: block=  6 state=  1   Eqp=   2.25303812  Dqpe=   0.19255982  Ovlp=   1.00000000   3/  6  5-[ 3, 1, 2]
  17B   0.00000953 0.90  0.006  -409.288385   47.0   3.573   3.442 |   -0.000   0.000  -0.000  -0.000 |  -10.222 -13.744   0.196   0.000
    neutron Blocking: block=  6 state=  1   Eqp=   2.25303874  Dqpe=   0.19256095  Ovlp=   1.00000000   3/  6  5-[ 3, 1, 2]
  17N   0.00000953 0.90  0.006  -409.288385   47.0   3.573   3.442 |   -0.000   0.000  -0.000  -0.000 |  -10.222 -13.744   0.196   0.000
  ----------------------------------------------------------------------------------------------------------------------------------
  *   iteration converged   after  17 steps   si=     0.0000095316 ho=  0 tho=  0
  ----------------------------------------------------------------------------------------------------------------------------------
  Total CPU time=   0.155 minutes
    neutron Blocking: block=  6 state=  1   Eqp=   2.25303797  Dqpe=   0.19256000  Ovlp=   1.00000000   3/  6  5-[ 3, 1, 2]

  NB! From expect (UNPROJECTED RESULTS)

  pairing: CpV0,CpV1,...        -280.000000    -280.000000       0.500000       0.500000
  forces:   SKM*                          
  Blocked neutron block       6


                             neutrons         protons         total
  Requested part.numbs.      27.000000      20.000000      47.000000
  UnPj(av) part.numbs .      27.000000      20.000000      47.000000
  b0, bz, bp ..........       1.750004       1.750004       1.750004

  lambda (ala) ........      -8.161777     -12.583445
  Lambda (alast) ......     -10.222255     -13.743649
  delta(n,p), pwi .....       0.000059      -0.000009      60.000000
  pairing energy ......      -0.000000      -0.000000      -0.000000

  rms-radius ..........       3.572603       3.442320       3.517754
  charge-radius, r0 ...                      3.534803       4.361089
  deformation beta2....       0.007045       0.003790       0.005719
  dipole moment[fm] ...       0.000000       0.000000       0.000000
  quadrupole moment[b]        0.030629       0.011332       0.041961
  octupole moment .....       0.000000       0.000000       0.000000
  hexadecapole moment .       0.005324       0.001483       0.006806
  q5 ..................       0.000000       0.000000       0.000000
  q6 ..................      -0.000294      -0.000023      -0.000317
  q7 ..................       0.000000       0.000000       0.000000
  q8 ..................       0.000002       0.000001       0.000003

  <Jx^2> from rho .....       0.009145       0.004284       0.013430
  <Jx^2> from kappa ...      -0.000000      -0.000000      -0.000000
  <J^2> = 2*<Jx^2> ....       0.018290       0.008569       0.026859

  kinetic energy ......     494.882381     310.639079     805.521460
  volume energy .......                                 -1373.104095
        rho_tau .......                                   140.264709
        rho_rho .......                                 -1513.368804
  surface energy ......                                   117.796054
   rho_DELTA_rho ......                                   117.796054
   (NABLA_rho)^2 ......                                     0.000000
  spin-orbit energy ...                                   -30.930349
        rho_NABLA_J ...                                   -30.930349
        NABLA_rho_J ...                                     0.000000
  coulomb energy ......                                    71.428545
          direct ......                                    78.868957
          exchange ....                                    -7.440412
          pairing .....                                     0.000000
  tensor energy .......                                     0.000000
  direct Hartree E  ...                                     0.000000
  Extra E .............                                     0.000000
  External field E ....                                     0.000000
  Entropy .............       0.000000       0.000000       0.000000

  tEnergy: ehfb (qp)...                                  -409.288385

  Calculated but not added corrections
  ====================================
  cmc-diagonal part ...      10.758313       6.753023      17.511336
  cmc-hfb .............       0.000000       0.000000       0.000000
  cranking rot corr ...       0.000000       0.000000       0.000000

  SQUJ ................       0.000000       0.000000       0.000000
  CRAN x 4 ............       0.000000       0.000000       0.000000
  Rigit Body ..........       0.000000       0.000000       0.000000


   Blocking candidates are:
   neutron eqpmin=   2.0604779699346558       pwiblo=   1.0000000000000000     
    num=   3 block=   6 state=   1   102 Eqp=   2.25303797  (1-2N)E=   0.00000000  overl=   0.90750536  5-[ 3, 1, 2]

   Blocking candidates are:
   proton  eqpmin=   1.1602030975730400       pwiblo=   1.0000000000000000     


Distributed parallelism with MPI     : 1 tasks/HFBTHO
Multi-threading framework with OpenMP: 4 threads/task

  ==========================================
           FORTRAN 95 CODE (KIND= 8) 
 git: parent: 3cae9cc3ec7a0c93cd724b300dc0d972f613f33e
  ==========================================
       AXIALLY DEFORMED CONFIGURATIONAL     
     HARTREE-FOCK-BOGOLIUBOV CALCULATIONS   
                     WITH                   
      SKYRME+DELTA PAIRING OR GOGNY EDFs    
                  USING THE                 
             HARMONIC-OSCILLATOR            
                    AND/OR                  
        TRANSFORMED HARMONIC-OSCILLATOR     
                    BASIS                   
                     ---                    
                v1.66  (2005)               
    Stoitsov, Dobaczewski, Nazarewicz, Ring 
                v2.00d (2012)               
        Stoitsov, Schunck, Kortelainen      
                v3.00  (2016)               
            Schunck, Navarro Perez          
  ==========================================
    Nucleus: Ca (A=  47, N= 27, Z= 20)
       Reflection Symmetry Imposed       
            (10/12/2021,  8: 2)                               
  ==========================================


  ---------------------------------------
           UNEDF Module Version: 17
         M.Kortelainen & M.Stoitsov 
  ---------------------------------------

  SKM* functional
  ----------------------------------------
  Crho(0)=   -991.875000000000000    ; Crho(1)=    390.137499999999989    
  CDrho(0)=   974.687500000000000    ; CDrho(1)=  -324.895833333333314    
  Ctau(0)=    34.6875000000000000    ; Ctau(1)=   -34.0625000000000000    
  CrDr(0)=   -68.2031250000000000    ; CrDr(1)=    17.1093750000000000    
  CrdJ(0)=   -97.5000000000000000    ; CrdJ(1)=   -32.5000000000000000    
  CJ(0)=      34.0625000000000000    ; CJ(1)=      34.0625000000000000    
  CpV0(0)=   -280.000000000000000    ; CpV0(1)=   -280.000000000000000    
  CpV1(0)=   0.500000000000000000    ; CpV1(1)=   0.500000000000000000    
  sigma=     0.166666666666666657    ; hbzero=     20.7300000000000004    
  functional has DME couplings: F
  use 3-Nucleon DME couplings: F
  e^2 chrg=   1.43997840859651349    ; CExPar=     1.00000000000000000    
  c.m. correction: T, chr. density in direct Coul: F
  use tensor terms: F

  Coupling constants in natural units
  ----------------------------------------
  Crho_nu(0)=   -1.11697019706649536    ; Crho_nu(1)=   0.439341610846154806    
  CDrho_nu(0)=   1.05494661920042820    ; CDrho_nu(1)= -0.351648873066809420    
  Ctau_nu(0)=   0.491699256216479808    ; Ctau_nu(1)=  -0.482839810158525229    
  CrDr_nu(0)=  -0.966787051074294745    ; CrDr_nu(1)=   0.242527335836506930    
  CrdJ_nu(0)=   -1.38207358504091626    ; CrdJ_nu(1)=  -0.460691195013638755    
  CJ_nu(0)=     0.482839810158525229    ; CJ_nu(1)=     0.482839810158525229    
  CpV0_nu(0)=  -0.315313577999867589    ; CpV0_nu(1)=  -0.315313577999867589    
  CpV1_nu(0)=   0.443851127103029534E-03; CpV1_nu(1)=   0.443851127103029534E-03
  fpi_nu=        93.0000000000000000    ; Lambda_nu=     700.000000000000000    

  Nuclear matter properties
  ----------------------------------------
  E_NM=      -15.7762359616147627    ; K_NM=        216.657542303868979    
  P_NM=     -0.730495530692525363E-15; RHO_NM=     0.160318515964671449    
  ASS_NM=     30.0323865018228560    ; LASS_NM=     45.7703887670942962    
  SMASS_NM=   1.26826090316085582    ; VMASS_NM=    1.53168827653502970    

  Associated (t,x)-coupling constants
  ----------------------------------------
  t0=      -2645.00000000000000    ; x0=       0.899999999999999689E-01
  t1=       410.000000000000000    ; x1=        0.00000000000000000    
  t2=      -135.000000000000000    ; x2=        0.00000000000000000    
  t3=       15595.0000000000000    ; x3=       -0.00000000000000000    
  b4=       65.0000000000000000    ; b4p=       65.0000000000000000    
  te=       0.00000000000000000    ; to=        0.00000000000000000    
  sigma=   0.166666666666666657    ; hbzero=    20.7300000000000004    

  ---------------------------------------
        Characteristics of the run       
  ---------------------------------------
  Output file ................:    57
  Nucleus ....................:   Ca  47
  Number of HO shells ........:    10
  HO length b0 (fm) ..........:     1.75000371403579
  Basis deformation ..........:  beta0=   0.000 q=   1.000
  HO: b0,1/b0,bp,bz,q ........:   0.17500037E+01  0.57142736E+00  0.17500037E+01  0.17500037E+01  0.10000000E+01
  h**2/(2m_n), cmc, e**2 .....:   0.20730000E+02  0.20288936E+02  0.14399784E+01
  h**2/(2m_p), cmc, e**2 .....:   0.20730000E+02  0.20288936E+02  0.14399784E+01
  hom=f*41.0_pr*A^{-1/3}, f...:   0.13537902E+02  0.12000000E+01
  THO basis is ...............:  OFF
  Maximal number of iterations:    50
  Initial mixing parameter ...:  0.900
  Initial wave functions from :  tape
  Energy functional ..........:    SKM*                          
    direct Coulomb by substitution method, exchange Coulomb with Slater approximation
  Pairing cutoff energy ......:    60.00 MeV
  Lipkin-Nogami procedure is .:  OFF
  PAV procedure is ...........:  OFF
  Constraint calculation is ..:  OFF
  Neutron blocking is ........:   ON
  Temperature T ..............:   0.00 MeV
  Pairing regularization is ..:  OFF
  Collective inertia is ......:  OFF
  Fission fragments are ......:  OFF
  Restart indicator ..........:  -1
  Broyden mixing (#iterations):   7

  ---------------------------------------
        Harmonic Oscillator Basis        
  ---------------------------------------
  NUV, NQP:                        6222     286
  Comparison with bookkeeping spherical basis:
  n00:                               10      10  Maximal number of shells
  nbx, 2*n00+1:                      21      21  Maximal number of K-blocks
  ntx, (n00+1)*(n00+2)*(n00+3)/6    286     286  Max.num. p/n levels
  nzx, n00:                          10      10  Maximal nz-quantum number
  nrx, n00/2  :                       5       5  Maximal nr-quantum number
  nlx, n00:                          10      10  Maximal ml-quantum number
  ndx, (n00+2)*(n00+2)/4:            36      36  Maximal dim. of one k-block

  Actual basis used
  Number of blocks: nb .......:   21
  Number of levels: nt .......:  286
  Maximal 2*omega : nom ......:   21
  Maximal nz:       nzm ......:   10
  Maximal nr:       nrm ......:    5
  Maximal ml:       nlm ......:   10
  Maximal N=nz+2*nr+nl .......:   10
  2 x biggest block dim. .....:   72
  Non-zero elements of h .....:     3254
  Number of Broyden elements .:    13016

  ---------------------------------------
            Integration Meshes           
  ---------------------------------------
  Number of Gauss-Hermite mesh points ngh ....:  40
  Number of Gauss-Laguerre mesh points ngl ...:  40
  Number of Gauss-Legendre mesh points nleg ..:  80
  Integration boundaries
    Hermite  - from xh(1)  =  0.12379686 to xh(ngh)   = 11.88786356
    Laguerre - From xl(1)  =  0.03570039 to xl(ngl)   =142.28004447
    Legendre - From xleg(1)=  0.00978669 to xleg(nleg)=  0.99988775
  Max.dev.in:     Orthogonality            Normalization
  Hermite     1.5150139407621233E-015   1.0658141036401503E-014
  Laguerre    4.3068680416470186E-015   8.2156503822261584E-015

  Reading from wel_file: hfbtho_output.hel


  ### REGULAR STAGE (reflection symmetry imposed)
  |HFB+HO> iterations(b0=  1.750, Nsh= 10, inin= -1, N= 27, Z= 20)...
  ----------------------------------------------------------------------------------------------------------------------------------
  i          si     mix   beta      Etot       A       rn      rp         En      Dn      Ep      Dp        Ln      Lp     time  time(Gog.)
  ----------------------------------------------------------------------------------------------------------------------------------
   0N   0.00000479 0.52  0.000  -419.293870   48.0   3.595   3.446 |   -0.000   0.000  -0.000  -0.000 |  -10.337 -14.646   0.000   0.000
    neutron Blocking: block=  8 state=  1   Eqp=   2.19529554  Dqpe=  -0.06808284  Ovlp=   1.00000000   4/  6  7-[ 3, 0, 3]
   1B   1.15959492 0.20  0.015  -409.224817   47.0   3.575   3.446 |   -0.000   0.000  -0.000  -0.000 |  -10.337 -14.646   5.952   0.000
    neutron Blocking: block=  8 state=  1   Eqp=   2.30342007  Dqpe=   0.18270050  Ovlp=   0.99994940   4/  6  7-[ 3, 0, 3]
   2B   0.35582261 0.22  0.020  -409.350131   47.0   3.575   3.443 |   -0.000   0.000  -0.000  -0.000 |  -10.299 -13.907   0.196   0.000
    neutron Blocking: block=  8 state=  1   Eqp=   2.14095549  Dqpe=   0.06421234  Ovlp=   0.99999349   4/  6  7-[ 3, 0, 3]
   3B   0.24616098 0.24  0.025  -409.386461   47.0   3.573   3.444 |   -0.000   0.000  -0.000  -0.000 |  -10.255 -13.694   0.195   0.000
    neutron Blocking: block=  8 state=  1   Eqp=   2.11939321  Dqpe=   0.05290525  Ovlp=   0.99999811   4/  6  7-[ 3, 0, 3]
   4B   0.13376838 0.27  0.028  -409.408829   47.0   3.573   3.443 |   -0.000   0.000  -0.000  -0.000 |  -10.245 -13.577   0.195   0.000
    neutron Blocking: block=  8 state=  1   Eqp=   2.06481920  Dqpe=   0.00000000  Ovlp=   0.99999776   4/  6  7-[ 3, 0, 3]
   5B   0.11197482 0.29  0.032  -409.424402   47.0   3.573   3.443 |   -0.000   0.000  -0.000  -0.000 |  -10.233 -13.502   0.195   0.000
    neutron Blocking: block=  8 state=  1   Eqp=   1.97515976  Dqpe=   0.00000000  Ovlp=   0.99999422   4/  6  7-[ 3, 0, 3]
   6B   0.04326273 0.32  0.038  -409.436595   47.0   3.573   3.443 |   -0.000   0.000  -0.000  -0.000 |  -10.224 -13.426   0.193   0.000
    neutron Blocking: block=  8 state=  1   Eqp=   1.95496750  Dqpe=   0.00000000  Ovlp=   0.99999972   4/  6  7-[ 3, 0, 3]
   7B   0.01305098 0.35  0.040  -409.437449   47.0   3.574   3.443 |   -0.000   0.000  -0.000  -0.000 |  -10.222 -13.410   0.197   0.000
    neutron Blocking: block=  8 state=  1   Eqp=   1.95287299  Dqpe=   0.00000000  Ovlp=   1.00000000   4/  6  7-[ 3, 0, 3]
   8B   0.00611147 0.39  0.040  -409.437520   47.0   3.574   3.443 |   -0.000   0.000  -0.000  -0.000 |  -10.223 -13.409   0.196   0.000
    neutron Blocking: block=  8 state=  1   Eqp=   1.95149169  Dqpe=  -0.00000000  Ovlp=   1.00000000   4/  6  7-[ 3, 0, 3]
   9B   0.00235100 0.43  0.040  -409.437535   47.0   3.574   3.443 |   -0.000   0.000  -0.000  -0.000 |  -10.223 -13.408   0.196   0.000
    neutron Blocking: block=  8 state=  1   Eqp=   1.95094773  Dqpe=  -0.00000000  Ovlp=   1.00000000   4/  6  7-[ 3, 0, 3]
  10B   0.00077152 0.47  0.040  -409.437537   47.0   3.574   3.443 |   -0.000   0.000  -0.000  -0.000 |  -10.222 -13.408   0.196   0.000
    neutron Blocking: block=  8 state=  1   Eqp=   1.95105513  Dqpe=  -0.00000000  Ovlp=   1.00000000   4/  6  7-[ 3, 0, 3]
  11B   0.00053642 0.52  0.040  -409.437538   47.0   3.574   3.443 |   -0.000   0.000  -0.000  -0.000 |  -10.222 -13.408   0.193   0.000
    neutron Blocking: block=  8 state=  1   Eqp=   1.95099394  Dqpe=  -0.00000000  Ovlp=   1.00000000   4/  6  7-[ 3, 0, 3]
  12B   0.00007906 0.57  0.040  -409.437538   47.0   3.574   3.443 |   -0.000   0.000  -0.000  -0.000 |  -10.222 -13.408   0.194   0.000
    neutron Blocking: block=  8 state=  1   Eqp=   1.95098708  Dqpe=  -0.00000000  Ovlp=   1.00000000   4/  6  7-[ 3, 0, 3]
  13B   0.00003400 0.63  0.040  -409.437538   47.0   3.574   3.443 |   -0.000   0.000  -0.000  -0.000 |  -10.222 -13.408   0.195   0.000
    neutron Blocking: block=  8 state=  1   Eqp=   1.95099826  Dqpe=  -0.00000000  Ovlp=   1.00000000   4/  6  7-[ 3, 0, 3]
  14B   0.00001391 0.69  0.040  -409.437538   47.0   3.574   3.443 |   -0.000   0.000  -0.000  -0.000 |  -10.222 -13.408   0.197   0.000
    neutron Blocking: block=  8 state=  1   Eqp=   1.95100124  Dqpe=   0.00000000  Ovlp=   1.00000000   4/  6  7-[ 3, 0, 3]
  15B   0.00001210 0.76  0.040  -409.437538   47.0   3.574   3.443 |   -0.000   0.000  -0.000  -0.000 |  -10.222 -13.408   0.198   0.000
    neutron Blocking: block=  8 state=  1   Eqp=   1.95100659  Dqpe=   0.00000000  Ovlp=   1.00000000   4/  6  7-[ 3, 0, 3]
  16B   0.00001113 0.84  0.040  -409.437538   47.0   3.574   3.443 |   -0.000   0.000  -0.000  -0.000 |  -10.222 -13.408   0.199   0.000
    neutron Blocking: block=  8 state=  1   Eqp=   1.95101047  Dqpe=   0.00000000  Ovlp=   1.00000000   4/  6  7-[ 3, 0, 3]
  17B   0.00001008 0.90  0.040  -409.437538   47.0   3.574   3.443 |   -0.000   0.000  -0.000  -0.000 |  -10.222 -13.408   0.198   0.000
    neutron Blocking: block=  8 state=  1   Eqp=   1.95101303  Dqpe=   0.00000000  Ovlp=   1.00000000   4/  6  7-[ 3, 0, 3]
  18B   0.00000885 0.90  0.040  -409.437538   47.0   3.574   3.443 |   -0.000   0.000  -0.000  -0.000 |  -10.222 -13.408   0.198   0.000
    neutron Blocking: block=  8 state=  1   Eqp=   1.95101427  Dqpe=   0.00000000  Ovlp=   1.00000000   4/  6  7-[ 3, 0, 3]
  18N   0.00000885 0.90  0.040  -409.437538   47.0   3.574   3.443 |   -0.000   0.000  -0.000  -0.000 |  -10.222 -13.408   0.195   0.000
  ----------------------------------------------------------------------------------------------------------------------------------
  *   iteration converged   after  18 steps   si=     0.0000088525 ho=  0 tho=  0
  ----------------------------------------------------------------------------------------------------------------------------------
  Total CPU time=   0.158 minutes
    neutron Blocking: block=  8 state=  1   Eqp=   1.95101360  Dqpe=   0.00000000  Ovlp=   1.00000000   4/  6  7-[ 3, 0, 3]

  NB! From expect (UNPROJECTED RESULTS)

  pairing: CpV0,CpV1,...        -280.000000    -280.000000       0.500000       0.500000
  forces:   SKM*                          
  Blocked neutron block       8


                             neutrons         protons         total
  Requested part.numbs.      27.000000      20.000000      47.000000
  UnPj(av) part.numbs .      27.000000      20.000000      47.000000
  b0, bz, bp ..........       1.750004       1.750004       1.750004

  lambda (ala) ........      -8.161171     -12.583445
  Lambda (alast) ......     -10.222038     -13.407578
  delta(n,p), pwi .....       0.000071      -0.000023      60.000000
  pairing energy ......      -0.000000      -0.000000      -0.000000

  rms-radius ..........       3.573810       3.443265       3.518851
  charge-radius, r0 ...                      3.535723       4.361089
  deformation beta2....       0.049661       0.027131       0.040481
  dipole moment[fm] ...       0.000000       0.000000       0.000000
  quadrupole moment[b]        0.216051       0.081160       0.297211
  octupole moment .....       0.000000       0.000000       0.000000
  hexadecapole moment .      -0.002497      -0.000747      -0.003244
  q5 ..................       0.000000       0.000000       0.000000
  q6 ..................       0.000034      -0.000000       0.000034
  q7 ..................       0.000000       0.000000       0.000000
  q8 ..................       0.000001       0.000000       0.000002

  <Jx^2> from rho .....       0.056536       0.024213       0.080749
  <Jx^2> from kappa ...      -0.000000      -0.000000      -0.000000
  <J^2> = 2*<Jx^2> ....       0.113072       0.048426       0.161498

  kinetic energy ......     494.597289     310.647923     805.245212
  volume energy .......                                 -1373.029036
        rho_tau .......                                   140.236009
        rho_rho .......                                 -1513.265045
  surface energy ......                                   117.822989
   rho_DELTA_rho ......                                   117.822989
   (NABLA_rho)^2 ......                                     0.000000
  spin-orbit energy ...                                   -30.891440
        rho_NABLA_J ...                                   -30.891440
        NABLA_rho_J ...                                     0.000000
  coulomb energy ......                                    71.414738
          direct ......                                    78.854219
          exchange ....                                    -7.439482
          pairing .....                                     0.000000
  tensor energy .......                                     0.000000
  direct Hartree E  ...                                     0.000000
  Extra E .............                                     0.000000
  External field E ....                                     0.000000
  Entropy .............       0.000000       0.000000       0.000000

  tEnergy: ehfb (qp)...                                  -409.437538

  Calculated but not added corrections
  ====================================
  cmc-diagonal part ...      10.752115       6.753216      17.505331
  cmc-hfb .............       0.000000       0.000000       0.000000
  cranking rot corr ...       0.000000       0.000000       0.000000

  SQUJ ................       0.000000       0.000000       0.000000
  CRAN x 4 ............       0.000000       0.000000       0.000000
  Rigit Body ..........       0.000000       0.000000       0.000000


   Blocking candidates are:
   neutron eqpmin=   1.9510136028851970       pwiblo=   1.0000000000000000     
    num=   4 block=   8 state=   1   128 Eqp=   1.95101360  (1-2N)E=  -0.00000000  overl=   0.97952695  7-[ 3, 0, 3]

   Blocking candidates are:
   proton  eqpmin=  0.82413292994905651       pwiblo=   1.0000000000000000     


Distributed parallelism with MPI     : 1 tasks/HFBTHO
Multi-threading framework with OpenMP: 4 threads/task

  ==========================================
           FORTRAN 95 CODE (KIND= 8) 
 git: parent: 3cae9cc3ec7a0c93cd724b300dc0d972f613f33e
  ==========================================
       AXIALLY DEFORMED CONFIGURATIONAL     
     HARTREE-FOCK-BOGOLIUBOV CALCULATIONS   
                     WITH                   
      SKYRME+DELTA PAIRING OR GOGNY EDFs    
                  USING THE                 
             HARMONIC-OSCILLATOR            
                    AND/OR                  
        TRANSFORMED HARMONIC-OSCILLATOR     
                    BASIS                   
                     ---                    
                v1.66  (2005)               
    Stoitsov, Dobaczewski, Nazarewicz, Ring 
                v2.00d (2012)               
        Stoitsov, Schunck, Kortelainen      
                v3.00  (2016)               
            Schunck, Navarro Perez          
  ==========================================
    Nucleus: Ca (A=  47, N= 27, Z= 20)
       Reflection Symmetry Imposed       
            (10/12/2021,  8: 2)                               
  ==========================================


  ---------------------------------------
           UNEDF Module Version: 17
         M.Kortelainen & M.Stoitsov 
  ---------------------------------------

  SKM* functional
  ----------------------------------------
  Crho(0)=   -991.875000000000000    ; Crho(1)=    390.137499999999989    
  CDrho(0)=   974.687500000000000    ; CDrho(1)=  -324.895833333333314    
  Ctau(0)=    34.6875000000000000    ; Ctau(1)=   -34.0625000000000000    
  CrDr(0)=   -68.2031250000000000    ; CrDr(1)=    17.1093750000000000    
  CrdJ(0)=   -97.5000000000000000    ; CrdJ(1)=   -32.5000000000000000    
  CJ(0)=      34.0625000000000000    ; CJ(1)=      34.0625000000000000    
  CpV0(0)=   -280.000000000000000    ; CpV0(1)=   -280.000000000000000    
  CpV1(0)=   0.500000000000000000    ; CpV1(1)=   0.500000000000000000    
  sigma=     0.166666666666666657    ; hbzero=     20.7300000000000004    
  functional has DME couplings: F
  use 3-Nucleon DME couplings: F
  e^2 chrg=   1.43997840859651349    ; CExPar=     1.00000000000000000    
  c.m. correction: T, chr. density in direct Coul: F
  use tensor terms: F

  Coupling constants in natural units
  ----------------------------------------
  Crho_nu(0)=   -1.11697019706649536    ; Crho_nu(1)=   0.439341610846154806    
  CDrho_nu(0)=   1.05494661920042820    ; CDrho_nu(1)= -0.351648873066809420    
  Ctau_nu(0)=   0.491699256216479808    ; Ctau_nu(1)=  -0.482839810158525229    
  CrDr_nu(0)=  -0.966787051074294745    ; CrDr_nu(1)=   0.242527335836506930    
  CrdJ_nu(0)=   -1.38207358504091626    ; CrdJ_nu(1)=  -0.460691195013638755    
  CJ_nu(0)=     0.482839810158525229    ; CJ_nu(1)=     0.482839810158525229    
  CpV0_nu(0)=  -0.315313577999867589    ; CpV0_nu(1)=  -0.315313577999867589    
  CpV1_nu(0)=   0.443851127103029534E-03; CpV1_nu(1)=   0.443851127103029534E-03
  fpi_nu=        93.0000000000000000    ; Lambda_nu=     700.000000000000000    

  Nuclear matter properties
  ----------------------------------------
  E_NM=      -15.7762359616147627    ; K_NM=        216.657542303868979    
  P_NM=     -0.730495530692525363E-15; RHO_NM=     0.160318515964671449    
  ASS_NM=     30.0323865018228560    ; LASS_NM=     45.7703887670942962    
  SMASS_NM=   1.26826090316085582    ; VMASS_NM=    1.53168827653502970    

  Associated (t,x)-coupling constants
  ----------------------------------------
  t0=      -2645.00000000000000    ; x0=       0.899999999999999689E-01
  t1=       410.000000000000000    ; x1=        0.00000000000000000    
  t2=      -135.000000000000000    ; x2=        0.00000000000000000    
  t3=       15595.0000000000000    ; x3=       -0.00000000000000000    
  b4=       65.0000000000000000    ; b4p=       65.0000000000000000    
  te=       0.00000000000000000    ; to=        0.00000000000000000    
  sigma=   0.166666666666666657    ; hbzero=    20.7300000000000004    

  ---------------------------------------
        Characteristics of the run       
  ---------------------------------------
  Output file ................:    57
  Nucleus ....................:   Ca  47
  Number of HO shells ........:    10
  HO length b0 (fm) ..........:     1.75000371403579
  Basis deformation ..........:  beta0=   0.000 q=   1.000
  HO: b0,1/b0,bp,bz,q ........:   0.17500037E+01  0.57142736E+00  0.17500037E+01  0.17500037E+01  0.10000000E+01
  h**2/(2m_n), cmc, e**2 .....:   0.20730000E+02  0.20288936E+02  0.14399784E+01
  h**2/(2m_p), cmc, e**2 .....:   0.20730000E+02  0.20288936E+02  0.14399784E+01
  hom=f*41.0_pr*A^{-1/3}, f...:   0.13537902E+02  0.12000000E+01
  THO basis is ...............:  OFF
  Maximal number of iterations:    50
  Initial mixing parameter ...:  0.900
  Initial wave functions from :  tape
  Energy functional ..........:    SKM*                          
    direct Coulomb by substitution method, exchange Coulomb with Slater approximation
  Pairing cutoff energy ......:    60.00 MeV
  Lipkin-Nogami procedure is .:  OFF
  PAV procedure is ...........:  OFF
  Constraint calculation is ..:  OFF
  Neutron blocking is ........:   ON
  Temperature T ..............:   0.00 MeV
  Pairing regularization is ..:  OFF
  Collective inertia is ......:  OFF
  Fission fragments are ......:  OFF
  Restart indicator ..........:  -1
  Broyden mixing (#iterations):   7

  ---------------------------------------
        Harmonic Oscillator Basis        
  ---------------------------------------
  NUV, NQP:                        6222     286
  Comparison with bookkeeping spherical basis:
  n00:                               10      10  Maximal number of shells
  nbx, 2*n00+1:                      21      21  Maximal number of K-blocks
  ntx, (n00+1)*(n00+2)*(n00+3)/6    286     286  Max.num. p/n levels
  nzx, n00:                          10      10  Maximal nz-quantum number
  nrx, n00/2  :                       5       5  Maximal nr-quantum number
  nlx, n00:                          10      10  Maximal ml-quantum number
  ndx, (n00+2)*(n00+2)/4:            36      36  Maximal dim. of one k-block

  Actual basis used
  Number of blocks: nb .......:   21
  Number of levels: nt .......:  286
  Maximal 2*omega : nom ......:   21
  Maximal nz:       nzm ......:   10
  Maximal nr:       nrm ......:    5
  Maximal ml:       nlm ......:   10
  Maximal N=nz+2*nr+nl .......:   10
  2 x biggest block dim. .....:   72
  Non-zero elements of h .....:     3254
  Number of Broyden elements .:    13016

  ---------------------------------------
            Integration Meshes           
  ---------------------------------------
  Number of Gauss-Hermite mesh points ngh ....:  40
  Number of Gauss-Laguerre mesh points ngl ...:  40
  Number of Gauss-Legendre mesh points nleg ..:  80
  Integration boundaries
    Hermite  - from xh(1)  =  0.12379686 to xh(ngh)   = 11.88786356
    Laguerre - From xl(1)  =  0.03570039 to xl(ngl)   =142.28004447
    Legendre - From xleg(1)=  0.00978669 to xleg(nleg)=  0.99988775
  Max.dev.in:     Orthogonality            Normalization
  Hermite     1.5150139407621233E-015   1.0658141036401503E-014
  Laguerre    4.3068680416470186E-015   8.2156503822261584E-015

  Reading from wel_file: hfbtho_output.hel


  ### REGULAR STAGE (reflection symmetry imposed)
  |HFB+HO> iterations(b0=  1.750, Nsh= 10, inin= -1, N= 27, Z= 20)...
  ----------------------------------------------------------------------------------------------------------------------------------
  i          si     mix   beta      Etot       A       rn      rp         En      Dn      Ep      Dp        Ln      Lp     time  time(Gog.)
  ----------------------------------------------------------------------------------------------------------------------------------
   0N   0.00000479 0.52  0.000  -419.293870   48.0   3.595   3.446 |   -0.000   0.000  -0.000  -0.000 |  -10.337 -14.646   0.000   0.000
    neutron Blocking: block=  4 state=  2   Eqp=   3.80278238  Dqpe=   3.80229446  Ovlp=   1.00000000   5/  6  3-[ 3, 0, 1]
   1B   1.20100012 0.20 -0.010  -405.789982   47.0   3.583   3.446 |   -1.039   0.527  -0.000  -0.000 |  -10.337 -14.646   6.006   0.000
    neutron Blocking: block=  4 state=  2   Eqp=   4.29469866  Dqpe=   3.81126170  Ovlp=   0.99911269   5/  6  3-[ 3, 0, 1]
   2B   0.84397339 0.22 -0.014  -406.997669   47.0   3.590   3.444 |   -2.005   0.756  -0.000  -0.000 |  -10.242 -13.783   0.211   0.000
    neutron Blocking: block=  4 state=  2   Eqp=   3.82525357  Dqpe=   3.10471776  Ovlp=   0.99966429   5/  6  3-[ 3, 0, 1]
   3B   0.33262142 0.24 -0.015  -407.375472   47.0   3.588   3.447 |   -2.611   0.868  -0.000  -0.000 |  -10.030 -13.609   0.214   0.000
    neutron Blocking: block=  4 state=  2   Eqp=   3.61613455  Dqpe=   2.56837088  Ovlp=   0.99949166   5/  6  3-[ 3, 0, 1]
   4B   0.19930250 0.27 -0.018  -407.621216   47.0   3.588   3.448 |   -3.636   1.031  -0.000  -0.000 |   -9.812 -13.415   0.220   0.000
    neutron Blocking: block=  4 state=  2   Eqp=   3.44336962  Dqpe=   2.06874680  Ovlp=   0.99927790   5/  6  3-[ 3, 0, 1]
   5B   0.08562475 0.29 -0.021  -407.760622   47.0   3.589   3.448 |   -4.886   1.200  -0.000  -0.000 |   -9.629 -13.299   0.220   0.000
    neutron Blocking: block=  4 state=  2   Eqp=   3.38444866  Dqpe=   1.85355895  Ovlp=   0.99976684   5/  6  3-[ 3, 0, 1]
   6B   0.02724941 0.32 -0.022  -407.782411   47.0   3.589   3.448 |   -5.595   1.286  -0.000  -0.000 |   -9.551 -13.274   0.219   0.000
    neutron Blocking: block=  4 state=  2   Eqp=   3.38025618  Dqpe=   1.80934155  Ovlp=   0.99998027   5/  6  3-[ 3, 0, 1]
   7B   0.01421074 0.35 -0.023  -407.779650   47.0   3.590   3.449 |   -5.800   1.310  -0.000  -0.000 |   -9.533 -13.277   0.220   0.000
    neutron Blocking: block=  4 state=  2   Eqp=   3.38263771  Dqpe=   1.80744480  Ovlp=   0.99999960   5/  6  3-[ 3, 0, 1]
   8B   0.00577688 0.39 -0.023  -407.779526   47.0   3.590   3.449 |   -5.824   1.313  -0.000  -0.000 |   -9.533 -13.277   0.203   0.000
    neutron Blocking: block=  4 state=  2   Eqp=   3.38511311  Dqpe=   1.81188190  Ovlp=   0.99999991   5/  6  3-[ 3, 0, 1]
   9B   0.00442115 0.43 -0.023  -407.778817   47.0   3.590   3.449 |   -5.820   1.312  -0.000  -0.000 |   -9.535 -13.276   0.214   0.000
    neutron Blocking: block=  4 state=  2   Eqp=   3.38475926  Dqpe=   1.81257541  Ovlp=   0.99999994   5/  6  3-[ 3, 0, 1]
  10B   0.00265334 0.47 -0.023  -407.778970   47.0   3.590   3.449 |   -5.817   1.312  -0.000  -0.000 |   -9.536 -13.275   0.213   0.000
    neutron Blocking: block=  4 state=  2   Eqp=   3.38409299  Dqpe=   1.81291018  Ovlp=   0.99999995   5/  6  3-[ 3, 0, 1]
  11B   0.00158641 0.52 -0.023  -407.779027   47.0   3.590   3.449 |   -5.813   1.311  -0.000  -0.000 |   -9.536 -13.274   0.212   0.000
    neutron Blocking: block=  4 state=  2   Eqp=   3.38334802  Dqpe=   1.81274713  Ovlp=   0.99999998   5/  6  3-[ 3, 0, 1]
  12B   0.00051698 0.57 -0.023  -407.779054   47.0   3.590   3.449 |   -5.811   1.311  -0.000  -0.000 |   -9.536 -13.273   0.202   0.000
    neutron Blocking: block=  4 state=  2   Eqp=   3.38346400  Dqpe=   1.81332203  Ovlp=   1.00000000   5/  6  3-[ 3, 0, 1]
  13B   0.00034718 0.63 -0.023  -407.779115   47.0   3.590   3.449 |   -5.810   1.311  -0.000  -0.000 |   -9.536 -13.272   0.215   0.000
    neutron Blocking: block=  4 state=  2   Eqp=   3.38335712  Dqpe=   1.81337181  Ovlp=   1.00000000   5/  6  3-[ 3, 0, 1]
  14B   0.00005922 0.69 -0.023  -407.779119   47.0   3.590   3.449 |   -5.809   1.311  -0.000  -0.000 |   -9.536 -13.272   0.206   0.000
    neutron Blocking: block=  4 state=  2   Eqp=   3.38339772  Dqpe=   1.81345720  Ovlp=   1.00000000   5/  6  3-[ 3, 0, 1]
  15B   0.00002331 0.76 -0.023  -407.779140   47.0   3.590   3.449 |   -5.809   1.311  -0.000  -0.000 |   -9.536 -13.272   0.218   0.000
    neutron Blocking: block=  4 state=  2   Eqp=   3.38339789  Dqpe=   1.81346640  Ovlp=   1.00000000   5/  6  3-[ 3, 0, 1]
  16B   0.00001432 0.84 -0.023  -407.779142   47.0   3.590   3.449 |   -5.809   1.311  -0.000  -0.000 |   -9.536 -13.272   0.205   0.000
    neutron Blocking: block=  4 state=  2   Eqp=   3.38340253  Dqpe=   1.81348197  Ovlp=   1.00000000   5/  6  3-[ 3, 0, 1]
  17B   0.00000719 0.90 -0.023  -407.779142   47.0   3.590   3.449 |   -5.809   1.311  -0.000  -0.000 |   -9.536 -13.272   0.215   0.000
    neutron Blocking: block=  4 state=  2   Eqp=   3.38340361  Dqpe=   1.81348936  Ovlp=   1.00000000   5/  6  3-[ 3, 0, 1]
  17N   0.00000719 0.90 -0.023  -407.779143   47.0   3.590   3.449 |   -5.809   1.311  -0.000  -0.000 |   -9.536 -13.272   0.215   0.000
  ----------------------------------------------------------------------------------------------------------------------------------
  *   iteration converged   after  17 steps   si=     0.0000071940 ho=  0 tho=  0
  ----------------------------------------------------------------------------------------------------------------------------------
  Total CPU time=   0.160 minutes
    neutron Blocking: block=  4 state=  2   Eqp=   3.38340423  Dqpe=   1.81349240  Ovlp=   1.00000000   5/  6  3-[ 3, 0, 1]

  NB! From expect (UNPROJECTED RESULTS)

  pairing: CpV0,CpV1,...        -280.000000    -280.000000       0.500000       0.500000
  forces:   SKM*                          
  Blocked neutron block       4


                             neutrons         protons         total
  Requested part.numbs.      27.000000      20.000000      47.000000
  UnPj(av) part.numbs .      27.000000      20.000000      47.000000
  b0, bz, bp ..........       1.750004       1.750004       1.750004

  lambda (ala) ........      -9.536332     -11.793128
  Lambda (alast) ......      -9.536332     -13.272025
  delta(n,p), pwi .....       1.310967      -0.000024      60.000000
  pairing energy ......      -5.809006      -0.000000      -5.809006

  rms-radius ..........       3.589751       3.448737       3.530433
  charge-radius, r0 ...                      3.541052       4.361089
  deformation beta2....      -0.029758      -0.014245      -0.023459
  dipole moment[fm] ...       0.000000       0.000000       0.000000
  quadrupole moment[b]       -0.130620      -0.042749      -0.173369
  octupole moment .....       0.000000       0.000000       0.000000
  hexadecapole moment .      -0.000263      -0.000085      -0.000348
  q5 ..................       0.000000       0.000000       0.000000
  q6 ..................       0.000003       0.000001       0.000004
  q7 ..................       0.000000       0.000000       0.000000
  q8 ..................      -0.000000       0.000000       0.000000

  <Jx^2> from rho .....       7.510389       0.005963       7.516352
  <Jx^2> from kappa ...      -7.477363      -0.000000      -7.477363
  <J^2> = 2*<Jx^2> ....       0.066053       0.011926       0.077979

  kinetic energy ......     493.208275     309.160441     802.368716
  volume energy .......                                 -1362.069847
        rho_tau .......                                   140.268527
        rho_rho .......                                 -1502.338373
  surface energy ......                                   113.323249
   rho_DELTA_rho ......                                   113.323249
   (NABLA_rho)^2 ......                                     0.000000
  spin-orbit energy ...                                   -26.917177
        rho_NABLA_J ...                                   -26.917177
        NABLA_rho_J ...                                     0.000000
  coulomb energy ......                                    71.324922
          direct ......                                    78.749859
          exchange ....                                    -7.424937
          pairing .....                                     0.000000
  tensor energy .......                                     0.000000
  direct Hartree E  ...                                     0.000000
  Extra E .............                                     0.000000
  External field E ....                                     0.000000
  Entropy .............       0.000000       0.000000       0.000000

  tEnergy: ehfb (qp)...                                  -407.779143

  Calculated but not added corrections
  ====================================
  cmc-diagonal part ...      10.721919       6.720879      17.442798
  cmc-hfb .............       0.000000       0.000000       0.000000
  cranking rot corr ...       0.000000       0.000000       0.000000

  SQUJ ................       0.000000       0.000000       0.000000
  CRAN x 4 ............       0.000000       0.000000       0.000000
  Rigit Body ..........       0.000000       0.000000       0.000000


   Blocking candidates are:
   neutron eqpmin=   1.5699118332319824       pwiblo=   1.0000000000000000     
    num=   5 block=   4 state=   2    69 Eqp=   3.38340423  (1-2N)E=  -0.00000000  overl=   0.80400336  3-[ 3, 0, 1]

   Blocking candidates are:
   proton  eqpmin=   1.4788970886519228       pwiblo=   1.0000000000000000     


Distributed parallelism with MPI     : 1 tasks/HFBTHO
Multi-threading framework with OpenMP: 4 threads/task

  ==========================================
           FORTRAN 95 CODE (KIND= 8) 
 git: parent: 3cae9cc3ec7a0c93cd724b300dc0d972f613f33e
  ==========================================
       AXIALLY DEFORMED CONFIGURATIONAL     
     HARTREE-FOCK-BOGOLIUBOV CALCULATIONS   
                     WITH                   
      SKYRME+DELTA PAIRING OR GOGNY EDFs    
                  USING THE                 
             HARMONIC-OSCILLATOR            
                    AND/OR                  
        TRANSFORMED HARMONIC-OSCILLATOR     
                    BASIS                   
                     ---                    
                v1.66  (2005)               
    Stoitsov, Dobaczewski, Nazarewicz, Ring 
                v2.00d (2012)               
        Stoitsov, Schunck, Kortelainen      
                v3.00  (2016)               
            Schunck, Navarro Perez          
  ==========================================
    Nucleus: Ca (A=  47, N= 27, Z= 20)
       Reflection Symmetry Imposed       
            (10/12/2021,  8: 2)                               
  ==========================================


  ---------------------------------------
           UNEDF Module Version: 17
         M.Kortelainen & M.Stoitsov 
  ---------------------------------------

  SKM* functional
  ----------------------------------------
  Crho(0)=   -991.875000000000000    ; Crho(1)=    390.137499999999989    
  CDrho(0)=   974.687500000000000    ; CDrho(1)=  -324.895833333333314    
  Ctau(0)=    34.6875000000000000    ; Ctau(1)=   -34.0625000000000000    
  CrDr(0)=   -68.2031250000000000    ; CrDr(1)=    17.1093750000000000    
  CrdJ(0)=   -97.5000000000000000    ; CrdJ(1)=   -32.5000000000000000    
  CJ(0)=      34.0625000000000000    ; CJ(1)=      34.0625000000000000    
  CpV0(0)=   -280.000000000000000    ; CpV0(1)=   -280.000000000000000    
  CpV1(0)=   0.500000000000000000    ; CpV1(1)=   0.500000000000000000    
  sigma=     0.166666666666666657    ; hbzero=     20.7300000000000004    
  functional has DME couplings: F
  use 3-Nucleon DME couplings: F
  e^2 chrg=   1.43997840859651349    ; CExPar=     1.00000000000000000    
  c.m. correction: T, chr. density in direct Coul: F
  use tensor terms: F

  Coupling constants in natural units
  ----------------------------------------
  Crho_nu(0)=   -1.11697019706649536    ; Crho_nu(1)=   0.439341610846154806    
  CDrho_nu(0)=   1.05494661920042820    ; CDrho_nu(1)= -0.351648873066809420    
  Ctau_nu(0)=   0.491699256216479808    ; Ctau_nu(1)=  -0.482839810158525229    
  CrDr_nu(0)=  -0.966787051074294745    ; CrDr_nu(1)=   0.242527335836506930    
  CrdJ_nu(0)=   -1.38207358504091626    ; CrdJ_nu(1)=  -0.460691195013638755    
  CJ_nu(0)=     0.482839810158525229    ; CJ_nu(1)=     0.482839810158525229    
  CpV0_nu(0)=  -0.315313577999867589    ; CpV0_nu(1)=  -0.315313577999867589    
  CpV1_nu(0)=   0.443851127103029534E-03; CpV1_nu(1)=   0.443851127103029534E-03
  fpi_nu=        93.0000000000000000    ; Lambda_nu=     700.000000000000000    

  Nuclear matter properties
  ----------------------------------------
  E_NM=      -15.7762359616147627    ; K_NM=        216.657542303868979    
  P_NM=     -0.730495530692525363E-15; RHO_NM=     0.160318515964671449    
  ASS_NM=     30.0323865018228560    ; LASS_NM=     45.7703887670942962    
  SMASS_NM=   1.26826090316085582    ; VMASS_NM=    1.53168827653502970    

  Associated (t,x)-coupling constants
  ----------------------------------------
  t0=      -2645.00000000000000    ; x0=       0.899999999999999689E-01
  t1=       410.000000000000000    ; x1=        0.00000000000000000    
  t2=      -135.000000000000000    ; x2=        0.00000000000000000    
  t3=       15595.0000000000000    ; x3=       -0.00000000000000000    
  b4=       65.0000000000000000    ; b4p=       65.0000000000000000    
  te=       0.00000000000000000    ; to=        0.00000000000000000    
  sigma=   0.166666666666666657    ; hbzero=    20.7300000000000004    

  ---------------------------------------
        Characteristics of the run       
  ---------------------------------------
  Output file ................:    57
  Nucleus ....................:   Ca  47
  Number of HO shells ........:    10
  HO length b0 (fm) ..........:     1.75000371403579
  Basis deformation ..........:  beta0=   0.000 q=   1.000
  HO: b0,1/b0,bp,bz,q ........:   0.17500037E+01  0.57142736E+00  0.17500037E+01  0.17500037E+01  0.10000000E+01
  h**2/(2m_n), cmc, e**2 .....:   0.20730000E+02  0.20288936E+02  0.14399784E+01
  h**2/(2m_p), cmc, e**2 .....:   0.20730000E+02  0.20288936E+02  0.14399784E+01
  hom=f*41.0_pr*A^{-1/3}, f...:   0.13537902E+02  0.12000000E+01
  THO basis is ...............:  OFF
  Maximal number of iterations:    50
  Initial mixing parameter ...:  0.900
  Initial wave functions from :  tape
  Energy functional ..........:    SKM*                          
    direct Coulomb by substitution method, exchange Coulomb with Slater approximation
  Pairing cutoff energy ......:    60.00 MeV
  Lipkin-Nogami procedure is .:  OFF
  PAV procedure is ...........:  OFF
  Constraint calculation is ..:  OFF
  Neutron blocking is ........:   ON
  Temperature T ..............:   0.00 MeV
  Pairing regularization is ..:  OFF
  Collective inertia is ......:  OFF
  Fission fragments are ......:  OFF
  Restart indicator ..........:  -1
  Broyden mixing (#iterations):   7

  ---------------------------------------
        Harmonic Oscillator Basis        
  ---------------------------------------
  NUV, NQP:                        6222     286
  Comparison with bookkeeping spherical basis:
  n00:                               10      10  Maximal number of shells
  nbx, 2*n00+1:                      21      21  Maximal number of K-blocks
  ntx, (n00+1)*(n00+2)*(n00+3)/6    286     286  Max.num. p/n levels
  nzx, n00:                          10      10  Maximal nz-quantum number
  nrx, n00/2  :                       5       5  Maximal nr-quantum number
  nlx, n00:                          10      10  Maximal ml-quantum number
  ndx, (n00+2)*(n00+2)/4:            36      36  Maximal dim. of one k-block

  Actual basis used
  Number of blocks: nb .......:   21
  Number of levels: nt .......:  286
  Maximal 2*omega : nom ......:   21
  Maximal nz:       nzm ......:   10
  Maximal nr:       nrm ......:    5
  Maximal ml:       nlm ......:   10
  Maximal N=nz+2*nr+nl .......:   10
  2 x biggest block dim. .....:   72
  Non-zero elements of h .....:     3254
  Number of Broyden elements .:    13016

  ---------------------------------------
            Integration Meshes           
  ---------------------------------------
  Number of Gauss-Hermite mesh points ngh ....:  40
  Number of Gauss-Laguerre mesh points ngl ...:  40
  Number of Gauss-Legendre mesh points nleg ..:  80
  Integration boundaries
    Hermite  - from xh(1)  =  0.12379686 to xh(ngh)   = 11.88786356
    Laguerre - From xl(1)  =  0.03570039 to xl(ngl)   =142.28004447
    Legendre - From xleg(1)=  0.00978669 to xleg(nleg)=  0.99988775
  Max.dev.in:     Orthogonality            Normalization
  Hermite     1.5150139407621233E-015   1.0658141036401503E-014
  Laguerre    4.3068680416470186E-015   8.2156503822261584E-015

  Reading from wel_file: hfbtho_output.hel


  ### REGULAR STAGE (reflection symmetry imposed)
  |HFB+HO> iterations(b0=  1.750, Nsh= 10, inin= -1, N= 27, Z= 20)...
  ----------------------------------------------------------------------------------------------------------------------------------
  i          si     mix   beta      Etot       A       rn      rp         En      Dn      Ep      Dp        Ln      Lp     time  time(Gog.)
  ----------------------------------------------------------------------------------------------------------------------------------
   0N   0.00000479 0.52  0.000  -419.293870   48.0   3.595   3.446 |   -0.000   0.000  -0.000  -0.000 |  -10.337 -14.646   0.000   0.000
    neutron Blocking: block=  2 state=  2   Eqp=   3.80278219  Dqpe=   3.80229427  Ovlp=   1.00000000   6/  6  1-[ 3, 3, 0]
   1B   1.27044185 0.20  0.010  -405.789867   47.0   3.583   3.446 |   -1.039   0.527  -0.000  -0.000 |  -10.337 -14.646   6.012   0.000
    neutron Blocking: block=  2 state=  2   Eqp=   4.28172613  Dqpe=   3.80050688  Ovlp=   0.99630181   6/  6  1-[ 3, 3, 0]
   2B   0.67959415 0.22  0.011  -406.974802   47.0   3.590   3.444 |   -2.005   0.756  -0.000  -0.000 |  -10.242 -13.791   0.212   0.000
    neutron Blocking: block=  2 state=  2   Eqp=   3.81524527  Dqpe=   3.10010858  Ovlp=   0.99819129   6/  6  1-[ 3, 3, 0]
   3B   0.33778590 0.24  0.014  -407.341577   47.0   3.588   3.447 |   -2.597   0.865  -0.000  -0.000 |  -10.034 -13.629   0.217   0.000
    neutron Blocking: block=  2 state=  2   Eqp=   3.62082744  Dqpe=   2.59050511  Ovlp=   0.99950665   6/  6  1-[ 3, 3, 0]
   4B   0.20973376 0.27  0.016  -407.608982   47.0   3.588   3.448 |   -3.593   1.024  -0.000  -0.000 |   -9.818 -13.447   0.221   0.000
    neutron Blocking: block=  2 state=  2   Eqp=   3.45419495  Dqpe=   2.09901953  Ovlp=   0.99911707   6/  6  1-[ 3, 3, 0]
   5B   0.08889424 0.29  0.019  -407.753182   47.0   3.589   3.448 |   -4.827   1.193  -0.000  -0.000 |   -9.637 -13.336   0.222   0.000
    neutron Blocking: block=  2 state=  2   Eqp=   3.39384841  Dqpe=   1.86942497  Ovlp=   0.99968294   6/  6  1-[ 3, 3, 0]
   6B   0.03657144 0.32  0.021  -407.777025   47.0   3.589   3.448 |   -5.608   1.288  -0.000  -0.000 |   -9.549 -13.313   0.223   0.000
    neutron Blocking: block=  2 state=  2   Eqp=   3.38932285  Dqpe=   1.82619176  Ovlp=   0.99996358   6/  6  1-[ 3, 3, 0]
   7B   0.01752195 0.35  0.022  -407.777450   47.0   3.589   3.449 |   -5.805   1.311  -0.000  -0.000 |   -9.533 -13.313   0.214   0.000
    neutron Blocking: block=  2 state=  2   Eqp=   3.39194934  Dqpe=   1.82384287  Ovlp=   0.99999824   6/  6  1-[ 3, 3, 0]
   8B   0.01182091 0.39  0.022  -407.776453   47.0   3.590   3.449 |   -5.838   1.314  -0.000  -0.000 |   -9.531 -13.314   0.213   0.000
    neutron Blocking: block=  2 state=  2   Eqp=   3.39462823  Dqpe=   1.83040093  Ovlp=   0.99999711   6/  6  1-[ 3, 3, 0]
   9B   0.00875682 0.43  0.023  -407.775711   47.0   3.590   3.449 |   -5.830   1.313  -0.000  -0.000 |   -9.534 -13.311   0.213   0.000
    neutron Blocking: block=  2 state=  2   Eqp=   3.39334980  Dqpe=   1.83261958  Ovlp=   0.99999741   6/  6  1-[ 3, 3, 0]
  10B   0.00476740 0.47  0.023  -407.776272   47.0   3.590   3.449 |   -5.821   1.312  -0.000  -0.000 |   -9.535 -13.307   0.213   0.000
    neutron Blocking: block=  2 state=  2   Eqp=   3.39162460  Dqpe=   1.83347878  Ovlp=   0.99999859   6/  6  1-[ 3, 3, 0]
  11B   0.00188785 0.52  0.023  -407.776336   47.0   3.590   3.449 |   -5.813   1.311  -0.000  -0.000 |   -9.536 -13.304   0.208   0.000
    neutron Blocking: block=  2 state=  2   Eqp=   3.39030207  Dqpe=   1.83342175  Ovlp=   0.99999976   6/  6  1-[ 3, 3, 0]
  12B   0.00071047 0.57  0.024  -407.776652   47.0   3.590   3.449 |   -5.809   1.311  -0.000  -0.000 |   -9.536 -13.302   0.206   0.000
    neutron Blocking: block=  2 state=  2   Eqp=   3.39059752  Dqpe=   1.83434964  Ovlp=   0.99999997   6/  6  1-[ 3, 3, 0]
  13B   0.00046277 0.63  0.024  -407.776568   47.0   3.590   3.449 |   -5.808   1.311  -0.000  -0.000 |   -9.536 -13.301   0.215   0.000
    neutron Blocking: block=  2 state=  2   Eqp=   3.39049872  Dqpe=   1.83439956  Ovlp=   1.00000000   6/  6  1-[ 3, 3, 0]
  14B   0.00008240 0.69  0.024  -407.776613   47.0   3.590   3.449 |   -5.807   1.311  -0.000  -0.000 |   -9.536 -13.301   0.198   0.000
    neutron Blocking: block=  2 state=  2   Eqp=   3.39054947  Dqpe=   1.83452683  Ovlp=   1.00000000   6/  6  1-[ 3, 3, 0]
  15B   0.00003963 0.76  0.024  -407.776595   47.0   3.590   3.449 |   -5.807   1.311  -0.000  -0.000 |   -9.536 -13.301   0.217   0.000
    neutron Blocking: block=  2 state=  2   Eqp=   3.39056070  Dqpe=   1.83455439  Ovlp=   1.00000000   6/  6  1-[ 3, 3, 0]
  16B   0.00002013 0.84  0.024  -407.776598   47.0   3.590   3.449 |   -5.807   1.311  -0.000  -0.000 |   -9.536 -13.301   0.213   0.000
    neutron Blocking: block=  2 state=  2   Eqp=   3.39056272  Dqpe=   1.83457307  Ovlp=   1.00000000   6/  6  1-[ 3, 3, 0]
  17B   0.00001218 0.90  0.024  -407.776598   47.0   3.590   3.449 |   -5.807   1.311  -0.000  -0.000 |   -9.536 -13.301   0.214   0.000
    neutron Blocking: block=  2 state=  2   Eqp=   3.39056855  Dqpe=   1.83459669  Ovlp=   1.00000000   6/  6  1-[ 3, 3, 0]
  18B   0.00000591 0.90  0.024  -407.776599   47.0   3.590   3.449 |   -5.807   1.311  -0.000  -0.000 |   -9.536 -13.301   0.219   0.000
    neutron Blocking: block=  2 state=  2   Eqp=   3.39056849  Dqpe=   1.83460271  Ovlp=   1.00000000   6/  6  1-[ 3, 3, 0]
  18N   0.00000591 0.90  0.024  -407.776599   47.0   3.590   3.449 |   -5.807   1.311  -0.000  -0.000 |   -9.536 -13.301   0.216   0.000
  ----------------------------------------------------------------------------------------------------------------------------------
  *   iteration converged   after  18 steps   si=     0.0000059097 ho=  0 tho=  0
  ----------------------------------------------------------------------------------------------------------------------------------
  Total CPU time=   0.164 minutes
    neutron Blocking: block=  2 state=  2   Eqp=   3.39056994  Dqpe=   1.83460573  Ovlp=   1.00000000   6/  6  1-[ 3, 3, 0]

  NB! From expect (UNPROJECTED RESULTS)

  pairing: CpV0,CpV1,...        -280.000000    -280.000000       0.500000       0.500000
  forces:   SKM*                          
  Blocked neutron block       2


                             neutrons         protons         total
  Requested part.numbs.      27.000000      20.000000      47.000000
  UnPj(av) part.numbs .      27.000000      20.000000      47.000000
  b0, bz, bp ..........       1.750004       1.750004       1.750004

  lambda (ala) ........      -9.536052     -11.775942
  Lambda (alast) ......      -9.536052     -13.300916
  delta(n,p), pwi .....       1.310750      -0.000023      60.000000
  pairing energy ......      -5.806758      -0.000000      -5.806758

  rms-radius ..........       3.589762       3.448738       3.530440
  charge-radius, r0 ...                      3.541053       4.361089
  deformation beta2....       0.030025       0.014392       0.023677
  dipole moment[fm] ...       0.000000       0.000000       0.000000
  quadrupole moment[b]        0.131792       0.043189       0.174981
  octupole moment .....       0.000000       0.000000       0.000000
  hexadecapole moment .      -0.000286      -0.000091      -0.000377
  q5 ..................       0.000000       0.000000       0.000000
  q6 ..................      -0.000003      -0.000001      -0.000004
  q7 ..................       0.000000       0.000000       0.000000
  q8 ..................       0.000000       0.000000       0.000000

  <Jx^2> from rho .....       7.298088       0.006123       7.304210
  <Jx^2> from kappa ...      -7.263402      -0.000000      -7.263402
  <J^2> = 2*<Jx^2> ....       0.069372       0.012245       0.081617

  kinetic energy ......     493.207351     309.160621     802.367972
  volume energy .......                                 -1362.068467
        rho_tau .......                                   140.267321
        rho_rho .......                                 -1502.335789
  surface energy ......                                   113.324786
   rho_DELTA_rho ......                                   113.324786
   (NABLA_rho)^2 ......                                     0.000000
  spin-orbit energy ...                                   -26.919038
        rho_NABLA_J ...                                   -26.919038
        NABLA_rho_J ...                                     0.000000
  coulomb energy ......                                    71.324906
          direct ......                                    78.749845
          exchange ....                                    -7.424939
          pairing .....                                     0.000000
  tensor energy .......                                     0.000000
  direct Hartree E  ...                                     0.000000
  Extra E .............                                     0.000000
  External field E ....                                     0.000000
  Entropy .............       0.000000       0.000000       0.000000

  tEnergy: ehfb (qp)...                                  -407.776599

  Calculated but not added corrections
  ====================================
  cmc-diagonal part ...      10.721899       6.720883      17.442782
  cmc-hfb .............       0.000000       0.000000       0.000000
  cranking rot corr ...       0.000000       0.000000       0.000000

  SQUJ ................       0.000000       0.000000       0.000000
  CRAN x 4 ............       0.000000       0.000000       0.000000
  Rigit Body ..........       0.000000       0.000000       0.000000


   Blocking candidates are:
   neutron eqpmin=   1.5559642045112718       pwiblo=   1.0000000000000000     
    num=   6 block=   2 state=   2    27 Eqp=   3.39056994  (1-2N)E=   0.00000000  overl=   0.55928460  1-[ 3, 3, 0]

   Blocking candidates are:
   proton  eqpmin=   1.5249739019808151       pwiblo=   1.0000000000000000     



 HFBTHO_SOLVER ended without errors

