Distributed parallelism with MPI     : 1 tasks/HFBTHO
Multi-threading framework with OpenMP: 4 threads/task

  ==========================================
           FORTRAN 95 CODE (KIND= 8) 
 git: parent: 3cae9cc3ec7a0c93cd724b300dc0d972f613f33e
  ==========================================
       AXIALLY DEFORMED CONFIGURATIONAL     
     HARTREE-FOCK-BOGOLIUBOV CALCULATIONS   
                     WITH                   
      SKYRME+DELTA PAIRING OR GOGNY EDFs    
                  USING THE                 
             HARMONIC-OSCILLATOR            
                    AND/OR                  
        TRANSFORMED HARMONIC-OSCILLATOR     
                    BASIS                   
                     ---                    
                v1.66  (2005)               
    Stoitsov, Dobaczewski, Nazarewicz, Ring 
                v2.00d (2012)               
        Stoitsov, Schunck, Kortelainen      
                v3.00  (2016)               
            Schunck, Navarro Perez          
  ==========================================
    Nucleus: Ca (A=  47, N= 27, Z= 20)
       Reflection Symmetry Imposed       
            (10/12/2021,  8: 2)                               
  ==========================================


  ---------------------------------------
           UNEDF Module Version: 17
         M.Kortelainen & M.Stoitsov 
  ---------------------------------------

  SKM* functional
  ----------------------------------------
  Crho(0)=   -991.875000000000000    ; Crho(1)=    390.137499999999989    
  CDrho(0)=   974.687500000000000    ; CDrho(1)=  -324.895833333333314    
  Ctau(0)=    34.6875000000000000    ; Ctau(1)=   -34.0625000000000000    
  CrDr(0)=   -68.2031250000000000    ; CrDr(1)=    17.1093750000000000    
  CrdJ(0)=   -97.5000000000000000    ; CrdJ(1)=   -32.5000000000000000    
  CJ(0)=      34.0625000000000000    ; CJ(1)=      34.0625000000000000    
  CpV0(0)=   -280.000000000000000    ; CpV0(1)=   -280.000000000000000    
  CpV1(0)=   0.500000000000000000    ; CpV1(1)=   0.500000000000000000    
  sigma=     0.166666666666666657    ; hbzero=     20.7300000000000004    
  functional has DME couplings: F
  use 3-Nucleon DME couplings: F
  e^2 chrg=   1.43997840859651349    ; CExPar=     1.00000000000000000    
  c.m. correction: T, chr. density in direct Coul: F
  use tensor terms: F

  Coupling constants in natural units
  ----------------------------------------
  Crho_nu(0)=   -1.11697019706649536    ; Crho_nu(1)=   0.439341610846154806    
  CDrho_nu(0)=   1.05494661920042820    ; CDrho_nu(1)= -0.351648873066809420    
  Ctau_nu(0)=   0.491699256216479808    ; Ctau_nu(1)=  -0.482839810158525229    
  CrDr_nu(0)=  -0.966787051074294745    ; CrDr_nu(1)=   0.242527335836506930    
  CrdJ_nu(0)=   -1.38207358504091626    ; CrdJ_nu(1)=  -0.460691195013638755    
  CJ_nu(0)=     0.482839810158525229    ; CJ_nu(1)=     0.482839810158525229    
  CpV0_nu(0)=  -0.315313577999867589    ; CpV0_nu(1)=  -0.315313577999867589    
  CpV1_nu(0)=   0.443851127103029534E-03; CpV1_nu(1)=   0.443851127103029534E-03
  fpi_nu=        93.0000000000000000    ; Lambda_nu=     700.000000000000000    

  Nuclear matter properties
  ----------------------------------------
  E_NM=      -15.7762359616147627    ; K_NM=        216.657542303868979    
  P_NM=     -0.730495530692525363E-15; RHO_NM=     0.160318515964671449    
  ASS_NM=     30.0323865018228560    ; LASS_NM=     45.7703887670942962    
  SMASS_NM=   1.26826090316085582    ; VMASS_NM=    1.53168827653502970    

  Associated (t,x)-coupling constants
  ----------------------------------------
  t0=      -2645.00000000000000    ; x0=       0.899999999999999689E-01
  t1=       410.000000000000000    ; x1=        0.00000000000000000    
  t2=      -135.000000000000000    ; x2=        0.00000000000000000    
  t3=       15595.0000000000000    ; x3=       -0.00000000000000000    
  b4=       65.0000000000000000    ; b4p=       65.0000000000000000    
  te=       0.00000000000000000    ; to=        0.00000000000000000    
  sigma=   0.166666666666666657    ; hbzero=    20.7300000000000004    

  ---------------------------------------
        Characteristics of the run       
  ---------------------------------------
  Output file ................:    57
  Nucleus ....................:   Ca  47
  Number of HO shells ........:    10
  HO length b0 (fm) ..........:     1.75000371403579
  Basis deformation ..........:  beta0=   0.000 q=   1.000
  HO: b0,1/b0,bp,bz,q ........:   0.17500037E+01  0.57142736E+00  0.17500037E+01  0.17500037E+01  0.10000000E+01
  h**2/(2m_n), cmc, e**2 .....:   0.20730000E+02  0.20288936E+02  0.14399784E+01
  h**2/(2m_p), cmc, e**2 .....:   0.20730000E+02  0.20288936E+02  0.14399784E+01
  hom=f*41.0_pr*A^{-1/3}, f...:   0.13537902E+02  0.12000000E+01
  THO basis is ...............:  OFF
  Maximal number of iterations:    50
  Initial mixing parameter ...:  0.300
  Initial wave functions from :  tape
  Energy functional ..........:    SKM*                          
    direct Coulomb by substitution method, exchange Coulomb with Slater approximation
  Pairing cutoff energy ......:    60.00 MeV
  Lipkin-Nogami procedure is .:  OFF
  PAV procedure is ...........:  OFF
  Constraint calculation is ..:  OFF
  Neutron blocking is ........:   ON
  Temperature T ..............:   0.00 MeV
  Pairing regularization is ..:  OFF
  Collective inertia is ......:  OFF
  Fission fragments are ......:  OFF
  Restart indicator ..........:  -1
  Broyden mixing (#iterations):   7

  ---------------------------------------
        Harmonic Oscillator Basis        
  ---------------------------------------
  NUV, NQP:                        6222     286
  Comparison with bookkeeping spherical basis:
  n00:                               10      10  Maximal number of shells
  nbx, 2*n00+1:                      21      21  Maximal number of K-blocks
  ntx, (n00+1)*(n00+2)*(n00+3)/6    286     286  Max.num. p/n levels
  nzx, n00:                          10      10  Maximal nz-quantum number
  nrx, n00/2  :                       5       5  Maximal nr-quantum number
  nlx, n00:                          10      10  Maximal ml-quantum number
  ndx, (n00+2)*(n00+2)/4:            36      36  Maximal dim. of one k-block

  Actual basis used
  Number of blocks: nb .......:   21
  Number of levels: nt .......:  286
  Maximal 2*omega : nom ......:   21
  Maximal nz:       nzm ......:   10
  Maximal nr:       nrm ......:    5
  Maximal ml:       nlm ......:   10
  Maximal N=nz+2*nr+nl .......:   10
  2 x biggest block dim. .....:   72
  Non-zero elements of h .....:     3254
  Number of Broyden elements .:    13016

  ---------------------------------------
            Integration Meshes           
  ---------------------------------------
  Number of Gauss-Hermite mesh points ngh ....:  40
  Number of Gauss-Laguerre mesh points ngl ...:  40
  Number of Gauss-Legendre mesh points nleg ..:  80
  Integration boundaries
    Hermite  - from xh(1)  =  0.12379686 to xh(ngh)   = 11.88786356
    Laguerre - From xl(1)  =  0.03570039 to xl(ngl)   =142.28004447
    Legendre - From xleg(1)=  0.00978669 to xleg(nleg)=  0.99988775
  Max.dev.in:     Orthogonality            Normalization
  Hermite     1.5150139407621233E-015   1.0658141036401503E-014
  Laguerre    4.3068680416470186E-015   8.2156503822261584E-015

  Reading from wel_file: hfbtho_output.hel


  ### REGULAR STAGE (reflection symmetry imposed)
  |HFB+HO> iterations(b0=  1.750, Nsh= 10, inin= -1, N= 27, Z= 20)...
  ----------------------------------------------------------------------------------------------------------------------------------
  i          si     mix   beta      Etot       A       rn      rp         En      Dn      Ep      Dp        Ln      Lp     time  time(Gog.)
  ----------------------------------------------------------------------------------------------------------------------------------
   0N   0.00000479 0.52  0.000  -419.293870   48.0   3.595   3.446 |   -0.000   0.000  -0.000  -0.000 |  -10.337 -14.646   0.000   0.000
    neutron Blocking: block=  2 state=  2   Eqp=   2.19529550  Dqpe=  -0.06808288  Ovlp=   1.00000000   1/  6  1-[ 3, 1, 0]
   1B   1.34899161 0.20 -0.011  -409.208851   47.0   3.575   3.446 |   -0.000   0.000  -0.000  -0.000 |  -10.337 -14.646   6.039   0.000
    neutron Blocking: block=  2 state=  2   Eqp=   2.32742682  Dqpe=   0.21586580  Ovlp=   0.99983486   1/  6  1-[ 3, 1, 0]
   2B   0.32532596 0.22 -0.014  -409.311566   47.0   3.575   3.443 |   -0.000   0.000  -0.000  -0.000 |  -10.290 -13.943   0.192   0.000
    neutron Blocking: block=  2 state=  2   Eqp=   2.19615157  Dqpe=   0.12914162  Ovlp=   0.99982671   1/  6  1-[ 3, 1, 0]
   3B   0.24380884 0.24 -0.017  -409.331904   47.0   3.573   3.444 |   -0.000   0.000  -0.000  -0.000 |  -10.245 -13.739   0.193   0.000
    neutron Blocking: block=  2 state=  2   Eqp=   2.18739569  Dqpe=   0.14479580  Ovlp=   0.99996578   1/  6  1-[ 3, 1, 0]
   4B   0.12193039 0.27 -0.019  -409.343674   47.0   3.573   3.443 |   -0.000   0.000  -0.000  -0.000 |  -10.221 -13.628   0.190   0.000
    neutron Blocking: block=  2 state=  2   Eqp=   2.16820322  Dqpe=   0.13098931  Ovlp=   0.99997195   1/  6  1-[ 3, 1, 0]
   5B   0.06336838 0.29 -0.021  -409.348603   47.0   3.573   3.442 |   -0.000   0.000  -0.000  -0.000 |  -10.206 -13.582   0.195   0.000
    neutron Blocking: block=  2 state=  2   Eqp=   2.13447113  Dqpe=   0.11360762  Ovlp=   0.99991995   1/  6  1-[ 3, 1, 0]
   6B   0.02401413 0.32 -0.024  -409.352853   47.0   3.573   3.442 |   -0.000   0.000  -0.000  -0.000 |  -10.190 -13.529   0.192   0.000
    neutron Blocking: block=  2 state=  2   Eqp=   2.12488999  Dqpe=   0.11081030  Ovlp=   0.99999113   1/  6  1-[ 3, 1, 0]
   7B   0.00984015 0.35 -0.025  -409.353398   47.0   3.573   3.443 |   -0.000   0.000  -0.000  -0.000 |  -10.183 -13.516   0.194   0.000
    neutron Blocking: block=  2 state=  2   Eqp=   2.12324563  Dqpe=   0.10946919  Ovlp=   0.99999906   1/  6  1-[ 3, 1, 0]
   8B   0.00390264 0.39 -0.025  -409.353476   47.0   3.573   3.443 |   -0.000   0.000  -0.000  -0.000 |  -10.182 -13.512   0.190   0.000
    neutron Blocking: block=  2 state=  2   Eqp=   2.12255345  Dqpe=   0.10926847  Ovlp=   0.99999992   1/  6  1-[ 3, 1, 0]
   9B   0.00116013 0.43 -0.026  -409.353488   47.0   3.573   3.443 |   -0.000   0.000  -0.000  -0.000 |  -10.182 -13.510   0.192   0.000
    neutron Blocking: block=  2 state=  2   Eqp=   2.12245627  Dqpe=   0.10939270  Ovlp=   0.99999999   1/  6  1-[ 3, 1, 0]
  10B   0.00057339 0.47 -0.026  -409.353490   47.0   3.573   3.443 |   -0.000   0.000  -0.000  -0.000 |  -10.182 -13.510   0.192   0.000
    neutron Blocking: block=  2 state=  2   Eqp=   2.12243287  Dqpe=   0.10944199  Ovlp=   1.00000000   1/  6  1-[ 3, 1, 0]
  11B   0.00031164 0.52 -0.026  -409.353490   47.0   3.573   3.443 |   -0.000   0.000  -0.000  -0.000 |  -10.182 -13.510   0.193   0.000
    neutron Blocking: block=  2 state=  2   Eqp=   2.12242676  Dqpe=   0.10950339  Ovlp=   1.00000000   1/  6  1-[ 3, 1, 0]
  12B   0.00005065 0.57 -0.026  -409.353490   47.0   3.573   3.443 |   -0.000   0.000  -0.000  -0.000 |  -10.182 -13.510   0.192   0.000
    neutron Blocking: block=  2 state=  2   Eqp=   2.12242972  Dqpe=   0.10950792  Ovlp=   1.00000000   1/  6  1-[ 3, 1, 0]
  13B   0.00002550 0.63 -0.026  -409.353490   47.0   3.573   3.443 |   -0.000   0.000  -0.000  -0.000 |  -10.182 -13.510   0.192   0.000
    neutron Blocking: block=  2 state=  2   Eqp=   2.12243507  Dqpe=   0.10951037  Ovlp=   1.00000000   1/  6  1-[ 3, 1, 0]
  14B   0.00001234 0.69 -0.026  -409.353490   47.0   3.573   3.443 |   -0.000   0.000  -0.000  -0.000 |  -10.182 -13.510   0.192   0.000
    neutron Blocking: block=  2 state=  2   Eqp=   2.12243691  Dqpe=   0.10951105  Ovlp=   1.00000000   1/  6  1-[ 3, 1, 0]
  15B   0.00001163 0.76 -0.026  -409.353490   47.0   3.573   3.443 |   -0.000   0.000  -0.000  -0.000 |  -10.182 -13.510   0.192   0.000
    neutron Blocking: block=  2 state=  2   Eqp=   2.12243803  Dqpe=   0.10951162  Ovlp=   1.00000000   1/  6  1-[ 3, 1, 0]
  16B   0.00001076 0.84 -0.026  -409.353490   47.0   3.573   3.443 |   -0.000   0.000  -0.000  -0.000 |  -10.182 -13.510   0.192   0.000
    neutron Blocking: block=  2 state=  2   Eqp=   2.12243937  Dqpe=   0.10951179  Ovlp=   1.00000000   1/  6  1-[ 3, 1, 0]
  17B   0.00000910 0.90 -0.026  -409.353490   47.0   3.573   3.443 |   -0.000   0.000  -0.000  -0.000 |  -10.182 -13.510   0.192   0.000
    neutron Blocking: block=  2 state=  2   Eqp=   2.12244096  Dqpe=   0.10951281  Ovlp=   1.00000000   1/  6  1-[ 3, 1, 0]
  17N   0.00000910 0.90 -0.026  -409.353490   47.0   3.573   3.443 |   -0.000   0.000  -0.000  -0.000 |  -10.182 -13.510   0.192   0.000
  ----------------------------------------------------------------------------------------------------------------------------------
  *   iteration converged   after  17 steps   si=     0.0000091025 ho=  0 tho=  0
  ----------------------------------------------------------------------------------------------------------------------------------
  Total CPU time=   0.155 minutes
    neutron Blocking: block=  2 state=  2   Eqp=   2.12244007  Dqpe=   0.10951232  Ovlp=   1.00000000   1/  6  1-[ 3, 1, 0]


 #quasiparticle energies neutrons
 --------------------------------
  eqp(k) -> q.p. energy 
  e(k)   -> referent s.p. energy 
  p(k)   -> occ.probability 
  del(k) -> referent s.p. gap 
  fermi energy alast=  -10.181604177933211     
  #k  block#    eqp(k)     e(k)       (1-2N)E      decay        p(k)        del(k)    overl      labels
   1    1     6.525143  -14.693819   -6.525143    1.702032    1.00000000   0.0001   0.7593  1+[ 2, 1, 1]
   2    1     8.668143  -16.836819   -8.668143    1.821925    1.00000000   0.0003   0.7624  1+[ 2, 0, 0]
   3    1     8.760429    0.591753    8.760429    1.826911    0.00000000   0.0003   0.6167  1+[ 4, 2, 0]
   4    1    12.053960    3.885284   12.053960    1.996730    0.00000000   0.0001   0.4603  1+[ 4, 0, 0]
   5    1    13.110032    4.941355   13.110032    2.048203    0.00000000   0.0002   0.4976  1+[ 4, 0, 0]
   6    1    13.150052  -21.318729  -13.150052    2.050128    1.00000000   0.0002   0.6209  1+[ 2, 1, 1]
   7    1    14.072307    5.903630   14.072307    2.094003    0.00000000   0.0000   0.4622  1+[ 4, 1, 1]
   8    1    18.077511    9.908835   18.077511    2.274749    0.00000000   0.0001   0.4849  1+[ 4, 3, 1]
   9    1    27.279531   19.110855   27.279531    2.643611    0.00000000   0.0001   0.3282  1+[ 8, 0, 0]
  10    1    27.931400   19.762724   27.931400    2.667807    0.00000000   0.0000   0.3601  1+[ 6, 2, 0]
  11    1    28.975750   20.807074   28.975750    2.706121    0.00000000   0.0001   0.4371  1+[ 4, 0, 0]
  12    1    29.280546   21.111869   29.280546    2.717201    0.00000000   0.0001   0.3157  1+[ 4, 4, 0]
  13    1    30.357591   22.188915   30.357591    2.755998    0.00000000   0.0000   0.4999  1+[ 6, 4, 0]
  14    1    32.131299   23.962623   32.131299    2.818725    0.00000000   0.0001   0.2953  1+[ 8, 1, 1]
  15    1    35.212069   27.043393   35.212069    2.924481    0.00000000   0.0000   0.4200  1+[ 6, 3, 1]
  16    1    36.152350  -44.321027  -36.152350    2.956006    1.00000000   0.0001   0.9864  1+[ 0, 0, 0]
  17    1    45.583974   37.415297   45.583974    3.255370    0.00000000   0.0001   0.3776  1+[ 8, 2, 0]
  18    1    49.919644   41.750967   49.919644    3.384112    0.00000000   0.0001   0.3064  1+[ 6, 5, 1]
  19    1    50.956320   42.787644   50.956320    3.414176    0.00000000   0.0000   0.4893  1+[ 8, 4, 0]
  20    1    52.400657   44.231980   52.400657    3.455626    0.00000000   0.0001   0.3740  1+[ 6, 6, 0]
  21    1    53.891258   45.722581   53.891258    3.497889    0.00000000   0.0000   0.4218  1+[ 8, 5, 1]
  22    1    54.947965   46.779289   54.947965    3.527543    0.00000000   0.0001   0.4722  1+[ 6, 0, 0]
  23    1    55.766770   47.598094   55.766770    3.550350    0.00000000   0.0001   0.3605  1+[ 6, 3, 1]
  24    1    56.427411   48.258735   56.427411    3.568646    0.00000000   0.0001   0.3537  1+[ 6, 3, 1]
  25    1    57.127946   48.959270   57.127946    3.587945    0.00000000   0.0001   0.3729  1+[ 6, 5, 1]
  26    2     1.832412   -6.336264    1.832412    1.404184    0.00000000   0.0001   0.5805  1-[ 3, 3, 0]
  27    2     2.122440   -8.168676   -0.000000    1.424399    0.50000000   2.1224   0.5999  1-[ 3, 1, 0]
  28    2     3.997742   -4.170934    3.997742    1.548751    0.00000000   0.0001   0.6364  1-[ 3, 0, 1]
  29    2     7.093104   -1.075573    7.093104    1.734614    0.00000000   0.0001   0.6472  1-[ 3, 2, 1]
  30    2    19.970153   11.801477   19.970153    2.355339    0.00000000   0.0001   0.5640  1-[ 5, 3, 0]
  31    2    20.960746   12.792070   20.960746    2.396439    0.00000000   0.0001   0.4055  1-[ 5, 0, 1]
  32    2    21.460332  -29.629009  -21.460332    2.416901    1.00000000   0.0009   0.7781  1-[ 1, 0, 1]
  33    2    21.502705   13.334028   21.502705    2.418629    0.00000000   0.0009   0.4942  1-[ 5, 5, 0]
  34    2    22.175612   14.006936   22.175612    2.445901    0.00000000   0.0004   0.4284  1-[ 5, 0, 1]
  35    2    24.123056   15.954380   24.123056    2.523167    0.00000000   0.0001   0.3868  1-[ 5, 4, 1]
  36    2    24.554337  -32.723013  -24.554337    2.539961    1.00000000   0.0002   0.7720  1-[ 1, 1, 0]
  37    2    27.812010   19.643333   27.812010    2.663392    0.00000000   0.0000   0.4489  1-[ 5, 2, 1]
  38    2    38.248048   30.079372   38.248048    3.025085    0.00000000   0.0001   0.3894  1-[ 7, 2, 1]
  39    2    40.526754   32.358078   40.526754    3.098450    0.00000000   0.0001   0.3216  1-[ 7, 7, 0]
  40    2    41.678348   33.509671   41.678348    3.134873    0.00000000   0.0000   0.4950  1-[ 7, 4, 1]
  41    2    43.174155   35.005479   43.174155    3.181561    0.00000000   0.0001   0.3514  1-[ 5, 5, 0]
  42    2    45.163631   36.994955   45.163631    3.242616    0.00000000   0.0001   0.3299  1-[ 5, 1, 0]
  43    2    45.314164   37.145488   45.314164    3.247189    0.00000000   0.0001   0.3672  1-[ 5, 0, 1]
  44    2    46.738064   38.569388   46.738064    3.290131    0.00000000   0.0000   0.4685  1-[ 7, 4, 1]
  45    2    47.256202   39.087525   47.256202    3.305619    0.00000000   0.0001   0.3196  1-[ 5, 2, 1]
  46    2    63.775925   55.607249   63.775925    3.766166    0.00000000   0.0001   0.4347  1-[ 9, 7, 0]
  47    2    65.178246   57.009570   65.178246    3.802693    0.00000000   0.0000   0.5059  1-[ 9, 5, 0]
  48    3     6.715727  -14.884403   -6.715727    1.713034    1.00000000   0.0001   0.8672  3+[ 2, 0, 2]
  49    3     8.811287    0.642611    8.811287    1.829653    0.00000000   0.0001   0.5664  3+[ 4, 3, 1]
  50    3    11.989809    3.821132   11.989809    1.993560    0.00000000   0.0001   0.5306  3+[ 4, 1, 1]
  51    3    13.089100  -21.257776  -13.089100    2.047195    1.00000000   0.0001   0.8638  3+[ 2, 1, 1]
  52    3    13.884656    5.715979   13.884656    2.085151    0.00000000   0.0000   0.6531  3+[ 4, 0, 2]
  53    3    18.106352    9.937676   18.106352    2.275998    0.00000000   0.0001   0.6392  3+[ 4, 2, 2]
  54    3    27.265877   19.097200   27.265877    2.643101    0.00000000   0.0001   0.3336  3+[ 6, 1, 1]
  55    3    27.947851   19.779175   27.947851    2.668415    0.00000000   0.0000   0.4233  3+[ 6, 5, 1]
  56    3    29.163605   20.994929   29.163605    2.712955    0.00000000   0.0001   0.4355  3+[ 8, 0, 2]
  57    3    30.337024   22.168347   30.337024    2.755262    0.00000000   0.0000   0.5627  3+[ 6, 3, 1]
  58    3    32.181709   24.013033   32.181709    2.820488    0.00000000   0.0001   0.3714  3+[ 4, 2, 2]
  59    3    35.204893   27.036216   35.204893    2.924239    0.00000000   0.0000   0.4000  3+[ 6, 4, 2]
  60    3    45.595551   37.426875   45.595551    3.255720    0.00000000   0.0001   0.3448  3+[ 8, 7, 1]
  61    3    49.961542   41.792866   49.961542    3.385333    0.00000000   0.0001   0.3680  3+[ 6, 5, 1]
  62    3    50.936303   42.767627   50.936303    3.413598    0.00000000   0.0000   0.4784  3+[ 8, 5, 1]
  63    3    52.412752   44.244076   52.412752    3.455971    0.00000000   0.0001   0.3730  3+[ 6, 3, 1]
  64    3    53.886378   45.717702   53.886378    3.497751    0.00000000   0.0000   0.4787  3+[ 8, 4, 2]
  65    3    55.694061   47.525385   55.694061    3.548331    0.00000000   0.0001   0.5448  3+[ 6, 0, 2]
  66    3    56.470424   48.301748   56.470424    3.569834    0.00000000   0.0001   0.3588  3+[ 6, 4, 2]
  67    3    57.177989   49.009313   57.177989    3.589319    0.00000000   0.0001   0.3927  3+[ 6, 4, 2]
  68    4     1.642173   -6.526503    1.642173    1.390765    0.00000000   0.0001   0.8177  3-[ 3, 0, 1]
  69    4     2.012928  -10.181604   -2.012928    1.416800    1.00000000   0.0001   0.7155  3-[ 3, 2, 1]
  70    4     7.092881   -1.075796    7.092881    1.734602    0.00000000   0.0001   0.7900  3-[ 3, 1, 2]
  71    4    19.988732   11.820055   19.988732    2.356116    0.00000000   0.0001   0.6175  3-[ 5, 2, 1]
  72    4    20.915939   12.747262   20.915939    2.394595    0.00000000   0.0001   0.6085  3-[ 5, 0, 1]
  73    4    21.465332   13.296656   21.465332    2.417105    0.00000000   0.0000   0.5602  3-[ 5, 4, 1]
  74    4    24.085617   15.916940   24.085617    2.521704    0.00000000   0.0001   0.4873  3-[ 5, 1, 2]
  75    4    24.660913  -32.829589  -24.660913    2.544094    1.00000000   0.0001   0.9852  3-[ 1, 0, 1]
  76    4    27.809225   19.640549   27.809225    2.663289    0.00000000   0.0000   0.5284  3-[ 5, 3, 2]
  77    4    38.274764   30.106088   38.274764    3.025956    0.00000000   0.0001   0.4517  3-[ 7, 2, 1]
  78    4    40.564914   32.396238   40.564914    3.099664    0.00000000   0.0001   0.3483  3-[ 7, 6, 1]
  79    4    41.650799   33.482123   41.650799    3.134007    0.00000000   0.0000   0.5559  3-[ 7, 4, 1]
  80    4    43.094798   34.926122   43.094798    3.179101    0.00000000   0.0001   0.5093  3-[ 5, 0, 1]
  81    4    45.126441   36.957765   45.126441    3.241485    0.00000000   0.0001   0.4171  3-[ 5, 1, 2]
  82    4    46.731900   38.563223   46.731900    3.289946    0.00000000   0.0000   0.4917  3-[ 7, 3, 2]
  83    4    47.336016   39.167339   47.336016    3.307998    0.00000000   0.0001   0.3614  3-[ 5, 3, 2]
  84    4    63.807521   55.638844   63.807521    3.766993    0.00000000   0.0001   0.4454  3-[ 9, 2, 1]
  85    4    65.159565   56.990888   65.159565    3.802209    0.00000000   0.0000   0.5153  3-[ 9, 4, 1]
  86    5     8.792256    0.623579    8.792256    1.828627    0.00000000   0.0001   0.7783  5+[ 4, 2, 2]
  87    5    11.827253    3.658576   11.827253    1.985506    0.00000000   0.0001   0.7837  5+[ 4, 0, 2]
  88    5    13.272236  -21.440913  -13.272236    2.055995    1.00000000   0.0001   0.9791  5+[ 2, 0, 2]
  89    5    18.021899    9.853223   18.021899    2.272338    0.00000000   0.0001   0.7434  5+[ 4, 1, 3]
  90    5    27.188244   19.019568   27.188244    2.640205    0.00000000   0.0001   0.5190  5+[ 8, 0, 2]
  91    5    27.945048   19.776371   27.945048    2.668311    0.00000000   0.0000   0.4242  5+[ 6, 4, 2]
  92    5    30.293854   22.125178   30.293854    2.753717    0.00000000   0.0000   0.5407  5+[ 6, 4, 2]
  93    5    32.135926   23.967250   32.135926    2.818887    0.00000000   0.0001   0.4320  5+[ 4, 1, 3]
  94    5    35.186951   27.018275   35.186951    2.923635    0.00000000   0.0000   0.5176  5+[ 6, 3, 3]
  95    5    45.602624   37.433947   45.602624    3.255934    0.00000000   0.0001   0.4483  5+[ 8, 6, 2]
  96    5    49.968637   41.799961   49.968637    3.385539    0.00000000   0.0001   0.3908  5+[ 6, 4, 2]
  97    5    50.898269   42.729593   50.898269    3.412500    0.00000000   0.0000   0.5531  5+[ 8, 4, 2]
  98    5    52.320398   44.151721   52.320398    3.453336    0.00000000   0.0001   0.5903  5+[ 6, 0, 2]
  99    5    53.876455   45.707778   53.876455    3.497472    0.00000000   0.0000   0.4759  5+[ 8, 3, 3]
 100    5    56.519660   48.350984   56.519660    3.571193    0.00000000   0.0001   0.4724  5+[ 6, 3, 3]
 101    5    57.081717   48.913040   57.081717    3.586674    0.00000000   0.0001   0.5369  5+[ 6, 1, 3]
 102    6     2.124815  -10.293492   -2.124815    1.424563    1.00000000   0.0001   0.8995  5-[ 3, 1, 2]
 103    6     6.903966   -1.264710    6.903966    1.723832    0.00000000   0.0001   0.8708  5-[ 3, 0, 3]
 104    6    19.968054   11.799377   19.968054    2.355251    0.00000000   0.0001   0.6405  5-[ 5, 3, 2]
 105    6    21.366583   13.197907   21.366583    2.413075    0.00000000   0.0000   0.5680  5-[ 5, 1, 2]
 106    6    23.962780   15.794104   23.962780    2.516898    0.00000000   0.0000   0.6209  5-[ 5, 0, 3]
 107    6    27.777699   19.609023   27.777699    2.662122    0.00000000   0.0000   0.6486  5-[ 5, 2, 3]
 108    6    38.295653   30.126977   38.295653    3.026636    0.00000000   0.0001   0.4915  5-[ 7, 5, 2]
 109    6    40.489301   32.320624   40.489301    3.097258    0.00000000   0.0001   0.4023  5-[ 7, 1, 2]
 110    6    41.597894   33.429218   41.597894    3.132342    0.00000000   0.0000   0.5819  5-[ 7, 3, 2]
 111    6    44.951413   36.782737   44.951413    3.236158    0.00000000   0.0001   0.5335  5-[ 5, 0, 3]
 112    6    46.717463   38.548787   46.717463    3.289514    0.00000000   0.0000   0.5344  5-[ 7, 4, 3]
 113    6    47.392972   39.224296   47.392972    3.309695    0.00000000   0.0001   0.4506  5-[ 5, 2, 3]
 114    6    63.853178   55.684502   63.853178    3.768188    0.00000000   0.0001   0.5020  5-[ 9, 7, 2]
 115    6    65.123357   56.954681   65.123357    3.801270    0.00000000   0.0000   0.5536  5-[ 9, 5, 2]
 116    7     8.627245    0.458569    8.627245    1.819710    0.00000000   0.0001   0.9141  7+[ 4, 1, 3]
 117    7    17.922689    9.754013   17.922689    2.268030    0.00000000   0.0001   0.8005  7+[ 4, 0, 4]
 118    7    27.896364   19.727687   27.896364    2.666512    0.00000000   0.0000   0.5782  7+[ 6, 1, 3]
 119    7    30.223221   22.054545   30.223221    2.751187    0.00000000   0.0001   0.6934  7+[ 6, 3, 3]
 120    7    32.066826   23.898150   32.066826    2.816470    0.00000000   0.0001   0.5130  7+[ 8, 0, 4]
 121    7    35.154552   26.985875   35.154552    2.922542    0.00000000   0.0000   0.6119  7+[ 6, 2, 4]
 122    7    45.584442   37.415765   45.584442    3.255384    0.00000000   0.0001   0.4793  7+[ 8, 5, 3]
 123    7    49.871066   41.702390   49.871066    3.382697    0.00000000   0.0001   0.5081  7+[ 6, 1, 3]
 124    7    50.846265   42.677589   50.846265    3.410997    0.00000000   0.0000   0.5524  7+[ 8, 3, 3]
 125    7    53.861494   45.692818   53.861494    3.497050    0.00000000   0.0000   0.5555  7+[ 8, 4, 4]
 126    7    56.520476   48.351799   56.520476    3.571216    0.00000000   0.0001   0.5492  7+[ 6, 2, 4]
 127    7    56.944155   48.775479   56.944155    3.582891    0.00000000   0.0001   0.6390  7+[ 6, 0, 4]
 128    8     2.284832  -10.453508   -2.284832    1.435593    1.00000000   0.0001   0.9772  7-[ 3, 0, 3]
 129    8    19.870962   11.702285   19.870962    2.351184    0.00000000   0.0001   0.8130  7-[ 5, 2, 3]
 130    8    21.275065   13.106388   21.275065    2.409333    0.00000000   0.0000   0.7489  7-[ 5, 0, 3]
 131    8    27.699520   19.530843   27.699520    2.659225    0.00000000   0.0000   0.7317  7-[ 5, 1, 4]
 132    8    38.274987   30.106311   38.274987    3.025963    0.00000000   0.0001   0.4777  7-[ 7, 2, 3]
 133    8    40.383021   32.214345   40.383021    3.093874    0.00000000   0.0001   0.5778  7-[ 7, 0, 3]
 134    8    41.523666   33.354989   41.523666    3.130005    0.00000000   0.0000   0.6061  7-[ 7, 4, 3]
 135    8    46.692969   38.524293   46.692969    3.288780    0.00000000   0.0000   0.6521  7-[ 7, 3, 4]
 136    8    47.331979   39.163303   47.331979    3.307877    0.00000000   0.0001   0.5078  7-[ 5, 1, 4]
 137    8    63.885069   55.716393   63.885069    3.769022    0.00000000   0.0001   0.5900  7-[ 9, 6, 3]
 138    8    65.071486   56.902809   65.071486    3.799925    0.00000000   0.0000   0.6065  7-[ 9, 4, 3]
 139    9     8.503843    0.335166    8.503843    1.813013    0.00000000   0.0001   0.9727  9+[ 4, 0, 4]
 140    9    27.858616   19.689939   27.858616    2.665116    0.00000000   0.0000   0.6885  9+[ 6, 0, 4]
 141    9    30.125519   21.956843   30.125519    2.747684    0.00000000   0.0001   0.8144  9+[ 6, 2, 4]
 142    9    35.112593   26.943917   35.112593    2.921126    0.00000000   0.0000   0.6762  9+[ 6, 1, 5]
 143    9    45.530169   37.361493   45.530169    3.253740    0.00000000   0.0001   0.4949  9+[ 8, 2, 4]
 144    9    49.795109   41.626433   49.795109    3.380483    0.00000000   0.0001   0.6091  9+[ 6, 0, 4]
 145    9    50.785528   42.616851   50.785528    3.409241    0.00000000   0.0000   0.6189  9+[ 8, 4, 4]
 146    9    53.842006   45.673330   53.842006    3.496501    0.00000000   0.0000   0.6567  9+[ 8, 3, 5]
 147    9    56.457942   48.289266   56.457942    3.569489    0.00000000   0.0001   0.5986  9+[ 6, 1, 5]
 148   10    19.715338   11.546662   19.715338    2.344650    0.00000000   0.0001   0.9234  9-[ 5, 1, 4]
 149   10    27.642377   19.473700   27.642377    2.657106    0.00000000   0.0000   0.7750  9-[ 5, 0, 5]
 150   10    38.209320   30.040644   38.209320    3.023823    0.00000000   0.0001   0.6900  9-[ 7, 1, 4]
 151   10    41.433447   33.264770   41.433447    3.127163    0.00000000   0.0000   0.7439  9-[ 7, 3, 4]
 152   10    46.658742   38.490066   46.658742    3.287754    0.00000000   0.0000   0.7371  9-[ 7, 2, 5]
 153   10    47.294347   39.125671   47.294347    3.306756    0.00000000   0.0001   0.5692  9-[ 7, 0, 5]
 154   10    63.877758   55.709082   63.877758    3.768830    0.00000000   0.0001   0.6036  9-[ 9, 5, 4]
 155   10    65.006107   56.837431   65.006107    3.798228    0.00000000   0.0000   0.6029  9-[ 9, 3, 4]
 156   11    30.016544   21.847867   30.016544    2.743772    0.00000000   0.0001   0.8948 11+[ 6, 1, 5]
 157   11    35.085411   26.916735   35.085411    2.920209    0.00000000   0.0000   0.7087 11+[ 6, 0, 6]
 158   11    45.453644   37.284967   45.453644    3.251421    0.00000000   0.0001   0.6698 11+[ 8, 1, 5]
 159   11    50.721399   42.552723   50.721399    3.407387    0.00000000   0.0000   0.7372 11+[ 8, 3, 5]
 160   11    53.819419   45.650742   53.819419    3.495864    0.00000000   0.0000   0.7354 11+[ 8, 2, 6]
 161   11    56.440985   48.272309   56.440985    3.569021    0.00000000   0.0001   0.6263 11+[ 6, 0, 6]
 162   12    19.615778   11.447101   19.615778    2.340460    0.00000000   0.0001   0.9708 11-[ 5, 0, 5]
 163   12    38.176077   30.007401   38.176077    3.022739    0.00000000   0.0001   0.7959 11-[ 7, 0, 5]
 164   12    41.335340   33.166664   41.335340    3.124069    0.00000000   0.0000   0.8507 11-[ 7, 2, 5]
 165   12    46.619535   38.450859   46.619535    3.286578    0.00000000   0.0000   0.7984 11-[ 7, 1, 6]
 166   12    63.822754   55.654078   63.822754    3.767392    0.00000000   0.0001   0.6271 11-[ 9, 2, 5]
 167   12    64.930186   56.761510   64.930186    3.796258    0.00000000   0.0000   0.6947 11-[ 9, 4, 5]
 168   13    29.946318   21.777642   29.946318    2.741248    0.00000000   0.0001   0.9335 13+[ 6, 0, 6]
 169   13    45.418079   37.249403   45.418079    3.250342    0.00000000   0.0001   0.7570 13+[ 8, 0, 6]
 170   13    50.659175   42.490499   50.659175    3.405586    0.00000000   0.0000   0.8278 13+[ 8, 2, 6]
 171   13    53.797546   45.628869   53.797546    3.495247    0.00000000   0.0000   0.7891 13+[ 8, 1, 7]
 172   14    41.241835   33.073158   41.241835    3.121117    0.00000000   0.0000   0.9205 13-[ 7, 1, 6]
 173   14    46.597864   38.429187   46.597864    3.285928    0.00000000   0.0000   0.8302 13-[ 7, 0, 7]
 174   14    63.745494   55.576817   63.745494    3.765369    0.00000000   0.0001   0.8234 13-[ 9, 1, 6]
 175   14    64.848786   56.680110   64.848786    3.794143    0.00000000   0.0000   0.8195 13-[ 9, 3, 6]
 176   15    50.603544   42.434868   50.603544    3.403975    0.00000000   0.0000   0.8873 15+[ 8, 1, 7]
 177   15    53.784814   45.616138   53.784814    3.494888    0.00000000   0.0000   0.8162 15+[ 8, 0, 8]
 178   16    41.174878   33.006202   41.174878    3.119001    0.00000000   0.0000   0.9544 15-[ 7, 0, 7]
 179   16    63.735047   55.566371   63.735047    3.765096    0.00000000   0.0001   0.9247 15-[ 9, 0, 7]
 180   16    64.769115   56.600439   64.769115    3.792073    0.00000000   0.0000   0.9153 15-[ 9, 2, 7]
 181   17    50.558036   42.389359   50.558036    3.402657    0.00000000   0.0000   0.9162 17+[ 8, 0, 8]
 182   18    64.698717   56.530041   64.698717    3.790242    0.00000000   0.0000   0.9725 17-[ 9, 1, 8]
 183   20    64.647100   56.478423   64.647100    3.788900    0.00000000   0.0000   1.0000 19-[ 9, 0, 9]
#all active are  183 q.p. states out of  286
#since the cut off is pwi=  60.0
#check: number of neutrons=  27.0


 #canonical s.p. energies neutrons
 ---------------------------------


  labels -> {2*omega}{parity}[nn=nz+2*nr+nl,nz,nl]
  cqpe   -> canonical q.p. energies
  ce     -> canonical s.p. energies
  fermi energy=  -10.181604177933211     
  average cdelt=   7.5288332678566405E-005
  k0      ceqp        ce         v*v       u*v        cdel     overl      labels
   1   -1.643534  -14.693819   1.00000000   0.00000571  -0.0000   0.7593  1+[ 2, 1, 1]
   2    0.499466  -16.836819   1.00000000   0.00001652  -0.0000   0.7624  1+[ 2, 0, 0]
   3    0.591753    0.591753   0.00000000   0.00001625  -0.0000   0.6167  1+[ 4, 2, 0]
   4    3.885284    3.885284   0.00000000   0.00000367  -0.0000   0.4603  1+[ 4, 0, 0]
   5    4.941355    4.941355   0.00000000   0.00000710  -0.0000   0.4976  1+[ 4, 0, 0]
   6    4.981376  -21.318729   1.00000000   0.00000784  -0.0000   0.6209  1+[ 2, 1, 1]
   7    5.903630    5.903630   0.00000000   0.00000164  -0.0000   0.4622  1+[ 4, 1, 1]
   8    9.908835    9.908835   0.00000000   0.00000152  -0.0000   0.4849  1+[ 4, 3, 1]
   9   19.110855   19.110855   0.00000000   0.00000113  -0.0000   0.3282  1+[ 8, 0, 0]
  10   19.762724   19.762724   0.00000000   0.00000075  -0.0000   0.3601  1+[ 6, 2, 0]
  11   20.807074   20.807074   0.00000000   0.00000099  -0.0000   0.4371  1+[ 4, 0, 0]
  12   21.111869   21.111869   0.00000000   0.00000099  -0.0000   0.3157  1+[ 4, 4, 0]
  13   22.188915   22.188915   0.00000000   0.00000080  -0.0000   0.4999  1+[ 6, 4, 0]
  14   23.962623   23.962623   0.00000000   0.00000086  -0.0000   0.2953  1+[ 8, 1, 1]
  15   27.043393   27.043393   0.00000000   0.00000042  -0.0000   0.4200  1+[ 6, 3, 1]
  16   27.983674  -44.321027   1.00000000   0.00000109  -0.0000   0.9864  1+[ 0, 0, 0]
  17   37.415297   37.415297   0.00000000   0.00000060  -0.0000   0.3776  1+[ 8, 2, 0]
  18   41.750967   41.750967   0.00000000   0.00000052  -0.0000   0.3064  1+[ 6, 5, 1]
  19   42.787644   42.787644   0.00000000   0.00000028  -0.0000   0.4893  1+[ 8, 4, 0]
  20   44.231980   44.231980   0.00000000   0.00000058  -0.0000   0.3740  1+[ 6, 6, 0]
  21   45.722581   45.722581   0.00000000   0.00000019  -0.0000   0.4218  1+[ 8, 5, 1]
  22   46.779289   46.779289   0.00000000   0.00000061  -0.0000   0.4722  1+[ 6, 0, 0]
  23   47.598094   47.598094   0.00000000   0.00000056  -0.0000   0.3605  1+[ 6, 3, 1]
  24   48.258735   48.258735   0.00000000   0.00000055  -0.0000   0.3537  1+[ 6, 3, 1]
  25   48.959270   48.959270   0.00000000   0.00000048  -0.0000   0.3729  1+[ 6, 5, 1]
  26    0.000000    0.000000   0.00000000   0.00000000  -0.0000   0.0000  1+[10, 0, 0]
  27    0.000000    0.000000   0.00000000   0.00000000  -0.0000   0.0000  1+[10, 0, 0]
  28    0.000000    0.000000   0.00000000   0.00000000  -0.0000   0.0000  1+[10, 0, 0]
  29    0.000000    0.000000   0.00000000   0.00000000  -0.0000   0.0000  1+[10, 0, 0]
  30    0.000000    0.000000   0.00000000   0.00000000  -0.0000   0.0000  1+[10, 0, 0]
  31    0.000000    0.000000   0.00000000   0.00000000  -0.0000   0.0000  1+[10, 0, 0]
  32    0.000000    0.000000   0.00000000   0.00000000  -0.0000   0.0000  1+[10, 0, 0]
  33    0.000000    0.000000   0.00000000   0.00000000  -0.0000   0.0000  1+[10, 0, 0]
  34    0.000000    0.000000   0.00000000   0.00000000  -0.0000   0.0000  1+[10, 0, 0]
  35    0.000000    0.000000   0.00000000   0.00000000  -0.0000   0.0000  1+[10, 0, 0]
  36    0.000000    0.000000   0.00000000   0.00000000  -0.0000   0.0000  1+[10, 0, 0]
  37   -6.336264   -6.336264   0.00000000   0.00001807  -0.0000   0.5805  1-[ 3, 3, 0]
  38   -6.046236  -10.291117   1.00000000   0.00001781  -0.0000   0.5999  1-[ 3, 1, 0]
  39   -4.170934   -4.170934   0.00000000   0.00000781  -0.0000   0.6364  1-[ 3, 0, 1]
  40   -1.075573   -1.075573   0.00000000   0.00000479  -0.0000   0.6472  1-[ 3, 2, 1]
  41   11.801477   11.801477   0.00000000   0.00000164  -0.0000   0.5640  1-[ 5, 3, 0]
  42   12.792070   12.792070   0.00000000   0.00000219  -0.0000   0.4055  1-[ 5, 0, 1]
  43   13.291656  -29.629009   1.00000000   0.00002180  -0.0000   0.7781  1-[ 1, 0, 1]
  44   13.334028   13.334028   0.00000000   0.00002014  -0.0000   0.4942  1-[ 5, 5, 0]
  45   14.006936   14.006936   0.00000000   0.00000829  -0.0000   0.4284  1-[ 5, 0, 1]
  46   15.954380   15.954380   0.00000000   0.00000297  -0.0000   0.3868  1-[ 5, 4, 1]
  47   16.385660  -32.723013   1.00000000   0.00000361  -0.0000   0.7720  1-[ 1, 1, 0]
  48   19.643333   19.643333   0.00000000   0.00000078  -0.0000   0.4489  1-[ 5, 2, 1]
  49   30.079372   30.079372   0.00000000   0.00000066  -0.0000   0.3894  1-[ 7, 2, 1]
  50   32.358078   32.358078   0.00000000   0.00000070  -0.0000   0.3216  1-[ 7, 7, 0]
  51   33.509671   33.509671   0.00000000   0.00000051  -0.0000   0.4950  1-[ 7, 4, 1]
  52   35.005479   35.005479   0.00000000   0.00000067  -0.0000   0.3514  1-[ 5, 5, 0]
  53   36.994955   36.994955   0.00000000   0.00000065  -0.0000   0.3299  1-[ 5, 1, 0]
  54   37.145488   37.145488   0.00000000   0.00000065  -0.0000   0.3672  1-[ 5, 0, 1]
  55   38.569388   38.569388   0.00000000   0.00000032  -0.0000   0.4685  1-[ 7, 4, 1]
  56   39.087525   39.087525   0.00000000   0.00000069  -0.0000   0.3196  1-[ 5, 2, 1]
  57   55.607249   55.607249   0.00000000   0.00000051  -0.0000   0.4347  1-[ 9, 7, 0]
  58   57.009570   57.009570   0.00000000   0.00000027  -0.0000   0.5059  1-[ 9, 5, 0]
  59    0.000000    0.000000   0.00000000   0.00000000  -0.0000   0.0000  1-[ 9, 1, 0]
  60    0.000000    0.000000   0.00000000   0.00000000  -0.0000   0.0000  1-[ 9, 1, 0]
  61    0.000000    0.000000   0.00000000   0.00000000  -0.0000   0.0000  1-[ 9, 1, 0]
  62    0.000000    0.000000   0.00000000   0.00000000  -0.0000   0.0000  1-[ 9, 1, 0]
  63    0.000000    0.000000   0.00000000   0.00000000  -0.0000   0.0000  1-[ 9, 1, 0]
  64    0.000000    0.000000   0.00000000   0.00000000  -0.0000   0.0000  1-[ 9, 1, 0]
  65    0.000000    0.000000   0.00000000   0.00000000  -0.0000   0.0000  1-[ 9, 1, 0]
  66    0.000000    0.000000   0.00000000   0.00000000  -0.0000   0.0000  1-[ 9, 1, 0]
  67   -1.452949  -14.884403   1.00000000   0.00000582  -0.0000   0.8672  3+[ 2, 0, 2]
  68    0.642611    0.642611   0.00000000   0.00000398  -0.0000   0.5664  3+[ 4, 3, 1]
  69    3.821132    3.821132   0.00000000   0.00000381  -0.0000   0.5306  3+[ 4, 1, 1]
  70    4.920423  -21.257776   1.00000000   0.00000448  -0.0000   0.8638  3+[ 2, 1, 1]
  71    5.715979    5.715979   0.00000000   0.00000175  -0.0000   0.6531  3+[ 4, 0, 2]
  72    9.937676    9.937676   0.00000000   0.00000153  -0.0000   0.6392  3+[ 4, 2, 2]
  73   19.097200   19.097200   0.00000000   0.00000115  -0.0000   0.3336  3+[ 6, 1, 1]
  74   19.779175   19.779175   0.00000000   0.00000077  -0.0000   0.4233  3+[ 6, 5, 1]
  75   20.994929   20.994929   0.00000000   0.00000105  -0.0000   0.4355  3+[ 8, 0, 2]
  76   22.168347   22.168347   0.00000000   0.00000080  -0.0000   0.5627  3+[ 6, 3, 1]
  77   24.013033   24.013033   0.00000000   0.00000087  -0.0000   0.3714  3+[ 4, 2, 2]
  78   27.036216   27.036216   0.00000000   0.00000039  -0.0000   0.4000  3+[ 6, 4, 2]
  79   37.426875   37.426875   0.00000000   0.00000061  -0.0000   0.3448  3+[ 8, 7, 1]
  80   41.792866   41.792866   0.00000000   0.00000053  -0.0000   0.3680  3+[ 6, 5, 1]
  81   42.767627   42.767627   0.00000000   0.00000028  -0.0000   0.4784  3+[ 8, 5, 1]
  82   44.244076   44.244076   0.00000000   0.00000060  -0.0000   0.3730  3+[ 6, 3, 1]
  83   45.717702   45.717702   0.00000000   0.00000019  -0.0000   0.4787  3+[ 8, 4, 2]
  84   47.525385   47.525385   0.00000000   0.00000059  -0.0000   0.5448  3+[ 6, 0, 2]
  85   48.301748   48.301748   0.00000000   0.00000056  -0.0000   0.3588  3+[ 6, 4, 2]
  86   49.009313   49.009313   0.00000000   0.00000050  -0.0000   0.3927  3+[ 6, 4, 2]
  87    0.000000    0.000000   0.00000000   0.00000000  -0.0000   0.0000  3+[10, 1, 1]
  88    0.000000    0.000000   0.00000000   0.00000000  -0.0000   0.0000  3+[10, 1, 1]
  89    0.000000    0.000000   0.00000000   0.00000000  -0.0000   0.0000  3+[10, 1, 1]
  90    0.000000    0.000000   0.00000000   0.00000000  -0.0000   0.0000  3+[10, 1, 1]
  91    0.000000    0.000000   0.00000000   0.00000000  -0.0000   0.0000  3+[10, 1, 1]
  92    0.000000    0.000000   0.00000000   0.00000000  -0.0000   0.0000  3+[10, 1, 1]
  93    0.000000    0.000000   0.00000000   0.00000000  -0.0000   0.0000  3+[10, 1, 1]
  94    0.000000    0.000000   0.00000000   0.00000000  -0.0000   0.0000  3+[10, 1, 1]
  95    0.000000    0.000000   0.00000000   0.00000000  -0.0000   0.0000  3+[10, 1, 1]
  96    0.000000    0.000000   0.00000000   0.00000000  -0.0000   0.0000  3+[10, 1, 1]
  97   -6.526503   -6.526503   0.00000000   0.00002031  -0.0000   0.8177  3-[ 3, 0, 1]
  98   -6.155749  -10.181604   1.00000000   0.00001874  -0.0000   0.7155  3-[ 3, 2, 1]
  99   -1.075796   -1.075796   0.00000000   0.00000500  -0.0000   0.7900  3-[ 3, 1, 2]
 100   11.820055   11.820055   0.00000000   0.00000155  -0.0000   0.6175  3-[ 5, 2, 1]
 101   12.747262   12.747262   0.00000000   0.00000216  -0.0000   0.6085  3-[ 5, 0, 1]
 102   13.296656   13.296656   0.00000000   0.00000108  -0.0000   0.5602  3-[ 5, 4, 1]
 103   15.916940   15.916940   0.00000000   0.00000134  -0.0000   0.4873  3-[ 5, 1, 2]
 104   16.492236  -32.829589   1.00000000   0.00000248  -0.0000   0.9852  3-[ 1, 0, 1]
 105   19.640549   19.640549   0.00000000   0.00000077  -0.0000   0.5284  3-[ 5, 3, 2]
 106   30.106088   30.106088   0.00000000   0.00000067  -0.0000   0.4517  3-[ 7, 2, 1]
 107   32.396238   32.396238   0.00000000   0.00000072  -0.0000   0.3483  3-[ 7, 6, 1]
 108   33.482123   33.482123   0.00000000   0.00000051  -0.0000   0.5559  3-[ 7, 4, 1]
 109   34.926122   34.926122   0.00000000   0.00000070  -0.0000   0.5093  3-[ 5, 0, 1]
 110   36.957765   36.957765   0.00000000   0.00000067  -0.0000   0.4171  3-[ 5, 1, 2]
 111   38.563223   38.563223   0.00000000   0.00000032  -0.0000   0.4917  3-[ 7, 3, 2]
 112   39.167339   39.167339   0.00000000   0.00000070  -0.0000   0.3614  3-[ 5, 3, 2]
 113   55.638844   55.638844   0.00000000   0.00000051  -0.0000   0.4454  3-[ 9, 2, 1]
 114   56.990888   56.990888   0.00000000   0.00000027  -0.0000   0.5153  3-[ 9, 4, 1]
 115    0.000000    0.000000   0.00000000   0.00000000  -0.0000   0.0000  3-[ 9, 0, 1]
 116    0.000000    0.000000   0.00000000   0.00000000  -0.0000   0.0000  3-[ 9, 0, 1]
 117    0.000000    0.000000   0.00000000   0.00000000  -0.0000   0.0000  3-[ 9, 0, 1]
 118    0.000000    0.000000   0.00000000   0.00000000  -0.0000   0.0000  3-[ 9, 0, 1]
 119    0.000000    0.000000   0.00000000   0.00000000  -0.0000   0.0000  3-[ 9, 0, 1]
 120    0.000000    0.000000   0.00000000   0.00000000  -0.0000   0.0000  3-[ 9, 0, 1]
 121    0.000000    0.000000   0.00000000   0.00000000  -0.0000   0.0000  3-[ 9, 0, 1]
 122    0.623579    0.623579   0.00000000   0.00000409  -0.0000   0.7783  5+[ 4, 2, 2]
 123    3.658576    3.658576   0.00000000   0.00000331  -0.0000   0.7837  5+[ 4, 0, 2]
 124    5.103560  -21.440913   1.00000000   0.00000402  -0.0000   0.9791  5+[ 2, 0, 2]
 125    9.853223    9.853223   0.00000000   0.00000157  -0.0000   0.7434  5+[ 4, 1, 3]
 126   19.019568   19.019568   0.00000000   0.00000118  -0.0000   0.5190  5+[ 8, 0, 2]
 127   19.776371   19.776371   0.00000000   0.00000080  -0.0000   0.4242  5+[ 6, 4, 2]
 128   22.125178   22.125178   0.00000000   0.00000082  -0.0000   0.5407  5+[ 6, 4, 2]
 129   23.967250   23.967250   0.00000000   0.00000089  -0.0000   0.4320  5+[ 4, 1, 3]
 130   27.018275   27.018275   0.00000000   0.00000040  -0.0000   0.5176  5+[ 6, 3, 3]
 131   37.433947   37.433947   0.00000000   0.00000062  -0.0000   0.4483  5+[ 8, 6, 2]
 132   41.799961   41.799961   0.00000000   0.00000054  -0.0000   0.3908  5+[ 6, 4, 2]
 133   42.729593   42.729593   0.00000000   0.00000028  -0.0000   0.5531  5+[ 8, 4, 2]
 134   44.151721   44.151721   0.00000000   0.00000062  -0.0000   0.5903  5+[ 6, 0, 2]
 135   45.707778   45.707778   0.00000000   0.00000020  -0.0000   0.4759  5+[ 8, 3, 3]
 136   48.350984   48.350984   0.00000000   0.00000057  -0.0000   0.4724  5+[ 6, 3, 3]
 137   48.913040   48.913040   0.00000000   0.00000051  -0.0000   0.5369  5+[ 6, 1, 3]
 138    0.000000    0.000000   0.00000000   0.00000000  -0.0000   0.0000  5+[10, 0, 2]
 139    0.000000    0.000000   0.00000000   0.00000000  -0.0000   0.0000  5+[10, 0, 2]
 140    0.000000    0.000000   0.00000000   0.00000000  -0.0000   0.0000  5+[10, 0, 2]
 141    0.000000    0.000000   0.00000000   0.00000000  -0.0000   0.0000  5+[10, 0, 2]
 142    0.000000    0.000000   0.00000000   0.00000000  -0.0000   0.0000  5+[10, 0, 2]
 143    0.000000    0.000000   0.00000000   0.00000000  -0.0000   0.0000  5+[10, 0, 2]
 144    0.000000    0.000000   0.00000000   0.00000000  -0.0000   0.0000  5+[10, 0, 2]
 145    0.000000    0.000000   0.00000000   0.00000000  -0.0000   0.0000  5+[10, 0, 2]
 146    0.000000    0.000000   0.00000000   0.00000000  -0.0000   0.0000  5+[10, 0, 2]
 147   -6.043861  -10.293492   1.00000000   0.00001819  -0.0000   0.8995  5-[ 3, 1, 2]
 148   -1.264710   -1.264710   0.00000000   0.00000526  -0.0000   0.8708  5-[ 3, 0, 3]
 149   11.799377   11.799377   0.00000000   0.00000159  -0.0000   0.6405  5-[ 5, 3, 2]
 150   13.197907   13.197907   0.00000000   0.00000110  -0.0000   0.5680  5-[ 5, 1, 2]
 151   15.794104   15.794104   0.00000000   0.00000100  -0.0000   0.6209  5-[ 5, 0, 3]
 152   19.609023   19.609023   0.00000000   0.00000079  -0.0000   0.6486  5-[ 5, 2, 3]
 153   30.126977   30.126977   0.00000000   0.00000068  -0.0000   0.4915  5-[ 7, 5, 2]
 154   32.320624   32.320624   0.00000000   0.00000074  -0.0000   0.4023  5-[ 7, 1, 2]
 155   33.429218   33.429218   0.00000000   0.00000052  -0.0000   0.5819  5-[ 7, 3, 2]
 156   36.782737   36.782737   0.00000000   0.00000070  -0.0000   0.5335  5-[ 5, 0, 3]
 157   38.548787   38.548787   0.00000000   0.00000033  -0.0000   0.5344  5-[ 7, 4, 3]
 158   39.224296   39.224296   0.00000000   0.00000072  -0.0000   0.4506  5-[ 5, 2, 3]
 159   55.684502   55.684502   0.00000000   0.00000052  -0.0000   0.5020  5-[ 9, 7, 2]
 160   56.954681   56.954681   0.00000000   0.00000027  -0.0000   0.5536  5-[ 9, 5, 2]
 161    0.000000    0.000000   0.00000000   0.00000000  -0.0000   0.0000  5-[ 9, 1, 2]
 162    0.000000    0.000000   0.00000000   0.00000000  -0.0000   0.0000  5-[ 9, 1, 2]
 163    0.000000    0.000000   0.00000000   0.00000000  -0.0000   0.0000  5-[ 9, 1, 2]
 164    0.000000    0.000000   0.00000000   0.00000000  -0.0000   0.0000  5-[ 9, 1, 2]
 165    0.000000    0.000000   0.00000000   0.00000000  -0.0000   0.0000  5-[ 9, 1, 2]
 166    0.000000    0.000000   0.00000000   0.00000000  -0.0000   0.0000  5-[ 9, 1, 2]
 167    0.458569    0.458569   0.00000000   0.00000421  -0.0000   0.9141  7+[ 4, 1, 3]
 168    9.754013    9.754013   0.00000000   0.00000160  -0.0000   0.8005  7+[ 4, 0, 4]
 169   19.727687   19.727687   0.00000000   0.00000081  -0.0000   0.5782  7+[ 6, 1, 3]
 170   22.054545   22.054545   0.00000000   0.00000084  -0.0000   0.6934  7+[ 6, 3, 3]
 171   23.898150   23.898150   0.00000000   0.00000090  -0.0000   0.5130  7+[ 8, 0, 4]
 172   26.985875   26.985875   0.00000000   0.00000041  -0.0000   0.6119  7+[ 6, 2, 4]
 173   37.415765   37.415765   0.00000000   0.00000063  -0.0000   0.4793  7+[ 8, 5, 3]
 174   41.702390   41.702390   0.00000000   0.00000055  -0.0000   0.5081  7+[ 6, 1, 3]
 175   42.677589   42.677589   0.00000000   0.00000029  -0.0000   0.5524  7+[ 8, 3, 3]
 176   45.692818   45.692818   0.00000000   0.00000020  -0.0000   0.5555  7+[ 8, 4, 4]
 177   48.351799   48.351799   0.00000000   0.00000058  -0.0000   0.5492  7+[ 6, 2, 4]
 178   48.775479   48.775479   0.00000000   0.00000052  -0.0000   0.6390  7+[ 6, 0, 4]
 179    0.000000    0.000000   0.00000000   0.00000000  -0.0000   0.0000  7+[10, 1, 3]
 180    0.000000    0.000000   0.00000000   0.00000000  -0.0000   0.0000  7+[10, 1, 3]
 181    0.000000    0.000000   0.00000000   0.00000000  -0.0000   0.0000  7+[10, 1, 3]
 182    0.000000    0.000000   0.00000000   0.00000000  -0.0000   0.0000  7+[10, 1, 3]
 183    0.000000    0.000000   0.00000000   0.00000000  -0.0000   0.0000  7+[10, 1, 3]
 184    0.000000    0.000000   0.00000000   0.00000000  -0.0000   0.0000  7+[10, 1, 3]
 185    0.000000    0.000000   0.00000000   0.00000000  -0.0000   0.0000  7+[10, 1, 3]
 186    0.000000    0.000000   0.00000000   0.00000000  -0.0000   0.0000  7+[10, 1, 3]
 187   -5.883845  -10.453508   1.00000000   0.00001714  -0.0000   0.9772  7-[ 3, 0, 3]
 188   11.702285   11.702285   0.00000000   0.00000163  -0.0000   0.8130  7-[ 5, 2, 3]
 189   13.106388   13.106388   0.00000000   0.00000113  -0.0000   0.7489  7-[ 5, 0, 3]
 190   19.530843   19.530843   0.00000000   0.00000080  -0.0000   0.7317  7-[ 5, 1, 4]
 191   30.106311   30.106311   0.00000000   0.00000070  -0.0000   0.4777  7-[ 7, 2, 3]
 192   32.214345   32.214345   0.00000000   0.00000075  -0.0000   0.5778  7-[ 7, 0, 3]
 193   33.354989   33.354989   0.00000000   0.00000053  -0.0000   0.6061  7-[ 7, 4, 3]
 194   38.524293   38.524293   0.00000000   0.00000033  -0.0000   0.6521  7-[ 7, 3, 4]
 195   39.163303   39.163303   0.00000000   0.00000073  -0.0000   0.5078  7-[ 5, 1, 4]
 196   55.716393   55.716393   0.00000000   0.00000053  -0.0000   0.5900  7-[ 9, 6, 3]
 197   56.902809   56.902809   0.00000000   0.00000028  -0.0000   0.6065  7-[ 9, 4, 3]
 198    0.000000    0.000000   0.00000000   0.00000000  -0.0000   0.0000  7-[ 9, 0, 3]
 199    0.000000    0.000000   0.00000000   0.00000000  -0.0000   0.0000  7-[ 9, 0, 3]
 200    0.000000    0.000000   0.00000000   0.00000000  -0.0000   0.0000  7-[ 9, 0, 3]
 201    0.000000    0.000000   0.00000000   0.00000000  -0.0000   0.0000  7-[ 9, 0, 3]
 202    0.000000    0.000000   0.00000000   0.00000000  -0.0000   0.0000  7-[ 9, 0, 3]
 203    0.335166    0.335166   0.00000000   0.00000432  -0.0000   0.9727  9+[ 4, 0, 4]
 204   19.689939   19.689939   0.00000000   0.00000082  -0.0000   0.6885  9+[ 6, 0, 4]
 205   21.956843   21.956843   0.00000000   0.00000085  -0.0000   0.8144  9+[ 6, 2, 4]
 206   26.943917   26.943917   0.00000000   0.00000042  -0.0000   0.6762  9+[ 6, 1, 5]
 207   37.361493   37.361493   0.00000000   0.00000064  -0.0000   0.4949  9+[ 8, 2, 4]
 208   41.626433   41.626433   0.00000000   0.00000056  -0.0000   0.6091  9+[ 6, 0, 4]
 209   42.616851   42.616851   0.00000000   0.00000030  -0.0000   0.6189  9+[ 8, 4, 4]
 210   45.673330   45.673330   0.00000000   0.00000020  -0.0000   0.6567  9+[ 8, 3, 5]
 211   48.289266   48.289266   0.00000000   0.00000059  -0.0000   0.5986  9+[ 6, 1, 5]
 212    0.000000    0.000000   0.00000000   0.00000000  -0.0000   0.0000  9+[10, 0, 4]
 213    0.000000    0.000000   0.00000000   0.00000000  -0.0000   0.0000  9+[10, 0, 4]
 214    0.000000    0.000000   0.00000000   0.00000000  -0.0000   0.0000  9+[10, 0, 4]
 215    0.000000    0.000000   0.00000000   0.00000000  -0.0000   0.0000  9+[10, 0, 4]
 216    0.000000    0.000000   0.00000000   0.00000000  -0.0000   0.0000  9+[10, 0, 4]
 217    0.000000    0.000000   0.00000000   0.00000000  -0.0000   0.0000  9+[10, 0, 4]
 218    0.000000    0.000000   0.00000000   0.00000000  -0.0000   0.0000  9+[10, 0, 4]
 219   11.546662   11.546662   0.00000000   0.00000166  -0.0000   0.9234  9-[ 5, 1, 4]
 220   19.473700   19.473700   0.00000000   0.00000082  -0.0000   0.7750  9-[ 5, 0, 5]
 221   30.040644   30.040644   0.00000000   0.00000070  -0.0000   0.6900  9-[ 7, 1, 4]
 222   33.264770   33.264770   0.00000000   0.00000054  -0.0000   0.7439  9-[ 7, 3, 4]
 223   38.490066   38.490066   0.00000000   0.00000034  -0.0000   0.7371  9-[ 7, 2, 5]
 224   39.125671   39.125671   0.00000000   0.00000074  -0.0000   0.5692  9-[ 7, 0, 5]
 225   55.709082   55.709082   0.00000000   0.00000054  -0.0000   0.6036  9-[ 9, 5, 4]
 226   56.837431   56.837431   0.00000000   0.00000029  -0.0000   0.6029  9-[ 9, 3, 4]
 227    0.000000    0.000000   0.00000000   0.00000000  -0.0000   0.0000  9-[ 9, 1, 4]
 228    0.000000    0.000000   0.00000000   0.00000000  -0.0000   0.0000  9-[ 9, 1, 4]
 229    0.000000    0.000000   0.00000000   0.00000000  -0.0000   0.0000  9-[ 9, 1, 4]
 230    0.000000    0.000000   0.00000000   0.00000000  -0.0000   0.0000  9-[ 9, 1, 4]
 231   21.847867   21.847867   0.00000000   0.00000086  -0.0000   0.8948 11+[ 6, 1, 5]
 232   26.916735   26.916735   0.00000000   0.00000043  -0.0000   0.7087 11+[ 6, 0, 6]
 233   37.284967   37.284967   0.00000000   0.00000064  -0.0000   0.6698 11+[ 8, 1, 5]
 234   42.552723   42.552723   0.00000000   0.00000030  -0.0000   0.7372 11+[ 8, 3, 5]
 235   45.650742   45.650742   0.00000000   0.00000020  -0.0000   0.7354 11+[ 8, 2, 6]
 236   48.272309   48.272309   0.00000000   0.00000059  -0.0000   0.6263 11+[ 6, 0, 6]
 237    0.000000    0.000000   0.00000000   0.00000000  -0.0000   0.0000 11+[10, 1, 5]
 238    0.000000    0.000000   0.00000000   0.00000000  -0.0000   0.0000 11+[10, 1, 5]
 239    0.000000    0.000000   0.00000000   0.00000000  -0.0000   0.0000 11+[10, 1, 5]
 240    0.000000    0.000000   0.00000000   0.00000000  -0.0000   0.0000 11+[10, 1, 5]
 241    0.000000    0.000000   0.00000000   0.00000000  -0.0000   0.0000 11+[10, 1, 5]
 242    0.000000    0.000000   0.00000000   0.00000000  -0.0000   0.0000 11+[10, 1, 5]
 243   11.447101   11.447101   0.00000000   0.00000168  -0.0000   0.9708 11-[ 5, 0, 5]
 244   30.007401   30.007401   0.00000000   0.00000071  -0.0000   0.7959 11-[ 7, 0, 5]
 245   33.166664   33.166664   0.00000000   0.00000055  -0.0000   0.8507 11-[ 7, 2, 5]
 246   38.450859   38.450859   0.00000000   0.00000034  -0.0000   0.7984 11-[ 7, 1, 6]
 247   55.654078   55.654078   0.00000000   0.00000054  -0.0000   0.6271 11-[ 9, 2, 5]
 248   56.761510   56.761510   0.00000000   0.00000029  -0.0000   0.6947 11-[ 9, 4, 5]
 249    0.000000    0.000000   0.00000000   0.00000000  -0.0000   0.0000 11-[ 9, 0, 5]
 250    0.000000    0.000000   0.00000000   0.00000000  -0.0000   0.0000 11-[ 9, 0, 5]
 251    0.000000    0.000000   0.00000000   0.00000000  -0.0000   0.0000 11-[ 9, 0, 5]
 252   21.777642   21.777642   0.00000000   0.00000087  -0.0000   0.9335 13+[ 6, 0, 6]
 253   37.249403   37.249403   0.00000000   0.00000065  -0.0000   0.7570 13+[ 8, 0, 6]
 254   42.490499   42.490499   0.00000000   0.00000030  -0.0000   0.8278 13+[ 8, 2, 6]
 255   45.628869   45.628869   0.00000000   0.00000021  -0.0000   0.7891 13+[ 8, 1, 7]
 256    0.000000    0.000000   0.00000000   0.00000000  -0.0000   0.0000 13+[10, 0, 6]
 257    0.000000    0.000000   0.00000000   0.00000000  -0.0000   0.0000 13+[10, 0, 6]
 258    0.000000    0.000000   0.00000000   0.00000000  -0.0000   0.0000 13+[10, 0, 6]
 259    0.000000    0.000000   0.00000000   0.00000000  -0.0000   0.0000 13+[10, 0, 6]
 260    0.000000    0.000000   0.00000000   0.00000000  -0.0000   0.0000 13+[10, 0, 6]
 261   33.073158   33.073158   0.00000000   0.00000055  -0.0000   0.9205 13-[ 7, 1, 6]
 262   38.429187   38.429187   0.00000000   0.00000035  -0.0000   0.8302 13-[ 7, 0, 7]
 263   55.576817   55.576817   0.00000000   0.00000054  -0.0000   0.8234 13-[ 9, 1, 6]
 264   56.680110   56.680110   0.00000000   0.00000029  -0.0000   0.8195 13-[ 9, 3, 6]
 265    0.000000    0.000000   0.00000000   0.00000000  -0.0000   0.0000 13-[ 9, 1, 6]
 266    0.000000    0.000000   0.00000000   0.00000000  -0.0000   0.0000 13-[ 9, 1, 6]
 267   42.434868   42.434868   0.00000000   0.00000031  -0.0000   0.8873 15+[ 8, 1, 7]
 268   45.616138   45.616138   0.00000000   0.00000021  -0.0000   0.8162 15+[ 8, 0, 8]
 269    0.000000    0.000000   0.00000000   0.00000000  -0.0000   0.0000 15+[10, 1, 7]
 270    0.000000    0.000000   0.00000000   0.00000000  -0.0000   0.0000 15+[10, 1, 7]
 271    0.000000    0.000000   0.00000000   0.00000000  -0.0000   0.0000 15+[10, 1, 7]
 272    0.000000    0.000000   0.00000000   0.00000000  -0.0000   0.0000 15+[10, 1, 7]
 273   33.006202   33.006202   0.00000000   0.00000056  -0.0000   0.9544 15-[ 7, 0, 7]
 274   55.566371   55.566371   0.00000000   0.00000055  -0.0000   0.9247 15-[ 9, 0, 7]
 275   56.600439   56.600439   0.00000000   0.00000029  -0.0000   0.9153 15-[ 9, 2, 7]
 276    0.000000    0.000000   0.00000000   0.00000000  -0.0000   0.0000 15-[ 9, 0, 7]
 277   42.389359   42.389359   0.00000000   0.00000031  -0.0000   0.9162 17+[ 8, 0, 8]
 278    0.000000    0.000000   0.00000000   0.00000000  -0.0000   0.0000 17+[10, 0, 8]
 279    0.000000    0.000000   0.00000000   0.00000000  -0.0000   0.0000 17+[10, 0, 8]
 280    0.000000    0.000000   0.00000000   0.00000000  -0.0000   0.0000 17+[10, 0, 8]
 281   56.530041   56.530041   0.00000000   0.00000030  -0.0000   0.9725 17-[ 9, 1, 8]
 282    0.000000    0.000000   0.00000000   0.00000000  -0.0000   0.0000 17-[ 9, 1, 8]
 283   56.478423   56.478423   0.00000000   0.00000030  -0.0000   1.0000 19-[ 9, 0, 9]
  Sum canonical e_v*V^2_k=  -582.30963436722197     


 #quasiparticle energies protons 
 --------------------------------
  eqp(k) -> q.p. energy 
  e(k)   -> referent s.p. energy 
  p(k)   -> occ.probability 
  del(k) -> referent s.p. gap 
  fermi energy alast=  -13.510114612553849     
  #k  block#    eqp(k)     e(k)       (1-2N)E      decay        p(k)        del(k)    overl      labels
   1    1     0.926669  -13.510115   -0.926669    1.632037    1.00000000   0.0000   0.7179  1+[ 2, 1, 1]
   2    1     2.290415  -14.873860   -2.290415    1.712428    1.00000000   0.0000   0.7716  1+[ 2, 0, 0]
   3    1     7.505078  -20.088524   -7.505078    1.990098    1.00000000   0.0000   0.6340  1+[ 2, 1, 1]
   4    1    15.210937    2.627491   15.210937    2.340878    0.00000000   0.0000   0.6126  1+[ 4, 2, 0]
   5    1    19.965535    7.382090   19.965535    2.533198    0.00000000   0.0000   0.4637  1+[ 4, 0, 0]
   6    1    21.256819    8.673374   21.256819    2.582957    0.00000000   0.0000   0.5113  1+[ 4, 0, 0]
   7    1    22.070409    9.486964   22.070409    2.613823    0.00000000   0.0000   0.4651  1+[ 4, 1, 1]
   8    1    24.442759   11.859313   24.442759    2.701811    0.00000000   0.0000   0.5234  1+[ 4, 3, 1]
   9    1    29.168027  -41.751473  -29.168027    2.869038    1.00000000   0.0000   0.9711  1+[ 0, 0, 0]
  10    1    35.441521   22.858075   35.441521    3.077045    0.00000000   0.0000   0.3513  1+[ 8, 0, 0]
  11    1    36.088021   23.504575   36.088021    3.097687    0.00000000   0.0000   0.3619  1+[ 6, 5, 1]
  12    1    37.113190   24.529745   37.113190    3.130141    0.00000000   0.0000   0.4492  1+[ 8, 0, 0]
  13    1    37.400831   24.817385   37.400831    3.139186    0.00000000   0.0000   0.3718  1+[ 4, 4, 0]
  14    1    38.079204   25.495759   38.079204    3.160416    0.00000000   0.0000   0.5129  1+[ 6, 4, 0]
  15    1    39.572686   26.989240   39.572686    3.206661    0.00000000   0.0000   0.3057  1+[ 8, 7, 1]
  16    1    42.976114   30.392668   42.976114    3.309632    0.00000000   0.0000   0.4366  1+[ 6, 3, 1]
  17    1    53.509706   40.926261   53.509706    3.609762    0.00000000   0.0000   0.3768  1+[ 8, 2, 0]
  18    1    58.190797   45.607351   58.190797    3.735407    0.00000000   0.0000   0.3026  1+[ 6, 1, 1]
  19    1    59.235729   46.652283   59.235729    3.762882    0.00000000   0.0000   0.4961  1+[ 8, 4, 0]
  20    1    61.048713   48.465267   61.048713    3.810080    0.00000000   0.0000   0.3641  1+[ 6, 6, 0]
  21    1    61.881427   49.297981   61.881427    3.831564    0.00000000   0.0000   0.4375  1+[ 8, 5, 1]
  22    1    63.001413   50.417968   63.001413    3.860271    0.00000000   0.0000   0.3571  1+[ 6, 3, 1]
  23    1    63.755068   51.171623   63.755068    3.879468    0.00000000   0.0000   0.4955  1+[ 6, 0, 0]
  24    1    64.304560   51.721115   64.304560    3.893406    0.00000000   0.0000   0.3493  1+[ 6, 6, 0]
  25    1    65.103477   52.520031   65.103477    3.913581    0.00000000   0.0000   0.4038  1+[ 6, 5, 1]
  26    2     3.791000   -8.792446    3.791000    1.796733    0.00000000   0.0000   0.6031  1-[ 3, 1, 0]
  27    2     9.112330   -3.471115    9.112330    2.068178    0.00000000   0.0000   0.5419  1-[ 3, 0, 1]
  28    2    11.095024   -1.488421   11.095024    2.160614    0.00000000   0.0000   0.6324  1-[ 3, 0, 1]
  29    2    12.709178    0.125733   12.709178    2.233044    0.00000000   0.0000   0.6686  1-[ 3, 2, 1]
  30    2    15.289280  -27.872725  -15.289280    2.344175    1.00000000   0.0000   0.7441  1-[ 1, 0, 1]
  31    2    18.601453  -31.184899  -18.601453    2.479548    1.00000000   0.0000   0.7389  1-[ 1, 1, 0]
  32    2    27.054120   14.470674   27.054120    2.795464    0.00000000   0.0000   0.5592  1-[ 5, 3, 0]
  33    2    29.118718   16.535272   29.118718    2.867343    0.00000000   0.0000   0.4326  1-[ 5, 0, 1]
  34    2    29.639356   17.055910   29.639356    2.885186    0.00000000   0.0000   0.4883  1-[ 5, 5, 0]
  35    2    30.258093   17.674647   30.258093    2.906249    0.00000000   0.0000   0.4248  1-[ 5, 0, 1]
  36    2    32.110057   19.526611   32.110057    2.968401    0.00000000   0.0000   0.3764  1-[ 5, 4, 1]
  37    2    34.887079   22.303634   34.887079    3.059232    0.00000000   0.0000   0.4616  1-[ 5, 2, 1]
  38    2    46.280302   33.696857   46.280302    3.406625    0.00000000   0.0000   0.3874  1-[ 7, 2, 1]
  39    2    48.800796   36.217351   48.800796    3.478795    0.00000000   0.0000   0.3229  1-[ 7, 1, 0]
  40    2    49.652469   37.069023   49.652469    3.502845    0.00000000   0.0000   0.5070  1-[ 7, 4, 1]
  41    2    51.647669   39.064223   51.647669    3.558550    0.00000000   0.0000   0.3379  1-[ 5, 5, 0]
  42    2    53.301444   40.717998   53.301444    3.604070    0.00000000   0.0000   0.3594  1-[ 5, 0, 1]
  43    2    53.748480   41.165035   53.748480    3.616277    0.00000000   0.0000   0.3332  1-[ 5, 5, 0]
  44    2    53.954343   41.370898   53.954343    3.621884    0.00000000   0.0000   0.3901  1-[ 7, 6, 1]
  45    2    54.409194   41.825749   54.409194    3.634242    0.00000000   0.0000   0.4679  1-[ 7, 4, 1]
  46    2    72.338899   59.755454   72.338899    4.091771    0.00000000   0.0000   0.4586  1-[ 9, 7, 0]
  47    3     1.430327  -14.013772   -1.430327    1.662179    1.00000000   0.0000   0.8546  3+[ 2, 0, 2]
  48    3     7.711354  -20.294799   -7.711354    2.000289    1.00000000   0.0000   0.8543  3+[ 2, 1, 1]
  49    3    15.110011    2.526566   15.110011    2.336625    0.00000000   0.0000   0.5672  3+[ 4, 3, 1]
  50    3    19.797327    7.213882   19.797327    2.526643    0.00000000   0.0000   0.5311  3+[ 4, 1, 1]
  51    3    21.751477    9.168032   21.751477    2.601767    0.00000000   0.0000   0.6546  3+[ 4, 0, 2]
  52    3    24.280715   11.697270   24.280715    2.695892    0.00000000   0.0000   0.6717  3+[ 4, 2, 2]
  53    3    35.368687   22.785242   35.368687    3.074711    0.00000000   0.0000   0.3434  3+[ 6, 1, 1]
  54    3    36.051340   23.467894   36.051340    3.096520    0.00000000   0.0000   0.4291  3+[ 6, 5, 1]
  55    3    37.128599   24.545154   37.128599    3.130626    0.00000000   0.0000   0.4539  3+[ 8, 0, 2]
  56    3    38.013651   25.430206   38.013651    3.158371    0.00000000   0.0000   0.5716  3+[ 6, 3, 1]
  57    3    39.520391   26.936946   39.520391    3.205053    0.00000000   0.0000   0.3130  3+[ 6, 4, 2]
  58    3    42.931311   30.347866   42.931311    3.308298    0.00000000   0.0000   0.4154  3+[ 6, 2, 2]
  59    3    53.485012   40.901566   53.485012    3.609088    0.00000000   0.0000   0.3548  3+[ 8, 7, 1]
  60    3    58.160122   45.576676   58.160122    3.734598    0.00000000   0.0000   0.3657  3+[ 6, 1, 1]
  61    3    59.201891   46.618446   59.201891    3.761995    0.00000000   0.0000   0.4800  3+[ 8, 5, 1]
  62    3    60.966645   48.383199   60.966645    3.807956    0.00000000   0.0000   0.3709  3+[ 6, 3, 1]
  63    3    61.863032   49.279587   61.863032    3.831091    0.00000000   0.0000   0.4777  3+[ 8, 4, 2]
  64    3    62.963079   50.379634   62.963079    3.859292    0.00000000   0.0000   0.3431  3+[ 6, 2, 2]
  65    3    64.110122   51.526677   64.110122    3.888480    0.00000000   0.0000   0.5512  3+[ 6, 0, 2]
  66    3    65.039694   52.456249   65.039694    3.911974    0.00000000   0.0000   0.4040  3+[ 6, 4, 2]
  67    4     3.659151   -8.924295    3.659151    1.789485    0.00000000   0.0000   0.7095  3-[ 3, 2, 1]
  68    4     8.739802   -3.843643    8.739802    2.050345    0.00000000   0.0000   0.8073  3-[ 3, 0, 1]
  69    4    12.396638   -0.186808   12.396638    2.219204    0.00000000   0.0000   0.7903  3-[ 3, 1, 2]
  70    4    18.923386  -31.506831  -18.923386    2.492314    1.00000000   0.0000   0.9723  3-[ 1, 0, 1]
  71    4    26.973490   14.390044   26.973490    2.792619    0.00000000   0.0000   0.6075  3-[ 5, 2, 1]
  72    4    29.026980   16.443535   29.026980    2.864187    0.00000000   0.0000   0.6237  3-[ 5, 0, 1]
  73    4    29.500815   16.917370   29.500815    2.880449    0.00000000   0.0000   0.5515  3-[ 5, 4, 1]
  74    4    31.985036   19.401591   31.985036    2.964246    0.00000000   0.0000   0.4925  3-[ 5, 1, 2]
  75    4    34.792181   22.208736   34.792181    3.056172    0.00000000   0.0000   0.5534  3-[ 5, 3, 2]
  76    4    46.260067   33.676622   46.260067    3.406039    0.00000000   0.0000   0.4502  3-[ 7, 2, 1]
  77    4    48.745320   36.161875   48.745320    3.477222    0.00000000   0.0000   0.3542  3-[ 7, 6, 1]
  78    4    49.596484   37.013038   49.596484    3.501269    0.00000000   0.0000   0.5653  3-[ 7, 4, 1]
  79    4    51.465612   38.882166   51.465612    3.553503    0.00000000   0.0000   0.5060  3-[ 5, 0, 1]
  80    4    53.196578   40.613132   53.196578    3.601201    0.00000000   0.0000   0.4242  3-[ 5, 1, 2]
  81    4    53.918365   41.334919   53.918365    3.620905    0.00000000   0.0000   0.4377  3-[ 7, 5, 2]
  82    4    54.366517   41.783072   54.366517    3.633085    0.00000000   0.0000   0.5228  3-[ 7, 3, 2]
  83    4    72.335339   59.751894   72.335339    4.091685    0.00000000   0.0000   0.4281  3-[ 9, 2, 1]
  84    5     8.027713  -20.611159   -8.027713    2.015819    1.00000000   0.0000   0.9720  5+[ 2, 0, 2]
  85    5    14.920318    2.336872   14.920318    2.328608    0.00000000   0.0000   0.7818  5+[ 4, 2, 2]
  86    5    19.570162    6.986717   19.570162    2.517765    0.00000000   0.0000   0.7847  5+[ 4, 0, 2]
  87    5    24.057368   11.473923   24.057368    2.687713    0.00000000   0.0000   0.7787  5+[ 4, 1, 3]
  88    5    35.262390   22.678945   35.262390    3.071301    0.00000000   0.0000   0.5375  5+[ 8, 0, 2]
  89    5    35.995510   23.412065   35.995510    3.094742    0.00000000   0.0000   0.4264  5+[ 6, 4, 2]
  90    5    37.898994   25.315548   37.898994    3.154790    0.00000000   0.0000   0.5503  5+[ 6, 4, 2]
  91    5    39.430277   26.846832   39.430277    3.202280    0.00000000   0.0000   0.4099  5+[ 6, 1, 3]
  92    5    42.855951   30.272505   42.855951    3.306051    0.00000000   0.0000   0.5380  5+[ 6, 3, 3]
  93    5    53.437578   40.854133   53.437578    3.607792    0.00000000   0.0000   0.4577  5+[ 8, 6, 2]
  94    5    58.089924   45.506478   58.089924    3.732744    0.00000000   0.0000   0.3864  5+[ 6, 4, 2]
  95    5    59.140274   46.556829   59.140274    3.760380    0.00000000   0.0000   0.5561  5+[ 8, 4, 2]
  96    5    60.835648   48.252203   60.835648    3.804564    0.00000000   0.0000   0.5877  5+[ 6, 0, 2]
  97    5    61.828960   49.245515   61.828960    3.830214    0.00000000   0.0000   0.4649  5+[ 8, 5, 3]
  98    5    62.892279   50.308834   62.892279    3.857483    0.00000000   0.0000   0.4304  5+[ 6, 3, 3]
  99    5    64.899847   52.316402   64.899847    3.908448    0.00000000   0.0000   0.5182  5+[ 6, 1, 3]
 100    6     3.408098   -9.175347    3.408098    1.775602    0.00000000   0.0000   0.8975  5-[ 3, 1, 2]
 101    6    12.049539   -0.533907   12.049539    2.203732    0.00000000   0.0000   0.8740  5-[ 3, 0, 3]
 102    6    26.822122   14.238677   26.822122    2.787271    0.00000000   0.0000   0.6511  5-[ 5, 3, 2]
 103    6    29.346737   16.763292   29.346737    2.875171    0.00000000   0.0000   0.5795  5-[ 5, 1, 2]
 104    6    31.830315   19.246869   31.830315    2.959097    0.00000000   0.0000   0.6244  5-[ 5, 0, 3]
 105    6    34.645513   22.062067   34.645513    3.051438    0.00000000   0.0000   0.6783  5-[ 5, 2, 3]
 106    6    46.218106   33.634661   46.218106    3.404825    0.00000000   0.0000   0.4971  5-[ 7, 5, 2]
 107    6    48.629905   36.046460   48.629905    3.473949    0.00000000   0.0000   0.4034  5-[ 7, 1, 2]
 108    6    49.496300   36.912855   49.496300    3.498447    0.00000000   0.0000   0.5894  5-[ 7, 3, 2]
 109    6    52.987651   40.404206   52.987651    3.595478    0.00000000   0.0000   0.5297  5-[ 5, 0, 3]
 110    6    53.853291   41.269845   53.853291    3.619133    0.00000000   0.0000   0.4234  5-[ 7, 4, 3]
 111    6    54.294241   41.710795   54.294241    3.631123    0.00000000   0.0000   0.4973  5-[ 7, 2, 3]
 112    6    72.324517   59.741072   72.324517    4.091425    0.00000000   0.0000   0.5200  5-[ 9, 7, 2]
 113    7    14.687986    2.104540   14.687986    2.318752    0.00000000   0.0000   0.9180  7+[ 4, 1, 3]
 114    7    23.845783   11.262338   23.845783    2.679942    0.00000000   0.0000   0.8390  7+[ 4, 0, 4]
 115    7    35.933254   23.349809   35.933254    3.092758    0.00000000   0.0000   0.5874  7+[ 6, 1, 3]
 116    7    37.757398   25.173953   37.757398    3.150363    0.00000000   0.0000   0.7051  7+[ 6, 3, 3]
 117    7    39.339506   26.756061   39.339506    3.199485    0.00000000   0.0000   0.5396  7+[ 8, 0, 4]
 118    7    42.772049   30.188604   42.772049    3.303549    0.00000000   0.0000   0.6382  7+[ 6, 2, 4]
 119    7    53.372133   40.788688   53.372133    3.606003    0.00000000   0.0000   0.4884  7+[ 8, 5, 3]
 120    7    57.981544   45.398098   57.981544    3.729881    0.00000000   0.0000   0.5027  7+[ 6, 1, 3]
 121    7    59.060743   46.477298   59.060743    3.758295    0.00000000   0.0000   0.5545  7+[ 8, 3, 3]
 122    7    61.784554   49.201108   61.784554    3.829071    0.00000000   0.0000   0.5762  7+[ 8, 4, 4]
 123    7    62.801507   50.218062   62.801507    3.855163    0.00000000   0.0000   0.5103  7+[ 6, 2, 4]
 124    7    64.751491   52.168046   64.751491    3.904705    0.00000000   0.0000   0.6254  7+[ 6, 0, 4]
 125    8     3.142792   -9.440654    3.142792    1.760811    0.00000000   0.0000   0.9765  7-[ 3, 0, 3]
 126    8    26.629576   14.046130   26.629576    2.780453    0.00000000   0.0000   0.8215  7-[ 5, 2, 3]
 127    8    29.222233   16.638787   29.222233    2.870900    0.00000000   0.0000   0.7555  7-[ 5, 0, 3]
 128    8    34.497637   21.914191   34.497637    3.046657    0.00000000   0.0000   0.7658  7-[ 5, 1, 4]
 129    8    46.157313   33.573867   46.157313    3.403064    0.00000000   0.0000   0.4829  7-[ 7, 2, 3]
 130    8    48.502505   35.919060   48.502505    3.470332    0.00000000   0.0000   0.5724  7-[ 7, 0, 3]
 131    8    49.370322   36.786876   49.370322    3.494896    0.00000000   0.0000   0.6083  7-[ 7, 4, 3]
 132    8    53.760903   41.177457   53.760903    3.616615    0.00000000   0.0000   0.4865  7-[ 7, 1, 4]
 133    8    54.208904   41.625459   54.208904    3.628806    0.00000000   0.0000   0.6243  7-[ 7, 3, 4]
 134    8    72.300561   59.717116   72.300561    4.090848    0.00000000   0.0000   0.6068  7-[ 9, 6, 3]
 135    9    14.472828    1.889383   14.472828    2.309587    0.00000000   0.0000   0.9778  9+[ 4, 0, 4]
 136    9    35.876371   23.292926   35.876371    3.090945    0.00000000   0.0000   0.6969  9+[ 6, 0, 4]
 137    9    37.611159   25.027713   37.611159    3.145784    0.00000000   0.0000   0.8275  9+[ 6, 2, 4]
 138    9    42.697838   30.114393   42.697838    3.301334    0.00000000   0.0000   0.7068  9+[ 6, 1, 5]
 139    9    53.296374   40.712929   53.296374    3.603932    0.00000000   0.0000   0.5034  9+[ 8, 2, 4]
 140    9    57.879584   45.296139   57.879584    3.727186    0.00000000   0.0000   0.6026  9+[ 6, 0, 4]
 141    9    58.973871   46.390425   58.973871    3.756016    0.00000000   0.0000   0.6213  9+[ 8, 4, 4]
 142    9    61.737088   49.153642   61.737088    3.827849    0.00000000   0.0000   0.6715  9+[ 8, 3, 5]
 143    9    62.705593   50.122148   62.705593    3.852709    0.00000000   0.0000   0.5625  9+[ 6, 1, 5]
 144   10    26.434303   13.850857   26.434303    2.773521    0.00000000   0.0000   0.9300  9-[ 5, 1, 4]
 145   10    34.363524   21.780078   34.363524    3.042315    0.00000000   0.0000   0.8119  9-[ 5, 0, 5]
 146   10    46.087650   33.504205   46.087650    3.401046    0.00000000   0.0000   0.6969  9-[ 7, 1, 4]
 147   10    49.236880   36.653435   49.236880    3.491130    0.00000000   0.0000   0.7476  9-[ 7, 3, 4]
 148   10    53.676114   41.092668   53.676114    3.614304    0.00000000   0.0000   0.5933  9-[ 7, 0, 5]
 149   10    54.127485   41.544040   54.127485    3.626593    0.00000000   0.0000   0.7386  9-[ 7, 2, 5]
 150   10    72.258473   59.675027   72.258473    4.089833    0.00000000   0.0000   0.6173  9-[ 9, 5, 4]
 151   11    37.475708   24.892263   37.475708    3.141536    0.00000000   0.0000   0.9086 11+[ 6, 1, 5]
 152   11    42.628384   30.044939   42.628384    3.299259    0.00000000   0.0000   0.7419 11+[ 6, 0, 6]
 153   11    53.219828   40.636382   53.219828    3.601837    0.00000000   0.0000   0.6808 11+[ 8, 1, 5]
 154   11    58.888971   46.305526   58.888971    3.753787    0.00000000   0.0000   0.7406 11+[ 8, 3, 5]
 155   11    61.693362   49.109916   61.693362    3.826723    0.00000000   0.0000   0.7467 11+[ 8, 2, 6]
 156   11    62.622837   50.039391   62.622837    3.850591    0.00000000   0.0000   0.5873 11+[ 6, 0, 6]
 157   12    26.258500   13.675055   26.258500    2.767266    0.00000000   0.0000   0.9785 11-[ 5, 0, 5]
 158   12    46.027275   33.443830   46.027275    3.399295    0.00000000   0.0000   0.8034 11-[ 7, 0, 5]
 159   12    49.110650   36.527204   49.110650    3.487564    0.00000000   0.0000   0.8551 11-[ 7, 2, 5]
 160   12    54.058890   41.475444   54.058890    3.624728    0.00000000   0.0000   0.8114 11-[ 7, 1, 6]
 161   12    72.198124   59.614679   72.198124    4.088378    0.00000000   0.0000   0.6255 11-[ 9, 2, 5]
 162   13    37.351743   24.768298   37.351743    3.137644    0.00000000   0.0000   0.9489 13+[ 6, 0, 6]
 163   13    53.155388   40.571942   53.155388    3.600073    0.00000000   0.0000   0.7700 13+[ 8, 0, 6]
 164   13    58.812558   46.229113   58.812558    3.751780    0.00000000   0.0000   0.8322 13+[ 8, 2, 6]
 165   13    61.655572   49.072126   61.655572    3.825749    0.00000000   0.0000   0.7986 13+[ 8, 1, 7]
 166   14    48.998370   36.414925   48.998370    3.484389    0.00000000   0.0000   0.9257 13-[ 7, 1, 6]
 167   14    53.992913   41.409467   53.992913    3.622934    0.00000000   0.0000   0.8441 13-[ 7, 0, 7]
 168   14    72.129529   59.546084   72.129529    4.086724    0.00000000   0.0000   0.8239 13-[ 9, 1, 6]
 169   15    58.745265   46.161820   58.745265    3.750011    0.00000000   0.0000   0.8924 15+[ 8, 1, 7]
 170   15    61.615850   49.032405   61.615850    3.824725    0.00000000   0.0000   0.8264 15+[ 8, 0, 8]
 171   16    48.891440   36.307995   48.891440    3.481362    0.00000000   0.0000   0.9604 15-[ 7, 0, 7]
 172   16    72.083480   59.500035   72.083480    4.085613    0.00000000   0.0000   0.9272 15-[ 9, 0, 7]
 173   17    58.677087   46.093641   58.677087    3.748218    0.00000000   0.0000   0.9222 17+[ 8, 0, 8]
#all active are  173 q.p. states out of  286
#since the cut off is pwi=  60.0
#check: number of protons =  20.0


 #canonical s.p. energies protons 
 ---------------------------------


  labels -> {2*omega}{parity}[nn=nz+2*nr+nl,nz,nl]
  cqpe   -> canonical q.p. energies
  ce     -> canonical s.p. energies
  fermi energy=  -13.510114612553849     
  average cdelt=  -1.4399883718175122E-005
  k0      ceqp        ce         v*v       u*v        cdel     overl      labels
   1  -11.656776  -13.510115   1.00000000   0.00000829  -0.0000   0.7179  1+[ 2, 1, 1]
   2  -10.293031  -14.873860   1.00000000   0.00000276  -0.0000   0.7716  1+[ 2, 0, 0]
   3   -5.078367  -20.088524   1.00000000   0.00000107  -0.0000   0.6340  1+[ 2, 1, 1]
   4    2.627491    2.627491   0.00000000   0.00000047  -0.0000   0.6126  1+[ 4, 2, 0]
   5    7.382090    7.382090   0.00000000   0.00000026  -0.0000   0.4637  1+[ 4, 0, 0]
   6    8.673374    8.673374   0.00000000   0.00000029  -0.0000   0.5113  1+[ 4, 0, 0]
   7    9.486964    9.486964   0.00000000   0.00000022  -0.0000   0.4651  1+[ 4, 1, 1]
   8   11.859313   11.859313   0.00000000   0.00000022  -0.0000   0.5234  1+[ 4, 3, 1]
   9   16.584582  -41.751473   1.00000000   0.00000033  -0.0000   0.9711  1+[ 0, 0, 0]
  10   22.858075   22.858075   0.00000000   0.00000013  -0.0000   0.3513  1+[ 8, 0, 0]
  11   23.504575   23.504575   0.00000000   0.00000012  -0.0000   0.3619  1+[ 6, 5, 1]
  12   24.529745   24.529745   0.00000000   0.00000014  -0.0000   0.4492  1+[ 8, 0, 0]
  13   24.817385   24.817385   0.00000000   0.00000014  -0.0000   0.3718  1+[ 4, 4, 0]
  14   25.495759   25.495759   0.00000000   0.00000011  -0.0000   0.5129  1+[ 6, 4, 0]
  15   26.989240   26.989240   0.00000000   0.00000013  -0.0000   0.3057  1+[ 8, 7, 1]
  16   30.392668   30.392668   0.00000000   0.00000005  -0.0000   0.4366  1+[ 6, 3, 1]
  17   40.926261   40.926261   0.00000000   0.00000009  -0.0000   0.3768  1+[ 8, 2, 0]
  18   45.607351   45.607351   0.00000000   0.00000010  -0.0000   0.3026  1+[ 6, 1, 1]
  19   46.652283   46.652283   0.00000000   0.00000003  -0.0000   0.4961  1+[ 8, 4, 0]
  20   48.465267   48.465267   0.00000000   0.00000010  -0.0000   0.3641  1+[ 6, 6, 0]
  21   49.297981   49.297981   0.00000000   0.00000002  -0.0000   0.4375  1+[ 8, 5, 1]
  22   50.417968   50.417968   0.00000000   0.00000009  -0.0000   0.3571  1+[ 6, 3, 1]
  23   51.171623   51.171623   0.00000000   0.00000009  -0.0000   0.4955  1+[ 6, 0, 0]
  24   51.721115   51.721115   0.00000000   0.00000010  -0.0000   0.3493  1+[ 6, 6, 0]
  25   52.520031   52.520031   0.00000000   0.00000010  -0.0000   0.4038  1+[ 6, 5, 1]
  26    0.000000    0.000000   0.00000000   0.00000000  -0.0000   0.0000  1+[10, 0, 0]
  27    0.000000    0.000000   0.00000000   0.00000000  -0.0000   0.0000  1+[10, 0, 0]
  28    0.000000    0.000000   0.00000000   0.00000000  -0.0000   0.0000  1+[10, 0, 0]
  29    0.000000    0.000000   0.00000000   0.00000000  -0.0000   0.0000  1+[10, 0, 0]
  30    0.000000    0.000000   0.00000000   0.00000000  -0.0000   0.0000  1+[10, 0, 0]
  31    0.000000    0.000000   0.00000000   0.00000000  -0.0000   0.0000  1+[10, 0, 0]
  32    0.000000    0.000000   0.00000000   0.00000000  -0.0000   0.0000  1+[10, 0, 0]
  33    0.000000    0.000000   0.00000000   0.00000000  -0.0000   0.0000  1+[10, 0, 0]
  34    0.000000    0.000000   0.00000000   0.00000000  -0.0000   0.0000  1+[10, 0, 0]
  35    0.000000    0.000000   0.00000000   0.00000000  -0.0000   0.0000  1+[10, 0, 0]
  36    0.000000    0.000000   0.00000000   0.00000000  -0.0000   0.0000  1+[10, 0, 0]
  37   -8.792446   -8.792446   0.00000000   0.00000196  -0.0000   0.6031  1-[ 3, 1, 0]
  38   -3.471115   -3.471115   0.00000000   0.00000058  -0.0000   0.5419  1-[ 3, 0, 1]
  39   -1.488421   -1.488421   0.00000000   0.00000045  -0.0000   0.6324  1-[ 3, 0, 1]
  40    0.125733    0.125733   0.00000000   0.00000065  -0.0000   0.6686  1-[ 3, 2, 1]
  41    2.705835  -27.872725   1.00000000   0.00000062  -0.0000   0.7441  1-[ 1, 0, 1]
  42    6.018008  -31.184899   1.00000000   0.00000047  -0.0000   0.7389  1-[ 1, 1, 0]
  43   14.470674   14.470674   0.00000000   0.00000022  -0.0000   0.5592  1-[ 5, 3, 0]
  44   16.535272   16.535272   0.00000000   0.00000023  -0.0000   0.4326  1-[ 5, 0, 1]
  45   17.055910   17.055910   0.00000000   0.00000019  -0.0000   0.4883  1-[ 5, 5, 0]
  46   17.674647   17.674647   0.00000000   0.00000020  -0.0000   0.4248  1-[ 5, 0, 1]
  47   19.526611   19.526611   0.00000000   0.00000016  -0.0000   0.3764  1-[ 5, 4, 1]
  48   22.303634   22.303634   0.00000000   0.00000011  -0.0000   0.4616  1-[ 5, 2, 1]
  49   33.696857   33.696857   0.00000000   0.00000011  -0.0000   0.3874  1-[ 7, 2, 1]
  50   36.217351   36.217351   0.00000000   0.00000011  -0.0000   0.3229  1-[ 7, 1, 0]
  51   37.069023   37.069023   0.00000000   0.00000007  -0.0000   0.5070  1-[ 7, 4, 1]
  52   39.064223   39.064223   0.00000000   0.00000012  -0.0000   0.3379  1-[ 5, 5, 0]
  53   40.717998   40.717998   0.00000000   0.00000010  -0.0000   0.3594  1-[ 5, 0, 1]
  54   41.165035   41.165035   0.00000000   0.00000012  -0.0000   0.3332  1-[ 5, 5, 0]
  55   41.370898   41.370898   0.00000000   0.00000011  -0.0000   0.3901  1-[ 7, 6, 1]
  56   41.825749   41.825749   0.00000000   0.00000005  -0.0000   0.4679  1-[ 7, 4, 1]
  57   59.755454   59.755454   0.00000000   0.00000009  -0.0000   0.4586  1-[ 9, 7, 0]
  58    0.000000    0.000000   0.00000000   0.00000000  -0.0000   0.0000  1-[ 9, 1, 0]
  59    0.000000    0.000000   0.00000000   0.00000000  -0.0000   0.0000  1-[ 9, 1, 0]
  60    0.000000    0.000000   0.00000000   0.00000000  -0.0000   0.0000  1-[ 9, 1, 0]
  61    0.000000    0.000000   0.00000000   0.00000000  -0.0000   0.0000  1-[ 9, 1, 0]
  62    0.000000    0.000000   0.00000000   0.00000000  -0.0000   0.0000  1-[ 9, 1, 0]
  63    0.000000    0.000000   0.00000000   0.00000000  -0.0000   0.0000  1-[ 9, 1, 0]
  64    0.000000    0.000000   0.00000000   0.00000000  -0.0000   0.0000  1-[ 9, 1, 0]
  65    0.000000    0.000000   0.00000000   0.00000000  -0.0000   0.0000  1-[ 9, 1, 0]
  66    0.000000    0.000000   0.00000000   0.00000000  -0.0000   0.0000  1-[ 9, 1, 0]
  67  -11.153119  -14.013772   1.00000000   0.00000491  -0.0000   0.8546  3+[ 2, 0, 2]
  68   -4.872092  -20.294799   1.00000000   0.00000100  -0.0000   0.8543  3+[ 2, 1, 1]
  69    2.526566    2.526566   0.00000000   0.00000046  -0.0000   0.5672  3+[ 4, 3, 1]
  70    7.213882    7.213882   0.00000000   0.00000026  -0.0000   0.5311  3+[ 4, 1, 1]
  71    9.168032    9.168032   0.00000000   0.00000019  -0.0000   0.6546  3+[ 4, 0, 2]
  72   11.697270   11.697270   0.00000000   0.00000022  -0.0000   0.6717  3+[ 4, 2, 2]
  73   22.785242   22.785242   0.00000000   0.00000012  -0.0000   0.3434  3+[ 6, 1, 1]
  74   23.467894   23.467894   0.00000000   0.00000012  -0.0000   0.4291  3+[ 6, 5, 1]
  75   24.545154   24.545154   0.00000000   0.00000012  -0.0000   0.4539  3+[ 8, 0, 2]
  76   25.430206   25.430206   0.00000000   0.00000011  -0.0000   0.5716  3+[ 6, 3, 1]
  77   26.936946   26.936946   0.00000000   0.00000013  -0.0000   0.3130  3+[ 6, 4, 2]
  78   30.347866   30.347866   0.00000000   0.00000005  -0.0000   0.4154  3+[ 6, 2, 2]
  79   40.901566   40.901566   0.00000000   0.00000009  -0.0000   0.3548  3+[ 8, 7, 1]
  80   45.576676   45.576676   0.00000000   0.00000009  -0.0000   0.3657  3+[ 6, 1, 1]
  81   46.618446   46.618446   0.00000000   0.00000003  -0.0000   0.4800  3+[ 8, 5, 1]
  82   48.383199   48.383199   0.00000000   0.00000010  -0.0000   0.3709  3+[ 6, 3, 1]
  83   49.279587   49.279587   0.00000000   0.00000002  -0.0000   0.4777  3+[ 8, 4, 2]
  84   50.379634   50.379634   0.00000000   0.00000009  -0.0000   0.3431  3+[ 6, 2, 2]
  85   51.526677   51.526677   0.00000000   0.00000009  -0.0000   0.5512  3+[ 6, 0, 2]
  86   52.456249   52.456249   0.00000000   0.00000009  -0.0000   0.4040  3+[ 6, 4, 2]
  87    0.000000    0.000000   0.00000000   0.00000000  -0.0000   0.0000  3+[10, 1, 1]
  88    0.000000    0.000000   0.00000000   0.00000000  -0.0000   0.0000  3+[10, 1, 1]
  89    0.000000    0.000000   0.00000000   0.00000000  -0.0000   0.0000  3+[10, 1, 1]
  90    0.000000    0.000000   0.00000000   0.00000000  -0.0000   0.0000  3+[10, 1, 1]
  91    0.000000    0.000000   0.00000000   0.00000000  -0.0000   0.0000  3+[10, 1, 1]
  92    0.000000    0.000000   0.00000000   0.00000000  -0.0000   0.0000  3+[10, 1, 1]
  93    0.000000    0.000000   0.00000000   0.00000000  -0.0000   0.0000  3+[10, 1, 1]
  94    0.000000    0.000000   0.00000000   0.00000000  -0.0000   0.0000  3+[10, 1, 1]
  95    0.000000    0.000000   0.00000000   0.00000000  -0.0000   0.0000  3+[10, 1, 1]
  96    0.000000    0.000000   0.00000000   0.00000000  -0.0000   0.0000  3+[10, 1, 1]
  97   -8.924295   -8.924295   0.00000000   0.00000198  -0.0000   0.7095  3-[ 3, 2, 1]
  98   -3.843643   -3.843643   0.00000000   0.00000057  -0.0000   0.8073  3-[ 3, 0, 1]
  99   -0.186808   -0.186808   0.00000000   0.00000054  -0.0000   0.7903  3-[ 3, 1, 2]
 100    6.339940  -31.506831   1.00000000   0.00000043  -0.0000   0.9723  3-[ 1, 0, 1]
 101   14.390044   14.390044   0.00000000   0.00000021  -0.0000   0.6075  3-[ 5, 2, 1]
 102   16.443535   16.443535   0.00000000   0.00000023  -0.0000   0.6237  3-[ 5, 0, 1]
 103   16.917370   16.917370   0.00000000   0.00000017  -0.0000   0.5515  3-[ 5, 4, 1]
 104   19.401591   19.401591   0.00000000   0.00000015  -0.0000   0.4925  3-[ 5, 1, 2]
 105   22.208736   22.208736   0.00000000   0.00000011  -0.0000   0.5534  3-[ 5, 3, 2]
 106   33.676622   33.676622   0.00000000   0.00000011  -0.0000   0.4502  3-[ 7, 2, 1]
 107   36.161875   36.161875   0.00000000   0.00000010  -0.0000   0.3542  3-[ 7, 6, 1]
 108   37.013038   37.013038   0.00000000   0.00000007  -0.0000   0.5653  3-[ 7, 4, 1]
 109   38.882166   38.882166   0.00000000   0.00000011  -0.0000   0.5060  3-[ 5, 0, 1]
 110   40.613132   40.613132   0.00000000   0.00000010  -0.0000   0.4242  3-[ 5, 1, 2]
 111   41.334919   41.334919   0.00000000   0.00000011  -0.0000   0.4377  3-[ 7, 5, 2]
 112   41.783072   41.783072   0.00000000   0.00000004  -0.0000   0.5228  3-[ 7, 3, 2]
 113   59.751894   59.751894   0.00000000   0.00000009  -0.0000   0.4281  3-[ 9, 2, 1]
 114    0.000000    0.000000   0.00000000   0.00000000  -0.0000   0.0000  3-[ 9, 0, 1]
 115    0.000000    0.000000   0.00000000   0.00000000  -0.0000   0.0000  3-[ 9, 0, 1]
 116    0.000000    0.000000   0.00000000   0.00000000  -0.0000   0.0000  3-[ 9, 0, 1]
 117    0.000000    0.000000   0.00000000   0.00000000  -0.0000   0.0000  3-[ 9, 0, 1]
 118    0.000000    0.000000   0.00000000   0.00000000  -0.0000   0.0000  3-[ 9, 0, 1]
 119    0.000000    0.000000   0.00000000   0.00000000  -0.0000   0.0000  3-[ 9, 0, 1]
 120    0.000000    0.000000   0.00000000   0.00000000  -0.0000   0.0000  3-[ 9, 0, 1]
 121    0.000000    0.000000   0.00000000   0.00000000  -0.0000   0.0000  3-[ 9, 0, 1]
 122   -4.555732  -20.611159   1.00000000   0.00000090  -0.0000   0.9720  5+[ 2, 0, 2]
 123    2.336872    2.336872   0.00000000   0.00000044  -0.0000   0.7818  5+[ 4, 2, 2]
 124    6.986717    6.986717   0.00000000   0.00000025  -0.0000   0.7847  5+[ 4, 0, 2]
 125   11.473923   11.473923   0.00000000   0.00000021  -0.0000   0.7787  5+[ 4, 1, 3]
 126   22.678945   22.678945   0.00000000   0.00000012  -0.0000   0.5375  5+[ 8, 0, 2]
 127   23.412065   23.412065   0.00000000   0.00000012  -0.0000   0.4264  5+[ 6, 4, 2]
 128   25.315548   25.315548   0.00000000   0.00000011  -0.0000   0.5503  5+[ 6, 4, 2]
 129   26.846832   26.846832   0.00000000   0.00000012  -0.0000   0.4099  5+[ 6, 1, 3]
 130   30.272505   30.272505   0.00000000   0.00000005  -0.0000   0.5380  5+[ 6, 3, 3]
 131   40.854133   40.854133   0.00000000   0.00000009  -0.0000   0.4577  5+[ 8, 6, 2]
 132   45.506478   45.506478   0.00000000   0.00000009  -0.0000   0.3864  5+[ 6, 4, 2]
 133   46.556829   46.556829   0.00000000   0.00000003  -0.0000   0.5561  5+[ 8, 4, 2]
 134   48.252203   48.252203   0.00000000   0.00000009  -0.0000   0.5877  5+[ 6, 0, 2]
 135   49.245515   49.245515   0.00000000   0.00000002  -0.0000   0.4649  5+[ 8, 5, 3]
 136   50.308834   50.308834   0.00000000   0.00000008  -0.0000   0.4304  5+[ 6, 3, 3]
 137   52.316402   52.316402   0.00000000   0.00000009  -0.0000   0.5182  5+[ 6, 1, 3]
 138    0.000000    0.000000   0.00000000   0.00000000  -0.0000   0.0000  5+[10, 0, 2]
 139    0.000000    0.000000   0.00000000   0.00000000  -0.0000   0.0000  5+[10, 0, 2]
 140    0.000000    0.000000   0.00000000   0.00000000  -0.0000   0.0000  5+[10, 0, 2]
 141    0.000000    0.000000   0.00000000   0.00000000  -0.0000   0.0000  5+[10, 0, 2]
 142    0.000000    0.000000   0.00000000   0.00000000  -0.0000   0.0000  5+[10, 0, 2]
 143    0.000000    0.000000   0.00000000   0.00000000  -0.0000   0.0000  5+[10, 0, 2]
 144    0.000000    0.000000   0.00000000   0.00000000  -0.0000   0.0000  5+[10, 0, 2]
 145    0.000000    0.000000   0.00000000   0.00000000  -0.0000   0.0000  5+[10, 0, 2]
 146    0.000000    0.000000   0.00000000   0.00000000  -0.0000   0.0000  5+[10, 0, 2]
 147   -9.175347   -9.175347   0.00000000   0.00000204  -0.0000   0.8975  5-[ 3, 1, 2]
 148   -0.533907   -0.533907   0.00000000   0.00000051  -0.0000   0.8740  5-[ 3, 0, 3]
 149   14.238677   14.238677   0.00000000   0.00000021  -0.0000   0.6511  5-[ 5, 3, 2]
 150   16.763292   16.763292   0.00000000   0.00000015  -0.0000   0.5795  5-[ 5, 1, 2]
 151   19.246869   19.246869   0.00000000   0.00000014  -0.0000   0.6244  5-[ 5, 0, 3]
 152   22.062067   22.062067   0.00000000   0.00000011  -0.0000   0.6783  5-[ 5, 2, 3]
 153   33.634661   33.634661   0.00000000   0.00000011  -0.0000   0.4971  5-[ 7, 5, 2]
 154   36.046460   36.046460   0.00000000   0.00000010  -0.0000   0.4034  5-[ 7, 1, 2]
 155   36.912855   36.912855   0.00000000   0.00000007  -0.0000   0.5894  5-[ 7, 3, 2]
 156   40.404206   40.404206   0.00000000   0.00000009  -0.0000   0.5297  5-[ 5, 0, 3]
 157   41.269845   41.269845   0.00000000   0.00000011  -0.0000   0.4234  5-[ 7, 4, 3]
 158   41.710795   41.710795   0.00000000   0.00000004  -0.0000   0.4973  5-[ 7, 2, 3]
 159   59.741072   59.741072   0.00000000   0.00000009  -0.0000   0.5200  5-[ 9, 7, 2]
 160    0.000000    0.000000   0.00000000   0.00000000  -0.0000   0.0000  5-[ 9, 1, 2]
 161    0.000000    0.000000   0.00000000   0.00000000  -0.0000   0.0000  5-[ 9, 1, 2]
 162    0.000000    0.000000   0.00000000   0.00000000  -0.0000   0.0000  5-[ 9, 1, 2]
 163    0.000000    0.000000   0.00000000   0.00000000  -0.0000   0.0000  5-[ 9, 1, 2]
 164    0.000000    0.000000   0.00000000   0.00000000  -0.0000   0.0000  5-[ 9, 1, 2]
 165    0.000000    0.000000   0.00000000   0.00000000  -0.0000   0.0000  5-[ 9, 1, 2]
 166    0.000000    0.000000   0.00000000   0.00000000  -0.0000   0.0000  5-[ 9, 1, 2]
 167    2.104540    2.104540   0.00000000   0.00000042  -0.0000   0.9180  7+[ 4, 1, 3]
 168   11.262338   11.262338   0.00000000   0.00000020  -0.0000   0.8390  7+[ 4, 0, 4]
 169   23.349809   23.349809   0.00000000   0.00000011  -0.0000   0.5874  7+[ 6, 1, 3]
 170   25.173953   25.173953   0.00000000   0.00000011  -0.0000   0.7051  7+[ 6, 3, 3]
 171   26.756061   26.756061   0.00000000   0.00000011  -0.0000   0.5396  7+[ 8, 0, 4]
 172   30.188604   30.188604   0.00000000   0.00000005  -0.0000   0.6382  7+[ 6, 2, 4]
 173   40.788688   40.788688   0.00000000   0.00000009  -0.0000   0.4884  7+[ 8, 5, 3]
 174   45.398098   45.398098   0.00000000   0.00000009  -0.0000   0.5027  7+[ 6, 1, 3]
 175   46.477298   46.477298   0.00000000   0.00000003  -0.0000   0.5545  7+[ 8, 3, 3]
 176   49.201108   49.201108   0.00000000   0.00000002  -0.0000   0.5762  7+[ 8, 4, 4]
 177   50.218062   50.218062   0.00000000   0.00000008  -0.0000   0.5103  7+[ 6, 2, 4]
 178   52.168046   52.168046   0.00000000   0.00000008  -0.0000   0.6254  7+[ 6, 0, 4]
 179    0.000000    0.000000   0.00000000   0.00000000  -0.0000   0.0000  7+[10, 1, 3]
 180    0.000000    0.000000   0.00000000   0.00000000  -0.0000   0.0000  7+[10, 1, 3]
 181    0.000000    0.000000   0.00000000   0.00000000  -0.0000   0.0000  7+[10, 1, 3]
 182    0.000000    0.000000   0.00000000   0.00000000  -0.0000   0.0000  7+[10, 1, 3]
 183    0.000000    0.000000   0.00000000   0.00000000  -0.0000   0.0000  7+[10, 1, 3]
 184    0.000000    0.000000   0.00000000   0.00000000  -0.0000   0.0000  7+[10, 1, 3]
 185    0.000000    0.000000   0.00000000   0.00000000  -0.0000   0.0000  7+[10, 1, 3]
 186    0.000000    0.000000   0.00000000   0.00000000  -0.0000   0.0000  7+[10, 1, 3]
 187   -9.440654   -9.440654   0.00000000   0.00000210  -0.0000   0.9765  7-[ 3, 0, 3]
 188   14.046130   14.046130   0.00000000   0.00000020  -0.0000   0.8215  7-[ 5, 2, 3]
 189   16.638787   16.638787   0.00000000   0.00000015  -0.0000   0.7555  7-[ 5, 0, 3]
 190   21.914191   21.914191   0.00000000   0.00000010  -0.0000   0.7658  7-[ 5, 1, 4]
 191   33.573867   33.573867   0.00000000   0.00000010  -0.0000   0.4829  7-[ 7, 2, 3]
 192   35.919060   35.919060   0.00000000   0.00000010  -0.0000   0.5724  7-[ 7, 0, 3]
 193   36.786876   36.786876   0.00000000   0.00000007  -0.0000   0.6083  7-[ 7, 4, 3]
 194   41.177457   41.177457   0.00000000   0.00000010  -0.0000   0.4865  7-[ 7, 1, 4]
 195   41.625459   41.625459   0.00000000   0.00000004  -0.0000   0.6243  7-[ 7, 3, 4]
 196   59.717116   59.717116   0.00000000   0.00000008  -0.0000   0.6068  7-[ 9, 6, 3]
 197    0.000000    0.000000   0.00000000   0.00000000  -0.0000   0.0000  7-[ 9, 0, 3]
 198    0.000000    0.000000   0.00000000   0.00000000  -0.0000   0.0000  7-[ 9, 0, 3]
 199    0.000000    0.000000   0.00000000   0.00000000  -0.0000   0.0000  7-[ 9, 0, 3]
 200    0.000000    0.000000   0.00000000   0.00000000  -0.0000   0.0000  7-[ 9, 0, 3]
 201    0.000000    0.000000   0.00000000   0.00000000  -0.0000   0.0000  7-[ 9, 0, 3]
 202    0.000000    0.000000   0.00000000   0.00000000  -0.0000   0.0000  7-[ 9, 0, 3]
 203    1.889383    1.889383   0.00000000   0.00000041  -0.0000   0.9778  9+[ 4, 0, 4]
 204   23.292926   23.292926   0.00000000   0.00000011  -0.0000   0.6969  9+[ 6, 0, 4]
 205   25.027713   25.027713   0.00000000   0.00000011  -0.0000   0.8275  9+[ 6, 2, 4]
 206   30.114393   30.114393   0.00000000   0.00000005  -0.0000   0.7068  9+[ 6, 1, 5]
 207   40.712929   40.712929   0.00000000   0.00000009  -0.0000   0.5034  9+[ 8, 2, 4]
 208   45.296139   45.296139   0.00000000   0.00000008  -0.0000   0.6026  9+[ 6, 0, 4]
 209   46.390425   46.390425   0.00000000   0.00000003  -0.0000   0.6213  9+[ 8, 4, 4]
 210   49.153642   49.153642   0.00000000   0.00000002  -0.0000   0.6715  9+[ 8, 3, 5]
 211   50.122148   50.122148   0.00000000   0.00000008  -0.0000   0.5625  9+[ 6, 1, 5]
 212    0.000000    0.000000   0.00000000   0.00000000  -0.0000   0.0000  9+[10, 0, 4]
 213    0.000000    0.000000   0.00000000   0.00000000  -0.0000   0.0000  9+[10, 0, 4]
 214    0.000000    0.000000   0.00000000   0.00000000  -0.0000   0.0000  9+[10, 0, 4]
 215    0.000000    0.000000   0.00000000   0.00000000  -0.0000   0.0000  9+[10, 0, 4]
 216    0.000000    0.000000   0.00000000   0.00000000  -0.0000   0.0000  9+[10, 0, 4]
 217    0.000000    0.000000   0.00000000   0.00000000  -0.0000   0.0000  9+[10, 0, 4]
 218    0.000000    0.000000   0.00000000   0.00000000  -0.0000   0.0000  9+[10, 0, 4]
 219   13.850857   13.850857   0.00000000   0.00000020  -0.0000   0.9300  9-[ 5, 1, 4]
 220   21.780078   21.780078   0.00000000   0.00000010  -0.0000   0.8119  9-[ 5, 0, 5]
 221   33.504205   33.504205   0.00000000   0.00000010  -0.0000   0.6969  9-[ 7, 1, 4]
 222   36.653435   36.653435   0.00000000   0.00000007  -0.0000   0.7476  9-[ 7, 3, 4]
 223   41.092668   41.092668   0.00000000   0.00000010  -0.0000   0.5933  9-[ 7, 0, 5]
 224   41.544040   41.544040   0.00000000   0.00000004  -0.0000   0.7386  9-[ 7, 2, 5]
 225   59.675027   59.675027   0.00000000   0.00000008  -0.0000   0.6173  9-[ 9, 5, 4]
 226    0.000000    0.000000   0.00000000   0.00000000  -0.0000   0.0000  9-[ 9, 1, 4]
 227    0.000000    0.000000   0.00000000   0.00000000  -0.0000   0.0000  9-[ 9, 1, 4]
 228    0.000000    0.000000   0.00000000   0.00000000  -0.0000   0.0000  9-[ 9, 1, 4]
 229    0.000000    0.000000   0.00000000   0.00000000  -0.0000   0.0000  9-[ 9, 1, 4]
 230    0.000000    0.000000   0.00000000   0.00000000  -0.0000   0.0000  9-[ 9, 1, 4]
 231   24.892263   24.892263   0.00000000   0.00000011  -0.0000   0.9086 11+[ 6, 1, 5]
 232   30.044939   30.044939   0.00000000   0.00000005  -0.0000   0.7419 11+[ 6, 0, 6]
 233   40.636382   40.636382   0.00000000   0.00000008  -0.0000   0.6808 11+[ 8, 1, 5]
 234   46.305526   46.305526   0.00000000   0.00000003  -0.0000   0.7406 11+[ 8, 3, 5]
 235   49.109916   49.109916   0.00000000   0.00000002  -0.0000   0.7467 11+[ 8, 2, 6]
 236   50.039391   50.039391   0.00000000   0.00000008  -0.0000   0.5873 11+[ 6, 0, 6]
 237    0.000000    0.000000   0.00000000   0.00000000  -0.0000   0.0000 11+[10, 1, 5]
 238    0.000000    0.000000   0.00000000   0.00000000  -0.0000   0.0000 11+[10, 1, 5]
 239    0.000000    0.000000   0.00000000   0.00000000  -0.0000   0.0000 11+[10, 1, 5]
 240    0.000000    0.000000   0.00000000   0.00000000  -0.0000   0.0000 11+[10, 1, 5]
 241    0.000000    0.000000   0.00000000   0.00000000  -0.0000   0.0000 11+[10, 1, 5]
 242    0.000000    0.000000   0.00000000   0.00000000  -0.0000   0.0000 11+[10, 1, 5]
 243   13.675055   13.675055   0.00000000   0.00000019  -0.0000   0.9785 11-[ 5, 0, 5]
 244   33.443830   33.443830   0.00000000   0.00000009  -0.0000   0.8034 11-[ 7, 0, 5]
 245   36.527204   36.527204   0.00000000   0.00000007  -0.0000   0.8551 11-[ 7, 2, 5]
 246   41.475444   41.475444   0.00000000   0.00000004  -0.0000   0.8114 11-[ 7, 1, 6]
 247   59.614679   59.614679   0.00000000   0.00000008  -0.0000   0.6255 11-[ 9, 2, 5]
 248    0.000000    0.000000   0.00000000   0.00000000  -0.0000   0.0000 11-[ 9, 0, 5]
 249    0.000000    0.000000   0.00000000   0.00000000  -0.0000   0.0000 11-[ 9, 0, 5]
 250    0.000000    0.000000   0.00000000   0.00000000  -0.0000   0.0000 11-[ 9, 0, 5]
 251    0.000000    0.000000   0.00000000   0.00000000  -0.0000   0.0000 11-[ 9, 0, 5]
 252   24.768298   24.768298   0.00000000   0.00000010  -0.0000   0.9489 13+[ 6, 0, 6]
 253   40.571942   40.571942   0.00000000   0.00000008  -0.0000   0.7700 13+[ 8, 0, 6]
 254   46.229113   46.229113   0.00000000   0.00000003  -0.0000   0.8322 13+[ 8, 2, 6]
 255   49.072126   49.072126   0.00000000   0.00000002  -0.0000   0.7986 13+[ 8, 1, 7]
 256    0.000000    0.000000   0.00000000   0.00000000  -0.0000   0.0000 13+[10, 0, 6]
 257    0.000000    0.000000   0.00000000   0.00000000  -0.0000   0.0000 13+[10, 0, 6]
 258    0.000000    0.000000   0.00000000   0.00000000  -0.0000   0.0000 13+[10, 0, 6]
 259    0.000000    0.000000   0.00000000   0.00000000  -0.0000   0.0000 13+[10, 0, 6]
 260    0.000000    0.000000   0.00000000   0.00000000  -0.0000   0.0000 13+[10, 0, 6]
 261   36.414925   36.414925   0.00000000   0.00000006  -0.0000   0.9257 13-[ 7, 1, 6]
 262   41.409467   41.409467   0.00000000   0.00000004  -0.0000   0.8441 13-[ 7, 0, 7]
 263   59.546084   59.546084   0.00000000   0.00000008  -0.0000   0.8239 13-[ 9, 1, 6]
 264    0.000000    0.000000   0.00000000   0.00000000  -0.0000   0.0000 13-[ 9, 1, 6]
 265    0.000000    0.000000   0.00000000   0.00000000  -0.0000   0.0000 13-[ 9, 1, 6]
 266    0.000000    0.000000   0.00000000   0.00000000  -0.0000   0.0000 13-[ 9, 1, 6]
 267   46.161820   46.161820   0.00000000   0.00000003  -0.0000   0.8924 15+[ 8, 1, 7]
 268   49.032405   49.032405   0.00000000   0.00000002  -0.0000   0.8264 15+[ 8, 0, 8]
 269    0.000000    0.000000   0.00000000   0.00000000  -0.0000   0.0000 15+[10, 1, 7]
 270    0.000000    0.000000   0.00000000   0.00000000  -0.0000   0.0000 15+[10, 1, 7]
 271    0.000000    0.000000   0.00000000   0.00000000  -0.0000   0.0000 15+[10, 1, 7]
 272    0.000000    0.000000   0.00000000   0.00000000  -0.0000   0.0000 15+[10, 1, 7]
 273   36.307995   36.307995   0.00000000   0.00000006  -0.0000   0.9604 15-[ 7, 0, 7]
 274   59.500035   59.500035   0.00000000   0.00000008  -0.0000   0.9272 15-[ 9, 0, 7]
 275    0.000000    0.000000   0.00000000   0.00000000  -0.0000   0.0000 15-[ 9, 0, 7]
 276    0.000000    0.000000   0.00000000   0.00000000  -0.0000   0.0000 15-[ 9, 0, 7]
 277   46.093641   46.093641   0.00000000   0.00000003  -0.0000   0.9222 17+[ 8, 0, 8]
 278    0.000000    0.000000   0.00000000   0.00000000  -0.0000   0.0000 17+[10, 0, 8]
 279    0.000000    0.000000   0.00000000   0.00000000  -0.0000   0.0000 17+[10, 0, 8]
 280    0.000000    0.000000   0.00000000   0.00000000  -0.0000   0.0000 17+[10, 0, 8]
  Sum canonical e_v*V^2_k=  -471.41631202281644     

  NB! From expect (UNPROJECTED RESULTS)

  pairing: CpV0,CpV1,...        -280.000000    -280.000000       0.500000       0.500000
  forces:   SKM*                          
  Blocked neutron block       2


                             neutrons         protons         total
  Requested part.numbs.      27.000000      20.000000      47.000000
  UnPj(av) part.numbs .      27.000000      20.000000      47.000000
  b0, bz, bp ..........       1.750004       1.750004       1.750004

  lambda (ala) ........      -8.168676     -12.583445
  Lambda (alast) ......     -10.181604     -13.510115
  delta(n,p), pwi .....       0.000070      -0.000014      60.000000
  pairing energy ......      -0.000000      -0.000000      -0.000000

  rms-radius ..........       3.573004       3.442663       3.518130
  charge-radius, r0 ...                      3.535137       4.361089
  deformation beta2....      -0.031426      -0.017085      -0.025583
  dipole moment[fm] ...       0.000000       0.000000       0.000000
  quadrupole moment[b]       -0.136658      -0.051092      -0.187750
  octupole moment .....       0.000000       0.000000       0.000000
  hexadecapole moment .      -0.002970      -0.000851      -0.003820
  q5 ..................       0.000000       0.000000       0.000000
  q6 ..................      -0.000287      -0.000022      -0.000309
  q7 ..................       0.000000       0.000000       0.000000
  q8 ..................       0.000003       0.000001       0.000004

  <Jx^2> from rho .....       0.032621       0.009873       0.042494
  <Jx^2> from kappa ...      -0.000000      -0.000000      -0.000000
  <J^2> = 2*<Jx^2> ....       0.065242       0.019746       0.084988

  kinetic energy ......     494.788757     310.644979     805.433736
  volume energy .......                                 -1373.092815
        rho_tau .......                                   140.260240
        rho_rho .......                                 -1513.353056
  surface energy ......                                   117.807349
   rho_DELTA_rho ......                                   117.807349
   (NABLA_rho)^2 ......                                     0.000000
  spin-orbit energy ...                                   -30.925352
        rho_NABLA_J ...                                   -30.925352
        NABLA_rho_J ...                                     0.000000
  coulomb energy ......                                    71.423592
          direct ......                                    78.863681
          exchange ....                                    -7.440089
          pairing .....                                     0.000000
  tensor energy .......                                     0.000000
  direct Hartree E  ...                                     0.000000
  Extra E .............                                     0.000000
  External field E ....                                     0.000000
  Entropy .............       0.000000       0.000000       0.000000

  tEnergy: ehfb (qp)...                                  -409.353490

  Calculated but not added corrections
  ====================================
  cmc-diagonal part ...      10.756277       6.753152      17.509429
  cmc-hfb .............       0.000000       0.000000       0.000000
  cranking rot corr ...       0.000000       0.000000       0.000000

  SQUJ ................       0.000000       0.000000       0.000000
  CRAN x 4 ............       0.000000       0.000000       0.000000
  Rigit Body ..........       0.000000       0.000000       0.000000


   Blocking candidates are:
   neutron eqpmin=   2.0129277464956097       pwiblo=   1.0000000000000000     
    num=   1 block=   2 state=   2    27 Eqp=   2.12244007  (1-2N)E=  -0.00000000  overl=   0.59987510  1-[ 3, 1, 0]

   Blocking candidates are:
   proton  eqpmin=  0.92666920926074203       pwiblo=   1.0000000000000000     


Distributed parallelism with MPI     : 1 tasks/HFBTHO
Multi-threading framework with OpenMP: 4 threads/task

  ==========================================
           FORTRAN 95 CODE (KIND= 8) 
 git: parent: 3cae9cc3ec7a0c93cd724b300dc0d972f613f33e
  ==========================================
       AXIALLY DEFORMED CONFIGURATIONAL     
     HARTREE-FOCK-BOGOLIUBOV CALCULATIONS   
                     WITH                   
      SKYRME+DELTA PAIRING OR GOGNY EDFs    
                  USING THE                 
             HARMONIC-OSCILLATOR            
                    AND/OR                  
        TRANSFORMED HARMONIC-OSCILLATOR     
                    BASIS                   
                     ---                    
                v1.66  (2005)               
    Stoitsov, Dobaczewski, Nazarewicz, Ring 
                v2.00d (2012)               
        Stoitsov, Schunck, Kortelainen      
                v3.00  (2016)               
            Schunck, Navarro Perez          
  ==========================================
    Nucleus: Ca (A=  47, N= 27, Z= 20)
       Reflection Symmetry Imposed       
            (10/12/2021,  8: 3)                               
  ==========================================


  ---------------------------------------
           UNEDF Module Version: 17
         M.Kortelainen & M.Stoitsov 
  ---------------------------------------

  SKM* functional
  ----------------------------------------
  Crho(0)=   -991.875000000000000    ; Crho(1)=    390.137499999999989    
  CDrho(0)=   974.687500000000000    ; CDrho(1)=  -324.895833333333314    
  Ctau(0)=    34.6875000000000000    ; Ctau(1)=   -34.0625000000000000    
  CrDr(0)=   -68.2031250000000000    ; CrDr(1)=    17.1093750000000000    
  CrdJ(0)=   -97.5000000000000000    ; CrdJ(1)=   -32.5000000000000000    
  CJ(0)=      34.0625000000000000    ; CJ(1)=      34.0625000000000000    
  CpV0(0)=   -280.000000000000000    ; CpV0(1)=   -280.000000000000000    
  CpV1(0)=   0.500000000000000000    ; CpV1(1)=   0.500000000000000000    
  sigma=     0.166666666666666657    ; hbzero=     20.7300000000000004    
  functional has DME couplings: F
  use 3-Nucleon DME couplings: F
  e^2 chrg=   1.43997840859651349    ; CExPar=     1.00000000000000000    
  c.m. correction: T, chr. density in direct Coul: F
  use tensor terms: F

  Coupling constants in natural units
  ----------------------------------------
  Crho_nu(0)=   -1.11697019706649536    ; Crho_nu(1)=   0.439341610846154806    
  CDrho_nu(0)=   1.05494661920042820    ; CDrho_nu(1)= -0.351648873066809420    
  Ctau_nu(0)=   0.491699256216479808    ; Ctau_nu(1)=  -0.482839810158525229    
  CrDr_nu(0)=  -0.966787051074294745    ; CrDr_nu(1)=   0.242527335836506930    
  CrdJ_nu(0)=   -1.38207358504091626    ; CrdJ_nu(1)=  -0.460691195013638755    
  CJ_nu(0)=     0.482839810158525229    ; CJ_nu(1)=     0.482839810158525229    
  CpV0_nu(0)=  -0.315313577999867589    ; CpV0_nu(1)=  -0.315313577999867589    
  CpV1_nu(0)=   0.443851127103029534E-03; CpV1_nu(1)=   0.443851127103029534E-03
  fpi_nu=        93.0000000000000000    ; Lambda_nu=     700.000000000000000    

  Nuclear matter properties
  ----------------------------------------
  E_NM=      -15.7762359616147627    ; K_NM=        216.657542303868979    
  P_NM=     -0.730495530692525363E-15; RHO_NM=     0.160318515964671449    
  ASS_NM=     30.0323865018228560    ; LASS_NM=     45.7703887670942962    
  SMASS_NM=   1.26826090316085582    ; VMASS_NM=    1.53168827653502970    

  Associated (t,x)-coupling constants
  ----------------------------------------
  t0=      -2645.00000000000000    ; x0=       0.899999999999999689E-01
  t1=       410.000000000000000    ; x1=        0.00000000000000000    
  t2=      -135.000000000000000    ; x2=        0.00000000000000000    
  t3=       15595.0000000000000    ; x3=       -0.00000000000000000    
  b4=       65.0000000000000000    ; b4p=       65.0000000000000000    
  te=       0.00000000000000000    ; to=        0.00000000000000000    
  sigma=   0.166666666666666657    ; hbzero=    20.7300000000000004    

  ---------------------------------------
        Characteristics of the run       
  ---------------------------------------
  Output file ................:    57
  Nucleus ....................:   Ca  47
  Number of HO shells ........:    10
  HO length b0 (fm) ..........:     1.75000371403579
  Basis deformation ..........:  beta0=   0.000 q=   1.000
  HO: b0,1/b0,bp,bz,q ........:   0.17500037E+01  0.57142736E+00  0.17500037E+01  0.17500037E+01  0.10000000E+01
  h**2/(2m_n), cmc, e**2 .....:   0.20730000E+02  0.20288936E+02  0.14399784E+01
  h**2/(2m_p), cmc, e**2 .....:   0.20730000E+02  0.20288936E+02  0.14399784E+01
  hom=f*41.0_pr*A^{-1/3}, f...:   0.13537902E+02  0.12000000E+01
  THO basis is ...............:  OFF
  Maximal number of iterations:    50
  Initial mixing parameter ...:  0.900
  Initial wave functions from :  tape
  Energy functional ..........:    SKM*                          
    direct Coulomb by substitution method, exchange Coulomb with Slater approximation
  Pairing cutoff energy ......:    60.00 MeV
  Lipkin-Nogami procedure is .:  OFF
  PAV procedure is ...........:  OFF
  Constraint calculation is ..:  OFF
  Neutron blocking is ........:   ON
  Temperature T ..............:   0.00 MeV
  Pairing regularization is ..:  OFF
  Collective inertia is ......:  OFF
  Fission fragments are ......:  OFF
  Restart indicator ..........:  -1
  Broyden mixing (#iterations):   7

  ---------------------------------------
        Harmonic Oscillator Basis        
  ---------------------------------------
  NUV, NQP:                        6222     286
  Comparison with bookkeeping spherical basis:
  n00:                               10      10  Maximal number of shells
  nbx, 2*n00+1:                      21      21  Maximal number of K-blocks
  ntx, (n00+1)*(n00+2)*(n00+3)/6    286     286  Max.num. p/n levels
  nzx, n00:                          10      10  Maximal nz-quantum number
  nrx, n00/2  :                       5       5  Maximal nr-quantum number
  nlx, n00:                          10      10  Maximal ml-quantum number
  ndx, (n00+2)*(n00+2)/4:            36      36  Maximal dim. of one k-block

  Actual basis used
  Number of blocks: nb .......:   21
  Number of levels: nt .......:  286
  Maximal 2*omega : nom ......:   21
  Maximal nz:       nzm ......:   10
  Maximal nr:       nrm ......:    5
  Maximal ml:       nlm ......:   10
  Maximal N=nz+2*nr+nl .......:   10
  2 x biggest block dim. .....:   72
  Non-zero elements of h .....:     3254
  Number of Broyden elements .:    13016

  ---------------------------------------
            Integration Meshes           
  ---------------------------------------
  Number of Gauss-Hermite mesh points ngh ....:  40
  Number of Gauss-Laguerre mesh points ngl ...:  40
  Number of Gauss-Legendre mesh points nleg ..:  80
  Integration boundaries
    Hermite  - from xh(1)  =  0.12379686 to xh(ngh)   = 11.88786356
    Laguerre - From xl(1)  =  0.03570039 to xl(ngl)   =142.28004447
    Legendre - From xleg(1)=  0.00978669 to xleg(nleg)=  0.99988775
  Max.dev.in:     Orthogonality            Normalization
  Hermite     1.5150139407621233E-015   1.0658141036401503E-014
  Laguerre    4.3068680416470186E-015   8.2156503822261584E-015

  Reading from wel_file: hfbtho_output.hel


  ### REGULAR STAGE (reflection symmetry imposed)
  |HFB+HO> iterations(b0=  1.750, Nsh= 10, inin= -1, N= 27, Z= 20)...
  ----------------------------------------------------------------------------------------------------------------------------------
  i          si     mix   beta      Etot       A       rn      rp         En      Dn      Ep      Dp        Ln      Lp     time  time(Gog.)
  ----------------------------------------------------------------------------------------------------------------------------------
   0N   0.00000479 0.52  0.000  -419.293870   48.0   3.595   3.446 |   -0.000   0.000  -0.000  -0.000 |  -10.337 -14.646   0.000   0.000
    neutron Blocking: block=  4 state=  2   Eqp=   2.19529550  Dqpe=  -0.06808288  Ovlp=   1.00000000   2/  6  3-[ 3, 2, 1]
   1B   0.96458326 0.20 -0.007  -409.196008   47.0   3.575   3.446 |   -0.000   0.000  -0.000  -0.000 |  -10.337 -14.646   6.047   0.000
    neutron Blocking: block=  4 state=  2   Eqp=   2.34444466  Dqpe=   0.22815914  Ovlp=   0.99991571   2/  6  3-[ 3, 2, 1]
   2B   0.31524547 0.22 -0.008  -409.281063   47.0   3.575   3.443 |   -0.000   0.000  -0.000  -0.000 |  -10.294 -13.998   0.196   0.000
    neutron Blocking: block=  4 state=  2   Eqp=   2.22763981  Dqpe=   0.14835256  Ovlp=   0.99996029   2/  6  3-[ 3, 2, 1]
   3B   0.17808444 0.24 -0.010  -409.297729   47.0   3.573   3.443 |   -0.000   0.000  -0.000  -0.000 |  -10.257 -13.819   0.196   0.000
    neutron Blocking: block=  4 state=  2   Eqp=   2.24453268  Dqpe=   0.19657847  Ovlp=   0.99999009   2/  6  3-[ 3, 2, 1]
   4B   0.06504320 0.27 -0.012  -409.305436   47.0   3.573   3.443 |   -0.000   0.000  -0.000  -0.000 |  -10.226 -13.708   0.195   0.000
    neutron Blocking: block=  4 state=  2   Eqp=   2.23765986  Dqpe=   0.18216252  Ovlp=   0.99999540   2/  6  3-[ 3, 2, 1]
   5B   0.04650166 0.29 -0.013  -409.307339   47.0   3.573   3.442 |   -0.000   0.000  -0.000  -0.000 |  -10.213 -13.681   0.196   0.000
    neutron Blocking: block=  4 state=  2   Eqp=   2.22596500  Dqpe=   0.18558751  Ovlp=   0.99998875   2/  6  3-[ 3, 2, 1]
   6B   0.02181572 0.32 -0.014  -409.309075   47.0   3.573   3.442 |   -0.000   0.000  -0.000  -0.000 |  -10.198 -13.652   0.196   0.000
    neutron Blocking: block=  4 state=  2   Eqp=   2.21814245  Dqpe=   0.19038284  Ovlp=   0.99999288   2/  6  3-[ 3, 2, 1]
   7B   0.00905467 0.35 -0.016  -409.309740   47.0   3.572   3.442 |   -0.000   0.000  -0.000  -0.000 |  -10.185 -13.637   0.198   0.000
    neutron Blocking: block=  4 state=  2   Eqp=   2.21623920  Dqpe=   0.19198727  Ovlp=   0.99999864   2/  6  3-[ 3, 2, 1]
   8B   0.00330650 0.39 -0.016  -409.309838   47.0   3.573   3.442 |   -0.000   0.000  -0.000  -0.000 |  -10.182 -13.630   0.197   0.000
    neutron Blocking: block=  4 state=  2   Eqp=   2.21582502  Dqpe=   0.19253943  Ovlp=   0.99999994   2/  6  3-[ 3, 2, 1]
   9B   0.00082894 0.43 -0.016  -409.309843   47.0   3.573   3.442 |   -0.000   0.000  -0.000  -0.000 |  -10.181 -13.629   0.196   0.000
    neutron Blocking: block=  4 state=  2   Eqp=   2.21581067  Dqpe=   0.19260625  Ovlp=   1.00000000   2/  6  3-[ 3, 2, 1]
  10B   0.00029788 0.47 -0.016  -409.309844   47.0   3.573   3.442 |   -0.000   0.000  -0.000  -0.000 |  -10.181 -13.629   0.196   0.000
    neutron Blocking: block=  4 state=  2   Eqp=   2.21577648  Dqpe=   0.19260545  Ovlp=   1.00000000   2/  6  3-[ 3, 2, 1]
  11B   0.00014892 0.52 -0.016  -409.309844   47.0   3.573   3.442 |   -0.000   0.000  -0.000  -0.000 |  -10.181 -13.629   0.197   0.000
    neutron Blocking: block=  4 state=  2   Eqp=   2.21575590  Dqpe=   0.19262087  Ovlp=   1.00000000   2/  6  3-[ 3, 2, 1]
  12B   0.00005871 0.57 -0.016  -409.309844   47.0   3.573   3.442 |   -0.000   0.000  -0.000  -0.000 |  -10.181 -13.629   0.196   0.000
    neutron Blocking: block=  4 state=  2   Eqp=   2.21575452  Dqpe=   0.19263129  Ovlp=   1.00000000   2/  6  3-[ 3, 2, 1]
  13B   0.00001490 0.63 -0.016  -409.309844   47.0   3.573   3.442 |   -0.000   0.000  -0.000  -0.000 |  -10.180 -13.629   0.196   0.000
    neutron Blocking: block=  4 state=  2   Eqp=   2.21575773  Dqpe=   0.19263165  Ovlp=   1.00000000   2/  6  3-[ 3, 2, 1]
  14B   0.00001207 0.69 -0.016  -409.309844   47.0   3.573   3.442 |   -0.000   0.000  -0.000  -0.000 |  -10.180 -13.629   0.197   0.000
    neutron Blocking: block=  4 state=  2   Eqp=   2.21575930  Dqpe=   0.19263354  Ovlp=   1.00000000   2/  6  3-[ 3, 2, 1]
  15B   0.00001129 0.76 -0.016  -409.309844   47.0   3.573   3.442 |   -0.000   0.000  -0.000  -0.000 |  -10.180 -13.629   0.197   0.000
    neutron Blocking: block=  4 state=  2   Eqp=   2.21575981  Dqpe=   0.19263365  Ovlp=   1.00000000   2/  6  3-[ 3, 2, 1]
  16B   0.00001057 0.84 -0.016  -409.309844   47.0   3.573   3.442 |   -0.000   0.000  -0.000  -0.000 |  -10.180 -13.629   0.200   0.000
    neutron Blocking: block=  4 state=  2   Eqp=   2.21576015  Dqpe=   0.19263352  Ovlp=   1.00000000   2/  6  3-[ 3, 2, 1]
  17B   0.00000885 0.90 -0.016  -409.309844   47.0   3.573   3.442 |   -0.000   0.000  -0.000  -0.000 |  -10.180 -13.629   0.196   0.000
    neutron Blocking: block=  4 state=  2   Eqp=   2.21576103  Dqpe=   0.19263359  Ovlp=   1.00000000   2/  6  3-[ 3, 2, 1]
  17N   0.00000885 0.90 -0.016  -409.309844   47.0   3.573   3.442 |   -0.000   0.000  -0.000  -0.000 |  -10.180 -13.629   0.195   0.000
  ----------------------------------------------------------------------------------------------------------------------------------
  *   iteration converged   after  17 steps   si=     0.0000088521 ho=  0 tho=  0
  ----------------------------------------------------------------------------------------------------------------------------------
  Total CPU time=   0.156 minutes
    neutron Blocking: block=  4 state=  2   Eqp=   2.21576016  Dqpe=   0.19263304  Ovlp=   1.00000000   2/  6  3-[ 3, 2, 1]


 #quasiparticle energies neutrons
 --------------------------------
  eqp(k) -> q.p. energy 
  e(k)   -> referent s.p. energy 
  p(k)   -> occ.probability 
  del(k) -> referent s.p. gap 
  fermi energy alast=  -10.180493506176793     
  #k  block#    eqp(k)     e(k)       (1-2N)E      decay        p(k)        del(k)    overl      labels
   1    1     6.572165  -14.729532   -6.572165    1.704099    1.00000000   0.0001   0.7556  1+[ 2, 1, 1]
   2    1     8.682990  -16.840357   -8.682990    1.822116    1.00000000   0.0001   0.7661  1+[ 2, 0, 0]
   3    1     8.832326    0.674960    8.832326    1.830177    0.00000000   0.0001   0.5996  1+[ 4, 2, 0]
   4    1    12.010837    3.853471   12.010837    1.994040    0.00000000   0.0001   0.4770  1+[ 4, 4, 0]
   5    1    13.088329    4.930962   13.088329    2.046613    0.00000000   0.0001   0.5100  1+[ 4, 0, 0]
   6    1    13.125173  -21.282539  -13.125173    2.048387    1.00000000   0.0001   0.6261  1+[ 2, 1, 1]
   7    1    14.021854    5.864487   14.021854    2.091094    0.00000000   0.0000   0.4654  1+[ 4, 1, 1]
   8    1    18.099114    9.941748   18.099114    2.275195    0.00000000   0.0000   0.4800  1+[ 4, 3, 1]
   9    1    27.268585   19.111218   27.268585    2.642781    0.00000000   0.0000   0.3143  1+[ 8, 0, 0]
  10    1    27.950476   19.793110   27.950476    2.668094    0.00000000   0.0000   0.3520  1+[ 6, 5, 1]
  11    1    28.963057   20.805691   28.963057    2.705246    0.00000000   0.0000   0.4342  1+[ 4, 0, 0]
  12    1    29.241237   21.083871   29.241237    2.715364    0.00000000   0.0000   0.3062  1+[ 4, 1, 1]
  13    1    30.291970   22.134604   30.291970    2.753245    0.00000000   0.0000   0.4936  1+[ 6, 4, 0]
  14    1    32.172823   24.015456   32.172823    2.819782    0.00000000   0.0000   0.2935  1+[ 8, 1, 1]
  15    1    35.187121   27.029755   35.187121    2.923259    0.00000000   0.0000   0.4212  1+[ 6, 3, 1]
  16    1    36.168824  -44.326190  -36.168824    2.956178    1.00000000   0.0001   0.9865  1+[ 0, 0, 0]
  17    1    45.607823   37.450457   45.607823    3.255749    0.00000000   0.0000   0.3706  1+[ 8, 2, 0]
  18    1    49.978559   41.821192   49.978559    3.385499    0.00000000   0.0000   0.3061  1+[ 6, 5, 1]
  19    1    50.847962   42.690596   50.847962    3.410719    0.00000000   0.0000   0.4753  1+[ 8, 4, 0]
  20    1    52.395184   44.237818   52.395184    3.455147    0.00000000   0.0000   0.3628  1+[ 6, 6, 0]
  21    1    53.862201   45.704835   53.862201    3.496751    0.00000000   0.0000   0.4216  1+[ 8, 5, 1]
  22    1    54.933056   46.775690   54.933056    3.526810    0.00000000   0.0001   0.4674  1+[ 6, 0, 0]
  23    1    55.745966   47.588600   55.745966    3.549459    0.00000000   0.0000   0.3371  1+[ 6, 1, 1]
  24    1    56.521150   48.363784   56.521150    3.570922    0.00000000   0.0000   0.3842  1+[ 6, 3, 1]
  25    1    57.174090   49.016724   57.174090    3.588901    0.00000000   0.0000   0.3742  1+[ 6, 1, 1]
  26    2     1.785512   -6.371854    1.785512    1.400092    0.00000000   0.0001   0.5817  1-[ 3, 3, 0]
  27    2     2.023127  -10.180494   -2.023127    1.416722    1.00000000   0.0001   0.5775  1-[ 3, 1, 0]
  28    2     3.976754   -4.180612    3.976754    1.546694    0.00000000   0.0000   0.6489  1-[ 3, 0, 1]
  29    2     7.088600   -1.068766    7.088600    1.733716    0.00000000   0.0001   0.6326  1-[ 3, 2, 1]
  30    2    19.992423   11.835057   19.992423    2.355797    0.00000000   0.0001   0.5417  1-[ 5, 3, 0]
  31    2    20.958280   12.800914   20.958280    2.395872    0.00000000   0.0001   0.3677  1-[ 5, 0, 1]
  32    2    21.443251   13.285884   21.443251    2.415743    0.00000000   0.0002   0.4558  1-[ 5, 5, 0]
  33    2    21.481447  -29.638813  -21.481447    2.417301    1.00000000   0.0003   0.7901  1-[ 1, 0, 1]
  34    2    22.162229   14.004863   22.162229    2.444905    0.00000000   0.0003   0.4300  1-[ 5, 0, 1]
  35    2    24.096493   15.939126   24.096493    2.521687    0.00000000   0.0000   0.3923  1-[ 5, 4, 1]
  36    2    24.582542  -32.739908  -24.582542    2.540616    1.00000000   0.0001   0.7840  1-[ 1, 1, 0]
  37    2    27.800601   19.643235   27.800601    2.662551    0.00000000   0.0000   0.4520  1-[ 5, 2, 1]
  38    2    38.297779   30.140413   38.297779    3.026337    0.00000000   0.0000   0.3757  1-[ 7, 2, 1]
  39    2    40.554991   32.397624   40.554991    3.098988    0.00000000   0.0000   0.3129  1-[ 7, 1, 0]
  40    2    41.563719   33.406353   41.563719    3.130911    0.00000000   0.0000   0.4876  1-[ 7, 4, 1]
  41    2    43.145679   34.988313   43.145679    3.180328    0.00000000   0.0000   0.3375  1-[ 5, 5, 0]
  42    2    45.136318   36.978951   45.136318    3.241442    0.00000000   0.0000   0.3253  1-[ 5, 1, 0]
  43    2    45.296708   37.139341   45.296708    3.246316    0.00000000   0.0000   0.3891  1-[ 5, 0, 1]
  44    2    46.710195   38.552829   46.710195    3.288957    0.00000000   0.0000   0.4758  1-[ 7, 4, 1]
  45    2    47.374982   39.217616   47.374982    3.308822    0.00000000   0.0001   0.3180  1-[ 5, 2, 1]
  46    2    63.892512   55.735146   63.892512    3.768921    0.00000000   0.0001   0.4519  1-[ 9, 7, 0]
  47    2    65.053797   56.896430   65.053797    3.799172    0.00000000   0.0000   0.5093  1-[ 9, 5, 0]
  48    3     6.699193  -14.856559   -6.699193    1.711431    1.00000000   0.0001   0.8731  3+[ 2, 0, 2]
  49    3     8.710294    0.552928    8.710294    1.823592    0.00000000   0.0001   0.5760  3+[ 4, 3, 1]
  50    3    11.964789    3.807423   11.964789    1.991763    0.00000000   0.0001   0.5448  3+[ 4, 1, 1]
  51    3    13.193869  -21.351235  -13.193869    2.051691    1.00000000   0.0001   0.8702  3+[ 2, 1, 1]
  52    3    13.902526    5.745160   13.902526    2.085461    0.00000000   0.0000   0.6580  3+[ 4, 0, 2]
  53    3    18.002111    9.844745   18.002111    2.270988    0.00000000   0.0000   0.6433  3+[ 4, 2, 2]
  54    3    27.241409   19.084043   27.241409    2.641767    0.00000000   0.0000   0.3262  3+[ 6, 1, 1]
  55    3    27.911485   19.754119   27.911485    2.666653    0.00000000   0.0000   0.4274  3+[ 6, 5, 1]
  56    3    29.167986   21.010619   29.167986    2.712703    0.00000000   0.0000   0.4364  3+[ 4, 0, 2]
  57    3    30.266075   22.108708   30.266075    2.752317    0.00000000   0.0000   0.5661  3+[ 6, 3, 1]
  58    3    32.086768   23.929401   32.086768    2.816772    0.00000000   0.0000   0.3675  3+[ 4, 2, 2]
  59    3    35.174761   27.017395   35.174761    2.922842    0.00000000   0.0000   0.4036  3+[ 6, 4, 2]
  60    3    45.573913   37.416547   45.573913    3.254722    0.00000000   0.0000   0.3530  3+[ 8, 7, 1]
  61    3    49.895120   41.737754   49.895120    3.383068    0.00000000   0.0000   0.3741  3+[ 6, 5, 1]
  62    3    50.845075   42.687708   50.845075    3.410636    0.00000000   0.0000   0.4796  3+[ 8, 5, 1]
  63    3    52.360948   44.203582   52.360948    3.454170    0.00000000   0.0000   0.3784  3+[ 6, 3, 1]
  64    3    53.858537   45.701171   53.858537    3.496648    0.00000000   0.0000   0.4831  3+[ 8, 4, 2]
  65    3    55.692107   47.534740   55.692107    3.547962    0.00000000   0.0001   0.5393  3+[ 6, 0, 2]
  66    3    56.461805   48.304438   56.461805    3.569284    0.00000000   0.0000   0.3604  3+[ 6, 4, 2]
  67    3    57.039942   48.882575   57.039942    3.585215    0.00000000   0.0000   0.3935  3+[ 6, 4, 2]
  68    4     1.662337   -6.495029    1.662337    1.391392    0.00000000   0.0001   0.8223  3-[ 3, 0, 1]
  69    4     2.215760   -8.157366   -0.000000    1.430063    0.50000000   2.2158   0.7300  3-[ 3, 2, 1]
  70    4     7.018845   -1.138521    7.018845    1.729745    0.00000000   0.0001   0.7997  3-[ 3, 1, 2]
  71    4    19.926344   11.768978   19.926344    2.353031    0.00000000   0.0000   0.6142  3-[ 5, 2, 1]
  72    4    20.918415   12.761048   20.918415    2.394231    0.00000000   0.0001   0.6100  3-[ 5, 0, 1]
  73    4    21.387602   13.230236   21.387602    2.413471    0.00000000   0.0000   0.5546  3-[ 5, 4, 1]
  74    4    24.053806   15.896439   24.053806    2.520018    0.00000000   0.0001   0.4936  3-[ 5, 1, 2]
  75    4    24.656824  -32.814191  -24.656824    2.543497    1.00000000   0.0001   0.9853  3-[ 1, 0, 1]
  76    4    27.760779   19.603412   27.760779    2.661076    0.00000000   0.0000   0.5334  3-[ 5, 3, 2]
  77    4    38.254775   30.097408   38.254775    3.024936    0.00000000   0.0000   0.4462  3-[ 7, 2, 1]
  78    4    40.455176   32.297810   40.455176    3.095812    0.00000000   0.0000   0.3372  3-[ 7, 6, 1]
  79    4    41.551886   33.394519   41.551886    3.130538    0.00000000   0.0000   0.5527  3-[ 7, 4, 1]
  80    4    43.092666   34.935299   43.092666    3.178685    0.00000000   0.0000   0.5120  3-[ 5, 0, 1]
  81    4    45.077285   36.919918   45.077285    3.239646    0.00000000   0.0000   0.4221  3-[ 5, 1, 2]
  82    4    46.700598   38.543231   46.700598    3.288669    0.00000000   0.0000   0.4950  3-[ 7, 3, 2]
  83    4    47.279455   39.122089   47.279455    3.305975    0.00000000   0.0001   0.3597  3-[ 5, 3, 2]
  84    4    63.847120   55.689753   63.847120    3.767733    0.00000000   0.0001   0.4376  3-[ 9, 2, 1]
  85    4    65.045965   56.888599   65.045965    3.798969    0.00000000   0.0000   0.5246  3-[ 9, 4, 1]
  86    5     8.636611    0.479245    8.636611    1.819605    0.00000000   0.0001   0.7843  5+[ 4, 2, 2]
  87    5    11.864444    3.707077   11.864444    1.986790    0.00000000   0.0001   0.7830  5+[ 4, 0, 2]
  88    5    13.227941  -21.385307  -13.227941    2.053327    1.00000000   0.0001   0.9792  5+[ 2, 0, 2]
  89    5    18.031262    9.873896   18.031262    2.272253    0.00000000   0.0000   0.7485  5+[ 4, 1, 3]
  90    5    27.200506   19.043139   27.200506    2.640240    0.00000000   0.0000   0.5195  5+[ 8, 0, 2]
  91    5    27.885322   19.727955   27.885322    2.665686    0.00000000   0.0000   0.4211  5+[ 6, 4, 2]
  92    5    30.226372   22.069006   30.226372    2.750895    0.00000000   0.0000   0.5507  5+[ 6, 4, 2]
  93    5    32.127266   23.969900   32.127266    2.818189    0.00000000   0.0000   0.4348  5+[ 4, 1, 3]
  94    5    35.158149   27.000783   35.158149    2.922282    0.00000000   0.0000   0.5242  5+[ 6, 3, 3]
  95    5    45.527542   37.370176   45.527542    3.253318    0.00000000   0.0000   0.4472  5+[ 8, 6, 2]
  96    5    49.846311   41.688945   49.846311    3.381646    0.00000000   0.0000   0.3924  5+[ 6, 4, 2]
  97    5    50.837949   42.680583   50.837949    3.410430    0.00000000   0.0000   0.5480  5+[ 8, 4, 2]
  98    5    52.334691   44.177324   52.334691    3.453421    0.00000000   0.0000   0.5911  5+[ 6, 0, 2]
  99    5    53.851886   45.694519   53.851886    3.496460    0.00000000   0.0000   0.4837  5+[ 8, 3, 3]
 100    5    56.403879   48.246513   56.403879    3.567683    0.00000000   0.0000   0.4579  5+[ 6, 3, 3]
 101    5    57.080612   48.923246   57.080612    3.586333    0.00000000   0.0000   0.5279  5+[ 6, 1, 3]
 102    6     2.121936  -10.279302   -2.121936    1.423581    1.00000000   0.0001   0.9008  5-[ 3, 1, 2]
 103    6     6.948832   -1.208535    6.948832    1.725750    0.00000000   0.0001   0.8714  5-[ 3, 0, 3]
 104    6    19.849382   11.692016   19.849382    2.349804    0.00000000   0.0000   0.6319  5-[ 5, 3, 2]
 105    6    21.380710   13.223343   21.380710    2.413190    0.00000000   0.0000   0.5583  5-[ 5, 1, 2]
 106    6    23.987053   15.829686   23.987053    2.517405    0.00000000   0.0000   0.6225  5-[ 5, 0, 3]
 107    6    27.728403   19.571036   27.728403    2.659877    0.00000000   0.0000   0.6543  5-[ 5, 2, 3]
 108    6    38.209717   30.052351   38.209717    3.023467    0.00000000   0.0000   0.4908  5-[ 7, 5, 2]
 109    6    40.487694   32.330328   40.487694    3.096847    0.00000000   0.0000   0.4003  5-[ 5, 1, 2]
 110    6    41.529495   33.372128   41.529495    3.129833    0.00000000   0.0000   0.5744  5-[ 7, 3, 2]
 111    6    44.989485   36.832118   44.989485    3.236973    0.00000000   0.0000   0.5351  5-[ 5, 0, 3]
 112    6    46.684985   38.527618   46.684985    3.288201    0.00000000   0.0000   0.5219  5-[ 7, 4, 3]
 113    6    47.238630   39.081263   47.238630    3.304757    0.00000000   0.0001   0.4498  5-[ 5, 2, 3]
 114    6    63.780483   55.623117   63.780483    3.765989    0.00000000   0.0001   0.4981  5-[ 9, 7, 2]
 115    6    65.031561   56.874195   65.031561    3.798596    0.00000000   0.0000   0.5638  5-[ 9, 5, 2]
 116    7     8.716860    0.559494    8.716860    1.823947    0.00000000   0.0001   0.9137  7+[ 4, 1, 3]
 117    7    17.953974    9.796608   17.953974    2.268898    0.00000000   0.0000   0.7994  7+[ 4, 0, 4]
 118    7    27.911805   19.754439   27.911805    2.666665    0.00000000   0.0000   0.5879  7+[ 6, 1, 3]
 119    7    30.185841   22.028474   30.185841    2.749442    0.00000000   0.0000   0.7015  7+[ 6, 3, 3]
 120    7    32.084372   23.927006   32.084372    2.816688    0.00000000   0.0000   0.5144  7+[ 8, 0, 4]
 121    7    35.146473   26.989106   35.146473    2.921888    0.00000000   0.0000   0.6147  7+[ 6, 2, 4]
 122    7    45.501455   37.344089   45.501455    3.252527    0.00000000   0.0000   0.4753  7+[ 8, 5, 3]
 123    7    49.917869   41.760502   49.917869    3.383731    0.00000000   0.0000   0.5064  7+[ 6, 1, 3]
 124    7    50.824067   42.666700   50.824067    3.410029    0.00000000   0.0000   0.5482  7+[ 8, 3, 3]
 125    7    53.843749   45.686383   53.843749    3.496231    0.00000000   0.0000   0.5555  7+[ 8, 4, 4]
 126    7    56.424158   48.266792   56.424158    3.568244    0.00000000   0.0000   0.5483  7+[ 6, 2, 4]
 127    7    56.988652   48.831285   56.988652    3.583804    0.00000000   0.0000   0.6377  7+[ 6, 0, 4]
 128    8     2.226504  -10.383870   -2.226504    1.430803    1.00000000   0.0001   0.9773  7-[ 3, 0, 3]
 129    8    19.830499   11.673132   19.830499    2.349012    0.00000000   0.0000   0.8158  7-[ 5, 2, 3]
 130    8    21.301365   13.143999   21.301365    2.409946    0.00000000   0.0000   0.7478  7-[ 5, 0, 3]
 131    8    27.736565   19.579199   27.736565    2.660179    0.00000000   0.0000   0.7331  7-[ 5, 1, 4]
 132    8    38.213606   30.056240   38.213606    3.023594    0.00000000   0.0000   0.4894  7-[ 7, 2, 3]
 133    8    40.416210   32.258844   40.416210    3.094571    0.00000000   0.0000   0.5741  7-[ 7, 0, 3]
 134    8    41.497512   33.340145   41.497512    3.128825    0.00000000   0.0000   0.6182  7-[ 7, 4, 3]
 135    8    46.670799   38.513432   46.670799    3.287776    0.00000000   0.0000   0.6427  7-[ 7, 3, 4]
 136    8    47.361052   39.203686   47.361052    3.308407    0.00000000   0.0001   0.5106  7-[ 5, 1, 4]
 137    8    63.732451   55.575084   63.732451    3.764732    0.00000000   0.0001   0.5657  7-[ 9, 6, 3]
 138    8    65.011360   56.853993   65.011360    3.798071    0.00000000   0.0000   0.6086  7-[ 9, 4, 3]
 139    9     8.561014    0.403647    8.561014    1.815505    0.00000000   0.0001   0.9727  9+[ 4, 0, 4]
 140    9    27.868077   19.710710   27.868077    2.665048    0.00000000   0.0000   0.6866  9+[ 6, 0, 4]
 141    9    30.155713   21.998346   30.155713    2.748362    0.00000000   0.0000   0.8142  9+[ 6, 2, 4]
 142    9    35.136758   26.979391   35.136758    2.921560    0.00000000   0.0000   0.6756  9+[ 6, 1, 5]
 143    9    45.513610   37.356243   45.513610    3.252895    0.00000000   0.0000   0.5008  9+[ 8, 2, 4]
 144    9    49.825238   41.667871   49.825238    3.381031    0.00000000   0.0000   0.6097  9+[ 6, 0, 4]
 145    9    50.800462   42.643096   50.800462    3.409346    0.00000000   0.0000   0.6238  9+[ 8, 4, 4]
 146    9    53.835612   45.678246   53.835612    3.496001    0.00000000   0.0000   0.6579  9+[ 8, 3, 5]
 147    9    56.516167   48.358801   56.516167    3.570785    0.00000000   0.0001   0.6004  9+[ 6, 1, 5]
 148   10    19.837690   11.680324   19.837690    2.349314    0.00000000   0.0001   0.9223  9-[ 5, 1, 4]
 149   10    27.662249   19.504883   27.662249    2.657424    0.00000000   0.0000   0.7741  9-[ 5, 0, 5]
 150   10    38.259635   30.102269   38.259635    3.025094    0.00000000   0.0000   0.6939  9-[ 7, 1, 4]
 151   10    41.456226   33.298860   41.456226    3.127524    0.00000000   0.0000   0.7490  9-[ 7, 3, 4]
 152   10    46.661987   38.504621   46.661987    3.287512    0.00000000   0.0000   0.7415  9-[ 7, 2, 5]
 153   10    47.304035   39.146669   47.304035    3.306707    0.00000000   0.0001   0.5727  9-[ 7, 0, 5]
 154   10    63.740066   55.582700   63.740066    3.764931    0.00000000   0.0001   0.5650  9-[ 9, 5, 4]
 155   10    64.984749   56.827383   64.984749    3.797380    0.00000000   0.0000   0.5944  9-[ 9, 5, 4]
 156   11    30.115956   21.958589   30.115956    2.746935    0.00000000   0.0000   0.8926 11+[ 6, 1, 5]
 157   11    35.091840   26.934474   35.091840    2.920044    0.00000000   0.0000   0.7081 11+[ 6, 0, 6]
 158   11    45.531765   37.374399   45.531765    3.253446    0.00000000   0.0000   0.6686 11+[ 8, 1, 5]
 159   11    50.764695   42.607329   50.764695    3.408312    0.00000000   0.0000   0.7377 11+[ 8, 3, 5]
 160   11    53.826880   45.669514   53.826880    3.495755    0.00000000   0.0000   0.7363 11+[ 8, 2, 6]
 161   11    56.441235   48.283869   56.441235    3.568715    0.00000000   0.0001   0.6262 11+[ 6, 0, 6]
 162   12    19.670556   11.513189   19.670556    2.342290    0.00000000   0.0001   0.9707 11-[ 5, 0, 5]
 163   12    38.186932   30.029566   38.186932    3.022724    0.00000000   0.0000   0.7941 11-[ 7, 0, 5]
 164   12    41.405017   33.247651   41.405017    3.125910    0.00000000   0.0000   0.8490 11-[ 7, 2, 5]
 165   12    46.651509   38.494143   46.651509    3.287198    0.00000000   0.0000   0.7977 11-[ 7, 1, 6]
 166   12    63.807822   55.650456   63.807822    3.766705    0.00000000   0.0001   0.6556 11-[ 9, 2, 5]
 167   12    64.950500   56.793134   64.950500    3.796491    0.00000000   0.0000   0.7223 11-[ 9, 4, 5]
 168   13    29.988931   21.831564   29.988931    2.742373    0.00000000   0.0000   0.9331 13+[ 6, 0, 6]
 169   13    45.434177   37.276811   45.434177    3.250487    0.00000000   0.0000   0.7557 13+[ 8, 0, 6]
 170   13    50.715928   42.558562   50.715928    3.406901    0.00000000   0.0000   0.8258 13+[ 8, 2, 6]
 171   13    53.813689   45.656322   53.813689    3.495383    0.00000000   0.0000   0.7881 13+[ 8, 1, 7]
 172   14    41.334139   33.176772   41.334139    3.123674    0.00000000   0.0000   0.9193 13-[ 7, 1, 6]
 173   14    46.603030   38.445664   46.603030    3.285743    0.00000000   0.0000   0.8299 13-[ 7, 0, 7]
 174   14    63.866587   55.709220   63.866587    3.768242    0.00000000   0.0001   0.8255 13-[ 9, 1, 6]
 175   14    64.908148   56.750782   64.908148    3.795391    0.00000000   0.0000   0.8230 13-[ 9, 3, 6]
 176   15    50.656030   42.498664   50.656030    3.405168    0.00000000   0.0000   0.8861 15+[ 8, 1, 7]
 177   15    53.784435   45.627069   53.784435    3.494558    0.00000000   0.0000   0.8161 15+[ 8, 0, 8]
 178   16    41.221989   33.064623   41.221989    3.120133    0.00000000   0.0000   0.9542 15-[ 7, 0, 7]
 179   16    63.731661   55.574295   63.731661    3.764711    0.00000000   0.0001   0.9151 15-[ 9, 0, 7]
 180   16    64.855955   56.698588   64.855955    3.794036    0.00000000   0.0000   0.9053 15-[ 9, 2, 7]
 181   17    50.591243   42.433877   50.591243    3.403292    0.00000000   0.0000   0.9157 17+[ 8, 0, 8]
 182   18    64.784730   56.627364   64.784730    3.792185    0.00000000   0.0000   0.9724 17-[ 9, 1, 8]
 183   20    64.691607   56.534240   64.691607    3.789763    0.00000000   0.0000   1.0000 19-[ 9, 0, 9]
#all active are  183 q.p. states out of  286
#since the cut off is pwi=  60.0
#check: number of neutrons=  27.0


 #canonical s.p. energies neutrons
 ---------------------------------


  labels -> {2*omega}{parity}[nn=nz+2*nr+nl,nz,nl]
  cqpe   -> canonical q.p. energies
  ce     -> canonical s.p. energies
  fermi energy=  -10.180493506176793     
  average cdelt=   5.8095692489648420E-005
  k0      ceqp        ce         v*v       u*v        cdel     overl      labels
   1   -1.585201  -14.729532   1.00000000   0.00000442  -0.0000   0.7556  1+[ 2, 1, 1]
   2    0.525624  -16.840357   1.00000000   0.00000400  -0.0000   0.7661  1+[ 2, 0, 0]
   3    0.674960    0.674960   0.00000000   0.00000327  -0.0000   0.5996  1+[ 4, 2, 0]
   4    3.853471    3.853471   0.00000000   0.00000289  -0.0000   0.4770  1+[ 4, 4, 0]
   5    4.930962    4.930962   0.00000000   0.00000356  -0.0000   0.5100  1+[ 4, 0, 0]
   6    4.967807  -21.282539   1.00000000   0.00000437  -0.0000   0.6261  1+[ 2, 1, 1]
   7    5.864487    5.864487   0.00000000   0.00000128  -0.0000   0.4654  1+[ 4, 1, 1]
   8    9.941748    9.941748   0.00000000   0.00000118  -0.0000   0.4800  1+[ 4, 3, 1]
   9   19.111218   19.111218   0.00000000   0.00000087  -0.0000   0.3143  1+[ 8, 0, 0]
  10   19.793110   19.793110   0.00000000   0.00000060  -0.0000   0.3520  1+[ 6, 5, 1]
  11   20.805691   20.805691   0.00000000   0.00000076  -0.0000   0.4342  1+[ 4, 0, 0]
  12   21.083871   21.083871   0.00000000   0.00000077  -0.0000   0.3062  1+[ 4, 1, 1]
  13   22.134604   22.134604   0.00000000   0.00000063  -0.0000   0.4936  1+[ 6, 4, 0]
  14   24.015456   24.015456   0.00000000   0.00000067  -0.0000   0.2935  1+[ 8, 1, 1]
  15   27.029755   27.029755   0.00000000   0.00000036  -0.0000   0.4212  1+[ 6, 3, 1]
  16   28.011457  -44.326190   1.00000000   0.00000083  -0.0000   0.9865  1+[ 0, 0, 0]
  17   37.450457   37.450457   0.00000000   0.00000048  -0.0000   0.3706  1+[ 8, 2, 0]
  18   41.821192   41.821192   0.00000000   0.00000041  -0.0000   0.3061  1+[ 6, 5, 1]
  19   42.690596   42.690596   0.00000000   0.00000022  -0.0000   0.4753  1+[ 8, 4, 0]
  20   44.237818   44.237818   0.00000000   0.00000046  -0.0000   0.3628  1+[ 6, 6, 0]
  21   45.704835   45.704835   0.00000000   0.00000015  -0.0000   0.4216  1+[ 8, 5, 1]
  22   46.775690   46.775690   0.00000000   0.00000047  -0.0000   0.4674  1+[ 6, 0, 0]
  23   47.588600   47.588600   0.00000000   0.00000043  -0.0000   0.3371  1+[ 6, 1, 1]
  24   48.363784   48.363784   0.00000000   0.00000044  -0.0000   0.3842  1+[ 6, 3, 1]
  25   49.016724   49.016724   0.00000000   0.00000038  -0.0000   0.3742  1+[ 6, 1, 1]
  26    0.000000    0.000000   0.00000000   0.00000000  -0.0000   0.0000  1+[10, 0, 0]
  27    0.000000    0.000000   0.00000000   0.00000000  -0.0000   0.0000  1+[10, 0, 0]
  28    0.000000    0.000000   0.00000000   0.00000000  -0.0000   0.0000  1+[10, 0, 0]
  29    0.000000    0.000000   0.00000000   0.00000000  -0.0000   0.0000  1+[10, 0, 0]
  30    0.000000    0.000000   0.00000000   0.00000000  -0.0000   0.0000  1+[10, 0, 0]
  31    0.000000    0.000000   0.00000000   0.00000000  -0.0000   0.0000  1+[10, 0, 0]
  32    0.000000    0.000000   0.00000000   0.00000000  -0.0000   0.0000  1+[10, 0, 0]
  33    0.000000    0.000000   0.00000000   0.00000000  -0.0000   0.0000  1+[10, 0, 0]
  34    0.000000    0.000000   0.00000000   0.00000000  -0.0000   0.0000  1+[10, 0, 0]
  35    0.000000    0.000000   0.00000000   0.00000000  -0.0000   0.0000  1+[10, 0, 0]
  36    0.000000    0.000000   0.00000000   0.00000000  -0.0000   0.0000  1+[10, 0, 0]
  37   -6.371854   -6.371854   0.00000000   0.00001424  -0.0000   0.5817  1-[ 3, 3, 0]
  38   -6.134239  -10.180494   1.00000000   0.00001465  -0.0000   0.5775  1-[ 3, 1, 0]
  39   -4.180612   -4.180612   0.00000000   0.00000607  -0.0000   0.6489  1-[ 3, 0, 1]
  40   -1.068766   -1.068766   0.00000000   0.00000377  -0.0000   0.6326  1-[ 3, 2, 1]
  41   11.835057   11.835057   0.00000000   0.00000129  -0.0000   0.5417  1-[ 5, 3, 0]
  42   12.800914   12.800914   0.00000000   0.00000163  -0.0000   0.3677  1-[ 5, 0, 1]
  43   13.285884   13.285884   0.00000000   0.00000376  -0.0000   0.4558  1-[ 5, 5, 0]
  44   13.324080  -29.638813   1.00000000   0.00000766  -0.0000   0.7901  1-[ 1, 0, 1]
  45   14.004863   14.004863   0.00000000   0.00000665  -0.0000   0.4300  1-[ 5, 0, 1]
  46   15.939126   15.939126   0.00000000   0.00000080  -0.0000   0.3923  1-[ 5, 4, 1]
  47   16.425175  -32.739908   1.00000000   0.00000174  -0.0000   0.7840  1-[ 1, 1, 0]
  48   19.643235   19.643235   0.00000000   0.00000062  -0.0000   0.4520  1-[ 5, 2, 1]
  49   30.140413   30.140413   0.00000000   0.00000053  -0.0000   0.3757  1-[ 7, 2, 1]
  50   32.397624   32.397624   0.00000000   0.00000055  -0.0000   0.3129  1-[ 7, 1, 0]
  51   33.406353   33.406353   0.00000000   0.00000040  -0.0000   0.4876  1-[ 7, 4, 1]
  52   34.988313   34.988313   0.00000000   0.00000052  -0.0000   0.3375  1-[ 5, 5, 0]
  53   36.978951   36.978951   0.00000000   0.00000051  -0.0000   0.3253  1-[ 5, 1, 0]
  54   37.139341   37.139341   0.00000000   0.00000051  -0.0000   0.3891  1-[ 5, 0, 1]
  55   38.552829   38.552829   0.00000000   0.00000025  -0.0000   0.4758  1-[ 7, 4, 1]
  56   39.217616   39.217616   0.00000000   0.00000055  -0.0000   0.3180  1-[ 5, 2, 1]
  57   55.735146   55.735146   0.00000000   0.00000040  -0.0000   0.4519  1-[ 9, 7, 0]
  58   56.896430   56.896430   0.00000000   0.00000022  -0.0000   0.5093  1-[ 9, 5, 0]
  59    0.000000    0.000000   0.00000000   0.00000000  -0.0000   0.0000  1-[ 9, 1, 0]
  60    0.000000    0.000000   0.00000000   0.00000000  -0.0000   0.0000  1-[ 9, 1, 0]
  61    0.000000    0.000000   0.00000000   0.00000000  -0.0000   0.0000  1-[ 9, 1, 0]
  62    0.000000    0.000000   0.00000000   0.00000000  -0.0000   0.0000  1-[ 9, 1, 0]
  63    0.000000    0.000000   0.00000000   0.00000000  -0.0000   0.0000  1-[ 9, 1, 0]
  64    0.000000    0.000000   0.00000000   0.00000000  -0.0000   0.0000  1-[ 9, 1, 0]
  65    0.000000    0.000000   0.00000000   0.00000000  -0.0000   0.0000  1-[ 9, 1, 0]
  66    0.000000    0.000000   0.00000000   0.00000000  -0.0000   0.0000  1-[ 9, 1, 0]
  67   -1.458174  -14.856559   1.00000000   0.00000447  -0.0000   0.8731  3+[ 2, 0, 2]
  68    0.552928    0.552928   0.00000000   0.00000312  -0.0000   0.5760  3+[ 4, 3, 1]
  69    3.807423    3.807423   0.00000000   0.00000266  -0.0000   0.5448  3+[ 4, 1, 1]
  70    5.036502  -21.351235   1.00000000   0.00000321  -0.0000   0.8702  3+[ 2, 1, 1]
  71    5.745160    5.745160   0.00000000   0.00000133  -0.0000   0.6580  3+[ 4, 0, 2]
  72    9.844745    9.844745   0.00000000   0.00000118  -0.0000   0.6433  3+[ 4, 2, 2]
  73   19.084043   19.084043   0.00000000   0.00000088  -0.0000   0.3262  3+[ 6, 1, 1]
  74   19.754119   19.754119   0.00000000   0.00000059  -0.0000   0.4274  3+[ 6, 5, 1]
  75   21.010619   21.010619   0.00000000   0.00000080  -0.0000   0.4364  3+[ 4, 0, 2]
  76   22.108708   22.108708   0.00000000   0.00000063  -0.0000   0.5661  3+[ 6, 3, 1]
  77   23.929401   23.929401   0.00000000   0.00000066  -0.0000   0.3675  3+[ 4, 2, 2]
  78   27.017395   27.017395   0.00000000   0.00000031  -0.0000   0.4036  3+[ 6, 4, 2]
  79   37.416547   37.416547   0.00000000   0.00000048  -0.0000   0.3530  3+[ 8, 7, 1]
  80   41.737754   41.737754   0.00000000   0.00000041  -0.0000   0.3741  3+[ 6, 5, 1]
  81   42.687708   42.687708   0.00000000   0.00000022  -0.0000   0.4796  3+[ 8, 5, 1]
  82   44.203582   44.203582   0.00000000   0.00000046  -0.0000   0.3784  3+[ 6, 3, 1]
  83   45.701171   45.701171   0.00000000   0.00000015  -0.0000   0.4831  3+[ 8, 4, 2]
  84   47.534740   47.534740   0.00000000   0.00000045  -0.0000   0.5393  3+[ 6, 0, 2]
  85   48.304438   48.304438   0.00000000   0.00000043  -0.0000   0.3604  3+[ 6, 4, 2]
  86   48.882575   48.882575   0.00000000   0.00000038  -0.0000   0.3935  3+[ 6, 4, 2]
  87    0.000000    0.000000   0.00000000   0.00000000  -0.0000   0.0000  3+[10, 1, 1]
  88    0.000000    0.000000   0.00000000   0.00000000  -0.0000   0.0000  3+[10, 1, 1]
  89    0.000000    0.000000   0.00000000   0.00000000  -0.0000   0.0000  3+[10, 1, 1]
  90    0.000000    0.000000   0.00000000   0.00000000  -0.0000   0.0000  3+[10, 1, 1]
  91    0.000000    0.000000   0.00000000   0.00000000  -0.0000   0.0000  3+[10, 1, 1]
  92    0.000000    0.000000   0.00000000   0.00000000  -0.0000   0.0000  3+[10, 1, 1]
  93    0.000000    0.000000   0.00000000   0.00000000  -0.0000   0.0000  3+[10, 1, 1]
  94    0.000000    0.000000   0.00000000   0.00000000  -0.0000   0.0000  3+[10, 1, 1]
  95    0.000000    0.000000   0.00000000   0.00000000  -0.0000   0.0000  3+[10, 1, 1]
  96    0.000000    0.000000   0.00000000   0.00000000  -0.0000   0.0000  3+[10, 1, 1]
  97   -6.495029   -6.495029   0.00000000   0.00001545  -0.0000   0.8223  3-[ 3, 0, 1]
  98   -5.941606  -10.373127   1.00000000   0.00001294  -0.0000   0.7300  3-[ 3, 2, 1]
  99   -1.138521   -1.138521   0.00000000   0.00000384  -0.0000   0.7997  3-[ 3, 1, 2]
 100   11.768978   11.768978   0.00000000   0.00000121  -0.0000   0.6142  3-[ 5, 2, 1]
 101   12.761048   12.761048   0.00000000   0.00000166  -0.0000   0.6100  3-[ 5, 0, 1]
 102   13.230236   13.230236   0.00000000   0.00000081  -0.0000   0.5546  3-[ 5, 4, 1]
 103   15.896439   15.896439   0.00000000   0.00000110  -0.0000   0.4936  3-[ 5, 1, 2]
 104   16.499458  -32.814191   1.00000000   0.00000195  -0.0000   0.9853  3-[ 1, 0, 1]
 105   19.603412   19.603412   0.00000000   0.00000060  -0.0000   0.5334  3-[ 5, 3, 2]
 106   30.097408   30.097408   0.00000000   0.00000052  -0.0000   0.4462  3-[ 7, 2, 1]
 107   32.297810   32.297810   0.00000000   0.00000055  -0.0000   0.3372  3-[ 7, 6, 1]
 108   33.394519   33.394519   0.00000000   0.00000040  -0.0000   0.5527  3-[ 7, 4, 1]
 109   34.935299   34.935299   0.00000000   0.00000054  -0.0000   0.5120  3-[ 5, 0, 1]
 110   36.919918   36.919918   0.00000000   0.00000051  -0.0000   0.4221  3-[ 5, 1, 2]
 111   38.543231   38.543231   0.00000000   0.00000025  -0.0000   0.4950  3-[ 7, 3, 2]
 112   39.122089   39.122089   0.00000000   0.00000054  -0.0000   0.3597  3-[ 5, 3, 2]
 113   55.689753   55.689753   0.00000000   0.00000040  -0.0000   0.4376  3-[ 9, 2, 1]
 114   56.888599   56.888599   0.00000000   0.00000022  -0.0000   0.5246  3-[ 9, 4, 1]
 115    0.000000    0.000000   0.00000000   0.00000000  -0.0000   0.0000  3-[ 9, 0, 1]
 116    0.000000    0.000000   0.00000000   0.00000000  -0.0000   0.0000  3-[ 9, 0, 1]
 117    0.000000    0.000000   0.00000000   0.00000000  -0.0000   0.0000  3-[ 9, 0, 1]
 118    0.000000    0.000000   0.00000000   0.00000000  -0.0000   0.0000  3-[ 9, 0, 1]
 119    0.000000    0.000000   0.00000000   0.00000000  -0.0000   0.0000  3-[ 9, 0, 1]
 120    0.000000    0.000000   0.00000000   0.00000000  -0.0000   0.0000  3-[ 9, 0, 1]
 121    0.000000    0.000000   0.00000000   0.00000000  -0.0000   0.0000  3-[ 9, 0, 1]
 122    0.479245    0.479245   0.00000000   0.00000313  -0.0000   0.7843  5+[ 4, 2, 2]
 123    3.707077    3.707077   0.00000000   0.00000253  -0.0000   0.7830  5+[ 4, 0, 2]
 124    5.070575  -21.385307   1.00000000   0.00000310  -0.0000   0.9792  5+[ 2, 0, 2]
 125    9.873896    9.873896   0.00000000   0.00000120  -0.0000   0.7485  5+[ 4, 1, 3]
 126   19.043139   19.043139   0.00000000   0.00000091  -0.0000   0.5195  5+[ 8, 0, 2]
 127   19.727955   19.727955   0.00000000   0.00000059  -0.0000   0.4211  5+[ 6, 4, 2]
 128   22.069006   22.069006   0.00000000   0.00000063  -0.0000   0.5507  5+[ 6, 4, 2]
 129   23.969900   23.969900   0.00000000   0.00000068  -0.0000   0.4348  5+[ 4, 1, 3]
 130   27.000783   27.000783   0.00000000   0.00000031  -0.0000   0.5242  5+[ 6, 3, 3]
 131   37.370176   37.370176   0.00000000   0.00000047  -0.0000   0.4472  5+[ 8, 6, 2]
 132   41.688945   41.688945   0.00000000   0.00000041  -0.0000   0.3924  5+[ 6, 4, 2]
 133   42.680583   42.680583   0.00000000   0.00000022  -0.0000   0.5480  5+[ 8, 4, 2]
 134   44.177324   44.177324   0.00000000   0.00000048  -0.0000   0.5911  5+[ 6, 0, 2]
 135   45.694519   45.694519   0.00000000   0.00000015  -0.0000   0.4837  5+[ 8, 3, 3]
 136   48.246513   48.246513   0.00000000   0.00000043  -0.0000   0.4579  5+[ 6, 3, 3]
 137   48.923246   48.923246   0.00000000   0.00000039  -0.0000   0.5279  5+[ 6, 1, 3]
 138    0.000000    0.000000   0.00000000   0.00000000  -0.0000   0.0000  5+[10, 0, 2]
 139    0.000000    0.000000   0.00000000   0.00000000  -0.0000   0.0000  5+[10, 0, 2]
 140    0.000000    0.000000   0.00000000   0.00000000  -0.0000   0.0000  5+[10, 0, 2]
 141    0.000000    0.000000   0.00000000   0.00000000  -0.0000   0.0000  5+[10, 0, 2]
 142    0.000000    0.000000   0.00000000   0.00000000  -0.0000   0.0000  5+[10, 0, 2]
 143    0.000000    0.000000   0.00000000   0.00000000  -0.0000   0.0000  5+[10, 0, 2]
 144    0.000000    0.000000   0.00000000   0.00000000  -0.0000   0.0000  5+[10, 0, 2]
 145    0.000000    0.000000   0.00000000   0.00000000  -0.0000   0.0000  5+[10, 0, 2]
 146    0.000000    0.000000   0.00000000   0.00000000  -0.0000   0.0000  5+[10, 0, 2]
 147   -6.035431  -10.279302   1.00000000   0.00001388  -0.0000   0.9008  5-[ 3, 1, 2]
 148   -1.208535   -1.208535   0.00000000   0.00000402  -0.0000   0.8714  5-[ 3, 0, 3]
 149   11.692016   11.692016   0.00000000   0.00000121  -0.0000   0.6319  5-[ 5, 3, 2]
 150   13.223343   13.223343   0.00000000   0.00000084  -0.0000   0.5583  5-[ 5, 1, 2]
 151   15.829686   15.829686   0.00000000   0.00000077  -0.0000   0.6225  5-[ 5, 0, 3]
 152   19.571036   19.571036   0.00000000   0.00000060  -0.0000   0.6543  5-[ 5, 2, 3]
 153   30.052351   30.052351   0.00000000   0.00000051  -0.0000   0.4908  5-[ 7, 5, 2]
 154   32.330328   32.330328   0.00000000   0.00000056  -0.0000   0.4003  5-[ 5, 1, 2]
 155   33.372128   33.372128   0.00000000   0.00000040  -0.0000   0.5744  5-[ 7, 3, 2]
 156   36.832118   36.832118   0.00000000   0.00000053  -0.0000   0.5351  5-[ 5, 0, 3]
 157   38.527618   38.527618   0.00000000   0.00000025  -0.0000   0.5219  5-[ 7, 4, 3]
 158   39.081263   39.081263   0.00000000   0.00000054  -0.0000   0.4498  5-[ 5, 2, 3]
 159   55.623117   55.623117   0.00000000   0.00000040  -0.0000   0.4981  5-[ 9, 7, 2]
 160   56.874195   56.874195   0.00000000   0.00000021  -0.0000   0.5638  5-[ 9, 5, 2]
 161    0.000000    0.000000   0.00000000   0.00000000  -0.0000   0.0000  5-[ 9, 1, 2]
 162    0.000000    0.000000   0.00000000   0.00000000  -0.0000   0.0000  5-[ 9, 1, 2]
 163    0.000000    0.000000   0.00000000   0.00000000  -0.0000   0.0000  5-[ 9, 1, 2]
 164    0.000000    0.000000   0.00000000   0.00000000  -0.0000   0.0000  5-[ 9, 1, 2]
 165    0.000000    0.000000   0.00000000   0.00000000  -0.0000   0.0000  5-[ 9, 1, 2]
 166    0.000000    0.000000   0.00000000   0.00000000  -0.0000   0.0000  5-[ 9, 1, 2]
 167    0.559494    0.559494   0.00000000   0.00000321  -0.0000   0.9137  7+[ 4, 1, 3]
 168    9.796608    9.796608   0.00000000   0.00000123  -0.0000   0.7994  7+[ 4, 0, 4]
 169   19.754439   19.754439   0.00000000   0.00000062  -0.0000   0.5879  7+[ 6, 1, 3]
 170   22.028474   22.028474   0.00000000   0.00000063  -0.0000   0.7015  7+[ 6, 3, 3]
 171   23.927006   23.927006   0.00000000   0.00000069  -0.0000   0.5144  7+[ 8, 0, 4]
 172   26.989106   26.989106   0.00000000   0.00000031  -0.0000   0.6147  7+[ 6, 2, 4]
 173   37.344089   37.344089   0.00000000   0.00000047  -0.0000   0.4753  7+[ 8, 5, 3]
 174   41.760502   41.760502   0.00000000   0.00000042  -0.0000   0.5064  7+[ 6, 1, 3]
 175   42.666700   42.666700   0.00000000   0.00000022  -0.0000   0.5482  7+[ 8, 3, 3]
 176   45.686383   45.686383   0.00000000   0.00000015  -0.0000   0.5555  7+[ 8, 4, 4]
 177   48.266792   48.266792   0.00000000   0.00000044  -0.0000   0.5483  7+[ 6, 2, 4]
 178   48.831285   48.831285   0.00000000   0.00000040  -0.0000   0.6377  7+[ 6, 0, 4]
 179    0.000000    0.000000   0.00000000   0.00000000  -0.0000   0.0000  7+[10, 1, 3]
 180    0.000000    0.000000   0.00000000   0.00000000  -0.0000   0.0000  7+[10, 1, 3]
 181    0.000000    0.000000   0.00000000   0.00000000  -0.0000   0.0000  7+[10, 1, 3]
 182    0.000000    0.000000   0.00000000   0.00000000  -0.0000   0.0000  7+[10, 1, 3]
 183    0.000000    0.000000   0.00000000   0.00000000  -0.0000   0.0000  7+[10, 1, 3]
 184    0.000000    0.000000   0.00000000   0.00000000  -0.0000   0.0000  7+[10, 1, 3]
 185    0.000000    0.000000   0.00000000   0.00000000  -0.0000   0.0000  7+[10, 1, 3]
 186    0.000000    0.000000   0.00000000   0.00000000  -0.0000   0.0000  7+[10, 1, 3]
 187   -5.930863  -10.383870   1.00000000   0.00001355  -0.0000   0.9773  7-[ 3, 0, 3]
 188   11.673132   11.673132   0.00000000   0.00000123  -0.0000   0.8158  7-[ 5, 2, 3]
 189   13.143999   13.143999   0.00000000   0.00000086  -0.0000   0.7478  7-[ 5, 0, 3]
 190   19.579199   19.579199   0.00000000   0.00000062  -0.0000   0.7331  7-[ 5, 1, 4]
 191   30.056240   30.056240   0.00000000   0.00000052  -0.0000   0.4894  7-[ 7, 2, 3]
 192   32.258844   32.258844   0.00000000   0.00000058  -0.0000   0.5741  7-[ 7, 0, 3]
 193   33.340145   33.340145   0.00000000   0.00000040  -0.0000   0.6182  7-[ 7, 4, 3]
 194   38.513432   38.513432   0.00000000   0.00000025  -0.0000   0.6427  7-[ 7, 3, 4]
 195   39.203686   39.203686   0.00000000   0.00000056  -0.0000   0.5106  7-[ 5, 1, 4]
 196   55.575084   55.575084   0.00000000   0.00000040  -0.0000   0.5657  7-[ 9, 6, 3]
 197   56.853993   56.853993   0.00000000   0.00000021  -0.0000   0.6086  7-[ 9, 4, 3]
 198    0.000000    0.000000   0.00000000   0.00000000  -0.0000   0.0000  7-[ 9, 0, 3]
 199    0.000000    0.000000   0.00000000   0.00000000  -0.0000   0.0000  7-[ 9, 0, 3]
 200    0.000000    0.000000   0.00000000   0.00000000  -0.0000   0.0000  7-[ 9, 0, 3]
 201    0.000000    0.000000   0.00000000   0.00000000  -0.0000   0.0000  7-[ 9, 0, 3]
 202    0.000000    0.000000   0.00000000   0.00000000  -0.0000   0.0000  7-[ 9, 0, 3]
 203    0.403647    0.403647   0.00000000   0.00000331  -0.0000   0.9727  9+[ 4, 0, 4]
 204   19.710710   19.710710   0.00000000   0.00000063  -0.0000   0.6866  9+[ 6, 0, 4]
 205   21.998346   21.998346   0.00000000   0.00000065  -0.0000   0.8142  9+[ 6, 2, 4]
 206   26.979391   26.979391   0.00000000   0.00000032  -0.0000   0.6756  9+[ 6, 1, 5]
 207   37.356243   37.356243   0.00000000   0.00000048  -0.0000   0.5008  9+[ 8, 2, 4]
 208   41.667871   41.667871   0.00000000   0.00000043  -0.0000   0.6097  9+[ 6, 0, 4]
 209   42.643096   42.643096   0.00000000   0.00000022  -0.0000   0.6238  9+[ 8, 4, 4]
 210   45.678246   45.678246   0.00000000   0.00000015  -0.0000   0.6579  9+[ 8, 3, 5]
 211   48.358801   48.358801   0.00000000   0.00000046  -0.0000   0.6004  9+[ 6, 1, 5]
 212    0.000000    0.000000   0.00000000   0.00000000  -0.0000   0.0000  9+[10, 0, 4]
 213    0.000000    0.000000   0.00000000   0.00000000  -0.0000   0.0000  9+[10, 0, 4]
 214    0.000000    0.000000   0.00000000   0.00000000  -0.0000   0.0000  9+[10, 0, 4]
 215    0.000000    0.000000   0.00000000   0.00000000  -0.0000   0.0000  9+[10, 0, 4]
 216    0.000000    0.000000   0.00000000   0.00000000  -0.0000   0.0000  9+[10, 0, 4]
 217    0.000000    0.000000   0.00000000   0.00000000  -0.0000   0.0000  9+[10, 0, 4]
 218    0.000000    0.000000   0.00000000   0.00000000  -0.0000   0.0000  9+[10, 0, 4]
 219   11.680324   11.680324   0.00000000   0.00000128  -0.0000   0.9223  9-[ 5, 1, 4]
 220   19.504883   19.504883   0.00000000   0.00000063  -0.0000   0.7741  9-[ 5, 0, 5]
 221   30.102269   30.102269   0.00000000   0.00000054  -0.0000   0.6939  9-[ 7, 1, 4]
 222   33.298860   33.298860   0.00000000   0.00000041  -0.0000   0.7490  9-[ 7, 3, 4]
 223   38.504621   38.504621   0.00000000   0.00000026  -0.0000   0.7415  9-[ 7, 2, 5]
 224   39.146669   39.146669   0.00000000   0.00000057  -0.0000   0.5727  9-[ 7, 0, 5]
 225   55.582700   55.582700   0.00000000   0.00000040  -0.0000   0.5650  9-[ 9, 5, 4]
 226   56.827383   56.827383   0.00000000   0.00000022  -0.0000   0.5944  9-[ 9, 5, 4]
 227    0.000000    0.000000   0.00000000   0.00000000  -0.0000   0.0000  9-[ 9, 1, 4]
 228    0.000000    0.000000   0.00000000   0.00000000  -0.0000   0.0000  9-[ 9, 1, 4]
 229    0.000000    0.000000   0.00000000   0.00000000  -0.0000   0.0000  9-[ 9, 1, 4]
 230    0.000000    0.000000   0.00000000   0.00000000  -0.0000   0.0000  9-[ 9, 1, 4]
 231   21.958589   21.958589   0.00000000   0.00000067  -0.0000   0.8926 11+[ 6, 1, 5]
 232   26.934474   26.934474   0.00000000   0.00000033  -0.0000   0.7081 11+[ 6, 0, 6]
 233   37.374399   37.374399   0.00000000   0.00000050  -0.0000   0.6686 11+[ 8, 1, 5]
 234   42.607329   42.607329   0.00000000   0.00000023  -0.0000   0.7377 11+[ 8, 3, 5]
 235   45.669514   45.669514   0.00000000   0.00000016  -0.0000   0.7363 11+[ 8, 2, 6]
 236   48.283869   48.283869   0.00000000   0.00000046  -0.0000   0.6262 11+[ 6, 0, 6]
 237    0.000000    0.000000   0.00000000   0.00000000  -0.0000   0.0000 11+[10, 1, 5]
 238    0.000000    0.000000   0.00000000   0.00000000  -0.0000   0.0000 11+[10, 1, 5]
 239    0.000000    0.000000   0.00000000   0.00000000  -0.0000   0.0000 11+[10, 1, 5]
 240    0.000000    0.000000   0.00000000   0.00000000  -0.0000   0.0000 11+[10, 1, 5]
 241    0.000000    0.000000   0.00000000   0.00000000  -0.0000   0.0000 11+[10, 1, 5]
 242    0.000000    0.000000   0.00000000   0.00000000  -0.0000   0.0000 11+[10, 1, 5]
 243   11.513189   11.513189   0.00000000   0.00000130  -0.0000   0.9707 11-[ 5, 0, 5]
 244   30.029566   30.029566   0.00000000   0.00000055  -0.0000   0.7941 11-[ 7, 0, 5]
 245   33.247651   33.247651   0.00000000   0.00000042  -0.0000   0.8490 11-[ 7, 2, 5]
 246   38.494143   38.494143   0.00000000   0.00000027  -0.0000   0.7977 11-[ 7, 1, 6]
 247   55.650456   55.650456   0.00000000   0.00000041  -0.0000   0.6556 11-[ 9, 2, 5]
 248   56.793134   56.793134   0.00000000   0.00000022  -0.0000   0.7223 11-[ 9, 4, 5]
 249    0.000000    0.000000   0.00000000   0.00000000  -0.0000   0.0000 11-[ 9, 0, 5]
 250    0.000000    0.000000   0.00000000   0.00000000  -0.0000   0.0000 11-[ 9, 0, 5]
 251    0.000000    0.000000   0.00000000   0.00000000  -0.0000   0.0000 11-[ 9, 0, 5]
 252   21.831564   21.831564   0.00000000   0.00000067  -0.0000   0.9331 13+[ 6, 0, 6]
 253   37.276811   37.276811   0.00000000   0.00000050  -0.0000   0.7557 13+[ 8, 0, 6]
 254   42.558562   42.558562   0.00000000   0.00000023  -0.0000   0.8258 13+[ 8, 2, 6]
 255   45.656322   45.656322   0.00000000   0.00000016  -0.0000   0.7881 13+[ 8, 1, 7]
 256    0.000000    0.000000   0.00000000   0.00000000  -0.0000   0.0000 13+[10, 0, 6]
 257    0.000000    0.000000   0.00000000   0.00000000  -0.0000   0.0000 13+[10, 0, 6]
 258    0.000000    0.000000   0.00000000   0.00000000  -0.0000   0.0000 13+[10, 0, 6]
 259    0.000000    0.000000   0.00000000   0.00000000  -0.0000   0.0000 13+[10, 0, 6]
 260    0.000000    0.000000   0.00000000   0.00000000  -0.0000   0.0000 13+[10, 0, 6]
 261   33.176772   33.176772   0.00000000   0.00000043  -0.0000   0.9193 13-[ 7, 1, 6]
 262   38.445664   38.445664   0.00000000   0.00000027  -0.0000   0.8299 13-[ 7, 0, 7]
 263   55.709220   55.709220   0.00000000   0.00000042  -0.0000   0.8255 13-[ 9, 1, 6]
 264   56.750782   56.750782   0.00000000   0.00000022  -0.0000   0.8230 13-[ 9, 3, 6]
 265    0.000000    0.000000   0.00000000   0.00000000  -0.0000   0.0000 13-[ 9, 1, 6]
 266    0.000000    0.000000   0.00000000   0.00000000  -0.0000   0.0000 13-[ 9, 1, 6]
 267   42.498664   42.498664   0.00000000   0.00000024  -0.0000   0.8861 15+[ 8, 1, 7]
 268   45.627069   45.627069   0.00000000   0.00000016  -0.0000   0.8161 15+[ 8, 0, 8]
 269    0.000000    0.000000   0.00000000   0.00000000  -0.0000   0.0000 15+[10, 1, 7]
 270    0.000000    0.000000   0.00000000   0.00000000  -0.0000   0.0000 15+[10, 1, 7]
 271    0.000000    0.000000   0.00000000   0.00000000  -0.0000   0.0000 15+[10, 1, 7]
 272    0.000000    0.000000   0.00000000   0.00000000  -0.0000   0.0000 15+[10, 1, 7]
 273   33.064623   33.064623   0.00000000   0.00000043  -0.0000   0.9542 15-[ 7, 0, 7]
 274   55.574295   55.574295   0.00000000   0.00000042  -0.0000   0.9151 15-[ 9, 0, 7]
 275   56.698588   56.698588   0.00000000   0.00000023  -0.0000   0.9053 15-[ 9, 2, 7]
 276    0.000000    0.000000   0.00000000   0.00000000  -0.0000   0.0000 15-[ 9, 0, 7]
 277   42.433877   42.433877   0.00000000   0.00000024  -0.0000   0.9157 17+[ 8, 0, 8]
 278    0.000000    0.000000   0.00000000   0.00000000  -0.0000   0.0000 17+[10, 0, 8]
 279    0.000000    0.000000   0.00000000   0.00000000  -0.0000   0.0000 17+[10, 0, 8]
 280    0.000000    0.000000   0.00000000   0.00000000  -0.0000   0.0000 17+[10, 0, 8]
 281   56.627364   56.627364   0.00000000   0.00000023  -0.0000   0.9724 17-[ 9, 1, 8]
 282    0.000000    0.000000   0.00000000   0.00000000  -0.0000   0.0000 17-[ 9, 1, 8]
 283   56.534240   56.534240   0.00000000   0.00000023  -0.0000   1.0000 19-[ 9, 0, 9]
  Sum canonical e_v*V^2_k=  -582.36284720359015     


 #quasiparticle energies protons 
 --------------------------------
  eqp(k) -> q.p. energy 
  e(k)   -> referent s.p. energy 
  p(k)   -> occ.probability 
  del(k) -> referent s.p. gap 
  fermi energy alast=  -13.628915497763582     
  #k  block#    eqp(k)     e(k)       (1-2N)E      decay        p(k)        del(k)    overl      labels
   1    1     1.045470  -13.628915   -1.045470    1.639196    1.00000000   0.0000   0.7423  1+[ 2, 1, 1]
   2    1     2.278224  -14.861670   -2.278224    1.711726    1.00000000   0.0000   0.7676  1+[ 2, 0, 0]
   3    1     7.602206  -20.185651   -7.602206    1.994903    1.00000000   0.0000   0.6192  1+[ 2, 1, 1]
   4    1    15.062088    2.478643   15.062088    2.334602    0.00000000   0.0000   0.6057  1+[ 4, 2, 0]
   5    1    19.883590    7.300145   19.883590    2.530007    0.00000000   0.0000   0.4749  1+[ 4, 4, 0]
   6    1    21.254243    8.670798   21.254243    2.582859    0.00000000   0.0000   0.5179  1+[ 4, 0, 0]
   7    1    22.002044    9.418599   22.002044    2.611243    0.00000000   0.0000   0.4740  1+[ 4, 1, 1]
   8    1    24.289267   11.705821   24.289267    2.696205    0.00000000   0.0000   0.5218  1+[ 4, 3, 1]
   9    1    29.168916  -41.752361  -29.168916    2.869068    1.00000000   0.0000   0.9712  1+[ 0, 0, 0]
  10    1    35.417237   22.833791   35.417237    3.076267    0.00000000   0.0000   0.3326  1+[ 8, 0, 0]
  11    1    36.037680   23.454234   36.037680    3.096085    0.00000000   0.0000   0.3537  1+[ 6, 5, 1]
  12    1    37.134981   24.551535   37.134981    3.130827    0.00000000   0.0000   0.4510  1+[ 8, 0, 0]
  13    1    37.322512   24.739067   37.322512    3.136726    0.00000000   0.0000   0.3432  1+[ 4, 4, 0]
  14    1    37.891322   25.307877   37.891322    3.154551    0.00000000   0.0000   0.4996  1+[ 6, 3, 1]
  15    1    39.522958   26.939512   39.522958    3.205132    0.00000000   0.0000   0.3063  1+[ 8, 7, 1]
  16    1    42.878412   30.294967   42.878412    3.306721    0.00000000   0.0000   0.4393  1+[ 6, 3, 1]
  17    1    53.435512   40.852067   53.435512    3.607735    0.00000000   0.0000   0.3756  1+[ 8, 2, 0]
  18    1    58.146602   45.563157   58.146602    3.734241    0.00000000   0.0000   0.3012  1+[ 6, 5, 1]
  19    1    59.073629   46.490184   59.073629    3.758633    0.00000000   0.0000   0.4745  1+[ 8, 4, 0]
  20    1    61.003090   48.419644   61.003090    3.808900    0.00000000   0.0000   0.3640  1+[ 6, 6, 0]
  21    1    61.810705   49.227259   61.810705    3.829744    0.00000000   0.0000   0.4358  1+[ 8, 5, 1]
  22    1    62.908612   50.325167   62.908612    3.857900    0.00000000   0.0000   0.3510  1+[ 6, 3, 1]
  23    1    63.756632   51.173187   63.756632    3.879508    0.00000000   0.0000   0.4870  1+[ 6, 0, 0]
  24    1    64.260692   51.677247   64.260692    3.892295    0.00000000   0.0000   0.3441  1+[ 6, 1, 1]
  25    1    65.042703   52.459258   65.042703    3.912050    0.00000000   0.0000   0.3915  1+[ 6, 5, 1]
  26    2     3.672551   -8.910894    3.672551    1.790223    0.00000000   0.0000   0.5886  1-[ 3, 1, 0]
  27    2     9.051056   -3.532390    9.051056    2.065256    0.00000000   0.0000   0.5593  1-[ 3, 3, 0]
  28    2    11.089540   -1.493905   11.089540    2.160364    0.00000000   0.0000   0.6451  1-[ 3, 0, 1]
  29    2    12.542785   -0.040660   12.542785    2.225687    0.00000000   0.0000   0.6741  1-[ 3, 2, 1]
  30    2    15.309372  -27.892818  -15.309372    2.345020    1.00000000   0.0000   0.7666  1-[ 1, 0, 1]
  31    2    18.651369  -31.234815  -18.651369    2.481532    1.00000000   0.0000   0.7612  1-[ 1, 1, 0]
  32    2    26.879590   14.296145   26.879590    2.789302    0.00000000   0.0000   0.5664  1-[ 5, 3, 0]
  33    2    29.137060   16.553614   29.137060    2.867974    0.00000000   0.0000   0.4138  1-[ 5, 0, 1]
  34    2    29.506620   16.923174   29.506620    2.880648    0.00000000   0.0000   0.4966  1-[ 5, 5, 0]
  35    2    30.248893   17.665447   30.248893    2.905937    0.00000000   0.0000   0.4189  1-[ 5, 0, 1]
  36    2    32.048773   19.465328   32.048773    2.966365    0.00000000   0.0000   0.3982  1-[ 5, 4, 1]
  37    2    34.745042   22.161597   34.745042    3.054652    0.00000000   0.0000   0.4703  1-[ 5, 2, 1]
  38    2    46.236503   33.653057   46.236503    3.405357    0.00000000   0.0000   0.3782  1-[ 7, 2, 1]
  39    2    48.749831   36.166385   48.749831    3.477350    0.00000000   0.0000   0.3066  1-[ 7, 1, 0]
  40    2    49.440064   36.856618   49.440064    3.496862    0.00000000   0.0000   0.4826  1-[ 7, 4, 1]
  41    2    51.607921   39.024475   51.607921    3.557449    0.00000000   0.0000   0.3353  1-[ 5, 5, 0]
  42    2    53.253334   40.669889   53.253334    3.602754    0.00000000   0.0000   0.3282  1-[ 5, 1, 0]
  43    2    53.714942   41.131496   53.714942    3.615362    0.00000000   0.0000   0.3704  1-[ 5, 0, 1]
  44    2    53.906540   41.323095   53.906540    3.620583    0.00000000   0.0000   0.3584  1-[ 7, 6, 1]
  45    2    54.282952   41.699507   54.282952    3.630817    0.00000000   0.0000   0.4587  1-[ 7, 4, 1]
  46    2    72.327649   59.744204   72.327649    4.091500    0.00000000   0.0000   0.4587  1-[ 9, 7, 0]
  47    3     1.349987  -13.933433   -1.349987    1.657408    1.00000000   0.0000   0.8587  3+[ 2, 0, 2]
  48    3     7.697318  -20.280763   -7.697318    1.999597    1.00000000   0.0000   0.8586  3+[ 2, 1, 1]
  49    3    15.024831    2.441386   15.024831    2.333028    0.00000000   0.0000   0.5801  3+[ 4, 3, 1]
  50    3    19.827198    7.243752   19.827198    2.527809    0.00000000   0.0000   0.5408  3+[ 4, 1, 1]
  51    3    21.804454    9.221009   21.804454    2.603773    0.00000000   0.0000   0.6577  3+[ 4, 0, 2]
  52    3    24.257976   11.674530   24.257976    2.695061    0.00000000   0.0000   0.6802  3+[ 4, 2, 2]
  53    3    35.384880   22.801434   35.384880    3.075230    0.00000000   0.0000   0.3333  3+[ 6, 1, 1]
  54    3    36.030208   23.446763   36.030208    3.095847    0.00000000   0.0000   0.4359  3+[ 6, 5, 1]
  55    3    37.162051   24.578606   37.162051    3.131679    0.00000000   0.0000   0.4546  3+[ 8, 0, 2]
  56    3    37.886514   25.303069   37.886514    3.154401    0.00000000   0.0000   0.5718  3+[ 6, 3, 1]
  57    3    39.500725   26.917280   39.500725    3.204448    0.00000000   0.0000   0.3134  3+[ 4, 2, 2]
  58    3    42.880905   30.297460   42.880905    3.306795    0.00000000   0.0000   0.4202  3+[ 6, 2, 2]
  59    3    53.425798   40.842353   53.425798    3.607470    0.00000000   0.0000   0.3597  3+[ 8, 7, 1]
  60    3    58.118533   45.535088   58.118533    3.733500    0.00000000   0.0000   0.3677  3+[ 6, 5, 1]
  61    3    59.075847   46.492401   59.075847    3.758691    0.00000000   0.0000   0.4804  3+[ 8, 5, 1]
  62    3    60.965350   48.381905   60.965350    3.807923    0.00000000   0.0000   0.3760  3+[ 6, 3, 1]
  63    3    61.813365   49.229919   61.813365    3.829813    0.00000000   0.0000   0.4902  3+[ 8, 4, 2]
  64    3    62.896798   50.313353   62.896798    3.857598    0.00000000   0.0000   0.3451  3+[ 6, 2, 2]
  65    3    64.141008   51.557562   64.141008    3.889263    0.00000000   0.0000   0.5515  3+[ 6, 0, 2]
  66    3    64.991219   52.407774   64.991219    3.910752    0.00000000   0.0000   0.4035  3+[ 6, 4, 2]
  67    4     3.606302   -8.977144    3.606302    1.786571    0.00000000   0.0000   0.7194  3-[ 3, 2, 1]
  68    4     8.811620   -3.771825    8.811620    2.053795    0.00000000   0.0000   0.8097  3-[ 3, 0, 1]
  69    4    12.422590   -0.160856   12.422590    2.220357    0.00000000   0.0000   0.7980  3-[ 3, 1, 2]
  70    4    18.859599  -31.443044  -18.859599    2.489790    1.00000000   0.0000   0.9726  3-[ 1, 0, 1]
  71    4    26.861687   14.278242   26.861687    2.788670    0.00000000   0.0000   0.6057  3-[ 5, 2, 1]
  72    4    29.056811   16.473365   29.056811    2.865214    0.00000000   0.0000   0.6252  3-[ 5, 0, 1]
  73    4    29.483401   16.899956   29.483401    2.879853    0.00000000   0.0000   0.5482  3-[ 5, 4, 1]
  74    4    32.000501   19.417056   32.000501    2.964760    0.00000000   0.0000   0.4971  3-[ 5, 1, 2]
  75    4    34.741920   22.158475   34.741920    3.054551    0.00000000   0.0000   0.5623  3-[ 5, 3, 2]
  76    4    46.224511   33.641066   46.224511    3.405010    0.00000000   0.0000   0.4482  3-[ 7, 2, 1]
  77    4    48.715391   36.131946   48.715391    3.476374    0.00000000   0.0000   0.3271  3-[ 5, 4, 1]
  78    4    49.440700   36.857255   49.440700    3.496880    0.00000000   0.0000   0.5526  3-[ 7, 4, 1]
  79    4    51.495210   38.911764   51.495210    3.554324    0.00000000   0.0000   0.5078  3-[ 5, 0, 1]
  80    4    53.203660   40.620215   53.203660    3.601395    0.00000000   0.0000   0.4290  3-[ 5, 1, 2]
  81    4    53.884023   41.300578   53.884023    3.619970    0.00000000   0.0000   0.4198  3-[ 7, 5, 2]
  82    4    54.284707   41.701262   54.284707    3.630864    0.00000000   0.0000   0.5167  3-[ 7, 3, 2]
  83    4    72.309453   59.726007   72.309453    4.091062    0.00000000   0.0000   0.4335  3-[ 9, 2, 1]
  84    5     7.929634  -20.513079   -7.929634    2.011017    1.00000000   0.0000   0.9723  5+[ 2, 0, 2]
  85    5    14.946307    2.362862   14.946307    2.329708    0.00000000   0.0000   0.7844  5+[ 4, 2, 2]
  86    5    19.639329    7.055884   19.639329    2.520472    0.00000000   0.0000   0.7842  5+[ 4, 0, 2]
  87    5    24.132339   11.548894   24.132339    2.690461    0.00000000   0.0000   0.7808  5+[ 4, 1, 3]
  88    5    35.296310   22.712864   35.296310    3.072390    0.00000000   0.0000   0.5377  5+[ 8, 0, 2]
  89    5    36.004960   23.421514   36.004960    3.095043    0.00000000   0.0000   0.4245  5+[ 6, 4, 2]
  90    5    37.867964   25.284519   37.867964    3.153821    0.00000000   0.0000   0.5574  5+[ 6, 4, 2]
  91    5    39.457838   26.874392   39.457838    3.203128    0.00000000   0.0000   0.4148  5+[ 6, 1, 3]
  92    5    42.870231   30.286785   42.870231    3.306477    0.00000000   0.0000   0.5446  5+[ 6, 3, 3]
  93    5    53.406589   40.823143   53.406589    3.606945    0.00000000   0.0000   0.4576  5+[ 8, 6, 2]
  94    5    58.079283   45.495838   58.079283    3.732463    0.00000000   0.0000   0.3873  5+[ 6, 4, 2]
  95    5    59.076226   46.492781   59.076226    3.758701    0.00000000   0.0000   0.5516  5+[ 8, 4, 2]
  96    5    60.872686   48.289241   60.872686    3.805523    0.00000000   0.0000   0.5880  5+[ 6, 0, 2]
  97    5    61.814223   49.230778   61.814223    3.829835    0.00000000   0.0000   0.4779  5+[ 8, 3, 3]
  98    5    62.871181   50.287735   62.871181    3.856944    0.00000000   0.0000   0.4307  5+[ 6, 3, 3]
  99    5    64.938381   52.354935   64.938381    3.909420    0.00000000   0.0000   0.5180  5+[ 6, 1, 3]
 100    6     3.488771   -9.094675    3.488771    1.780075    0.00000000   0.0000   0.8985  5-[ 3, 1, 2]
 101    6    12.152257   -0.431189   12.152257    2.208322    0.00000000   0.0000   0.8745  5-[ 3, 0, 3]
 102    6    26.814619   14.231174   26.814619    2.787005    0.00000000   0.0000   0.6516  5-[ 5, 3, 2]
 103    6    29.393734   16.810289   29.393734    2.876782    0.00000000   0.0000   0.5770  5-[ 5, 1, 2]
 104    6    31.876373   19.292928   31.876373    2.960630    0.00000000   0.0000   0.6251  5-[ 5, 0, 3]
 105    6    34.694328   22.110883   34.694328    3.053014    0.00000000   0.0000   0.6837  5-[ 5, 2, 3]
 106    6    46.203062   33.619616   46.203062    3.404389    0.00000000   0.0000   0.4980  5-[ 7, 5, 2]
 107    6    48.665353   36.081907   48.665353    3.474955    0.00000000   0.0000   0.3939  5-[ 7, 1, 2]
 108    6    49.433933   36.850488   49.433933    3.496689    0.00000000   0.0000   0.5825  5-[ 7, 3, 2]
 109    6    53.048510   40.465064   53.048510    3.597146    0.00000000   0.0000   0.5318  5-[ 5, 0, 3]
 110    6    53.848017   41.264572   53.848017    3.618989    0.00000000   0.0000   0.4072  5-[ 5, 2, 3]
 111    6    54.280081   41.696636   54.280081    3.630739    0.00000000   0.0000   0.5052  5-[ 7, 4, 3]
 112    6    72.280180   59.696735   72.280180    4.090356    0.00000000   0.0000   0.5123  5-[ 9, 7, 2]
 113    7    14.804988    2.221543   14.804988    2.323721    0.00000000   0.0000   0.9179  7+[ 4, 1, 3]
 114    7    23.933492   11.350047   23.933492    2.683166    0.00000000   0.0000   0.8382  7+[ 4, 0, 4]
 115    7    35.963035   23.379590   35.963035    3.093707    0.00000000   0.0000   0.5941  7+[ 6, 1, 3]
 116    7    37.815495   25.232049   37.815495    3.152180    0.00000000   0.0000   0.7111  7+[ 6, 3, 3]
 117    7    39.376744   26.793299   39.376744    3.200632    0.00000000   0.0000   0.5402  7+[ 8, 0, 4]
 118    7    42.825667   30.242221   42.825667    3.305148    0.00000000   0.0000   0.6399  7+[ 6, 2, 4]
 119    7    53.377758   40.794312   53.377758    3.606157    0.00000000   0.0000   0.4858  7+[ 8, 5, 3]
 120    7    58.036339   45.452894   58.036339    3.731329    0.00000000   0.0000   0.5024  7+[ 6, 1, 3]
 121    7    59.066470   46.483024   59.066470    3.758445    0.00000000   0.0000   0.5550  7+[ 8, 3, 3]
 122    7    61.806095   49.222650   61.806095    3.829625    0.00000000   0.0000   0.5779  7+[ 8, 4, 4]
 123    7    62.829049   50.245604   62.829049    3.855867    0.00000000   0.0000   0.5126  7+[ 6, 2, 4]
 124    7    64.812384   52.228939   64.812384    3.906242    0.00000000   0.0000   0.6258  7+[ 6, 0, 4]
 125    8     3.255677   -9.327769    3.255677    1.767119    0.00000000   0.0000   0.9767  7-[ 3, 0, 3]
 126    8    26.720411   14.136966   26.720411    2.783671    0.00000000   0.0000   0.8215  7-[ 5, 2, 3]
 127    8    29.273602   16.690157   29.273602    2.872663    0.00000000   0.0000   0.7541  7-[ 5, 0, 3]
 128    8    34.572264   21.988819   34.572264    3.049071    0.00000000   0.0000   0.7654  7-[ 5, 1, 4]
 129    8    46.174561   33.591115   46.174561    3.403564    0.00000000   0.0000   0.4889  7-[ 7, 2, 3]
 130    8    48.555719   35.972273   48.555719    3.471843    0.00000000   0.0000   0.5709  7-[ 7, 0, 3]
 131    8    49.404489   36.821044   49.404489    3.495859    0.00000000   0.0000   0.6157  7-[ 7, 4, 3]
 132    8    53.808471   41.225026   53.808471    3.617912    0.00000000   0.0000   0.4960  7-[ 7, 1, 4]
 133    8    54.253129   41.669684   54.253129    3.630007    0.00000000   0.0000   0.6360  7-[ 7, 3, 4]
 134    8    72.251172   59.667727   72.251172    4.089657    0.00000000   0.0000   0.5888  7-[ 9, 6, 3]
 135    9    14.588892    2.005446   14.588892    2.314536    0.00000000   0.0000   0.9778  9+[ 4, 0, 4]
 136    9    35.906835   23.323389   35.906835    3.091916    0.00000000   0.0000   0.6960  9+[ 6, 0, 4]
 137    9    37.716487   25.133041   37.716487    3.149083    0.00000000   0.0000   0.8262  9+[ 6, 2, 4]
 138    9    42.743929   30.160483   42.743929    3.302710    0.00000000   0.0000   0.7050  9+[ 6, 1, 5]
 139    9    53.337764   40.754318   53.337764    3.605064    0.00000000   0.0000   0.5054  9+[ 8, 2, 4]
 140    9    57.933907   45.350462   57.933907    3.728622    0.00000000   0.0000   0.6032  9+[ 6, 0, 4]
 141    9    59.036338   46.452892   59.036338    3.757655    0.00000000   0.0000   0.6236  9+[ 8, 4, 4]
 142    9    61.782042   49.198597   61.782042    3.829006    0.00000000   0.0000   0.6740  9+[ 8, 3, 5]
 143    9    62.765567   50.182121   62.765567    3.854243    0.00000000   0.0000   0.5639  9+[ 6, 1, 5]
 144   10    26.561780   13.978334   26.561780    2.778048    0.00000000   0.0000   0.9296  9-[ 5, 1, 4]
 145   10    34.434087   21.850642   34.434087    3.044600    0.00000000   0.0000   0.8110  9-[ 5, 0, 5]
 146   10    46.133961   33.550515   46.133961    3.402388    0.00000000   0.0000   0.6995  9-[ 7, 1, 4]
 147   10    49.337026   36.753581   49.337026    3.493956    0.00000000   0.0000   0.7507  9-[ 7, 3, 4]
 148   10    53.721701   41.138256   53.721701    3.615547    0.00000000   0.0000   0.5919  9-[ 7, 0, 5]
 149   10    54.192806   41.609360   54.192806    3.628368    0.00000000   0.0000   0.7386  9-[ 7, 2, 5]
 150   10    72.232648   59.649203   72.232648    4.089211    0.00000000   0.0000   0.5936  9-[ 9, 5, 4]
 151   11    37.579420   24.995975   37.579420    3.144789    0.00000000   0.0000   0.9074 11+[ 6, 1, 5]
 152   11    42.672438   30.088992   42.672438    3.300575    0.00000000   0.0000   0.7409 11+[ 6, 0, 6]
 153   11    53.282215   40.698770   53.282215    3.603544    0.00000000   0.0000   0.6799 11+[ 8, 1, 5]
 154   11    58.979048   46.395602   58.979048    3.756151    0.00000000   0.0000   0.7400 11+[ 8, 3, 5]
 155   11    61.738981   49.155536   61.738981    3.827897    0.00000000   0.0000   0.7461 11+[ 8, 2, 6]
 156   11    62.674471   50.091025   62.674471    3.851913    0.00000000   0.0000   0.5884 11+[ 6, 0, 6]
 157   12    26.372998   13.789552   26.372998    2.771341    0.00000000   0.0000   0.9784 11-[ 5, 0, 5]
 158   12    46.066372   33.482927   46.066372    3.400429    0.00000000   0.0000   0.8027 11-[ 7, 0, 5]
 159   12    49.228013   36.644568   49.228013    3.490879    0.00000000   0.0000   0.8533 11-[ 7, 2, 5]
 160   12    54.106896   41.523450   54.106896    3.626034    0.00000000   0.0000   0.8099 11-[ 7, 1, 6]
 161   12    72.225417   59.641972   72.225417    4.089036    0.00000000   0.0000   0.6412 11-[ 9, 2, 5]
 162   13    37.446130   24.862685   37.446130    3.140608    0.00000000   0.0000   0.9481 13+[ 6, 0, 6]
 163   13    53.204576   40.621131   53.204576    3.601420    0.00000000   0.0000   0.7690 13+[ 8, 0, 6]
 164   13    58.897095   46.313649   58.897095    3.754000    0.00000000   0.0000   0.8299 13+[ 8, 2, 6]
 165   13    61.684971   49.101526   61.684971    3.826506    0.00000000   0.0000   0.7969 13+[ 8, 1, 7]
 166   14    49.094211   36.510765   49.094211    3.487099    0.00000000   0.0000   0.9251 13-[ 7, 1, 6]
 167   14    54.041989   41.458544   54.041989    3.624269    0.00000000   0.0000   0.8439 13-[ 7, 0, 7]
 168   14    72.208273   59.624828   72.208273    4.088623    0.00000000   0.0000   0.8262 13-[ 9, 1, 6]
 169   15    58.806277   46.222831   58.806277    3.751614    0.00000000   0.0000   0.8917 15+[ 8, 1, 7]
 170   15    61.649668   49.066223   61.649668    3.825597    0.00000000   0.0000   0.8263 15+[ 8, 0, 8]
 171   16    48.984575   36.401130   48.984575    3.483998    0.00000000   0.0000   0.9600 15-[ 7, 0, 7]
 172   16    72.124485   59.541039   72.124485    4.086602    0.00000000   0.0000   0.9235 15-[ 9, 0, 7]
 173   17    58.743810   46.160364   58.743810    3.749973    0.00000000   0.0000   0.9214 17+[ 8, 0, 8]
#all active are  173 q.p. states out of  286
#since the cut off is pwi=  60.0
#check: number of protons =  20.0


 #canonical s.p. energies protons 
 ---------------------------------


  labels -> {2*omega}{parity}[nn=nz+2*nr+nl,nz,nl]
  cqpe   -> canonical q.p. energies
  ce     -> canonical s.p. energies
  fermi energy=  -13.628915497763582     
  average cdelt=  -1.0301469727425002E-005
  k0      ceqp        ce         v*v       u*v        cdel     overl      labels
   1  -11.537975  -13.628915   1.00000000   0.00000513  -0.0000   0.7423  1+[ 2, 1, 1]
   2  -10.305221  -14.861670   1.00000000   0.00000199  -0.0000   0.7676  1+[ 2, 0, 0]
   3   -4.981240  -20.185651   1.00000000   0.00000074  -0.0000   0.6192  1+[ 2, 1, 1]
   4    2.478643    2.478643   0.00000000   0.00000032  -0.0000   0.6057  1+[ 4, 2, 0]
   5    7.300145    7.300145   0.00000000   0.00000018  -0.0000   0.4749  1+[ 4, 4, 0]
   6    8.670798    8.670798   0.00000000   0.00000021  -0.0000   0.5179  1+[ 4, 0, 0]
   7    9.418599    9.418599   0.00000000   0.00000015  -0.0000   0.4740  1+[ 4, 1, 1]
   8   11.705821   11.705821   0.00000000   0.00000015  -0.0000   0.5218  1+[ 4, 3, 1]
   9   16.585470  -41.752361   1.00000000   0.00000023  -0.0000   0.9712  1+[ 0, 0, 0]
  10   22.833791   22.833791   0.00000000   0.00000009  -0.0000   0.3326  1+[ 8, 0, 0]
  11   23.454234   23.454234   0.00000000   0.00000008  -0.0000   0.3537  1+[ 6, 5, 1]
  12   24.551535   24.551535   0.00000000   0.00000010  -0.0000   0.4510  1+[ 8, 0, 0]
  13   24.739067   24.739067   0.00000000   0.00000009  -0.0000   0.3432  1+[ 4, 4, 0]
  14   25.307877   25.307877   0.00000000   0.00000008  -0.0000   0.4996  1+[ 6, 3, 1]
  15   26.939512   26.939512   0.00000000   0.00000009  -0.0000   0.3063  1+[ 8, 7, 1]
  16   30.294967   30.294967   0.00000000   0.00000004  -0.0000   0.4393  1+[ 6, 3, 1]
  17   40.852067   40.852067   0.00000000   0.00000007  -0.0000   0.3756  1+[ 8, 2, 0]
  18   45.563157   45.563157   0.00000000   0.00000007  -0.0000   0.3012  1+[ 6, 5, 1]
  19   46.490184   46.490184   0.00000000   0.00000002  -0.0000   0.4745  1+[ 8, 4, 0]
  20   48.419644   48.419644   0.00000000   0.00000007  -0.0000   0.3640  1+[ 6, 6, 0]
  21   49.227259   49.227259   0.00000000   0.00000002  -0.0000   0.4358  1+[ 8, 5, 1]
  22   50.325167   50.325167   0.00000000   0.00000006  -0.0000   0.3510  1+[ 6, 3, 1]
  23   51.173187   51.173187   0.00000000   0.00000007  -0.0000   0.4870  1+[ 6, 0, 0]
  24   51.677247   51.677247   0.00000000   0.00000007  -0.0000   0.3441  1+[ 6, 1, 1]
  25   52.459258   52.459258   0.00000000   0.00000007  -0.0000   0.3915  1+[ 6, 5, 1]
  26    0.000000    0.000000   0.00000000   0.00000000  -0.0000   0.0000  1+[10, 0, 0]
  27    0.000000    0.000000   0.00000000   0.00000000  -0.0000   0.0000  1+[10, 0, 0]
  28    0.000000    0.000000   0.00000000   0.00000000  -0.0000   0.0000  1+[10, 0, 0]
  29    0.000000    0.000000   0.00000000   0.00000000  -0.0000   0.0000  1+[10, 0, 0]
  30    0.000000    0.000000   0.00000000   0.00000000  -0.0000   0.0000  1+[10, 0, 0]
  31    0.000000    0.000000   0.00000000   0.00000000  -0.0000   0.0000  1+[10, 0, 0]
  32    0.000000    0.000000   0.00000000   0.00000000  -0.0000   0.0000  1+[10, 0, 0]
  33    0.000000    0.000000   0.00000000   0.00000000  -0.0000   0.0000  1+[10, 0, 0]
  34    0.000000    0.000000   0.00000000   0.00000000  -0.0000   0.0000  1+[10, 0, 0]
  35    0.000000    0.000000   0.00000000   0.00000000  -0.0000   0.0000  1+[10, 0, 0]
  36    0.000000    0.000000   0.00000000   0.00000000  -0.0000   0.0000  1+[10, 0, 0]
  37   -8.910894   -8.910894   0.00000000   0.00000142  -0.0000   0.5886  1-[ 3, 1, 0]
  38   -3.532390   -3.532390   0.00000000   0.00000041  -0.0000   0.5593  1-[ 3, 3, 0]
  39   -1.493905   -1.493905   0.00000000   0.00000032  -0.0000   0.6451  1-[ 3, 0, 1]
  40   -0.040660   -0.040660   0.00000000   0.00000041  -0.0000   0.6741  1-[ 3, 2, 1]
  41    2.725927  -27.892818   1.00000000   0.00000038  -0.0000   0.7666  1-[ 1, 0, 1]
  42    6.067924  -31.234815   1.00000000   0.00000033  -0.0000   0.7612  1-[ 1, 1, 0]
  43   14.296145   14.296145   0.00000000   0.00000015  -0.0000   0.5664  1-[ 5, 3, 0]
  44   16.553614   16.553614   0.00000000   0.00000017  -0.0000   0.4138  1-[ 5, 0, 1]
  45   16.923174   16.923174   0.00000000   0.00000012  -0.0000   0.4966  1-[ 5, 5, 0]
  46   17.665447   17.665447   0.00000000   0.00000014  -0.0000   0.4189  1-[ 5, 0, 1]
  47   19.465328   19.465328   0.00000000   0.00000011  -0.0000   0.3982  1-[ 5, 4, 1]
  48   22.161597   22.161597   0.00000000   0.00000008  -0.0000   0.4703  1-[ 5, 2, 1]
  49   33.653057   33.653057   0.00000000   0.00000008  -0.0000   0.3782  1-[ 7, 2, 1]
  50   36.166385   36.166385   0.00000000   0.00000007  -0.0000   0.3066  1-[ 7, 1, 0]
  51   36.856618   36.856618   0.00000000   0.00000005  -0.0000   0.4826  1-[ 7, 4, 1]
  52   39.024475   39.024475   0.00000000   0.00000008  -0.0000   0.3353  1-[ 5, 5, 0]
  53   40.669889   40.669889   0.00000000   0.00000007  -0.0000   0.3282  1-[ 5, 1, 0]
  54   41.131496   41.131496   0.00000000   0.00000008  -0.0000   0.3704  1-[ 5, 0, 1]
  55   41.323095   41.323095   0.00000000   0.00000008  -0.0000   0.3584  1-[ 7, 6, 1]
  56   41.699507   41.699507   0.00000000   0.00000003  -0.0000   0.4587  1-[ 7, 4, 1]
  57   59.744204   59.744204   0.00000000   0.00000006  -0.0000   0.4587  1-[ 9, 7, 0]
  58    0.000000    0.000000   0.00000000   0.00000000  -0.0000   0.0000  1-[ 9, 1, 0]
  59    0.000000    0.000000   0.00000000   0.00000000  -0.0000   0.0000  1-[ 9, 1, 0]
  60    0.000000    0.000000   0.00000000   0.00000000  -0.0000   0.0000  1-[ 9, 1, 0]
  61    0.000000    0.000000   0.00000000   0.00000000  -0.0000   0.0000  1-[ 9, 1, 0]
  62    0.000000    0.000000   0.00000000   0.00000000  -0.0000   0.0000  1-[ 9, 1, 0]
  63    0.000000    0.000000   0.00000000   0.00000000  -0.0000   0.0000  1-[ 9, 1, 0]
  64    0.000000    0.000000   0.00000000   0.00000000  -0.0000   0.0000  1-[ 9, 1, 0]
  65    0.000000    0.000000   0.00000000   0.00000000  -0.0000   0.0000  1-[ 9, 1, 0]
  66    0.000000    0.000000   0.00000000   0.00000000  -0.0000   0.0000  1-[ 9, 1, 0]
  67  -11.233458  -13.933433   1.00000000   0.00000378  -0.0000   0.8587  3+[ 2, 0, 2]
  68   -4.886127  -20.280763   1.00000000   0.00000071  -0.0000   0.8586  3+[ 2, 1, 1]
  69    2.441386    2.441386   0.00000000   0.00000032  -0.0000   0.5801  3+[ 4, 3, 1]
  70    7.243752    7.243752   0.00000000   0.00000018  -0.0000   0.5408  3+[ 4, 1, 1]
  71    9.221009    9.221009   0.00000000   0.00000014  -0.0000   0.6577  3+[ 4, 0, 2]
  72   11.674530   11.674530   0.00000000   0.00000015  -0.0000   0.6802  3+[ 4, 2, 2]
  73   22.801434   22.801434   0.00000000   0.00000009  -0.0000   0.3333  3+[ 6, 1, 1]
  74   23.446763   23.446763   0.00000000   0.00000008  -0.0000   0.4359  3+[ 6, 5, 1]
  75   24.578606   24.578606   0.00000000   0.00000008  -0.0000   0.4546  3+[ 8, 0, 2]
  76   25.303069   25.303069   0.00000000   0.00000008  -0.0000   0.5718  3+[ 6, 3, 1]
  77   26.917280   26.917280   0.00000000   0.00000009  -0.0000   0.3134  3+[ 4, 2, 2]
  78   30.297460   30.297460   0.00000000   0.00000004  -0.0000   0.4202  3+[ 6, 2, 2]
  79   40.842353   40.842353   0.00000000   0.00000007  -0.0000   0.3597  3+[ 8, 7, 1]
  80   45.535088   45.535088   0.00000000   0.00000007  -0.0000   0.3677  3+[ 6, 5, 1]
  81   46.492401   46.492401   0.00000000   0.00000002  -0.0000   0.4804  3+[ 8, 5, 1]
  82   48.381905   48.381905   0.00000000   0.00000007  -0.0000   0.3760  3+[ 6, 3, 1]
  83   49.229919   49.229919   0.00000000   0.00000002  -0.0000   0.4902  3+[ 8, 4, 2]
  84   50.313353   50.313353   0.00000000   0.00000006  -0.0000   0.3451  3+[ 6, 2, 2]
  85   51.557562   51.557562   0.00000000   0.00000007  -0.0000   0.5515  3+[ 6, 0, 2]
  86   52.407774   52.407774   0.00000000   0.00000007  -0.0000   0.4035  3+[ 6, 4, 2]
  87    0.000000    0.000000   0.00000000   0.00000000  -0.0000   0.0000  3+[10, 1, 1]
  88    0.000000    0.000000   0.00000000   0.00000000  -0.0000   0.0000  3+[10, 1, 1]
  89    0.000000    0.000000   0.00000000   0.00000000  -0.0000   0.0000  3+[10, 1, 1]
  90    0.000000    0.000000   0.00000000   0.00000000  -0.0000   0.0000  3+[10, 1, 1]
  91    0.000000    0.000000   0.00000000   0.00000000  -0.0000   0.0000  3+[10, 1, 1]
  92    0.000000    0.000000   0.00000000   0.00000000  -0.0000   0.0000  3+[10, 1, 1]
  93    0.000000    0.000000   0.00000000   0.00000000  -0.0000   0.0000  3+[10, 1, 1]
  94    0.000000    0.000000   0.00000000   0.00000000  -0.0000   0.0000  3+[10, 1, 1]
  95    0.000000    0.000000   0.00000000   0.00000000  -0.0000   0.0000  3+[10, 1, 1]
  96    0.000000    0.000000   0.00000000   0.00000000  -0.0000   0.0000  3+[10, 1, 1]
  97   -8.977144   -8.977144   0.00000000   0.00000143  -0.0000   0.7194  3-[ 3, 2, 1]
  98   -3.771825   -3.771825   0.00000000   0.00000041  -0.0000   0.8097  3-[ 3, 0, 1]
  99   -0.160856   -0.160856   0.00000000   0.00000038  -0.0000   0.7980  3-[ 3, 1, 2]
 100    6.276153  -31.443044   1.00000000   0.00000031  -0.0000   0.9726  3-[ 1, 0, 1]
 101   14.278242   14.278242   0.00000000   0.00000015  -0.0000   0.6057  3-[ 5, 2, 1]
 102   16.473365   16.473365   0.00000000   0.00000017  -0.0000   0.6252  3-[ 5, 0, 1]
 103   16.899956   16.899956   0.00000000   0.00000012  -0.0000   0.5482  3-[ 5, 4, 1]
 104   19.417056   19.417056   0.00000000   0.00000010  -0.0000   0.4971  3-[ 5, 1, 2]
 105   22.158475   22.158475   0.00000000   0.00000008  -0.0000   0.5623  3-[ 5, 3, 2]
 106   33.641066   33.641066   0.00000000   0.00000007  -0.0000   0.4482  3-[ 7, 2, 1]
 107   36.131946   36.131946   0.00000000   0.00000007  -0.0000   0.3271  3-[ 5, 4, 1]
 108   36.857255   36.857255   0.00000000   0.00000005  -0.0000   0.5526  3-[ 7, 4, 1]
 109   38.911764   38.911764   0.00000000   0.00000008  -0.0000   0.5078  3-[ 5, 0, 1]
 110   40.620215   40.620215   0.00000000   0.00000007  -0.0000   0.4290  3-[ 5, 1, 2]
 111   41.300578   41.300578   0.00000000   0.00000008  -0.0000   0.4198  3-[ 7, 5, 2]
 112   41.701262   41.701262   0.00000000   0.00000003  -0.0000   0.5167  3-[ 7, 3, 2]
 113   59.726007   59.726007   0.00000000   0.00000006  -0.0000   0.4335  3-[ 9, 2, 1]
 114    0.000000    0.000000   0.00000000   0.00000000  -0.0000   0.0000  3-[ 9, 0, 1]
 115    0.000000    0.000000   0.00000000   0.00000000  -0.0000   0.0000  3-[ 9, 0, 1]
 116    0.000000    0.000000   0.00000000   0.00000000  -0.0000   0.0000  3-[ 9, 0, 1]
 117    0.000000    0.000000   0.00000000   0.00000000  -0.0000   0.0000  3-[ 9, 0, 1]
 118    0.000000    0.000000   0.00000000   0.00000000  -0.0000   0.0000  3-[ 9, 0, 1]
 119    0.000000    0.000000   0.00000000   0.00000000  -0.0000   0.0000  3-[ 9, 0, 1]
 120    0.000000    0.000000   0.00000000   0.00000000  -0.0000   0.0000  3-[ 9, 0, 1]
 121    0.000000    0.000000   0.00000000   0.00000000  -0.0000   0.0000  3-[ 9, 0, 1]
 122   -4.653811  -20.513079   1.00000000   0.00000066  -0.0000   0.9723  5+[ 2, 0, 2]
 123    2.362862    2.362862   0.00000000   0.00000031  -0.0000   0.7844  5+[ 4, 2, 2]
 124    7.055884    7.055884   0.00000000   0.00000018  -0.0000   0.7842  5+[ 4, 0, 2]
 125   11.548894   11.548894   0.00000000   0.00000015  -0.0000   0.7808  5+[ 4, 1, 3]
 126   22.712864   22.712864   0.00000000   0.00000009  -0.0000   0.5377  5+[ 8, 0, 2]
 127   23.421514   23.421514   0.00000000   0.00000008  -0.0000   0.4245  5+[ 6, 4, 2]
 128   25.284519   25.284519   0.00000000   0.00000008  -0.0000   0.5574  5+[ 6, 4, 2]
 129   26.874392   26.874392   0.00000000   0.00000009  -0.0000   0.4148  5+[ 6, 1, 3]
 130   30.286785   30.286785   0.00000000   0.00000004  -0.0000   0.5446  5+[ 6, 3, 3]
 131   40.823143   40.823143   0.00000000   0.00000006  -0.0000   0.4576  5+[ 8, 6, 2]
 132   45.495838   45.495838   0.00000000   0.00000007  -0.0000   0.3873  5+[ 6, 4, 2]
 133   46.492781   46.492781   0.00000000   0.00000002  -0.0000   0.5516  5+[ 8, 4, 2]
 134   48.289241   48.289241   0.00000000   0.00000007  -0.0000   0.5880  5+[ 6, 0, 2]
 135   49.230778   49.230778   0.00000000   0.00000002  -0.0000   0.4779  5+[ 8, 3, 3]
 136   50.287735   50.287735   0.00000000   0.00000006  -0.0000   0.4307  5+[ 6, 3, 3]
 137   52.354935   52.354935   0.00000000   0.00000006  -0.0000   0.5180  5+[ 6, 1, 3]
 138    0.000000    0.000000   0.00000000   0.00000000  -0.0000   0.0000  5+[10, 0, 2]
 139    0.000000    0.000000   0.00000000   0.00000000  -0.0000   0.0000  5+[10, 0, 2]
 140    0.000000    0.000000   0.00000000   0.00000000  -0.0000   0.0000  5+[10, 0, 2]
 141    0.000000    0.000000   0.00000000   0.00000000  -0.0000   0.0000  5+[10, 0, 2]
 142    0.000000    0.000000   0.00000000   0.00000000  -0.0000   0.0000  5+[10, 0, 2]
 143    0.000000    0.000000   0.00000000   0.00000000  -0.0000   0.0000  5+[10, 0, 2]
 144    0.000000    0.000000   0.00000000   0.00000000  -0.0000   0.0000  5+[10, 0, 2]
 145    0.000000    0.000000   0.00000000   0.00000000  -0.0000   0.0000  5+[10, 0, 2]
 146    0.000000    0.000000   0.00000000   0.00000000  -0.0000   0.0000  5+[10, 0, 2]
 147   -9.094675   -9.094675   0.00000000   0.00000144  -0.0000   0.8985  5-[ 3, 1, 2]
 148   -0.431189   -0.431189   0.00000000   0.00000037  -0.0000   0.8745  5-[ 3, 0, 3]
 149   14.231174   14.231174   0.00000000   0.00000015  -0.0000   0.6516  5-[ 5, 3, 2]
 150   16.810289   16.810289   0.00000000   0.00000011  -0.0000   0.5770  5-[ 5, 1, 2]
 151   19.292928   19.292928   0.00000000   0.00000010  -0.0000   0.6251  5-[ 5, 0, 3]
 152   22.110883   22.110883   0.00000000   0.00000008  -0.0000   0.6837  5-[ 5, 2, 3]
 153   33.619616   33.619616   0.00000000   0.00000007  -0.0000   0.4980  5-[ 7, 5, 2]
 154   36.081907   36.081907   0.00000000   0.00000007  -0.0000   0.3939  5-[ 7, 1, 2]
 155   36.850488   36.850488   0.00000000   0.00000005  -0.0000   0.5825  5-[ 7, 3, 2]
 156   40.465064   40.465064   0.00000000   0.00000007  -0.0000   0.5318  5-[ 5, 0, 3]
 157   41.264572   41.264572   0.00000000   0.00000008  -0.0000   0.4072  5-[ 5, 2, 3]
 158   41.696636   41.696636   0.00000000   0.00000003  -0.0000   0.5052  5-[ 7, 4, 3]
 159   59.696735   59.696735   0.00000000   0.00000006  -0.0000   0.5123  5-[ 9, 7, 2]
 160    0.000000    0.000000   0.00000000   0.00000000  -0.0000   0.0000  5-[ 9, 1, 2]
 161    0.000000    0.000000   0.00000000   0.00000000  -0.0000   0.0000  5-[ 9, 1, 2]
 162    0.000000    0.000000   0.00000000   0.00000000  -0.0000   0.0000  5-[ 9, 1, 2]
 163    0.000000    0.000000   0.00000000   0.00000000  -0.0000   0.0000  5-[ 9, 1, 2]
 164    0.000000    0.000000   0.00000000   0.00000000  -0.0000   0.0000  5-[ 9, 1, 2]
 165    0.000000    0.000000   0.00000000   0.00000000  -0.0000   0.0000  5-[ 9, 1, 2]
 166    0.000000    0.000000   0.00000000   0.00000000  -0.0000   0.0000  5-[ 9, 1, 2]
 167    2.221543    2.221543   0.00000000   0.00000031  -0.0000   0.9179  7+[ 4, 1, 3]
 168   11.350047   11.350047   0.00000000   0.00000015  -0.0000   0.8382  7+[ 4, 0, 4]
 169   23.379590   23.379590   0.00000000   0.00000008  -0.0000   0.5941  7+[ 6, 1, 3]
 170   25.232049   25.232049   0.00000000   0.00000008  -0.0000   0.7111  7+[ 6, 3, 3]
 171   26.793299   26.793299   0.00000000   0.00000008  -0.0000   0.5402  7+[ 8, 0, 4]
 172   30.242221   30.242221   0.00000000   0.00000004  -0.0000   0.6399  7+[ 6, 2, 4]
 173   40.794312   40.794312   0.00000000   0.00000006  -0.0000   0.4858  7+[ 8, 5, 3]
 174   45.452894   45.452894   0.00000000   0.00000006  -0.0000   0.5024  7+[ 6, 1, 3]
 175   46.483024   46.483024   0.00000000   0.00000002  -0.0000   0.5550  7+[ 8, 3, 3]
 176   49.222650   49.222650   0.00000000   0.00000002  -0.0000   0.5779  7+[ 8, 4, 4]
 177   50.245604   50.245604   0.00000000   0.00000006  -0.0000   0.5126  7+[ 6, 2, 4]
 178   52.228939   52.228939   0.00000000   0.00000006  -0.0000   0.6258  7+[ 6, 0, 4]
 179    0.000000    0.000000   0.00000000   0.00000000  -0.0000   0.0000  7+[10, 1, 3]
 180    0.000000    0.000000   0.00000000   0.00000000  -0.0000   0.0000  7+[10, 1, 3]
 181    0.000000    0.000000   0.00000000   0.00000000  -0.0000   0.0000  7+[10, 1, 3]
 182    0.000000    0.000000   0.00000000   0.00000000  -0.0000   0.0000  7+[10, 1, 3]
 183    0.000000    0.000000   0.00000000   0.00000000  -0.0000   0.0000  7+[10, 1, 3]
 184    0.000000    0.000000   0.00000000   0.00000000  -0.0000   0.0000  7+[10, 1, 3]
 185    0.000000    0.000000   0.00000000   0.00000000  -0.0000   0.0000  7+[10, 1, 3]
 186    0.000000    0.000000   0.00000000   0.00000000  -0.0000   0.0000  7+[10, 1, 3]
 187   -9.327769   -9.327769   0.00000000   0.00000150  -0.0000   0.9767  7-[ 3, 0, 3]
 188   14.136966   14.136966   0.00000000   0.00000015  -0.0000   0.8215  7-[ 5, 2, 3]
 189   16.690157   16.690157   0.00000000   0.00000011  -0.0000   0.7541  7-[ 5, 0, 3]
 190   21.988819   21.988819   0.00000000   0.00000008  -0.0000   0.7654  7-[ 5, 1, 4]
 191   33.591115   33.591115   0.00000000   0.00000007  -0.0000   0.4889  7-[ 7, 2, 3]
 192   35.972273   35.972273   0.00000000   0.00000007  -0.0000   0.5709  7-[ 7, 0, 3]
 193   36.821044   36.821044   0.00000000   0.00000005  -0.0000   0.6157  7-[ 7, 4, 3]
 194   41.225026   41.225026   0.00000000   0.00000008  -0.0000   0.4960  7-[ 7, 1, 4]
 195   41.669684   41.669684   0.00000000   0.00000003  -0.0000   0.6360  7-[ 7, 3, 4]
 196   59.667727   59.667727   0.00000000   0.00000006  -0.0000   0.5888  7-[ 9, 6, 3]
 197    0.000000    0.000000   0.00000000   0.00000000  -0.0000   0.0000  7-[ 9, 0, 3]
 198    0.000000    0.000000   0.00000000   0.00000000  -0.0000   0.0000  7-[ 9, 0, 3]
 199    0.000000    0.000000   0.00000000   0.00000000  -0.0000   0.0000  7-[ 9, 0, 3]
 200    0.000000    0.000000   0.00000000   0.00000000  -0.0000   0.0000  7-[ 9, 0, 3]
 201    0.000000    0.000000   0.00000000   0.00000000  -0.0000   0.0000  7-[ 9, 0, 3]
 202    0.000000    0.000000   0.00000000   0.00000000  -0.0000   0.0000  7-[ 9, 0, 3]
 203    2.005446    2.005446   0.00000000   0.00000030  -0.0000   0.9778  9+[ 4, 0, 4]
 204   23.323389   23.323389   0.00000000   0.00000008  -0.0000   0.6960  9+[ 6, 0, 4]
 205   25.133041   25.133041   0.00000000   0.00000008  -0.0000   0.8262  9+[ 6, 2, 4]
 206   30.160483   30.160483   0.00000000   0.00000004  -0.0000   0.7050  9+[ 6, 1, 5]
 207   40.754318   40.754318   0.00000000   0.00000006  -0.0000   0.5054  9+[ 8, 2, 4]
 208   45.350462   45.350462   0.00000000   0.00000006  -0.0000   0.6032  9+[ 6, 0, 4]
 209   46.452892   46.452892   0.00000000   0.00000002  -0.0000   0.6236  9+[ 8, 4, 4]
 210   49.198597   49.198597   0.00000000   0.00000001  -0.0000   0.6740  9+[ 8, 3, 5]
 211   50.182121   50.182121   0.00000000   0.00000006  -0.0000   0.5639  9+[ 6, 1, 5]
 212    0.000000    0.000000   0.00000000   0.00000000  -0.0000   0.0000  9+[10, 0, 4]
 213    0.000000    0.000000   0.00000000   0.00000000  -0.0000   0.0000  9+[10, 0, 4]
 214    0.000000    0.000000   0.00000000   0.00000000  -0.0000   0.0000  9+[10, 0, 4]
 215    0.000000    0.000000   0.00000000   0.00000000  -0.0000   0.0000  9+[10, 0, 4]
 216    0.000000    0.000000   0.00000000   0.00000000  -0.0000   0.0000  9+[10, 0, 4]
 217    0.000000    0.000000   0.00000000   0.00000000  -0.0000   0.0000  9+[10, 0, 4]
 218    0.000000    0.000000   0.00000000   0.00000000  -0.0000   0.0000  9+[10, 0, 4]
 219   13.978334   13.978334   0.00000000   0.00000014  -0.0000   0.9296  9-[ 5, 1, 4]
 220   21.850642   21.850642   0.00000000   0.00000007  -0.0000   0.8110  9-[ 5, 0, 5]
 221   33.550515   33.550515   0.00000000   0.00000007  -0.0000   0.6995  9-[ 7, 1, 4]
 222   36.753581   36.753581   0.00000000   0.00000005  -0.0000   0.7507  9-[ 7, 3, 4]
 223   41.138256   41.138256   0.00000000   0.00000007  -0.0000   0.5919  9-[ 7, 0, 5]
 224   41.609360   41.609360   0.00000000   0.00000003  -0.0000   0.7386  9-[ 7, 2, 5]
 225   59.649203   59.649203   0.00000000   0.00000006  -0.0000   0.5936  9-[ 9, 5, 4]
 226    0.000000    0.000000   0.00000000   0.00000000  -0.0000   0.0000  9-[ 9, 1, 4]
 227    0.000000    0.000000   0.00000000   0.00000000  -0.0000   0.0000  9-[ 9, 1, 4]
 228    0.000000    0.000000   0.00000000   0.00000000  -0.0000   0.0000  9-[ 9, 1, 4]
 229    0.000000    0.000000   0.00000000   0.00000000  -0.0000   0.0000  9-[ 9, 1, 4]
 230    0.000000    0.000000   0.00000000   0.00000000  -0.0000   0.0000  9-[ 9, 1, 4]
 231   24.995975   24.995975   0.00000000   0.00000008  -0.0000   0.9074 11+[ 6, 1, 5]
 232   30.088992   30.088992   0.00000000   0.00000004  -0.0000   0.7409 11+[ 6, 0, 6]
 233   40.698770   40.698770   0.00000000   0.00000006  -0.0000   0.6799 11+[ 8, 1, 5]
 234   46.395602   46.395602   0.00000000   0.00000002  -0.0000   0.7400 11+[ 8, 3, 5]
 235   49.155536   49.155536   0.00000000   0.00000001  -0.0000   0.7461 11+[ 8, 2, 6]
 236   50.091025   50.091025   0.00000000   0.00000006  -0.0000   0.5884 11+[ 6, 0, 6]
 237    0.000000    0.000000   0.00000000   0.00000000  -0.0000   0.0000 11+[10, 1, 5]
 238    0.000000    0.000000   0.00000000   0.00000000  -0.0000   0.0000 11+[10, 1, 5]
 239    0.000000    0.000000   0.00000000   0.00000000  -0.0000   0.0000 11+[10, 1, 5]
 240    0.000000    0.000000   0.00000000   0.00000000  -0.0000   0.0000 11+[10, 1, 5]
 241    0.000000    0.000000   0.00000000   0.00000000  -0.0000   0.0000 11+[10, 1, 5]
 242    0.000000    0.000000   0.00000000   0.00000000  -0.0000   0.0000 11+[10, 1, 5]
 243   13.789552   13.789552   0.00000000   0.00000014  -0.0000   0.9784 11-[ 5, 0, 5]
 244   33.482927   33.482927   0.00000000   0.00000007  -0.0000   0.8027 11-[ 7, 0, 5]
 245   36.644568   36.644568   0.00000000   0.00000005  -0.0000   0.8533 11-[ 7, 2, 5]
 246   41.523450   41.523450   0.00000000   0.00000003  -0.0000   0.8099 11-[ 7, 1, 6]
 247   59.641972   59.641972   0.00000000   0.00000006  -0.0000   0.6412 11-[ 9, 2, 5]
 248    0.000000    0.000000   0.00000000   0.00000000  -0.0000   0.0000 11-[ 9, 0, 5]
 249    0.000000    0.000000   0.00000000   0.00000000  -0.0000   0.0000 11-[ 9, 0, 5]
 250    0.000000    0.000000   0.00000000   0.00000000  -0.0000   0.0000 11-[ 9, 0, 5]
 251    0.000000    0.000000   0.00000000   0.00000000  -0.0000   0.0000 11-[ 9, 0, 5]
 252   24.862685   24.862685   0.00000000   0.00000008  -0.0000   0.9481 13+[ 6, 0, 6]
 253   40.621131   40.621131   0.00000000   0.00000006  -0.0000   0.7690 13+[ 8, 0, 6]
 254   46.313649   46.313649   0.00000000   0.00000002  -0.0000   0.8299 13+[ 8, 2, 6]
 255   49.101526   49.101526   0.00000000   0.00000001  -0.0000   0.7969 13+[ 8, 1, 7]
 256    0.000000    0.000000   0.00000000   0.00000000  -0.0000   0.0000 13+[10, 0, 6]
 257    0.000000    0.000000   0.00000000   0.00000000  -0.0000   0.0000 13+[10, 0, 6]
 258    0.000000    0.000000   0.00000000   0.00000000  -0.0000   0.0000 13+[10, 0, 6]
 259    0.000000    0.000000   0.00000000   0.00000000  -0.0000   0.0000 13+[10, 0, 6]
 260    0.000000    0.000000   0.00000000   0.00000000  -0.0000   0.0000 13+[10, 0, 6]
 261   36.510765   36.510765   0.00000000   0.00000005  -0.0000   0.9251 13-[ 7, 1, 6]
 262   41.458544   41.458544   0.00000000   0.00000003  -0.0000   0.8439 13-[ 7, 0, 7]
 263   59.624828   59.624828   0.00000000   0.00000006  -0.0000   0.8262 13-[ 9, 1, 6]
 264    0.000000    0.000000   0.00000000   0.00000000  -0.0000   0.0000 13-[ 9, 1, 6]
 265    0.000000    0.000000   0.00000000   0.00000000  -0.0000   0.0000 13-[ 9, 1, 6]
 266    0.000000    0.000000   0.00000000   0.00000000  -0.0000   0.0000 13-[ 9, 1, 6]
 267   46.222831   46.222831   0.00000000   0.00000002  -0.0000   0.8917 15+[ 8, 1, 7]
 268   49.066223   49.066223   0.00000000   0.00000001  -0.0000   0.8263 15+[ 8, 0, 8]
 269    0.000000    0.000000   0.00000000   0.00000000  -0.0000   0.0000 15+[10, 1, 7]
 270    0.000000    0.000000   0.00000000   0.00000000  -0.0000   0.0000 15+[10, 1, 7]
 271    0.000000    0.000000   0.00000000   0.00000000  -0.0000   0.0000 15+[10, 1, 7]
 272    0.000000    0.000000   0.00000000   0.00000000  -0.0000   0.0000 15+[10, 1, 7]
 273   36.401130   36.401130   0.00000000   0.00000005  -0.0000   0.9600 15-[ 7, 0, 7]
 274   59.541039   59.541039   0.00000000   0.00000006  -0.0000   0.9235 15-[ 9, 0, 7]
 275    0.000000    0.000000   0.00000000   0.00000000  -0.0000   0.0000 15-[ 9, 0, 7]
 276    0.000000    0.000000   0.00000000   0.00000000  -0.0000   0.0000 15-[ 9, 0, 7]
 277   46.160364   46.160364   0.00000000   0.00000002  -0.0000   0.9214 17+[ 8, 0, 8]
 278    0.000000    0.000000   0.00000000   0.00000000  -0.0000   0.0000 17+[10, 0, 8]
 279    0.000000    0.000000   0.00000000   0.00000000  -0.0000   0.0000 17+[10, 0, 8]
 280    0.000000    0.000000   0.00000000   0.00000000  -0.0000   0.0000 17+[10, 0, 8]
  Sum canonical e_v*V^2_k=  -471.45309831546251     

  NB! From expect (UNPROJECTED RESULTS)

  pairing: CpV0,CpV1,...        -280.000000    -280.000000       0.500000       0.500000
  forces:   SKM*                          
  Blocked neutron block       4


                             neutrons         protons         total
  Requested part.numbs.      27.000000      20.000000      47.000000
  UnPj(av) part.numbs .      27.000000      20.000000      47.000000
  b0, bz, bp ..........       1.750004       1.750004       1.750004

  lambda (ala) ........      -8.157366     -12.583445
  Lambda (alast) ......     -10.180494     -13.628915
  delta(n,p), pwi .....       0.000054      -0.000010      60.000000
  pairing energy ......      -0.000000      -0.000000      -0.000000

  rms-radius ..........       3.572602       3.442358       3.517769
  charge-radius, r0 ...                      3.534840       4.361089
  deformation beta2....      -0.019964      -0.010799      -0.016229
  dipole moment[fm] ...       0.000000       0.000000       0.000000
  quadrupole moment[b]       -0.086792      -0.032287      -0.119079
  octupole moment .....       0.000000       0.000000       0.000000
  hexadecapole moment .       0.001028       0.000280       0.001307
  q5 ..................       0.000000       0.000000       0.000000
  q6 ..................       0.000543       0.000044       0.000587
  q7 ..................       0.000000       0.000000       0.000000
  q8 ..................      -0.000002      -0.000000      -0.000003

  <Jx^2> from rho .....       0.022134       0.003978       0.026112
  <Jx^2> from kappa ...      -0.000000      -0.000000      -0.000000
  <J^2> = 2*<Jx^2> ....       0.044268       0.007957       0.052224

  kinetic energy ......     494.893281     310.647208     805.540489
  volume energy .......                                 -1373.122566
        rho_tau .......                                   140.282220
        rho_rho .......                                 -1513.404786
  surface energy ......                                   117.782922
   rho_DELTA_rho ......                                   117.782922
   (NABLA_rho)^2 ......                                     0.000000
  spin-orbit energy ...                                   -30.939077
        rho_NABLA_J ...                                   -30.939077
        NABLA_rho_J ...                                     0.000000
  coulomb energy ......                                    71.428388
          direct ......                                    78.868814
          exchange ....                                    -7.440426
          pairing .....                                     0.000000
  tensor energy .......                                     0.000000
  direct Hartree E  ...                                     0.000000
  Extra E .............                                     0.000000
  External field E ....                                     0.000000
  Entropy .............       0.000000       0.000000       0.000000

  tEnergy: ehfb (qp)...                                  -409.309844

  Calculated but not added corrections
  ====================================
  cmc-diagonal part ...      10.758550       6.753200      17.511750
  cmc-hfb .............       0.000000       0.000000       0.000000
  cranking rot corr ...       0.000000       0.000000       0.000000

  SQUJ ................       0.000000       0.000000       0.000000
  CRAN x 4 ............       0.000000       0.000000       0.000000
  Rigit Body ..........       0.000000       0.000000       0.000000


   Blocking candidates are:
   neutron eqpmin=   2.0231271225491501       pwiblo=   1.0000000000000000     
    num=   2 block=   4 state=   2    69 Eqp=   2.21576016  (1-2N)E=  -0.00000000  overl=   0.72996559  3-[ 3, 2, 1]

   Blocking candidates are:
   proton  eqpmin=   1.0454700928147846       pwiblo=   1.0000000000000000     


Distributed parallelism with MPI     : 1 tasks/HFBTHO
Multi-threading framework with OpenMP: 4 threads/task

  ==========================================
           FORTRAN 95 CODE (KIND= 8) 
 git: parent: 3cae9cc3ec7a0c93cd724b300dc0d972f613f33e
  ==========================================
       AXIALLY DEFORMED CONFIGURATIONAL     
     HARTREE-FOCK-BOGOLIUBOV CALCULATIONS   
                     WITH                   
      SKYRME+DELTA PAIRING OR GOGNY EDFs    
                  USING THE                 
             HARMONIC-OSCILLATOR            
                    AND/OR                  
        TRANSFORMED HARMONIC-OSCILLATOR     
                    BASIS                   
                     ---                    
                v1.66  (2005)               
    Stoitsov, Dobaczewski, Nazarewicz, Ring 
                v2.00d (2012)               
        Stoitsov, Schunck, Kortelainen      
                v3.00  (2016)               
            Schunck, Navarro Perez          
  ==========================================
    Nucleus: Ca (A=  47, N= 27, Z= 20)
       Reflection Symmetry Imposed       
            (10/12/2021,  8: 3)                               
  ==========================================


  ---------------------------------------
           UNEDF Module Version: 17
         M.Kortelainen & M.Stoitsov 
  ---------------------------------------

  SKM* functional
  ----------------------------------------
  Crho(0)=   -991.875000000000000    ; Crho(1)=    390.137499999999989    
  CDrho(0)=   974.687500000000000    ; CDrho(1)=  -324.895833333333314    
  Ctau(0)=    34.6875000000000000    ; Ctau(1)=   -34.0625000000000000    
  CrDr(0)=   -68.2031250000000000    ; CrDr(1)=    17.1093750000000000    
  CrdJ(0)=   -97.5000000000000000    ; CrdJ(1)=   -32.5000000000000000    
  CJ(0)=      34.0625000000000000    ; CJ(1)=      34.0625000000000000    
  CpV0(0)=   -280.000000000000000    ; CpV0(1)=   -280.000000000000000    
  CpV1(0)=   0.500000000000000000    ; CpV1(1)=   0.500000000000000000    
  sigma=     0.166666666666666657    ; hbzero=     20.7300000000000004    
  functional has DME couplings: F
  use 3-Nucleon DME couplings: F
  e^2 chrg=   1.43997840859651349    ; CExPar=     1.00000000000000000    
  c.m. correction: T, chr. density in direct Coul: F
  use tensor terms: F

  Coupling constants in natural units
  ----------------------------------------
  Crho_nu(0)=   -1.11697019706649536    ; Crho_nu(1)=   0.439341610846154806    
  CDrho_nu(0)=   1.05494661920042820    ; CDrho_nu(1)= -0.351648873066809420    
  Ctau_nu(0)=   0.491699256216479808    ; Ctau_nu(1)=  -0.482839810158525229    
  CrDr_nu(0)=  -0.966787051074294745    ; CrDr_nu(1)=   0.242527335836506930    
  CrdJ_nu(0)=   -1.38207358504091626    ; CrdJ_nu(1)=  -0.460691195013638755    
  CJ_nu(0)=     0.482839810158525229    ; CJ_nu(1)=     0.482839810158525229    
  CpV0_nu(0)=  -0.315313577999867589    ; CpV0_nu(1)=  -0.315313577999867589    
  CpV1_nu(0)=   0.443851127103029534E-03; CpV1_nu(1)=   0.443851127103029534E-03
  fpi_nu=        93.0000000000000000    ; Lambda_nu=     700.000000000000000    

  Nuclear matter properties
  ----------------------------------------
  E_NM=      -15.7762359616147627    ; K_NM=        216.657542303868979    
  P_NM=     -0.730495530692525363E-15; RHO_NM=     0.160318515964671449    
  ASS_NM=     30.0323865018228560    ; LASS_NM=     45.7703887670942962    
  SMASS_NM=   1.26826090316085582    ; VMASS_NM=    1.53168827653502970    

  Associated (t,x)-coupling constants
  ----------------------------------------
  t0=      -2645.00000000000000    ; x0=       0.899999999999999689E-01
  t1=       410.000000000000000    ; x1=        0.00000000000000000    
  t2=      -135.000000000000000    ; x2=        0.00000000000000000    
  t3=       15595.0000000000000    ; x3=       -0.00000000000000000    
  b4=       65.0000000000000000    ; b4p=       65.0000000000000000    
  te=       0.00000000000000000    ; to=        0.00000000000000000    
  sigma=   0.166666666666666657    ; hbzero=    20.7300000000000004    

  ---------------------------------------
        Characteristics of the run       
  ---------------------------------------
  Output file ................:    57
  Nucleus ....................:   Ca  47
  Number of HO shells ........:    10
  HO length b0 (fm) ..........:     1.75000371403579
  Basis deformation ..........:  beta0=   0.000 q=   1.000
  HO: b0,1/b0,bp,bz,q ........:   0.17500037E+01  0.57142736E+00  0.17500037E+01  0.17500037E+01  0.10000000E+01
  h**2/(2m_n), cmc, e**2 .....:   0.20730000E+02  0.20288936E+02  0.14399784E+01
  h**2/(2m_p), cmc, e**2 .....:   0.20730000E+02  0.20288936E+02  0.14399784E+01
  hom=f*41.0_pr*A^{-1/3}, f...:   0.13537902E+02  0.12000000E+01
  THO basis is ...............:  OFF
  Maximal number of iterations:    50
  Initial mixing parameter ...:  0.900
  Initial wave functions from :  tape
  Energy functional ..........:    SKM*                          
    direct Coulomb by substitution method, exchange Coulomb with Slater approximation
  Pairing cutoff energy ......:    60.00 MeV
  Lipkin-Nogami procedure is .:  OFF
  PAV procedure is ...........:  OFF
  Constraint calculation is ..:  OFF
  Neutron blocking is ........:   ON
  Temperature T ..............:   0.00 MeV
  Pairing regularization is ..:  OFF
  Collective inertia is ......:  OFF
  Fission fragments are ......:  OFF
  Restart indicator ..........:  -1
  Broyden mixing (#iterations):   7

  ---------------------------------------
        Harmonic Oscillator Basis        
  ---------------------------------------
  NUV, NQP:                        6222     286
  Comparison with bookkeeping spherical basis:
  n00:                               10      10  Maximal number of shells
  nbx, 2*n00+1:                      21      21  Maximal number of K-blocks
  ntx, (n00+1)*(n00+2)*(n00+3)/6    286     286  Max.num. p/n levels
  nzx, n00:                          10      10  Maximal nz-quantum number
  nrx, n00/2  :                       5       5  Maximal nr-quantum number
  nlx, n00:                          10      10  Maximal ml-quantum number
  ndx, (n00+2)*(n00+2)/4:            36      36  Maximal dim. of one k-block

  Actual basis used
  Number of blocks: nb .......:   21
  Number of levels: nt .......:  286
  Maximal 2*omega : nom ......:   21
  Maximal nz:       nzm ......:   10
  Maximal nr:       nrm ......:    5
  Maximal ml:       nlm ......:   10
  Maximal N=nz+2*nr+nl .......:   10
  2 x biggest block dim. .....:   72
  Non-zero elements of h .....:     3254
  Number of Broyden elements .:    13016

  ---------------------------------------
            Integration Meshes           
  ---------------------------------------
  Number of Gauss-Hermite mesh points ngh ....:  40
  Number of Gauss-Laguerre mesh points ngl ...:  40
  Number of Gauss-Legendre mesh points nleg ..:  80
  Integration boundaries
    Hermite  - from xh(1)  =  0.12379686 to xh(ngh)   = 11.88786356
    Laguerre - From xl(1)  =  0.03570039 to xl(ngl)   =142.28004447
    Legendre - From xleg(1)=  0.00978669 to xleg(nleg)=  0.99988775
  Max.dev.in:     Orthogonality            Normalization
  Hermite     1.5150139407621233E-015   1.0658141036401503E-014
  Laguerre    4.3068680416470186E-015   8.2156503822261584E-015

  Reading from wel_file: hfbtho_output.hel


  ### REGULAR STAGE (reflection symmetry imposed)
  |HFB+HO> iterations(b0=  1.750, Nsh= 10, inin= -1, N= 27, Z= 20)...
  ----------------------------------------------------------------------------------------------------------------------------------
  i          si     mix   beta      Etot       A       rn      rp         En      Dn      Ep      Dp        Ln      Lp     time  time(Gog.)
  ----------------------------------------------------------------------------------------------------------------------------------
   0N   0.00000479 0.52  0.000  -419.293870   48.0   3.595   3.446 |   -0.000   0.000  -0.000  -0.000 |  -10.337 -14.646   0.000   0.000
    neutron Blocking: block=  6 state=  1   Eqp=   2.19529552  Dqpe=  -0.06808286  Ovlp=   1.00000000   3/  6  5-[ 3, 1, 2]
   1B   0.86488136 0.20  0.002  -409.192839   47.0   3.575   3.446 |   -0.000   0.000  -0.000  -0.000 |  -10.337 -14.646   6.051   0.000
    neutron Blocking: block=  6 state=  1   Eqp=   2.35205293  Dqpe=   0.22970698  Ovlp=   0.99994799   3/  6  5-[ 3, 1, 2]
   2B   0.30375492 0.22  0.003  -409.273719   47.0   3.575   3.443 |   -0.000   0.000  -0.000  -0.000 |  -10.300 -14.047   0.197   0.000
    neutron Blocking: block=  6 state=  1   Eqp=   2.25105801  Dqpe=   0.16465065  Ovlp=   0.99999691   3/  6  5-[ 3, 1, 2]
   3B   0.11110937 0.24  0.003  -409.282438   47.0   3.573   3.443 |   -0.000   0.000  -0.000  -0.000 |  -10.261 -13.859   0.196   0.000
    neutron Blocking: block=  6 state=  1   Eqp=   2.25858618  Dqpe=   0.18476552  Ovlp=   0.99999924   3/  6  5-[ 3, 1, 2]
   4B   0.03948028 0.27  0.004  -409.287031   47.0   3.573   3.443 |   -0.000   0.000  -0.000  -0.000 |  -10.248 -13.779   0.195   0.000
    neutron Blocking: block=  6 state=  1   Eqp=   2.26087460  Dqpe=   0.18724234  Ovlp=   0.99999994   3/  6  5-[ 3, 1, 2]
   5B   0.03081153 0.29  0.004  -409.287757   47.0   3.573   3.442 |   -0.000   0.000  -0.000  -0.000 |  -10.241 -13.763   0.196   0.000
    neutron Blocking: block=  6 state=  1   Eqp=   2.25671645  Dqpe=   0.18452302  Ovlp=   0.99999993   3/  6  5-[ 3, 1, 2]
   6B   0.01924609 0.32  0.005  -409.288147   47.0   3.573   3.442 |   -0.000   0.000  -0.000  -0.000 |  -10.234 -13.753   0.195   0.000
    neutron Blocking: block=  6 state=  1   Eqp=   2.25400731  Dqpe=   0.18665183  Ovlp=   0.99999997   3/  6  5-[ 3, 1, 2]
   7B   0.01044536 0.35  0.005  -409.288313   47.0   3.573   3.442 |   -0.000   0.000  -0.000  -0.000 |  -10.229 -13.749   0.197   0.000
    neutron Blocking: block=  6 state=  1   Eqp=   2.25339937  Dqpe=   0.18928526  Ovlp=   0.99999997   3/  6  5-[ 3, 1, 2]
   8B   0.00300912 0.39  0.005  -409.288370   47.0   3.573   3.442 |   -0.000   0.000  -0.000  -0.000 |  -10.226 -13.747   0.197   0.000
    neutron Blocking: block=  6 state=  1   Eqp=   2.25310460  Dqpe=   0.19088741  Ovlp=   0.99999999   3/  6  5-[ 3, 1, 2]
   9B   0.00148984 0.43  0.006  -409.288382   47.0   3.573   3.442 |   -0.000   0.000  -0.000  -0.000 |  -10.224 -13.745   0.197   0.000
    neutron Blocking: block=  6 state=  1   Eqp=   2.25303452  Dqpe=   0.19159680  Ovlp=   1.00000000   3/  6  5-[ 3, 1, 2]
  10B   0.00098755 0.47  0.006  -409.288384   47.0   3.573   3.442 |   -0.000   0.000  -0.000  -0.000 |  -10.223 -13.744   0.195   0.000
    neutron Blocking: block=  6 state=  1   Eqp=   2.25303271  Dqpe=   0.19222311  Ovlp=   1.00000000   3/  6  5-[ 3, 1, 2]
  11B   0.00037946 0.52  0.006  -409.288385   47.0   3.573   3.442 |   -0.000   0.000  -0.000  -0.000 |  -10.223 -13.744   0.195   0.000
    neutron Blocking: block=  6 state=  1   Eqp=   2.25301188  Dqpe=   0.19251384  Ovlp=   1.00000000   3/  6  5-[ 3, 1, 2]
  12B   0.00006888 0.57  0.006  -409.288385   47.0   3.573   3.442 |   -0.000   0.000  -0.000  -0.000 |  -10.222 -13.744   0.194   0.000
    neutron Blocking: block=  6 state=  1   Eqp=   2.25303048  Dqpe=   0.19255550  Ovlp=   1.00000000   3/  6  5-[ 3, 1, 2]
  13B   0.00002146 0.63  0.006  -409.288385   47.0   3.573   3.442 |   -0.000   0.000  -0.000  -0.000 |  -10.222 -13.744   0.194   0.000
    neutron Blocking: block=  6 state=  1   Eqp=   2.25303411  Dqpe=   0.19255749  Ovlp=   1.00000000   3/  6  5-[ 3, 1, 2]
  14B   0.00001200 0.69  0.006  -409.288385   47.0   3.573   3.442 |   -0.000   0.000  -0.000  -0.000 |  -10.222 -13.744   0.197   0.000
    neutron Blocking: block=  6 state=  1   Eqp=   2.25303697  Dqpe=   0.19255961  Ovlp=   1.00000000   3/  6  5-[ 3, 1, 2]
  15B   0.00001139 0.76  0.006  -409.288385   47.0   3.573   3.442 |   -0.000   0.000  -0.000  -0.000 |  -10.222 -13.744   0.196   0.000
    neutron Blocking: block=  6 state=  1   Eqp=   2.25303783  Dqpe=   0.19256007  Ovlp=   1.00000000   3/  6  5-[ 3, 1, 2]
  16B   0.00001073 0.84  0.006  -409.288385   47.0   3.573   3.442 |   -0.000   0.000  -0.000  -0.000 |  -10.222 -13.744   0.195   0.000
    neutron Blocking: block=  6 state=  1   Eqp=   2.25303812  Dqpe=   0.19255982  Ovlp=   1.00000000   3/  6  5-[ 3, 1, 2]
  17B   0.00000953 0.90  0.006  -409.288385   47.0   3.573   3.442 |   -0.000   0.000  -0.000  -0.000 |  -10.222 -13.744   0.198   0.000
    neutron Blocking: block=  6 state=  1   Eqp=   2.25303874  Dqpe=   0.19256095  Ovlp=   1.00000000   3/  6  5-[ 3, 1, 2]
  17N   0.00000953 0.90  0.006  -409.288385   47.0   3.573   3.442 |   -0.000   0.000  -0.000  -0.000 |  -10.222 -13.744   0.195   0.000
  ----------------------------------------------------------------------------------------------------------------------------------
  *   iteration converged   after  17 steps   si=     0.0000095316 ho=  0 tho=  0
  ----------------------------------------------------------------------------------------------------------------------------------
  Total CPU time=   0.156 minutes
    neutron Blocking: block=  6 state=  1   Eqp=   2.25303797  Dqpe=   0.19256000  Ovlp=   1.00000000   3/  6  5-[ 3, 1, 2]


 #quasiparticle energies neutrons
 --------------------------------
  eqp(k) -> q.p. energy 
  e(k)   -> referent s.p. energy 
  p(k)   -> occ.probability 
  del(k) -> referent s.p. gap 
  fermi energy alast=  -10.222255357749223     
  #k  block#    eqp(k)     e(k)       (1-2N)E      decay        p(k)        del(k)    overl      labels
   1    1     6.655881  -14.817659   -6.655881    1.709189    1.00000000   0.0001   0.7569  1+[ 2, 1, 1]
   2    1     8.668307    0.506529    8.668306    1.821560    0.00000003   0.0029   0.5862  1+[ 4, 2, 0]
   3    1     8.680077  -16.841854   -8.680077    1.822197    0.99999997   0.0029   0.7706  1+[ 2, 0, 0]
   4    1    11.922882    3.761104   11.922882    1.989906    0.00000000   0.0001   0.5095  1+[ 4, 4, 0]
   5    1    13.090145    4.928368   13.090145    2.046913    0.00000000   0.0001   0.5324  1+[ 4, 0, 0]
   6    1    13.131281  -21.293058  -13.131281    2.048893    1.00000000   0.0001   0.6247  1+[ 2, 1, 1]
   7    1    13.944010    5.782233   13.944010    2.087629    0.00000000   0.0000   0.4820  1+[ 4, 1, 1]
   8    1    18.011427    9.849650   18.011427    2.271584    0.00000000   0.0000   0.4787  1+[ 4, 3, 1]
   9    1    27.235840   19.074062   27.235840    2.641724    0.00000000   0.0001   0.3190  1+[ 8, 8, 0]
  10    1    27.901052   19.739275   27.901052    2.666430    0.00000000   0.0000   0.3440  1+[ 6, 5, 1]
  11    1    28.969980   20.808202   28.969980    2.705659    0.00000000   0.0000   0.4117  1+[ 4, 0, 0]
  12    1    29.193984   21.032206   29.193984    2.713808    0.00000000   0.0001   0.3161  1+[ 4, 1, 1]
  13    1    30.109898   21.948121   30.109898    2.746876    0.00000000   0.0000   0.4911  1+[ 6, 3, 1]
  14    1    32.125042   23.963265   32.125042    2.818265    0.00000000   0.0001   0.2925  1+[ 8, 1, 1]
  15    1    35.129200   26.967423   35.129200    2.921454    0.00000000   0.0000   0.4228  1+[ 6, 3, 1]
  16    1    36.165917  -44.327694  -36.165917    2.956228    1.00000000   0.0001   0.9865  1+[ 0, 0, 0]
  17    1    45.512042   37.350264   45.512042    3.252982    0.00000000   0.0000   0.3677  1+[ 8, 2, 0]
  18    1    49.884704   41.722927   49.884704    3.382893    0.00000000   0.0000   0.3039  1+[ 6, 5, 1]
  19    1    50.695970   42.534192   50.695970    3.406451    0.00000000   0.0000   0.4620  1+[ 8, 4, 0]
  20    1    52.378883   44.217105   52.378883    3.454808    0.00000000   0.0001   0.3621  1+[ 6, 6, 0]
  21    1    53.817474   45.655696   53.817474    3.495614    0.00000000   0.0000   0.4206  1+[ 8, 5, 1]
  22    1    54.933698   46.771920   54.933698    3.526951    0.00000000   0.0001   0.4658  1+[ 6, 0, 0]
  23    1    55.711607   47.549829   55.711607    3.548627    0.00000000   0.0001   0.3527  1+[ 6, 1, 1]
  24    1    56.485131   48.323353   56.485131    3.570049    0.00000000   0.0001   0.3835  1+[ 6, 3, 1]
  25    1    57.067903   48.906126   57.067903    3.586105    0.00000000   0.0001   0.3898  1+[ 6, 5, 1]
  26    2     1.704518   -6.457260    1.704518    1.394689    0.00000000   0.0001   0.5849  1-[ 3, 3, 0]
  27    2     2.133470  -10.295247   -2.133470    1.424685    1.00000000   0.0001   0.5685  1-[ 3, 1, 0]
  28    2     3.976362   -4.185416    3.976362    1.546950    0.00000000   0.0001   0.6754  1-[ 3, 0, 1]
  29    2     7.036324   -1.125454    7.036324    1.730992    0.00000000   0.0001   0.6421  1-[ 3, 2, 1]
  30    2    19.790877   11.629099   19.790877    2.347534    0.00000000   0.0001   0.5583  1-[ 5, 3, 0]
  31    2    20.942998   12.781221   20.942998    2.395424    0.00000000   0.0001   0.3783  1-[ 5, 5, 0]
  32    2    21.354074   13.192296   21.354074    2.412282    0.00000000   0.0003   0.4789  1-[ 5, 1, 0]
  33    2    21.482118  -29.643896  -21.482118    2.417508    1.00000000   0.0004   0.8172  1-[ 1, 0, 1]
  34    2    22.165460   14.003682   22.165460    2.445213    0.00000000   0.0003   0.4282  1-[ 5, 0, 1]
  35    2    24.036346   15.874568   24.036346    2.519507    0.00000000   0.0001   0.4020  1-[ 5, 4, 1]
  36    2    24.629324  -32.791102  -24.629324    2.542602    1.00000000   0.0001   0.8114  1-[ 1, 1, 0]
  37    2    27.714919   19.553142   27.714919    2.659540    0.00000000   0.0000   0.4592  1-[ 5, 2, 1]
  38    2    38.236656   30.074879   38.236656    3.024489    0.00000000   0.0000   0.3801  1-[ 7, 6, 1]
  39    2    40.471521   32.309744   40.471521    3.096472    0.00000000   0.0001   0.3179  1-[ 7, 1, 0]
  40    2    41.358680   33.196903   41.358680    3.124587    0.00000000   0.0000   0.4823  1-[ 7, 3, 0]
  41    2    43.111560   34.949783   43.111560    3.179407    0.00000000   0.0001   0.3229  1-[ 5, 5, 0]
  42    2    45.062584   36.900807   45.062584    3.239333    0.00000000   0.0001   0.3464  1-[ 5, 4, 1]
  43    2    45.295643   37.133865   45.295643    3.246417    0.00000000   0.0001   0.4523  1-[ 5, 0, 1]
  44    2    46.647388   38.485610   46.647388    3.287206    0.00000000   0.0000   0.4689  1-[ 7, 4, 1]
  45    2    47.343895   39.182118   47.343895    3.308027    0.00000000   0.0001   0.3138  1-[ 5, 2, 1]
  46    2    63.823843   55.662065   63.823843    3.767240    0.00000000   0.0001   0.4409  1-[ 9, 7, 0]
  47    2    64.835276   56.673498   64.835276    3.793613    0.00000000   0.0000   0.5159  1-[ 9, 5, 0]
  48    3     6.609542  -14.771320   -6.609542    1.706515    1.00000000   0.0001   0.8826  3+[ 2, 0, 2]
  49    3     8.704096    0.542318    8.704096    1.823496    0.00000000   0.0001   0.6133  3+[ 4, 3, 1]
  50    3    11.949678    3.787900   11.949678    1.991233    0.00000000   0.0001   0.5873  3+[ 4, 1, 1]
  51    3    13.274626  -21.436404  -13.274626    2.055779    1.00000000   0.0001   0.8802  3+[ 2, 1, 1]
  52    3    13.985209    5.823431   13.985209    2.089574    0.00000000   0.0000   0.6675  3+[ 4, 0, 2]
  53    3    18.035762    9.873985   18.035762    2.272640    0.00000000   0.0000   0.6472  3+[ 4, 2, 2]
  54    3    27.232981   19.071203   27.232981    2.641617    0.00000000   0.0001   0.3140  3+[ 6, 3, 1]
  55    3    27.911164   19.749387   27.911164    2.666804    0.00000000   0.0000   0.4316  3+[ 6, 5, 1]
  56    3    29.217527   21.055750   29.217527    2.714663    0.00000000   0.0001   0.4441  3+[ 4, 0, 2]
  57    3    30.132935   21.971158   30.132935    2.747703    0.00000000   0.0000   0.5709  3+[ 6, 3, 1]
  58    3    32.132261   23.970484   32.132261    2.818518    0.00000000   0.0000   0.3727  3+[ 4, 2, 2]
  59    3    35.140666   26.978889   35.140666    2.921841    0.00000000   0.0000   0.4063  3+[ 6, 2, 2]
  60    3    45.522879   37.361101   45.522879    3.253310    0.00000000   0.0000   0.3646  3+[ 8, 7, 1]
  61    3    49.900922   41.739145   49.900922    3.383366    0.00000000   0.0000   0.3769  3+[ 6, 5, 1]
  62    3    50.708642   42.546864   50.708642    3.406818    0.00000000   0.0000   0.4656  3+[ 8, 5, 1]
  63    3    52.333865   44.172088   52.333865    3.453523    0.00000000   0.0001   0.3857  3+[ 6, 3, 1]
  64    3    53.822935   45.661158   53.822935    3.495768    0.00000000   0.0000   0.4866  3+[ 8, 4, 2]
  65    3    55.730382   47.568604   55.730382    3.549148    0.00000000   0.0001   0.5487  3+[ 6, 0, 2]
  66    3    56.489945   48.328167   56.489945    3.570182    0.00000000   0.0001   0.3727  3+[ 6, 2, 2]
  67    3    57.088650   48.926873   57.088650    3.586675    0.00000000   0.0000   0.3917  3+[ 6, 4, 2]
  68    4     1.749429   -6.412349    1.749429    1.397860    0.00000000   0.0001   0.8330  3-[ 3, 0, 1]
  69    4     2.116239  -10.278017   -2.116239    1.423492    1.00000000   0.0001   0.7406  3-[ 3, 2, 1]
  70    4     6.962499   -1.199278    6.962499    1.726783    0.00000000   0.0001   0.8001  3-[ 3, 1, 2]
  71    4    19.825322   11.663544   19.825322    2.348980    0.00000000   0.0001   0.5478  3-[ 5, 2, 1]
  72    4    20.961394   12.799616   20.961394    2.396181    0.00000000   0.0001   0.5611  3-[ 5, 0, 1]
  73    4    21.378319   13.216542   21.378319    2.413272    0.00000000   0.0000   0.4774  3-[ 5, 4, 1]
  74    4    24.039129   15.877351   24.039129    2.519616    0.00000000   0.0000   0.4960  3-[ 5, 1, 2]
  75    4    24.600808  -32.762585  -24.600808    2.541496    1.00000000   0.0001   0.9854  3-[ 1, 0, 1]
  76    4    27.736290   19.574513   27.736290    2.660332    0.00000000   0.0000   0.5319  3-[ 5, 3, 2]
  77    4    38.245550   30.083773   38.245550    3.024779    0.00000000   0.0000   0.4508  3-[ 7, 6, 1]
  78    4    40.489776   32.327999   40.489776    3.097054    0.00000000   0.0001   0.3323  3-[ 5, 4, 1]
  79    4    41.379048   33.217271   41.379048    3.125230    0.00000000   0.0000   0.5367  3-[ 7, 4, 1]
  80    4    43.132166   34.970388   43.132166    3.180046    0.00000000   0.0000   0.5184  3-[ 5, 0, 1]
  81    4    45.048137   36.886360   45.048137    3.238893    0.00000000   0.0001   0.4299  3-[ 5, 1, 2]
  82    4    46.656584   38.494807   46.656584    3.287482    0.00000000   0.0000   0.5004  3-[ 7, 3, 2]
  83    4    47.344227   39.182450   47.344227    3.308037    0.00000000   0.0001   0.3703  3-[ 5, 3, 2]
  84    4    63.827763   55.665985   63.827763    3.767342    0.00000000   0.0001   0.4425  3-[ 9, 2, 1]
  85    4    64.849240   56.687463   64.849240    3.793976    0.00000000   0.0000   0.5226  3-[ 9, 4, 1]
  86    5     8.697338    0.535561    8.697338    1.823130    0.00000000   0.0001   0.7899  5+[ 4, 2, 2]
  87    5    11.980389    3.818611   11.980389    1.992753    0.00000000   0.0001   0.7866  5+[ 4, 0, 2]
  88    5    13.127699  -21.289477  -13.127699    2.048721    1.00000000   0.0001   0.9796  5+[ 2, 0, 2]
  89    5    17.989622    9.827844   17.989622    2.270638    0.00000000   0.0000   0.7538  5+[ 4, 1, 3]
  90    5    27.259693   19.097915   27.259693    2.642613    0.00000000   0.0001   0.5132  5+[ 8, 0, 2]
  91    5    27.909542   19.747764   27.909542    2.666744    0.00000000   0.0000   0.4424  5+[ 6, 4, 2]
  92    5    30.169770   22.007992   30.169770    2.749024    0.00000000   0.0000   0.5456  5+[ 6, 2, 2]
  93    5    32.072654   23.910877   32.072654    2.816432    0.00000000   0.0000   0.4315  5+[ 4, 1, 3]
  94    5    35.156464   26.994686   35.156464    2.922374    0.00000000   0.0000   0.5268  5+[ 6, 3, 3]
  95    5    45.535358   37.373580   45.535358    3.253688    0.00000000   0.0000   0.4570  5+[ 8, 6, 2]
  96    5    49.884712   41.722935   49.884712    3.382894    0.00000000   0.0000   0.3830  5+[ 6, 4, 2]
  97    5    50.732172   42.570394   50.732172    3.407499    0.00000000   0.0000   0.5313  5+[ 8, 4, 2]
  98    5    52.389059   44.227282   52.389059    3.455098    0.00000000   0.0001   0.5973  5+[ 6, 0, 2]
  99    5    53.832280   45.670503   53.832280    3.496032    0.00000000   0.0000   0.4894  5+[ 8, 3, 3]
 100    5    56.473513   48.311736   56.473513    3.569729    0.00000000   0.0001   0.4625  5+[ 6, 3, 3]
 101    5    57.014799   48.853021   57.014799    3.584645    0.00000000   0.0000   0.5320  5+[ 6, 1, 3]
 102    6     2.253038   -8.161777    0.000000    1.432934    0.50000000   2.2530   0.9075  5-[ 3, 1, 2]
 103    6     7.065627   -1.096151    7.065627    1.732660    0.00000000   0.0001   0.8766  5-[ 3, 0, 3]
 104    6    19.869935   11.708158   19.869935    2.350851    0.00000000   0.0001   0.6798  5-[ 5, 3, 2]
 105    6    21.366604   13.204826   21.366604    2.412794    0.00000000   0.0000   0.6089  5-[ 5, 1, 2]
 106    6    24.072920   15.911143   24.072920    2.520938    0.00000000   0.0000   0.6250  5-[ 5, 0, 3]
 107    6    27.751250   19.589472   27.751250    2.660887    0.00000000   0.0000   0.6603  5-[ 5, 2, 3]
 108    6    38.247707   30.085930   38.247707    3.024849    0.00000000   0.0000   0.5109  5-[ 7, 5, 2]
 109    6    40.434826   32.273049   40.434826    3.095304    0.00000000   0.0000   0.4105  5-[ 5, 1, 2]
 110    6    41.415672   33.253894   41.415672    3.126385    0.00000000   0.0000   0.5760  5-[ 7, 3, 2]
 111    6    45.107424   36.945647   45.107424    3.240697    0.00000000   0.0001   0.5409  5-[ 5, 0, 3]
 112    6    46.671006   38.509228   46.671006    3.287914    0.00000000   0.0000   0.5286  5-[ 7, 4, 3]
 113    6    47.294791   39.133014   47.294791    3.306563    0.00000000   0.0001   0.4523  5-[ 5, 2, 3]
 114    6    63.827332   55.665555   63.827332    3.767331    0.00000000   0.0001   0.5070  5-[ 9, 7, 2]
 115    6    64.875500   56.713722   64.875500    3.794658    0.00000000   0.0000   0.5700  5-[ 9, 5, 2]
 116    7     8.630300    0.468523    8.630300    1.819502    0.00000000   0.0001   0.9185  7+[ 4, 1, 3]
 117    7    18.064940    9.903163   18.064940    2.273905    0.00000000   0.0000   0.8008  7+[ 4, 0, 4]
 118    7    27.887315   19.725538   27.887315    2.665923    0.00000000   0.0000   0.5870  7+[ 6, 1, 3]
 119    7    30.204575   22.042797   30.204575    2.750272    0.00000000   0.0000   0.7030  7+[ 6, 3, 3]
 120    7    32.156058   23.994281   32.156058    2.819350    0.00000000   0.0000   0.5182  7+[ 8, 0, 4]
 121    7    35.166705   27.004927   35.166705    2.922719    0.00000000   0.0000   0.6213  7+[ 6, 2, 4]
 122    7    45.535328   37.373551   45.535328    3.253687    0.00000000   0.0000   0.4773  7+[ 8, 5, 3]
 123    7    49.830941   41.669163   49.830941    3.381326    0.00000000   0.0000   0.5133  7+[ 6, 1, 3]
 124    7    50.763797   42.602020   50.763797    3.408413    0.00000000   0.0000   0.5387  7+[ 8, 3, 3]
 125    7    53.842792   45.681014   53.842792    3.496328    0.00000000   0.0000   0.5573  7+[ 8, 4, 4]
 126    7    56.423367   48.261589   56.423367    3.568344    0.00000000   0.0001   0.5404  7+[ 6, 2, 4]
 127    7    57.131980   48.970203   57.131980    3.587866    0.00000000   0.0000   0.6318  7+[ 6, 0, 4]
 128    8     2.060478  -10.222255   -2.060478    1.419625    1.00000000   0.0001   0.9777  7-[ 3, 0, 3]
 129    8    19.870288   11.708510   19.870288    2.350866    0.00000000   0.0001   0.8097  7-[ 5, 2, 3]
 130    8    21.406087   13.244309   21.406087    2.414406    0.00000000   0.0000   0.7375  7-[ 5, 0, 3]
 131    8    27.739547   19.577770   27.739547    2.660453    0.00000000   0.0000   0.7392  7-[ 5, 1, 4]
 132    8    38.224946   30.063169   38.224946    3.024107    0.00000000   0.0000   0.4812  7-[ 7, 2, 3]
 133    8    40.526758   32.364980   40.526758    3.098230    0.00000000   0.0000   0.5718  7-[ 7, 0, 3]
 134    8    41.460922   33.299145   41.460922    3.127811    0.00000000   0.0000   0.6146  7-[ 7, 4, 3]
 135    8    46.683321   38.521544   46.683321    3.288284    0.00000000   0.0000   0.6441  7-[ 7, 3, 4]
 136    8    47.209074   39.047296   47.209074    3.304007    0.00000000   0.0001   0.5083  7-[ 5, 1, 4]
 137    8    63.809879   55.648102   63.809879    3.766874    0.00000000   0.0001   0.5756  7-[ 9, 6, 3]
 138    8    64.910662   56.748885   64.910662    3.795571    0.00000000   0.0000   0.6172  7-[ 9, 4, 3]
 139    9     8.783239    0.621462    8.783239    1.827769    0.00000000   0.0001   0.9727  9+[ 4, 0, 4]
 140    9    27.934400   19.772623   27.934400    2.667663    0.00000000   0.0000   0.6947  9+[ 6, 0, 4]
 141    9    30.222652   22.060875   30.222652    2.750920    0.00000000   0.0000   0.8237  9+[ 6, 2, 4]
 142    9    35.165118   27.003341   35.165118    2.922666    0.00000000   0.0000   0.6801  9+[ 6, 1, 5]
 143    9    45.517244   37.355466   45.517244    3.253139    0.00000000   0.0000   0.5022  9+[ 8, 2, 4]
 144    9    49.959718   41.797941   49.959718    3.385079    0.00000000   0.0000   0.6090  9+[ 6, 0, 4]
 145    9    50.798890   42.637113   50.798890    3.409428    0.00000000   0.0000   0.6312  9+[ 8, 4, 4]
 146    9    53.851197   45.689420   53.851197    3.496565    0.00000000   0.0000   0.6611  9+[ 8, 3, 5]
 147    9    56.384069   48.222292   56.384069    3.567258    0.00000000   0.0001   0.6012  9+[ 6, 1, 5]
 148   10    19.857229   11.695452   19.857229    2.350319    0.00000000   0.0001   0.9258  9-[ 5, 1, 4]
 149   10    27.768006   19.606228   27.768006    2.661507    0.00000000   0.0000   0.7740  9-[ 5, 0, 5]
 150   10    38.202079   30.040301   38.202079    3.023362    0.00000000   0.0000   0.6994  9-[ 7, 1, 4]
 151   10    41.502635   33.340857   41.502635    3.129126    0.00000000   0.0000   0.7539  9-[ 7, 3, 4]
 152   10    46.686722   38.524944   46.686722    3.288386    0.00000000   0.0000   0.7342  9-[ 7, 2, 5]
 153   10    47.384061   39.222283   47.384061    3.309224    0.00000000   0.0001   0.5564  9-[ 7, 0, 5]
 154   10    63.768454   55.606677   63.768454    3.765790    0.00000000   0.0001   0.5686  9-[ 9, 5, 4]
 155   10    64.949700   56.787922   64.949700    3.796585    0.00000000   0.0000   0.5938  9-[ 9, 3, 4]
 156   11    30.214318   22.052540   30.214318    2.750621    0.00000000   0.0000   0.8940 11+[ 6, 1, 5]
 157   11    35.163609   27.001832   35.163609    2.922615    0.00000000   0.0000   0.7067 11+[ 6, 0, 6]
 158   11    45.510112   37.348335   45.510112    3.252923    0.00000000   0.0000   0.6749 11+[ 8, 1, 5]
 159   11    50.829031   42.667254   50.829031    3.410300    0.00000000   0.0000   0.7433 11+[ 8, 3, 5]
 160   11    53.854443   45.692665   53.854443    3.496657    0.00000000   0.0000   0.7394 11+[ 8, 2, 6]
 161   11    56.534379   48.372602   56.534379    3.571409    0.00000000   0.0001   0.6284 11+[ 6, 0, 6]
 162   12    19.927072   11.765294   19.927072    2.353246    0.00000000   0.0001   0.9701 11-[ 5, 0, 5]
 163   12    38.290876   30.129098   38.290876    3.026256    0.00000000   0.0000   0.7998 11-[ 7, 0, 5]
 164   12    41.525568   33.363791   41.525568    3.129848    0.00000000   0.0000   0.8572 11-[ 7, 2, 5]
 165   12    46.684552   38.522775   46.684552    3.288321    0.00000000   0.0000   0.8012 11-[ 7, 1, 6]
 166   12    63.720471   55.558693   63.720471    3.764534    0.00000000   0.0001   0.6601 11-[ 9, 2, 5]
 167   12    64.986198   56.824421   64.986198    3.797533    0.00000000   0.0000   0.7301 11-[ 9, 4, 5]
 168   13    30.211035   22.049258   30.211035    2.750503    0.00000000   0.0000   0.9302 13+[ 6, 0, 6]
 169   13    45.588101   37.426323   45.588101    3.255286    0.00000000   0.0000   0.7555 13+[ 8, 0, 6]
 170   13    50.842602   42.680824   50.842602    3.410692    0.00000000   0.0000   0.8288 13+[ 8, 2, 6]
 171   13    53.851167   45.689390   53.851167    3.496564    0.00000000   0.0000   0.7904 13+[ 8, 1, 7]
 172   14    41.511533   33.349755   41.511533    3.129406    0.00000000   0.0000   0.9193 13-[ 7, 1, 6]
 173   14    46.684995   38.523218   46.684995    3.288334    0.00000000   0.0000   0.8290 13-[ 7, 0, 7]
 174   14    63.730756   55.568979   63.730756    3.764803    0.00000000   0.0001   0.8471 13-[ 9, 1, 6]
 175   14    65.012306   56.850528   65.012306    3.798210    0.00000000   0.0000   0.8459 13-[ 9, 3, 6]
 176   15    50.823006   42.661228   50.823006    3.410125    0.00000000   0.0000   0.8839 15+[ 8, 1, 7]
 177   15    53.841958   45.680180   53.841958    3.496305    0.00000000   0.0000   0.8146 15+[ 8, 0, 8]
 178   16    41.452435   33.290657   41.452435    3.127544    0.00000000   0.0000   0.9527 15-[ 7, 0, 7]
 179   16    63.924635   55.762857   63.924635    3.769876    0.00000000   0.0001   0.9340 15-[ 9, 0, 7]
 180   16    65.018069   56.856291   65.018069    3.798360    0.00000000   0.0000   0.9275 15-[ 9, 2, 7]
 181   17    50.750899   42.589122   50.750899    3.408040    0.00000000   0.0000   0.9134 17+[ 8, 0, 8]
 182   18    64.989573   56.827796   64.989573    3.797620    0.00000000   0.0000   0.9717 17-[ 9, 1, 8]
 183   20    64.924630   56.762852   64.924630    3.795934    0.00000000   0.0000   1.0000 19-[ 9, 0, 9]
#all active are  183 q.p. states out of  286
#since the cut off is pwi=  60.0
#check: number of neutrons=  27.0


 #canonical s.p. energies neutrons
 ---------------------------------


  labels -> {2*omega}{parity}[nn=nz+2*nr+nl,nz,nl]
  cqpe   -> canonical q.p. energies
  ce     -> canonical s.p. energies
  fermi energy=  -10.222255357749223     
  average cdelt=   6.3666643062840035E-005
  k0      ceqp        ce         v*v       u*v        cdel     overl      labels
   1   -1.505896  -14.817659   1.00000000   0.00000487  -0.0000   0.7569  1+[ 2, 1, 1]
   2    0.506529    0.506529   0.00000003   0.00016529  -0.0000   0.5862  1+[ 4, 2, 0]
   3    0.518299  -16.841854   0.99999997   0.00016530  -0.0000   0.7706  1+[ 2, 0, 0]
   4    3.761104    3.761104   0.00000000   0.00000294  -0.0000   0.5095  1+[ 4, 4, 0]
   5    4.928368    4.928368   0.00000000   0.00000274  -0.0000   0.5324  1+[ 4, 0, 0]
   6    4.969504  -21.293058   1.00000000   0.00000376  -0.0000   0.6247  1+[ 2, 1, 1]
   7    5.782233    5.782233   0.00000000   0.00000144  -0.0000   0.4820  1+[ 4, 1, 1]
   8    9.849650    9.849650   0.00000000   0.00000135  -0.0000   0.4787  1+[ 4, 3, 1]
   9   19.074062   19.074062   0.00000000   0.00000100  -0.0000   0.3190  1+[ 8, 8, 0]
  10   19.739275   19.739275   0.00000000   0.00000069  -0.0000   0.3440  1+[ 6, 5, 1]
  11   20.808202   20.808202   0.00000000   0.00000083  -0.0000   0.4117  1+[ 4, 0, 0]
  12   21.032206   21.032206   0.00000000   0.00000087  -0.0000   0.3161  1+[ 4, 1, 1]
  13   21.948121   21.948121   0.00000000   0.00000073  -0.0000   0.4911  1+[ 6, 3, 1]
  14   23.963265   23.963265   0.00000000   0.00000079  -0.0000   0.2925  1+[ 8, 1, 1]
  15   26.967423   26.967423   0.00000000   0.00000037  -0.0000   0.4228  1+[ 6, 3, 1]
  16   28.004139  -44.327694   1.00000000   0.00000092  -0.0000   0.9865  1+[ 0, 0, 0]
  17   37.350264   37.350264   0.00000000   0.00000055  -0.0000   0.3677  1+[ 8, 2, 0]
  18   41.722927   41.722927   0.00000000   0.00000047  -0.0000   0.3039  1+[ 6, 5, 1]
  19   42.534192   42.534192   0.00000000   0.00000026  -0.0000   0.4620  1+[ 8, 4, 0]
  20   44.217105   44.217105   0.00000000   0.00000052  -0.0000   0.3621  1+[ 6, 6, 0]
  21   45.655696   45.655696   0.00000000   0.00000017  -0.0000   0.4206  1+[ 8, 5, 1]
  22   46.771920   46.771920   0.00000000   0.00000051  -0.0000   0.4658  1+[ 6, 0, 0]
  23   47.549829   47.549829   0.00000000   0.00000049  -0.0000   0.3527  1+[ 6, 1, 1]
  24   48.323353   48.323353   0.00000000   0.00000050  -0.0000   0.3835  1+[ 6, 3, 1]
  25   48.906126   48.906126   0.00000000   0.00000044  -0.0000   0.3898  1+[ 6, 5, 1]
  26    0.000000    0.000000   0.00000000   0.00000000  -0.0000   0.0000  1+[10, 0, 0]
  27    0.000000    0.000000   0.00000000   0.00000000  -0.0000   0.0000  1+[10, 0, 0]
  28    0.000000    0.000000   0.00000000   0.00000000  -0.0000   0.0000  1+[10, 0, 0]
  29    0.000000    0.000000   0.00000000   0.00000000  -0.0000   0.0000  1+[10, 0, 0]
  30    0.000000    0.000000   0.00000000   0.00000000  -0.0000   0.0000  1+[10, 0, 0]
  31    0.000000    0.000000   0.00000000   0.00000000  -0.0000   0.0000  1+[10, 0, 0]
  32    0.000000    0.000000   0.00000000   0.00000000  -0.0000   0.0000  1+[10, 0, 0]
  33    0.000000    0.000000   0.00000000   0.00000000  -0.0000   0.0000  1+[10, 0, 0]
  34    0.000000    0.000000   0.00000000   0.00000000  -0.0000   0.0000  1+[10, 0, 0]
  35    0.000000    0.000000   0.00000000   0.00000000  -0.0000   0.0000  1+[10, 0, 0]
  36    0.000000    0.000000   0.00000000   0.00000000  -0.0000   0.0000  1+[10, 0, 0]
  37   -6.457260   -6.457260   0.00000000   0.00001643  -0.0000   0.5849  1-[ 3, 3, 0]
  38   -6.028308  -10.295247   1.00000000   0.00001559  -0.0000   0.5685  1-[ 3, 1, 0]
  39   -4.185416   -4.185416   0.00000000   0.00000669  -0.0000   0.6754  1-[ 3, 0, 1]
  40   -1.125454   -1.125454   0.00000000   0.00000433  -0.0000   0.6421  1-[ 3, 2, 1]
  41   11.629099   11.629099   0.00000000   0.00000144  -0.0000   0.5583  1-[ 5, 3, 0]
  42   12.781221   12.781221   0.00000000   0.00000184  -0.0000   0.3783  1-[ 5, 5, 0]
  43   13.192296   13.192296   0.00000000   0.00000663  -0.0000   0.4789  1-[ 5, 1, 0]
  44   13.320341  -29.643896   1.00000000   0.00000985  -0.0000   0.8172  1-[ 1, 0, 1]
  45   14.003682   14.003682   0.00000000   0.00000727  -0.0000   0.4282  1-[ 5, 0, 1]
  46   15.874568   15.874568   0.00000000   0.00000193  -0.0000   0.4020  1-[ 5, 4, 1]
  47   16.467547  -32.791102   1.00000000   0.00000262  -0.0000   0.8114  1-[ 1, 1, 0]
  48   19.553142   19.553142   0.00000000   0.00000070  -0.0000   0.4592  1-[ 5, 2, 1]
  49   30.074879   30.074879   0.00000000   0.00000060  -0.0000   0.3801  1-[ 7, 6, 1]
  50   32.309744   32.309744   0.00000000   0.00000063  -0.0000   0.3179  1-[ 7, 1, 0]
  51   33.196903   33.196903   0.00000000   0.00000046  -0.0000   0.4823  1-[ 7, 3, 0]
  52   34.949783   34.949783   0.00000000   0.00000058  -0.0000   0.3229  1-[ 5, 5, 0]
  53   36.900807   36.900807   0.00000000   0.00000058  -0.0000   0.3464  1-[ 5, 4, 1]
  54   37.133865   37.133865   0.00000000   0.00000056  -0.0000   0.4523  1-[ 5, 0, 1]
  55   38.485610   38.485610   0.00000000   0.00000029  -0.0000   0.4689  1-[ 7, 4, 1]
  56   39.182118   39.182118   0.00000000   0.00000062  -0.0000   0.3138  1-[ 5, 2, 1]
  57   55.662065   55.662065   0.00000000   0.00000046  -0.0000   0.4409  1-[ 9, 7, 0]
  58   56.673498   56.673498   0.00000000   0.00000025  -0.0000   0.5159  1-[ 9, 5, 0]
  59    0.000000    0.000000   0.00000000   0.00000000  -0.0000   0.0000  1-[ 9, 1, 0]
  60    0.000000    0.000000   0.00000000   0.00000000  -0.0000   0.0000  1-[ 9, 1, 0]
  61    0.000000    0.000000   0.00000000   0.00000000  -0.0000   0.0000  1-[ 9, 1, 0]
  62    0.000000    0.000000   0.00000000   0.00000000  -0.0000   0.0000  1-[ 9, 1, 0]
  63    0.000000    0.000000   0.00000000   0.00000000  -0.0000   0.0000  1-[ 9, 1, 0]
  64    0.000000    0.000000   0.00000000   0.00000000  -0.0000   0.0000  1-[ 9, 1, 0]
  65    0.000000    0.000000   0.00000000   0.00000000  -0.0000   0.0000  1-[ 9, 1, 0]
  66    0.000000    0.000000   0.00000000   0.00000000  -0.0000   0.0000  1-[ 9, 1, 0]
  67   -1.552235  -14.771320   1.00000000   0.00000489  -0.0000   0.8826  3+[ 2, 0, 2]
  68    0.542318    0.542318   0.00000000   0.00000358  -0.0000   0.6133  3+[ 4, 3, 1]
  69    3.787900    3.787900   0.00000000   0.00000275  -0.0000   0.5873  3+[ 4, 1, 1]
  70    5.112849  -21.436404   1.00000000   0.00000332  -0.0000   0.8802  3+[ 2, 1, 1]
  71    5.823431    5.823431   0.00000000   0.00000141  -0.0000   0.6675  3+[ 4, 0, 2]
  72    9.873985    9.873985   0.00000000   0.00000133  -0.0000   0.6472  3+[ 4, 2, 2]
  73   19.071203   19.071203   0.00000000   0.00000095  -0.0000   0.3140  3+[ 6, 3, 1]
  74   19.749387   19.749387   0.00000000   0.00000067  -0.0000   0.4316  3+[ 6, 5, 1]
  75   21.055750   21.055750   0.00000000   0.00000086  -0.0000   0.4441  3+[ 4, 0, 2]
  76   21.971158   21.971158   0.00000000   0.00000073  -0.0000   0.5709  3+[ 6, 3, 1]
  77   23.970484   23.970484   0.00000000   0.00000074  -0.0000   0.3727  3+[ 4, 2, 2]
  78   26.978889   26.978889   0.00000000   0.00000035  -0.0000   0.4063  3+[ 6, 2, 2]
  79   37.361101   37.361101   0.00000000   0.00000054  -0.0000   0.3646  3+[ 8, 7, 1]
  80   41.739145   41.739145   0.00000000   0.00000046  -0.0000   0.3769  3+[ 6, 5, 1]
  81   42.546864   42.546864   0.00000000   0.00000026  -0.0000   0.4656  3+[ 8, 5, 1]
  82   44.172088   44.172088   0.00000000   0.00000050  -0.0000   0.3857  3+[ 6, 3, 1]
  83   45.661158   45.661158   0.00000000   0.00000017  -0.0000   0.4866  3+[ 8, 4, 2]
  84   47.568604   47.568604   0.00000000   0.00000048  -0.0000   0.5487  3+[ 6, 0, 2]
  85   48.328167   48.328167   0.00000000   0.00000050  -0.0000   0.3727  3+[ 6, 2, 2]
  86   48.926873   48.926873   0.00000000   0.00000043  -0.0000   0.3917  3+[ 6, 4, 2]
  87    0.000000    0.000000   0.00000000   0.00000000  -0.0000   0.0000  3+[10, 1, 1]
  88    0.000000    0.000000   0.00000000   0.00000000  -0.0000   0.0000  3+[10, 1, 1]
  89    0.000000    0.000000   0.00000000   0.00000000  -0.0000   0.0000  3+[10, 1, 1]
  90    0.000000    0.000000   0.00000000   0.00000000  -0.0000   0.0000  3+[10, 1, 1]
  91    0.000000    0.000000   0.00000000   0.00000000  -0.0000   0.0000  3+[10, 1, 1]
  92    0.000000    0.000000   0.00000000   0.00000000  -0.0000   0.0000  3+[10, 1, 1]
  93    0.000000    0.000000   0.00000000   0.00000000  -0.0000   0.0000  3+[10, 1, 1]
  94    0.000000    0.000000   0.00000000   0.00000000  -0.0000   0.0000  3+[10, 1, 1]
  95    0.000000    0.000000   0.00000000   0.00000000  -0.0000   0.0000  3+[10, 1, 1]
  96    0.000000    0.000000   0.00000000   0.00000000  -0.0000   0.0000  3+[10, 1, 1]
  97   -6.412349   -6.412349   0.00000000   0.00001572  -0.0000   0.8330  3-[ 3, 0, 1]
  98   -6.045538  -10.278017   1.00000000   0.00001531  -0.0000   0.7406  3-[ 3, 2, 1]
  99   -1.199278   -1.199278   0.00000000   0.00000420  -0.0000   0.8001  3-[ 3, 1, 2]
 100   11.663544   11.663544   0.00000000   0.00000140  -0.0000   0.5478  3-[ 5, 2, 1]
 101   12.799616   12.799616   0.00000000   0.00000181  -0.0000   0.5611  3-[ 5, 0, 1]
 102   13.216542   13.216542   0.00000000   0.00000092  -0.0000   0.4774  3-[ 5, 4, 1]
 103   15.877351   15.877351   0.00000000   0.00000093  -0.0000   0.4960  3-[ 5, 1, 2]
 104   16.439031  -32.762585   1.00000000   0.00000201  -0.0000   0.9854  3-[ 1, 0, 1]
 105   19.574513   19.574513   0.00000000   0.00000071  -0.0000   0.5319  3-[ 5, 3, 2]
 106   30.083773   30.083773   0.00000000   0.00000059  -0.0000   0.4508  3-[ 7, 6, 1]
 107   32.327999   32.327999   0.00000000   0.00000062  -0.0000   0.3323  3-[ 5, 4, 1]
 108   33.217271   33.217271   0.00000000   0.00000046  -0.0000   0.5367  3-[ 7, 4, 1]
 109   34.970388   34.970388   0.00000000   0.00000058  -0.0000   0.5184  3-[ 5, 0, 1]
 110   36.886360   36.886360   0.00000000   0.00000056  -0.0000   0.4299  3-[ 5, 1, 2]
 111   38.494807   38.494807   0.00000000   0.00000029  -0.0000   0.5004  3-[ 7, 3, 2]
 112   39.182450   39.182450   0.00000000   0.00000062  -0.0000   0.3703  3-[ 5, 3, 2]
 113   55.665985   55.665985   0.00000000   0.00000046  -0.0000   0.4425  3-[ 9, 2, 1]
 114   56.687463   56.687463   0.00000000   0.00000025  -0.0000   0.5226  3-[ 9, 4, 1]
 115    0.000000    0.000000   0.00000000   0.00000000  -0.0000   0.0000  3-[ 9, 0, 1]
 116    0.000000    0.000000   0.00000000   0.00000000  -0.0000   0.0000  3-[ 9, 0, 1]
 117    0.000000    0.000000   0.00000000   0.00000000  -0.0000   0.0000  3-[ 9, 0, 1]
 118    0.000000    0.000000   0.00000000   0.00000000  -0.0000   0.0000  3-[ 9, 0, 1]
 119    0.000000    0.000000   0.00000000   0.00000000  -0.0000   0.0000  3-[ 9, 0, 1]
 120    0.000000    0.000000   0.00000000   0.00000000  -0.0000   0.0000  3-[ 9, 0, 1]
 121    0.000000    0.000000   0.00000000   0.00000000  -0.0000   0.0000  3-[ 9, 0, 1]
 122    0.535561    0.535561   0.00000000   0.00000344  -0.0000   0.7899  5+[ 4, 2, 2]
 123    3.818611    3.818611   0.00000000   0.00000308  -0.0000   0.7866  5+[ 4, 0, 2]
 124    4.965922  -21.289477   1.00000000   0.00000366  -0.0000   0.9796  5+[ 2, 0, 2]
 125    9.827844    9.827844   0.00000000   0.00000127  -0.0000   0.7538  5+[ 4, 1, 3]
 126   19.097915   19.097915   0.00000000   0.00000097  -0.0000   0.5132  5+[ 8, 0, 2]
 127   19.747764   19.747764   0.00000000   0.00000066  -0.0000   0.4424  5+[ 6, 4, 2]
 128   22.007992   22.007992   0.00000000   0.00000071  -0.0000   0.5456  5+[ 6, 2, 2]
 129   23.910877   23.910877   0.00000000   0.00000071  -0.0000   0.4315  5+[ 4, 1, 3]
 130   26.994686   26.994686   0.00000000   0.00000034  -0.0000   0.5268  5+[ 6, 3, 3]
 131   37.373580   37.373580   0.00000000   0.00000053  -0.0000   0.4570  5+[ 8, 6, 2]
 132   41.722935   41.722935   0.00000000   0.00000045  -0.0000   0.3830  5+[ 6, 4, 2]
 133   42.570394   42.570394   0.00000000   0.00000025  -0.0000   0.5313  5+[ 8, 4, 2]
 134   44.227282   44.227282   0.00000000   0.00000051  -0.0000   0.5973  5+[ 6, 0, 2]
 135   45.670503   45.670503   0.00000000   0.00000017  -0.0000   0.4894  5+[ 8, 3, 3]
 136   48.311736   48.311736   0.00000000   0.00000049  -0.0000   0.4625  5+[ 6, 3, 3]
 137   48.853021   48.853021   0.00000000   0.00000041  -0.0000   0.5320  5+[ 6, 1, 3]
 138    0.000000    0.000000   0.00000000   0.00000000  -0.0000   0.0000  5+[10, 0, 2]
 139    0.000000    0.000000   0.00000000   0.00000000  -0.0000   0.0000  5+[10, 0, 2]
 140    0.000000    0.000000   0.00000000   0.00000000  -0.0000   0.0000  5+[10, 0, 2]
 141    0.000000    0.000000   0.00000000   0.00000000  -0.0000   0.0000  5+[10, 0, 2]
 142    0.000000    0.000000   0.00000000   0.00000000  -0.0000   0.0000  5+[10, 0, 2]
 143    0.000000    0.000000   0.00000000   0.00000000  -0.0000   0.0000  5+[10, 0, 2]
 144    0.000000    0.000000   0.00000000   0.00000000  -0.0000   0.0000  5+[10, 0, 2]
 145    0.000000    0.000000   0.00000000   0.00000000  -0.0000   0.0000  5+[10, 0, 2]
 146    0.000000    0.000000   0.00000000   0.00000000  -0.0000   0.0000  5+[10, 0, 2]
 147   -5.908739  -10.414815   1.00000000   0.00001378  -0.0000   0.9075  5-[ 3, 1, 2]
 148   -1.096151   -1.096151   0.00000000   0.00000421  -0.0000   0.8766  5-[ 3, 0, 3]
 149   11.708158   11.708158   0.00000000   0.00000136  -0.0000   0.6798  5-[ 5, 3, 2]
 150   13.204826   13.204826   0.00000000   0.00000088  -0.0000   0.6089  5-[ 5, 1, 2]
 151   15.911143   15.911143   0.00000000   0.00000082  -0.0000   0.6250  5-[ 5, 0, 3]
 152   19.589472   19.589472   0.00000000   0.00000066  -0.0000   0.6603  5-[ 5, 2, 3]
 153   30.085930   30.085930   0.00000000   0.00000058  -0.0000   0.5109  5-[ 7, 5, 2]
 154   32.273049   32.273049   0.00000000   0.00000060  -0.0000   0.4105  5-[ 5, 1, 2]
 155   33.253894   33.253894   0.00000000   0.00000046  -0.0000   0.5760  5-[ 7, 3, 2]
 156   36.945647   36.945647   0.00000000   0.00000056  -0.0000   0.5409  5-[ 5, 0, 3]
 157   38.509228   38.509228   0.00000000   0.00000028  -0.0000   0.5286  5-[ 7, 4, 3]
 158   39.133014   39.133014   0.00000000   0.00000060  -0.0000   0.4523  5-[ 5, 2, 3]
 159   55.665555   55.665555   0.00000000   0.00000045  -0.0000   0.5070  5-[ 9, 7, 2]
 160   56.713722   56.713722   0.00000000   0.00000025  -0.0000   0.5700  5-[ 9, 5, 2]
 161    0.000000    0.000000   0.00000000   0.00000000  -0.0000   0.0000  5-[ 9, 1, 2]
 162    0.000000    0.000000   0.00000000   0.00000000  -0.0000   0.0000  5-[ 9, 1, 2]
 163    0.000000    0.000000   0.00000000   0.00000000  -0.0000   0.0000  5-[ 9, 1, 2]
 164    0.000000    0.000000   0.00000000   0.00000000  -0.0000   0.0000  5-[ 9, 1, 2]
 165    0.000000    0.000000   0.00000000   0.00000000  -0.0000   0.0000  5-[ 9, 1, 2]
 166    0.000000    0.000000   0.00000000   0.00000000  -0.0000   0.0000  5-[ 9, 1, 2]
 167    0.468523    0.468523   0.00000000   0.00000336  -0.0000   0.9185  7+[ 4, 1, 3]
 168    9.903163    9.903163   0.00000000   0.00000130  -0.0000   0.8008  7+[ 4, 0, 4]
 169   19.725538   19.725538   0.00000000   0.00000064  -0.0000   0.5870  7+[ 6, 1, 3]
 170   22.042797   22.042797   0.00000000   0.00000070  -0.0000   0.7030  7+[ 6, 3, 3]
 171   23.994281   23.994281   0.00000000   0.00000074  -0.0000   0.5182  7+[ 8, 0, 4]
 172   27.004927   27.004927   0.00000000   0.00000034  -0.0000   0.6213  7+[ 6, 2, 4]
 173   37.373551   37.373551   0.00000000   0.00000052  -0.0000   0.4773  7+[ 8, 5, 3]
 174   41.669163   41.669163   0.00000000   0.00000044  -0.0000   0.5133  7+[ 6, 1, 3]
 175   42.602020   42.602020   0.00000000   0.00000025  -0.0000   0.5387  7+[ 8, 3, 3]
 176   45.681014   45.681014   0.00000000   0.00000017  -0.0000   0.5573  7+[ 8, 4, 4]
 177   48.261589   48.261589   0.00000000   0.00000047  -0.0000   0.5404  7+[ 6, 2, 4]
 178   48.970203   48.970203   0.00000000   0.00000043  -0.0000   0.6318  7+[ 6, 0, 4]
 179    0.000000    0.000000   0.00000000   0.00000000  -0.0000   0.0000  7+[10, 1, 3]
 180    0.000000    0.000000   0.00000000   0.00000000  -0.0000   0.0000  7+[10, 1, 3]
 181    0.000000    0.000000   0.00000000   0.00000000  -0.0000   0.0000  7+[10, 1, 3]
 182    0.000000    0.000000   0.00000000   0.00000000  -0.0000   0.0000  7+[10, 1, 3]
 183    0.000000    0.000000   0.00000000   0.00000000  -0.0000   0.0000  7+[10, 1, 3]
 184    0.000000    0.000000   0.00000000   0.00000000  -0.0000   0.0000  7+[10, 1, 3]
 185    0.000000    0.000000   0.00000000   0.00000000  -0.0000   0.0000  7+[10, 1, 3]
 186    0.000000    0.000000   0.00000000   0.00000000  -0.0000   0.0000  7+[10, 1, 3]
 187   -6.101299  -10.222255   1.00000000   0.00001563  -0.0000   0.9777  7-[ 3, 0, 3]
 188   11.708510   11.708510   0.00000000   0.00000133  -0.0000   0.8097  7-[ 5, 2, 3]
 189   13.244309   13.244309   0.00000000   0.00000092  -0.0000   0.7375  7-[ 5, 0, 3]
 190   19.577770   19.577770   0.00000000   0.00000064  -0.0000   0.7392  7-[ 5, 1, 4]
 191   30.063169   30.063169   0.00000000   0.00000056  -0.0000   0.4812  7-[ 7, 2, 3]
 192   32.364980   32.364980   0.00000000   0.00000062  -0.0000   0.5718  7-[ 7, 0, 3]
 193   33.299145   33.299145   0.00000000   0.00000045  -0.0000   0.6146  7-[ 7, 4, 3]
 194   38.521544   38.521544   0.00000000   0.00000028  -0.0000   0.6441  7-[ 7, 3, 4]
 195   39.047296   39.047296   0.00000000   0.00000058  -0.0000   0.5083  7-[ 5, 1, 4]
 196   55.648102   55.648102   0.00000000   0.00000045  -0.0000   0.5756  7-[ 9, 6, 3]
 197   56.748885   56.748885   0.00000000   0.00000024  -0.0000   0.6172  7-[ 9, 4, 3]
 198    0.000000    0.000000   0.00000000   0.00000000  -0.0000   0.0000  7-[ 9, 0, 3]
 199    0.000000    0.000000   0.00000000   0.00000000  -0.0000   0.0000  7-[ 9, 0, 3]
 200    0.000000    0.000000   0.00000000   0.00000000  -0.0000   0.0000  7-[ 9, 0, 3]
 201    0.000000    0.000000   0.00000000   0.00000000  -0.0000   0.0000  7-[ 9, 0, 3]
 202    0.000000    0.000000   0.00000000   0.00000000  -0.0000   0.0000  7-[ 9, 0, 3]
 203    0.621462    0.621462   0.00000000   0.00000345  -0.0000   0.9727  9+[ 4, 0, 4]
 204   19.772623   19.772623   0.00000000   0.00000067  -0.0000   0.6947  9+[ 6, 0, 4]
 205   22.060875   22.060875   0.00000000   0.00000069  -0.0000   0.8237  9+[ 6, 2, 4]
 206   27.003341   27.003341   0.00000000   0.00000033  -0.0000   0.6801  9+[ 6, 1, 5]
 207   37.355466   37.355466   0.00000000   0.00000051  -0.0000   0.5022  9+[ 8, 2, 4]
 208   41.797941   41.797941   0.00000000   0.00000046  -0.0000   0.6090  9+[ 6, 0, 4]
 209   42.637113   42.637113   0.00000000   0.00000025  -0.0000   0.6312  9+[ 8, 4, 4]
 210   45.689420   45.689420   0.00000000   0.00000016  -0.0000   0.6611  9+[ 8, 3, 5]
 211   48.222292   48.222292   0.00000000   0.00000047  -0.0000   0.6012  9+[ 6, 1, 5]
 212    0.000000    0.000000   0.00000000   0.00000000  -0.0000   0.0000  9+[10, 0, 4]
 213    0.000000    0.000000   0.00000000   0.00000000  -0.0000   0.0000  9+[10, 0, 4]
 214    0.000000    0.000000   0.00000000   0.00000000  -0.0000   0.0000  9+[10, 0, 4]
 215    0.000000    0.000000   0.00000000   0.00000000  -0.0000   0.0000  9+[10, 0, 4]
 216    0.000000    0.000000   0.00000000   0.00000000  -0.0000   0.0000  9+[10, 0, 4]
 217    0.000000    0.000000   0.00000000   0.00000000  -0.0000   0.0000  9+[10, 0, 4]
 218    0.000000    0.000000   0.00000000   0.00000000  -0.0000   0.0000  9+[10, 0, 4]
 219   11.695452   11.695452   0.00000000   0.00000132  -0.0000   0.9258  9-[ 5, 1, 4]
 220   19.606228   19.606228   0.00000000   0.00000067  -0.0000   0.7740  9-[ 5, 0, 5]
 221   30.040301   30.040301   0.00000000   0.00000056  -0.0000   0.6994  9-[ 7, 1, 4]
 222   33.340857   33.340857   0.00000000   0.00000044  -0.0000   0.7539  9-[ 7, 3, 4]
 223   38.524944   38.524944   0.00000000   0.00000027  -0.0000   0.7342  9-[ 7, 2, 5]
 224   39.222283   39.222283   0.00000000   0.00000061  -0.0000   0.5564  9-[ 7, 0, 5]
 225   55.606677   55.606677   0.00000000   0.00000044  -0.0000   0.5686  9-[ 9, 5, 4]
 226   56.787922   56.787922   0.00000000   0.00000024  -0.0000   0.5938  9-[ 9, 3, 4]
 227    0.000000    0.000000   0.00000000   0.00000000  -0.0000   0.0000  9-[ 9, 1, 4]
 228    0.000000    0.000000   0.00000000   0.00000000  -0.0000   0.0000  9-[ 9, 1, 4]
 229    0.000000    0.000000   0.00000000   0.00000000  -0.0000   0.0000  9-[ 9, 1, 4]
 230    0.000000    0.000000   0.00000000   0.00000000  -0.0000   0.0000  9-[ 9, 1, 4]
 231   22.052540   22.052540   0.00000000   0.00000068  -0.0000   0.8940 11+[ 6, 1, 5]
 232   27.001832   27.001832   0.00000000   0.00000035  -0.0000   0.7067 11+[ 6, 0, 6]
 233   37.348335   37.348335   0.00000000   0.00000051  -0.0000   0.6749 11+[ 8, 1, 5]
 234   42.667254   42.667254   0.00000000   0.00000024  -0.0000   0.7433 11+[ 8, 3, 5]
 235   45.692665   45.692665   0.00000000   0.00000016  -0.0000   0.7394 11+[ 8, 2, 6]
 236   48.372602   48.372602   0.00000000   0.00000049  -0.0000   0.6284 11+[ 6, 0, 6]
 237    0.000000    0.000000   0.00000000   0.00000000  -0.0000   0.0000 11+[10, 1, 5]
 238    0.000000    0.000000   0.00000000   0.00000000  -0.0000   0.0000 11+[10, 1, 5]
 239    0.000000    0.000000   0.00000000   0.00000000  -0.0000   0.0000 11+[10, 1, 5]
 240    0.000000    0.000000   0.00000000   0.00000000  -0.0000   0.0000 11+[10, 1, 5]
 241    0.000000    0.000000   0.00000000   0.00000000  -0.0000   0.0000 11+[10, 1, 5]
 242    0.000000    0.000000   0.00000000   0.00000000  -0.0000   0.0000 11+[10, 1, 5]
 243   11.765294   11.765294   0.00000000   0.00000137  -0.0000   0.9701 11-[ 5, 0, 5]
 244   30.129098   30.129098   0.00000000   0.00000059  -0.0000   0.7998 11-[ 7, 0, 5]
 245   33.363791   33.363791   0.00000000   0.00000044  -0.0000   0.8572 11-[ 7, 2, 5]
 246   38.522775   38.522775   0.00000000   0.00000027  -0.0000   0.8012 11-[ 7, 1, 6]
 247   55.558693   55.558693   0.00000000   0.00000043  -0.0000   0.6601 11-[ 9, 2, 5]
 248   56.824421   56.824421   0.00000000   0.00000024  -0.0000   0.7301 11-[ 9, 4, 5]
 249    0.000000    0.000000   0.00000000   0.00000000  -0.0000   0.0000 11-[ 9, 0, 5]
 250    0.000000    0.000000   0.00000000   0.00000000  -0.0000   0.0000 11-[ 9, 0, 5]
 251    0.000000    0.000000   0.00000000   0.00000000  -0.0000   0.0000 11-[ 9, 0, 5]
 252   22.049258   22.049258   0.00000000   0.00000071  -0.0000   0.9302 13+[ 6, 0, 6]
 253   37.426323   37.426323   0.00000000   0.00000054  -0.0000   0.7555 13+[ 8, 0, 6]
 254   42.680824   42.680824   0.00000000   0.00000024  -0.0000   0.8288 13+[ 8, 2, 6]
 255   45.689390   45.689390   0.00000000   0.00000016  -0.0000   0.7904 13+[ 8, 1, 7]
 256    0.000000    0.000000   0.00000000   0.00000000  -0.0000   0.0000 13+[10, 0, 6]
 257    0.000000    0.000000   0.00000000   0.00000000  -0.0000   0.0000 13+[10, 0, 6]
 258    0.000000    0.000000   0.00000000   0.00000000  -0.0000   0.0000 13+[10, 0, 6]
 259    0.000000    0.000000   0.00000000   0.00000000  -0.0000   0.0000 13+[10, 0, 6]
 260    0.000000    0.000000   0.00000000   0.00000000  -0.0000   0.0000 13+[10, 0, 6]
 261   33.349755   33.349755   0.00000000   0.00000044  -0.0000   0.9193 13-[ 7, 1, 6]
 262   38.523218   38.523218   0.00000000   0.00000028  -0.0000   0.8290 13-[ 7, 0, 7]
 263   55.568979   55.568979   0.00000000   0.00000043  -0.0000   0.8471 13-[ 9, 1, 6]
 264   56.850528   56.850528   0.00000000   0.00000023  -0.0000   0.8459 13-[ 9, 3, 6]
 265    0.000000    0.000000   0.00000000   0.00000000  -0.0000   0.0000 13-[ 9, 1, 6]
 266    0.000000    0.000000   0.00000000   0.00000000  -0.0000   0.0000 13-[ 9, 1, 6]
 267   42.661228   42.661228   0.00000000   0.00000024  -0.0000   0.8839 15+[ 8, 1, 7]
 268   45.680180   45.680180   0.00000000   0.00000017  -0.0000   0.8146 15+[ 8, 0, 8]
 269    0.000000    0.000000   0.00000000   0.00000000  -0.0000   0.0000 15+[10, 1, 7]
 270    0.000000    0.000000   0.00000000   0.00000000  -0.0000   0.0000 15+[10, 1, 7]
 271    0.000000    0.000000   0.00000000   0.00000000  -0.0000   0.0000 15+[10, 1, 7]
 272    0.000000    0.000000   0.00000000   0.00000000  -0.0000   0.0000 15+[10, 1, 7]
 273   33.290657   33.290657   0.00000000   0.00000046  -0.0000   0.9527 15-[ 7, 0, 7]
 274   55.762857   55.762857   0.00000000   0.00000046  -0.0000   0.9340 15-[ 9, 0, 7]
 275   56.856291   56.856291   0.00000000   0.00000023  -0.0000   0.9275 15-[ 9, 2, 7]
 276    0.000000    0.000000   0.00000000   0.00000000  -0.0000   0.0000 15-[ 9, 0, 7]
 277   42.589122   42.589122   0.00000000   0.00000025  -0.0000   0.9134 17+[ 8, 0, 8]
 278    0.000000    0.000000   0.00000000   0.00000000  -0.0000   0.0000 17+[10, 0, 8]
 279    0.000000    0.000000   0.00000000   0.00000000  -0.0000   0.0000 17+[10, 0, 8]
 280    0.000000    0.000000   0.00000000   0.00000000  -0.0000   0.0000 17+[10, 0, 8]
 281   56.827796   56.827796   0.00000000   0.00000024  -0.0000   0.9717 17-[ 9, 1, 8]
 282    0.000000    0.000000   0.00000000   0.00000000  -0.0000   0.0000 17-[ 9, 1, 8]
 283   56.762852   56.762852   0.00000000   0.00000025  -0.0000   1.0000 19-[ 9, 0, 9]
  Sum canonical e_v*V^2_k=  -582.37076403914523     


 #quasiparticle energies protons 
 --------------------------------
  eqp(k) -> q.p. energy 
  e(k)   -> referent s.p. energy 
  p(k)   -> occ.probability 
  del(k) -> referent s.p. gap 
  fermi energy alast=  -13.743648503027870     
  #k  block#    eqp(k)     e(k)       (1-2N)E      decay        p(k)        del(k)    overl      labels
   1    1     1.253444  -13.836889   -1.253444    1.651656    1.00000000   0.0000   0.7677  1+[ 2, 1, 1]
   2    1     2.271891  -14.855336   -2.271891    1.711361    1.00000000   0.0000   0.7382  1+[ 2, 0, 0]
   3    1     7.824877  -20.408323   -7.824877    2.005876    1.00000000   0.0000   0.6338  1+[ 2, 2, 0]
   4    1    14.751290    2.167844   14.751290    2.321442    0.00000000   0.0000   0.5946  1+[ 4, 2, 0]
   5    1    19.694962    7.111516   19.694962    2.522647    0.00000000   0.0000   0.5254  1+[ 4, 4, 0]
   6    1    21.251840    8.668394   21.251840    2.582767    0.00000000   0.0000   0.5235  1+[ 4, 0, 0]
   7    1    21.870875    9.287430   21.870875    2.606287    0.00000000   0.0000   0.4794  1+[ 4, 1, 1]
   8    1    24.045459   11.462013   24.045459    2.687276    0.00000000   0.0000   0.5009  1+[ 4, 2, 0]
   9    1    29.167458  -41.750903  -29.167458    2.869018    1.00000000   0.0000   0.9713  1+[ 0, 0, 0]
  10    1    35.324813   22.741367   35.324813    3.073304    0.00000000   0.0000   0.3409  1+[ 8, 8, 0]
  11    1    35.948922   23.365476   35.948922    3.093258    0.00000000   0.0000   0.3469  1+[ 6, 5, 1]
  12    1    37.154307   24.570862   37.154307    3.131435    0.00000000   0.0000   0.3195  1+[ 4, 4, 0]
  13    1    37.215120   24.631675   37.215120    3.133349    0.00000000   0.0000   0.3779  1+[ 8, 0, 0]
  14    1    37.609264   25.025819   37.609264    3.145724    0.00000000   0.0000   0.4979  1+[ 6, 4, 0]
  15    1    39.423443   26.839998   39.423443    3.202070    0.00000000   0.0000   0.3116  1+[ 8, 1, 1]
  16    1    42.739893   30.156447   42.739893    3.302589    0.00000000   0.0000   0.4411  1+[ 6, 3, 1]
  17    1    53.292380   40.708935   53.292380    3.603823    0.00000000   0.0000   0.3767  1+[ 8, 2, 0]
  18    1    57.997341   45.413896   57.997341    3.730299    0.00000000   0.0000   0.3020  1+[ 6, 5, 1]
  19    1    58.871835   46.288390   58.871835    3.753337    0.00000000   0.0000   0.4578  1+[ 8, 4, 0]
  20    1    60.912078   48.328632   60.912078    3.806544    0.00000000   0.0000   0.3653  1+[ 6, 6, 0]
  21    1    61.702279   49.118833   61.702279    3.826952    0.00000000   0.0000   0.4262  1+[ 8, 4, 0]
  22    1    62.760625   50.177179   62.760625    3.854117    0.00000000   0.0000   0.3493  1+[ 6, 3, 1]
  23    1    63.758986   51.175541   63.758986    3.879568    0.00000000   0.0000   0.4569  1+[ 6, 0, 0]
  24    1    64.178805   51.595359   64.178805    3.890220    0.00000000   0.0000   0.3475  1+[ 6, 3, 1]
  25    1    64.890556   52.307110   64.890556    3.908214    0.00000000   0.0000   0.3699  1+[ 6, 1, 1]
  26    2     3.391891   -9.191554    3.391891    1.774702    0.00000000   0.0000   0.5665  1-[ 3, 2, 1]
  27    2     8.885805   -3.697641    8.885805    2.057353    0.00000000   0.0000   0.5893  1-[ 3, 3, 0]
  28    2    11.090194   -1.493252   11.090194    2.160394    0.00000000   0.0000   0.6572  1-[ 3, 0, 1]
  29    2    12.265049   -0.318396   12.265049    2.213352    0.00000000   0.0000   0.6380  1-[ 3, 2, 1]
  30    2    15.319273  -27.902718  -15.319273    2.345436    1.00000000   0.0000   0.8113  1-[ 1, 0, 1]
  31    2    18.788107  -31.371552  -18.788107    2.486957    1.00000000   0.0000   0.8049  1-[ 1, 1, 0]
  32    2    26.550598   13.967153   26.550598    2.777651    0.00000000   0.0000   0.5758  1-[ 5, 3, 0]
  33    2    29.085036   16.501591   29.085036    2.866185    0.00000000   0.0000   0.4653  1-[ 5, 5, 0]
  34    2    29.349111   16.765666   29.349111    2.875253    0.00000000   0.0000   0.5029  1-[ 5, 1, 0]
  35    2    30.249927   17.666481   30.249927    2.905972    0.00000000   0.0000   0.4172  1-[ 5, 0, 1]
  36    2    31.921253   19.337808   31.921253    2.962124    0.00000000   0.0000   0.4079  1-[ 5, 4, 1]
  37    2    34.534995   21.951549   34.534995    3.047866    0.00000000   0.0000   0.4833  1-[ 5, 2, 1]
  38    2    46.127525   33.544080   46.127525    3.402201    0.00000000   0.0000   0.3810  1-[ 7, 6, 1]
  39    2    48.603796   36.020351   48.603796    3.473208    0.00000000   0.0000   0.3054  1-[ 7, 4, 1]
  40    2    49.163575   36.580129   49.163575    3.489059    0.00000000   0.0000   0.4631  1-[ 7, 3, 0]
  41    2    51.530008   38.946562   51.530008    3.555289    0.00000000   0.0000   0.3295  1-[ 5, 5, 0]
  42    2    53.110571   40.527126   53.110571    3.598846    0.00000000   0.0000   0.3553  1-[ 5, 4, 1]
  43    2    53.698053   41.114608   53.698053    3.614902    0.00000000   0.0000   0.4531  1-[ 5, 0, 1]
  44    2    53.790270   41.206825   53.790270    3.617416    0.00000000   0.0000   0.3608  1-[ 7, 2, 1]
  45    2    54.126306   41.542861   54.126306    3.626561    0.00000000   0.0000   0.4740  1-[ 7, 4, 1]
  46    2    72.217466   59.634020   72.217466    4.088845    0.00000000   0.0000   0.4336  1-[ 9, 7, 0]
  47    3     1.160203  -13.743649   -1.160203    1.646082    1.00000000   0.0000   0.8709  3+[ 2, 0, 2]
  48    3     7.706260  -20.289706   -7.706260    2.000038    1.00000000   0.0000   0.8707  3+[ 2, 1, 1]
  49    3    14.824589    2.241143   14.824589    2.324552    0.00000000   0.0000   0.6177  3+[ 4, 3, 1]
  50    3    19.836071    7.252626   19.836071    2.528155    0.00000000   0.0000   0.5794  3+[ 4, 1, 1]
  51    3    21.932245    9.348799   21.932245    2.608607    0.00000000   0.0000   0.6640  3+[ 4, 0, 2]
  52    3    24.135074   11.551629   24.135074    2.690562    0.00000000   0.0000   0.6847  3+[ 4, 2, 2]
  53    3    35.393344   22.809898   35.393344    3.075502    0.00000000   0.0000   0.3217  3+[ 6, 3, 1]
  54    3    35.968249   23.384803   35.968249    3.093873    0.00000000   0.0000   0.4353  3+[ 6, 5, 1]
  55    3    37.243915   24.660469   37.243915    3.134255    0.00000000   0.0000   0.4529  3+[ 8, 0, 2]
  56    3    37.643548   25.060103   37.643548    3.146799    0.00000000   0.0000   0.5777  3+[ 6, 3, 1]
  57    3    39.458464   26.875019   39.458464    3.203148    0.00000000   0.0000   0.3139  3+[ 4, 2, 2]
  58    3    42.765404   30.181959   42.765404    3.303351    0.00000000   0.0000   0.4239  3+[ 6, 4, 2]
  59    3    53.308973   40.725528   53.308973    3.604276    0.00000000   0.0000   0.3673  3+[ 8, 7, 1]
  60    3    58.027905   45.444459   58.027905    3.731106    0.00000000   0.0000   0.3744  3+[ 6, 5, 1]
  61    3    58.888590   46.305144   58.888590    3.753777    0.00000000   0.0000   0.4628  3+[ 8, 5, 1]
  62    3    60.958284   48.374838   60.958284    3.807740    0.00000000   0.0000   0.3828  3+[ 6, 3, 1]
  63    3    61.714682   49.131237   61.714682    3.827272    0.00000000   0.0000   0.4947  3+[ 8, 4, 2]
  64    3    62.782841   50.199395   62.782841    3.854685    0.00000000   0.0000   0.3424  3+[ 6, 4, 2]
  65    3    64.217683   51.634237   64.217683    3.891205    0.00000000   0.0000   0.5451  3+[ 6, 0, 2]
  66    3    64.939287   52.355841   64.939287    3.909443    0.00000000   0.0000   0.3896  3+[ 6, 4, 2]
  67    4     3.491534   -9.091912    3.491534    1.780228    0.00000000   0.0000   0.7436  3-[ 3, 2, 1]
  68    4     8.976532   -3.606913    8.976532    2.061695    0.00000000   0.0000   0.8194  3-[ 3, 0, 1]
  69    4    12.422381   -0.161064   12.422381    2.220348    0.00000000   0.0000   0.8125  3-[ 3, 1, 2]
  70    4    18.711931  -31.295376  -18.711931    2.483936    1.00000000   0.0000   0.9733  3-[ 1, 0, 1]
  71    4    26.607122   14.023676   26.607122    2.779657    0.00000000   0.0000   0.5787  3-[ 5, 2, 1]
  72    4    29.136675   16.553230   29.136675    2.867960    0.00000000   0.0000   0.5855  3-[ 5, 0, 1]
  73    4    29.389598   16.806153   29.389598    2.876640    0.00000000   0.0000   0.5033  3-[ 5, 4, 1]
  74    4    32.007789   19.424343   32.007789    2.965003    0.00000000   0.0000   0.5009  3-[ 5, 1, 2]
  75    4    34.587716   22.004270   34.587716    3.049570    0.00000000   0.0000   0.5566  3-[ 5, 3, 2]
  76    4    46.145160   33.561715   46.145160    3.402712    0.00000000   0.0000   0.4519  3-[ 7, 6, 1]
  77    4    48.649943   36.066498   48.649943    3.474518    0.00000000   0.0000   0.3857  3-[ 7, 4, 1]
  78    4    49.191209   36.607764   49.191209    3.489840    0.00000000   0.0000   0.5015  3-[ 7, 4, 1]
  79    4    51.568838   38.985393   51.568838    3.556366    0.00000000   0.0000   0.5147  3-[ 5, 0, 1]
  80    4    53.198749   40.615304   53.198749    3.601260    0.00000000   0.0000   0.4227  3-[ 5, 1, 2]
  81    4    53.814803   41.231358   53.814803    3.618084    0.00000000   0.0000   0.3553  3-[ 7, 1, 2]
  82    4    54.146126   41.562681   54.146126    3.627100    0.00000000   0.0000   0.4884  3-[ 7, 3, 2]
  83    4    72.224999   59.641553   72.224999    4.089026    0.00000000   0.0000   0.4532  3-[ 9, 2, 1]
  84    5     7.688954  -20.272400   -7.688954    1.999185    1.00000000   0.0000   0.9732  5+[ 2, 0, 2]
  85    5    14.933647    2.350201   14.933647    2.329172    0.00000000   0.0000   0.7967  5+[ 4, 2, 2]
  86    5    19.816672    7.233227   19.816672    2.527398    0.00000000   0.0000   0.7870  5+[ 4, 0, 2]
  87    5    24.250315   11.666870   24.250315    2.694780    0.00000000   0.0000   0.7906  5+[ 4, 1, 3]
  88    5    35.385863   22.802417   35.385863    3.075262    0.00000000   0.0000   0.5323  5+[ 8, 0, 2]
  89    5    36.002397   23.418952   36.002397    3.094961    0.00000000   0.0000   0.4491  5+[ 6, 4, 2]
  90    5    37.708531   25.125085   37.708531    3.148834    0.00000000   0.0000   0.5524  5+[ 6, 2, 2]
  91    5    39.495068   26.911622   39.495068    3.204274    0.00000000   0.0000   0.4229  5+[ 6, 1, 3]
  92    5    42.812142   30.228697   42.812142    3.304745    0.00000000   0.0000   0.5510  5+[ 6, 3, 3]
  93    5    53.338268   40.754822   53.338268    3.605077    0.00000000   0.0000   0.4623  5+[ 8, 6, 2]
  94    5    58.067732   45.484286   58.067732    3.732158    0.00000000   0.0000   0.3781  5+[ 6, 4, 2]
  95    5    58.920357   46.336912   58.920357    3.754611    0.00000000   0.0000   0.5235  5+[ 8, 4, 2]
  96    5    60.964931   48.381486   60.964931    3.807912    0.00000000   0.0000   0.5933  5+[ 6, 0, 2]
  97    5    61.738218   49.154773   61.738218    3.827878    0.00000000   0.0000   0.5026  5+[ 8, 3, 3]
  98    5    62.820454   50.237009   62.820454    3.855647    0.00000000   0.0000   0.4392  5+[ 6, 3, 3]
  99    5    64.976334   52.392889   64.976334    3.910377    0.00000000   0.0000   0.5293  5+[ 6, 1, 3]
 100    6     3.592310   -8.991135    3.592310    1.785799    0.00000000   0.0000   0.9037  5-[ 3, 1, 2]
 101    6    12.413089   -0.170357   12.413089    2.219935    0.00000000   0.0000   0.8790  5-[ 3, 0, 3]
 102    6    26.704450   14.121005   26.704450    2.783106    0.00000000   0.0000   0.6862  5-[ 5, 3, 2]
 103    6    29.460015   16.876570   29.460015    2.879053    0.00000000   0.0000   0.6076  5-[ 5, 1, 2]
 104    6    31.995598   19.412153   31.995598    2.964597    0.00000000   0.0000   0.6268  5-[ 5, 0, 3]
 105    6    34.678604   22.095159   34.678604    3.052507    0.00000000   0.0000   0.6934  5-[ 5, 2, 3]
 106    6    46.173589   33.590143   46.173589    3.403536    0.00000000   0.0000   0.5146  5-[ 7, 5, 2]
 107    6    48.695351   36.111906   48.695351    3.475806    0.00000000   0.0000   0.4328  5-[ 7, 3, 2]
 108    6    49.241999   36.658554   49.241999    3.491274    0.00000000   0.0000   0.5398  5-[ 7, 3, 2]
 109    6    53.202474   40.619029   53.202474    3.601362    0.00000000   0.0000   0.5374  5-[ 5, 0, 3]
 110    6    53.848365   41.264920   53.848365    3.618998    0.00000000   0.0000   0.4120  5-[ 5, 2, 3]
 111    6    54.184115   41.600670   54.184115    3.628132    0.00000000   0.0000   0.5489  5-[ 7, 4, 3]
 112    6    72.236684   59.653239   72.236684    4.089308    0.00000000   0.0000   0.5006  5-[ 9, 7, 2]
 113    7    15.005973    2.422527   15.005973    2.332231    0.00000000   0.0000   0.9204  7+[ 4, 1, 3]
 114    7    24.176744   11.593298   24.176744    2.692088    0.00000000   0.0000   0.8378  7+[ 4, 0, 4]
 115    7    36.022594   23.439149   36.022594    3.095605    0.00000000   0.0000   0.5897  7+[ 6, 1, 3]
 116    7    37.791329   25.207884   37.791329    3.151425    0.00000000   0.0000   0.7138  7+[ 6, 3, 3]
 117    7    39.479000   26.895555   39.479000    3.203780    0.00000000   0.0000   0.5426  7+[ 8, 0, 4]
 118    7    42.865599   30.282153   42.865599    3.306339    0.00000000   0.0000   0.6479  7+[ 6, 2, 4]
 119    7    53.371783   40.788337   53.371783    3.605994    0.00000000   0.0000   0.4846  7+[ 8, 5, 3]
 120    7    58.089311   45.505865   58.089311    3.732728    0.00000000   0.0000   0.5082  7+[ 6, 1, 3]
 121    7    58.964029   46.380583   58.964029    3.755757    0.00000000   0.0000   0.5314  7+[ 8, 3, 3]
 122    7    61.769739   49.186294   61.769739    3.828689    0.00000000   0.0000   0.5632  7+[ 8, 4, 4]
 123    7    62.857600   50.274155   62.857600    3.856597    0.00000000   0.0000   0.5154  7+[ 6, 2, 4]
 124    7    64.976232   52.392786   64.976232    3.910375    0.00000000   0.0000   0.6264  7+[ 6, 0, 4]
 125    8     3.556996   -9.026450    3.556996    1.783849    0.00000000   0.0000   0.9774  7-[ 3, 0, 3]
 126    8    26.803257   14.219811   26.803257    2.786603    0.00000000   0.0000   0.8257  7-[ 5, 2, 3]
 127    8    29.416978   16.833533   29.416978    2.877579    0.00000000   0.0000   0.7505  7-[ 5, 0, 3]
 128    8    34.744585   22.161139   34.744585    3.054637    0.00000000   0.0000   0.7723  7-[ 5, 1, 4]
 129    8    46.199267   33.615822   46.199267    3.404279    0.00000000   0.0000   0.4863  7-[ 7, 2, 3]
 130    8    48.693514   36.110069   48.693514    3.475753    0.00000000   0.0000   0.5581  7-[ 7, 0, 3]
 131    8    49.310504   36.727059   49.310504    3.493208    0.00000000   0.0000   0.6235  7-[ 7, 4, 3]
 132    8    53.864177   41.280732   53.864177    3.619429    0.00000000   0.0000   0.5228  7-[ 7, 1, 4]
 133    8    54.234273   41.650827   54.234273    3.629495    0.00000000   0.0000   0.6609  7-[ 7, 3, 4]
 134    8    72.246662   59.663216   72.246662    4.089549    0.00000000   0.0000   0.5710  7-[ 9, 6, 3]
 135    9    14.920621    2.337175   14.920621    2.328621    0.00000000   0.0000   0.9779  9+[ 4, 0, 4]
 136    9    35.992921   23.409475   35.992921    3.094659    0.00000000   0.0000   0.7008  9+[ 6, 0, 4]
 137    9    37.863688   25.280242   37.863688    3.153687    0.00000000   0.0000   0.8350  9+[ 6, 2, 4]
 138    9    42.887532   30.304087   42.887532    3.306993    0.00000000   0.0000   0.7083  9+[ 6, 1, 5]
 139    9    53.397095   40.813649   53.397095    3.606686    0.00000000   0.0000   0.5104  9+[ 8, 2, 4]
 140    9    58.088416   45.504970   58.088416    3.732705    0.00000000   0.0000   0.6035  9+[ 6, 0, 4]
 141    9    59.014952   46.431506   59.014952    3.757094    0.00000000   0.0000   0.6356  9+[ 8, 4, 4]
 142    9    61.802697   49.219252   61.802697    3.829538    0.00000000   0.0000   0.6736  9+[ 8, 3, 5]
 143    9    62.872791   50.289345   62.872791    3.856985    0.00000000   0.0000   0.5698  9+[ 6, 1, 5]
 144   10    26.846180   14.262735   26.846180    2.788121    0.00000000   0.0000   0.9304  9-[ 5, 1, 4]
 145   10    34.639959   22.056514   34.639959    3.051259    0.00000000   0.0000   0.8089  9-[ 5, 0, 5]
 146   10    46.208536   33.625090   46.208536    3.404548    0.00000000   0.0000   0.7020  9-[ 7, 1, 4]
 147   10    49.386367   36.802921   49.386367    3.495348    0.00000000   0.0000   0.7572  9-[ 7, 3, 4]
 148   10    53.856341   41.272896   53.856341    3.619216    0.00000000   0.0000   0.5982  9-[ 7, 0, 5]
 149   10    54.280058   41.696612   54.280058    3.630738    0.00000000   0.0000   0.7525  9-[ 7, 2, 5]
 150   10    72.249542   59.666097   72.249542    4.089618    0.00000000   0.0000   0.5700  9-[ 9, 5, 4]
 151   11    37.867581   25.284135   37.867581    3.153809    0.00000000   0.0000   0.9052 11+[ 6, 1, 5]
 152   11    42.800967   30.217522   42.800967    3.304412    0.00000000   0.0000   0.7372 11+[ 6, 0, 6]
 153   11    53.400304   40.816859   53.400304    3.606773    0.00000000   0.0000   0.6821 11+[ 8, 1, 5]
 154   11    59.063576   46.480131   59.063576    3.758369    0.00000000   0.0000   0.7465 11+[ 8, 3, 5]
 155   11    61.825203   49.241758   61.825203    3.830117    0.00000000   0.0000   0.7525 11+[ 8, 2, 6]
 156   11    62.833242   50.249796   62.833242    3.855974    0.00000000   0.0000   0.5920 11+[ 6, 0, 6]
 157   12    26.712423   14.128977   26.712423    2.783388    0.00000000   0.0000   0.9779 11-[ 5, 0, 5]
 158   12    46.185139   33.601694   46.185139    3.403870    0.00000000   0.0000   0.8056 11-[ 7, 0, 5]
 159   12    49.441030   36.857585   49.441030    3.496889    0.00000000   0.0000   0.8600 11-[ 7, 2, 5]
 160   12    54.283614   41.700169   54.283614    3.630835    0.00000000   0.0000   0.8134 11-[ 7, 1, 6]
 161   12    72.246222   59.662776   72.246222    4.089538    0.00000000   0.0000   0.6603 11-[ 9, 2, 5]
 162   13    37.725316   25.141871   37.725316    3.149359    0.00000000   0.0000   0.9454 13+[ 6, 0, 6]
 163   13    53.361652   40.778206   53.361652    3.605717    0.00000000   0.0000   0.7673 13+[ 8, 0, 6]
 164   13    59.089555   46.506110   59.089555    3.759050    0.00000000   0.0000   0.8318 13+[ 8, 2, 6]
 165   13    61.817250   49.233805   61.817250    3.829913    0.00000000   0.0000   0.7989 13+[ 8, 1, 7]
 166   14    49.419751   36.836306   49.419751    3.496290    0.00000000   0.0000   0.9229 13-[ 7, 1, 6]
 167   14    54.182202   41.598756   54.182202    3.628080    0.00000000   0.0000   0.8415 13-[ 7, 0, 7]
 168   14    72.250820   59.667375   72.250820    4.089649    0.00000000   0.0000   0.8414 13-[ 9, 1, 6]
 169   15    59.058022   46.474576   59.058022    3.758223    0.00000000   0.0000   0.8874 15+[ 8, 1, 7]
 170   15    61.741173   49.157727   61.741173    3.827954    0.00000000   0.0000   0.8234 15+[ 8, 0, 8]
 171   16    49.253502   36.670057   49.253502    3.491599    0.00000000   0.0000   0.9585 15-[ 7, 0, 7]
 172   16    72.293750   59.710304   72.293750    4.090683    0.00000000   0.0000   0.9314 15-[ 9, 0, 7]
 173   17    58.924633   46.341187   58.924633    3.754723    0.00000000   0.0000   0.9191 17+[ 8, 0, 8]
#all active are  173 q.p. states out of  286
#since the cut off is pwi=  60.0
#check: number of protons =  20.0


 #canonical s.p. energies protons 
 ---------------------------------


  labels -> {2*omega}{parity}[nn=nz+2*nr+nl,nz,nl]
  cqpe   -> canonical q.p. energies
  ce     -> canonical s.p. energies
  fermi energy=  -13.743648503027870     
  average cdelt=  -8.8166003912716789E-006
  k0      ceqp        ce         v*v       u*v        cdel     overl      labels
   1  -11.330001  -13.836889   1.00000000   0.00000355  -0.0000   0.7677  1+[ 2, 1, 1]
   2  -10.311555  -14.855336   1.00000000   0.00000171  -0.0000   0.7382  1+[ 2, 0, 0]
   3   -4.758568  -20.408323   1.00000000   0.00000059  -0.0000   0.6338  1+[ 2, 2, 0]
   4    2.167844    2.167844   0.00000000   0.00000027  -0.0000   0.5946  1+[ 4, 2, 0]
   5    7.111516    7.111516   0.00000000   0.00000016  -0.0000   0.5254  1+[ 4, 4, 0]
   6    8.668394    8.668394   0.00000000   0.00000018  -0.0000   0.5235  1+[ 4, 0, 0]
   7    9.287430    9.287430   0.00000000   0.00000012  -0.0000   0.4794  1+[ 4, 1, 1]
   8   11.462013   11.462013   0.00000000   0.00000013  -0.0000   0.5009  1+[ 4, 2, 0]
   9   16.584012  -41.750903   1.00000000   0.00000019  -0.0000   0.9713  1+[ 0, 0, 0]
  10   22.741367   22.741367   0.00000000   0.00000007  -0.0000   0.3409  1+[ 8, 8, 0]
  11   23.365476   23.365476   0.00000000   0.00000007  -0.0000   0.3469  1+[ 6, 5, 1]
  12   24.570862   24.570862   0.00000000   0.00000009  -0.0000   0.3195  1+[ 4, 4, 0]
  13   24.631675   24.631675   0.00000000   0.00000008  -0.0000   0.3779  1+[ 8, 0, 0]
  14   25.025819   25.025819   0.00000000   0.00000007  -0.0000   0.4979  1+[ 6, 4, 0]
  15   26.839998   26.839998   0.00000000   0.00000007  -0.0000   0.3116  1+[ 8, 1, 1]
  16   30.156447   30.156447   0.00000000   0.00000003  -0.0000   0.4411  1+[ 6, 3, 1]
  17   40.708935   40.708935   0.00000000   0.00000005  -0.0000   0.3767  1+[ 8, 2, 0]
  18   45.413896   45.413896   0.00000000   0.00000005  -0.0000   0.3020  1+[ 6, 5, 1]
  19   46.288390   46.288390   0.00000000   0.00000002  -0.0000   0.4578  1+[ 8, 4, 0]
  20   48.328632   48.328632   0.00000000   0.00000006  -0.0000   0.3653  1+[ 6, 6, 0]
  21   49.118833   49.118833   0.00000000   0.00000001  -0.0000   0.4262  1+[ 8, 4, 0]
  22   50.177179   50.177179   0.00000000   0.00000005  -0.0000   0.3493  1+[ 6, 3, 1]
  23   51.175541   51.175541   0.00000000   0.00000006  -0.0000   0.4569  1+[ 6, 0, 0]
  24   51.595359   51.595359   0.00000000   0.00000006  -0.0000   0.3475  1+[ 6, 3, 1]
  25   52.307110   52.307110   0.00000000   0.00000005  -0.0000   0.3699  1+[ 6, 1, 1]
  26    0.000000    0.000000   0.00000000   0.00000000  -0.0000   0.0000  1+[10, 0, 0]
  27    0.000000    0.000000   0.00000000   0.00000000  -0.0000   0.0000  1+[10, 0, 0]
  28    0.000000    0.000000   0.00000000   0.00000000  -0.0000   0.0000  1+[10, 0, 0]
  29    0.000000    0.000000   0.00000000   0.00000000  -0.0000   0.0000  1+[10, 0, 0]
  30    0.000000    0.000000   0.00000000   0.00000000  -0.0000   0.0000  1+[10, 0, 0]
  31    0.000000    0.000000   0.00000000   0.00000000  -0.0000   0.0000  1+[10, 0, 0]
  32    0.000000    0.000000   0.00000000   0.00000000  -0.0000   0.0000  1+[10, 0, 0]
  33    0.000000    0.000000   0.00000000   0.00000000  -0.0000   0.0000  1+[10, 0, 0]
  34    0.000000    0.000000   0.00000000   0.00000000  -0.0000   0.0000  1+[10, 0, 0]
  35    0.000000    0.000000   0.00000000   0.00000000  -0.0000   0.0000  1+[10, 0, 0]
  36    0.000000    0.000000   0.00000000   0.00000000  -0.0000   0.0000  1+[10, 0, 0]
  37   -9.191554   -9.191554   0.00000000   0.00000127  -0.0000   0.5665  1-[ 3, 2, 1]
  38   -3.697641   -3.697641   0.00000000   0.00000035  -0.0000   0.5893  1-[ 3, 3, 0]
  39   -1.493252   -1.493252   0.00000000   0.00000028  -0.0000   0.6572  1-[ 3, 0, 1]
  40   -0.318396   -0.318396   0.00000000   0.00000033  -0.0000   0.6380  1-[ 3, 2, 1]
  41    2.735827  -27.902718   1.00000000   0.00000031  -0.0000   0.8113  1-[ 1, 0, 1]
  42    6.204662  -31.371552   1.00000000   0.00000027  -0.0000   0.8049  1-[ 1, 1, 0]
  43   13.967153   13.967153   0.00000000   0.00000013  -0.0000   0.5758  1-[ 5, 3, 0]
  44   16.501591   16.501591   0.00000000   0.00000015  -0.0000   0.4653  1-[ 5, 5, 0]
  45   16.765666   16.765666   0.00000000   0.00000010  -0.0000   0.5029  1-[ 5, 1, 0]
  46   17.666481   17.666481   0.00000000   0.00000012  -0.0000   0.4172  1-[ 5, 0, 1]
  47   19.337808   19.337808   0.00000000   0.00000009  -0.0000   0.4079  1-[ 5, 4, 1]
  48   21.951549   21.951549   0.00000000   0.00000007  -0.0000   0.4833  1-[ 5, 2, 1]
  49   33.544080   33.544080   0.00000000   0.00000006  -0.0000   0.3810  1-[ 7, 6, 1]
  50   36.020351   36.020351   0.00000000   0.00000006  -0.0000   0.3054  1-[ 7, 4, 1]
  51   36.580129   36.580129   0.00000000   0.00000004  -0.0000   0.4631  1-[ 7, 3, 0]
  52   38.946562   38.946562   0.00000000   0.00000007  -0.0000   0.3295  1-[ 5, 5, 0]
  53   40.527126   40.527126   0.00000000   0.00000006  -0.0000   0.3553  1-[ 5, 4, 1]
  54   41.114608   41.114608   0.00000000   0.00000007  -0.0000   0.4531  1-[ 5, 0, 1]
  55   41.206825   41.206825   0.00000000   0.00000007  -0.0000   0.3608  1-[ 7, 2, 1]
  56   41.542861   41.542861   0.00000000   0.00000002  -0.0000   0.4740  1-[ 7, 4, 1]
  57   59.634020   59.634020   0.00000000   0.00000005  -0.0000   0.4336  1-[ 9, 7, 0]
  58    0.000000    0.000000   0.00000000   0.00000000  -0.0000   0.0000  1-[ 9, 1, 0]
  59    0.000000    0.000000   0.00000000   0.00000000  -0.0000   0.0000  1-[ 9, 1, 0]
  60    0.000000    0.000000   0.00000000   0.00000000  -0.0000   0.0000  1-[ 9, 1, 0]
  61    0.000000    0.000000   0.00000000   0.00000000  -0.0000   0.0000  1-[ 9, 1, 0]
  62    0.000000    0.000000   0.00000000   0.00000000  -0.0000   0.0000  1-[ 9, 1, 0]
  63    0.000000    0.000000   0.00000000   0.00000000  -0.0000   0.0000  1-[ 9, 1, 0]
  64    0.000000    0.000000   0.00000000   0.00000000  -0.0000   0.0000  1-[ 9, 1, 0]
  65    0.000000    0.000000   0.00000000   0.00000000  -0.0000   0.0000  1-[ 9, 1, 0]
  66    0.000000    0.000000   0.00000000   0.00000000  -0.0000   0.0000  1-[ 9, 1, 0]
  67  -11.423242  -13.743649   1.00000000   0.00000388  -0.0000   0.8709  3+[ 2, 0, 2]
  68   -4.877185  -20.289706   1.00000000   0.00000061  -0.0000   0.8707  3+[ 2, 1, 1]
  69    2.241143    2.241143   0.00000000   0.00000026  -0.0000   0.6177  3+[ 4, 3, 1]
  70    7.252626    7.252626   0.00000000   0.00000016  -0.0000   0.5794  3+[ 4, 1, 1]
  71    9.348799    9.348799   0.00000000   0.00000012  -0.0000   0.6640  3+[ 4, 0, 2]
  72   11.551629   11.551629   0.00000000   0.00000013  -0.0000   0.6847  3+[ 4, 2, 2]
  73   22.809898   22.809898   0.00000000   0.00000008  -0.0000   0.3217  3+[ 6, 3, 1]
  74   23.384803   23.384803   0.00000000   0.00000007  -0.0000   0.4353  3+[ 6, 5, 1]
  75   24.660469   24.660469   0.00000000   0.00000007  -0.0000   0.4529  3+[ 8, 0, 2]
  76   25.060103   25.060103   0.00000000   0.00000007  -0.0000   0.5777  3+[ 6, 3, 1]
  77   26.875019   26.875019   0.00000000   0.00000007  -0.0000   0.3139  3+[ 4, 2, 2]
  78   30.181959   30.181959   0.00000000   0.00000003  -0.0000   0.4239  3+[ 6, 4, 2]
  79   40.725528   40.725528   0.00000000   0.00000005  -0.0000   0.3673  3+[ 8, 7, 1]
  80   45.444459   45.444459   0.00000000   0.00000006  -0.0000   0.3744  3+[ 6, 5, 1]
  81   46.305144   46.305144   0.00000000   0.00000002  -0.0000   0.4628  3+[ 8, 5, 1]
  82   48.374838   48.374838   0.00000000   0.00000006  -0.0000   0.3828  3+[ 6, 3, 1]
  83   49.131237   49.131237   0.00000000   0.00000001  -0.0000   0.4947  3+[ 8, 4, 2]
  84   50.199395   50.199395   0.00000000   0.00000005  -0.0000   0.3424  3+[ 6, 4, 2]
  85   51.634237   51.634237   0.00000000   0.00000006  -0.0000   0.5451  3+[ 6, 0, 2]
  86   52.355841   52.355841   0.00000000   0.00000005  -0.0000   0.3896  3+[ 6, 4, 2]
  87    0.000000    0.000000   0.00000000   0.00000000  -0.0000   0.0000  3+[10, 1, 1]
  88    0.000000    0.000000   0.00000000   0.00000000  -0.0000   0.0000  3+[10, 1, 1]
  89    0.000000    0.000000   0.00000000   0.00000000  -0.0000   0.0000  3+[10, 1, 1]
  90    0.000000    0.000000   0.00000000   0.00000000  -0.0000   0.0000  3+[10, 1, 1]
  91    0.000000    0.000000   0.00000000   0.00000000  -0.0000   0.0000  3+[10, 1, 1]
  92    0.000000    0.000000   0.00000000   0.00000000  -0.0000   0.0000  3+[10, 1, 1]
  93    0.000000    0.000000   0.00000000   0.00000000  -0.0000   0.0000  3+[10, 1, 1]
  94    0.000000    0.000000   0.00000000   0.00000000  -0.0000   0.0000  3+[10, 1, 1]
  95    0.000000    0.000000   0.00000000   0.00000000  -0.0000   0.0000  3+[10, 1, 1]
  96    0.000000    0.000000   0.00000000   0.00000000  -0.0000   0.0000  3+[10, 1, 1]
  97   -9.091912   -9.091912   0.00000000   0.00000124  -0.0000   0.7436  3-[ 3, 2, 1]
  98   -3.606913   -3.606913   0.00000000   0.00000035  -0.0000   0.8194  3-[ 3, 0, 1]
  99   -0.161064   -0.161064   0.00000000   0.00000032  -0.0000   0.8125  3-[ 3, 1, 2]
 100    6.128485  -31.295376   1.00000000   0.00000028  -0.0000   0.9733  3-[ 1, 0, 1]
 101   14.023676   14.023676   0.00000000   0.00000013  -0.0000   0.5787  3-[ 5, 2, 1]
 102   16.553230   16.553230   0.00000000   0.00000015  -0.0000   0.5855  3-[ 5, 0, 1]
 103   16.806153   16.806153   0.00000000   0.00000009  -0.0000   0.5033  3-[ 5, 4, 1]
 104   19.424343   19.424343   0.00000000   0.00000009  -0.0000   0.5009  3-[ 5, 1, 2]
 105   22.004270   22.004270   0.00000000   0.00000007  -0.0000   0.5566  3-[ 5, 3, 2]
 106   33.561715   33.561715   0.00000000   0.00000006  -0.0000   0.4519  3-[ 7, 6, 1]
 107   36.066498   36.066498   0.00000000   0.00000006  -0.0000   0.3857  3-[ 7, 4, 1]
 108   36.607764   36.607764   0.00000000   0.00000004  -0.0000   0.5015  3-[ 7, 4, 1]
 109   38.985393   38.985393   0.00000000   0.00000007  -0.0000   0.5147  3-[ 5, 0, 1]
 110   40.615304   40.615304   0.00000000   0.00000006  -0.0000   0.4227  3-[ 5, 1, 2]
 111   41.231358   41.231358   0.00000000   0.00000007  -0.0000   0.3553  3-[ 7, 1, 2]
 112   41.562681   41.562681   0.00000000   0.00000002  -0.0000   0.4884  3-[ 7, 3, 2]
 113   59.641553   59.641553   0.00000000   0.00000005  -0.0000   0.4532  3-[ 9, 2, 1]
 114    0.000000    0.000000   0.00000000   0.00000000  -0.0000   0.0000  3-[ 9, 0, 1]
 115    0.000000    0.000000   0.00000000   0.00000000  -0.0000   0.0000  3-[ 9, 0, 1]
 116    0.000000    0.000000   0.00000000   0.00000000  -0.0000   0.0000  3-[ 9, 0, 1]
 117    0.000000    0.000000   0.00000000   0.00000000  -0.0000   0.0000  3-[ 9, 0, 1]
 118    0.000000    0.000000   0.00000000   0.00000000  -0.0000   0.0000  3-[ 9, 0, 1]
 119    0.000000    0.000000   0.00000000   0.00000000  -0.0000   0.0000  3-[ 9, 0, 1]
 120    0.000000    0.000000   0.00000000   0.00000000  -0.0000   0.0000  3-[ 9, 0, 1]
 121    0.000000    0.000000   0.00000000   0.00000000  -0.0000   0.0000  3-[ 9, 0, 1]
 122   -4.894491  -20.272400   1.00000000   0.00000061  -0.0000   0.9732  5+[ 2, 0, 2]
 123    2.350201    2.350201   0.00000000   0.00000026  -0.0000   0.7967  5+[ 4, 2, 2]
 124    7.233227    7.233227   0.00000000   0.00000016  -0.0000   0.7870  5+[ 4, 0, 2]
 125   11.666870   11.666870   0.00000000   0.00000013  -0.0000   0.7906  5+[ 4, 1, 3]
 126   22.802417   22.802417   0.00000000   0.00000008  -0.0000   0.5323  5+[ 8, 0, 2]
 127   23.418952   23.418952   0.00000000   0.00000007  -0.0000   0.4491  5+[ 6, 4, 2]
 128   25.125085   25.125085   0.00000000   0.00000007  -0.0000   0.5524  5+[ 6, 2, 2]
 129   26.911622   26.911622   0.00000000   0.00000008  -0.0000   0.4229  5+[ 6, 1, 3]
 130   30.228697   30.228697   0.00000000   0.00000003  -0.0000   0.5510  5+[ 6, 3, 3]
 131   40.754822   40.754822   0.00000000   0.00000005  -0.0000   0.4623  5+[ 8, 6, 2]
 132   45.484286   45.484286   0.00000000   0.00000006  -0.0000   0.3781  5+[ 6, 4, 2]
 133   46.336912   46.336912   0.00000000   0.00000002  -0.0000   0.5235  5+[ 8, 4, 2]
 134   48.381486   48.381486   0.00000000   0.00000006  -0.0000   0.5933  5+[ 6, 0, 2]
 135   49.154773   49.154773   0.00000000   0.00000001  -0.0000   0.5026  5+[ 8, 3, 3]
 136   50.237009   50.237009   0.00000000   0.00000005  -0.0000   0.4392  5+[ 6, 3, 3]
 137   52.392889   52.392889   0.00000000   0.00000005  -0.0000   0.5293  5+[ 6, 1, 3]
 138    0.000000    0.000000   0.00000000   0.00000000  -0.0000   0.0000  5+[10, 0, 2]
 139    0.000000    0.000000   0.00000000   0.00000000  -0.0000   0.0000  5+[10, 0, 2]
 140    0.000000    0.000000   0.00000000   0.00000000  -0.0000   0.0000  5+[10, 0, 2]
 141    0.000000    0.000000   0.00000000   0.00000000  -0.0000   0.0000  5+[10, 0, 2]
 142    0.000000    0.000000   0.00000000   0.00000000  -0.0000   0.0000  5+[10, 0, 2]
 143    0.000000    0.000000   0.00000000   0.00000000  -0.0000   0.0000  5+[10, 0, 2]
 144    0.000000    0.000000   0.00000000   0.00000000  -0.0000   0.0000  5+[10, 0, 2]
 145    0.000000    0.000000   0.00000000   0.00000000  -0.0000   0.0000  5+[10, 0, 2]
 146    0.000000    0.000000   0.00000000   0.00000000  -0.0000   0.0000  5+[10, 0, 2]
 147   -8.991135   -8.991135   0.00000000   0.00000121  -0.0000   0.9037  5-[ 3, 1, 2]
 148   -0.170357   -0.170357   0.00000000   0.00000033  -0.0000   0.8790  5-[ 3, 0, 3]
 149   14.121005   14.121005   0.00000000   0.00000013  -0.0000   0.6862  5-[ 5, 3, 2]
 150   16.876570   16.876570   0.00000000   0.00000009  -0.0000   0.6076  5-[ 5, 1, 2]
 151   19.412153   19.412153   0.00000000   0.00000009  -0.0000   0.6268  5-[ 5, 0, 3]
 152   22.095159   22.095159   0.00000000   0.00000007  -0.0000   0.6934  5-[ 5, 2, 3]
 153   33.590143   33.590143   0.00000000   0.00000006  -0.0000   0.5146  5-[ 7, 5, 2]
 154   36.111906   36.111906   0.00000000   0.00000006  -0.0000   0.4328  5-[ 7, 3, 2]
 155   36.658554   36.658554   0.00000000   0.00000004  -0.0000   0.5398  5-[ 7, 3, 2]
 156   40.619029   40.619029   0.00000000   0.00000006  -0.0000   0.5374  5-[ 5, 0, 3]
 157   41.264920   41.264920   0.00000000   0.00000007  -0.0000   0.4120  5-[ 5, 2, 3]
 158   41.600670   41.600670   0.00000000   0.00000002  -0.0000   0.5489  5-[ 7, 4, 3]
 159   59.653239   59.653239   0.00000000   0.00000005  -0.0000   0.5006  5-[ 9, 7, 2]
 160    0.000000    0.000000   0.00000000   0.00000000  -0.0000   0.0000  5-[ 9, 1, 2]
 161    0.000000    0.000000   0.00000000   0.00000000  -0.0000   0.0000  5-[ 9, 1, 2]
 162    0.000000    0.000000   0.00000000   0.00000000  -0.0000   0.0000  5-[ 9, 1, 2]
 163    0.000000    0.000000   0.00000000   0.00000000  -0.0000   0.0000  5-[ 9, 1, 2]
 164    0.000000    0.000000   0.00000000   0.00000000  -0.0000   0.0000  5-[ 9, 1, 2]
 165    0.000000    0.000000   0.00000000   0.00000000  -0.0000   0.0000  5-[ 9, 1, 2]
 166    0.000000    0.000000   0.00000000   0.00000000  -0.0000   0.0000  5-[ 9, 1, 2]
 167    2.422527    2.422527   0.00000000   0.00000026  -0.0000   0.9204  7+[ 4, 1, 3]
 168   11.593298   11.593298   0.00000000   0.00000013  -0.0000   0.8378  7+[ 4, 0, 4]
 169   23.439149   23.439149   0.00000000   0.00000007  -0.0000   0.5897  7+[ 6, 1, 3]
 170   25.207884   25.207884   0.00000000   0.00000007  -0.0000   0.7138  7+[ 6, 3, 3]
 171   26.895555   26.895555   0.00000000   0.00000008  -0.0000   0.5426  7+[ 8, 0, 4]
 172   30.282153   30.282153   0.00000000   0.00000003  -0.0000   0.6479  7+[ 6, 2, 4]
 173   40.788337   40.788337   0.00000000   0.00000005  -0.0000   0.4846  7+[ 8, 5, 3]
 174   45.505865   45.505865   0.00000000   0.00000006  -0.0000   0.5082  7+[ 6, 1, 3]
 175   46.380583   46.380583   0.00000000   0.00000002  -0.0000   0.5314  7+[ 8, 3, 3]
 176   49.186294   49.186294   0.00000000   0.00000001  -0.0000   0.5632  7+[ 8, 4, 4]
 177   50.274155   50.274155   0.00000000   0.00000005  -0.0000   0.5154  7+[ 6, 2, 4]
 178   52.392786   52.392786   0.00000000   0.00000006  -0.0000   0.6264  7+[ 6, 0, 4]
 179    0.000000    0.000000   0.00000000   0.00000000  -0.0000   0.0000  7+[10, 1, 3]
 180    0.000000    0.000000   0.00000000   0.00000000  -0.0000   0.0000  7+[10, 1, 3]
 181    0.000000    0.000000   0.00000000   0.00000000  -0.0000   0.0000  7+[10, 1, 3]
 182    0.000000    0.000000   0.00000000   0.00000000  -0.0000   0.0000  7+[10, 1, 3]
 183    0.000000    0.000000   0.00000000   0.00000000  -0.0000   0.0000  7+[10, 1, 3]
 184    0.000000    0.000000   0.00000000   0.00000000  -0.0000   0.0000  7+[10, 1, 3]
 185    0.000000    0.000000   0.00000000   0.00000000  -0.0000   0.0000  7+[10, 1, 3]
 186    0.000000    0.000000   0.00000000   0.00000000  -0.0000   0.0000  7+[10, 1, 3]
 187   -9.026450   -9.026450   0.00000000   0.00000123  -0.0000   0.9774  7-[ 3, 0, 3]
 188   14.219811   14.219811   0.00000000   0.00000013  -0.0000   0.8257  7-[ 5, 2, 3]
 189   16.833533   16.833533   0.00000000   0.00000010  -0.0000   0.7505  7-[ 5, 0, 3]
 190   22.161139   22.161139   0.00000000   0.00000007  -0.0000   0.7723  7-[ 5, 1, 4]
 191   33.615822   33.615822   0.00000000   0.00000006  -0.0000   0.4863  7-[ 7, 2, 3]
 192   36.110069   36.110069   0.00000000   0.00000006  -0.0000   0.5581  7-[ 7, 0, 3]
 193   36.727059   36.727059   0.00000000   0.00000004  -0.0000   0.6235  7-[ 7, 4, 3]
 194   41.280732   41.280732   0.00000000   0.00000007  -0.0000   0.5228  7-[ 7, 1, 4]
 195   41.650827   41.650827   0.00000000   0.00000002  -0.0000   0.6609  7-[ 7, 3, 4]
 196   59.663216   59.663216   0.00000000   0.00000005  -0.0000   0.5710  7-[ 9, 6, 3]
 197    0.000000    0.000000   0.00000000   0.00000000  -0.0000   0.0000  7-[ 9, 0, 3]
 198    0.000000    0.000000   0.00000000   0.00000000  -0.0000   0.0000  7-[ 9, 0, 3]
 199    0.000000    0.000000   0.00000000   0.00000000  -0.0000   0.0000  7-[ 9, 0, 3]
 200    0.000000    0.000000   0.00000000   0.00000000  -0.0000   0.0000  7-[ 9, 0, 3]
 201    0.000000    0.000000   0.00000000   0.00000000  -0.0000   0.0000  7-[ 9, 0, 3]
 202    0.000000    0.000000   0.00000000   0.00000000  -0.0000   0.0000  7-[ 9, 0, 3]
 203    2.337175    2.337175   0.00000000   0.00000027  -0.0000   0.9779  9+[ 4, 0, 4]
 204   23.409475   23.409475   0.00000000   0.00000007  -0.0000   0.7008  9+[ 6, 0, 4]
 205   25.280242   25.280242   0.00000000   0.00000007  -0.0000   0.8350  9+[ 6, 2, 4]
 206   30.304087   30.304087   0.00000000   0.00000003  -0.0000   0.7083  9+[ 6, 1, 5]
 207   40.813649   40.813649   0.00000000   0.00000005  -0.0000   0.5104  9+[ 8, 2, 4]
 208   45.504970   45.504970   0.00000000   0.00000006  -0.0000   0.6035  9+[ 6, 0, 4]
 209   46.431506   46.431506   0.00000000   0.00000002  -0.0000   0.6356  9+[ 8, 4, 4]
 210   49.219252   49.219252   0.00000000   0.00000001  -0.0000   0.6736  9+[ 8, 3, 5]
 211   50.289345   50.289345   0.00000000   0.00000005  -0.0000   0.5698  9+[ 6, 1, 5]
 212    0.000000    0.000000   0.00000000   0.00000000  -0.0000   0.0000  9+[10, 0, 4]
 213    0.000000    0.000000   0.00000000   0.00000000  -0.0000   0.0000  9+[10, 0, 4]
 214    0.000000    0.000000   0.00000000   0.00000000  -0.0000   0.0000  9+[10, 0, 4]
 215    0.000000    0.000000   0.00000000   0.00000000  -0.0000   0.0000  9+[10, 0, 4]
 216    0.000000    0.000000   0.00000000   0.00000000  -0.0000   0.0000  9+[10, 0, 4]
 217    0.000000    0.000000   0.00000000   0.00000000  -0.0000   0.0000  9+[10, 0, 4]
 218    0.000000    0.000000   0.00000000   0.00000000  -0.0000   0.0000  9+[10, 0, 4]
 219   14.262735   14.262735   0.00000000   0.00000013  -0.0000   0.9304  9-[ 5, 1, 4]
 220   22.056514   22.056514   0.00000000   0.00000007  -0.0000   0.8089  9-[ 5, 0, 5]
 221   33.625090   33.625090   0.00000000   0.00000006  -0.0000   0.7020  9-[ 7, 1, 4]
 222   36.802921   36.802921   0.00000000   0.00000004  -0.0000   0.7572  9-[ 7, 3, 4]
 223   41.272896   41.272896   0.00000000   0.00000007  -0.0000   0.5982  9-[ 7, 0, 5]
 224   41.696612   41.696612   0.00000000   0.00000002  -0.0000   0.7525  9-[ 7, 2, 5]
 225   59.666097   59.666097   0.00000000   0.00000005  -0.0000   0.5700  9-[ 9, 5, 4]
 226    0.000000    0.000000   0.00000000   0.00000000  -0.0000   0.0000  9-[ 9, 1, 4]
 227    0.000000    0.000000   0.00000000   0.00000000  -0.0000   0.0000  9-[ 9, 1, 4]
 228    0.000000    0.000000   0.00000000   0.00000000  -0.0000   0.0000  9-[ 9, 1, 4]
 229    0.000000    0.000000   0.00000000   0.00000000  -0.0000   0.0000  9-[ 9, 1, 4]
 230    0.000000    0.000000   0.00000000   0.00000000  -0.0000   0.0000  9-[ 9, 1, 4]
 231   25.284135   25.284135   0.00000000   0.00000007  -0.0000   0.9052 11+[ 6, 1, 5]
 232   30.217522   30.217522   0.00000000   0.00000003  -0.0000   0.7372 11+[ 6, 0, 6]
 233   40.816859   40.816859   0.00000000   0.00000005  -0.0000   0.6821 11+[ 8, 1, 5]
 234   46.480131   46.480131   0.00000000   0.00000002  -0.0000   0.7465 11+[ 8, 3, 5]
 235   49.241758   49.241758   0.00000000   0.00000001  -0.0000   0.7525 11+[ 8, 2, 6]
 236   50.249796   50.249796   0.00000000   0.00000005  -0.0000   0.5920 11+[ 6, 0, 6]
 237    0.000000    0.000000   0.00000000   0.00000000  -0.0000   0.0000 11+[10, 1, 5]
 238    0.000000    0.000000   0.00000000   0.00000000  -0.0000   0.0000 11+[10, 1, 5]
 239    0.000000    0.000000   0.00000000   0.00000000  -0.0000   0.0000 11+[10, 1, 5]
 240    0.000000    0.000000   0.00000000   0.00000000  -0.0000   0.0000 11+[10, 1, 5]
 241    0.000000    0.000000   0.00000000   0.00000000  -0.0000   0.0000 11+[10, 1, 5]
 242    0.000000    0.000000   0.00000000   0.00000000  -0.0000   0.0000 11+[10, 1, 5]
 243   14.128977   14.128977   0.00000000   0.00000013  -0.0000   0.9779 11-[ 5, 0, 5]
 244   33.601694   33.601694   0.00000000   0.00000006  -0.0000   0.8056 11-[ 7, 0, 5]
 245   36.857585   36.857585   0.00000000   0.00000004  -0.0000   0.8600 11-[ 7, 2, 5]
 246   41.700169   41.700169   0.00000000   0.00000002  -0.0000   0.8134 11-[ 7, 1, 6]
 247   59.662776   59.662776   0.00000000   0.00000005  -0.0000   0.6603 11-[ 9, 2, 5]
 248    0.000000    0.000000   0.00000000   0.00000000  -0.0000   0.0000 11-[ 9, 0, 5]
 249    0.000000    0.000000   0.00000000   0.00000000  -0.0000   0.0000 11-[ 9, 0, 5]
 250    0.000000    0.000000   0.00000000   0.00000000  -0.0000   0.0000 11-[ 9, 0, 5]
 251    0.000000    0.000000   0.00000000   0.00000000  -0.0000   0.0000 11-[ 9, 0, 5]
 252   25.141871   25.141871   0.00000000   0.00000007  -0.0000   0.9454 13+[ 6, 0, 6]
 253   40.778206   40.778206   0.00000000   0.00000005  -0.0000   0.7673 13+[ 8, 0, 6]
 254   46.506110   46.506110   0.00000000   0.00000002  -0.0000   0.8318 13+[ 8, 2, 6]
 255   49.233805   49.233805   0.00000000   0.00000001  -0.0000   0.7989 13+[ 8, 1, 7]
 256    0.000000    0.000000   0.00000000   0.00000000  -0.0000   0.0000 13+[10, 0, 6]
 257    0.000000    0.000000   0.00000000   0.00000000  -0.0000   0.0000 13+[10, 0, 6]
 258    0.000000    0.000000   0.00000000   0.00000000  -0.0000   0.0000 13+[10, 0, 6]
 259    0.000000    0.000000   0.00000000   0.00000000  -0.0000   0.0000 13+[10, 0, 6]
 260    0.000000    0.000000   0.00000000   0.00000000  -0.0000   0.0000 13+[10, 0, 6]
 261   36.836306   36.836306   0.00000000   0.00000004  -0.0000   0.9229 13-[ 7, 1, 6]
 262   41.598756   41.598756   0.00000000   0.00000002  -0.0000   0.8415 13-[ 7, 0, 7]
 263   59.667375   59.667375   0.00000000   0.00000005  -0.0000   0.8414 13-[ 9, 1, 6]
 264    0.000000    0.000000   0.00000000   0.00000000  -0.0000   0.0000 13-[ 9, 1, 6]
 265    0.000000    0.000000   0.00000000   0.00000000  -0.0000   0.0000 13-[ 9, 1, 6]
 266    0.000000    0.000000   0.00000000   0.00000000  -0.0000   0.0000 13-[ 9, 1, 6]
 267   46.474576   46.474576   0.00000000   0.00000002  -0.0000   0.8874 15+[ 8, 1, 7]
 268   49.157727   49.157727   0.00000000   0.00000001  -0.0000   0.8234 15+[ 8, 0, 8]
 269    0.000000    0.000000   0.00000000   0.00000000  -0.0000   0.0000 15+[10, 1, 7]
 270    0.000000    0.000000   0.00000000   0.00000000  -0.0000   0.0000 15+[10, 1, 7]
 271    0.000000    0.000000   0.00000000   0.00000000  -0.0000   0.0000 15+[10, 1, 7]
 272    0.000000    0.000000   0.00000000   0.00000000  -0.0000   0.0000 15+[10, 1, 7]
 273   36.670057   36.670057   0.00000000   0.00000004  -0.0000   0.9585 15-[ 7, 0, 7]
 274   59.710304   59.710304   0.00000000   0.00000005  -0.0000   0.9314 15-[ 9, 0, 7]
 275    0.000000    0.000000   0.00000000   0.00000000  -0.0000   0.0000 15-[ 9, 0, 7]
 276    0.000000    0.000000   0.00000000   0.00000000  -0.0000   0.0000 15-[ 9, 0, 7]
 277   46.341187   46.341187   0.00000000   0.00000002  -0.0000   0.9191 17+[ 8, 0, 8]
 278    0.000000    0.000000   0.00000000   0.00000000  -0.0000   0.0000 17+[10, 0, 8]
 279    0.000000    0.000000   0.00000000   0.00000000  -0.0000   0.0000 17+[10, 0, 8]
 280    0.000000    0.000000   0.00000000   0.00000000  -0.0000   0.0000 17+[10, 0, 8]
  Sum canonical e_v*V^2_k=  -471.45370443631612     

  NB! From expect (UNPROJECTED RESULTS)

  pairing: CpV0,CpV1,...        -280.000000    -280.000000       0.500000       0.500000
  forces:   SKM*                          
  Blocked neutron block       6


                             neutrons         protons         total
  Requested part.numbs.      27.000000      20.000000      47.000000
  UnPj(av) part.numbs .      27.000000      20.000000      47.000000
  b0, bz, bp ..........       1.750004       1.750004       1.750004

  lambda (ala) ........      -8.161777     -12.583445
  Lambda (alast) ......     -10.222255     -13.743649
  delta(n,p), pwi .....       0.000059      -0.000009      60.000000
  pairing energy ......      -0.000000      -0.000000      -0.000000

  rms-radius ..........       3.572603       3.442320       3.517754
  charge-radius, r0 ...                      3.534803       4.361089
  deformation beta2....       0.007045       0.003790       0.005719
  dipole moment[fm] ...       0.000000       0.000000       0.000000
  quadrupole moment[b]        0.030629       0.011332       0.041961
  octupole moment .....       0.000000       0.000000       0.000000
  hexadecapole moment .       0.005324       0.001483       0.006806
  q5 ..................       0.000000       0.000000       0.000000
  q6 ..................      -0.000294      -0.000023      -0.000317
  q7 ..................       0.000000       0.000000       0.000000
  q8 ..................       0.000002       0.000001       0.000003

  <Jx^2> from rho .....       0.009145       0.004284       0.013430
  <Jx^2> from kappa ...      -0.000000      -0.000000      -0.000000
  <J^2> = 2*<Jx^2> ....       0.018290       0.008569       0.026859

  kinetic energy ......     494.882381     310.639079     805.521460
  volume energy .......                                 -1373.104095
        rho_tau .......                                   140.264709
        rho_rho .......                                 -1513.368804
  surface energy ......                                   117.796054
   rho_DELTA_rho ......                                   117.796054
   (NABLA_rho)^2 ......                                     0.000000
  spin-orbit energy ...                                   -30.930349
        rho_NABLA_J ...                                   -30.930349
        NABLA_rho_J ...                                     0.000000
  coulomb energy ......                                    71.428545
          direct ......                                    78.868957
          exchange ....                                    -7.440412
          pairing .....                                     0.000000
  tensor energy .......                                     0.000000
  direct Hartree E  ...                                     0.000000
  Extra E .............                                     0.000000
  External field E ....                                     0.000000
  Entropy .............       0.000000       0.000000       0.000000

  tEnergy: ehfb (qp)...                                  -409.288385

  Calculated but not added corrections
  ====================================
  cmc-diagonal part ...      10.758313       6.753023      17.511336
  cmc-hfb .............       0.000000       0.000000       0.000000
  cranking rot corr ...       0.000000       0.000000       0.000000

  SQUJ ................       0.000000       0.000000       0.000000
  CRAN x 4 ............       0.000000       0.000000       0.000000
  Rigit Body ..........       0.000000       0.000000       0.000000


   Blocking candidates are:
   neutron eqpmin=   2.0604779699346558       pwiblo=   1.0000000000000000     
    num=   3 block=   6 state=   1   102 Eqp=   2.25303797  (1-2N)E=   0.00000000  overl=   0.90750536  5-[ 3, 1, 2]

   Blocking candidates are:
   proton  eqpmin=   1.1602030975730400       pwiblo=   1.0000000000000000     


Distributed parallelism with MPI     : 1 tasks/HFBTHO
Multi-threading framework with OpenMP: 4 threads/task

  ==========================================
           FORTRAN 95 CODE (KIND= 8) 
 git: parent: 3cae9cc3ec7a0c93cd724b300dc0d972f613f33e
  ==========================================
       AXIALLY DEFORMED CONFIGURATIONAL     
     HARTREE-FOCK-BOGOLIUBOV CALCULATIONS   
                     WITH                   
      SKYRME+DELTA PAIRING OR GOGNY EDFs    
                  USING THE                 
             HARMONIC-OSCILLATOR            
                    AND/OR                  
        TRANSFORMED HARMONIC-OSCILLATOR     
                    BASIS                   
                     ---                    
                v1.66  (2005)               
    Stoitsov, Dobaczewski, Nazarewicz, Ring 
                v2.00d (2012)               
        Stoitsov, Schunck, Kortelainen      
                v3.00  (2016)               
            Schunck, Navarro Perez          
  ==========================================
    Nucleus: Ca (A=  47, N= 27, Z= 20)
       Reflection Symmetry Imposed       
            (10/12/2021,  8: 3)                               
  ==========================================


  ---------------------------------------
           UNEDF Module Version: 17
         M.Kortelainen & M.Stoitsov 
  ---------------------------------------

  SKM* functional
  ----------------------------------------
  Crho(0)=   -991.875000000000000    ; Crho(1)=    390.137499999999989    
  CDrho(0)=   974.687500000000000    ; CDrho(1)=  -324.895833333333314    
  Ctau(0)=    34.6875000000000000    ; Ctau(1)=   -34.0625000000000000    
  CrDr(0)=   -68.2031250000000000    ; CrDr(1)=    17.1093750000000000    
  CrdJ(0)=   -97.5000000000000000    ; CrdJ(1)=   -32.5000000000000000    
  CJ(0)=      34.0625000000000000    ; CJ(1)=      34.0625000000000000    
  CpV0(0)=   -280.000000000000000    ; CpV0(1)=   -280.000000000000000    
  CpV1(0)=   0.500000000000000000    ; CpV1(1)=   0.500000000000000000    
  sigma=     0.166666666666666657    ; hbzero=     20.7300000000000004    
  functional has DME couplings: F
  use 3-Nucleon DME couplings: F
  e^2 chrg=   1.43997840859651349    ; CExPar=     1.00000000000000000    
  c.m. correction: T, chr. density in direct Coul: F
  use tensor terms: F

  Coupling constants in natural units
  ----------------------------------------
  Crho_nu(0)=   -1.11697019706649536    ; Crho_nu(1)=   0.439341610846154806    
  CDrho_nu(0)=   1.05494661920042820    ; CDrho_nu(1)= -0.351648873066809420    
  Ctau_nu(0)=   0.491699256216479808    ; Ctau_nu(1)=  -0.482839810158525229    
  CrDr_nu(0)=  -0.966787051074294745    ; CrDr_nu(1)=   0.242527335836506930    
  CrdJ_nu(0)=   -1.38207358504091626    ; CrdJ_nu(1)=  -0.460691195013638755    
  CJ_nu(0)=     0.482839810158525229    ; CJ_nu(1)=     0.482839810158525229    
  CpV0_nu(0)=  -0.315313577999867589    ; CpV0_nu(1)=  -0.315313577999867589    
  CpV1_nu(0)=   0.443851127103029534E-03; CpV1_nu(1)=   0.443851127103029534E-03
  fpi_nu=        93.0000000000000000    ; Lambda_nu=     700.000000000000000    

  Nuclear matter properties
  ----------------------------------------
  E_NM=      -15.7762359616147627    ; K_NM=        216.657542303868979    
  P_NM=     -0.730495530692525363E-15; RHO_NM=     0.160318515964671449    
  ASS_NM=     30.0323865018228560    ; LASS_NM=     45.7703887670942962    
  SMASS_NM=   1.26826090316085582    ; VMASS_NM=    1.53168827653502970    

  Associated (t,x)-coupling constants
  ----------------------------------------
  t0=      -2645.00000000000000    ; x0=       0.899999999999999689E-01
  t1=       410.000000000000000    ; x1=        0.00000000000000000    
  t2=      -135.000000000000000    ; x2=        0.00000000000000000    
  t3=       15595.0000000000000    ; x3=       -0.00000000000000000    
  b4=       65.0000000000000000    ; b4p=       65.0000000000000000    
  te=       0.00000000000000000    ; to=        0.00000000000000000    
  sigma=   0.166666666666666657    ; hbzero=    20.7300000000000004    

  ---------------------------------------
        Characteristics of the run       
  ---------------------------------------
  Output file ................:    57
  Nucleus ....................:   Ca  47
  Number of HO shells ........:    10
  HO length b0 (fm) ..........:     1.75000371403579
  Basis deformation ..........:  beta0=   0.000 q=   1.000
  HO: b0,1/b0,bp,bz,q ........:   0.17500037E+01  0.57142736E+00  0.17500037E+01  0.17500037E+01  0.10000000E+01
  h**2/(2m_n), cmc, e**2 .....:   0.20730000E+02  0.20288936E+02  0.14399784E+01
  h**2/(2m_p), cmc, e**2 .....:   0.20730000E+02  0.20288936E+02  0.14399784E+01
  hom=f*41.0_pr*A^{-1/3}, f...:   0.13537902E+02  0.12000000E+01
  THO basis is ...............:  OFF
  Maximal number of iterations:    50
  Initial mixing parameter ...:  0.900
  Initial wave functions from :  tape
  Energy functional ..........:    SKM*                          
    direct Coulomb by substitution method, exchange Coulomb with Slater approximation
  Pairing cutoff energy ......:    60.00 MeV
  Lipkin-Nogami procedure is .:  OFF
  PAV procedure is ...........:  OFF
  Constraint calculation is ..:  OFF
  Neutron blocking is ........:   ON
  Temperature T ..............:   0.00 MeV
  Pairing regularization is ..:  OFF
  Collective inertia is ......:  OFF
  Fission fragments are ......:  OFF
  Restart indicator ..........:  -1
  Broyden mixing (#iterations):   7

  ---------------------------------------
        Harmonic Oscillator Basis        
  ---------------------------------------
  NUV, NQP:                        6222     286
  Comparison with bookkeeping spherical basis:
  n00:                               10      10  Maximal number of shells
  nbx, 2*n00+1:                      21      21  Maximal number of K-blocks
  ntx, (n00+1)*(n00+2)*(n00+3)/6    286     286  Max.num. p/n levels
  nzx, n00:                          10      10  Maximal nz-quantum number
  nrx, n00/2  :                       5       5  Maximal nr-quantum number
  nlx, n00:                          10      10  Maximal ml-quantum number
  ndx, (n00+2)*(n00+2)/4:            36      36  Maximal dim. of one k-block

  Actual basis used
  Number of blocks: nb .......:   21
  Number of levels: nt .......:  286
  Maximal 2*omega : nom ......:   21
  Maximal nz:       nzm ......:   10
  Maximal nr:       nrm ......:    5
  Maximal ml:       nlm ......:   10
  Maximal N=nz+2*nr+nl .......:   10
  2 x biggest block dim. .....:   72
  Non-zero elements of h .....:     3254
  Number of Broyden elements .:    13016

  ---------------------------------------
            Integration Meshes           
  ---------------------------------------
  Number of Gauss-Hermite mesh points ngh ....:  40
  Number of Gauss-Laguerre mesh points ngl ...:  40
  Number of Gauss-Legendre mesh points nleg ..:  80
  Integration boundaries
    Hermite  - from xh(1)  =  0.12379686 to xh(ngh)   = 11.88786356
    Laguerre - From xl(1)  =  0.03570039 to xl(ngl)   =142.28004447
    Legendre - From xleg(1)=  0.00978669 to xleg(nleg)=  0.99988775
  Max.dev.in:     Orthogonality            Normalization
  Hermite     1.5150139407621233E-015   1.0658141036401503E-014
  Laguerre    4.3068680416470186E-015   8.2156503822261584E-015

  Reading from wel_file: hfbtho_output.hel


  ### REGULAR STAGE (reflection symmetry imposed)
  |HFB+HO> iterations(b0=  1.750, Nsh= 10, inin= -1, N= 27, Z= 20)...
  ----------------------------------------------------------------------------------------------------------------------------------
  i          si     mix   beta      Etot       A       rn      rp         En      Dn      Ep      Dp        Ln      Lp     time  time(Gog.)
  ----------------------------------------------------------------------------------------------------------------------------------
   0N   0.00000479 0.52  0.000  -419.293870   48.0   3.595   3.446 |   -0.000   0.000  -0.000  -0.000 |  -10.337 -14.646   0.000   0.000
    neutron Blocking: block=  8 state=  1   Eqp=   2.19529554  Dqpe=  -0.06808284  Ovlp=   1.00000000   4/  6  7-[ 3, 0, 3]
   1B   1.15959492 0.20  0.015  -409.224817   47.0   3.575   3.446 |   -0.000   0.000  -0.000  -0.000 |  -10.337 -14.646   6.045   0.000
    neutron Blocking: block=  8 state=  1   Eqp=   2.30342007  Dqpe=   0.18270050  Ovlp=   0.99994940   4/  6  7-[ 3, 0, 3]
   2B   0.35582261 0.22  0.020  -409.350131   47.0   3.575   3.443 |   -0.000   0.000  -0.000  -0.000 |  -10.299 -13.907   0.196   0.000
    neutron Blocking: block=  8 state=  1   Eqp=   2.14095549  Dqpe=   0.06421234  Ovlp=   0.99999349   4/  6  7-[ 3, 0, 3]
   3B   0.24616098 0.24  0.025  -409.386461   47.0   3.573   3.444 |   -0.000   0.000  -0.000  -0.000 |  -10.255 -13.694   0.195   0.000
    neutron Blocking: block=  8 state=  1   Eqp=   2.11939321  Dqpe=   0.05290525  Ovlp=   0.99999811   4/  6  7-[ 3, 0, 3]
   4B   0.13376838 0.27  0.028  -409.408829   47.0   3.573   3.443 |   -0.000   0.000  -0.000  -0.000 |  -10.245 -13.577   0.196   0.000
    neutron Blocking: block=  8 state=  1   Eqp=   2.06481920  Dqpe=   0.00000000  Ovlp=   0.99999776   4/  6  7-[ 3, 0, 3]
   5B   0.11197482 0.29  0.032  -409.424402   47.0   3.573   3.443 |   -0.000   0.000  -0.000  -0.000 |  -10.233 -13.502   0.195   0.000
    neutron Blocking: block=  8 state=  1   Eqp=   1.97515976  Dqpe=   0.00000000  Ovlp=   0.99999422   4/  6  7-[ 3, 0, 3]
   6B   0.04326273 0.32  0.038  -409.436595   47.0   3.573   3.443 |   -0.000   0.000  -0.000  -0.000 |  -10.224 -13.426   0.195   0.000
    neutron Blocking: block=  8 state=  1   Eqp=   1.95496750  Dqpe=   0.00000000  Ovlp=   0.99999972   4/  6  7-[ 3, 0, 3]
   7B   0.01305098 0.35  0.040  -409.437449   47.0   3.574   3.443 |   -0.000   0.000  -0.000  -0.000 |  -10.222 -13.410   0.197   0.000
    neutron Blocking: block=  8 state=  1   Eqp=   1.95287299  Dqpe=   0.00000000  Ovlp=   1.00000000   4/  6  7-[ 3, 0, 3]
   8B   0.00611147 0.39  0.040  -409.437520   47.0   3.574   3.443 |   -0.000   0.000  -0.000  -0.000 |  -10.223 -13.409   0.196   0.000
    neutron Blocking: block=  8 state=  1   Eqp=   1.95149169  Dqpe=  -0.00000000  Ovlp=   1.00000000   4/  6  7-[ 3, 0, 3]
   9B   0.00235100 0.43  0.040  -409.437535   47.0   3.574   3.443 |   -0.000   0.000  -0.000  -0.000 |  -10.223 -13.408   0.197   0.000
    neutron Blocking: block=  8 state=  1   Eqp=   1.95094773  Dqpe=  -0.00000000  Ovlp=   1.00000000   4/  6  7-[ 3, 0, 3]
  10B   0.00077152 0.47  0.040  -409.437537   47.0   3.574   3.443 |   -0.000   0.000  -0.000  -0.000 |  -10.222 -13.408   0.195   0.000
    neutron Blocking: block=  8 state=  1   Eqp=   1.95105513  Dqpe=  -0.00000000  Ovlp=   1.00000000   4/  6  7-[ 3, 0, 3]
  11B   0.00053642 0.52  0.040  -409.437538   47.0   3.574   3.443 |   -0.000   0.000  -0.000  -0.000 |  -10.222 -13.408   0.197   0.000
    neutron Blocking: block=  8 state=  1   Eqp=   1.95099394  Dqpe=  -0.00000000  Ovlp=   1.00000000   4/  6  7-[ 3, 0, 3]
  12B   0.00007906 0.57  0.040  -409.437538   47.0   3.574   3.443 |   -0.000   0.000  -0.000  -0.000 |  -10.222 -13.408   0.195   0.000
    neutron Blocking: block=  8 state=  1   Eqp=   1.95098708  Dqpe=  -0.00000000  Ovlp=   1.00000000   4/  6  7-[ 3, 0, 3]
  13B   0.00003400 0.63  0.040  -409.437538   47.0   3.574   3.443 |   -0.000   0.000  -0.000  -0.000 |  -10.222 -13.408   0.195   0.000
    neutron Blocking: block=  8 state=  1   Eqp=   1.95099826  Dqpe=  -0.00000000  Ovlp=   1.00000000   4/  6  7-[ 3, 0, 3]
  14B   0.00001391 0.69  0.040  -409.437538   47.0   3.574   3.443 |   -0.000   0.000  -0.000  -0.000 |  -10.222 -13.408   0.196   0.000
    neutron Blocking: block=  8 state=  1   Eqp=   1.95100124  Dqpe=   0.00000000  Ovlp=   1.00000000   4/  6  7-[ 3, 0, 3]
  15B   0.00001210 0.76  0.040  -409.437538   47.0   3.574   3.443 |   -0.000   0.000  -0.000  -0.000 |  -10.222 -13.408   0.196   0.000
    neutron Blocking: block=  8 state=  1   Eqp=   1.95100659  Dqpe=   0.00000000  Ovlp=   1.00000000   4/  6  7-[ 3, 0, 3]
  16B   0.00001113 0.84  0.040  -409.437538   47.0   3.574   3.443 |   -0.000   0.000  -0.000  -0.000 |  -10.222 -13.408   0.196   0.000
    neutron Blocking: block=  8 state=  1   Eqp=   1.95101047  Dqpe=   0.00000000  Ovlp=   1.00000000   4/  6  7-[ 3, 0, 3]
  17B   0.00001008 0.90  0.040  -409.437538   47.0   3.574   3.443 |   -0.000   0.000  -0.000  -0.000 |  -10.222 -13.408   0.198   0.000
    neutron Blocking: block=  8 state=  1   Eqp=   1.95101303  Dqpe=   0.00000000  Ovlp=   1.00000000   4/  6  7-[ 3, 0, 3]
  18B   0.00000885 0.90  0.040  -409.437538   47.0   3.574   3.443 |   -0.000   0.000  -0.000  -0.000 |  -10.222 -13.408   0.197   0.000
    neutron Blocking: block=  8 state=  1   Eqp=   1.95101427  Dqpe=   0.00000000  Ovlp=   1.00000000   4/  6  7-[ 3, 0, 3]
  18N   0.00000885 0.90  0.040  -409.437538   47.0   3.574   3.443 |   -0.000   0.000  -0.000  -0.000 |  -10.222 -13.408   0.195   0.000
  ----------------------------------------------------------------------------------------------------------------------------------
  *   iteration converged   after  18 steps   si=     0.0000088525 ho=  0 tho=  0
  ----------------------------------------------------------------------------------------------------------------------------------
  Total CPU time=   0.160 minutes
    neutron Blocking: block=  8 state=  1   Eqp=   1.95101360  Dqpe=   0.00000000  Ovlp=   1.00000000   4/  6  7-[ 3, 0, 3]


 #quasiparticle energies neutrons
 --------------------------------
  eqp(k) -> q.p. energy 
  e(k)   -> referent s.p. energy 
  p(k)   -> occ.probability 
  del(k) -> referent s.p. gap 
  fermi energy alast=  -10.222037653836242     
  #k  block#    eqp(k)     e(k)       (1-2N)E      decay        p(k)        del(k)    overl      labels
   1    1     6.786724  -14.947896   -6.786724    1.716684    1.00000000   0.0001   0.7712  1+[ 2, 1, 1]
   2    1     8.459914    0.298743    8.459914    1.810215    0.00000000   0.0002   0.5892  1+[ 4, 2, 0]
   3    1     8.670171  -16.831342   -8.670171    1.821628    1.00000000   0.0002   0.7741  1+[ 2, 0, 0]
   4    1    11.750900    3.589728   11.750900    1.981338    0.00000000   0.0001   0.5387  1+[ 4, 4, 0]
   5    1    13.109833    4.948661   13.109833    2.047832    0.00000000   0.0001   0.5437  1+[ 4, 0, 0]
   6    1    13.333164  -21.494335  -13.333164    2.058554    1.00000000   0.0001   0.6549  1+[ 2, 2, 0]
   7    1    13.838098    5.676927   13.838098    2.082593    0.00000000   0.0001   0.4633  1+[ 4, 1, 1]
   8    1    17.894092    9.732921   17.894092    2.266460    0.00000000   0.0001   0.4735  1+[ 4, 3, 1]
   9    1    27.136780   18.975609   27.136780    2.638002    0.00000000   0.0001   0.3584  1+[ 8, 8, 0]
  10    1    27.844923   19.683752   27.844923    2.664332    0.00000000   0.0000   0.3405  1+[ 6, 5, 1]
  11    1    28.948867   20.787696   28.948867    2.704868    0.00000000   0.0001   0.3172  1+[ 4, 0, 0]
  12    1    29.169976   21.008804   29.169976    2.712914    0.00000000   0.0001   0.3840  1+[ 8, 0, 0]
  13    1    29.936777   21.775606   29.936777    2.740635    0.00000000   0.0001   0.4949  1+[ 6, 3, 1]
  14    1    32.044437   23.883266   32.044437    2.815423    0.00000000   0.0001   0.2917  1+[ 8, 1, 1]
  15    1    35.070173   26.909001   35.070173    2.919441    0.00000000   0.0000   0.4230  1+[ 6, 3, 1]
  16    1    36.148606  -44.309778  -36.148606    2.955631    1.00000000   0.0001   0.9864  1+[ 0, 0, 0]
  17    1    45.407850   37.246679   45.407850    3.249804    0.00000000   0.0001   0.3667  1+[ 8, 2, 0]
  18    1    49.772438   41.611266   49.772438    3.379603    0.00000000   0.0001   0.3117  1+[ 6, 5, 1]
  19    1    50.546736   42.385565   50.546736    3.402112    0.00000000   0.0000   0.4920  1+[ 8, 4, 0]
  20    1    52.293203   44.132032   52.293203    3.452345    0.00000000   0.0001   0.3662  1+[ 6, 6, 0]
  21    1    53.771555   45.610384   53.771555    3.494302    0.00000000   0.0000   0.4179  1+[ 8, 4, 0]
  22    1    54.947806   46.786635   54.947806    3.527329    0.00000000   0.0001   0.4881  1+[ 6, 0, 0]
  23    1    55.660039   47.498868   55.660039    3.547177    0.00000000   0.0001   0.3531  1+[ 6, 1, 1]
  24    1    56.429925   48.268754   56.429925    3.568508    0.00000000   0.0001   0.3685  1+[ 6, 3, 1]
  25    1    56.907378   48.746207   56.907378    3.581673    0.00000000   0.0001   0.4009  1+[ 6, 5, 1]
  26    2     1.566492   -6.594680    1.566492    1.384856    0.00000000   0.0001   0.5939  1-[ 3, 3, 0]
  27    2     2.331285  -10.492457   -2.331285    1.438265    1.00000000   0.0001   0.5850  1-[ 3, 2, 1]
  28    2     4.009251   -4.151921    4.009251    1.549006    0.00000000   0.0001   0.7152  1-[ 3, 0, 1]
  29    2     6.848491   -1.312681    6.848491    1.720227    0.00000000   0.0001   0.6337  1-[ 3, 2, 1]
  30    2    19.559844   11.398672   19.559844    2.337787    0.00000000   0.0001   0.5829  1-[ 5, 3, 0]
  31    2    20.832021   12.670850   20.832021    2.390828    0.00000000   0.0001   0.4883  1-[ 5, 5, 0]
  32    2    21.335756   13.174585   21.335756    2.411508    0.00000000   0.0004   0.5662  1-[ 5, 1, 0]
  33    2    21.441985  -29.603156  -21.441985    2.415847    1.00000000   0.0005   0.8557  1-[ 1, 0, 1]
  34    2    22.171709   14.010538   22.171709    2.445441    0.00000000   0.0003   0.4692  1-[ 5, 0, 1]
  35    2    23.921694   15.760522   23.921694    2.514994    0.00000000   0.0001   0.4003  1-[ 5, 4, 1]
  36    2    24.732258  -32.893429  -24.732258    2.546566    1.00000000   0.0001   0.8502  1-[ 1, 1, 0]
  37    2    27.622922   19.461750   27.622922    2.656106    0.00000000   0.0000   0.4592  1-[ 5, 2, 1]
  38    2    38.154849   29.993678   38.154849    3.021802    0.00000000   0.0001   0.3928  1-[ 7, 6, 1]
  39    2    40.352315   32.191144   40.352315    3.092656    0.00000000   0.0001   0.3405  1-[ 7, 1, 0]
  40    2    41.165759   33.004588   41.165759    3.118476    0.00000000   0.0000   0.4980  1-[ 7, 3, 0]
  41    2    43.065414   34.904243   43.065414    3.177957    0.00000000   0.0001   0.3288  1-[ 5, 5, 0]
  42    2    44.891491   36.730319   44.891491    3.234104    0.00000000   0.0001   0.3558  1-[ 5, 4, 1]
  43    2    45.319889   37.158718   45.319889    3.247135    0.00000000   0.0001   0.4983  1-[ 5, 0, 1]
  44    2    46.584170   38.422999   46.584170    3.285292    0.00000000   0.0000   0.4674  1-[ 7, 4, 1]
  45    2    47.279201   39.118029   47.279201    3.306081    0.00000000   0.0001   0.3226  1-[ 7, 6, 1]
  46    2    63.735242   55.574071   63.735242    3.764905    0.00000000   0.0001   0.4436  1-[ 9, 3, 0]
  47    2    64.656923   56.495752   64.656923    3.788960    0.00000000   0.0000   0.5125  1-[ 9, 5, 0]
  48    3     6.449718  -14.610890   -6.449718    1.697222    1.00000000   0.0001   0.8929  3+[ 2, 0, 2]
  49    3     8.516197    0.355025    8.516197    1.813277    0.00000000   0.0001   0.6454  3+[ 4, 3, 1]
  50    3    11.912784    3.751612   11.912784    1.989376    0.00000000   0.0001   0.6447  3+[ 4, 1, 1]
  51    3    13.157485  -21.318657  -13.157485    2.050125    1.00000000   0.0001   0.8903  3+[ 2, 1, 1]
  52    3    14.131048    5.969877   14.131048    2.096414    0.00000000   0.0000   0.6921  3+[ 4, 0, 2]
  53    3    17.947216    9.786045   17.947216    2.268770    0.00000000   0.0001   0.6431  3+[ 4, 2, 2]
  54    3    27.215477   19.054305   27.215477    2.640941    0.00000000   0.0001   0.3178  3+[ 6, 3, 1]
  55    3    27.862439   19.701268   27.862439    2.664980    0.00000000   0.0000   0.4290  3+[ 6, 1, 1]
  56    3    29.306273   21.145102   29.306273    2.717862    0.00000000   0.0001   0.4633  3+[ 4, 0, 2]
  57    3    29.961518   21.800347   29.961518    2.741524    0.00000000   0.0001   0.5750  3+[ 6, 3, 1]
  58    3    32.082227   23.921056   32.082227    2.816746    0.00000000   0.0001   0.3782  3+[ 4, 2, 2]
  59    3    35.081226   26.920055   35.081226    2.919814    0.00000000   0.0000   0.4059  3+[ 6, 2, 2]
  60    3    45.422204   37.261033   45.422204    3.250240    0.00000000   0.0001   0.3699  3+[ 8, 7, 1]
  61    3    49.808143   41.646972   49.808143    3.380644    0.00000000   0.0001   0.3866  3+[ 6, 5, 1]
  62    3    50.558598   42.397427   50.558598    3.402456    0.00000000   0.0000   0.4957  3+[ 8, 5, 1]
  63    3    52.378484   44.217313   52.378484    3.454779    0.00000000   0.0001   0.4171  3+[ 6, 1, 1]
  64    3    53.776264   45.615092   53.776264    3.494435    0.00000000   0.0000   0.4838  3+[ 8, 4, 2]
  65    3    55.798533   47.637361   55.798533    3.551024    0.00000000   0.0001   0.5779  3+[ 6, 0, 2]
  66    3    56.440813   48.279641   56.440813    3.568809    0.00000000   0.0001   0.3615  3+[ 6, 2, 2]
  67    3    56.983931   48.822760   56.983931    3.583779    0.00000000   0.0001   0.4157  3+[ 6, 4, 2]
  68    4     1.904139   -6.257032    1.904139    1.408685    0.00000000   0.0001   0.8527  3-[ 3, 0, 1]
  69    4     2.242376  -10.403548   -2.242376    1.432159    1.00000000   0.0001   0.7689  3-[ 3, 2, 1]
  70    4     7.013138   -1.148033    7.013138    1.729636    0.00000000   0.0001   0.8082  3-[ 3, 1, 2]
  71    4    19.600214   11.439042   19.600214    2.339489    0.00000000   0.0001   0.5509  3-[ 5, 4, 1]
  72    4    20.956153   12.794982   20.956153    2.395941    0.00000000   0.0001   0.4381  3-[ 5, 2, 1]
  73    4    21.371005   13.209834   21.371005    2.412949    0.00000000   0.0000   0.5455  3-[ 5, 0, 1]
  74    4    24.024552   15.863381   24.024552    2.519022    0.00000000   0.0002   0.5015  3-[ 5, 1, 2]
  75    4    24.496891  -32.658063  -24.496891    2.537439    1.00000000   0.0002   0.9855  3-[ 1, 0, 1]
  76    4    27.648684   19.487513   27.648684    2.657062    0.00000000   0.0000   0.5275  3-[ 5, 3, 2]
  77    4    38.169605   30.008433   38.169605    3.022283    0.00000000   0.0001   0.4676  3-[ 7, 6, 1]
  78    4    40.413622   32.252450   40.413622    3.094609    0.00000000   0.0001   0.3337  3-[ 5, 4, 1]
  79    4    41.186155   33.024983   41.186155    3.119121    0.00000000   0.0000   0.5623  3-[ 7, 4, 1]
  80    4    43.204143   35.042971   43.204143    3.182258    0.00000000   0.0001   0.5402  3-[ 5, 0, 1]
  81    4    45.048259   36.887088   45.048259    3.238879    0.00000000   0.0001   0.4456  3-[ 5, 1, 2]
  82    4    46.592948   38.431777   46.592948    3.285555    0.00000000   0.0000   0.5071  3-[ 7, 3, 2]
  83    4    47.297483   39.136312   47.297483    3.306626    0.00000000   0.0001   0.3794  3-[ 5, 3, 2]
  84    4    63.744735   55.583564   63.744735    3.765153    0.00000000   0.0001   0.4534  3-[ 9, 2, 1]
  85    4    64.669788   56.508617   64.669788    3.789295    0.00000000   0.0000   0.4983  3-[ 9, 4, 1]
  86    5     8.638461    0.477289    8.638461    1.819911    0.00000000   0.0001   0.8224  5+[ 4, 2, 2]
  87    5    12.184045    4.022873   12.184045    2.002772    0.00000000   0.0001   0.8125  5+[ 4, 0, 2]
  88    5    13.041331  -21.202502  -13.041331    2.044532    1.00000000   0.0002   0.9803  5+[ 2, 0, 2]
  89    5    18.062917    9.901745   18.062917    2.273791    0.00000000   0.0001   0.7567  5+[ 4, 1, 3]
  90    5    27.337685   19.176514   27.337685    2.645499    0.00000000   0.0001   0.4718  5+[ 8, 0, 2]
  91    5    27.895608   19.734437   27.895608    2.666207    0.00000000   0.0000   0.4492  5+[ 6, 4, 2]
  92    5    30.013959   21.852788   30.013959    2.743409    0.00000000   0.0001   0.5597  5+[ 6, 2, 2]
  93    5    32.158427   23.997256   32.158427    2.819411    0.00000000   0.0001   0.4399  5+[ 4, 1, 3]
  94    5    35.105452   26.944280   35.105452    2.920632    0.00000000   0.0000   0.5270  5+[ 6, 3, 3]
  95    5    45.452484   37.291313   45.452484    3.251158    0.00000000   0.0001   0.4623  5+[ 8, 6, 2]
  96    5    49.882423   41.721251   49.882423    3.382809    0.00000000   0.0001   0.3775  5+[ 6, 4, 2]
  97    5    50.583349   42.422178   50.583349    3.403173    0.00000000   0.0000   0.5684  5+[ 8, 4, 2]
  98    5    52.454869   44.293697   52.454869    3.456958    0.00000000   0.0001   0.6174  5+[ 6, 0, 2]
  99    5    53.786221   45.625049   53.786221    3.494716    0.00000000   0.0000   0.4918  5+[ 8, 3, 3]
 100    5    56.462175   48.301004   56.462175    3.569399    0.00000000   0.0001   0.4635  5+[ 6, 3, 3]
 101    5    57.137369   48.976197   57.137369    3.587997    0.00000000   0.0001   0.5412  5+[ 6, 1, 3]
 102    6     2.060866  -10.222038   -2.060866    1.419610    1.00000000   0.0001   0.9138  5-[ 3, 1, 2]
 103    6     7.210762   -0.950410    7.210762    1.740863    0.00000000   0.0001   0.8842  5-[ 3, 0, 3]
 104    6    19.688163   11.526991   19.688163    2.343191    0.00000000   0.0001   0.7372  5-[ 5, 3, 2]
 105    6    21.425488   13.264317   21.425488    2.415173    0.00000000   0.0000   0.6817  5-[ 5, 1, 2]
 106    6    24.206279   16.045107   24.206279    2.526124    0.00000000   0.0000   0.6310  5-[ 5, 0, 3]
 107    6    27.706133   19.544962   27.706133    2.659192    0.00000000   0.0000   0.6559  5-[ 5, 2, 3]
 108    6    38.200844   30.039673   38.200844    3.023302    0.00000000   0.0001   0.5329  5-[ 7, 5, 2]
 109    6    40.535305   32.374134   40.535305    3.098483    0.00000000   0.0001   0.4597  5-[ 7, 1, 2]
 110    6    41.229029   33.067857   41.229029    3.120475    0.00000000   0.0000   0.6002  5-[ 7, 3, 2]
 111    6    45.292947   37.131775   45.292947    3.246317    0.00000000   0.0001   0.5588  5-[ 5, 0, 3]
 112    6    46.611722   38.450551   46.611722    3.286118    0.00000000   0.0000   0.5158  5-[ 7, 4, 3]
 113    6    47.332977   39.171805   47.332977    3.307684    0.00000000   0.0001   0.4620  5-[ 5, 2, 3]
 114    6    63.764123   55.602952   63.764123    3.765661    0.00000000   0.0001   0.4944  5-[ 9, 7, 2]
 115    6    64.696346   56.535175   64.696346    3.789985    0.00000000   0.0000   0.5741  5-[ 9, 5, 2]
 116    7     8.824744    0.663573    8.824744    1.829974    0.00000000   0.0001   0.9242  7+[ 4, 1, 3]
 117    7    18.188630   10.027459   18.188630    2.279235    0.00000000   0.0001   0.8084  7+[ 4, 0, 4]
 118    7    27.939180   19.778008   27.939180    2.667817    0.00000000   0.0000   0.5613  7+[ 6, 1, 3]
 119    7    30.099063   21.937891   30.099063    2.746466    0.00000000   0.0001   0.6858  7+[ 6, 3, 3]
 120    7    32.201592   24.040421   32.201592    2.820920    0.00000000   0.0001   0.5237  7+[ 8, 0, 4]
 121    7    35.146307   26.985135   35.146307    2.922011    0.00000000   0.0000   0.6217  7+[ 6, 2, 4]
 122    7    45.500675   37.339504   45.500675    3.252619    0.00000000   0.0001   0.4805  7+[ 8, 5, 3]
 123    7    49.981188   41.820016   49.981188    3.385686    0.00000000   0.0001   0.5357  7+[ 6, 1, 3]
 124    7    50.623020   42.461848   50.623020    3.404322    0.00000000   0.0000   0.5634  7+[ 8, 3, 3]
 125    7    53.802425   45.641253   53.802425    3.495173    0.00000000   0.0000   0.5515  7+[ 8, 4, 4]
 126    7    56.490045   48.328873   56.490045    3.570168    0.00000000   0.0001   0.5527  7+[ 6, 2, 4]
 127    7    57.276331   49.115159   57.276331    3.591813    0.00000000   0.0001   0.6489  7+[ 6, 0, 4]
 128    8     1.951014   -8.161171   -0.000000    1.411962    0.50000000   1.9510   0.9795  7-[ 3, 0, 3]
 129    8    19.834745   11.673573   19.834745    2.349350    0.00000000   0.0001   0.8614  7-[ 5, 2, 3]
 130    8    21.564123   13.402951   21.564123    2.420825    0.00000000   0.0000   0.7884  7-[ 5, 0, 3]
 131    8    27.798781   19.637610   27.798781    2.662624    0.00000000   0.0000   0.7427  7-[ 5, 1, 4]
 132    8    38.248302   30.087130   38.248302    3.024849    0.00000000   0.0001   0.5021  7-[ 7, 4, 3]
 133    8    40.643946   32.482775   40.643946    3.101937    0.00000000   0.0001   0.5982  7-[ 7, 0, 3]
 134    8    41.298406   33.137235   41.298406    3.122666    0.00000000   0.0000   0.6009  7-[ 7, 4, 3]
 135    8    46.642407   38.481236   46.642407    3.287039    0.00000000   0.0000   0.6449  7-[ 7, 3, 4]
 136    8    47.361665   39.200493   47.361665    3.308538    0.00000000   0.0001   0.5146  7-[ 5, 1, 4]
 137    8    63.793218   55.632046   63.793218    3.766422    0.00000000   0.0001   0.5583  7-[ 9, 2, 3]
 138    8    64.738273   56.577102   64.738273    3.791076    0.00000000   0.0000   0.6021  7-[ 9, 4, 3]
 139    9     8.986062    0.824890    8.986062    1.838643    0.00000000   0.0001   0.9749  9+[ 4, 0, 4]
 140    9    27.985002   19.823831   27.985002    2.669510    0.00000000   0.0000   0.6777  9+[ 6, 0, 4]
 141    9    30.222520   22.061348   30.222520    2.750893    0.00000000   0.0001   0.8143  9+[ 6, 2, 4]
 142    9    35.206917   27.045745   35.206917    2.924055    0.00000000   0.0000   0.6843  9+[ 6, 1, 5]
 143    9    45.567168   37.405996   45.567168    3.254633    0.00000000   0.0001   0.5217  9+[ 8, 2, 4]
 144    9    50.040475   41.879304   50.040475    3.387412    0.00000000   0.0000   0.6203  9+[ 6, 0, 4]
 145    9    50.680805   42.519634   50.680805    3.405995    0.00000000   0.0000   0.6332  9+[ 8, 4, 4]
 146    9    53.826186   45.665015   53.826186    3.495843    0.00000000   0.0000   0.6590  9+[ 8, 3, 5]
 147    9    56.505813   48.344641   56.505813    3.570604    0.00000000   0.0001   0.6065  9+[ 6, 1, 5]
 148   10    20.048567   11.887396   20.048567    2.358305    0.00000000   0.0001   0.9316  9-[ 5, 1, 4]
 149   10    27.918267   19.757096   27.918267    2.667044    0.00000000   0.0000   0.7824  9-[ 5, 0, 5]
 150   10    38.303528   30.142356   38.303528    3.026648    0.00000000   0.0001   0.6875  9-[ 7, 1, 4]
 151   10    41.400267   33.239096   41.400267    3.125880    0.00000000   0.0000   0.7441  9-[ 7, 3, 4]
 152   10    46.687103   38.525931   46.687103    3.288379    0.00000000   0.0000   0.7445  9-[ 7, 2, 5]
 153   10    47.296217   39.135046   47.296217    3.306588    0.00000000   0.0001   0.5697  9-[ 7, 0, 5]
 154   10    63.829441   55.668270   63.829441    3.767370    0.00000000   0.0001   0.5517  9-[ 9, 5, 4]
 155   10    64.798124   56.636953   64.798124    3.792632    0.00000000   0.0000   0.6162  9-[ 9, 5, 4]
 156   11    30.390083   22.228912   30.390083    2.756891    0.00000000   0.0000   0.8982 11+[ 6, 1, 5]
 157   11    35.288145   27.126974   35.288145    2.926792    0.00000000   0.0000   0.7129 11+[ 6, 0, 6]
 158   11    45.647305   37.486134   45.647305    3.257060    0.00000000   0.0001   0.6795 11+[ 8, 1, 5]
 159   11    50.761400   42.600229   50.761400    3.408327    0.00000000   0.0000   0.7491 11+[ 8, 3, 5]
 160   11    53.858988   45.697817   53.858988    3.496768    0.00000000   0.0000   0.7423 11+[ 8, 2, 6]
 161   11    56.461636   48.300464   56.461636    3.569384    0.00000000   0.0001   0.6330 11+[ 6, 0, 6]
 162   12    20.277640   12.116469   20.277640    2.367860    0.00000000   0.0001   0.9721 11-[ 5, 0, 5]
 163   12    38.332684   30.171512   38.332684    3.027597    0.00000000   0.0000   0.7942 11-[ 7, 0, 5]
 164   12    41.542278   33.381107   41.542278    3.130355    0.00000000   0.0000   0.8540 11-[ 7, 2, 5]
 165   12    46.747900   38.586728   46.747900    3.290201    0.00000000   0.0000   0.8073 11-[ 7, 1, 6]
 166   12    63.865342   55.704170   63.865342    3.768309    0.00000000   0.0001   0.6867 11-[ 9, 2, 5]
 167   12    64.879367   56.718195   64.879367    3.794743    0.00000000   0.0000   0.7395 11-[ 9, 4, 5]
 168   13    30.610629   22.449458   30.610629    2.764766    0.00000000   0.0000   0.9284 13+[ 6, 0, 6]
 169   13    45.721007   37.559836   45.721007    3.259289    0.00000000   0.0001   0.7583 13+[ 8, 0, 6]
 170   13    50.870529   42.709358   50.870529    3.411481    0.00000000   0.0000   0.8346 13+[ 8, 2, 6]
 171   13    53.902388   45.741216   53.902388    3.497991    0.00000000   0.0000   0.7967 13+[ 8, 1, 7]
 172   14    41.734552   33.573380   41.734552    3.136404    0.00000000   0.0000   0.9248 13-[ 7, 1, 6]
 173   14    46.825835   38.664664   46.825835    3.292535    0.00000000   0.0000   0.8362 13-[ 7, 0, 7]
 174   14    63.884802   55.723630   63.884802    3.768818    0.00000000   0.0001   0.8478 13-[ 9, 1, 6]
 175   14    64.986397   56.825225   64.986397    3.797522    0.00000000   0.0000   0.8431 13-[ 9, 3, 6]
 176   15    51.015174   42.854002   51.015174    3.415658    0.00000000   0.0000   0.8881 15+[ 8, 1, 7]
 177   15    53.957836   45.796664   53.957836    3.499553    0.00000000   0.0000   0.8208 15+[ 8, 0, 8]
 178   16    41.992584   33.831412   41.992584    3.144504    0.00000000   0.0000   0.9518 15-[ 7, 0, 7]
 179   16    63.855210   55.694039   63.855210    3.768044    0.00000000   0.0001   0.9259 15-[ 9, 0, 7]
 180   16    65.124610   56.963438   65.124610    3.801108    0.00000000   0.0000   0.9233 15-[ 9, 2, 7]
 181   17    51.205180   43.044009   51.205180    3.421138    0.00000000   0.0000   0.9090 17+[ 8, 0, 8]
 182   18    65.300755   57.139583   65.300755    3.805673    0.00000000   0.0000   0.9767 17-[ 9, 1, 8]
 183   20    65.523841   57.362670   65.523841    3.811447    0.00000000   0.0000   1.0000 19-[ 9, 0, 9]
#all active are  183 q.p. states out of  286
#since the cut off is pwi=  60.0
#check: number of neutrons=  27.0


 #canonical s.p. energies neutrons
 ---------------------------------


  labels -> {2*omega}{parity}[nn=nz+2*nr+nl,nz,nl]
  cqpe   -> canonical q.p. energies
  ce     -> canonical s.p. energies
  fermi energy=  -10.222037653836242     
  average cdelt=   7.6571137379261812E-005
  k0      ceqp        ce         v*v       u*v        cdel     overl      labels
   1   -1.374447  -14.947896   1.00000000   0.00000596  -0.0000   0.7712  1+[ 2, 1, 1]
   2    0.298743    0.298743   0.00000000   0.00000922  -0.0000   0.5892  1+[ 4, 2, 0]
   3    0.509000  -16.831342   1.00000000   0.00000948  -0.0000   0.7741  1+[ 2, 0, 0]
   4    3.589728    3.589728   0.00000000   0.00000317  -0.0000   0.5387  1+[ 4, 4, 0]
   5    4.948661    4.948661   0.00000000   0.00000302  -0.0000   0.5437  1+[ 4, 0, 0]
   6    5.171992  -21.494335   1.00000000   0.00000420  -0.0000   0.6549  1+[ 2, 2, 0]
   7    5.676927    5.676927   0.00000000   0.00000198  -0.0000   0.4633  1+[ 4, 1, 1]
   8    9.732921    9.732921   0.00000000   0.00000173  -0.0000   0.4735  1+[ 4, 3, 1]
   9   18.975609   18.975609   0.00000000   0.00000129  -0.0000   0.3584  1+[ 8, 8, 0]
  10   19.683752   19.683752   0.00000000   0.00000084  -0.0000   0.3405  1+[ 6, 5, 1]
  11   20.787696   20.787696   0.00000000   0.00000107  -0.0000   0.3172  1+[ 4, 0, 0]
  12   21.008804   21.008804   0.00000000   0.00000104  -0.0000   0.3840  1+[ 8, 0, 0]
  13   21.775606   21.775606   0.00000000   0.00000093  -0.0000   0.4949  1+[ 6, 3, 1]
  14   23.883266   23.883266   0.00000000   0.00000096  -0.0000   0.2917  1+[ 8, 1, 1]
  15   26.909001   26.909001   0.00000000   0.00000045  -0.0000   0.4230  1+[ 6, 3, 1]
  16   27.987435  -44.309778   1.00000000   0.00000110  -0.0000   0.9864  1+[ 0, 0, 0]
  17   37.246679   37.246679   0.00000000   0.00000068  -0.0000   0.3667  1+[ 8, 2, 0]
  18   41.611266   41.611266   0.00000000   0.00000059  -0.0000   0.3117  1+[ 6, 5, 1]
  19   42.385565   42.385565   0.00000000   0.00000033  -0.0000   0.4920  1+[ 8, 4, 0]
  20   44.132032   44.132032   0.00000000   0.00000065  -0.0000   0.3662  1+[ 6, 6, 0]
  21   45.610384   45.610384   0.00000000   0.00000023  -0.0000   0.4179  1+[ 8, 4, 0]
  22   46.786635   46.786635   0.00000000   0.00000062  -0.0000   0.4881  1+[ 6, 0, 0]
  23   47.498868   47.498868   0.00000000   0.00000061  -0.0000   0.3531  1+[ 6, 1, 1]
  24   48.268754   48.268754   0.00000000   0.00000062  -0.0000   0.3685  1+[ 6, 3, 1]
  25   48.746207   48.746207   0.00000000   0.00000054  -0.0000   0.4009  1+[ 6, 5, 1]
  26    0.000000    0.000000   0.00000000   0.00000000  -0.0000   0.0000  1+[10, 0, 0]
  27    0.000000    0.000000   0.00000000   0.00000000  -0.0000   0.0000  1+[10, 0, 0]
  28    0.000000    0.000000   0.00000000   0.00000000  -0.0000   0.0000  1+[10, 0, 0]
  29    0.000000    0.000000   0.00000000   0.00000000  -0.0000   0.0000  1+[10, 0, 0]
  30    0.000000    0.000000   0.00000000   0.00000000  -0.0000   0.0000  1+[10, 0, 0]
  31    0.000000    0.000000   0.00000000   0.00000000  -0.0000   0.0000  1+[10, 0, 0]
  32    0.000000    0.000000   0.00000000   0.00000000  -0.0000   0.0000  1+[10, 0, 0]
  33    0.000000    0.000000   0.00000000   0.00000000  -0.0000   0.0000  1+[10, 0, 0]
  34    0.000000    0.000000   0.00000000   0.00000000  -0.0000   0.0000  1+[10, 0, 0]
  35    0.000000    0.000000   0.00000000   0.00000000  -0.0000   0.0000  1+[10, 0, 0]
  36    0.000000    0.000000   0.00000000   0.00000000  -0.0000   0.0000  1+[10, 0, 0]
  37   -6.594680   -6.594680   0.00000000   0.00002276  -0.0000   0.5939  1-[ 3, 3, 0]
  38   -5.829886  -10.492457   1.00000000   0.00001791  -0.0000   0.5850  1-[ 3, 2, 1]
  39   -4.151921   -4.151921   0.00000000   0.00000792  -0.0000   0.7152  1-[ 3, 0, 1]
  40   -1.312681   -1.312681   0.00000000   0.00000549  -0.0000   0.6337  1-[ 3, 2, 1]
  41   11.398672   11.398672   0.00000000   0.00000180  -0.0000   0.5829  1-[ 5, 3, 0]
  42   12.670850   12.670850   0.00000000   0.00000228  -0.0000   0.4883  1-[ 5, 5, 0]
  43   13.174585   13.174585   0.00000000   0.00000827  -0.0000   0.5662  1-[ 5, 1, 0]
  44   13.280813  -29.603156   1.00000000   0.00001146  -0.0000   0.8557  1-[ 1, 0, 1]
  45   14.010538   14.010538   0.00000000   0.00000787  -0.0000   0.4692  1-[ 5, 0, 1]
  46   15.760522   15.760522   0.00000000   0.00000149  -0.0000   0.4003  1-[ 5, 4, 1]
  47   16.571086  -32.893429   1.00000000   0.00000246  -0.0000   0.8502  1-[ 1, 1, 0]
  48   19.461750   19.461750   0.00000000   0.00000087  -0.0000   0.4592  1-[ 5, 2, 1]
  49   29.993678   29.993678   0.00000000   0.00000074  -0.0000   0.3928  1-[ 7, 6, 1]
  50   32.191144   32.191144   0.00000000   0.00000079  -0.0000   0.3405  1-[ 7, 1, 0]
  51   33.004588   33.004588   0.00000000   0.00000059  -0.0000   0.4980  1-[ 7, 3, 0]
  52   34.904243   34.904243   0.00000000   0.00000074  -0.0000   0.3288  1-[ 5, 5, 0]
  53   36.730319   36.730319   0.00000000   0.00000074  -0.0000   0.3558  1-[ 5, 4, 1]
  54   37.158718   37.158718   0.00000000   0.00000066  -0.0000   0.4983  1-[ 5, 0, 1]
  55   38.422999   38.422999   0.00000000   0.00000037  -0.0000   0.4674  1-[ 7, 4, 1]
  56   39.118029   39.118029   0.00000000   0.00000077  -0.0000   0.3226  1-[ 7, 6, 1]
  57   55.574071   55.574071   0.00000000   0.00000057  -0.0000   0.4436  1-[ 9, 3, 0]
  58   56.495752   56.495752   0.00000000   0.00000031  -0.0000   0.5125  1-[ 9, 5, 0]
  59    0.000000    0.000000   0.00000000   0.00000000  -0.0000   0.0000  1-[ 9, 1, 0]
  60    0.000000    0.000000   0.00000000   0.00000000  -0.0000   0.0000  1-[ 9, 1, 0]
  61    0.000000    0.000000   0.00000000   0.00000000  -0.0000   0.0000  1-[ 9, 1, 0]
  62    0.000000    0.000000   0.00000000   0.00000000  -0.0000   0.0000  1-[ 9, 1, 0]
  63    0.000000    0.000000   0.00000000   0.00000000  -0.0000   0.0000  1-[ 9, 1, 0]
  64    0.000000    0.000000   0.00000000   0.00000000  -0.0000   0.0000  1-[ 9, 1, 0]
  65    0.000000    0.000000   0.00000000   0.00000000  -0.0000   0.0000  1-[ 9, 1, 0]
  66    0.000000    0.000000   0.00000000   0.00000000  -0.0000   0.0000  1-[ 9, 1, 0]
  67   -1.711453  -14.610890   1.00000000   0.00000570  -0.0000   0.8929  3+[ 2, 0, 2]
  68    0.355025    0.355025   0.00000000   0.00000465  -0.0000   0.6454  3+[ 4, 3, 1]
  69    3.751612    3.751612   0.00000000   0.00000366  -0.0000   0.6447  3+[ 4, 1, 1]
  70    4.996314  -21.318657   1.00000000   0.00000456  -0.0000   0.8903  3+[ 2, 1, 1]
  71    5.969877    5.969877   0.00000000   0.00000166  -0.0000   0.6921  3+[ 4, 0, 2]
  72    9.786045    9.786045   0.00000000   0.00000170  -0.0000   0.6431  3+[ 4, 2, 2]
  73   19.054305   19.054305   0.00000000   0.00000122  -0.0000   0.3178  3+[ 6, 3, 1]
  74   19.701268   19.701268   0.00000000   0.00000083  -0.0000   0.4290  3+[ 6, 1, 1]
  75   21.145102   21.145102   0.00000000   0.00000097  -0.0000   0.4633  3+[ 4, 0, 2]
  76   21.800347   21.800347   0.00000000   0.00000092  -0.0000   0.5750  3+[ 6, 3, 1]
  77   23.921056   23.921056   0.00000000   0.00000093  -0.0000   0.3782  3+[ 4, 2, 2]
  78   26.920055   26.920055   0.00000000   0.00000045  -0.0000   0.4059  3+[ 6, 2, 2]
  79   37.261033   37.261033   0.00000000   0.00000068  -0.0000   0.3699  3+[ 8, 7, 1]
  80   41.646972   41.646972   0.00000000   0.00000058  -0.0000   0.3866  3+[ 6, 5, 1]
  81   42.397427   42.397427   0.00000000   0.00000033  -0.0000   0.4957  3+[ 8, 5, 1]
  82   44.217313   44.217313   0.00000000   0.00000063  -0.0000   0.4171  3+[ 6, 1, 1]
  83   45.615092   45.615092   0.00000000   0.00000022  -0.0000   0.4838  3+[ 8, 4, 2]
  84   47.637361   47.637361   0.00000000   0.00000055  -0.0000   0.5779  3+[ 6, 0, 2]
  85   48.279641   48.279641   0.00000000   0.00000062  -0.0000   0.3615  3+[ 6, 2, 2]
  86   48.822760   48.822760   0.00000000   0.00000054  -0.0000   0.4157  3+[ 6, 4, 2]
  87    0.000000    0.000000   0.00000000   0.00000000  -0.0000   0.0000  3+[10, 1, 1]
  88    0.000000    0.000000   0.00000000   0.00000000  -0.0000   0.0000  3+[10, 1, 1]
  89    0.000000    0.000000   0.00000000   0.00000000  -0.0000   0.0000  3+[10, 1, 1]
  90    0.000000    0.000000   0.00000000   0.00000000  -0.0000   0.0000  3+[10, 1, 1]
  91    0.000000    0.000000   0.00000000   0.00000000  -0.0000   0.0000  3+[10, 1, 1]
  92    0.000000    0.000000   0.00000000   0.00000000  -0.0000   0.0000  3+[10, 1, 1]
  93    0.000000    0.000000   0.00000000   0.00000000  -0.0000   0.0000  3+[10, 1, 1]
  94    0.000000    0.000000   0.00000000   0.00000000  -0.0000   0.0000  3+[10, 1, 1]
  95    0.000000    0.000000   0.00000000   0.00000000  -0.0000   0.0000  3+[10, 1, 1]
  96    0.000000    0.000000   0.00000000   0.00000000  -0.0000   0.0000  3+[10, 1, 1]
  97   -6.257032   -6.257032   0.00000000   0.00001886  -0.0000   0.8527  3-[ 3, 0, 1]
  98   -5.918795  -10.403548   1.00000000   0.00002023  -0.0000   0.7689  3-[ 3, 2, 1]
  99   -1.148033   -1.148033   0.00000000   0.00000525  -0.0000   0.8082  3-[ 3, 1, 2]
 100   11.439042   11.439042   0.00000000   0.00000177  -0.0000   0.5509  3-[ 5, 4, 1]
 101   12.794982   12.794982   0.00000000   0.00000208  -0.0000   0.4381  3-[ 5, 2, 1]
 102   13.209834   13.209834   0.00000000   0.00000116  -0.0000   0.5455  3-[ 5, 0, 1]
 103   15.863381   15.863381   0.00000000   0.00000361  -0.0000   0.5015  3-[ 5, 1, 2]
 104   16.335720  -32.658063   1.00000000   0.00000413  -0.0000   0.9855  3-[ 1, 0, 1]
 105   19.487513   19.487513   0.00000000   0.00000087  -0.0000   0.5275  3-[ 5, 3, 2]
 106   30.008433   30.008433   0.00000000   0.00000074  -0.0000   0.4676  3-[ 7, 6, 1]
 107   32.252450   32.252450   0.00000000   0.00000078  -0.0000   0.3337  3-[ 5, 4, 1]
 108   33.024983   33.024983   0.00000000   0.00000059  -0.0000   0.5623  3-[ 7, 4, 1]
 109   35.042971   35.042971   0.00000000   0.00000066  -0.0000   0.5402  3-[ 5, 0, 1]
 110   36.887088   36.887088   0.00000000   0.00000070  -0.0000   0.4456  3-[ 5, 1, 2]
 111   38.431777   38.431777   0.00000000   0.00000037  -0.0000   0.5071  3-[ 7, 3, 2]
 112   39.136312   39.136312   0.00000000   0.00000077  -0.0000   0.3794  3-[ 5, 3, 2]
 113   55.583564   55.583564   0.00000000   0.00000057  -0.0000   0.4534  3-[ 9, 2, 1]
 114   56.508617   56.508617   0.00000000   0.00000031  -0.0000   0.4983  3-[ 9, 4, 1]
 115    0.000000    0.000000   0.00000000   0.00000000  -0.0000   0.0000  3-[ 9, 0, 1]
 116    0.000000    0.000000   0.00000000   0.00000000  -0.0000   0.0000  3-[ 9, 0, 1]
 117    0.000000    0.000000   0.00000000   0.00000000  -0.0000   0.0000  3-[ 9, 0, 1]
 118    0.000000    0.000000   0.00000000   0.00000000  -0.0000   0.0000  3-[ 9, 0, 1]
 119    0.000000    0.000000   0.00000000   0.00000000  -0.0000   0.0000  3-[ 9, 0, 1]
 120    0.000000    0.000000   0.00000000   0.00000000  -0.0000   0.0000  3-[ 9, 0, 1]
 121    0.000000    0.000000   0.00000000   0.00000000  -0.0000   0.0000  3-[ 9, 0, 1]
 122    0.477289    0.477289   0.00000000   0.00000447  -0.0000   0.8224  5+[ 4, 2, 2]
 123    4.022873    4.022873   0.00000000   0.00000529  -0.0000   0.8125  5+[ 4, 0, 2]
 124    4.880159  -21.202502   1.00000000   0.00000587  -0.0000   0.9803  5+[ 2, 0, 2]
 125    9.901745    9.901745   0.00000000   0.00000163  -0.0000   0.7567  5+[ 4, 1, 3]
 126   19.176514   19.176514   0.00000000   0.00000106  -0.0000   0.4718  5+[ 8, 0, 2]
 127   19.734437   19.734437   0.00000000   0.00000082  -0.0000   0.4492  5+[ 6, 4, 2]
 128   21.852788   21.852788   0.00000000   0.00000091  -0.0000   0.5597  5+[ 6, 2, 2]
 129   23.997256   23.997256   0.00000000   0.00000089  -0.0000   0.4399  5+[ 4, 1, 3]
 130   26.944280   26.944280   0.00000000   0.00000044  -0.0000   0.5270  5+[ 6, 3, 3]
 131   37.291313   37.291313   0.00000000   0.00000067  -0.0000   0.4623  5+[ 8, 6, 2]
 132   41.721251   41.721251   0.00000000   0.00000057  -0.0000   0.3775  5+[ 6, 4, 2]
 133   42.422178   42.422178   0.00000000   0.00000032  -0.0000   0.5684  5+[ 8, 4, 2]
 134   44.293697   44.293697   0.00000000   0.00000056  -0.0000   0.6174  5+[ 6, 0, 2]
 135   45.625049   45.625049   0.00000000   0.00000022  -0.0000   0.4918  5+[ 8, 3, 3]
 136   48.301004   48.301004   0.00000000   0.00000061  -0.0000   0.4635  5+[ 6, 3, 3]
 137   48.976197   48.976197   0.00000000   0.00000051  -0.0000   0.5412  5+[ 6, 1, 3]
 138    0.000000    0.000000   0.00000000   0.00000000  -0.0000   0.0000  5+[10, 0, 2]
 139    0.000000    0.000000   0.00000000   0.00000000  -0.0000   0.0000  5+[10, 0, 2]
 140    0.000000    0.000000   0.00000000   0.00000000  -0.0000   0.0000  5+[10, 0, 2]
 141    0.000000    0.000000   0.00000000   0.00000000  -0.0000   0.0000  5+[10, 0, 2]
 142    0.000000    0.000000   0.00000000   0.00000000  -0.0000   0.0000  5+[10, 0, 2]
 143    0.000000    0.000000   0.00000000   0.00000000  -0.0000   0.0000  5+[10, 0, 2]
 144    0.000000    0.000000   0.00000000   0.00000000  -0.0000   0.0000  5+[10, 0, 2]
 145    0.000000    0.000000   0.00000000   0.00000000  -0.0000   0.0000  5+[10, 0, 2]
 146    0.000000    0.000000   0.00000000   0.00000000  -0.0000   0.0000  5+[10, 0, 2]
 147   -6.100305  -10.222038   1.00000000   0.00001879  -0.0000   0.9138  5-[ 3, 1, 2]
 148   -0.950410   -0.950410   0.00000000   0.00000455  -0.0000   0.8842  5-[ 3, 0, 3]
 149   11.526991   11.526991   0.00000000   0.00000172  -0.0000   0.7372  5-[ 5, 3, 2]
 150   13.264317   13.264317   0.00000000   0.00000113  -0.0000   0.6817  5-[ 5, 1, 2]
 151   16.045107   16.045107   0.00000000   0.00000090  -0.0000   0.6310  5-[ 5, 0, 3]
 152   19.544962   19.544962   0.00000000   0.00000083  -0.0000   0.6559  5-[ 5, 2, 3]
 153   30.039673   30.039673   0.00000000   0.00000073  -0.0000   0.5329  5-[ 7, 5, 2]
 154   32.374134   32.374134   0.00000000   0.00000074  -0.0000   0.4597  5-[ 7, 1, 2]
 155   33.067857   33.067857   0.00000000   0.00000058  -0.0000   0.6002  5-[ 7, 3, 2]
 156   37.131775   37.131775   0.00000000   0.00000062  -0.0000   0.5588  5-[ 5, 0, 3]
 157   38.450551   38.450551   0.00000000   0.00000036  -0.0000   0.5158  5-[ 7, 4, 3]
 158   39.171805   39.171805   0.00000000   0.00000075  -0.0000   0.4620  5-[ 5, 2, 3]
 159   55.602952   55.602952   0.00000000   0.00000057  -0.0000   0.4944  5-[ 9, 7, 2]
 160   56.535175   56.535175   0.00000000   0.00000031  -0.0000   0.5741  5-[ 9, 5, 2]
 161    0.000000    0.000000   0.00000000   0.00000000  -0.0000   0.0000  5-[ 9, 1, 2]
 162    0.000000    0.000000   0.00000000   0.00000000  -0.0000   0.0000  5-[ 9, 1, 2]
 163    0.000000    0.000000   0.00000000   0.00000000  -0.0000   0.0000  5-[ 9, 1, 2]
 164    0.000000    0.000000   0.00000000   0.00000000  -0.0000   0.0000  5-[ 9, 1, 2]
 165    0.000000    0.000000   0.00000000   0.00000000  -0.0000   0.0000  5-[ 9, 1, 2]
 166    0.000000    0.000000   0.00000000   0.00000000  -0.0000   0.0000  5-[ 9, 1, 2]
 167    0.663573    0.663573   0.00000000   0.00000402  -0.0000   0.9242  7+[ 4, 1, 3]
 168   10.027459   10.027459   0.00000000   0.00000138  -0.0000   0.8084  7+[ 4, 0, 4]
 169   19.778008   19.778008   0.00000000   0.00000078  -0.0000   0.5613  7+[ 6, 1, 3]
 170   21.937891   21.937891   0.00000000   0.00000089  -0.0000   0.6858  7+[ 6, 3, 3]
 171   24.040421   24.040421   0.00000000   0.00000079  -0.0000   0.5237  7+[ 8, 0, 4]
 172   26.985135   26.985135   0.00000000   0.00000042  -0.0000   0.6217  7+[ 6, 2, 4]
 173   37.339504   37.339504   0.00000000   0.00000066  -0.0000   0.4805  7+[ 8, 5, 3]
 174   41.820016   41.820016   0.00000000   0.00000054  -0.0000   0.5357  7+[ 6, 1, 3]
 175   42.461848   42.461848   0.00000000   0.00000032  -0.0000   0.5634  7+[ 8, 3, 3]
 176   45.641253   45.641253   0.00000000   0.00000022  -0.0000   0.5515  7+[ 8, 4, 4]
 177   48.328873   48.328873   0.00000000   0.00000059  -0.0000   0.5527  7+[ 6, 2, 4]
 178   49.115159   49.115159   0.00000000   0.00000046  -0.0000   0.6489  7+[ 6, 0, 4]
 179    0.000000    0.000000   0.00000000   0.00000000  -0.0000   0.0000  7+[10, 1, 3]
 180    0.000000    0.000000   0.00000000   0.00000000  -0.0000   0.0000  7+[10, 1, 3]
 181    0.000000    0.000000   0.00000000   0.00000000  -0.0000   0.0000  7+[10, 1, 3]
 182    0.000000    0.000000   0.00000000   0.00000000  -0.0000   0.0000  7+[10, 1, 3]
 183    0.000000    0.000000   0.00000000   0.00000000  -0.0000   0.0000  7+[10, 1, 3]
 184    0.000000    0.000000   0.00000000   0.00000000  -0.0000   0.0000  7+[10, 1, 3]
 185    0.000000    0.000000   0.00000000   0.00000000  -0.0000   0.0000  7+[10, 1, 3]
 186    0.000000    0.000000   0.00000000   0.00000000  -0.0000   0.0000  7+[10, 1, 3]
 187   -6.210158  -10.112185   1.00000000   0.00001770  -0.0000   0.9795  7-[ 3, 0, 3]
 188   11.673573   11.673573   0.00000000   0.00000166  -0.0000   0.8614  7-[ 5, 2, 3]
 189   13.402951   13.402951   0.00000000   0.00000100  -0.0000   0.7884  7-[ 5, 0, 3]
 190   19.637610   19.637610   0.00000000   0.00000078  -0.0000   0.7427  7-[ 5, 1, 4]
 191   30.087130   30.087130   0.00000000   0.00000071  -0.0000   0.5021  7-[ 7, 4, 3]
 192   32.482775   32.482775   0.00000000   0.00000066  -0.0000   0.5982  7-[ 7, 0, 3]
 193   33.137235   33.137235   0.00000000   0.00000057  -0.0000   0.6009  7-[ 7, 4, 3]
 194   38.481236   38.481236   0.00000000   0.00000035  -0.0000   0.6449  7-[ 7, 3, 4]
 195   39.200493   39.200493   0.00000000   0.00000071  -0.0000   0.5146  7-[ 5, 1, 4]
 196   55.632046   55.632046   0.00000000   0.00000056  -0.0000   0.5583  7-[ 9, 2, 3]
 197   56.577102   56.577102   0.00000000   0.00000031  -0.0000   0.6021  7-[ 9, 4, 3]
 198    0.000000    0.000000   0.00000000   0.00000000  -0.0000   0.0000  7-[ 9, 0, 3]
 199    0.000000    0.000000   0.00000000   0.00000000  -0.0000   0.0000  7-[ 9, 0, 3]
 200    0.000000    0.000000   0.00000000   0.00000000  -0.0000   0.0000  7-[ 9, 0, 3]
 201    0.000000    0.000000   0.00000000   0.00000000  -0.0000   0.0000  7-[ 9, 0, 3]
 202    0.000000    0.000000   0.00000000   0.00000000  -0.0000   0.0000  7-[ 9, 0, 3]
 203    0.824890    0.824890   0.00000000   0.00000354  -0.0000   0.9749  9+[ 4, 0, 4]
 204   19.823831   19.823831   0.00000000   0.00000070  -0.0000   0.6777  9+[ 6, 0, 4]
 205   22.061348   22.061348   0.00000000   0.00000085  -0.0000   0.8143  9+[ 6, 2, 4]
 206   27.045745   27.045745   0.00000000   0.00000039  -0.0000   0.6843  9+[ 6, 1, 5]
 207   37.405996   37.405996   0.00000000   0.00000064  -0.0000   0.5217  9+[ 8, 2, 4]
 208   41.879304   41.879304   0.00000000   0.00000048  -0.0000   0.6203  9+[ 6, 0, 4]
 209   42.519634   42.519634   0.00000000   0.00000031  -0.0000   0.6332  9+[ 8, 4, 4]
 210   45.665015   45.665015   0.00000000   0.00000021  -0.0000   0.6590  9+[ 8, 3, 5]
 211   48.344641   48.344641   0.00000000   0.00000056  -0.0000   0.6065  9+[ 6, 1, 5]
 212    0.000000    0.000000   0.00000000   0.00000000  -0.0000   0.0000  9+[10, 0, 4]
 213    0.000000    0.000000   0.00000000   0.00000000  -0.0000   0.0000  9+[10, 0, 4]
 214    0.000000    0.000000   0.00000000   0.00000000  -0.0000   0.0000  9+[10, 0, 4]
 215    0.000000    0.000000   0.00000000   0.00000000  -0.0000   0.0000  9+[10, 0, 4]
 216    0.000000    0.000000   0.00000000   0.00000000  -0.0000   0.0000  9+[10, 0, 4]
 217    0.000000    0.000000   0.00000000   0.00000000  -0.0000   0.0000  9+[10, 0, 4]
 218    0.000000    0.000000   0.00000000   0.00000000  -0.0000   0.0000  9+[10, 0, 4]
 219   11.887396   11.887396   0.00000000   0.00000156  -0.0000   0.9316  9-[ 5, 1, 4]
 220   19.757096   19.757096   0.00000000   0.00000069  -0.0000   0.7824  9-[ 5, 0, 5]
 221   30.142356   30.142356   0.00000000   0.00000067  -0.0000   0.6875  9-[ 7, 1, 4]
 222   33.239096   33.239096   0.00000000   0.00000056  -0.0000   0.7441  9-[ 7, 3, 4]
 223   38.525931   38.525931   0.00000000   0.00000034  -0.0000   0.7445  9-[ 7, 2, 5]
 224   39.135046   39.135046   0.00000000   0.00000064  -0.0000   0.5697  9-[ 7, 0, 5]
 225   55.668270   55.668270   0.00000000   0.00000055  -0.0000   0.5517  9-[ 9, 5, 4]
 226   56.636953   56.636953   0.00000000   0.00000030  -0.0000   0.6162  9-[ 9, 5, 4]
 227    0.000000    0.000000   0.00000000   0.00000000  -0.0000   0.0000  9-[ 9, 1, 4]
 228    0.000000    0.000000   0.00000000   0.00000000  -0.0000   0.0000  9-[ 9, 1, 4]
 229    0.000000    0.000000   0.00000000   0.00000000  -0.0000   0.0000  9-[ 9, 1, 4]
 230    0.000000    0.000000   0.00000000   0.00000000  -0.0000   0.0000  9-[ 9, 1, 4]
 231   22.228912   22.228912   0.00000000   0.00000079  -0.0000   0.8982 11+[ 6, 1, 5]
 232   27.126974   27.126974   0.00000000   0.00000035  -0.0000   0.7129 11+[ 6, 0, 6]
 233   37.486134   37.486134   0.00000000   0.00000061  -0.0000   0.6795 11+[ 8, 1, 5]
 234   42.600229   42.600229   0.00000000   0.00000030  -0.0000   0.7491 11+[ 8, 3, 5]
 235   45.697817   45.697817   0.00000000   0.00000020  -0.0000   0.7423 11+[ 8, 2, 6]
 236   48.300464   48.300464   0.00000000   0.00000050  -0.0000   0.6330 11+[ 6, 0, 6]
 237    0.000000    0.000000   0.00000000   0.00000000  -0.0000   0.0000 11+[10, 1, 5]
 238    0.000000    0.000000   0.00000000   0.00000000  -0.0000   0.0000 11+[10, 1, 5]
 239    0.000000    0.000000   0.00000000   0.00000000  -0.0000   0.0000 11+[10, 1, 5]
 240    0.000000    0.000000   0.00000000   0.00000000  -0.0000   0.0000 11+[10, 1, 5]
 241    0.000000    0.000000   0.00000000   0.00000000  -0.0000   0.0000 11+[10, 1, 5]
 242    0.000000    0.000000   0.00000000   0.00000000  -0.0000   0.0000 11+[10, 1, 5]
 243   12.116469   12.116469   0.00000000   0.00000139  -0.0000   0.9721 11-[ 5, 0, 5]
 244   30.171512   30.171512   0.00000000   0.00000060  -0.0000   0.7942 11-[ 7, 0, 5]
 245   33.381107   33.381107   0.00000000   0.00000053  -0.0000   0.8540 11-[ 7, 2, 5]
 246   38.586728   38.586728   0.00000000   0.00000032  -0.0000   0.8073 11-[ 7, 1, 6]
 247   55.704170   55.704170   0.00000000   0.00000053  -0.0000   0.6867 11-[ 9, 2, 5]
 248   56.718195   56.718195   0.00000000   0.00000030  -0.0000   0.7395 11-[ 9, 4, 5]
 249    0.000000    0.000000   0.00000000   0.00000000  -0.0000   0.0000 11-[ 9, 0, 5]
 250    0.000000    0.000000   0.00000000   0.00000000  -0.0000   0.0000 11-[ 9, 0, 5]
 251    0.000000    0.000000   0.00000000   0.00000000  -0.0000   0.0000 11-[ 9, 0, 5]
 252   22.449458   22.449458   0.00000000   0.00000071  -0.0000   0.9284 13+[ 6, 0, 6]
 253   37.559836   37.559836   0.00000000   0.00000055  -0.0000   0.7583 13+[ 8, 0, 6]
 254   42.709358   42.709358   0.00000000   0.00000029  -0.0000   0.8346 13+[ 8, 2, 6]
 255   45.741216   45.741216   0.00000000   0.00000019  -0.0000   0.7967 13+[ 8, 1, 7]
 256    0.000000    0.000000   0.00000000   0.00000000  -0.0000   0.0000 13+[10, 0, 6]
 257    0.000000    0.000000   0.00000000   0.00000000  -0.0000   0.0000 13+[10, 0, 6]
 258    0.000000    0.000000   0.00000000   0.00000000  -0.0000   0.0000 13+[10, 0, 6]
 259    0.000000    0.000000   0.00000000   0.00000000  -0.0000   0.0000 13+[10, 0, 6]
 260    0.000000    0.000000   0.00000000   0.00000000  -0.0000   0.0000 13+[10, 0, 6]
 261   33.573380   33.573380   0.00000000   0.00000050  -0.0000   0.9248 13-[ 7, 1, 6]
 262   38.664664   38.664664   0.00000000   0.00000028  -0.0000   0.8362 13-[ 7, 0, 7]
 263   55.723630   55.723630   0.00000000   0.00000050  -0.0000   0.8478 13-[ 9, 1, 6]
 264   56.825225   56.825225   0.00000000   0.00000029  -0.0000   0.8431 13-[ 9, 3, 6]
 265    0.000000    0.000000   0.00000000   0.00000000  -0.0000   0.0000 13-[ 9, 1, 6]
 266    0.000000    0.000000   0.00000000   0.00000000  -0.0000   0.0000 13-[ 9, 1, 6]
 267   42.854002   42.854002   0.00000000   0.00000027  -0.0000   0.8881 15+[ 8, 1, 7]
 268   45.796664   45.796664   0.00000000   0.00000017  -0.0000   0.8208 15+[ 8, 0, 8]
 269    0.000000    0.000000   0.00000000   0.00000000  -0.0000   0.0000 15+[10, 1, 7]
 270    0.000000    0.000000   0.00000000   0.00000000  -0.0000   0.0000 15+[10, 1, 7]
 271    0.000000    0.000000   0.00000000   0.00000000  -0.0000   0.0000 15+[10, 1, 7]
 272    0.000000    0.000000   0.00000000   0.00000000  -0.0000   0.0000 15+[10, 1, 7]
 273   33.831412   33.831412   0.00000000   0.00000045  -0.0000   0.9518 15-[ 7, 0, 7]
 274   55.694039   55.694039   0.00000000   0.00000046  -0.0000   0.9259 15-[ 9, 0, 7]
 275   56.963438   56.963438   0.00000000   0.00000028  -0.0000   0.9233 15-[ 9, 2, 7]
 276    0.000000    0.000000   0.00000000   0.00000000  -0.0000   0.0000 15-[ 9, 0, 7]
 277   43.044009   43.044009   0.00000000   0.00000024  -0.0000   0.9090 17+[ 8, 0, 8]
 278    0.000000    0.000000   0.00000000   0.00000000  -0.0000   0.0000 17+[10, 0, 8]
 279    0.000000    0.000000   0.00000000   0.00000000  -0.0000   0.0000 17+[10, 0, 8]
 280    0.000000    0.000000   0.00000000   0.00000000  -0.0000   0.0000 17+[10, 0, 8]
 281   57.139583   57.139583   0.00000000   0.00000026  -0.0000   0.9767 17-[ 9, 1, 8]
 282    0.000000    0.000000   0.00000000   0.00000000  -0.0000   0.0000 17-[ 9, 1, 8]
 283   57.362670   57.362670   0.00000000   0.00000024  -0.0000   1.0000 19-[ 9, 0, 9]
  Sum canonical e_v*V^2_k=  -582.20054956251465     


 #quasiparticle energies protons 
 --------------------------------
  eqp(k) -> q.p. energy 
  e(k)   -> referent s.p. energy 
  p(k)   -> occ.probability 
  del(k) -> referent s.p. gap 
  fermi energy alast=  -13.407578328296362     
  #k  block#    eqp(k)     e(k)       (1-2N)E      decay        p(k)        del(k)    overl      labels
   1    1     1.398871  -13.982316   -1.398871    1.660313    1.00000000   0.0000   0.6777  1+[ 2, 1, 1]
   2    1     2.373084  -14.956529   -2.373084    1.717180    1.00000000   0.0000   0.6214  1+[ 2, 2, 0]
   3    1     8.132088  -20.715534   -8.132088    2.020917    1.00000000   0.0000   0.6672  1+[ 2, 2, 0]
   4    1    14.418634    1.835189   14.418634    2.307273    0.00000000   0.0000   0.5905  1+[ 4, 2, 0]
   5    1    19.464863    6.881417   19.464863    2.513639    0.00000000   0.0000   0.5454  1+[ 4, 4, 0]
   6    1    21.205030    8.621585   21.205030    2.580980    0.00000000   0.0000   0.4019  1+[ 4, 0, 0]
   7    1    21.744647    9.161201   21.744647    2.601508    0.00000000   0.0000   0.5234  1+[ 4, 0, 0]
   8    1    23.838966   11.255520   23.838966    2.679691    0.00000000   0.0000   0.4936  1+[ 4, 2, 0]
   9    1    29.168292  -41.751737  -29.168292    2.869047    1.00000000   0.0000   0.9710  1+[ 0, 0, 0]
  10    1    35.185343   22.601898   35.185343    3.068827    0.00000000   0.0000   0.3889  1+[ 8, 8, 0]
  11    1    35.876334   23.292889   35.876334    3.090944    0.00000000   0.0000   0.3405  1+[ 6, 1, 1]
  12    1    36.953456   24.370011   36.953456    3.125106    0.00000000   0.0000   0.3084  1+[ 4, 4, 0]
  13    1    37.329334   24.745888   37.329334    3.136940    0.00000000   0.0000   0.4775  1+[ 8, 0, 0]
  14    1    37.355287   24.771841   37.355287    3.137756    0.00000000   0.0000   0.4821  1+[ 6, 2, 0]
  15    1    39.326883   26.743438   39.326883    3.199096    0.00000000   0.0000   0.3177  1+[ 8, 1, 1]
  16    1    42.615070   30.031624   42.615070    3.298861    0.00000000   0.0000   0.4435  1+[ 6, 3, 1]
  17    1    53.155805   40.572359   53.155805    3.600085    0.00000000   0.0000   0.3769  1+[ 8, 2, 0]
  18    1    57.854478   45.271033   57.854478    3.726521    0.00000000   0.0000   0.3104  1+[ 6, 5, 1]
  19    1    58.678209   46.094764   58.678209    3.748248    0.00000000   0.0000   0.4980  1+[ 8, 4, 0]
  20    1    60.807142   48.223696   60.807142    3.803825    0.00000000   0.0000   0.3648  1+[ 6, 6, 0]
  21    1    61.584371   49.000926   61.584371    3.823914    0.00000000   0.0000   0.4249  1+[ 8, 4, 0]
  22    1    62.647980   50.064535   62.647980    3.851235    0.00000000   0.0000   0.3450  1+[ 6, 3, 1]
  23    1    63.724689   51.141244   63.724689    3.878696    0.00000000   0.0000   0.3627  1+[ 6, 0, 0]
  24    1    64.112364   51.528919   64.112364    3.888536    0.00000000   0.0000   0.4284  1+[ 6, 0, 0]
  25    1    64.741310   52.157864   64.741310    3.904448    0.00000000   0.0000   0.4094  1+[ 6, 1, 1]
  26    2     3.062502   -9.520943    3.062502    1.756310    0.00000000   0.0000   0.5869  1-[ 3, 2, 1]
  27    2     8.575766   -4.007680    8.575766    2.042444    0.00000000   0.0000   0.6073  1-[ 3, 3, 0]
  28    2    11.028544   -1.554901   11.028544    2.157579    0.00000000   0.0000   0.5780  1-[ 3, 0, 1]
  29    2    12.140697   -0.442748   12.140697    2.207806    0.00000000   0.0000   0.5741  1-[ 3, 0, 1]
  30    2    15.255683  -27.839129  -15.255683    2.342762    1.00000000   0.0000   0.8643  1-[ 1, 0, 1]
  31    2    19.066917  -31.650363  -19.066917    2.497984    1.00000000   0.0000   0.8561  1-[ 1, 1, 0]
  32    2    26.213229   13.629783   26.213229    2.765652    0.00000000   0.0000   0.5821  1-[ 5, 3, 0]
  33    2    28.835466   16.252020   28.835466    2.857589    0.00000000   0.0000   0.5340  1-[ 5, 5, 0]
  34    2    29.356282   16.772837   29.356282    2.875499    0.00000000   0.0000   0.5700  1-[ 5, 1, 0]
  35    2    30.261784   17.678338   30.261784    2.906375    0.00000000   0.0000   0.4690  1-[ 5, 0, 1]
  36    2    31.797127   19.213681   31.797127    2.957991    0.00000000   0.0000   0.4033  1-[ 5, 4, 1]
  37    2    34.347290   21.763845   34.347290    3.041789    0.00000000   0.0000   0.4894  1-[ 5, 2, 1]
  38    2    46.012918   33.429472   46.012918    3.398879    0.00000000   0.0000   0.3947  1-[ 7, 6, 1]
  39    2    48.463529   35.880084   48.463529    3.469225    0.00000000   0.0000   0.3522  1-[ 7, 1, 0]
  40    2    48.898187   36.314742   48.898187    3.481553    0.00000000   0.0000   0.5143  1-[ 7, 4, 1]
  41    2    51.417875   38.834430   51.417875    3.552179    0.00000000   0.0000   0.3284  1-[ 5, 5, 0]
  42    2    52.896797   40.313352   52.896797    3.592986    0.00000000   0.0000   0.3795  1-[ 5, 4, 1]
  43    2    53.649321   41.065875   53.649321    3.613573    0.00000000   0.0000   0.4339  1-[ 7, 2, 1]
  44    2    53.777222   41.193776   53.777222    3.617060    0.00000000   0.0000   0.5214  1-[ 5, 0, 1]
  45    2    54.012829   41.429384   54.012829    3.623475    0.00000000   0.0000   0.4861  1-[ 7, 4, 1]
  46    2    72.086412   59.502967   72.086412    4.085684    0.00000000   0.0000   0.4762  1-[ 9, 3, 0]
  47    3     0.824133  -13.407578   -0.824133    1.625831    1.00000000   0.0000   0.8959  3+[ 2, 0, 2]
  48    3     7.872817  -20.456262   -7.872817    2.008230    1.00000000   0.0000   0.8936  3+[ 2, 1, 1]
  49    3    14.509989    1.926543   14.509989    2.311173    0.00000000   0.0000   0.6477  3+[ 4, 3, 1]
  50    3    19.678183    7.094738   19.678183    2.521991    0.00000000   0.0000   0.6456  3+[ 4, 1, 1]
  51    3    22.133505    9.550059   22.133505    2.616201    0.00000000   0.0000   0.6614  3+[ 4, 0, 2]
  52    3    23.948374   11.364929   23.948374    2.683713    0.00000000   0.0000   0.6417  3+[ 4, 2, 2]
  53    3    35.288576   22.705131   35.288576    3.072142    0.00000000   0.0000   0.3421  3+[ 6, 5, 1]
  54    3    35.902008   23.318563   35.902008    3.091762    0.00000000   0.0000   0.4448  3+[ 6, 1, 1]
  55    3    37.387401   24.803955   37.387401    3.138764    0.00000000   0.0000   0.5755  3+[ 6, 3, 1]
  56    3    37.399692   24.816246   37.399692    3.139150    0.00000000   0.0000   0.4057  3+[ 4, 0, 2]
  57    3    39.374254   26.790809   39.374254    3.200555    0.00000000   0.0000   0.3059  3+[ 8, 4, 2]
  58    3    42.639778   30.056333   42.639778    3.299600    0.00000000   0.0000   0.4255  3+[ 6, 4, 2]
  59    3    53.175345   40.591900   53.175345    3.600620    0.00000000   0.0000   0.3726  3+[ 8, 7, 1]
  60    3    57.899678   45.316232   57.899678    3.727717    0.00000000   0.0000   0.3862  3+[ 6, 5, 1]
  61    3    58.693745   46.110300   58.693745    3.748656    0.00000000   0.0000   0.5038  3+[ 8, 5, 1]
  62    3    60.915074   48.331628   60.915074    3.806621    0.00000000   0.0000   0.4232  3+[ 6, 1, 1]
  63    3    61.596242   49.012797   61.596242    3.824220    0.00000000   0.0000   0.4848  3+[ 8, 4, 2]
  64    3    62.674971   50.091526   62.674971    3.851926    0.00000000   0.0000   0.3528  3+[ 8, 6, 2]
  65    3    64.342646   51.759201   64.342646    3.894370    0.00000000   0.0000   0.5207  3+[ 6, 0, 2]
  66    3    64.818038   52.234593   64.818038    3.906385    0.00000000   0.0000   0.3518  3+[ 6, 4, 2]
  67    4     3.208343   -9.375102    3.208343    1.764477    0.00000000   0.0000   0.7771  3-[ 3, 2, 1]
  68    4     9.270324   -3.313121    9.270324    2.075695    0.00000000   0.0000   0.8344  3-[ 3, 0, 1]
  69    4    12.243792   -0.339653   12.243792    2.212405    0.00000000   0.0000   0.8113  3-[ 3, 1, 2]
  70    4    18.479663  -31.063109  -18.479663    2.474701    1.00000000   0.0000   0.9741  3-[ 1, 0, 1]
  71    4    26.275714   13.692269   26.275714    2.767879    0.00000000   0.0000   0.5539  3-[ 5, 2, 1]
  72    4    29.049553   16.466108   29.049553    2.864964    0.00000000   0.0000   0.4977  3-[ 5, 2, 1]
  73    4    29.468011   16.884565   29.468011    2.879326    0.00000000   0.0000   0.6527  3-[ 5, 0, 1]
  74    4    31.902471   19.319025   31.902471    2.961499    0.00000000   0.0000   0.4889  3-[ 5, 1, 2]
  75    4    34.403507   21.820061   34.403507    3.043610    0.00000000   0.0000   0.5411  3-[ 5, 3, 2]
  76    4    46.034697   33.451252   46.034697    3.399510    0.00000000   0.0000   0.4703  3-[ 7, 6, 1]
  77    4    48.536649   35.953204   48.536649    3.471302    0.00000000   0.0000   0.3441  3-[ 7, 6, 1]
  78    4    48.925999   36.342553   48.925999    3.482341    0.00000000   0.0000   0.5938  3-[ 7, 4, 1]
  79    4    51.713333   39.129888   51.713333    3.560369    0.00000000   0.0000   0.5331  3-[ 5, 0, 1]
  80    4    53.100775   40.517329   53.100775    3.598578    0.00000000   0.0000   0.4081  3-[ 5, 1, 2]
  81    4    53.689343   41.105898   53.689343    3.614664    0.00000000   0.0000   0.4190  3-[ 7, 1, 2]
  82    4    54.031558   41.448113   54.031558    3.623985    0.00000000   0.0000   0.4691  3-[ 7, 5, 2]
  83    4    72.100242   59.516797   72.100242    4.086018    0.00000000   0.0000   0.4777  3-[ 9, 2, 1]
  84    5     7.265392  -19.848837   -7.265392    1.978190    1.00000000   0.0000   0.9746  5+[ 2, 0, 2]
  85    5    14.713868    2.130422   14.713868    2.319852    0.00000000   0.0000   0.8271  5+[ 4, 2, 2]
  86    5    20.173507    7.590061   20.173507    2.541278    0.00000000   0.0000   0.8077  5+[ 4, 0, 2]
  87    5    24.182924   11.599479   24.182924    2.692314    0.00000000   0.0000   0.7949  5+[ 4, 1, 3]
  88    5    35.537037   22.953592   35.537037    3.080104    0.00000000   0.0000   0.4398  5+[ 8, 0, 2]
  89    5    35.956852   23.373406   35.956852    3.093510    0.00000000   0.0000   0.4375  5+[ 6, 4, 2]
  90    5    37.468176   24.884731   37.468176    3.141300    0.00000000   0.0000   0.5767  5+[ 6, 2, 2]
  91    5    39.482983   26.899538   39.482983    3.203902    0.00000000   0.0000   0.4264  5+[ 6, 1, 3]
  92    5    42.693595   30.110150   42.693595    3.301207    0.00000000   0.0000   0.5532  5+[ 6, 3, 3]
  93    5    53.216723   40.633277   53.216723    3.601752    0.00000000   0.0000   0.4653  5+[ 8, 6, 2]
  94    5    57.998259   45.414814   57.998259    3.730323    0.00000000   0.0000   0.3759  5+[ 6, 4, 2]
  95    5    58.726113   46.142668   58.726113    3.749508    0.00000000   0.0000   0.5782  5+[ 8, 4, 2]
  96    5    61.148853   48.565408   61.148853    3.812670    0.00000000   0.0000   0.6184  5+[ 6, 0, 2]
  97    5    61.621119   49.037674   61.621119    3.824861    0.00000000   0.0000   0.5154  5+[ 8, 3, 3]
  98    5    62.732960   50.149514   62.732960    3.853409    0.00000000   0.0000   0.4466  5+[ 6, 3, 3]
  99    5    64.983983   52.400537   64.983983    3.910570    0.00000000   0.0000   0.5465  5+[ 6, 1, 3]
 100    6     3.548595   -9.034850    3.548595    1.783385    0.00000000   0.0000   0.9183  5-[ 3, 1, 2]
 101    6    12.910783    0.327338   12.910783    2.241926    0.00000000   0.0000   0.8953  5-[ 3, 0, 3]
 102    6    26.411516   13.828070   26.411516    2.772711    0.00000000   0.0000   0.7282  5-[ 5, 3, 2]
 103    6    29.428527   16.845082   29.428527    2.877974    0.00000000   0.0000   0.6682  5-[ 5, 1, 2]
 104    6    32.222904   19.639459   32.222904    2.972146    0.00000000   0.0000   0.6287  5-[ 5, 0, 3]
 105    6    34.529519   21.946074   34.529519    3.047688    0.00000000   0.0000   0.6812  5-[ 5, 2, 3]
 106    6    46.081577   33.498131   46.081577    3.400870    0.00000000   0.0000   0.5348  5-[ 7, 5, 2]
 107    6    48.700792   36.117347   48.700792    3.475960    0.00000000   0.0000   0.4826  5-[ 7, 1, 2]
 108    6    48.984582   36.401136   48.984582    3.483999    0.00000000   0.0000   0.6391  5-[ 7, 3, 2]
 109    6    53.492463   40.909017   53.492463    3.609291    0.00000000   0.0000   0.5155  5-[ 5, 0, 3]
 110    6    53.773401   41.189955   53.773401    3.616956    0.00000000   0.0000   0.4414  5-[ 7, 2, 3]
 111    6    54.073236   41.489791   54.073236    3.625118    0.00000000   0.0000   0.6084  5-[ 7, 4, 3]
 112    6    72.128645   59.545200   72.128645    4.086703    0.00000000   0.0000   0.5291  5-[ 9, 3, 2]
 113    7    15.073312    2.489866   15.073312    2.335076    0.00000000   0.0000   0.9316  7+[ 4, 1, 3]
 114    7    24.699193   12.115748   24.699193    2.711151    0.00000000   0.0000   0.8467  7+[ 4, 0, 4]
 115    7    36.027100   23.443655   36.027100    3.095748    0.00000000   0.0000   0.5607  7+[ 6, 1, 3]
 116    7    37.596940   25.013494   37.596940    3.145338    0.00000000   0.0000   0.6921  7+[ 6, 3, 3]
 117    7    39.688357   27.104912   39.688357    3.210215    0.00000000   0.0000   0.5472  7+[ 8, 0, 4]
 118    7    42.786412   30.202967   42.786412    3.303977    0.00000000   0.0000   0.6514  7+[ 6, 2, 4]
 119    7    53.284609   40.701163   53.284609    3.603610    0.00000000   0.0000   0.4831  7+[ 8, 5, 3]
 120    7    58.160601   45.577156   58.160601    3.734610    0.00000000   0.0000   0.5300  7+[ 6, 1, 3]
 121    7    58.777991   46.194546   58.777991    3.750871    0.00000000   0.0000   0.5720  7+[ 8, 3, 3]
 122    7    61.661334   49.077888   61.661334    3.825897    0.00000000   0.0000   0.5246  7+[ 8, 4, 4]
 123    7    62.830159   50.246714   62.830159    3.855895    0.00000000   0.0000   0.5223  7+[ 6, 2, 4]
 124    7    65.281657   52.698212   65.281657    3.918066    0.00000000   0.0000   0.6459  7+[ 6, 0, 4]
 125    8     4.141810   -8.441635    4.141810    1.815878    0.00000000   0.0000   0.9790  7-[ 3, 0, 3]
 126    8    26.643553   14.060107   26.643553    2.780948    0.00000000   0.0000   0.8614  7-[ 5, 2, 3]
 127    8    29.730762   17.147317   29.730762    2.888308    0.00000000   0.0000   0.7800  7-[ 5, 0, 3]
 128    8    34.754983   22.171537   34.754983    3.054972    0.00000000   0.0000   0.7780  7-[ 5, 1, 4]
 129    8    46.159803   33.576357   46.159803    3.403136    0.00000000   0.0000   0.5027  7-[ 7, 4, 3]
 130    8    48.971534   36.388088   48.971534    3.483629    0.00000000   0.0000   0.5997  7-[ 7, 0, 3]
 131    8    49.081050   36.497604   49.081050    3.486727    0.00000000   0.0000   0.5871  7-[ 7, 2, 3]
 132    8    53.897579   41.314133   53.897579    3.620339    0.00000000   0.0000   0.6112  7-[ 7, 1, 4]
 133    8    54.140639   41.557194   54.140639    3.626951    0.00000000   0.0000   0.7152  7-[ 7, 3, 4]
 134    8    72.172826   59.589380   72.172826    4.087768    0.00000000   0.0000   0.5882  7-[ 9, 2, 3]
 135    9    15.639759    3.056313   15.639759    2.358867    0.00000000   0.0000   0.9788  9+[ 4, 0, 4]
 136    9    36.183853   23.600408   36.183853    3.100735    0.00000000   0.0000   0.6786  9+[ 6, 0, 4]
 137    9    37.791426   25.207981   37.791426    3.151428    0.00000000   0.0000   0.8260  9+[ 6, 2, 4]
 138    9    42.935514   30.352068   42.935514    3.308423    0.00000000   0.0000   0.7140  9+[ 6, 1, 5]
 139    9    53.386404   40.802959   53.386404    3.606393    0.00000000   0.0000   0.5320  9+[ 8, 2, 4]
 140    9    58.390386   45.806940   58.390386    3.740671    0.00000000   0.0000   0.6164  9+[ 6, 0, 4]
 141    9    58.853715   46.270269   58.853715    3.752861    0.00000000   0.0000   0.6379  9+[ 8, 4, 4]
 142    9    61.720605   49.137160   61.720605    3.827424    0.00000000   0.0000   0.6465  9+[ 8, 3, 5]
 143    9    62.980424   50.396978   62.980424    3.859735    0.00000000   0.0000   0.5736  9+[ 6, 1, 5]
 144   10    27.008578   14.425132   27.008578    2.793857    0.00000000   0.0000   0.9401  9-[ 5, 1, 4]
 145   10    35.152492   22.569047   35.152492    3.067772    0.00000000   0.0000   0.8155  9-[ 5, 0, 5]
 146   10    46.277845   33.694399   46.277845    3.406554    0.00000000   0.0000   0.6964  9-[ 7, 1, 4]
 147   10    49.215834   36.632389   49.215834    3.490536    0.00000000   0.0000   0.7517  9-[ 7, 3, 4]
 148   10    54.100674   41.517229   54.100674    3.625864    0.00000000   0.0000   0.6418  9-[ 7, 0, 5]
 149   10    54.247016   41.663571   54.247016    3.629841    0.00000000   0.0000   0.7680  9-[ 7, 2, 5]
 150   10    72.234019   59.650574   72.234019    4.089244    0.00000000   0.0000   0.5045  9-[ 9, 1, 4]
 151   11    38.076464   25.493018   38.076464    3.160331    0.00000000   0.0000   0.9122 11+[ 6, 1, 5]
 152   11    43.169289   30.585844   43.169289    3.315381    0.00000000   0.0000   0.7394 11+[ 6, 0, 6]
 153   11    53.532965   40.949519   53.532965    3.610397    0.00000000   0.0000   0.6922 11+[ 8, 1, 5]
 154   11    58.959887   46.376441   58.959887    3.755649    0.00000000   0.0000   0.7566 11+[ 8, 3, 5]
 155   11    61.804125   49.220679   61.804125    3.829575    0.00000000   0.0000   0.7438 11+[ 8, 2, 6]
 156   11    63.205364   50.621919   63.205364    3.865475    0.00000000   0.0000   0.6050 11+[ 6, 0, 6]
 157   12    27.548359   14.964914   27.548359    2.812838    0.00000000   0.0000   0.9779 11-[ 5, 0, 5]
 158   12    46.442950   33.859505   46.442950    3.411328    0.00000000   0.0000   0.8003 11-[ 7, 0, 5]
 159   12    49.418099   36.834654   49.418099    3.496243    0.00000000   0.0000   0.8611 11-[ 7, 2, 5]
 160   12    54.389638   41.806192   54.389638    3.633712    0.00000000   0.0000   0.8209 11-[ 7, 1, 6]
 161   12    72.313083   59.729638   72.313083    4.091149    0.00000000   0.0000   0.7244 11-[ 9, 2, 5]
 162   13    38.496489   25.913043   38.496489    3.173405    0.00000000   0.0000   0.9391 13+[ 6, 0, 6]
 163   13    53.738842   41.155397   53.738842    3.616014    0.00000000   0.0000   0.7673 13+[ 8, 0, 6]
 164   13    59.106869   46.523423   59.106869    3.759504    0.00000000   0.0000   0.8413 13+[ 8, 2, 6]
 165   13    61.918603   49.335157   61.918603    3.832520    0.00000000   0.0000   0.8067 13+[ 8, 1, 7]
 166   14    49.703021   37.119575   49.703021    3.504267    0.00000000   0.0000   0.9304 13-[ 7, 1, 6]
 167   14    54.629581   42.046135   54.629581    3.640215    0.00000000   0.0000   0.8484 13-[ 7, 0, 7]
 168   14    72.410109   59.826664   72.410109    4.093486    0.00000000   0.0000   0.8752 13-[ 9, 1, 6]
 169   15    59.305802   46.722356   59.305802    3.764717    0.00000000   0.0000   0.8932 15+[ 8, 1, 7]
 170   15    62.071948   49.488503   62.071948    3.836462    0.00000000   0.0000   0.8294 15+[ 8, 0, 8]
 171   16    50.106601   37.523156   50.106601    3.515602    0.00000000   0.0000   0.9554 15-[ 7, 0, 7]
 172   16    72.523709   59.940264   72.523709    4.096221    0.00000000   0.0000   0.9393 15-[ 9, 0, 7]
 173   17    59.575298   46.991853   59.575298    3.771767    0.00000000   0.0000   0.9120 17+[ 8, 0, 8]
#all active are  173 q.p. states out of  286
#since the cut off is pwi=  60.0
#check: number of protons =  20.0


 #canonical s.p. energies protons 
 ---------------------------------


  labels -> {2*omega}{parity}[nn=nz+2*nr+nl,nz,nl]
  cqpe   -> canonical q.p. energies
  ce     -> canonical s.p. energies
  fermi energy=  -13.407578328296362     
  average cdelt=  -2.2493250567619269E-005
  k0      ceqp        ce         v*v       u*v        cdel     overl      labels
   1  -11.184575  -13.982316   1.00000000   0.00000792  -0.0000   0.6777  1+[ 2, 1, 1]
   2  -10.210361  -14.956529   1.00000000   0.00000411  -0.0000   0.6214  1+[ 2, 2, 0]
   3   -4.451357  -20.715534   1.00000000   0.00000141  -0.0000   0.6672  1+[ 2, 2, 0]
   4    1.835189    1.835189   0.00000000   0.00000073  -0.0000   0.5905  1+[ 4, 2, 0]
   5    6.881417    6.881417   0.00000000   0.00000039  -0.0000   0.5454  1+[ 4, 4, 0]
   6    8.621585    8.621585   0.00000000   0.00000042  -0.0000   0.4019  1+[ 4, 0, 0]
   7    9.161201    9.161201   0.00000000   0.00000038  -0.0000   0.5234  1+[ 4, 0, 0]
   8   11.255520   11.255520   0.00000000   0.00000032  -0.0000   0.4936  1+[ 4, 2, 0]
   9   16.584846  -41.751737   1.00000000   0.00000053  -0.0000   0.9710  1+[ 0, 0, 0]
  10   22.601898   22.601898   0.00000000   0.00000018  -0.0000   0.3889  1+[ 8, 8, 0]
  11   23.292889   23.292889   0.00000000   0.00000018  -0.0000   0.3405  1+[ 6, 1, 1]
  12   24.370011   24.370011   0.00000000   0.00000019  -0.0000   0.3084  1+[ 4, 4, 0]
  13   24.745888   24.745888   0.00000000   0.00000023  -0.0000   0.4775  1+[ 8, 0, 0]
  14   24.771841   24.771841   0.00000000   0.00000017  -0.0000   0.4821  1+[ 6, 2, 0]
  15   26.743438   26.743438   0.00000000   0.00000018  -0.0000   0.3177  1+[ 8, 1, 1]
  16   30.031624   30.031624   0.00000000   0.00000008  -0.0000   0.4435  1+[ 6, 3, 1]
  17   40.572359   40.572359   0.00000000   0.00000013  -0.0000   0.3769  1+[ 8, 2, 0]
  18   45.271033   45.271033   0.00000000   0.00000013  -0.0000   0.3104  1+[ 6, 5, 1]
  19   46.094764   46.094764   0.00000000   0.00000005  -0.0000   0.4980  1+[ 8, 4, 0]
  20   48.223696   48.223696   0.00000000   0.00000014  -0.0000   0.3648  1+[ 6, 6, 0]
  21   49.000926   49.000926   0.00000000   0.00000003  -0.0000   0.4249  1+[ 8, 4, 0]
  22   50.064535   50.064535   0.00000000   0.00000012  -0.0000   0.3450  1+[ 6, 3, 1]
  23   51.141244   51.141244   0.00000000   0.00000014  -0.0000   0.3627  1+[ 6, 0, 0]
  24   51.528919   51.528919   0.00000000   0.00000014  -0.0000   0.4284  1+[ 6, 0, 0]
  25   52.157864   52.157864   0.00000000   0.00000014  -0.0000   0.4094  1+[ 6, 1, 1]
  26    0.000000    0.000000   0.00000000   0.00000000  -0.0000   0.0000  1+[10, 0, 0]
  27    0.000000    0.000000   0.00000000   0.00000000  -0.0000   0.0000  1+[10, 0, 0]
  28    0.000000    0.000000   0.00000000   0.00000000  -0.0000   0.0000  1+[10, 0, 0]
  29    0.000000    0.000000   0.00000000   0.00000000  -0.0000   0.0000  1+[10, 0, 0]
  30    0.000000    0.000000   0.00000000   0.00000000  -0.0000   0.0000  1+[10, 0, 0]
  31    0.000000    0.000000   0.00000000   0.00000000  -0.0000   0.0000  1+[10, 0, 0]
  32    0.000000    0.000000   0.00000000   0.00000000  -0.0000   0.0000  1+[10, 0, 0]
  33    0.000000    0.000000   0.00000000   0.00000000  -0.0000   0.0000  1+[10, 0, 0]
  34    0.000000    0.000000   0.00000000   0.00000000  -0.0000   0.0000  1+[10, 0, 0]
  35    0.000000    0.000000   0.00000000   0.00000000  -0.0000   0.0000  1+[10, 0, 0]
  36    0.000000    0.000000   0.00000000   0.00000000  -0.0000   0.0000  1+[10, 0, 0]
  37   -9.520943   -9.520943   0.00000000   0.00000338  -0.0000   0.5869  1-[ 3, 2, 1]
  38   -4.007680   -4.007680   0.00000000   0.00000090  -0.0000   0.6073  1-[ 3, 3, 0]
  39   -1.554901   -1.554901   0.00000000   0.00000072  -0.0000   0.5780  1-[ 3, 0, 1]
  40   -0.442748   -0.442748   0.00000000   0.00000094  -0.0000   0.5741  1-[ 3, 0, 1]
  41    2.672238  -27.839129   1.00000000   0.00000094  -0.0000   0.8643  1-[ 1, 0, 1]
  42    6.483472  -31.650363   1.00000000   0.00000066  -0.0000   0.8561  1-[ 1, 1, 0]
  43   13.629783   13.629783   0.00000000   0.00000032  -0.0000   0.5821  1-[ 5, 3, 0]
  44   16.252020   16.252020   0.00000000   0.00000031  -0.0000   0.5340  1-[ 5, 5, 0]
  45   16.772837   16.772837   0.00000000   0.00000030  -0.0000   0.5700  1-[ 5, 1, 0]
  46   17.678338   17.678338   0.00000000   0.00000031  -0.0000   0.4690  1-[ 5, 0, 1]
  47   19.213681   19.213681   0.00000000   0.00000023  -0.0000   0.4033  1-[ 5, 4, 1]
  48   21.763845   21.763845   0.00000000   0.00000016  -0.0000   0.4894  1-[ 5, 2, 1]
  49   33.429472   33.429472   0.00000000   0.00000015  -0.0000   0.3947  1-[ 7, 6, 1]
  50   35.880084   35.880084   0.00000000   0.00000015  -0.0000   0.3522  1-[ 7, 1, 0]
  51   36.314742   36.314742   0.00000000   0.00000010  -0.0000   0.5143  1-[ 7, 4, 1]
  52   38.834430   38.834430   0.00000000   0.00000017  -0.0000   0.3284  1-[ 5, 5, 0]
  53   40.313352   40.313352   0.00000000   0.00000015  -0.0000   0.3795  1-[ 5, 4, 1]
  54   41.065875   41.065875   0.00000000   0.00000015  -0.0000   0.4339  1-[ 7, 2, 1]
  55   41.193776   41.193776   0.00000000   0.00000018  -0.0000   0.5214  1-[ 5, 0, 1]
  56   41.429384   41.429384   0.00000000   0.00000008  -0.0000   0.4861  1-[ 7, 4, 1]
  57   59.502967   59.502967   0.00000000   0.00000012  -0.0000   0.4762  1-[ 9, 3, 0]
  58    0.000000    0.000000   0.00000000   0.00000000  -0.0000   0.0000  1-[ 9, 1, 0]
  59    0.000000    0.000000   0.00000000   0.00000000  -0.0000   0.0000  1-[ 9, 1, 0]
  60    0.000000    0.000000   0.00000000   0.00000000  -0.0000   0.0000  1-[ 9, 1, 0]
  61    0.000000    0.000000   0.00000000   0.00000000  -0.0000   0.0000  1-[ 9, 1, 0]
  62    0.000000    0.000000   0.00000000   0.00000000  -0.0000   0.0000  1-[ 9, 1, 0]
  63    0.000000    0.000000   0.00000000   0.00000000  -0.0000   0.0000  1-[ 9, 1, 0]
  64    0.000000    0.000000   0.00000000   0.00000000  -0.0000   0.0000  1-[ 9, 1, 0]
  65    0.000000    0.000000   0.00000000   0.00000000  -0.0000   0.0000  1-[ 9, 1, 0]
  66    0.000000    0.000000   0.00000000   0.00000000  -0.0000   0.0000  1-[ 9, 1, 0]
  67  -11.759312  -13.407578   1.00000000   0.00001457  -0.0000   0.8959  3+[ 2, 0, 2]
  68   -4.710628  -20.456262   1.00000000   0.00000150  -0.0000   0.8936  3+[ 2, 1, 1]
  69    1.926543    1.926543   0.00000000   0.00000071  -0.0000   0.6477  3+[ 4, 3, 1]
  70    7.094738    7.094738   0.00000000   0.00000040  -0.0000   0.6456  3+[ 4, 1, 1]
  71    9.550059    9.550059   0.00000000   0.00000032  -0.0000   0.6614  3+[ 4, 0, 2]
  72   11.364929   11.364929   0.00000000   0.00000032  -0.0000   0.6417  3+[ 4, 2, 2]
  73   22.705131   22.705131   0.00000000   0.00000019  -0.0000   0.3421  3+[ 6, 5, 1]
  74   23.318563   23.318563   0.00000000   0.00000018  -0.0000   0.4448  3+[ 6, 1, 1]
  75   24.803955   24.803955   0.00000000   0.00000017  -0.0000   0.5755  3+[ 6, 3, 1]
  76   24.816246   24.816246   0.00000000   0.00000019  -0.0000   0.4057  3+[ 4, 0, 2]
  77   26.790809   26.790809   0.00000000   0.00000019  -0.0000   0.3059  3+[ 8, 4, 2]
  78   30.056333   30.056333   0.00000000   0.00000008  -0.0000   0.4255  3+[ 6, 4, 2]
  79   40.591900   40.591900   0.00000000   0.00000013  -0.0000   0.3726  3+[ 8, 7, 1]
  80   45.316232   45.316232   0.00000000   0.00000014  -0.0000   0.3862  3+[ 6, 5, 1]
  81   46.110300   46.110300   0.00000000   0.00000005  -0.0000   0.5038  3+[ 8, 5, 1]
  82   48.331628   48.331628   0.00000000   0.00000015  -0.0000   0.4232  3+[ 6, 1, 1]
  83   49.012797   49.012797   0.00000000   0.00000003  -0.0000   0.4848  3+[ 8, 4, 2]
  84   50.091526   50.091526   0.00000000   0.00000012  -0.0000   0.3528  3+[ 8, 6, 2]
  85   51.759201   51.759201   0.00000000   0.00000015  -0.0000   0.5207  3+[ 6, 0, 2]
  86   52.234593   52.234593   0.00000000   0.00000014  -0.0000   0.3518  3+[ 6, 4, 2]
  87    0.000000    0.000000   0.00000000   0.00000000  -0.0000   0.0000  3+[10, 1, 1]
  88    0.000000    0.000000   0.00000000   0.00000000  -0.0000   0.0000  3+[10, 1, 1]
  89    0.000000    0.000000   0.00000000   0.00000000  -0.0000   0.0000  3+[10, 1, 1]
  90    0.000000    0.000000   0.00000000   0.00000000  -0.0000   0.0000  3+[10, 1, 1]
  91    0.000000    0.000000   0.00000000   0.00000000  -0.0000   0.0000  3+[10, 1, 1]
  92    0.000000    0.000000   0.00000000   0.00000000  -0.0000   0.0000  3+[10, 1, 1]
  93    0.000000    0.000000   0.00000000   0.00000000  -0.0000   0.0000  3+[10, 1, 1]
  94    0.000000    0.000000   0.00000000   0.00000000  -0.0000   0.0000  3+[10, 1, 1]
  95    0.000000    0.000000   0.00000000   0.00000000  -0.0000   0.0000  3+[10, 1, 1]
  96    0.000000    0.000000   0.00000000   0.00000000  -0.0000   0.0000  3+[10, 1, 1]
  97   -9.375102   -9.375102   0.00000000   0.00000330  -0.0000   0.7771  3-[ 3, 2, 1]
  98   -3.313121   -3.313121   0.00000000   0.00000090  -0.0000   0.8344  3-[ 3, 0, 1]
  99   -0.339653   -0.339653   0.00000000   0.00000084  -0.0000   0.8113  3-[ 3, 1, 2]
 100    5.896218  -31.063109   1.00000000   0.00000076  -0.0000   0.9741  3-[ 1, 0, 1]
 101   13.692269   13.692269   0.00000000   0.00000032  -0.0000   0.5539  3-[ 5, 2, 1]
 102   16.466108   16.466108   0.00000000   0.00000031  -0.0000   0.4977  3-[ 5, 2, 1]
 103   16.884565   16.884565   0.00000000   0.00000034  -0.0000   0.6527  3-[ 5, 0, 1]
 104   19.319025   19.319025   0.00000000   0.00000023  -0.0000   0.4889  3-[ 5, 1, 2]
 105   21.820061   21.820061   0.00000000   0.00000016  -0.0000   0.5411  3-[ 5, 3, 2]
 106   33.451252   33.451252   0.00000000   0.00000015  -0.0000   0.4703  3-[ 7, 6, 1]
 107   35.953204   35.953204   0.00000000   0.00000015  -0.0000   0.3441  3-[ 7, 6, 1]
 108   36.342553   36.342553   0.00000000   0.00000010  -0.0000   0.5938  3-[ 7, 4, 1]
 109   39.129888   39.129888   0.00000000   0.00000019  -0.0000   0.5331  3-[ 5, 0, 1]
 110   40.517329   40.517329   0.00000000   0.00000015  -0.0000   0.4081  3-[ 5, 1, 2]
 111   41.105898   41.105898   0.00000000   0.00000015  -0.0000   0.4190  3-[ 7, 1, 2]
 112   41.448113   41.448113   0.00000000   0.00000008  -0.0000   0.4691  3-[ 7, 5, 2]
 113   59.516797   59.516797   0.00000000   0.00000012  -0.0000   0.4777  3-[ 9, 2, 1]
 114    0.000000    0.000000   0.00000000   0.00000000  -0.0000   0.0000  3-[ 9, 0, 1]
 115    0.000000    0.000000   0.00000000   0.00000000  -0.0000   0.0000  3-[ 9, 0, 1]
 116    0.000000    0.000000   0.00000000   0.00000000  -0.0000   0.0000  3-[ 9, 0, 1]
 117    0.000000    0.000000   0.00000000   0.00000000  -0.0000   0.0000  3-[ 9, 0, 1]
 118    0.000000    0.000000   0.00000000   0.00000000  -0.0000   0.0000  3-[ 9, 0, 1]
 119    0.000000    0.000000   0.00000000   0.00000000  -0.0000   0.0000  3-[ 9, 0, 1]
 120    0.000000    0.000000   0.00000000   0.00000000  -0.0000   0.0000  3-[ 9, 0, 1]
 121    0.000000    0.000000   0.00000000   0.00000000  -0.0000   0.0000  3-[ 9, 0, 1]
 122   -5.318053  -19.848837   1.00000000   0.00000176  -0.0000   0.9746  5+[ 2, 0, 2]
 123    2.130422    2.130422   0.00000000   0.00000069  -0.0000   0.8271  5+[ 4, 2, 2]
 124    7.590061    7.590061   0.00000000   0.00000041  -0.0000   0.8077  5+[ 4, 0, 2]
 125   11.599479   11.599479   0.00000000   0.00000033  -0.0000   0.7949  5+[ 4, 1, 3]
 126   22.953592   22.953592   0.00000000   0.00000020  -0.0000   0.4398  5+[ 8, 0, 2]
 127   23.373406   23.373406   0.00000000   0.00000018  -0.0000   0.4375  5+[ 6, 4, 2]
 128   24.884731   24.884731   0.00000000   0.00000017  -0.0000   0.5767  5+[ 6, 2, 2]
 129   26.899538   26.899538   0.00000000   0.00000019  -0.0000   0.4264  5+[ 6, 1, 3]
 130   30.110150   30.110150   0.00000000   0.00000008  -0.0000   0.5532  5+[ 6, 3, 3]
 131   40.633277   40.633277   0.00000000   0.00000013  -0.0000   0.4653  5+[ 8, 6, 2]
 132   45.414814   45.414814   0.00000000   0.00000014  -0.0000   0.3759  5+[ 6, 4, 2]
 133   46.142668   46.142668   0.00000000   0.00000005  -0.0000   0.5782  5+[ 8, 4, 2]
 134   48.565408   48.565408   0.00000000   0.00000016  -0.0000   0.6184  5+[ 6, 0, 2]
 135   49.037674   49.037674   0.00000000   0.00000003  -0.0000   0.5154  5+[ 8, 3, 3]
 136   50.149514   50.149514   0.00000000   0.00000012  -0.0000   0.4466  5+[ 6, 3, 3]
 137   52.400537   52.400537   0.00000000   0.00000014  -0.0000   0.5465  5+[ 6, 1, 3]
 138    0.000000    0.000000   0.00000000   0.00000000  -0.0000   0.0000  5+[10, 0, 2]
 139    0.000000    0.000000   0.00000000   0.00000000  -0.0000   0.0000  5+[10, 0, 2]
 140    0.000000    0.000000   0.00000000   0.00000000  -0.0000   0.0000  5+[10, 0, 2]
 141    0.000000    0.000000   0.00000000   0.00000000  -0.0000   0.0000  5+[10, 0, 2]
 142    0.000000    0.000000   0.00000000   0.00000000  -0.0000   0.0000  5+[10, 0, 2]
 143    0.000000    0.000000   0.00000000   0.00000000  -0.0000   0.0000  5+[10, 0, 2]
 144    0.000000    0.000000   0.00000000   0.00000000  -0.0000   0.0000  5+[10, 0, 2]
 145    0.000000    0.000000   0.00000000   0.00000000  -0.0000   0.0000  5+[10, 0, 2]
 146    0.000000    0.000000   0.00000000   0.00000000  -0.0000   0.0000  5+[10, 0, 2]
 147   -9.034850   -9.034850   0.00000000   0.00000312  -0.0000   0.9183  5-[ 3, 1, 2]
 148    0.327338    0.327338   0.00000000   0.00000085  -0.0000   0.8953  5-[ 3, 0, 3]
 149   13.828070   13.828070   0.00000000   0.00000032  -0.0000   0.7282  5-[ 5, 3, 2]
 150   16.845082   16.845082   0.00000000   0.00000024  -0.0000   0.6682  5-[ 5, 1, 2]
 151   19.639459   19.639459   0.00000000   0.00000024  -0.0000   0.6287  5-[ 5, 0, 3]
 152   21.946074   21.946074   0.00000000   0.00000016  -0.0000   0.6812  5-[ 5, 2, 3]
 153   33.498131   33.498131   0.00000000   0.00000016  -0.0000   0.5348  5-[ 7, 5, 2]
 154   36.117347   36.117347   0.00000000   0.00000016  -0.0000   0.4826  5-[ 7, 1, 2]
 155   36.401136   36.401136   0.00000000   0.00000010  -0.0000   0.6391  5-[ 7, 3, 2]
 156   40.909017   40.909017   0.00000000   0.00000017  -0.0000   0.5155  5-[ 5, 0, 3]
 157   41.189955   41.189955   0.00000000   0.00000016  -0.0000   0.4414  5-[ 7, 2, 3]
 158   41.489791   41.489791   0.00000000   0.00000008  -0.0000   0.6084  5-[ 7, 4, 3]
 159   59.545200   59.545200   0.00000000   0.00000012  -0.0000   0.5291  5-[ 9, 3, 2]
 160    0.000000    0.000000   0.00000000   0.00000000  -0.0000   0.0000  5-[ 9, 1, 2]
 161    0.000000    0.000000   0.00000000   0.00000000  -0.0000   0.0000  5-[ 9, 1, 2]
 162    0.000000    0.000000   0.00000000   0.00000000  -0.0000   0.0000  5-[ 9, 1, 2]
 163    0.000000    0.000000   0.00000000   0.00000000  -0.0000   0.0000  5-[ 9, 1, 2]
 164    0.000000    0.000000   0.00000000   0.00000000  -0.0000   0.0000  5-[ 9, 1, 2]
 165    0.000000    0.000000   0.00000000   0.00000000  -0.0000   0.0000  5-[ 9, 1, 2]
 166    0.000000    0.000000   0.00000000   0.00000000  -0.0000   0.0000  5-[ 9, 1, 2]
 167    2.489866    2.489866   0.00000000   0.00000068  -0.0000   0.9316  7+[ 4, 1, 3]
 168   12.115748   12.115748   0.00000000   0.00000034  -0.0000   0.8467  7+[ 4, 0, 4]
 169   23.443655   23.443655   0.00000000   0.00000018  -0.0000   0.5607  7+[ 6, 1, 3]
 170   25.013494   25.013494   0.00000000   0.00000017  -0.0000   0.6921  7+[ 6, 3, 3]
 171   27.104912   27.104912   0.00000000   0.00000021  -0.0000   0.5472  7+[ 8, 0, 4]
 172   30.202967   30.202967   0.00000000   0.00000008  -0.0000   0.6514  7+[ 6, 2, 4]
 173   40.701163   40.701163   0.00000000   0.00000014  -0.0000   0.4831  7+[ 8, 5, 3]
 174   45.577156   45.577156   0.00000000   0.00000015  -0.0000   0.5300  7+[ 6, 1, 3]
 175   46.194546   46.194546   0.00000000   0.00000005  -0.0000   0.5720  7+[ 8, 3, 3]
 176   49.077888   49.077888   0.00000000   0.00000003  -0.0000   0.5246  7+[ 8, 4, 4]
 177   50.246714   50.246714   0.00000000   0.00000013  -0.0000   0.5223  7+[ 6, 2, 4]
 178   52.698212   52.698212   0.00000000   0.00000015  -0.0000   0.6459  7+[ 6, 0, 4]
 179    0.000000    0.000000   0.00000000   0.00000000  -0.0000   0.0000  7+[10, 1, 3]
 180    0.000000    0.000000   0.00000000   0.00000000  -0.0000   0.0000  7+[10, 1, 3]
 181    0.000000    0.000000   0.00000000   0.00000000  -0.0000   0.0000  7+[10, 1, 3]
 182    0.000000    0.000000   0.00000000   0.00000000  -0.0000   0.0000  7+[10, 1, 3]
 183    0.000000    0.000000   0.00000000   0.00000000  -0.0000   0.0000  7+[10, 1, 3]
 184    0.000000    0.000000   0.00000000   0.00000000  -0.0000   0.0000  7+[10, 1, 3]
 185    0.000000    0.000000   0.00000000   0.00000000  -0.0000   0.0000  7+[10, 1, 3]
 186    0.000000    0.000000   0.00000000   0.00000000  -0.0000   0.0000  7+[10, 1, 3]
 187   -8.441635   -8.441635   0.00000000   0.00000289  -0.0000   0.9790  7-[ 3, 0, 3]
 188   14.060107   14.060107   0.00000000   0.00000032  -0.0000   0.8614  7-[ 5, 2, 3]
 189   17.147317   17.147317   0.00000000   0.00000026  -0.0000   0.7800  7-[ 5, 0, 3]
 190   22.171537   22.171537   0.00000000   0.00000017  -0.0000   0.7780  7-[ 5, 1, 4]
 191   33.576357   33.576357   0.00000000   0.00000016  -0.0000   0.5027  7-[ 7, 4, 3]
 192   36.388088   36.388088   0.00000000   0.00000017  -0.0000   0.5997  7-[ 7, 0, 3]
 193   36.497604   36.497604   0.00000000   0.00000011  -0.0000   0.5871  7-[ 7, 2, 3]
 194   41.314133   41.314133   0.00000000   0.00000016  -0.0000   0.6112  7-[ 7, 1, 4]
 195   41.557194   41.557194   0.00000000   0.00000008  -0.0000   0.7152  7-[ 7, 3, 4]
 196   59.589380   59.589380   0.00000000   0.00000012  -0.0000   0.5882  7-[ 9, 2, 3]
 197    0.000000    0.000000   0.00000000   0.00000000  -0.0000   0.0000  7-[ 9, 0, 3]
 198    0.000000    0.000000   0.00000000   0.00000000  -0.0000   0.0000  7-[ 9, 0, 3]
 199    0.000000    0.000000   0.00000000   0.00000000  -0.0000   0.0000  7-[ 9, 0, 3]
 200    0.000000    0.000000   0.00000000   0.00000000  -0.0000   0.0000  7-[ 9, 0, 3]
 201    0.000000    0.000000   0.00000000   0.00000000  -0.0000   0.0000  7-[ 9, 0, 3]
 202    0.000000    0.000000   0.00000000   0.00000000  -0.0000   0.0000  7-[ 9, 0, 3]
 203    3.056313    3.056313   0.00000000   0.00000069  -0.0000   0.9788  9+[ 4, 0, 4]
 204   23.600408   23.600408   0.00000000   0.00000019  -0.0000   0.6786  9+[ 6, 0, 4]
 205   25.207981   25.207981   0.00000000   0.00000017  -0.0000   0.8260  9+[ 6, 2, 4]
 206   30.352068   30.352068   0.00000000   0.00000008  -0.0000   0.7140  9+[ 6, 1, 5]
 207   40.802959   40.802959   0.00000000   0.00000014  -0.0000   0.5320  9+[ 8, 2, 4]
 208   45.806940   45.806940   0.00000000   0.00000016  -0.0000   0.6164  9+[ 6, 0, 4]
 209   46.270269   46.270269   0.00000000   0.00000005  -0.0000   0.6379  9+[ 8, 4, 4]
 210   49.137160   49.137160   0.00000000   0.00000003  -0.0000   0.6465  9+[ 8, 3, 5]
 211   50.396978   50.396978   0.00000000   0.00000013  -0.0000   0.5736  9+[ 6, 1, 5]
 212    0.000000    0.000000   0.00000000   0.00000000  -0.0000   0.0000  9+[10, 0, 4]
 213    0.000000    0.000000   0.00000000   0.00000000  -0.0000   0.0000  9+[10, 0, 4]
 214    0.000000    0.000000   0.00000000   0.00000000  -0.0000   0.0000  9+[10, 0, 4]
 215    0.000000    0.000000   0.00000000   0.00000000  -0.0000   0.0000  9+[10, 0, 4]
 216    0.000000    0.000000   0.00000000   0.00000000  -0.0000   0.0000  9+[10, 0, 4]
 217    0.000000    0.000000   0.00000000   0.00000000  -0.0000   0.0000  9+[10, 0, 4]
 218    0.000000    0.000000   0.00000000   0.00000000  -0.0000   0.0000  9+[10, 0, 4]
 219   14.425132   14.425132   0.00000000   0.00000032  -0.0000   0.9401  9-[ 5, 1, 4]
 220   22.569047   22.569047   0.00000000   0.00000017  -0.0000   0.8155  9-[ 5, 0, 5]
 221   33.694399   33.694399   0.00000000   0.00000017  -0.0000   0.6964  9-[ 7, 1, 4]
 222   36.632389   36.632389   0.00000000   0.00000010  -0.0000   0.7517  9-[ 7, 3, 4]
 223   41.517229   41.517229   0.00000000   0.00000017  -0.0000   0.6418  9-[ 7, 0, 5]
 224   41.663571   41.663571   0.00000000   0.00000009  -0.0000   0.7680  9-[ 7, 2, 5]
 225   59.650574   59.650574   0.00000000   0.00000013  -0.0000   0.5045  9-[ 9, 1, 4]
 226    0.000000    0.000000   0.00000000   0.00000000  -0.0000   0.0000  9-[ 9, 1, 4]
 227    0.000000    0.000000   0.00000000   0.00000000  -0.0000   0.0000  9-[ 9, 1, 4]
 228    0.000000    0.000000   0.00000000   0.00000000  -0.0000   0.0000  9-[ 9, 1, 4]
 229    0.000000    0.000000   0.00000000   0.00000000  -0.0000   0.0000  9-[ 9, 1, 4]
 230    0.000000    0.000000   0.00000000   0.00000000  -0.0000   0.0000  9-[ 9, 1, 4]
 231   25.493018   25.493018   0.00000000   0.00000017  -0.0000   0.9122 11+[ 6, 1, 5]
 232   30.585844   30.585844   0.00000000   0.00000008  -0.0000   0.7394 11+[ 6, 0, 6]
 233   40.949519   40.949519   0.00000000   0.00000014  -0.0000   0.6922 11+[ 8, 1, 5]
 234   46.376441   46.376441   0.00000000   0.00000005  -0.0000   0.7566 11+[ 8, 3, 5]
 235   49.220679   49.220679   0.00000000   0.00000003  -0.0000   0.7438 11+[ 8, 2, 6]
 236   50.621919   50.621919   0.00000000   0.00000014  -0.0000   0.6050 11+[ 6, 0, 6]
 237    0.000000    0.000000   0.00000000   0.00000000  -0.0000   0.0000 11+[10, 1, 5]
 238    0.000000    0.000000   0.00000000   0.00000000  -0.0000   0.0000 11+[10, 1, 5]
 239    0.000000    0.000000   0.00000000   0.00000000  -0.0000   0.0000 11+[10, 1, 5]
 240    0.000000    0.000000   0.00000000   0.00000000  -0.0000   0.0000 11+[10, 1, 5]
 241    0.000000    0.000000   0.00000000   0.00000000  -0.0000   0.0000 11+[10, 1, 5]
 242    0.000000    0.000000   0.00000000   0.00000000  -0.0000   0.0000 11+[10, 1, 5]
 243   14.964914   14.964914   0.00000000   0.00000033  -0.0000   0.9779 11-[ 5, 0, 5]
 244   33.859505   33.859505   0.00000000   0.00000017  -0.0000   0.8003 11-[ 7, 0, 5]
 245   36.834654   36.834654   0.00000000   0.00000010  -0.0000   0.8611 11-[ 7, 2, 5]
 246   41.806192   41.806192   0.00000000   0.00000006  -0.0000   0.8209 11-[ 7, 1, 6]
 247   59.729638   59.729638   0.00000000   0.00000013  -0.0000   0.7244 11-[ 9, 2, 5]
 248    0.000000    0.000000   0.00000000   0.00000000  -0.0000   0.0000 11-[ 9, 0, 5]
 249    0.000000    0.000000   0.00000000   0.00000000  -0.0000   0.0000 11-[ 9, 0, 5]
 250    0.000000    0.000000   0.00000000   0.00000000  -0.0000   0.0000 11-[ 9, 0, 5]
 251    0.000000    0.000000   0.00000000   0.00000000  -0.0000   0.0000 11-[ 9, 0, 5]
 252   25.913043   25.913043   0.00000000   0.00000018  -0.0000   0.9391 13+[ 6, 0, 6]
 253   41.155397   41.155397   0.00000000   0.00000015  -0.0000   0.7673 13+[ 8, 0, 6]
 254   46.523423   46.523423   0.00000000   0.00000005  -0.0000   0.8413 13+[ 8, 2, 6]
 255   49.335157   49.335157   0.00000000   0.00000003  -0.0000   0.8067 13+[ 8, 1, 7]
 256    0.000000    0.000000   0.00000000   0.00000000  -0.0000   0.0000 13+[10, 0, 6]
 257    0.000000    0.000000   0.00000000   0.00000000  -0.0000   0.0000 13+[10, 0, 6]
 258    0.000000    0.000000   0.00000000   0.00000000  -0.0000   0.0000 13+[10, 0, 6]
 259    0.000000    0.000000   0.00000000   0.00000000  -0.0000   0.0000 13+[10, 0, 6]
 260    0.000000    0.000000   0.00000000   0.00000000  -0.0000   0.0000 13+[10, 0, 6]
 261   37.119575   37.119575   0.00000000   0.00000010  -0.0000   0.9304 13-[ 7, 1, 6]
 262   42.046135   42.046135   0.00000000   0.00000006  -0.0000   0.8484 13-[ 7, 0, 7]
 263   59.826664   59.826664   0.00000000   0.00000013  -0.0000   0.8752 13-[ 9, 1, 6]
 264    0.000000    0.000000   0.00000000   0.00000000  -0.0000   0.0000 13-[ 9, 1, 6]
 265    0.000000    0.000000   0.00000000   0.00000000  -0.0000   0.0000 13-[ 9, 1, 6]
 266    0.000000    0.000000   0.00000000   0.00000000  -0.0000   0.0000 13-[ 9, 1, 6]
 267   46.722356   46.722356   0.00000000   0.00000005  -0.0000   0.8932 15+[ 8, 1, 7]
 268   49.488503   49.488503   0.00000000   0.00000003  -0.0000   0.8294 15+[ 8, 0, 8]
 269    0.000000    0.000000   0.00000000   0.00000000  -0.0000   0.0000 15+[10, 1, 7]
 270    0.000000    0.000000   0.00000000   0.00000000  -0.0000   0.0000 15+[10, 1, 7]
 271    0.000000    0.000000   0.00000000   0.00000000  -0.0000   0.0000 15+[10, 1, 7]
 272    0.000000    0.000000   0.00000000   0.00000000  -0.0000   0.0000 15+[10, 1, 7]
 273   37.523156   37.523156   0.00000000   0.00000011  -0.0000   0.9554 15-[ 7, 0, 7]
 274   59.940264   59.940264   0.00000000   0.00000014  -0.0000   0.9393 15-[ 9, 0, 7]
 275    0.000000    0.000000   0.00000000   0.00000000  -0.0000   0.0000 15-[ 9, 0, 7]
 276    0.000000    0.000000   0.00000000   0.00000000  -0.0000   0.0000 15-[ 9, 0, 7]
 277   46.991853   46.991853   0.00000000   0.00000005  -0.0000   0.9120 17+[ 8, 0, 8]
 278    0.000000    0.000000   0.00000000   0.00000000  -0.0000   0.0000 17+[10, 0, 8]
 279    0.000000    0.000000   0.00000000   0.00000000  -0.0000   0.0000 17+[10, 0, 8]
 280    0.000000    0.000000   0.00000000   0.00000000  -0.0000   0.0000 17+[10, 0, 8]
  Sum canonical e_v*V^2_k=  -471.34278817802902     

  NB! From expect (UNPROJECTED RESULTS)

  pairing: CpV0,CpV1,...        -280.000000    -280.000000       0.500000       0.500000
  forces:   SKM*                          
  Blocked neutron block       8


                             neutrons         protons         total
  Requested part.numbs.      27.000000      20.000000      47.000000
  UnPj(av) part.numbs .      27.000000      20.000000      47.000000
  b0, bz, bp ..........       1.750004       1.750004       1.750004

  lambda (ala) ........      -8.161171     -12.583445
  Lambda (alast) ......     -10.222038     -13.407578
  delta(n,p), pwi .....       0.000071      -0.000023      60.000000
  pairing energy ......      -0.000000      -0.000000      -0.000000

  rms-radius ..........       3.573810       3.443265       3.518851
  charge-radius, r0 ...                      3.535723       4.361089
  deformation beta2....       0.049661       0.027131       0.040481
  dipole moment[fm] ...       0.000000       0.000000       0.000000
  quadrupole moment[b]        0.216051       0.081160       0.297211
  octupole moment .....       0.000000       0.000000       0.000000
  hexadecapole moment .      -0.002497      -0.000747      -0.003244
  q5 ..................       0.000000       0.000000       0.000000
  q6 ..................       0.000034      -0.000000       0.000034
  q7 ..................       0.000000       0.000000       0.000000
  q8 ..................       0.000001       0.000000       0.000002

  <Jx^2> from rho .....       0.056536       0.024213       0.080749
  <Jx^2> from kappa ...      -0.000000      -0.000000      -0.000000
  <J^2> = 2*<Jx^2> ....       0.113072       0.048426       0.161498

  kinetic energy ......     494.597289     310.647923     805.245212
  volume energy .......                                 -1373.029036
        rho_tau .......                                   140.236009
        rho_rho .......                                 -1513.265045
  surface energy ......                                   117.822989
   rho_DELTA_rho ......                                   117.822989
   (NABLA_rho)^2 ......                                     0.000000
  spin-orbit energy ...                                   -30.891440
        rho_NABLA_J ...                                   -30.891440
        NABLA_rho_J ...                                     0.000000
  coulomb energy ......                                    71.414738
          direct ......                                    78.854219
          exchange ....                                    -7.439482
          pairing .....                                     0.000000
  tensor energy .......                                     0.000000
  direct Hartree E  ...                                     0.000000
  Extra E .............                                     0.000000
  External field E ....                                     0.000000
  Entropy .............       0.000000       0.000000       0.000000

  tEnergy: ehfb (qp)...                                  -409.437538

  Calculated but not added corrections
  ====================================
  cmc-diagonal part ...      10.752115       6.753216      17.505331
  cmc-hfb .............       0.000000       0.000000       0.000000
  cranking rot corr ...       0.000000       0.000000       0.000000

  SQUJ ................       0.000000       0.000000       0.000000
  CRAN x 4 ............       0.000000       0.000000       0.000000
  Rigit Body ..........       0.000000       0.000000       0.000000


   Blocking candidates are:
   neutron eqpmin=   1.9510136028851970       pwiblo=   1.0000000000000000     
    num=   4 block=   8 state=   1   128 Eqp=   1.95101360  (1-2N)E=  -0.00000000  overl=   0.97952695  7-[ 3, 0, 3]

   Blocking candidates are:
   proton  eqpmin=  0.82413292994905651       pwiblo=   1.0000000000000000     


Distributed parallelism with MPI     : 1 tasks/HFBTHO
Multi-threading framework with OpenMP: 4 threads/task

  ==========================================
           FORTRAN 95 CODE (KIND= 8) 
 git: parent: 3cae9cc3ec7a0c93cd724b300dc0d972f613f33e
  ==========================================
       AXIALLY DEFORMED CONFIGURATIONAL     
     HARTREE-FOCK-BOGOLIUBOV CALCULATIONS   
                     WITH                   
      SKYRME+DELTA PAIRING OR GOGNY EDFs    
                  USING THE                 
             HARMONIC-OSCILLATOR            
                    AND/OR                  
        TRANSFORMED HARMONIC-OSCILLATOR     
                    BASIS                   
                     ---                    
                v1.66  (2005)               
    Stoitsov, Dobaczewski, Nazarewicz, Ring 
                v2.00d (2012)               
        Stoitsov, Schunck, Kortelainen      
                v3.00  (2016)               
            Schunck, Navarro Perez          
  ==========================================
    Nucleus: Ca (A=  47, N= 27, Z= 20)
       Reflection Symmetry Imposed       
            (10/12/2021,  8: 3)                               
  ==========================================


  ---------------------------------------
           UNEDF Module Version: 17
         M.Kortelainen & M.Stoitsov 
  ---------------------------------------

  SKM* functional
  ----------------------------------------
  Crho(0)=   -991.875000000000000    ; Crho(1)=    390.137499999999989    
  CDrho(0)=   974.687500000000000    ; CDrho(1)=  -324.895833333333314    
  Ctau(0)=    34.6875000000000000    ; Ctau(1)=   -34.0625000000000000    
  CrDr(0)=   -68.2031250000000000    ; CrDr(1)=    17.1093750000000000    
  CrdJ(0)=   -97.5000000000000000    ; CrdJ(1)=   -32.5000000000000000    
  CJ(0)=      34.0625000000000000    ; CJ(1)=      34.0625000000000000    
  CpV0(0)=   -280.000000000000000    ; CpV0(1)=   -280.000000000000000    
  CpV1(0)=   0.500000000000000000    ; CpV1(1)=   0.500000000000000000    
  sigma=     0.166666666666666657    ; hbzero=     20.7300000000000004    
  functional has DME couplings: F
  use 3-Nucleon DME couplings: F
  e^2 chrg=   1.43997840859651349    ; CExPar=     1.00000000000000000    
  c.m. correction: T, chr. density in direct Coul: F
  use tensor terms: F

  Coupling constants in natural units
  ----------------------------------------
  Crho_nu(0)=   -1.11697019706649536    ; Crho_nu(1)=   0.439341610846154806    
  CDrho_nu(0)=   1.05494661920042820    ; CDrho_nu(1)= -0.351648873066809420    
  Ctau_nu(0)=   0.491699256216479808    ; Ctau_nu(1)=  -0.482839810158525229    
  CrDr_nu(0)=  -0.966787051074294745    ; CrDr_nu(1)=   0.242527335836506930    
  CrdJ_nu(0)=   -1.38207358504091626    ; CrdJ_nu(1)=  -0.460691195013638755    
  CJ_nu(0)=     0.482839810158525229    ; CJ_nu(1)=     0.482839810158525229    
  CpV0_nu(0)=  -0.315313577999867589    ; CpV0_nu(1)=  -0.315313577999867589    
  CpV1_nu(0)=   0.443851127103029534E-03; CpV1_nu(1)=   0.443851127103029534E-03
  fpi_nu=        93.0000000000000000    ; Lambda_nu=     700.000000000000000    

  Nuclear matter properties
  ----------------------------------------
  E_NM=      -15.7762359616147627    ; K_NM=        216.657542303868979    
  P_NM=     -0.730495530692525363E-15; RHO_NM=     0.160318515964671449    
  ASS_NM=     30.0323865018228560    ; LASS_NM=     45.7703887670942962    
  SMASS_NM=   1.26826090316085582    ; VMASS_NM=    1.53168827653502970    

  Associated (t,x)-coupling constants
  ----------------------------------------
  t0=      -2645.00000000000000    ; x0=       0.899999999999999689E-01
  t1=       410.000000000000000    ; x1=        0.00000000000000000    
  t2=      -135.000000000000000    ; x2=        0.00000000000000000    
  t3=       15595.0000000000000    ; x3=       -0.00000000000000000    
  b4=       65.0000000000000000    ; b4p=       65.0000000000000000    
  te=       0.00000000000000000    ; to=        0.00000000000000000    
  sigma=   0.166666666666666657    ; hbzero=    20.7300000000000004    

  ---------------------------------------
        Characteristics of the run       
  ---------------------------------------
  Output file ................:    57
  Nucleus ....................:   Ca  47
  Number of HO shells ........:    10
  HO length b0 (fm) ..........:     1.75000371403579
  Basis deformation ..........:  beta0=   0.000 q=   1.000
  HO: b0,1/b0,bp,bz,q ........:   0.17500037E+01  0.57142736E+00  0.17500037E+01  0.17500037E+01  0.10000000E+01
  h**2/(2m_n), cmc, e**2 .....:   0.20730000E+02  0.20288936E+02  0.14399784E+01
  h**2/(2m_p), cmc, e**2 .....:   0.20730000E+02  0.20288936E+02  0.14399784E+01
  hom=f*41.0_pr*A^{-1/3}, f...:   0.13537902E+02  0.12000000E+01
  THO basis is ...............:  OFF
  Maximal number of iterations:    50
  Initial mixing parameter ...:  0.900
  Initial wave functions from :  tape
  Energy functional ..........:    SKM*                          
    direct Coulomb by substitution method, exchange Coulomb with Slater approximation
  Pairing cutoff energy ......:    60.00 MeV
  Lipkin-Nogami procedure is .:  OFF
  PAV procedure is ...........:  OFF
  Constraint calculation is ..:  OFF
  Neutron blocking is ........:   ON
  Temperature T ..............:   0.00 MeV
  Pairing regularization is ..:  OFF
  Collective inertia is ......:  OFF
  Fission fragments are ......:  OFF
  Restart indicator ..........:  -1
  Broyden mixing (#iterations):   7

  ---------------------------------------
        Harmonic Oscillator Basis        
  ---------------------------------------
  NUV, NQP:                        6222     286
  Comparison with bookkeeping spherical basis:
  n00:                               10      10  Maximal number of shells
  nbx, 2*n00+1:                      21      21  Maximal number of K-blocks
  ntx, (n00+1)*(n00+2)*(n00+3)/6    286     286  Max.num. p/n levels
  nzx, n00:                          10      10  Maximal nz-quantum number
  nrx, n00/2  :                       5       5  Maximal nr-quantum number
  nlx, n00:                          10      10  Maximal ml-quantum number
  ndx, (n00+2)*(n00+2)/4:            36      36  Maximal dim. of one k-block

  Actual basis used
  Number of blocks: nb .......:   21
  Number of levels: nt .......:  286
  Maximal 2*omega : nom ......:   21
  Maximal nz:       nzm ......:   10
  Maximal nr:       nrm ......:    5
  Maximal ml:       nlm ......:   10
  Maximal N=nz+2*nr+nl .......:   10
  2 x biggest block dim. .....:   72
  Non-zero elements of h .....:     3254
  Number of Broyden elements .:    13016

  ---------------------------------------
            Integration Meshes           
  ---------------------------------------
  Number of Gauss-Hermite mesh points ngh ....:  40
  Number of Gauss-Laguerre mesh points ngl ...:  40
  Number of Gauss-Legendre mesh points nleg ..:  80
  Integration boundaries
    Hermite  - from xh(1)  =  0.12379686 to xh(ngh)   = 11.88786356
    Laguerre - From xl(1)  =  0.03570039 to xl(ngl)   =142.28004447
    Legendre - From xleg(1)=  0.00978669 to xleg(nleg)=  0.99988775
  Max.dev.in:     Orthogonality            Normalization
  Hermite     1.5150139407621233E-015   1.0658141036401503E-014
  Laguerre    4.3068680416470186E-015   8.2156503822261584E-015

  Reading from wel_file: hfbtho_output.hel


  ### REGULAR STAGE (reflection symmetry imposed)
  |HFB+HO> iterations(b0=  1.750, Nsh= 10, inin= -1, N= 27, Z= 20)...
  ----------------------------------------------------------------------------------------------------------------------------------
  i          si     mix   beta      Etot       A       rn      rp         En      Dn      Ep      Dp        Ln      Lp     time  time(Gog.)
  ----------------------------------------------------------------------------------------------------------------------------------
   0N   0.00000479 0.52  0.000  -419.293870   48.0   3.595   3.446 |   -0.000   0.000  -0.000  -0.000 |  -10.337 -14.646   0.000   0.000
    neutron Blocking: block=  4 state=  2   Eqp=   3.80278238  Dqpe=   3.80229446  Ovlp=   1.00000000   5/  6  3-[ 3, 0, 1]
   1B   1.20100012 0.20 -0.010  -405.789982   47.0   3.583   3.446 |   -1.039   0.527  -0.000  -0.000 |  -10.337 -14.646   6.094   0.000
    neutron Blocking: block=  4 state=  2   Eqp=   4.29469866  Dqpe=   3.81126170  Ovlp=   0.99911269   5/  6  3-[ 3, 0, 1]
   2B   0.84397339 0.22 -0.014  -406.997669   47.0   3.590   3.444 |   -2.005   0.756  -0.000  -0.000 |  -10.242 -13.783   0.211   0.000
    neutron Blocking: block=  4 state=  2   Eqp=   3.82525357  Dqpe=   3.10471776  Ovlp=   0.99966429   5/  6  3-[ 3, 0, 1]
   3B   0.33262142 0.24 -0.015  -407.375472   47.0   3.588   3.447 |   -2.611   0.868  -0.000  -0.000 |  -10.030 -13.609   0.214   0.000
    neutron Blocking: block=  4 state=  2   Eqp=   3.61613455  Dqpe=   2.56837088  Ovlp=   0.99949166   5/  6  3-[ 3, 0, 1]
   4B   0.19930250 0.27 -0.018  -407.621216   47.0   3.588   3.448 |   -3.636   1.031  -0.000  -0.000 |   -9.812 -13.415   0.219   0.000
    neutron Blocking: block=  4 state=  2   Eqp=   3.44336962  Dqpe=   2.06874680  Ovlp=   0.99927790   5/  6  3-[ 3, 0, 1]
   5B   0.08562475 0.29 -0.021  -407.760622   47.0   3.589   3.448 |   -4.886   1.200  -0.000  -0.000 |   -9.629 -13.299   0.220   0.000
    neutron Blocking: block=  4 state=  2   Eqp=   3.38444866  Dqpe=   1.85355895  Ovlp=   0.99976684   5/  6  3-[ 3, 0, 1]
   6B   0.02724941 0.32 -0.022  -407.782411   47.0   3.589   3.448 |   -5.595   1.286  -0.000  -0.000 |   -9.551 -13.274   0.218   0.000
    neutron Blocking: block=  4 state=  2   Eqp=   3.38025618  Dqpe=   1.80934155  Ovlp=   0.99998027   5/  6  3-[ 3, 0, 1]
   7B   0.01421074 0.35 -0.023  -407.779650   47.0   3.590   3.449 |   -5.800   1.310  -0.000  -0.000 |   -9.533 -13.277   0.219   0.000
    neutron Blocking: block=  4 state=  2   Eqp=   3.38263771  Dqpe=   1.80744480  Ovlp=   0.99999960   5/  6  3-[ 3, 0, 1]
   8B   0.00577688 0.39 -0.023  -407.779526   47.0   3.590   3.449 |   -5.824   1.313  -0.000  -0.000 |   -9.533 -13.277   0.205   0.000
    neutron Blocking: block=  4 state=  2   Eqp=   3.38511311  Dqpe=   1.81188190  Ovlp=   0.99999991   5/  6  3-[ 3, 0, 1]
   9B   0.00442115 0.43 -0.023  -407.778817   47.0   3.590   3.449 |   -5.820   1.312  -0.000  -0.000 |   -9.535 -13.276   0.217   0.000
    neutron Blocking: block=  4 state=  2   Eqp=   3.38475926  Dqpe=   1.81257541  Ovlp=   0.99999994   5/  6  3-[ 3, 0, 1]
  10B   0.00265334 0.47 -0.023  -407.778970   47.0   3.590   3.449 |   -5.817   1.312  -0.000  -0.000 |   -9.536 -13.275   0.213   0.000
    neutron Blocking: block=  4 state=  2   Eqp=   3.38409299  Dqpe=   1.81291018  Ovlp=   0.99999995   5/  6  3-[ 3, 0, 1]
  11B   0.00158641 0.52 -0.023  -407.779027   47.0   3.590   3.449 |   -5.813   1.311  -0.000  -0.000 |   -9.536 -13.274   0.214   0.000
    neutron Blocking: block=  4 state=  2   Eqp=   3.38334802  Dqpe=   1.81274713  Ovlp=   0.99999998   5/  6  3-[ 3, 0, 1]
  12B   0.00051698 0.57 -0.023  -407.779054   47.0   3.590   3.449 |   -5.811   1.311  -0.000  -0.000 |   -9.536 -13.273   0.203   0.000
    neutron Blocking: block=  4 state=  2   Eqp=   3.38346400  Dqpe=   1.81332203  Ovlp=   1.00000000   5/  6  3-[ 3, 0, 1]
  13B   0.00034718 0.63 -0.023  -407.779115   47.0   3.590   3.449 |   -5.810   1.311  -0.000  -0.000 |   -9.536 -13.272   0.216   0.000
    neutron Blocking: block=  4 state=  2   Eqp=   3.38335712  Dqpe=   1.81337181  Ovlp=   1.00000000   5/  6  3-[ 3, 0, 1]
  14B   0.00005922 0.69 -0.023  -407.779119   47.0   3.590   3.449 |   -5.809   1.311  -0.000  -0.000 |   -9.536 -13.272   0.215   0.000
    neutron Blocking: block=  4 state=  2   Eqp=   3.38339772  Dqpe=   1.81345720  Ovlp=   1.00000000   5/  6  3-[ 3, 0, 1]
  15B   0.00002331 0.76 -0.023  -407.779140   47.0   3.590   3.449 |   -5.809   1.311  -0.000  -0.000 |   -9.536 -13.272   0.221   0.000
    neutron Blocking: block=  4 state=  2   Eqp=   3.38339789  Dqpe=   1.81346640  Ovlp=   1.00000000   5/  6  3-[ 3, 0, 1]
  16B   0.00001432 0.84 -0.023  -407.779142   47.0   3.590   3.449 |   -5.809   1.311  -0.000  -0.000 |   -9.536 -13.272   0.212   0.000
    neutron Blocking: block=  4 state=  2   Eqp=   3.38340253  Dqpe=   1.81348197  Ovlp=   1.00000000   5/  6  3-[ 3, 0, 1]
  17B   0.00000719 0.90 -0.023  -407.779142   47.0   3.590   3.449 |   -5.809   1.311  -0.000  -0.000 |   -9.536 -13.272   0.225   0.000
    neutron Blocking: block=  4 state=  2   Eqp=   3.38340361  Dqpe=   1.81348936  Ovlp=   1.00000000   5/  6  3-[ 3, 0, 1]
  17N   0.00000719 0.90 -0.023  -407.779143   47.0   3.590   3.449 |   -5.809   1.311  -0.000  -0.000 |   -9.536 -13.272   0.225   0.000
  ----------------------------------------------------------------------------------------------------------------------------------
  *   iteration converged   after  17 steps   si=     0.0000071940 ho=  0 tho=  0
  ----------------------------------------------------------------------------------------------------------------------------------
  Total CPU time=   0.163 minutes
    neutron Blocking: block=  4 state=  2   Eqp=   3.38340423  Dqpe=   1.81349240  Ovlp=   1.00000000   5/  6  3-[ 3, 0, 1]


 #quasiparticle energies neutrons
 --------------------------------
  eqp(k) -> q.p. energy 
  e(k)   -> referent s.p. energy 
  p(k)   -> occ.probability 
  del(k) -> referent s.p. gap 
  fermi energy alast=  -9.5363315953250787     
  #k  block#    eqp(k)     e(k)       (1-2N)E      decay        p(k)        del(k)    overl      labels
   1    1     5.179231  -14.523029   -4.986697    1.703291    0.98141292   1.3990   0.7443  1+[ 2, 1, 1]
   2    1     7.456202  -16.888126   -7.351794    1.830330    0.99299856   1.2434   0.7647  1+[ 2, 0, 0]
   3    1    10.294862    0.671530   10.207862    1.977310    0.00422543   1.3356   0.6043  1+[ 4, 2, 0]
   4    1    11.845259  -21.221121  -11.684789    2.053148    0.99322643   1.9432   0.6219  1+[ 2, 1, 1]
   5    1    13.323633    3.695811   13.232142    2.122942    0.00343338   1.5587   0.4942  1+[ 4, 0, 0]
   6    1    14.334022    4.769163   14.305495    2.169351    0.00099509   0.9039   0.4693  1+[ 4, 0, 0]
   7    1    15.609171    6.055048   15.591380    2.226540    0.00056989   0.7450   0.4609  1+[ 4, 1, 1]
   8    1    19.355077    9.793554   19.329886    2.386628    0.00065075   0.9872   0.4855  1+[ 4, 3, 1]
   9    1    28.630479   19.074799   28.611131    2.743110    0.00033790   1.0524   0.3400  1+[ 8, 0, 0]
  10    1    29.251001   19.701855   29.238187    2.765319    0.00021903   0.8657   0.3526  1+[ 6, 5, 1]
  11    1    30.209125   20.630092   30.166423    2.799266    0.00070676   1.6057   0.4073  1+[ 4, 0, 0]
  12    1    30.904158   21.350493   30.886824    2.823635    0.00028044   1.0349   0.3208  1+[ 4, 1, 1]
  13    1    31.670757   22.122940   31.659272    2.850272    0.00018132   0.8529   0.4969  1+[ 6, 4, 0]
  14    1    33.505098   23.952059   33.488391    2.913022    0.00024932   1.0579   0.2936  1+[ 8, 7, 1]
  15    1    34.431672  -43.906224  -34.369892    2.944210    0.99910286   2.0617   0.9853  1+[ 0, 0, 0]
  16    1    36.483057   26.943780   36.480111    3.012110    0.00004037   0.4636   0.4213  1+[ 6, 3, 1]
  17    1    47.050492   37.502479   47.038810    3.340089    0.00012414   1.0484   0.3731  1+[ 8, 2, 0]
  18    1    51.205147   41.658870   51.195202    3.460533    0.00009712   1.0092   0.3033  1+[ 6, 1, 1]
  19    1    52.162935   42.624573   52.160905    3.487710    0.00001946   0.4602   0.4800  1+[ 8, 4, 0]
  20    1    53.746060   44.196182   53.732514    3.532172    0.00012602   1.2066   0.3685  1+[ 6, 6, 0]
  21    1    55.170059   45.632822   55.169154    3.571692    0.00000820   0.3160   0.4225  1+[ 8, 5, 1]
  22    1    56.238982   46.689616   56.225948    3.601072    0.00011589   1.2108   0.4560  1+[ 6, 0, 0]
  23    1    57.403315   47.854548   57.390880    3.632805    0.00010832   1.1948   0.3650  1+[ 6, 1, 1]
  24    1    57.702039   48.154482   57.690814    3.640902    0.00009726   1.1381   0.3683  1+[ 6, 3, 1]
  25    1    58.513393   48.966575   58.502907    3.662803    0.00008961   1.1078   0.3962  1+[ 6, 5, 1]
  26    2     1.569912  -10.217097   -0.680766    1.479735    0.71681659   1.4146   0.5039  1-[ 3, 1, 0]
  27    2     3.374118   -6.309440    3.226892    1.595405    0.02181705   0.9858   0.5986  1-[ 3, 3, 0]
  28    2     5.738401   -3.875117    5.661214    1.735350    0.00672548   0.9380   0.6671  1-[ 3, 0, 1]
  29    2     8.517106   -1.118245    8.418087    1.886602    0.00581295   1.2950   0.6476  1-[ 3, 2, 1]
  30    2    19.566014  -28.885713  -19.349382    2.395324    0.99446406   2.9035   0.8020  1-[ 1, 0, 1]
  31    2    21.400874   11.834796   21.371127    2.469681    0.00069499   1.1280   0.5447  1-[ 5, 3, 0]
  32    2    22.174229   10.038179   19.574511    2.500359    0.05862026  10.4180   0.3745  1-[ 5, 0, 1]
  33    2    22.743648   11.901608   21.437939    2.522708    0.02870491   7.5953   0.4963  1-[ 5, 5, 0]
  34    2    23.235598  -28.695450  -19.159119    2.541858    0.91227945  13.1461   0.7650  1-[ 1, 1, 0]
  35    2    23.645081   13.887135   23.423467    2.557689    0.00468625   3.2297   0.4419  1-[ 5, 0, 1]
  36    2    25.564195   16.010772   25.547103    2.630614    0.00033428   0.9346   0.3892  1-[ 5, 4, 1]
  37    2    29.069312   19.523663   29.059995    2.758835    0.00016026   0.7359   0.4506  1-[ 5, 2, 1]
  38    2    39.660629   30.111369   39.647701    3.114365    0.00016298   1.0126   0.3839  1-[ 7, 2, 1]
  39    2    41.820828   32.272907   41.809239    3.182005    0.00013856   0.9845   0.3234  1-[ 7, 1, 0]
  40    2    42.926969   33.384638   42.920970    3.216090    0.00006988   0.7176   0.4897  1-[ 7, 4, 1]
  41    2    44.455604   34.900957   44.437289    3.262607    0.00020599   1.2760   0.3555  1-[ 5, 5, 0]
  42    2    46.657261   37.108166   46.644498    3.328463    0.00013677   1.0912   0.4773  1-[ 5, 0, 1]
  43    2    46.925932   37.375525   46.911857    3.336411    0.00014997   1.1493   0.3762  1-[ 5, 5, 0]
  44    2    47.997469   38.458729   47.995060    3.367921    0.00002509   0.4808   0.4733  1-[ 7, 4, 1]
  45    2    48.529801   38.977277   48.513609    3.383466    0.00016683   1.2535   0.3191  1-[ 7, 2, 1]
  46    2    65.360237   55.811798   65.348129    3.842654    0.00009262   1.2580   0.4337  1-[ 9, 7, 0]
  47    2    66.421141   56.882275   66.418607    3.869774    0.00001908   0.5802   0.5111  1-[ 9, 5, 0]
  48    3     5.298168  -14.653832   -5.117500    1.710160    0.98294996   1.3718   0.8607  3+[ 2, 0, 2]
  49    3    10.266782    0.645534   10.181866    1.975910    0.00413548   1.3177   0.5701  3+[ 4, 3, 1]
  50    3    11.882117  -21.259221  -11.722889    2.054917    0.99329968   1.9387   0.8663  3+[ 2, 1, 1]
  51    3    13.298792    3.668954   13.205285    2.121788    0.00351561   1.5743   0.5404  3+[ 4, 1, 1]
  52    3    15.531177    5.978108   15.514439    2.223084    0.00053883   0.7208   0.6449  3+[ 4, 0, 2]
  53    3    19.313506    9.752103   19.288434    2.384910    0.00064907   0.9838   0.6429  3+[ 4, 2, 2]
  54    3    28.641335   19.085993   28.622325    2.743501    0.00033188   1.0434   0.3466  3+[ 6, 1, 1]
  55    3    29.235757   19.686705   29.223037    2.764776    0.00021755   0.8623   0.4320  3+[ 6, 5, 1]
  56    3    30.941532   21.390578   30.926910    2.824939    0.00023628   0.9511   0.4535  3+[ 4, 0, 2]
  57    3    31.650641   22.102839   31.639171    2.849576    0.00018119   0.8520   0.5613  3+[ 6, 3, 1]
  58    3    33.483480   23.930598   33.466929    2.912290    0.00024715   1.0527   0.3724  3+[ 4, 2, 2]
  59    3    36.471520   26.932248   36.468580    3.011732    0.00004031   0.4631   0.4025  3+[ 6, 4, 2]
  60    3    47.042942   37.494967   47.031299    3.339866    0.00012375   1.0466   0.3478  3+[ 8, 7, 1]
  61    3    51.182295   41.636074   51.172405    3.459882    0.00009661   1.0061   0.3683  3+[ 6, 1, 1]
  62    3    52.150893   42.612532   52.148864    3.487370    0.00001946   0.4601   0.4781  3+[ 8, 5, 1]
  63    3    53.759518   44.209902   53.746234    3.532547    0.00012355   1.1950   0.3790  3+[ 6, 3, 1]
  64    3    55.164921   45.627685   55.164017    3.571550    0.00000820   0.3158   0.4810  3+[ 8, 4, 2]
  65    3    57.473711   47.925334   57.461666    3.634715    0.00010479   1.1766   0.5676  3+[ 6, 0, 2]
  66    3    57.693962   48.146444   57.682775    3.640683    0.00009695   1.1361   0.3663  3+[ 6, 4, 2]
  67    3    58.467523   48.920825   58.457157    3.661568    0.00008865   1.1009   0.3951  3+[ 6, 4, 2]
  68    4     1.580391  -10.253228   -0.716896    1.480433    0.72680975   1.4084   0.6144  3-[ 3, 2, 1]
  69    4     3.383404   -9.536332   -0.000000    1.595979    0.50000000   3.3834   0.8040  3-[ 3, 0, 1]
  70    4     8.426402   -1.208454    8.327878    1.881857    0.00584619   1.2848   0.7889  3-[ 3, 1, 2]
  71    4    21.378054   11.812126   21.348458    2.468770    0.00069222   1.1245   0.6101  3-[ 5, 2, 1]
  72    4    22.210744    9.343809   18.880140    2.501798    0.07497731  11.6986   0.6048  3-[ 5, 0, 1]
  73    4    22.689631   12.238426   21.774758    2.520596    0.02016059   6.3780   0.5664  3-[ 5, 4, 1]
  74    4    23.199028  -28.307681  -18.771350    2.540440    0.90457189  13.6320   0.9341  3-[ 1, 0, 1]
  75    4    25.515115   15.962343   25.498674    2.628774    0.00032218   0.9158   0.4843  3-[ 5, 1, 2]
  76    4    29.045897   19.500276   29.036608    2.757998    0.00015990   0.7345   0.5325  3-[ 5, 3, 2]
  77    4    39.652653   30.103434   39.639766    3.114112    0.00016250   1.0109   0.4505  3-[ 7, 2, 1]
  78    4    41.796953   32.249159   41.785491    3.181265    0.00013711   0.9788   0.3354  3-[ 7, 6, 1]
  79    4    42.908616   33.366292   42.902623    3.215527    0.00006983   0.7171   0.5522  3-[ 7, 4, 1]
  80    4    44.502170   34.947440   44.483771    3.264014    0.00020671   1.2795   0.5073  3-[ 5, 0, 1]
  81    4    46.743522   37.196351   46.732683    3.331017    0.00011594   1.0066   0.4241  3-[ 5, 1, 2]
  82    4    47.988594   38.449858   47.986189    3.367661    0.00002505   0.4804   0.4911  3-[ 7, 3, 2]
  83    4    48.516092   38.963649   48.499980    3.383066    0.00016604   1.2502   0.3607  3-[ 5, 3, 2]
  84    4    65.358463   55.810049   65.346381    3.842609    0.00009243   1.2566   0.4470  3-[ 9, 2, 1]
  85    4    66.409108   56.870244   66.406576    3.869468    0.00001907   0.5799   0.5140  3-[ 9, 4, 1]
  86    5    10.210467    0.591744   10.128076    1.973098    0.00403466   1.2945   0.7767  5+[ 4, 2, 2]
  87    5    11.963386  -21.338375  -11.802044    2.058812    0.99325684   1.9582   0.9753  5+[ 2, 0, 2]
  88    5    13.196067    3.559617   13.095949    2.117010    0.00379347   1.6224   0.7752  5+[ 4, 0, 2]
  89    5    19.232157    9.670937   19.207269    2.381545    0.00064706   0.9781   0.7465  5+[ 4, 1, 3]
  90    5    28.652451   19.097245   28.633577    2.743900    0.00032936   1.0398   0.5311  5+[ 8, 0, 2]
  91    5    29.205807   19.656925   29.193256    2.763708    0.00021487   0.8561   0.4237  5+[ 6, 4, 2]
  92    5    31.610900   22.063128   31.599460    2.848201    0.00018095   0.8504   0.5467  5+[ 6, 4, 2]
  93    5    33.441185   23.888568   33.424900    2.910858    0.00024349   1.0435   0.4307  5+[ 4, 1, 3]
  94    5    36.448675   26.909412   36.445744    3.010984    0.00004021   0.4622   0.5219  5+[ 6, 3, 3]
  95    5    47.027909   37.480006   47.016337    3.339422    0.00012303   1.0432   0.4452  5+[ 8, 6, 2]
  96    5    51.136978   41.590863   51.127195    3.458591    0.00009566   1.0002   0.3891  5+[ 6, 4, 2]
  97    5    52.126962   42.588601   52.124933    3.486693    0.00001946   0.4599   0.5469  5+[ 8, 4, 2]
  98    5    53.789366   44.239955   53.776286    3.533380    0.00012158   1.1861   0.5899  5+[ 6, 0, 2]
  99    5    55.154694   45.617460   55.153791    3.571267    0.00000818   0.3156   0.4788  5+[ 8, 3, 3]
 100    5    57.677632   48.130182   57.666514    3.640241    0.00009638   1.1324   0.4688  5+[ 6, 3, 3]
 101    5    58.379986   48.833511   58.369842    3.659211    0.00008688   1.0882   0.5354  5+[ 6, 1, 3]
 102    6     1.604570  -10.326207   -0.789875    1.482042    0.74613299   1.3967   0.7793  5-[ 3, 1, 2]
 103    6     8.266456   -1.367789    8.168543    1.873460    0.00592232   1.2685   0.8654  5-[ 3, 0, 3]
 104    6    21.331883   11.766172   21.302503    2.466926    0.00068864   1.1192   0.6251  5-[ 5, 3, 2]
 105    6    22.592255   13.039050   22.575381    2.516785    0.00037344   0.8730   0.5543  5-[ 5, 1, 2]
 106    6    25.437922   15.886413   25.422744    2.625878    0.00029833   0.8786   0.6114  5-[ 5, 0, 3]
 107    6    28.999806   19.454233   28.990565    2.756351    0.00015932   0.7320   0.6534  5-[ 5, 2, 3]
 108    6    39.636621   30.087479   39.623811    3.113605    0.00016160   1.0077   0.4876  5-[ 7, 5, 2]
 109    6    41.747562   32.200010   41.736341    3.179734    0.00013439   0.9679   0.4021  5-[ 7, 1, 2]
 110    6    42.872273   33.329960   42.866292    3.214413    0.00006976   0.7161   0.5737  5-[ 7, 3, 2]
 111    6    46.685549   37.138817   46.675149    3.329301    0.00011139   0.9854   0.5406  5-[ 5, 0, 3]
 112    6    47.970974   38.432246   47.968578    3.367145    0.00002498   0.4795   0.5356  5-[ 7, 4, 3]
 113    6    48.488213   38.935918   48.472249    3.382254    0.00016462   1.2441   0.4486  5-[ 5, 2, 3]
 114    6    65.354877   55.806514   65.342845    3.842517    0.00009205   1.2540   0.4938  5-[ 9, 7, 2]
 115    6    66.385192   56.846332   66.382663    3.868858    0.00001904   0.5794   0.5641  5-[ 9, 5, 2]
 116    7    10.125722    0.508483   10.044815    1.968860    0.00399513   1.2775   0.9114  7+[ 4, 1, 3]
 117    7    19.114672    9.553605   19.089936    2.376678    0.00064703   0.9721   0.8006  7+[ 4, 0, 4]
 118    7    29.163489   19.614804   29.151135    2.762198    0.00021180   0.8488   0.5886  7+[ 6, 1, 3]
 119    7    31.552505   22.004774   31.541105    2.846179    0.00018065   0.8481   0.6978  7+[ 6, 3, 3]
 120    7    33.381216   23.828920   33.365252    2.908826    0.00023912   1.0323   0.5190  7+[ 8, 0, 4]
 121    7    36.414981   26.875729   36.412060    3.009881    0.00004011   0.4612   0.6150  7+[ 6, 2, 4]
 122    7    47.005517   37.457714   46.994045    3.338761    0.00012202   1.0384   0.4731  7+[ 8, 5, 3]
 123    7    51.070076   41.524113   51.060445    3.456684    0.00009430   0.9918   0.5056  7+[ 6, 1, 3]
 124    7    52.091445   42.553085   52.089416    3.485689    0.00001947   0.4598   0.5462  7+[ 8, 3, 3]
 125    7    55.139479   45.602247   55.138578    3.570847    0.00000817   0.3152   0.5565  7+[ 8, 4, 4]
 126    7    57.652653   48.105293   57.641625    3.639564    0.00009564   1.1276   0.5467  7+[ 6, 2, 4]
 127    7    58.267968   48.721764   58.258096    3.656192    0.00008472   1.0726   0.6363  7+[ 6, 0, 4]
 128    8     1.648826  -10.436784   -0.900452    1.484983    0.77305856   1.3812   0.8603  7-[ 3, 0, 3]
 129    8    21.261706   11.696231   21.232562    2.464120    0.00068535   1.1129   0.8031  7-[ 5, 2, 3]
 130    8    22.489828   12.936905   22.473237    2.512770    0.00036885   0.8637   0.7396  7-[ 5, 0, 3]
 131    8    28.932462   19.386942   28.923274    2.753941    0.00015879   0.7291   0.7341  7-[ 5, 1, 4]
 132    8    39.612364   30.063324   39.599656    3.112837    0.00016041   1.0033   0.4873  7-[ 7, 2, 3]
 133    8    41.674172   32.126946   41.663277    3.177458    0.00013071   0.9529   0.5755  7-[ 7, 0, 3]
 134    8    42.818658   33.276360   42.812692    3.212768    0.00006966   0.7147   0.6149  7-[ 7, 4, 3]
 135    8    47.944866   38.406149   47.942480    3.366381    0.00002488   0.4783   0.6511  7-[ 7, 3, 4]
 136    8    48.445125   38.893017   48.429348    3.380998    0.00016283   1.2363   0.5061  7-[ 5, 1, 4]
 137    8    65.349394   55.801102   65.337434    3.842376    0.00009151   1.2502   0.5680  7-[ 9, 6, 3]
 138    8    66.349688   56.810833   66.347164    3.867953    0.00001901   0.5786   0.6062  7-[ 9, 4, 3]
 139    9    10.012813    0.396016    9.932348    1.963199    0.00401811   1.2668   0.9697  9+[ 4, 0, 4]
 140    9    29.113334   19.564796   29.101127    2.760408    0.00020964   0.8430   0.6923  9+[ 6, 0, 4]
 141    9    31.476869   21.929183   31.465515    2.843559    0.00018036   0.8454   0.8132  9+[ 6, 2, 4]
 142    9    36.371149   26.831904   36.368236    3.008445    0.00004005   0.4604   0.6776  9+[ 6, 1, 5]
 143    9    46.975940   37.428256   46.964587    3.337888    0.00012084   1.0327   0.4963  9+[ 8, 2, 4]
 144    9    50.983465   41.437690   50.974022    3.454213    0.00009261   0.9812   0.6063  9+[ 6, 0, 4]
 145    9    52.044795   42.506434   52.042765    3.484369    0.00001950   0.4596   0.6217  9+[ 8, 4, 4]
 146    9    55.119431   45.582200   55.118532    3.570294    0.00000815   0.3148   0.6576  9+[ 8, 3, 5]
 147    9    57.618252   48.070991   57.607323    3.638632    0.00009484   1.1222   0.5975  9+[ 6, 1, 5]
 148   10    21.166988   11.601750   21.138082    2.460328    0.00068281   1.1058   0.9204  9-[ 5, 1, 4]
 149   10    28.845950   19.300464   28.836795    2.750843    0.00015867   0.7267   0.7762  9-[ 5, 0, 5]
 150   10    39.579615   30.030691   39.567023    3.111800    0.00015907   0.9983   0.6953  9-[ 7, 1, 4]
 151   10    42.748826   33.206547   42.742878    3.210625    0.00006956   0.7131   0.7478  9-[ 7, 3, 4]
 152   10    47.910639   38.371933   47.908265    3.365379    0.00002478   0.4770   0.7392  9-[ 7, 2, 5]
 153   10    48.385323   38.833407   48.369739    3.379254    0.00016104   1.2280   0.5742  9-[ 7, 0, 5]
 154   10    65.341862   55.793657   65.329989    3.842183    0.00009086   1.2456   0.5704  9-[ 9, 5, 4]
 155   10    66.303036   56.764187   66.300519    3.866764    0.00001898   0.5777   0.5886  9-[ 9, 5, 4]
 156   11    31.385794   21.838151   31.374483    2.840400    0.00018019   0.8425   0.8897 11+[ 6, 1, 5]
 157   11    36.318162   26.778917   36.315248    3.006708    0.00004011   0.4600   0.7101 11+[ 6, 0, 6]
 158   11    46.939398   37.391840   46.928172    3.336808    0.00011958   1.0265   0.6673 11+[ 8, 1, 5]
 159   11    51.987611   42.449248   51.985580    3.482751    0.00001954   0.4596   0.7366 11+[ 8, 3, 5]
 160   11    55.094761   45.557533   55.093864    3.569613    0.00000814   0.3144   0.7355 11+[ 8, 2, 6]
 161   11    57.573282   48.026113   57.562444    3.637414    0.00009412   1.1171   0.6241 11+[ 6, 0, 6]
 162   12    21.047733   11.482696   21.019028    2.455545    0.00068190   1.0989   0.9679 11-[ 5, 0, 5]
 163   12    39.538067   29.989258   39.525590    3.110483    0.00015779   0.9932   0.7960 11-[ 7, 0, 5]
 164   12    42.664149   33.121888   42.658220    3.208024    0.00006949   0.7113   0.8494 11-[ 7, 2, 5]
 165   12    47.868758   38.330062   47.866394    3.364152    0.00002469   0.4757   0.7981 11-[ 7, 1, 6]
 166   12    65.332034   55.783925   65.320257    3.841931    0.00009013   1.2404   0.6507 11-[ 9, 2, 5]
 167   12    66.245812   56.706971   66.243302    3.865305    0.00001894   0.5766   0.7200 11-[ 9, 4, 5]
 168   13    31.281392   21.733783   31.270114    2.836774    0.00018027   0.8399   0.9289 13+[ 6, 0, 6]
 169   13    46.896163   37.348727   46.885059    3.335531    0.00011838   1.0204   0.7524 13+[ 8, 0, 6]
 170   13    51.920647   42.382281   51.918612    3.480855    0.00001960   0.4597   0.8251 13+[ 8, 2, 6]
 171   13    55.065746   45.528518   55.064849    3.568811    0.00000814   0.3142   0.7881 13+[ 8, 1, 7]
 172   14    42.566281   33.024036   42.560367    3.205015    0.00006947   0.7095   0.9169 13-[ 7, 1, 6]
 173   14    47.819741   38.281048   47.817379    3.362715    0.00002469   0.4752   0.8301 13-[ 7, 0, 7]
 174   14    65.319541   55.771532   65.307864    3.841610    0.00008939   1.2351   0.8321 13-[ 9, 1, 6]
 175   14    66.178724   56.639890   66.176221    3.863594    0.00001891   0.5756   0.8309 13-[ 9, 3, 6]
 176   15    51.844813   42.306439   51.842771    3.478707    0.00001969   0.4601   0.8843 15+[ 8, 1, 7]
 177   15    55.032725   45.495496   55.031828    3.567899    0.00000815   0.3143   0.8157 15+[ 8, 0, 8]
 178   16    42.457123   32.914886   42.451218    3.201656    0.00006955   0.7081   0.9515 15-[ 7, 0, 7]
 179   16    65.303883   55.755969   65.292301    3.841208    0.00008868   1.2299   0.9229 15-[ 9, 0, 7]
 180   16    66.102601   56.563772   66.100104    3.861651    0.00001889   0.5746   0.9157 15-[ 9, 2, 7]
 181   17    51.761185   42.222801   51.759133    3.476336    0.00001982   0.4609   0.9143 17+[ 8, 0, 8]
 182   18    66.018387   56.479562   66.015893    3.859501    0.00001888   0.5738   0.9719 17-[ 9, 1, 8]
 183   20    65.927131   56.388307   65.924639    3.857169    0.00001890   0.5732   1.0000 19-[ 9, 0, 9]
#all active are  183 q.p. states out of  286
#since the cut off is pwi=  60.0
#check: number of neutrons=  27.0


 #canonical s.p. energies neutrons
 ---------------------------------


  labels -> {2*omega}{parity}[nn=nz+2*nr+nl,nz,nl]
  cqpe   -> canonical q.p. energies
  ce     -> canonical s.p. energies
  fermi energy=  -9.5363315953250787     
  average cdelt=   1.3109684333187586     
  k0      ceqp        ce         v*v       u*v        cdel     overl      labels
  12   42.269307   42.267559   0.00000363   0.00190525   0.4256   0.4292  1+[ 8, 2, 0]
  13   34.945061   34.943799   0.00000375   0.00193711   0.3351   0.4781  1+[ 8, 7, 1]
  14   35.919256   35.917493   0.00000494   0.00222260   0.4003   0.4858  1+[ 8, 7, 1]
  15   32.231763   32.230627   0.00000509   0.00225542   0.3081   0.4352  1+[ 8, 3, 1]
  16   32.235205   32.233888   0.00000534   0.00231009   0.3318   0.4680  1+[ 8, 0, 0]
  17   42.605290   42.602383   0.00000542   0.00232803   0.5505   0.4676  1+[ 8, 2, 0]
  18   31.343838   31.342788   0.00000590   0.00242975   0.2930   0.6114  1+[ 8, 0, 0]
  19   58.015297   58.010671   0.00000819   0.00286189   0.7906   0.4971  1+[ 8, 5, 1]
  20   52.256365   52.247743   0.00001942   0.00440681   1.0322   0.5048  1+[ 8, 4, 0]
  21   38.289994   38.282853   0.00007450   0.00863108   0.8264   0.7259  1+[ 6, 0, 0]
  22   40.013396   40.005315   0.00008004   0.00894643   0.8948   0.5015  1+[ 6, 3, 1]
  23   42.871202   42.861864   0.00008345   0.00913494   0.9893   0.5871  1+[ 6, 1, 1]
  24   36.925003   36.916796   0.00008650   0.00930028   0.8732   0.6056  1+[ 6, 6, 0]
  25   35.555238   35.544077   0.00011692   0.01081211   1.0032   0.4512  1+[ 6, 1, 1]
  26   44.186409   44.169910   0.00013394   0.01157252   1.3313   0.5507  1+[ 6, 3, 1]
  27   29.558793   29.533338   0.00030042   0.01733008   1.4106   0.5035  1+[ 6, 3, 1]
  28   10.896531   10.875555   0.00049264   0.02219004   0.9256   0.6504  1+[ 4, 0, 0]
  29   11.979342   11.953280   0.00058905   0.02426318   1.0587   0.5650  1+[ 4, 1, 1]
  30   14.974057   14.929338   0.00090155   0.03001224   1.4799   0.5559  1+[ 4, 3, 1]
  31    7.723450    7.690926   0.00092329   0.03037171   1.0591   0.5670  1+[ 4, 4, 0]
  32    1.831811    1.736422   0.00418205   0.06453343   1.4696   0.6163  1+[ 4, 2, 0]
  33   -4.349591  -14.532811   0.98165878   0.13418204   1.3919   0.7485  1+[ 2, 1, 1]
  34   -1.684933  -17.286874   0.99357696   0.07988607   1.2544   0.7493  1+[ 2, 0, 0]
  35    2.304885  -21.291112   0.99635007   0.06030431   1.4281   0.6237  1+[ 2, 1, 1]
  36   24.514142  -43.573558   0.99980460   0.01397731   0.9497   0.9974  1+[ 0, 0, 0]
  45   42.861965   42.861049   0.00000875   0.00295729   0.3099   0.3906  1-[ 9, 7, 0]
  46   37.821457   37.817935   0.00001263   0.00355356   0.5775   0.4876  1-[ 7, 6, 1]
  47   32.609652   32.606768   0.00001522   0.00390086   0.4931   0.4418  1-[ 7, 6, 1]
  48   30.513433   30.510916   0.00001855   0.00430729   0.4490   0.6330  1-[ 7, 0, 1]
  49   56.871791   56.869259   0.00001906   0.00436572   0.5798   0.5104  1-[ 9, 5, 0]
  50   36.247765   36.242603   0.00001934   0.00439783   0.6875   0.5051  1-[ 7, 6, 1]
  51   31.667880   31.664253   0.00002098   0.00458058   0.5468   0.5779  1-[ 7, 7, 0]
  52   30.300584   30.297491   0.00002169   0.00465726   0.4965   0.5262  1-[ 7, 0, 1]
  53   48.515848   48.507671   0.00002498   0.00499750   0.9743   0.5452  1-[ 7, 4, 1]
  54   46.342099   46.324914   0.00015377   0.01239946   1.3857   0.4402  1-[ 7, 3, 0]
  55   26.737106   26.725720   0.00015605   0.01249100   0.9088   0.6858  1-[ 5, 0, 1]
  56   24.378591   24.365927   0.00018617   0.01364324   0.9268   0.6489  1-[ 5, 5, 0]
  57   27.922973   27.908575   0.00019185   0.01384977   1.0385   0.5318  1-[ 5, 4, 1]
  58   21.617508   21.600265   0.00027654   0.01662728   1.0363   0.5485  1-[ 5, 1, 0]
  59   29.832110   29.806541   0.00031448   0.01773089   1.4186   0.5516  1-[ 5, 2, 1]
  60   15.261815   15.219839   0.00083483   0.02888141   1.4423   0.5754  1-[ 5, 3, 0]
  61   -0.350727   -0.461387   0.00599355   0.07718566   1.4215   0.7300  1-[ 3, 2, 1]
  62   -2.953038   -3.043100   0.00681042   0.08224376   1.0852   0.7684  1-[ 3, 0, 1]
  63   -5.912090   -6.070511   0.02182015   0.14609598   1.0598   0.6336  1-[ 3, 3, 0]
  64   -7.957911  -10.222063   0.71720138   0.45035937   1.4217   0.5938  1-[ 3, 1, 0]
  65   10.119468  -29.151531   0.99896643   0.03213258   1.2627   0.7144  1-[ 1, 0, 1]
  66   13.551310  -32.587900   0.99921747   0.02796272   1.2901   0.7114  1-[ 1, 1, 0]
  77   42.288664   42.286918   0.00000363   0.00190469   0.4255   0.5177  3+[ 8, 6, 2]
  78   34.986469   34.985212   0.00000375   0.00193615   0.3345   0.4699  3+[ 8, 4, 2]
  79   35.917722   35.915971   0.00000494   0.00222269   0.3990   0.5735  3+[ 8, 7, 1]
  80   32.330443   32.329370   0.00000503   0.00224196   0.2999   0.7397  3+[ 8, 0, 2]
  81   32.255813   32.254531   0.00000531   0.00230456   0.3274   0.5261  3+[ 8, 3, 1]
  82   42.662391   42.659479   0.00000542   0.00232787   0.5514   0.4433  3+[ 8, 1, 1]
  83   58.007174   58.002555   0.00000818   0.00286090   0.7899   0.5717  3+[ 8, 4, 2]
  84   52.243745   52.235133   0.00001943   0.00440739   1.0315   0.4992  3+[ 8, 5, 1]
  85   39.948806   39.941189   0.00007612   0.00872425   0.8682   0.7571  3+[ 6, 0, 2]
  86   42.882877   42.873621   0.00008288   0.00910368   0.9850   0.5052  3+[ 6, 4, 2]
  87   36.933740   36.925711   0.00008476   0.00920624   0.8638   0.5737  3+[ 6, 1, 1]
  88   35.508905   35.497802   0.00011654   0.01079493   1.0001   0.5564  3+[ 6, 1, 1]
  89   44.164368   44.147924   0.00013359   0.01155748   1.3288   0.5282  3+[ 6, 2, 2]
  90   29.534981   29.509592   0.00029987   0.01731423   1.4083   0.5806  3+[ 6, 3, 1]
  91   11.860584   11.836014   0.00055644   0.02358237   1.0251   0.8042  3+[ 4, 0, 2]
  92   14.910550   14.866140   0.00089758   0.02994616   1.4729   0.7417  3+[ 4, 2, 2]
  93    7.662153    7.630330   0.00090589   0.03008430   1.0458   0.6623  3+[ 4, 1, 1]
  94    1.798975    1.703924   0.00417928   0.06451214   1.4649   0.6035  3+[ 4, 3, 1]
  95   -4.232252  -14.662063   0.98318757   0.12856816   1.3639   0.8633  3+[ 2, 0, 2]
  96    2.353372  -21.341115   0.99642873   0.05965332   1.4185   0.8647  3+[ 2, 1, 1]
 104   42.859510   42.858594   0.00000874   0.00295647   0.3098   0.4013  3-[ 9, 2, 1]
 105   37.813408   37.809898   0.00001262   0.00355219   0.5765   0.5668  3-[ 7, 5, 2]
 106   32.624318   32.621485   0.00001516   0.00389383   0.4887   0.5808  3-[ 7, 1, 2]
 107   56.860398   56.857869   0.00001905   0.00436459   0.5796   0.5168  3-[ 9, 4, 1]
 108   36.238480   36.233325   0.00001934   0.00439781   0.6870   0.5991  3-[ 7, 6, 1]
 109   31.856521   31.852775   0.00002106   0.00458905   0.5568   0.5014  3-[ 7, 0, 1]
 110   48.500894   48.492737   0.00002494   0.00499438   0.9730   0.5787  3-[ 7, 3, 2]
 111   34.163702   34.159155   0.00007467   0.00864084   0.6304   0.6404  3-[ 7, 0, 1]
 112   46.326556   46.309402   0.00015354   0.01239015   1.3843   0.4915  3-[ 7, 4, 1]
 113   27.896432   27.882317   0.00018842   0.01372530   1.0279   0.6629  3-[ 5, 1, 2]
 114   17.751865   17.741219   0.00024045   0.01550454   0.7622   0.6367  3-[ 5, 0, 1]
 115   21.444810   21.427841   0.00027516   0.01658559   1.0253   0.5631  3-[ 5, 4, 1]
 116   29.797654   29.772204   0.00031337   0.01769943   1.4147   0.6348  3-[ 5, 3, 2]
 117   15.233837   15.191998   0.00083311   0.02885155   1.4391   0.5990  3-[ 5, 2, 1]
 118   -0.346904   -0.458856   0.00606277   0.07762738   1.4300   0.8253  3-[ 3, 1, 2]
 119   -6.157429   -6.290439   0.49996407   0.50000000   0.9387   0.8185  3-[ 3, 0, 1]
 120   -7.947776  -10.257439   0.72710666   0.44544648   1.4155   0.7256  3-[ 3, 2, 1]
 121   13.579145  -32.617170   0.99920139   0.02824832   1.2650   0.9831  3-[ 1, 0, 1]
 131   42.300933   42.299191   0.00000362   0.00190381   0.4250   0.5616  5+[ 8, 5, 3]
 132   35.108764   35.107515   0.00000375   0.00193629   0.3340   0.6349  5+[ 8, 1, 3]
 133   36.004494   36.002743   0.00000495   0.00222434   0.3993   0.5359  5+[ 8, 4, 2]
 134   32.318437   32.317222   0.00000528   0.00229871   0.3188   0.8322  5+[ 8, 0, 2]
 135   42.702723   42.699811   0.00000542   0.00232780   0.5516   0.5332  5+[ 8, 2, 2]
 136   57.990993   57.986389   0.00000817   0.00285906   0.7886   0.5745  5+[ 8, 3, 3]
 137   52.218563   52.209968   0.00001944   0.00440868   1.0303   0.5751  5+[ 8, 4, 2]
 138   37.170892   37.163205   0.00008114   0.00900723   0.8474   0.7343  5+[ 6, 0, 2]
 139   42.387110   42.378086   0.00008202   0.00905625   0.9680   0.6951  5+[ 6, 1, 3]
 140   35.413557   35.402570   0.00011584   0.01076213   0.9938   0.5808  5+[ 6, 4, 2]
 141   44.119852   44.103512   0.00013295   0.01152964   1.3241   0.6796  5+[ 6, 3, 3]
 142   29.487395   29.462131   0.00029884   0.01728428   1.4040   0.5572  5+[ 6, 2, 2]
 143    7.581329    7.550821   0.00087082   0.02949687   1.0215   0.8647  5+[ 4, 0, 2]
 144   14.712629   14.668868   0.00089156   0.02984575   1.4562   0.8713  5+[ 4, 1, 3]
 145    1.733679    1.639227   0.00417694   0.06449416   1.4560   0.8059  5+[ 4, 2, 2]
 146    2.435584  -21.426634   0.99659132   0.05828429   1.3955   0.9789  5+[ 2, 0, 2]
 151   57.618882   57.615676   0.00000000   0.00000000   0.6562   0.6553  5-[ 9, 7, 2]
 153   42.854440   42.853525   0.00000873   0.00295498   0.3096   0.4428  5-[ 9, 7, 2]
 154   37.797938   37.794448   0.00001261   0.00355067   0.5748   0.5443  5-[ 7, 2, 3]
 155   32.645231   32.642501   0.00001513   0.00388991   0.4799   0.8140  5-[ 7, 0, 3]
 156   56.837683   56.835157   0.00001903   0.00436242   0.5791   0.5624  5-[ 9, 5, 2]
 157   36.215824   36.210684   0.00001935   0.00439846   0.6858   0.6545  5-[ 7, 5, 2]
 158   31.817203   31.813547   0.00002096   0.00457859   0.5499   0.7045  5-[ 7, 1, 2]
 159   48.471084   48.462964   0.00002489   0.00498864   0.9705   0.6070  5-[ 7, 4, 3]
 160   46.295336   46.278240   0.00015310   0.01237223   1.3815   0.5234  5-[ 7, 3, 2]
 161   27.713249   27.699628   0.00018283   0.01352027   1.0073   0.8426  5-[ 5, 0, 3]
 162   21.424195   21.407458   0.00027029   0.01643821   1.0179   0.7231  5-[ 5, 1, 2]
 163   29.728191   29.702959   0.00031139   0.01764343   1.4074   0.7869  5-[ 5, 2, 3]
 164   15.178084   15.136502   0.00082998   0.02879734   1.4330   0.6744  5-[ 5, 3, 2]
 165   -0.528605   -0.639610   0.00613305   0.07807327   1.4098   0.9046  5-[ 3, 0, 3]
 166   -7.924124  -10.330732   0.74635153   0.43509875   1.4029   0.9022  5-[ 3, 1, 2]
 175   42.308196   42.306460   0.00000362   0.00190334   0.4243   0.5977  7+[ 8, 2, 4]
 176   35.323309   35.322069   0.00000377   0.00194104   0.3335   0.8306  7+[ 8, 0, 4]
 177   36.143227   36.141474   0.00000497   0.00222923   0.4002   0.6330  7+[ 8, 1, 3]
 178   42.732806   42.729898   0.00000542   0.00232819   0.5514   0.5570  7+[ 8, 5, 3]
 179   57.966902   57.962318   0.00000816   0.00285671   0.7867   0.6548  7+[ 8, 4, 4]
 180   52.180937   52.172367   0.00001946   0.00441087   1.0285   0.5785  7+[ 8, 3, 3]
 181   42.652562   42.643659   0.00008081   0.00898882   0.9640   0.8599  7+[ 6, 0, 4]
 182   35.264741   35.253919   0.00011487   0.01071710   0.9846   0.7662  7+[ 6, 1, 3]
 183   44.051825   44.035623   0.00013212   0.01149354   1.3176   0.8027  7+[ 6, 2, 4]
 184   29.416125   29.391036   0.00029744   0.01724375   1.3978   0.7023  7+[ 6, 3, 3]
 185   14.603232   14.559916   0.00088623   0.02975639   1.4455   0.9361  7+[ 4, 0, 4]
 186    1.636384    1.542646   0.00418131   0.06452775   1.4442   0.9362  7+[ 4, 1, 3]
 187   58.741627   58.738626   0.00000000   0.00000000   0.6401   0.5299  7-[ 9, 4, 3]
 192   42.846540   42.845626   0.00000872   0.00295307   0.3094   0.5119  7-[ 9, 6, 3]
 193   37.778165   37.774699   0.00001261   0.00355167   0.5727   0.7732  7-[ 7, 1, 4]
 194   56.803843   56.801321   0.00001900   0.00435941   0.5784   0.6078  7-[ 9, 4, 3]
 195   36.197405   36.192277   0.00001937   0.00440134   0.6849   0.6067  7-[ 7, 2, 3]
 196   31.726996   31.723478   0.00002090   0.00457111   0.5389   0.9209  7-[ 7, 0, 3]
 197   48.426622   48.418554   0.00002481   0.00498132   0.9671   0.7472  7-[ 7, 3, 4]
 198   46.248200   46.231188   0.00015247   0.01234708   1.3776   0.5385  7-[ 7, 4, 3]
 199   21.212839   21.196576   0.00026452   0.01626187   1.0000   0.9020  7-[ 5, 0, 3]
 200   29.621669   29.596716   0.00030905   0.01757701   1.3977   0.8877  7-[ 5, 1, 4]
 201   15.094922   15.053682   0.00082611   0.02873034   1.4247   0.8331  7-[ 5, 2, 3]
 202   -7.880235  -10.441526   0.77327300   0.41871454   1.3868   0.9785  7-[ 3, 0, 3]
 210   42.346981   42.345246   0.00000363   0.00190456   0.4243   0.7825  9+[ 8, 1, 5]
 211   36.235447   36.233713   0.00000501   0.00223762   0.3984   0.8617  9+[ 8, 0, 4]
 212   42.749453   42.746552   0.00000543   0.00232965   0.5508   0.5776  9+[ 8, 2, 4]
 213   57.935150   57.930589   0.00000815   0.00285433   0.7844   0.7775  9+[ 8, 3, 5]
 214   52.131060   52.122520   0.00001949   0.00441430   1.0263   0.6499  9+[ 8, 4, 4]
 215   35.059099   35.048482   0.00011377   0.01066591   0.9731   0.9123  9+[ 6, 0, 4]
 216   43.958628   43.942583   0.00013126   0.01145614   1.3101   0.8847  9+[ 6, 1, 5]
 217   29.321340   29.296461   0.00029586   0.01719792   1.3903   0.8290  9+[ 6, 2, 4]
 218    1.507415    1.414307   0.00420152   0.06468281   1.4310   0.9950  9+[ 4, 0, 4]
 223   42.835750   42.834838   0.00000871   0.00295118   0.3091   0.5167  9-[ 9, 5, 4]
 224   37.752090   37.748653   0.00001266   0.00355872   0.5701   0.8954  9-[ 7, 0, 5]
 225   56.759222   56.756706   0.00001897   0.00435585   0.5775   0.5893  9-[ 9, 3, 4]
 226   36.175778   36.170662   0.00001943   0.00440781   0.6839   0.8179  9-[ 7, 1, 4]
 227   48.367850   48.359842   0.00002474   0.00497400   0.9630   0.8560  9-[ 7, 2, 5]
 228   46.184880   46.167970   0.00015173   0.01231680   1.3726   0.6643  9-[ 7, 3, 4]
 229   29.476512   29.451842   0.00030708   0.01752087   1.3872   0.9364  9-[ 5, 0, 5]
 230   14.984755   14.943897   0.00082246   0.02866673   1.4150   0.9362  9-[ 5, 1, 4]
 233   59.541384   59.539861   0.00000000   0.00000000   0.4586   0.7653 11+[10, 1, 5]
 237   42.392102   42.390367   0.00000364   0.00190879   0.4245   0.8857 11+[ 8, 0, 6]
 238   42.776155   42.773259   0.00000544   0.00233300   0.5505   0.8100 11+[ 8, 1, 5]
 239   57.896106   57.891572   0.00000814   0.00285263   0.7820   0.8725 11+[ 8, 2, 6]
 240   52.069209   52.060702   0.00001953   0.00441945   1.0237   0.7721 11+[ 8, 3, 5]
 241   43.838603   43.822710   0.00013059   0.01142668   1.3024   0.9248 11+[ 6, 0, 6]
 242   29.203317   29.178661   0.00029434   0.01715381   1.3819   0.9120 11+[ 6, 1, 5]
 243   55.681816   55.678856   0.00000000   0.00000000   0.6214   0.9300 11-[ 9, 0, 5]
 246   42.822439   42.821528   0.00000870   0.00294988   0.3089   0.5799 11-[ 9, 2, 5]
 247   56.704241   56.701732   0.00001894   0.00435212   0.5766   0.7150 11-[ 9, 4, 5]
 248   36.087421   36.082355   0.00001952   0.00441783   0.6799   0.9474 11-[ 7, 0, 5]
 249   48.295297   48.287351   0.00002469   0.00496893   0.9587   0.9286 11-[ 7, 1, 6]
 250   46.105161   46.088365   0.00015092   0.01228420   1.3670   0.7617 11-[ 7, 2, 5]
 251   14.847964   14.807468   0.00082017   0.02862683   1.4047   0.9837 11-[ 5, 0, 5]
 257   42.769964   42.767073   0.00000547   0.00233983   0.5499   0.9171 13+[ 8, 0, 6]
 258   57.850262   57.845751   0.00000814   0.00285251   0.7797   0.9361 13+[ 8, 1, 7]
 259   51.995755   51.987282   0.00001960   0.00442695   1.0211   0.8662 13+[ 8, 2, 6]
 260   29.062386   29.037946   0.00029318   0.01711996   1.3734   0.9511 13+[ 6, 0, 6]
 263   42.807677   42.806766   0.00000870   0.00294993   0.3088   0.7461 13-[ 9, 1, 6]
 264   56.639361   56.636858   0.00001891   0.00434875   0.5756   0.8277 13-[ 9, 3, 6]
 265   48.209815   48.201923   0.00002469   0.00496897   0.9547   0.9646 13-[ 7, 0, 7]
 266   46.008955   45.992274   0.00015015   0.01225277   1.3612   0.8260 13-[ 7, 1, 6]
 271   57.798168   57.793676   0.00000815   0.00285511   0.7777   0.9679 15+[ 8, 0, 8]
 272   51.911173   51.902730   0.00001969   0.00443760   1.0186   0.9284 15+[ 8, 1, 7]
 274   42.793412   42.792499   0.00000872   0.00295224   0.3090   0.8302 15-[ 9, 0, 7]
 275   56.565103   56.562606   0.00001889   0.00434634   0.5746   0.9144 15-[ 9, 2, 7]
 276   45.896300   45.879724   0.00014951   0.01222662   1.3555   0.8571 15-[ 7, 0, 7]
 277   56.410343   56.409058   0.00000000   0.00000000   0.4118   0.9197 17+[10, 0, 8]
 280   51.816020   51.807599   0.00001982   0.00445239   1.0165   0.9585 17+[ 8, 0, 8]
 282   56.482056   56.479562   0.00001888   0.00434562   0.5738   0.9720 17-[ 9, 1, 8]
 283   56.390799   56.388307   0.00001890   0.00434745   0.5732   1.0000 19-[ 9, 0, 9]
  Sum canonical e_v*V^2_k=  -561.70546278848678     


 #quasiparticle energies protons 
 --------------------------------
  eqp(k) -> q.p. energy 
  e(k)   -> referent s.p. energy 
  p(k)   -> occ.probability 
  del(k) -> referent s.p. gap 
  fermi energy alast=  -13.272025228088047     
  #k  block#    eqp(k)     e(k)       (1-2N)E      decay        p(k)        del(k)    overl      labels
   1    1     1.478897  -13.272025   -1.478897    1.617592    1.00000000   0.0000   0.7337  1+[ 2, 1, 1]
   2    1     3.169539  -14.962667   -3.169539    1.717532    1.00000000   0.0000   0.7658  1+[ 2, 0, 0]
   3    1     8.095833  -19.888961   -8.095833    1.980188    1.00000000   0.0000   0.6229  1+[ 2, 1, 1]
   4    1    14.484033    2.690905   14.484033    2.276091    0.00000000   0.0000   0.6082  1+[ 4, 2, 0]
   5    1    18.974673    7.181545   18.974673    2.462910    0.00000000   0.0000   0.4893  1+[ 4, 0, 0]
   6    1    20.249112    8.455984   20.249112    2.513401    0.00000000   0.0000   0.4908  1+[ 4, 0, 0]
   7    1    21.260247    9.467119   21.260247    2.552750    0.00000000   0.0000   0.4739  1+[ 4, 1, 1]
   8    1    23.513695   11.720567   23.513695    2.638333    0.00000000   0.0000   0.5300  1+[ 4, 3, 1]
   9    1    29.929427  -41.722555  -29.929427    2.868044    1.00000000   0.0000   0.9744  1+[ 0, 0, 0]
  10    1    34.577400   22.784271   34.577400    3.023579    0.00000000   0.0000   0.3601  1+[ 8, 0, 0]
  11    1    35.201887   23.408759   35.201887    3.043871    0.00000000   0.0000   0.3608  1+[ 6, 2, 0]
  12    1    36.217683   24.424555   36.217683    3.076592    0.00000000   0.0000   0.4248  1+[ 8, 0, 0]
  13    1    36.684058   24.890930   36.684058    3.091499    0.00000000   0.0000   0.3217  1+[ 4, 4, 0]
  14    1    37.121174   25.328045   37.121174    3.105405    0.00000000   0.0000   0.5081  1+[ 6, 4, 0]
  15    1    38.764318   26.971190   38.764318    3.157133    0.00000000   0.0000   0.3079  1+[ 8, 7, 1]
  16    1    41.979007   30.185879   41.979007    3.255960    0.00000000   0.0000   0.4373  1+[ 6, 3, 1]
  17    1    52.741752   40.948624   52.741752    3.566955    0.00000000   0.0000   0.3763  1+[ 8, 2, 0]
  18    1    57.300292   45.507163   57.300292    3.690785    0.00000000   0.0000   0.3027  1+[ 6, 1, 1]
  19    1    58.181145   46.388017   58.181145    3.714237    0.00000000   0.0000   0.4837  1+[ 8, 4, 0]
  20    1    60.182597   48.389468   60.182597    3.766981    0.00000000   0.0000   0.3652  1+[ 6, 6, 0]
  21    1    60.901003   49.107875   60.901003    3.785733    0.00000000   0.0000   0.4369  1+[ 8, 5, 1]
  22    1    62.105996   50.312868   62.105996    3.816981    0.00000000   0.0000   0.3538  1+[ 6, 3, 1]
  23    1    62.895098   51.101970   62.895098    3.837306    0.00000000   0.0000   0.4823  1+[ 6, 0, 0]
  24    1    63.642911   51.849783   63.642911    3.856469    0.00000000   0.0000   0.3910  1+[ 6, 1, 1]
  25    1    64.281480   52.488352   64.281480    3.872757    0.00000000   0.0000   0.4295  1+[ 6, 5, 1]
  26    2     3.151443   -8.641685    3.151443    1.716493    0.00000000   0.0000   0.5972  1-[ 3, 1, 0]
  27    2     8.203818   -3.589311    8.203818    1.985556    0.00000000   0.0000   0.5600  1-[ 3, 3, 0]
  28    2    10.363929   -1.429199   10.363929    2.090049    0.00000000   0.0000   0.6494  1-[ 3, 0, 1]
  29    2    11.947866    0.154738   11.947866    2.163465    0.00000000   0.0000   0.6781  1-[ 3, 2, 1]
  30    2    15.674831  -27.467960  -15.674831    2.327092    1.00000000   0.0000   0.7669  1-[ 1, 0, 1]
  31    2    19.200945  -30.994073  -19.200945    2.471950    1.00000000   0.0000   0.7641  1-[ 1, 1, 0]
  32    2    26.197835   14.404707   26.197835    2.736784    0.00000000   0.0000   0.5564  1-[ 5, 3, 0]
  33    2    28.173875   16.380747   28.173875    2.807056    0.00000000   0.0000   0.4315  1-[ 5, 0, 1]
  34    2    28.697784   16.904655   28.697784    2.825395    0.00000000   0.0000   0.5211  1-[ 5, 5, 0]
  35    2    29.447795   17.654667   29.447795    2.851442    0.00000000   0.0000   0.4232  1-[ 5, 0, 1]
  36    2    31.283421   19.490293   31.283421    2.914210    0.00000000   0.0000   0.3773  1-[ 5, 4, 1]
  37    2    33.880853   22.087725   33.880853    3.000784    0.00000000   0.0000   0.4600  1-[ 5, 3, 0]
  38    2    45.465753   33.672625   45.465753    3.359865    0.00000000   0.0000   0.3878  1-[ 7, 2, 1]
  39    2    47.915832   36.122704   47.915832    3.430995    0.00000000   0.0000   0.3155  1-[ 7, 1, 0]
  40    2    48.615903   36.822775   48.615903    3.451050    0.00000000   0.0000   0.4944  1-[ 7, 4, 1]
  41    2    50.744762   38.951634   50.744762    3.511333    0.00000000   0.0000   0.3418  1-[ 5, 5, 0]
  42    2    52.542975   40.749847   52.542975    3.561457    0.00000000   0.0000   0.3923  1-[ 5, 0, 1]
  43    2    53.054509   41.261380   53.054509    3.575588    0.00000000   0.0000   0.3775  1-[ 5, 2, 1]
  44    2    53.126844   41.333716   53.126844    3.577581    0.00000000   0.0000   0.4104  1-[ 7, 6, 1]
  45    2    53.374735   41.581607   53.374735    3.584405    0.00000000   0.0000   0.4657  1-[ 7, 4, 1]
  46    2    71.675449   59.882321   71.675449    4.056597    0.00000000   0.0000   0.4514  1-[ 9, 7, 0]
  47    3     1.857022  -13.650150   -1.857022    1.640473    1.00000000   0.0000   0.8550  3+[ 2, 0, 2]
  48    3     8.222491  -20.015620   -8.222491    1.986483    1.00000000   0.0000   0.8580  3+[ 2, 1, 1]
  49    3    14.420414    2.627286   14.420414    2.273334    0.00000000   0.0000   0.5690  3+[ 4, 3, 1]
  50    3    18.871502    7.078373   18.871502    2.458777    0.00000000   0.0000   0.5290  3+[ 4, 1, 1]
  51    3    20.965243    9.172115   20.965243    2.541333    0.00000000   0.0000   0.6492  3+[ 4, 0, 2]
  52    3    23.405025   11.611897   23.405025    2.634270    0.00000000   0.0000   0.6780  3+[ 4, 2, 2]
  53    3    34.536584   22.743456   34.536584    3.022248    0.00000000   0.0000   0.3541  3+[ 6, 1, 1]
  54    3    35.172129   23.379001   35.172129    3.042907    0.00000000   0.0000   0.4296  3+[ 6, 5, 1]
  55    3    36.510773   24.717645   36.510773    3.085968    0.00000000   0.0000   0.4623  3+[ 8, 0, 2]
  56    3    37.084794   25.291665   37.084794    3.104250    0.00000000   0.0000   0.5662  3+[ 6, 3, 1]
  57    3    38.720151   26.927023   38.720151    3.155754    0.00000000   0.0000   0.3205  3+[ 4, 2, 2]
  58    3    41.949707   30.156578   41.949707    3.255072    0.00000000   0.0000   0.4192  3+[ 6, 4, 2]
  59    3    52.725553   40.932425   52.725553    3.566507    0.00000000   0.0000   0.3539  3+[ 8, 7, 1]
  60    3    57.262920   45.469792   57.262920    3.689786    0.00000000   0.0000   0.3675  3+[ 6, 1, 1]
  61    3    58.163034   46.369906   58.163034    3.713756    0.00000000   0.0000   0.4800  3+[ 8, 5, 1]
  62    3    60.131333   48.338205   60.131333    3.765639    0.00000000   0.0000   0.3752  3+[ 6, 3, 1]
  63    3    60.887973   49.094844   60.887973    3.785394    0.00000000   0.0000   0.4842  3+[ 8, 4, 2]
  64    3    62.078389   50.285260   62.078389    3.816268    0.00000000   0.0000   0.3459  3+[ 6, 2, 2]
  65    3    63.528741   51.735613   63.528741    3.853549    0.00000000   0.0000   0.5726  3+[ 6, 0, 2]
  66    3    64.200636   52.407507   64.200636    3.870698    0.00000000   0.0000   0.4164  3+[ 6, 4, 2]
  67    4     3.064357   -8.728771    3.064357    1.711485    0.00000000   0.0000   0.7118  3-[ 3, 2, 1]
  68    4     7.908641   -3.884487    7.908641    1.970847    0.00000000   0.0000   0.8055  3-[ 3, 0, 1]
  69    4    11.717462   -0.075666   11.717462    2.152941    0.00000000   0.0000   0.7917  3-[ 3, 1, 2]
  70    4    19.411847  -31.204975  -19.411847    2.480346    1.00000000   0.0000   0.9732  3-[ 1, 0, 1]
  71    4    26.149710   14.356582   26.149710    2.735050    0.00000000   0.0000   0.6096  3-[ 5, 2, 1]
  72    4    28.087696   16.294568   28.087696    2.804028    0.00000000   0.0000   0.6397  3-[ 5, 0, 1]
  73    4    28.583678   16.790550   28.583678    2.821411    0.00000000   0.0000   0.5644  3-[ 5, 4, 1]
  74    4    31.177212   19.384084   31.177212    2.910615    0.00000000   0.0000   0.4963  3-[ 5, 1, 2]
  75    4    33.820317   22.027189   33.820317    2.998795    0.00000000   0.0000   0.5623  3-[ 5, 3, 2]
  76    4    45.447081   33.653953   45.447081    3.359317    0.00000000   0.0000   0.4552  3-[ 7, 2, 1]
  77    4    47.865744   36.072616   47.865744    3.429556    0.00000000   0.0000   0.3351  3-[ 7, 6, 1]
  78    4    48.586507   36.793378   48.586507    3.450211    0.00000000   0.0000   0.5565  3-[ 7, 4, 1]
  79    4    50.606355   38.813227   50.606355    3.507445    0.00000000   0.0000   0.5048  3-[ 5, 0, 1]
  80    4    52.512762   40.719634   52.512762    3.560621    0.00000000   0.0000   0.4367  3-[ 5, 1, 2]
  81    4    53.085760   41.292632   53.085760    3.576449    0.00000000   0.0000   0.4367  3-[ 7, 5, 2]
  82    4    53.349560   41.556432   53.349560    3.583713    0.00000000   0.0000   0.5202  3-[ 7, 3, 2]
  83    4    71.666662   59.873534   71.666662    4.056383    0.00000000   0.0000   0.4359  3-[ 9, 2, 1]
  84    5     8.476116  -20.269244   -8.476116    1.999029    1.00000000   0.0000   0.9718  5+[ 2, 0, 2]
  85    5    14.294533    2.501404   14.294533    2.267869    0.00000000   0.0000   0.7781  5+[ 4, 2, 2]
  86    5    18.610864    6.817736   18.610864    2.448306    0.00000000   0.0000   0.7780  5+[ 4, 0, 2]
  87    5    23.203614   11.410486   23.203614    2.626722    0.00000000   0.0000   0.7761  5+[ 4, 1, 3]
  88    5    34.438706   22.645577   34.438706    3.019054    0.00000000   0.0000   0.5477  5+[ 8, 0, 2]
  89    5    35.115537   23.322409   35.115537    3.041073    0.00000000   0.0000   0.4137  5+[ 6, 4, 2]
  90    5    37.013034   25.219906   37.013034    3.101971    0.00000000   0.0000   0.5619  5+[ 6, 4, 2]
  91    5    38.636210   26.843082   38.636210    3.153131    0.00000000   0.0000   0.4142  5+[ 8, 1, 3]
  92    5    41.891820   30.098692   41.891820    3.253319    0.00000000   0.0000   0.5427  5+[ 6, 3, 3]
  93    5    52.693530   40.900401   52.693530    3.565622    0.00000000   0.0000   0.4530  5+[ 8, 6, 2]
  94    5    57.188937   45.395809   57.188937    3.687809    0.00000000   0.0000   0.3863  5+[ 6, 4, 2]
  95    5    58.127069   46.333941   58.127069    3.712801    0.00000000   0.0000   0.5498  5+[ 8, 4, 2]
  96    5    60.028103   48.234975   60.028103    3.762936    0.00000000   0.0000   0.5858  5+[ 6, 0, 2]
  97    5    60.862001   49.068873   60.862001    3.784718    0.00000000   0.0000   0.4705  5+[ 8, 3, 3]
  98    5    62.024061   50.230933   62.024061    3.814864    0.00000000   0.0000   0.4274  5+[ 6, 3, 3]
  99    5    64.054982   52.261854   64.054982    3.866987    0.00000000   0.0000   0.5147  5+[ 6, 1, 3]
 100    6     2.891613   -8.901515    2.891613    1.701506    0.00000000   0.0000   0.8969  5-[ 3, 1, 2]
 101    6    11.368979   -0.424150   11.368979    2.136926    0.00000000   0.0000   0.8696  5-[ 3, 0, 3]
 102    6    26.053930   14.260801   26.053930    2.731596    0.00000000   0.0000   0.6382  5-[ 5, 3, 2]
 103    6    28.404325   16.611197   28.404325    2.815138    0.00000000   0.0000   0.5637  5-[ 5, 1, 2]
 104    6    30.993763   19.200634   30.993763    2.904395    0.00000000   0.0000   0.6181  5-[ 5, 0, 3]
 105    6    33.702650   21.909521   33.702650    2.994925    0.00000000   0.0000   0.6822  5-[ 5, 2, 3]
 106    6    45.410021   33.616893   45.410021    3.358229    0.00000000   0.0000   0.4876  5-[ 7, 5, 2]
 107    6    47.765214   35.972086   47.765214    3.426665    0.00000000   0.0000   0.3941  5-[ 7, 1, 2]
 108    6    48.528341   36.735213   48.528341    3.448548    0.00000000   0.0000   0.5762  5-[ 7, 3, 2]
 109    6    52.311555   40.518427   52.311555    3.555046    0.00000000   0.0000   0.5359  5-[ 5, 0, 3]
 110    6    53.019909   41.226781   53.019909    3.574634    0.00000000   0.0000   0.4146  5-[ 7, 4, 3]
 111    6    53.300305   41.507177   53.300305    3.582358    0.00000000   0.0000   0.4920  5-[ 7, 2, 3]
 112    6    71.649240   59.856112   71.649240    4.055960    0.00000000   0.0000   0.5106  5-[ 9, 7, 2]
 113    7    14.109370    2.316242   14.109370    2.259806    0.00000000   0.0000   0.9155  7+[ 4, 1, 3]
 114    7    22.931239   11.138111   22.931239    2.616481    0.00000000   0.0000   0.8334  7+[ 4, 0, 4]
 115    7    35.038367   23.245239   35.038367    3.038571    0.00000000   0.0000   0.5991  7+[ 6, 1, 3]
 116    7    36.907891   25.114763   36.907891    3.098628    0.00000000   0.0000   0.7123  7+[ 6, 3, 3]
 117    7    38.519882   26.726754   38.519882    3.149492    0.00000000   0.0000   0.5422  7+[ 8, 0, 4]
 118    7    41.806818   30.013690   41.806818    3.250742    0.00000000   0.0000   0.6395  7+[ 6, 2, 4]
 119    7    52.646419   40.853291   52.646419    3.564319    0.00000000   0.0000   0.4816  7+[ 8, 5, 3]
 120    7    57.080033   45.286905   57.080033    3.684897    0.00000000   0.0000   0.5004  7+[ 6, 1, 3]
 121    7    58.073749   46.280621   58.073749    3.711385    0.00000000   0.0000   0.5493  7+[ 8, 3, 3]
 122    7    60.823275   49.030147   60.823275    3.783709    0.00000000   0.0000   0.5767  7+[ 8, 4, 4]
 123    7    61.944759   50.151631   61.944759    3.812815    0.00000000   0.0000   0.5090  7+[ 6, 2, 4]
 124    7    63.867674   52.074545   63.867674    3.862209    0.00000000   0.0000   0.6220  7+[ 6, 0, 4]
 125    8     2.638066   -9.155062    2.638066    1.686753    0.00000000   0.0000   0.9752  7-[ 3, 0, 3]
 126    8    25.911677   14.118549   25.911677    2.726457    0.00000000   0.0000   0.8117  7-[ 5, 2, 3]
 127    8    28.218143   16.425015   28.218143    2.808611    0.00000000   0.0000   0.7455  7-[ 5, 0, 3]
 128    8    33.534285   21.741157   33.534285    2.989378    0.00000000   0.0000   0.7631  7-[ 5, 1, 4]
 129    8    45.355149   33.562021   45.355149    3.356618    0.00000000   0.0000   0.4914  7-[ 7, 2, 3]
 130    8    47.616372   35.823244   47.616372    3.422381    0.00000000   0.0000   0.5678  7-[ 7, 0, 3]
 131    8    48.442644   36.649515   48.442644    3.446098    0.00000000   0.0000   0.6187  7-[ 7, 4, 3]
 132    8    52.926149   41.133021   52.926149    3.572047    0.00000000   0.0000   0.4901  7-[ 7, 1, 4]
 133    8    53.228499   41.435371   53.228499    3.580381    0.00000000   0.0000   0.6303  7-[ 7, 3, 4]
 134    8    71.623471   59.830343   71.623471    4.055334    0.00000000   0.0000   0.5899  7-[ 9, 6, 3]
 135    9    13.870524    2.077396   13.870524    2.249363    0.00000000   0.0000   0.9754  9+[ 4, 0, 4]
 136    9    34.945905   23.152777   34.945905    3.035570    0.00000000   0.0000   0.6999  9+[ 6, 0, 4]
 137    9    36.772325   24.979197   36.772325    3.094312    0.00000000   0.0000   0.8265  9+[ 6, 2, 4]
 138    9    41.697004   29.903876   41.697004    3.247411    0.00000000   0.0000   0.7055  9+[ 6, 1, 5]
 139    9    52.585307   40.792179   52.585307    3.562629    0.00000000   0.0000   0.5024  9+[ 8, 2, 4]
 140    9    56.939457   45.146329   56.939457    3.681135    0.00000000   0.0000   0.6004  9+[ 6, 0, 4]
 141    9    58.003809   46.210681   58.003809    3.709527    0.00000000   0.0000   0.6231  9+[ 8, 4, 4]
 142    9    60.772095   48.978967   60.772095    3.782375    0.00000000   0.0000   0.6729  9+[ 8, 3, 5]
 143    9    61.843044   50.049916   61.843044    3.810184    0.00000000   0.0000   0.5623  9+[ 6, 1, 5]
 144   10    25.725258   13.932130   25.725258    2.719709    0.00000000   0.0000   0.9261  9-[ 5, 1, 4]
 145   10    33.324229   21.531101   33.324229    2.982443    0.00000000   0.0000   0.8081  9-[ 5, 0, 5]
 146   10    45.283345   33.490217   45.283345    3.354509    0.00000000   0.0000   0.7012  9-[ 7, 1, 4]
 147   10    48.331226   36.538098   48.331226    3.442909    0.00000000   0.0000   0.7518  9-[ 7, 3, 4]
 148   10    52.807528   41.014400   52.807528    3.568772    0.00000000   0.0000   0.5911  9-[ 7, 0, 5]
 149   10    53.136032   41.342904   53.136032    3.577835    0.00000000   0.0000   0.7386  9-[ 7, 2, 5]
 150   10    71.589760   59.796631   71.589760    4.054514    0.00000000   0.0000   0.5956  9-[ 9, 5, 4]
 151   11    36.610207   24.817079   36.610207    3.089143    0.00000000   0.0000   0.9029 11+[ 6, 1, 5]
 152   11    41.565652   29.772524   41.565652    3.243421    0.00000000   0.0000   0.7410 11+[ 6, 0, 6]
 153   11    52.511614   40.718486   52.511614    3.560589    0.00000000   0.0000   0.6769 11+[ 8, 1, 5]
 154   11    57.918211   46.125083   57.918211    3.707252    0.00000000   0.0000   0.7392 11+[ 8, 3, 5]
 155   11    60.708900   48.915771   60.708900    3.780728    0.00000000   0.0000   0.7463 11+[ 8, 2, 6]
 156   11    61.722237   49.929109   61.722237    3.807057    0.00000000   0.0000   0.5861 11+[ 6, 0, 6]
 157   12    25.498765   13.705636   25.498765    2.711487    0.00000000   0.0000   0.9751 11-[ 5, 0, 5]
 158   12    45.195908   33.402780   45.195908    3.351938    0.00000000   0.0000   0.8023 11-[ 7, 0, 5]
 159   12    48.196446   36.403318   48.196446    3.439048    0.00000000   0.0000   0.8535 11-[ 7, 2, 5]
 160   12    53.025112   41.231984   53.025112    3.574777    0.00000000   0.0000   0.8094 11-[ 7, 1, 6]
 161   12    71.548591   59.755463   71.548591    4.053513    0.00000000   0.0000   0.6385 11-[ 9, 2, 5]
 162   13    36.426209   24.633081   36.426209    3.083266    0.00000000   0.0000   0.9441 13+[ 6, 0, 6]
 163   13    52.427095   40.633967   52.427095    3.558248    0.00000000   0.0000   0.7645 13+[ 8, 0, 6]
 164   13    57.818152   46.025024   57.818152    3.704590    0.00000000   0.0000   0.8290 13+[ 8, 2, 6]
 165   13    60.634320   48.841192   60.634320    3.778783    0.00000000   0.0000   0.7966 13+[ 8, 1, 7]
 166   14    48.041173   36.248045   48.041173    3.434594    0.00000000   0.0000   0.9217 13-[ 7, 1, 6]
 167   14    52.898365   41.105237   52.898365    3.571280    0.00000000   0.0000   0.8427 13-[ 7, 0, 7]
 168   14    71.500500   59.707372   71.500500    4.052343    0.00000000   0.0000   0.8276 13-[ 9, 1, 6]
 169   15    57.705078   45.911950   57.705078    3.701580    0.00000000   0.0000   0.8895 15+[ 8, 1, 7]
 170   15    60.549255   48.756127   60.549255    3.776563    0.00000000   0.0000   0.8256 15+[ 8, 0, 8]
 171   16    47.868756   36.075628   47.868756    3.429642    0.00000000   0.0000   0.9574 15-[ 7, 0, 7]
 172   16    71.446044   59.652916   71.446044    4.051019    0.00000000   0.0000   0.9250 15-[ 9, 0, 7]
 173   17    57.580704   45.787576   57.580704    3.698266    0.00000000   0.0000   0.9207 17+[ 8, 0, 8]
 174   20    71.820409   60.027281   71.820409    4.060118    0.00000000   0.0000   1.0000 19-[ 9, 0, 9]
#all active are  174 q.p. states out of  286
#since the cut off is pwi=  60.0
#check: number of protons =  20.0


 #canonical s.p. energies protons 
 ---------------------------------


  labels -> {2*omega}{parity}[nn=nz+2*nr+nl,nz,nl]
  cqpe   -> canonical q.p. energies
  ce     -> canonical s.p. energies
  fermi energy=  -13.272025228088047     
  average cdelt=  -2.5362359915140862E-005
  k0      ceqp        ce         v*v       u*v        cdel     overl      labels
   1  -10.314231  -13.272025   1.00000000   0.00000892  -0.0000   0.7337  1+[ 2, 1, 1]
   2   -8.623590  -14.962667   1.00000000   0.00000351  -0.0000   0.7658  1+[ 2, 0, 0]
   3   -3.697295  -19.888961   1.00000000   0.00000170  -0.0000   0.6229  1+[ 2, 1, 1]
   4    2.690905    2.690905   0.00000000   0.00000082  -0.0000   0.6082  1+[ 4, 2, 0]
   5    7.181545    7.181545   0.00000000   0.00000046  -0.0000   0.4893  1+[ 4, 0, 0]
   6    8.455984    8.455984   0.00000000   0.00000050  -0.0000   0.4908  1+[ 4, 0, 0]
   7    9.467119    9.467119   0.00000000   0.00000036  -0.0000   0.4739  1+[ 4, 1, 1]
   8   11.720567   11.720567   0.00000000   0.00000040  -0.0000   0.5300  1+[ 4, 3, 1]
   9   18.136298  -41.722555   1.00000000   0.00000059  -0.0000   0.9744  1+[ 0, 0, 0]
  10   22.784271   22.784271   0.00000000   0.00000023  -0.0000   0.3601  1+[ 8, 0, 0]
  11   23.408759   23.408759   0.00000000   0.00000022  -0.0000   0.3608  1+[ 6, 2, 0]
  12   24.424555   24.424555   0.00000000   0.00000033  -0.0000   0.4248  1+[ 8, 0, 0]
  13   24.890930   24.890930   0.00000000   0.00000023  -0.0000   0.3217  1+[ 4, 4, 0]
  14   25.328045   25.328045   0.00000000   0.00000020  -0.0000   0.5081  1+[ 6, 4, 0]
  15   26.971190   26.971190   0.00000000   0.00000023  -0.0000   0.3079  1+[ 8, 7, 1]
  16   30.185879   30.185879   0.00000000   0.00000010  -0.0000   0.4373  1+[ 6, 3, 1]
  17   40.948624   40.948624   0.00000000   0.00000017  -0.0000   0.3763  1+[ 8, 2, 0]
  18   45.507163   45.507163   0.00000000   0.00000017  -0.0000   0.3027  1+[ 6, 1, 1]
  19   46.388017   46.388017   0.00000000   0.00000006  -0.0000   0.4837  1+[ 8, 4, 0]
  20   48.389468   48.389468   0.00000000   0.00000018  -0.0000   0.3652  1+[ 6, 6, 0]
  21   49.107875   49.107875   0.00000000   0.00000004  -0.0000   0.4369  1+[ 8, 5, 1]
  22   50.312868   50.312868   0.00000000   0.00000016  -0.0000   0.3538  1+[ 6, 3, 1]
  23   51.101970   51.101970   0.00000000   0.00000017  -0.0000   0.4823  1+[ 6, 0, 0]
  24   51.849783   51.849783   0.00000000   0.00000017  -0.0000   0.3910  1+[ 6, 1, 1]
  25   52.488352   52.488352   0.00000000   0.00000016  -0.0000   0.4295  1+[ 6, 5, 1]
  26    0.000000    0.000000   0.00000000   0.00000000  -0.0000   0.0000  1+[10, 0, 0]
  27    0.000000    0.000000   0.00000000   0.00000000  -0.0000   0.0000  1+[10, 0, 0]
  28    0.000000    0.000000   0.00000000   0.00000000  -0.0000   0.0000  1+[10, 0, 0]
  29    0.000000    0.000000   0.00000000   0.00000000  -0.0000   0.0000  1+[10, 0, 0]
  30    0.000000    0.000000   0.00000000   0.00000000  -0.0000   0.0000  1+[10, 0, 0]
  31    0.000000    0.000000   0.00000000   0.00000000  -0.0000   0.0000  1+[10, 0, 0]
  32    0.000000    0.000000   0.00000000   0.00000000  -0.0000   0.0000  1+[10, 0, 0]
  33    0.000000    0.000000   0.00000000   0.00000000  -0.0000   0.0000  1+[10, 0, 0]
  34    0.000000    0.000000   0.00000000   0.00000000  -0.0000   0.0000  1+[10, 0, 0]
  35    0.000000    0.000000   0.00000000   0.00000000  -0.0000   0.0000  1+[10, 0, 0]
  36    0.000000    0.000000   0.00000000   0.00000000  -0.0000   0.0000  1+[10, 0, 0]
  37   -8.641685   -8.641685   0.00000000   0.00000412  -0.0000   0.5972  1-[ 3, 1, 0]
  38   -3.589311   -3.589311   0.00000000   0.00000112  -0.0000   0.5600  1-[ 3, 3, 0]
  39   -1.429199   -1.429199   0.00000000   0.00000088  -0.0000   0.6494  1-[ 3, 0, 1]
  40    0.154738    0.154738   0.00000000   0.00000102  -0.0000   0.6781  1-[ 3, 2, 1]
  41    3.881703  -27.467960   1.00000000   0.00000092  -0.0000   0.7669  1-[ 1, 0, 1]
  42    7.407817  -30.994073   1.00000000   0.00000085  -0.0000   0.7641  1-[ 1, 1, 0]
  43   14.404707   14.404707   0.00000000   0.00000039  -0.0000   0.5564  1-[ 5, 3, 0]
  44   16.380747   16.380747   0.00000000   0.00000050  -0.0000   0.4315  1-[ 5, 0, 1]
  45   16.904655   16.904655   0.00000000   0.00000034  -0.0000   0.5211  1-[ 5, 5, 0]
  46   17.654667   17.654667   0.00000000   0.00000040  -0.0000   0.4232  1-[ 5, 0, 1]
  47   19.490293   19.490293   0.00000000   0.00000027  -0.0000   0.3773  1-[ 5, 4, 1]
  48   22.087725   22.087725   0.00000000   0.00000020  -0.0000   0.4600  1-[ 5, 3, 0]
  49   33.672625   33.672625   0.00000000   0.00000019  -0.0000   0.3878  1-[ 7, 2, 1]
  50   36.122704   36.122704   0.00000000   0.00000019  -0.0000   0.3155  1-[ 7, 1, 0]
  51   36.822775   36.822775   0.00000000   0.00000013  -0.0000   0.4944  1-[ 7, 4, 1]
  52   38.951634   38.951634   0.00000000   0.00000022  -0.0000   0.3418  1-[ 5, 5, 0]
  53   40.749847   40.749847   0.00000000   0.00000018  -0.0000   0.3923  1-[ 5, 0, 1]
  54   41.261380   41.261380   0.00000000   0.00000020  -0.0000   0.3775  1-[ 5, 2, 1]
  55   41.333716   41.333716   0.00000000   0.00000020  -0.0000   0.4104  1-[ 7, 6, 1]
  56   41.581607   41.581607   0.00000000   0.00000008  -0.0000   0.4657  1-[ 7, 4, 1]
  57   59.882321   59.882321   0.00000000   0.00000016  -0.0000   0.4514  1-[ 9, 7, 0]
  58    0.000000    0.000000   0.00000000   0.00000000  -0.0000   0.0000  1-[ 9, 1, 0]
  59    0.000000    0.000000   0.00000000   0.00000000  -0.0000   0.0000  1-[ 9, 1, 0]
  60    0.000000    0.000000   0.00000000   0.00000000  -0.0000   0.0000  1-[ 9, 1, 0]
  61    0.000000    0.000000   0.00000000   0.00000000  -0.0000   0.0000  1-[ 9, 1, 0]
  62    0.000000    0.000000   0.00000000   0.00000000  -0.0000   0.0000  1-[ 9, 1, 0]
  63    0.000000    0.000000   0.00000000   0.00000000  -0.0000   0.0000  1-[ 9, 1, 0]
  64    0.000000    0.000000   0.00000000   0.00000000  -0.0000   0.0000  1-[ 9, 1, 0]
  65    0.000000    0.000000   0.00000000   0.00000000  -0.0000   0.0000  1-[ 9, 1, 0]
  66    0.000000    0.000000   0.00000000   0.00000000  -0.0000   0.0000  1-[ 9, 1, 0]
  67   -9.936106  -13.650150   1.00000000   0.00000696  -0.0000   0.8550  3+[ 2, 0, 2]
  68   -3.570637  -20.015620   1.00000000   0.00000166  -0.0000   0.8580  3+[ 2, 1, 1]
  69    2.627286    2.627286   0.00000000   0.00000082  -0.0000   0.5690  3+[ 4, 3, 1]
  70    7.078373    7.078373   0.00000000   0.00000046  -0.0000   0.5290  3+[ 4, 1, 1]
  71    9.172115    9.172115   0.00000000   0.00000035  -0.0000   0.6492  3+[ 4, 0, 2]
  72   11.611897   11.611897   0.00000000   0.00000040  -0.0000   0.6780  3+[ 4, 2, 2]
  73   22.743456   22.743456   0.00000000   0.00000023  -0.0000   0.3541  3+[ 6, 1, 1]
  74   23.379001   23.379001   0.00000000   0.00000022  -0.0000   0.4296  3+[ 6, 5, 1]
  75   24.717645   24.717645   0.00000000   0.00000022  -0.0000   0.4623  3+[ 8, 0, 2]
  76   25.291665   25.291665   0.00000000   0.00000021  -0.0000   0.5662  3+[ 6, 3, 1]
  77   26.927023   26.927023   0.00000000   0.00000023  -0.0000   0.3205  3+[ 4, 2, 2]
  78   30.156578   30.156578   0.00000000   0.00000010  -0.0000   0.4192  3+[ 6, 4, 2]
  79   40.932425   40.932425   0.00000000   0.00000017  -0.0000   0.3539  3+[ 8, 7, 1]
  80   45.469792   45.469792   0.00000000   0.00000017  -0.0000   0.3675  3+[ 6, 1, 1]
  81   46.369906   46.369906   0.00000000   0.00000006  -0.0000   0.4800  3+[ 8, 5, 1]
  82   48.338205   48.338205   0.00000000   0.00000018  -0.0000   0.3752  3+[ 6, 3, 1]
  83   49.094844   49.094844   0.00000000   0.00000004  -0.0000   0.4842  3+[ 8, 4, 2]
  84   50.285260   50.285260   0.00000000   0.00000016  -0.0000   0.3459  3+[ 6, 2, 2]
  85   51.735613   51.735613   0.00000000   0.00000017  -0.0000   0.5726  3+[ 6, 0, 2]
  86   52.407507   52.407507   0.00000000   0.00000016  -0.0000   0.4164  3+[ 6, 4, 2]
  87    0.000000    0.000000   0.00000000   0.00000000  -0.0000   0.0000  3+[10, 1, 1]
  88    0.000000    0.000000   0.00000000   0.00000000  -0.0000   0.0000  3+[10, 1, 1]
  89    0.000000    0.000000   0.00000000   0.00000000  -0.0000   0.0000  3+[10, 1, 1]
  90    0.000000    0.000000   0.00000000   0.00000000  -0.0000   0.0000  3+[10, 1, 1]
  91    0.000000    0.000000   0.00000000   0.00000000  -0.0000   0.0000  3+[10, 1, 1]
  92    0.000000    0.000000   0.00000000   0.00000000  -0.0000   0.0000  3+[10, 1, 1]
  93    0.000000    0.000000   0.00000000   0.00000000  -0.0000   0.0000  3+[10, 1, 1]
  94    0.000000    0.000000   0.00000000   0.00000000  -0.0000   0.0000  3+[10, 1, 1]
  95    0.000000    0.000000   0.00000000   0.00000000  -0.0000   0.0000  3+[10, 1, 1]
  96    0.000000    0.000000   0.00000000   0.00000000  -0.0000   0.0000  3+[10, 1, 1]
  97   -8.728771   -8.728771   0.00000000   0.00000422  -0.0000   0.7118  3-[ 3, 2, 1]
  98   -3.884487   -3.884487   0.00000000   0.00000114  -0.0000   0.8055  3-[ 3, 0, 1]
  99   -0.075666   -0.075666   0.00000000   0.00000102  -0.0000   0.7917  3-[ 3, 1, 2]
 100    7.618719  -31.204975   1.00000000   0.00000083  -0.0000   0.9732  3-[ 1, 0, 1]
 101   14.356582   14.356582   0.00000000   0.00000039  -0.0000   0.6096  3-[ 5, 2, 1]
 102   16.294568   16.294568   0.00000000   0.00000052  -0.0000   0.6397  3-[ 5, 0, 1]
 103   16.790550   16.790550   0.00000000   0.00000032  -0.0000   0.5644  3-[ 5, 4, 1]
 104   19.384084   19.384084   0.00000000   0.00000027  -0.0000   0.4963  3-[ 5, 1, 2]
 105   22.027189   22.027189   0.00000000   0.00000020  -0.0000   0.5623  3-[ 5, 3, 2]
 106   33.653953   33.653953   0.00000000   0.00000019  -0.0000   0.4552  3-[ 7, 2, 1]
 107   36.072616   36.072616   0.00000000   0.00000019  -0.0000   0.3351  3-[ 7, 6, 1]
 108   36.793378   36.793378   0.00000000   0.00000013  -0.0000   0.5565  3-[ 7, 4, 1]
 109   38.813227   38.813227   0.00000000   0.00000021  -0.0000   0.5048  3-[ 5, 0, 1]
 110   40.719634   40.719634   0.00000000   0.00000018  -0.0000   0.4367  3-[ 5, 1, 2]
 111   41.292632   41.292632   0.00000000   0.00000020  -0.0000   0.4367  3-[ 7, 5, 2]
 112   41.556432   41.556432   0.00000000   0.00000008  -0.0000   0.5202  3-[ 7, 3, 2]
 113   59.873534   59.873534   0.00000000   0.00000016  -0.0000   0.4359  3-[ 9, 2, 1]
 114    0.000000    0.000000   0.00000000   0.00000000  -0.0000   0.0000  3-[ 9, 0, 1]
 115    0.000000    0.000000   0.00000000   0.00000000  -0.0000   0.0000  3-[ 9, 0, 1]
 116    0.000000    0.000000   0.00000000   0.00000000  -0.0000   0.0000  3-[ 9, 0, 1]
 117    0.000000    0.000000   0.00000000   0.00000000  -0.0000   0.0000  3-[ 9, 0, 1]
 118    0.000000    0.000000   0.00000000   0.00000000  -0.0000   0.0000  3-[ 9, 0, 1]
 119    0.000000    0.000000   0.00000000   0.00000000  -0.0000   0.0000  3-[ 9, 0, 1]
 120    0.000000    0.000000   0.00000000   0.00000000  -0.0000   0.0000  3-[ 9, 0, 1]
 121    0.000000    0.000000   0.00000000   0.00000000  -0.0000   0.0000  3-[ 9, 0, 1]
 122   -3.317012  -20.269244   1.00000000   0.00000159  -0.0000   0.9718  5+[ 2, 0, 2]
 123    2.501404    2.501404   0.00000000   0.00000082  -0.0000   0.7781  5+[ 4, 2, 2]
 124    6.817736    6.817736   0.00000000   0.00000046  -0.0000   0.7780  5+[ 4, 0, 2]
 125   11.410486   11.410486   0.00000000   0.00000040  -0.0000   0.7761  5+[ 4, 1, 3]
 126   22.645577   22.645577   0.00000000   0.00000023  -0.0000   0.5477  5+[ 8, 0, 2]
 127   23.322409   23.322409   0.00000000   0.00000021  -0.0000   0.4137  5+[ 6, 4, 2]
 128   25.219906   25.219906   0.00000000   0.00000021  -0.0000   0.5619  5+[ 6, 4, 2]
 129   26.843082   26.843082   0.00000000   0.00000023  -0.0000   0.4142  5+[ 8, 1, 3]
 130   30.098692   30.098692   0.00000000   0.00000010  -0.0000   0.5427  5+[ 6, 3, 3]
 131   40.900401   40.900401   0.00000000   0.00000017  -0.0000   0.4530  5+[ 8, 6, 2]
 132   45.395809   45.395809   0.00000000   0.00000017  -0.0000   0.3863  5+[ 6, 4, 2]
 133   46.333941   46.333941   0.00000000   0.00000006  -0.0000   0.5498  5+[ 8, 4, 2]
 134   48.234975   48.234975   0.00000000   0.00000017  -0.0000   0.5858  5+[ 6, 0, 2]
 135   49.068873   49.068873   0.00000000   0.00000004  -0.0000   0.4705  5+[ 8, 3, 3]
 136   50.230933   50.230933   0.00000000   0.00000016  -0.0000   0.4274  5+[ 6, 3, 3]
 137   52.261854   52.261854   0.00000000   0.00000016  -0.0000   0.5147  5+[ 6, 1, 3]
 138    0.000000    0.000000   0.00000000   0.00000000  -0.0000   0.0000  5+[10, 0, 2]
 139    0.000000    0.000000   0.00000000   0.00000000  -0.0000   0.0000  5+[10, 0, 2]
 140    0.000000    0.000000   0.00000000   0.00000000  -0.0000   0.0000  5+[10, 0, 2]
 141    0.000000    0.000000   0.00000000   0.00000000  -0.0000   0.0000  5+[10, 0, 2]
 142    0.000000    0.000000   0.00000000   0.00000000  -0.0000   0.0000  5+[10, 0, 2]
 143    0.000000    0.000000   0.00000000   0.00000000  -0.0000   0.0000  5+[10, 0, 2]
 144    0.000000    0.000000   0.00000000   0.00000000  -0.0000   0.0000  5+[10, 0, 2]
 145    0.000000    0.000000   0.00000000   0.00000000  -0.0000   0.0000  5+[10, 0, 2]
 146    0.000000    0.000000   0.00000000   0.00000000  -0.0000   0.0000  5+[10, 0, 2]
 147   -8.901515   -8.901515   0.00000000   0.00000442  -0.0000   0.8969  5-[ 3, 1, 2]
 148   -0.424150   -0.424150   0.00000000   0.00000103  -0.0000   0.8696  5-[ 3, 0, 3]
 149   14.260801   14.260801   0.00000000   0.00000039  -0.0000   0.6382  5-[ 5, 3, 2]
 150   16.611197   16.611197   0.00000000   0.00000028  -0.0000   0.5637  5-[ 5, 1, 2]
 151   19.200634   19.200634   0.00000000   0.00000026  -0.0000   0.6181  5-[ 5, 0, 3]
 152   21.909521   21.909521   0.00000000   0.00000020  -0.0000   0.6822  5-[ 5, 2, 3]
 153   33.616893   33.616893   0.00000000   0.00000019  -0.0000   0.4876  5-[ 7, 5, 2]
 154   35.972086   35.972086   0.00000000   0.00000018  -0.0000   0.3941  5-[ 7, 1, 2]
 155   36.735213   36.735213   0.00000000   0.00000013  -0.0000   0.5762  5-[ 7, 3, 2]
 156   40.518427   40.518427   0.00000000   0.00000018  -0.0000   0.5359  5-[ 5, 0, 3]
 157   41.226781   41.226781   0.00000000   0.00000020  -0.0000   0.4146  5-[ 7, 4, 3]
 158   41.507177   41.507177   0.00000000   0.00000008  -0.0000   0.4920  5-[ 7, 2, 3]
 159   59.856112   59.856112   0.00000000   0.00000015  -0.0000   0.5106  5-[ 9, 7, 2]
 160    0.000000    0.000000   0.00000000   0.00000000  -0.0000   0.0000  5-[ 9, 1, 2]
 161    0.000000    0.000000   0.00000000   0.00000000  -0.0000   0.0000  5-[ 9, 1, 2]
 162    0.000000    0.000000   0.00000000   0.00000000  -0.0000   0.0000  5-[ 9, 1, 2]
 163    0.000000    0.000000   0.00000000   0.00000000  -0.0000   0.0000  5-[ 9, 1, 2]
 164    0.000000    0.000000   0.00000000   0.00000000  -0.0000   0.0000  5-[ 9, 1, 2]
 165    0.000000    0.000000   0.00000000   0.00000000  -0.0000   0.0000  5-[ 9, 1, 2]
 166    0.000000    0.000000   0.00000000   0.00000000  -0.0000   0.0000  5-[ 9, 1, 2]
 167    2.316242    2.316242   0.00000000   0.00000082  -0.0000   0.9155  7+[ 4, 1, 3]
 168   11.138111   11.138111   0.00000000   0.00000040  -0.0000   0.8334  7+[ 4, 0, 4]
 169   23.245239   23.245239   0.00000000   0.00000021  -0.0000   0.5991  7+[ 6, 1, 3]
 170   25.114763   25.114763   0.00000000   0.00000021  -0.0000   0.7123  7+[ 6, 3, 3]
 171   26.726754   26.726754   0.00000000   0.00000023  -0.0000   0.5422  7+[ 8, 0, 4]
 172   30.013690   30.013690   0.00000000   0.00000010  -0.0000   0.6395  7+[ 6, 2, 4]
 173   40.853291   40.853291   0.00000000   0.00000017  -0.0000   0.4816  7+[ 8, 5, 3]
 174   45.286905   45.286905   0.00000000   0.00000016  -0.0000   0.5004  7+[ 6, 1, 3]
 175   46.280621   46.280621   0.00000000   0.00000006  -0.0000   0.5493  7+[ 8, 3, 3]
 176   49.030147   49.030147   0.00000000   0.00000004  -0.0000   0.5767  7+[ 8, 4, 4]
 177   50.151631   50.151631   0.00000000   0.00000015  -0.0000   0.5090  7+[ 6, 2, 4]
 178   52.074545   52.074545   0.00000000   0.00000016  -0.0000   0.6220  7+[ 6, 0, 4]
 179    0.000000    0.000000   0.00000000   0.00000000  -0.0000   0.0000  7+[10, 1, 3]
 180    0.000000    0.000000   0.00000000   0.00000000  -0.0000   0.0000  7+[10, 1, 3]
 181    0.000000    0.000000   0.00000000   0.00000000  -0.0000   0.0000  7+[10, 1, 3]
 182    0.000000    0.000000   0.00000000   0.00000000  -0.0000   0.0000  7+[10, 1, 3]
 183    0.000000    0.000000   0.00000000   0.00000000  -0.0000   0.0000  7+[10, 1, 3]
 184    0.000000    0.000000   0.00000000   0.00000000  -0.0000   0.0000  7+[10, 1, 3]
 185    0.000000    0.000000   0.00000000   0.00000000  -0.0000   0.0000  7+[10, 1, 3]
 186    0.000000    0.000000   0.00000000   0.00000000  -0.0000   0.0000  7+[10, 1, 3]
 187   -9.155062   -9.155062   0.00000000   0.00000478  -0.0000   0.9752  7-[ 3, 0, 3]
 188   14.118549   14.118549   0.00000000   0.00000039  -0.0000   0.8117  7-[ 5, 2, 3]
 189   16.425015   16.425015   0.00000000   0.00000028  -0.0000   0.7455  7-[ 5, 0, 3]
 190   21.741157   21.741157   0.00000000   0.00000020  -0.0000   0.7631  7-[ 5, 1, 4]
 191   33.562021   33.562021   0.00000000   0.00000019  -0.0000   0.4914  7-[ 7, 2, 3]
 192   35.823244   35.823244   0.00000000   0.00000018  -0.0000   0.5678  7-[ 7, 0, 3]
 193   36.649515   36.649515   0.00000000   0.00000013  -0.0000   0.6187  7-[ 7, 4, 3]
 194   41.133021   41.133021   0.00000000   0.00000020  -0.0000   0.4901  7-[ 7, 1, 4]
 195   41.435371   41.435371   0.00000000   0.00000008  -0.0000   0.6303  7-[ 7, 3, 4]
 196   59.830343   59.830343   0.00000000   0.00000015  -0.0000   0.5899  7-[ 9, 6, 3]
 197    0.000000    0.000000   0.00000000   0.00000000  -0.0000   0.0000  7-[ 9, 0, 3]
 198    0.000000    0.000000   0.00000000   0.00000000  -0.0000   0.0000  7-[ 9, 0, 3]
 199    0.000000    0.000000   0.00000000   0.00000000  -0.0000   0.0000  7-[ 9, 0, 3]
 200    0.000000    0.000000   0.00000000   0.00000000  -0.0000   0.0000  7-[ 9, 0, 3]
 201    0.000000    0.000000   0.00000000   0.00000000  -0.0000   0.0000  7-[ 9, 0, 3]
 202    0.000000    0.000000   0.00000000   0.00000000  -0.0000   0.0000  7-[ 9, 0, 3]
 203    2.077396    2.077396   0.00000000   0.00000083  -0.0000   0.9754  9+[ 4, 0, 4]
 204   23.152777   23.152777   0.00000000   0.00000021  -0.0000   0.6999  9+[ 6, 0, 4]
 205   24.979197   24.979197   0.00000000   0.00000021  -0.0000   0.8265  9+[ 6, 2, 4]
 206   29.903876   29.903876   0.00000000   0.00000010  -0.0000   0.7055  9+[ 6, 1, 5]
 207   40.792179   40.792179   0.00000000   0.00000017  -0.0000   0.5024  9+[ 8, 2, 4]
 208   45.146329   45.146329   0.00000000   0.00000016  -0.0000   0.6004  9+[ 6, 0, 4]
 209   46.210681   46.210681   0.00000000   0.00000006  -0.0000   0.6231  9+[ 8, 4, 4]
 210   48.978967   48.978967   0.00000000   0.00000004  -0.0000   0.6729  9+[ 8, 3, 5]
 211   50.049916   50.049916   0.00000000   0.00000015  -0.0000   0.5623  9+[ 6, 1, 5]
 212    0.000000    0.000000   0.00000000   0.00000000  -0.0000   0.0000  9+[10, 0, 4]
 213    0.000000    0.000000   0.00000000   0.00000000  -0.0000   0.0000  9+[10, 0, 4]
 214    0.000000    0.000000   0.00000000   0.00000000  -0.0000   0.0000  9+[10, 0, 4]
 215    0.000000    0.000000   0.00000000   0.00000000  -0.0000   0.0000  9+[10, 0, 4]
 216    0.000000    0.000000   0.00000000   0.00000000  -0.0000   0.0000  9+[10, 0, 4]
 217    0.000000    0.000000   0.00000000   0.00000000  -0.0000   0.0000  9+[10, 0, 4]
 218    0.000000    0.000000   0.00000000   0.00000000  -0.0000   0.0000  9+[10, 0, 4]
 219   13.932130   13.932130   0.00000000   0.00000039  -0.0000   0.9261  9-[ 5, 1, 4]
 220   21.531101   21.531101   0.00000000   0.00000021  -0.0000   0.8081  9-[ 5, 0, 5]
 221   33.490217   33.490217   0.00000000   0.00000019  -0.0000   0.7012  9-[ 7, 1, 4]
 222   36.538098   36.538098   0.00000000   0.00000013  -0.0000   0.7518  9-[ 7, 3, 4]
 223   41.014400   41.014400   0.00000000   0.00000020  -0.0000   0.5911  9-[ 7, 0, 5]
 224   41.342904   41.342904   0.00000000   0.00000008  -0.0000   0.7386  9-[ 7, 2, 5]
 225   59.796631   59.796631   0.00000000   0.00000015  -0.0000   0.5956  9-[ 9, 5, 4]
 226    0.000000    0.000000   0.00000000   0.00000000  -0.0000   0.0000  9-[ 9, 1, 4]
 227    0.000000    0.000000   0.00000000   0.00000000  -0.0000   0.0000  9-[ 9, 1, 4]
 228    0.000000    0.000000   0.00000000   0.00000000  -0.0000   0.0000  9-[ 9, 1, 4]
 229    0.000000    0.000000   0.00000000   0.00000000  -0.0000   0.0000  9-[ 9, 1, 4]
 230    0.000000    0.000000   0.00000000   0.00000000  -0.0000   0.0000  9-[ 9, 1, 4]
 231   24.817079   24.817079   0.00000000   0.00000021  -0.0000   0.9029 11+[ 6, 1, 5]
 232   29.772524   29.772524   0.00000000   0.00000010  -0.0000   0.7410 11+[ 6, 0, 6]
 233   40.718486   40.718486   0.00000000   0.00000017  -0.0000   0.6769 11+[ 8, 1, 5]
 234   46.125083   46.125083   0.00000000   0.00000007  -0.0000   0.7392 11+[ 8, 3, 5]
 235   48.915771   48.915771   0.00000000   0.00000004  -0.0000   0.7463 11+[ 8, 2, 6]
 236   49.929109   49.929109   0.00000000   0.00000015  -0.0000   0.5861 11+[ 6, 0, 6]
 237    0.000000    0.000000   0.00000000   0.00000000  -0.0000   0.0000 11+[10, 1, 5]
 238    0.000000    0.000000   0.00000000   0.00000000  -0.0000   0.0000 11+[10, 1, 5]
 239    0.000000    0.000000   0.00000000   0.00000000  -0.0000   0.0000 11+[10, 1, 5]
 240    0.000000    0.000000   0.00000000   0.00000000  -0.0000   0.0000 11+[10, 1, 5]
 241    0.000000    0.000000   0.00000000   0.00000000  -0.0000   0.0000 11+[10, 1, 5]
 242    0.000000    0.000000   0.00000000   0.00000000  -0.0000   0.0000 11+[10, 1, 5]
 243   13.705636   13.705636   0.00000000   0.00000039  -0.0000   0.9751 11-[ 5, 0, 5]
 244   33.402780   33.402780   0.00000000   0.00000019  -0.0000   0.8023 11-[ 7, 0, 5]
 245   36.403318   36.403318   0.00000000   0.00000013  -0.0000   0.8535 11-[ 7, 2, 5]
 246   41.231984   41.231984   0.00000000   0.00000008  -0.0000   0.8094 11-[ 7, 1, 6]
 247   59.755463   59.755463   0.00000000   0.00000015  -0.0000   0.6385 11-[ 9, 2, 5]
 248    0.000000    0.000000   0.00000000   0.00000000  -0.0000   0.0000 11-[ 9, 0, 5]
 249    0.000000    0.000000   0.00000000   0.00000000  -0.0000   0.0000 11-[ 9, 0, 5]
 250    0.000000    0.000000   0.00000000   0.00000000  -0.0000   0.0000 11-[ 9, 0, 5]
 251    0.000000    0.000000   0.00000000   0.00000000  -0.0000   0.0000 11-[ 9, 0, 5]
 252   24.633081   24.633081   0.00000000   0.00000021  -0.0000   0.9441 13+[ 6, 0, 6]
 253   40.633967   40.633967   0.00000000   0.00000016  -0.0000   0.7645 13+[ 8, 0, 6]
 254   46.025024   46.025024   0.00000000   0.00000007  -0.0000   0.8290 13+[ 8, 2, 6]
 255   48.841192   48.841192   0.00000000   0.00000004  -0.0000   0.7966 13+[ 8, 1, 7]
 256    0.000000    0.000000   0.00000000   0.00000000  -0.0000   0.0000 13+[10, 0, 6]
 257    0.000000    0.000000   0.00000000   0.00000000  -0.0000   0.0000 13+[10, 0, 6]
 258    0.000000    0.000000   0.00000000   0.00000000  -0.0000   0.0000 13+[10, 0, 6]
 259    0.000000    0.000000   0.00000000   0.00000000  -0.0000   0.0000 13+[10, 0, 6]
 260    0.000000    0.000000   0.00000000   0.00000000  -0.0000   0.0000 13+[10, 0, 6]
 261   36.248045   36.248045   0.00000000   0.00000013  -0.0000   0.9217 13-[ 7, 1, 6]
 262   41.105237   41.105237   0.00000000   0.00000008  -0.0000   0.8427 13-[ 7, 0, 7]
 263   59.707372   59.707372   0.00000000   0.00000015  -0.0000   0.8276 13-[ 9, 1, 6]
 264    0.000000    0.000000   0.00000000   0.00000000  -0.0000   0.0000 13-[ 9, 1, 6]
 265    0.000000    0.000000   0.00000000   0.00000000  -0.0000   0.0000 13-[ 9, 1, 6]
 266    0.000000    0.000000   0.00000000   0.00000000  -0.0000   0.0000 13-[ 9, 1, 6]
 267   45.911950   45.911950   0.00000000   0.00000007  -0.0000   0.8895 15+[ 8, 1, 7]
 268   48.756127   48.756127   0.00000000   0.00000004  -0.0000   0.8256 15+[ 8, 0, 8]
 269    0.000000    0.000000   0.00000000   0.00000000  -0.0000   0.0000 15+[10, 1, 7]
 270    0.000000    0.000000   0.00000000   0.00000000  -0.0000   0.0000 15+[10, 1, 7]
 271    0.000000    0.000000   0.00000000   0.00000000  -0.0000   0.0000 15+[10, 1, 7]
 272    0.000000    0.000000   0.00000000   0.00000000  -0.0000   0.0000 15+[10, 1, 7]
 273   36.075628   36.075628   0.00000000   0.00000013  -0.0000   0.9574 15-[ 7, 0, 7]
 274   59.652916   59.652916   0.00000000   0.00000015  -0.0000   0.9250 15-[ 9, 0, 7]
 275    0.000000    0.000000   0.00000000   0.00000000  -0.0000   0.0000 15-[ 9, 0, 7]
 276    0.000000    0.000000   0.00000000   0.00000000  -0.0000   0.0000 15-[ 9, 0, 7]
 277   45.787576   45.787576   0.00000000   0.00000007  -0.0000   0.9207 17+[ 8, 0, 8]
 278    0.000000    0.000000   0.00000000   0.00000000  -0.0000   0.0000 17+[10, 0, 8]
 279    0.000000    0.000000   0.00000000   0.00000000  -0.0000   0.0000 17+[10, 0, 8]
 280    0.000000    0.000000   0.00000000   0.00000000  -0.0000   0.0000 17+[10, 0, 8]
  Sum canonical e_v*V^2_k=  -466.89645893178999     

  NB! From expect (UNPROJECTED RESULTS)

  pairing: CpV0,CpV1,...        -280.000000    -280.000000       0.500000       0.500000
  forces:   SKM*                          
  Blocked neutron block       4


                             neutrons         protons         total
  Requested part.numbs.      27.000000      20.000000      47.000000
  UnPj(av) part.numbs .      27.000000      20.000000      47.000000
  b0, bz, bp ..........       1.750004       1.750004       1.750004

  lambda (ala) ........      -9.536332     -11.793128
  Lambda (alast) ......      -9.536332     -13.272025
  delta(n,p), pwi .....       1.310967      -0.000024      60.000000
  pairing energy ......      -5.809006      -0.000000      -5.809006

  rms-radius ..........       3.589751       3.448737       3.530433
  charge-radius, r0 ...                      3.541052       4.361089
  deformation beta2....      -0.029758      -0.014245      -0.023459
  dipole moment[fm] ...       0.000000       0.000000       0.000000
  quadrupole moment[b]       -0.130620      -0.042749      -0.173369
  octupole moment .....       0.000000       0.000000       0.000000
  hexadecapole moment .      -0.000263      -0.000085      -0.000348
  q5 ..................       0.000000       0.000000       0.000000
  q6 ..................       0.000003       0.000001       0.000004
  q7 ..................       0.000000       0.000000       0.000000
  q8 ..................      -0.000000       0.000000       0.000000

  <Jx^2> from rho .....       7.510389       0.005963       7.516352
  <Jx^2> from kappa ...      -7.477363      -0.000000      -7.477363
  <J^2> = 2*<Jx^2> ....       0.066053       0.011926       0.077979

  kinetic energy ......     493.208275     309.160441     802.368716
  volume energy .......                                 -1362.069847
        rho_tau .......                                   140.268527
        rho_rho .......                                 -1502.338373
  surface energy ......                                   113.323249
   rho_DELTA_rho ......                                   113.323249
   (NABLA_rho)^2 ......                                     0.000000
  spin-orbit energy ...                                   -26.917177
        rho_NABLA_J ...                                   -26.917177
        NABLA_rho_J ...                                     0.000000
  coulomb energy ......                                    71.324922
          direct ......                                    78.749859
          exchange ....                                    -7.424937
          pairing .....                                     0.000000
  tensor energy .......                                     0.000000
  direct Hartree E  ...                                     0.000000
  Extra E .............                                     0.000000
  External field E ....                                     0.000000
  Entropy .............       0.000000       0.000000       0.000000

  tEnergy: ehfb (qp)...                                  -407.779143

  Calculated but not added corrections
  ====================================
  cmc-diagonal part ...      10.721919       6.720879      17.442798
  cmc-hfb .............       0.000000       0.000000       0.000000
  cranking rot corr ...       0.000000       0.000000       0.000000

  SQUJ ................       0.000000       0.000000       0.000000
  CRAN x 4 ............       0.000000       0.000000       0.000000
  Rigit Body ..........       0.000000       0.000000       0.000000


   Blocking candidates are:
   neutron eqpmin=   1.5699118332319824       pwiblo=   1.0000000000000000     
    num=   5 block=   4 state=   2    69 Eqp=   3.38340423  (1-2N)E=  -0.00000000  overl=   0.80400336  3-[ 3, 0, 1]

   Blocking candidates are:
   proton  eqpmin=   1.4788970886519228       pwiblo=   1.0000000000000000     


Distributed parallelism with MPI     : 1 tasks/HFBTHO
Multi-threading framework with OpenMP: 4 threads/task

  ==========================================
           FORTRAN 95 CODE (KIND= 8) 
 git: parent: 3cae9cc3ec7a0c93cd724b300dc0d972f613f33e
  ==========================================
       AXIALLY DEFORMED CONFIGURATIONAL     
     HARTREE-FOCK-BOGOLIUBOV CALCULATIONS   
                     WITH                   
      SKYRME+DELTA PAIRING OR GOGNY EDFs    
                  USING THE                 
             HARMONIC-OSCILLATOR            
                    AND/OR                  
        TRANSFORMED HARMONIC-OSCILLATOR     
                    BASIS                   
                     ---                    
                v1.66  (2005)               
    Stoitsov, Dobaczewski, Nazarewicz, Ring 
                v2.00d (2012)               
        Stoitsov, Schunck, Kortelainen      
                v3.00  (2016)               
            Schunck, Navarro Perez          
  ==========================================
    Nucleus: Ca (A=  47, N= 27, Z= 20)
       Reflection Symmetry Imposed       
            (10/12/2021,  8: 3)                               
  ==========================================


  ---------------------------------------
           UNEDF Module Version: 17
         M.Kortelainen & M.Stoitsov 
  ---------------------------------------

  SKM* functional
  ----------------------------------------
  Crho(0)=   -991.875000000000000    ; Crho(1)=    390.137499999999989    
  CDrho(0)=   974.687500000000000    ; CDrho(1)=  -324.895833333333314    
  Ctau(0)=    34.6875000000000000    ; Ctau(1)=   -34.0625000000000000    
  CrDr(0)=   -68.2031250000000000    ; CrDr(1)=    17.1093750000000000    
  CrdJ(0)=   -97.5000000000000000    ; CrdJ(1)=   -32.5000000000000000    
  CJ(0)=      34.0625000000000000    ; CJ(1)=      34.0625000000000000    
  CpV0(0)=   -280.000000000000000    ; CpV0(1)=   -280.000000000000000    
  CpV1(0)=   0.500000000000000000    ; CpV1(1)=   0.500000000000000000    
  sigma=     0.166666666666666657    ; hbzero=     20.7300000000000004    
  functional has DME couplings: F
  use 3-Nucleon DME couplings: F
  e^2 chrg=   1.43997840859651349    ; CExPar=     1.00000000000000000    
  c.m. correction: T, chr. density in direct Coul: F
  use tensor terms: F

  Coupling constants in natural units
  ----------------------------------------
  Crho_nu(0)=   -1.11697019706649536    ; Crho_nu(1)=   0.439341610846154806    
  CDrho_nu(0)=   1.05494661920042820    ; CDrho_nu(1)= -0.351648873066809420    
  Ctau_nu(0)=   0.491699256216479808    ; Ctau_nu(1)=  -0.482839810158525229    
  CrDr_nu(0)=  -0.966787051074294745    ; CrDr_nu(1)=   0.242527335836506930    
  CrdJ_nu(0)=   -1.38207358504091626    ; CrdJ_nu(1)=  -0.460691195013638755    
  CJ_nu(0)=     0.482839810158525229    ; CJ_nu(1)=     0.482839810158525229    
  CpV0_nu(0)=  -0.315313577999867589    ; CpV0_nu(1)=  -0.315313577999867589    
  CpV1_nu(0)=   0.443851127103029534E-03; CpV1_nu(1)=   0.443851127103029534E-03
  fpi_nu=        93.0000000000000000    ; Lambda_nu=     700.000000000000000    

  Nuclear matter properties
  ----------------------------------------
  E_NM=      -15.7762359616147627    ; K_NM=        216.657542303868979    
  P_NM=     -0.730495530692525363E-15; RHO_NM=     0.160318515964671449    
  ASS_NM=     30.0323865018228560    ; LASS_NM=     45.7703887670942962    
  SMASS_NM=   1.26826090316085582    ; VMASS_NM=    1.53168827653502970    

  Associated (t,x)-coupling constants
  ----------------------------------------
  t0=      -2645.00000000000000    ; x0=       0.899999999999999689E-01
  t1=       410.000000000000000    ; x1=        0.00000000000000000    
  t2=      -135.000000000000000    ; x2=        0.00000000000000000    
  t3=       15595.0000000000000    ; x3=       -0.00000000000000000    
  b4=       65.0000000000000000    ; b4p=       65.0000000000000000    
  te=       0.00000000000000000    ; to=        0.00000000000000000    
  sigma=   0.166666666666666657    ; hbzero=    20.7300000000000004    

  ---------------------------------------
        Characteristics of the run       
  ---------------------------------------
  Output file ................:    57
  Nucleus ....................:   Ca  47
  Number of HO shells ........:    10
  HO length b0 (fm) ..........:     1.75000371403579
  Basis deformation ..........:  beta0=   0.000 q=   1.000
  HO: b0,1/b0,bp,bz,q ........:   0.17500037E+01  0.57142736E+00  0.17500037E+01  0.17500037E+01  0.10000000E+01
  h**2/(2m_n), cmc, e**2 .....:   0.20730000E+02  0.20288936E+02  0.14399784E+01
  h**2/(2m_p), cmc, e**2 .....:   0.20730000E+02  0.20288936E+02  0.14399784E+01
  hom=f*41.0_pr*A^{-1/3}, f...:   0.13537902E+02  0.12000000E+01
  THO basis is ...............:  OFF
  Maximal number of iterations:    50
  Initial mixing parameter ...:  0.900
  Initial wave functions from :  tape
  Energy functional ..........:    SKM*                          
    direct Coulomb by substitution method, exchange Coulomb with Slater approximation
  Pairing cutoff energy ......:    60.00 MeV
  Lipkin-Nogami procedure is .:  OFF
  PAV procedure is ...........:  OFF
  Constraint calculation is ..:  OFF
  Neutron blocking is ........:   ON
  Temperature T ..............:   0.00 MeV
  Pairing regularization is ..:  OFF
  Collective inertia is ......:  OFF
  Fission fragments are ......:  OFF
  Restart indicator ..........:  -1
  Broyden mixing (#iterations):   7

  ---------------------------------------
        Harmonic Oscillator Basis        
  ---------------------------------------
  NUV, NQP:                        6222     286
  Comparison with bookkeeping spherical basis:
  n00:                               10      10  Maximal number of shells
  nbx, 2*n00+1:                      21      21  Maximal number of K-blocks
  ntx, (n00+1)*(n00+2)*(n00+3)/6    286     286  Max.num. p/n levels
  nzx, n00:                          10      10  Maximal nz-quantum number
  nrx, n00/2  :                       5       5  Maximal nr-quantum number
  nlx, n00:                          10      10  Maximal ml-quantum number
  ndx, (n00+2)*(n00+2)/4:            36      36  Maximal dim. of one k-block

  Actual basis used
  Number of blocks: nb .......:   21
  Number of levels: nt .......:  286
  Maximal 2*omega : nom ......:   21
  Maximal nz:       nzm ......:   10
  Maximal nr:       nrm ......:    5
  Maximal ml:       nlm ......:   10
  Maximal N=nz+2*nr+nl .......:   10
  2 x biggest block dim. .....:   72
  Non-zero elements of h .....:     3254
  Number of Broyden elements .:    13016

  ---------------------------------------
            Integration Meshes           
  ---------------------------------------
  Number of Gauss-Hermite mesh points ngh ....:  40
  Number of Gauss-Laguerre mesh points ngl ...:  40
  Number of Gauss-Legendre mesh points nleg ..:  80
  Integration boundaries
    Hermite  - from xh(1)  =  0.12379686 to xh(ngh)   = 11.88786356
    Laguerre - From xl(1)  =  0.03570039 to xl(ngl)   =142.28004447
    Legendre - From xleg(1)=  0.00978669 to xleg(nleg)=  0.99988775
  Max.dev.in:     Orthogonality            Normalization
  Hermite     1.5150139407621233E-015   1.0658141036401503E-014
  Laguerre    4.3068680416470186E-015   8.2156503822261584E-015

  Reading from wel_file: hfbtho_output.hel


  ### REGULAR STAGE (reflection symmetry imposed)
  |HFB+HO> iterations(b0=  1.750, Nsh= 10, inin= -1, N= 27, Z= 20)...
  ----------------------------------------------------------------------------------------------------------------------------------
  i          si     mix   beta      Etot       A       rn      rp         En      Dn      Ep      Dp        Ln      Lp     time  time(Gog.)
  ----------------------------------------------------------------------------------------------------------------------------------
   0N   0.00000479 0.52  0.000  -419.293870   48.0   3.595   3.446 |   -0.000   0.000  -0.000  -0.000 |  -10.337 -14.646   0.000   0.000
    neutron Blocking: block=  2 state=  2   Eqp=   3.80278219  Dqpe=   3.80229427  Ovlp=   1.00000000   6/  6  1-[ 3, 3, 0]
   1B   1.27044185 0.20  0.010  -405.789867   47.0   3.583   3.446 |   -1.039   0.527  -0.000  -0.000 |  -10.337 -14.646   6.112   0.000
    neutron Blocking: block=  2 state=  2   Eqp=   4.28172613  Dqpe=   3.80050688  Ovlp=   0.99630181   6/  6  1-[ 3, 3, 0]
   2B   0.67959415 0.22  0.011  -406.974802   47.0   3.590   3.444 |   -2.005   0.756  -0.000  -0.000 |  -10.242 -13.791   0.212   0.000
    neutron Blocking: block=  2 state=  2   Eqp=   3.81524527  Dqpe=   3.10010858  Ovlp=   0.99819129   6/  6  1-[ 3, 3, 0]
   3B   0.33778590 0.24  0.014  -407.341577   47.0   3.588   3.447 |   -2.597   0.865  -0.000  -0.000 |  -10.034 -13.629   0.218   0.000
    neutron Blocking: block=  2 state=  2   Eqp=   3.62082744  Dqpe=   2.59050511  Ovlp=   0.99950665   6/  6  1-[ 3, 3, 0]
   4B   0.20973376 0.27  0.016  -407.608982   47.0   3.588   3.448 |   -3.593   1.024  -0.000  -0.000 |   -9.818 -13.447   0.221   0.000
    neutron Blocking: block=  2 state=  2   Eqp=   3.45419495  Dqpe=   2.09901953  Ovlp=   0.99911707   6/  6  1-[ 3, 3, 0]
   5B   0.08889424 0.29  0.019  -407.753182   47.0   3.589   3.448 |   -4.827   1.193  -0.000  -0.000 |   -9.637 -13.336   0.222   0.000
    neutron Blocking: block=  2 state=  2   Eqp=   3.39384841  Dqpe=   1.86942497  Ovlp=   0.99968294   6/  6  1-[ 3, 3, 0]
   6B   0.03657144 0.32  0.021  -407.777025   47.0   3.589   3.448 |   -5.608   1.288  -0.000  -0.000 |   -9.549 -13.313   0.223   0.000
    neutron Blocking: block=  2 state=  2   Eqp=   3.38932285  Dqpe=   1.82619176  Ovlp=   0.99996358   6/  6  1-[ 3, 3, 0]
   7B   0.01752195 0.35  0.022  -407.777450   47.0   3.589   3.449 |   -5.805   1.311  -0.000  -0.000 |   -9.533 -13.313   0.216   0.000
    neutron Blocking: block=  2 state=  2   Eqp=   3.39194934  Dqpe=   1.82384287  Ovlp=   0.99999824   6/  6  1-[ 3, 3, 0]
   8B   0.01182091 0.39  0.022  -407.776453   47.0   3.590   3.449 |   -5.838   1.314  -0.000  -0.000 |   -9.531 -13.314   0.209   0.000
    neutron Blocking: block=  2 state=  2   Eqp=   3.39462823  Dqpe=   1.83040093  Ovlp=   0.99999711   6/  6  1-[ 3, 3, 0]
   9B   0.00875682 0.43  0.023  -407.775711   47.0   3.590   3.449 |   -5.830   1.313  -0.000  -0.000 |   -9.534 -13.311   0.210   0.000
    neutron Blocking: block=  2 state=  2   Eqp=   3.39334980  Dqpe=   1.83261958  Ovlp=   0.99999741   6/  6  1-[ 3, 3, 0]
  10B   0.00476740 0.47  0.023  -407.776272   47.0   3.590   3.449 |   -5.821   1.312  -0.000  -0.000 |   -9.535 -13.307   0.212   0.000
    neutron Blocking: block=  2 state=  2   Eqp=   3.39162460  Dqpe=   1.83347878  Ovlp=   0.99999859   6/  6  1-[ 3, 3, 0]
  11B   0.00188785 0.52  0.023  -407.776336   47.0   3.590   3.449 |   -5.813   1.311  -0.000  -0.000 |   -9.536 -13.304   0.208   0.000
    neutron Blocking: block=  2 state=  2   Eqp=   3.39030207  Dqpe=   1.83342175  Ovlp=   0.99999976   6/  6  1-[ 3, 3, 0]
  12B   0.00071047 0.57  0.024  -407.776652   47.0   3.590   3.449 |   -5.809   1.311  -0.000  -0.000 |   -9.536 -13.302   0.206   0.000
    neutron Blocking: block=  2 state=  2   Eqp=   3.39059752  Dqpe=   1.83434964  Ovlp=   0.99999997   6/  6  1-[ 3, 3, 0]
  13B   0.00046277 0.63  0.024  -407.776568   47.0   3.590   3.449 |   -5.808   1.311  -0.000  -0.000 |   -9.536 -13.301   0.215   0.000
    neutron Blocking: block=  2 state=  2   Eqp=   3.39049872  Dqpe=   1.83439956  Ovlp=   1.00000000   6/  6  1-[ 3, 3, 0]
  14B   0.00008240 0.69  0.024  -407.776613   47.0   3.590   3.449 |   -5.807   1.311  -0.000  -0.000 |   -9.536 -13.301   0.195   0.000
    neutron Blocking: block=  2 state=  2   Eqp=   3.39054947  Dqpe=   1.83452683  Ovlp=   1.00000000   6/  6  1-[ 3, 3, 0]
  15B   0.00003963 0.76  0.024  -407.776595   47.0   3.590   3.449 |   -5.807   1.311  -0.000  -0.000 |   -9.536 -13.301   0.215   0.000
    neutron Blocking: block=  2 state=  2   Eqp=   3.39056070  Dqpe=   1.83455439  Ovlp=   1.00000000   6/  6  1-[ 3, 3, 0]
  16B   0.00002013 0.84  0.024  -407.776598   47.0   3.590   3.449 |   -5.807   1.311  -0.000  -0.000 |   -9.536 -13.301   0.213   0.000
    neutron Blocking: block=  2 state=  2   Eqp=   3.39056272  Dqpe=   1.83457307  Ovlp=   1.00000000   6/  6  1-[ 3, 3, 0]
  17B   0.00001218 0.90  0.024  -407.776598   47.0   3.590   3.449 |   -5.807   1.311  -0.000  -0.000 |   -9.536 -13.301   0.212   0.000
    neutron Blocking: block=  2 state=  2   Eqp=   3.39056855  Dqpe=   1.83459669  Ovlp=   1.00000000   6/  6  1-[ 3, 3, 0]
  18B   0.00000591 0.90  0.024  -407.776599   47.0   3.590   3.449 |   -5.807   1.311  -0.000  -0.000 |   -9.536 -13.301   0.215   0.000
    neutron Blocking: block=  2 state=  2   Eqp=   3.39056849  Dqpe=   1.83460271  Ovlp=   1.00000000   6/  6  1-[ 3, 3, 0]
  18N   0.00000591 0.90  0.024  -407.776599   47.0   3.590   3.449 |   -5.807   1.311  -0.000  -0.000 |   -9.536 -13.301   0.214   0.000
  ----------------------------------------------------------------------------------------------------------------------------------
  *   iteration converged   after  18 steps   si=     0.0000059097 ho=  0 tho=  0
  ----------------------------------------------------------------------------------------------------------------------------------
  Total CPU time=   0.166 minutes
    neutron Blocking: block=  2 state=  2   Eqp=   3.39056994  Dqpe=   1.83460573  Ovlp=   1.00000000   6/  6  1-[ 3, 3, 0]


 #quasiparticle energies neutrons
 --------------------------------
  eqp(k) -> q.p. energy 
  e(k)   -> referent s.p. energy 
  p(k)   -> occ.probability 
  del(k) -> referent s.p. gap 
  fermi energy alast=  -9.5360515983958791     
  #k  block#    eqp(k)     e(k)       (1-2N)E      decay        p(k)        del(k)    overl      labels
   1    1     5.287519  -14.642748   -5.106697    1.709530    0.98290099   1.3710   0.7520  1+[ 2, 1, 1]
   2    1     7.455989  -16.887668   -7.351616    1.830304    0.99300075   1.2432   0.7658  1+[ 2, 0, 0]
   3    1    10.061400    0.442075    9.978127    1.965623    0.00413825   1.2918   0.5901  1+[ 4, 2, 0]
   4    1    11.958521  -21.332102  -11.796050    2.058566    0.99320690   1.9645   0.6467  1+[ 2, 2, 0]
   5    1    13.186468    3.551210   13.087262    2.116550    0.00376166   1.6145   0.5370  1+[ 4, 4, 0]
   6    1    14.331012    4.766585   14.302636    2.169201    0.00099002   0.9014   0.5761  1+[ 4, 0, 0]
   7    1    15.537287    5.984568   15.520620    2.223343    0.00053636   0.7195   0.4537  1+[ 4, 1, 1]
   8    1    19.156452    9.595572   19.131623    2.378398    0.00064806   0.9750   0.4729  1+[ 4, 3, 1]
   9    1    28.636569   19.081509   28.617561    2.743319    0.00033189   1.0432   0.3571  1+[ 8, 8, 0]
  10    1    29.145698   19.597099   29.133151    2.761553    0.00021525   0.8551   0.3449  1+[ 6, 1, 1]
  11    1    30.209747   20.630879   30.166931    2.799278    0.00070866   1.6078   0.4349  1+[ 4, 0, 0]
  12    1    30.943669   21.390974   30.927026    2.825004    0.00026893   1.0148   0.3192  1+[ 4, 1, 1]
  13    1    31.375672   21.828312   31.364363    2.840039    0.00018021   0.8423   0.4918  1+[ 6, 3, 1]
  14    1    33.403757   23.851602   33.387653    2.909581    0.00024105   1.0371   0.3015  1+[ 8, 1, 1]
  15    1    34.432204  -43.906460  -34.370409    2.944218    0.99910265   2.0620   0.9853  1+[ 0, 0, 0]
  16    1    36.354325   26.815349   36.351401    3.007885    0.00004022   0.4611   0.4241  1+[ 6, 3, 1]
  17    1    46.930482   37.383183   46.919235    3.336537    0.00011983   1.0274   0.3653  1+[ 8, 2, 0]
  18    1    51.023616   41.478031   51.014082    3.455350    0.00009343   0.9863   0.3113  1+[ 6, 5, 1]
  19    1    51.863810   42.325709   51.861761    3.479237    0.00001976   0.4610   0.4825  1+[ 8, 4, 0]
  20    1    53.788422   44.239119   53.775171    3.533346    0.00012318   1.1939   0.3644  1+[ 6, 6, 0]
  21    1    55.065760   45.528808   55.064859    3.568804    0.00000818   0.3149   0.4179  1+[ 8, 4, 0]
  22    1    56.238689   46.689611   56.225662    3.601056    0.00011581   1.2104   0.4967  1+[ 6, 0, 0]
  23    1    57.470677   47.922562   57.458614    3.634625    0.00010495   1.1775   0.3512  1+[ 6, 3, 1]
  24    1    57.601982   48.055007   57.591059    3.638184    0.00009482   1.1217   0.3669  1+[ 6, 3, 1]
  25    1    58.324328   48.778245   58.314296    3.657704    0.00008600   1.0817   0.3930  1+[ 6, 1, 1]
  26    2     1.636991  -10.407148   -0.871096    1.484178    0.76606620   1.3860   0.5092  1-[ 3, 2, 1]
  27    2     3.390570   -9.536052    0.000000    1.596404    0.50000000   3.3906   0.5593  1-[ 3, 3, 0]
  28    2     5.737165   -3.876105    5.659946    1.735264    0.00672973   0.9381   0.6528  1-[ 3, 0, 1]
  29    2     8.303236   -1.330740    8.205312    1.875379    0.00589677   1.2715   0.6194  1-[ 3, 2, 1]
  30    2    19.566766  -28.886341  -19.350289    2.395344    0.99446825   2.9025   0.8089  1-[ 1, 0, 1]
  31    2    21.111598   11.546559   21.082611    2.458097    0.00068651   1.1059   0.5730  1-[ 5, 3, 0]
  32    2    22.176337    9.880325   19.416377    2.500431    0.06222759  10.7142   0.4684  1-[ 5, 5, 0]
  33    2    22.590567   11.334365   20.870417    2.516708    0.03807231   8.6464   0.5347  1-[ 5, 1, 0]
  34    2    23.198476  -28.064155  -18.528104    2.540408    0.89933882  13.9599   0.7625  1-[ 1, 1, 0]
  35    2    23.644269   13.889034   23.425086    2.557647    0.00463502   3.2120   0.4186  1-[ 5, 0, 1]
  36    2    25.458546   15.905821   25.441873    2.626642    0.00032746   0.9212   0.3870  1-[ 5, 4, 1]
  37    2    28.891098   19.345856   28.881907    2.752450    0.00015905   0.7287   0.4602  1-[ 5, 2, 1]
  38    2    39.560343   30.011700   39.547752    3.111180    0.00015914   0.9980   0.3841  1-[ 7, 6, 1]
  39    2    41.690891   32.143838   41.679890    3.177968    0.00013194   0.9577   0.3291  1-[ 7, 7, 0]
  40    2    42.575372   33.033396   42.569447    3.205286    0.00006958   0.7102   0.4937  1-[ 7, 3, 0]
  41    2    44.511523   34.957055   44.493107    3.264288    0.00020687   1.2803   0.3160  1-[ 5, 5, 0]
  42    2    46.614866   37.067111   46.603163    3.327199    0.00012553   1.0445   0.3697  1-[ 5, 4, 1]
  43    2    46.888660   37.338065   46.874117    3.335301    0.00015508   1.1677   0.5073  1-[ 5, 0, 1]
  44    2    47.860974   38.322541   47.858593    3.363915    0.00002487   0.4774   0.4680  1-[ 7, 4, 1]
  45    2    48.415108   38.863347   48.399399    3.380115    0.00016224   1.2333   0.3166  1-[ 7, 6, 1]
  46    2    65.316370   55.768600   65.304651    3.841522    0.00008971   1.2372   0.4418  1-[ 9, 7, 0]
  47    2    66.060188   56.521633   66.057685    3.860561    0.00001895   0.5751   0.5111  1-[ 9, 5, 0]
  48    3     5.190973  -14.534871   -4.998820    1.703954    0.98149159   1.3993   0.8750  3+[ 2, 0, 2]
  49    3    10.091252    0.472071   10.008122    1.967119    0.00411890   1.2926   0.6247  3+[ 4, 3, 1]
  50    3    11.911066  -21.287551  -11.751499    2.056292    0.99330174   1.9431   0.8798  3+[ 2, 1, 1]
  51    3    13.262723    3.631214   13.167265    2.120099    0.00359874   1.5884   0.6079  3+[ 4, 1, 1]
  52    3    15.600940    6.047033   15.583084    2.226163    0.00057226   0.7462   0.6640  3+[ 4, 0, 2]
  53    3    19.194054    9.633142   19.169194    2.379956    0.00064760   0.9766   0.6431  3+[ 4, 2, 2]
  54    3    28.641703   19.086763   28.622815    2.743504    0.00032974   1.0400   0.3122  3+[ 6, 3, 1]
  55    3    29.156109   19.607538   29.143589    2.761925    0.00021471   0.8544   0.4286  3+[ 6, 1, 1]
  56    3    30.899808   21.348592   30.884643    2.823473    0.00024539   0.9680   0.4573  3+[ 4, 0, 2]
  57    3    31.392459   21.845093   31.381145    2.840621    0.00018021   0.8428   0.5708  3+[ 6, 3, 1]
  58    3    33.422193   23.869946   33.405998    2.910205    0.00024227   1.0403   0.3695  3+[ 4, 2, 2]
  59    3    36.364757   26.825782   36.361834    3.008226    0.00004019   0.4610   0.4069  3+[ 6, 2, 2]
  60    3    46.937863   37.390546   46.926598    3.336755    0.00012000   1.0283   0.3639  3+[ 8, 7, 1]
  61    3    51.045777   41.500143   51.036195    3.455983    0.00009385   0.9890   0.3846  3+[ 6, 5, 1]
  62    3    51.874145   42.336046   51.872097    3.479530    0.00001974   0.4609   0.4830  3+[ 8, 5, 1]
  63    3    53.769767   44.220511   53.756562    3.532825    0.00012279   1.1916   0.4004  3+[ 6, 1, 1]
  64    3    55.070504   45.533552   55.069603    3.568935    0.00000817   0.3149   0.4848  3+[ 8, 4, 2]
  65    3    57.402044   47.853613   57.389665    3.632763    0.00010783   1.1921   0.5365  3+[ 6, 0, 2]
  66    3    57.611035   48.064044   57.600096    3.638429    0.00009494   1.1226   0.3623  3+[ 6, 2, 2]
  67    3    58.351554   48.805417   58.341469    3.658437    0.00008642   1.0848   0.3939  3+[ 6, 4, 2]
  68    4     1.620691  -10.367693   -0.831641    1.483095    0.75656987   1.3910   0.6601  3-[ 3, 2, 1]
  69    4     3.365955   -6.317053    3.218998    1.594884    0.02182979   0.9837   0.8334  3-[ 3, 0, 1]
  70    4     8.372096   -1.262207    8.273845    1.878995    0.00586774   1.2789   0.7991  3-[ 3, 1, 2]
  71    4    21.137743   11.572680   21.108731    2.459145    0.00068625   1.1071   0.5459  3-[ 5, 2, 1]
  72    4    22.179858   10.061013   19.597065    2.500570    0.05822385  10.3875   0.4281  3-[ 5, 0, 1]
  73    4    22.594739   12.256905   21.792957    2.516872    0.01774266   5.9657   0.4994  3-[ 5, 0, 1]
  74    4    23.235651  -29.227944  -19.691892    2.541850    0.92374307  12.3339   0.9459  3-[ 1, 0, 1]
  75    4    25.487891   15.935581   25.471632    2.627743    0.00031894   0.9102   0.4887  3-[ 5, 1, 2]
  76    4    28.912122   19.366876   28.902928    2.753203    0.00015900   0.7291   0.5296  3-[ 5, 3, 2]
  77    4    39.569401   30.020739   39.556791    3.111467    0.00015933   0.9989   0.4555  3-[ 7, 6, 1]
  78    4    41.717567   32.170407   41.706459    3.178796    0.00013313   0.9626   0.3381  3-[ 5, 4, 1]
  79    4    42.590516   33.048539   42.584591    3.205752    0.00006956   0.7104   0.5506  3-[ 7, 4, 1]
  80    4    44.445179   34.890864   44.426915    3.262284    0.00020546   1.2740   0.5332  3-[ 5, 0, 1]
  81    4    46.722991   37.176250   46.712302    3.330401    0.00011439   0.9994   0.4385  3-[ 5, 1, 2]
  82    4    47.869140   38.330709   47.866761    3.364155    0.00002485   0.4773   0.5063  3-[ 7, 3, 2]
  83    4    48.429908   38.878105   48.414156    3.380546    0.00016262   1.2351   0.3713  3-[ 7, 5, 2]
  84    4    65.318781   55.770998   65.307050    3.841584    0.00008980   1.2379   0.4392  3-[ 9, 2, 1]
  85    4    66.070045   56.531490   66.067542    3.860813    0.00001894   0.5751   0.5191  3-[ 9, 4, 1]
  86    5    10.151330    0.532663   10.068715    1.970128    0.00406919   1.2925   0.8065  5+[ 4, 2, 2]
  87    5    11.821945  -21.201487  -11.665436    2.052015    0.99338055   1.9173   0.9769  5+[ 2, 0, 2]
  88    5    13.371615    3.744469   13.280521    2.125156    0.00340625   1.5582   0.7999  5+[ 4, 0, 2]
  89    5    19.271371    9.710365   19.246416    2.383156    0.00064746   0.9804   0.7549  5+[ 4, 1, 3]
  90    5    28.640880   19.085581   28.621633    2.743474    0.00033600   1.0498   0.4846  5+[ 8, 0, 2]
  91    5    29.178452   19.629913   29.165965    2.762722    0.00021398   0.8536   0.4449  5+[ 6, 4, 2]
  92    5    31.426476   21.879096   31.415148    2.841801    0.00018023   0.8437   0.5516  5+[ 6, 2, 2]
  93    5    33.461017   23.908568   33.444619    2.911520    0.00024503   1.0474   0.4349  5+[ 4, 1, 3]
  94    5    36.385890   26.846917   36.382969    3.008919    0.00004014   0.4611   0.5278  5+[ 6, 3, 3]
  95    5    46.952700   37.405346   46.941398    3.337193    0.00012036   1.0302   0.4575  5+[ 8, 6, 2]
  96    5    51.090906   41.545175   51.081227    3.457270    0.00009472   0.9945   0.3825  5+[ 6, 4, 2]
  97    5    51.894979   42.356883   51.892935    3.480120    0.00001970   0.4606   0.5539  5+[ 8, 4, 2]
  98    5    53.735474   44.185978   53.722029    3.531868    0.00012510   1.2020   0.6092  5+[ 6, 0, 2]
  99    5    55.080053   45.543101   55.079153    3.569199    0.00000817   0.3148   0.4909  5+[ 8, 3, 3]
 100    5    57.628946   48.081921   57.617972    3.638915    0.00009521   1.1246   0.4575  5+[ 6, 3, 3]
 101    5    58.417939   48.871653   58.407705    3.660225    0.00008759   1.0934   0.5315  5+[ 6, 1, 3]
 102    6     1.591352  -10.288541   -0.752489    1.481144    0.73643088   1.4022   0.7820  5-[ 3, 1, 2]
 103    6     8.534137   -1.101037    8.435015    1.887477    0.00580736   1.2969   0.8753  5-[ 3, 0, 3]
 104    6    21.190274   11.625154   21.161206    2.461250    0.00068588   1.1095   0.7137  5-[ 5, 3, 2]
 105    6    22.624697   13.071696   22.607748    2.518045    0.00037457   0.8756   0.6549  5-[ 5, 1, 2]
 106    6    25.569831   16.017850   25.553902    2.630815    0.00031149   0.9024   0.6207  5-[ 5, 0, 3]
 107    6    28.954933   19.409672   28.945724    2.754735    0.00015902   0.7302   0.6579  5-[ 5, 2, 3]
 108    6    39.587489   30.038789   39.574841    3.112040    0.00015976   1.0007   0.5228  5-[ 7, 5, 2]
 109    6    41.773188   32.225801   41.761852    3.180520    0.00013568   0.9731   0.4333  5-[ 7, 1, 2]
 110    6    42.621138   33.079159   42.615210    3.206693    0.00006954   0.7108   0.5892  5-[ 7, 3, 2]
 111    6    46.783628   37.236457   46.772509    3.332195    0.00011884   1.0199   0.5524  5-[ 5, 0, 3]
 112    6    47.885588   38.347160   47.883212    3.364637    0.00002482   0.4771   0.5168  5-[ 7, 4, 3]
 113    6    48.459124   38.907228   48.443279    3.381398    0.00016349   1.2391   0.4550  5-[ 5, 2, 3]
 114    6    65.323527   55.775720   65.311771    3.841705    0.00008998   1.2392   0.5072  5-[ 9, 7, 2]
 115    6    66.089894   56.551339   66.087390    3.861320    0.00001894   0.5752   0.5657  5-[ 9, 5, 2]
 116    7    10.242095    0.624501   10.160552    1.974664    0.00398074   1.2898   0.9185  7+[ 4, 1, 3]
 117    7    19.392618    9.831372   19.367423    2.388166    0.00064961   0.9882   0.8051  7+[ 4, 0, 4]
 118    7    29.216438   19.667878   29.203930    2.764077    0.00021406   0.8548   0.5706  7+[ 6, 1, 3]
 119    7    31.478629   21.931225   31.467276    2.843610    0.00018033   0.8454   0.6884  7+[ 6, 3, 3]
 120    7    33.522936   23.970109   33.506160    2.913616    0.00025021   1.0604   0.5231  7+[ 8, 0, 4]
 121    7    36.418253   26.879280   36.415331    3.009979    0.00004011   0.4613   0.6224  7+[ 6, 2, 4]
 122    7    46.975142   37.427727   46.963778    3.337856    0.00012096   1.0332   0.4788  7+[ 8, 5, 3]
 123    7    51.160325   41.614443   51.150495    3.459248    0.00009607   1.0029   0.5240  7+[ 6, 1, 3]
 124    7    51.926640   42.388548   51.924600    3.481017    0.00001964   0.4603   0.5538  7+[ 8, 3, 3]
 125    7    55.094528   45.557578   55.093630    3.569599    0.00000816   0.3147   0.5537  7+[ 8, 4, 4]
 126    7    57.655201   48.108114   57.644166    3.639626    0.00009570   1.1280   0.5451  7+[ 6, 2, 4]
 127    7    58.537384   48.990807   58.526859    3.663441    0.00008990   1.1100   0.6394  7+[ 6, 0, 4]
 128    8     1.555964  -10.170017   -0.633965    1.478787    0.70372095   1.4210   0.8222  7-[ 3, 0, 3]
 129    8    21.269459   11.704230   21.240281    2.464419    0.00068590   1.1137   0.8445  7-[ 5, 2, 3]
 130    8    22.727162   13.173849   22.709901    2.522053    0.00037974   0.8856   0.7759  7-[ 5, 0, 3]
 131    8    29.021063   19.475764   29.011815    2.757101    0.00015932   0.7326   0.7419  7-[ 5, 1, 4]
 132    8    39.614534   30.065767   39.601819    3.112897    0.00016049   1.0036   0.4947  7-[ 7, 4, 3]
 133    8    41.857285   32.309521   41.845572    3.183126    0.00013991   0.9901   0.5884  7-[ 7, 0, 3]
 134    8    42.667912   33.125927   42.661979    3.208131    0.00006953   0.7115   0.6017  7-[ 7, 4, 3]
 135    8    47.910557   38.372130   47.908182    3.365368    0.00002479   0.4771   0.6433  7-[ 7, 3, 4]
 136    8    48.501855   38.949793   48.485844    3.382643    0.00016505   1.2461   0.5101  7-[ 5, 1, 4]
 137    8    65.330464   55.782617   65.318669    3.841883    0.00009027   1.2414   0.5779  7-[ 9, 6, 3]
 138    8    66.120007   56.581452   66.117503    3.862088    0.00001894   0.5754   0.6120  7-[ 9, 4, 3]
 139    9    10.363793    0.745355   10.281407    1.980730    0.00397470   1.3042   0.9711  9+[ 4, 0, 4]
 140    9    29.274144   19.725427   29.261478    2.766134    0.00021632   0.8610   0.6834  9+[ 6, 0, 4]
 141    9    31.550336   22.002891   31.538942    2.846095    0.00018057   0.8478   0.8137  9+[ 6, 2, 4]
 142    9    36.462622   26.923644   36.459695    3.011432    0.00004014   0.4620   0.6839  9+[ 6, 1, 5]
 143    9    47.005415   37.457906   46.993958    3.338750    0.00012187   1.0378   0.5084  9+[ 8, 2, 4]
 144    9    51.255536   41.709439   51.245491    3.461960    0.00009799   1.0147   0.6147  9+[ 6, 0, 4]
 145    9    51.969612   42.431526   51.967578    3.482234    0.00001958   0.4599   0.6294  9+[ 8, 4, 4]
 146    9    55.114112   45.577162   55.113214    3.570139    0.00000815   0.3147   0.6600  9+[ 8, 3, 5]
 147    9    57.689066   48.141880   57.677931    3.640543    0.00009651   1.1334   0.6026  9+[ 6, 1, 5]
 148   10    21.375415   11.809986   21.346037    2.468654    0.00068719   1.1203   0.9267  9-[ 5, 1, 4]
 149   10    29.112924   19.567542   29.103593    2.760383    0.00016025   0.7370   0.7801  9-[ 5, 0, 5]
 150   10    39.650391   30.101519   39.637571    3.114032    0.00016167   1.0082   0.6874  9-[ 7, 1, 4]
 151   10    42.731873   33.189879   42.725930    3.210096    0.00006953   0.7126   0.7434  9-[ 7, 3, 4]
 152   10    47.944424   38.405995   47.942046    3.366360    0.00002480   0.4775   0.7415  9-[ 7, 2, 5]
 153   10    48.556775   39.004439   48.540491    3.384244    0.00016768   1.2574   0.5674  9-[ 7, 0, 5]
 154   10    65.339389   55.791484   65.327535    3.842112    0.00009071   1.2446   0.5754  9-[ 9, 5, 4]
 155   10    66.160799   56.622242   66.158294    3.863129    0.00001893   0.5757   0.5931  9-[ 9, 3, 4]
 156   11    31.643599   22.096091   31.632142    2.849323    0.00018103   0.8514   0.8937 11+[ 6, 1, 5]
 157   11    36.520002   26.981008   36.517060    3.013309    0.00004028   0.4636   0.7122 11+[ 6, 0, 6]
 158   11    47.043831   37.496186   47.032238    3.339884    0.00012321   1.0443   0.6724 11+[ 8, 1, 5]
 159   11    52.024542   42.486461   52.022513    3.483788    0.00001950   0.4595   0.7445 11+[ 8, 3, 5]
 160   11    55.139041   45.602091   55.138142    3.570828    0.00000815   0.3148   0.7416 11+[ 8, 2, 6]
 161   11    57.729785   48.182443   57.718494    3.641645    0.00009779   1.1417   0.6295 11+[ 6, 0, 6]
 162   12    21.507616   11.941817   21.477869    2.473927    0.00069154   1.1308   0.9693 11-[ 5, 0, 5]
 163   12    39.694874   30.145842   39.681894    3.115440    0.00016350   1.0150   0.7932 11-[ 7, 0, 5]
 164   12    42.814446   33.272435   42.808487    3.212630    0.00006959   0.7143   0.8519 11-[ 7, 2, 5]
 165   12    47.987721   38.449283   47.985335    3.367627    0.00002486   0.4786   0.8054 11-[ 7, 1, 6]
 166   12    65.350065   55.802076   65.338128    3.842386    0.00009133   1.2490   0.6597 11-[ 9, 2, 5]
 167   12    66.212827   56.674268   66.210319    3.864457    0.00001893   0.5762   0.7219 11-[ 9, 4, 5]
 168   13    31.761088   22.213487   31.749539    2.853385    0.00018181   0.8564   0.9270 13+[ 6, 0, 6]
 169   13    47.090826   37.542988   47.079040    3.341271    0.00012515   1.0535   0.7536 13+[ 8, 0, 6]
 170   13    52.092223   42.554148   52.090199    3.485703    0.00001942   0.4591   0.8311 13+[ 8, 2, 6]
 171   13    55.169605   45.632652   55.168704    3.571671    0.00000816   0.3152   0.7949 13+[ 8, 1, 7]
 172   14    42.917484   33.375447   42.911499    3.215790    0.00006973   0.7167   0.9212 13-[ 7, 1, 6]
 173   14    48.041155   38.502701   48.038753    3.369191    0.00002500   0.4804   0.8342 13-[ 7, 0, 7]
 174   14    65.362256   55.814153   65.350205    3.842699    0.00009219   1.2551   0.8361 13-[ 9, 1, 6]
 175   14    66.276801   56.738239   66.274291    3.866088    0.00001894   0.5769   0.8347 13-[ 9, 3, 6]
 176   15    52.173601   42.635531   52.171582    3.488003    0.00001935   0.4590   0.8864 15+[ 8, 1, 7]
 177   15    55.206135   45.669179   55.205231    3.572679    0.00000819   0.3159   0.8193 15+[ 8, 0, 8]
 178   16    43.043314   33.501239   43.037291    3.219645    0.00006997   0.7201   0.9509 15-[ 7, 0, 7]
 179   16    65.375801   55.827543   65.363594    3.843046    0.00009336   1.2633   0.9230 15-[ 9, 0, 7]
 180   16    66.353597   56.815028   66.351080    3.868046    0.00001897   0.5779   0.9199 15-[ 9, 2, 7]
 181   17    52.269779   42.731712   52.267763    3.490721    0.00001928   0.4591   0.9105 17+[ 8, 0, 8]
 182   18    66.444263   56.905686   66.441737    3.870356    0.00001901   0.5793   0.9749 17-[ 9, 1, 8]
 183   20    66.550046   57.011456   66.547507    3.873049    0.00001908   0.5813   1.0000 19-[ 9, 0, 9]
#all active are  183 q.p. states out of  286
#since the cut off is pwi=  60.0
#check: number of neutrons=  27.0


 #canonical s.p. energies neutrons
 ---------------------------------


  labels -> {2*omega}{parity}[nn=nz+2*nr+nl,nz,nl]
  cqpe   -> canonical q.p. energies
  ce     -> canonical s.p. energies
  fermi energy=  -9.5360515983958791     
  average cdelt=   1.3107507070973923     
  k0      ceqp        ce         v*v       u*v        cdel     overl      labels
  12   42.348091   42.346356   0.00000364   0.00190880   0.4242   0.4439  1+[ 8, 2, 0]
  13   35.288332   35.287087   0.00000377   0.00194168   0.3340   0.4836  1+[ 8, 7, 1]
  14   36.057528   36.055833   0.00000498   0.00223120   0.3932   0.5078  1+[ 8, 1, 1]
  15   32.318132   32.317059   0.00000503   0.00224288   0.2998   0.4136  1+[ 8, 3, 1]
  16   32.502396   32.501134   0.00000531   0.00230347   0.3258   0.5173  1+[ 8, 8, 0]
  17   42.564977   42.562101   0.00000547   0.00233956   0.5475   0.4434  1+[ 8, 7, 1]
  18   31.348507   31.347457   0.00000590   0.00242969   0.2930   0.5870  1+[ 8, 0, 0]
  19   57.848102   57.843577   0.00000817   0.00285769   0.7810   0.5005  1+[ 8, 5, 1]
  20   51.921450   51.912976   0.00001973   0.00444179   1.0205   0.5028  1+[ 8, 4, 0]
  21   38.605065   38.597927   0.00007388   0.00859510   0.8290   0.5553  1+[ 6, 6, 0]
  22   39.685791   39.678134   0.00007702   0.00877600   0.8682   0.6670  1+[ 6, 0, 0]
  23   42.557487   42.548529   0.00008133   0.00901776   0.9660   0.5849  1+[ 6, 5, 1]
  24   36.853865   36.846175   0.00008189   0.00904903   0.8446   0.5279  1+[ 6, 0, 0]
  25   35.139463   35.128746   0.00011439   0.01069479   0.9785   0.4720  1+[ 6, 5, 1]
  26   43.911068   43.895040   0.00013138   0.01146128   1.3089   0.5505  1+[ 6, 3, 1]
  27   29.174232   29.149548   0.00029501   0.01717331   1.3822   0.5095  1+[ 6, 4, 0]
  28   10.897466   10.876491   0.00049262   0.02218956   0.9256   0.6978  1+[ 4, 0, 0]
  29   11.878466   11.853885   0.00055619   0.02357708   1.0258   0.5688  1+[ 4, 1, 1]
  30    7.563140    7.532497   0.00087583   0.02958142   1.0232   0.5398  1+[ 4, 4, 0]
  31   14.625128   14.581619   0.00088941   0.02980963   1.4493   0.5438  1+[ 4, 3, 1]
  32    1.567381    1.473763   0.00420183   0.06468520   1.4388   0.6113  1+[ 4, 2, 0]
  33   -4.241042  -14.652494   0.98313799   0.12875435   1.3635   0.7610  1+[ 2, 1, 1]
  34   -1.688696  -17.282664   0.99358089   0.07986177   1.2534   0.7998  1+[ 2, 0, 0]
  35    2.421940  -21.412292   0.99658161   0.05836699   1.3959   0.6742  1+[ 2, 2, 0]
  36   24.515390  -43.574240   0.99980452   0.01397991   0.9500   0.9974  1+[ 0, 0, 0]
  38   57.576493   57.573457   0.00000000   0.00000000   0.6383   0.5585  1-[ 9, 2, 1]
  45   42.816095   42.815180   0.00000873   0.00295422   0.3094   0.3936  1-[ 9, 7, 0]
  46   37.763486   37.760039   0.00001266   0.00355866   0.5710   0.4933  1-[ 7, 2, 1]
  47   32.640057   32.637312   0.00001515   0.00389280   0.4811   0.4588  1-[ 7, 6, 1]
  48   30.516797   30.514268   0.00001857   0.00430886   0.4501   0.6059  1-[ 7, 0, 1]
  49   56.509950   56.507447   0.00001895   0.00435300   0.5750   0.5126  1-[ 9, 5, 0]
  50   35.963034   35.958058   0.00001942   0.00440691   0.6729   0.5180  1-[ 7, 1, 0]
  51   31.862453   31.858821   0.00002102   0.00458439   0.5484   0.5673  1-[ 7, 7, 0]
  52   48.277555   48.269595   0.00002477   0.00497727   0.9593   0.5474  1-[ 7, 4, 1]
  53   34.169376   34.164836   0.00007458   0.00863541   0.6299   0.3800  1-[ 7, 7, 0]
  54   46.000825   45.984098   0.00015060   0.01227080   1.3630   0.4391  1-[ 7, 4, 1]
  55   26.837286   26.825814   0.00015712   0.01253385   0.9135   0.6405  1-[ 5, 0, 1]
  56   27.702073   27.688378   0.00018380   0.01355598   1.0099   0.5458  1-[ 5, 4, 1]
  57   18.046326   18.035449   0.00023928   0.01546684   0.7745   0.5380  1-[ 5, 0, 1]
  58   20.963886   20.947753   0.00026821   0.01637506   0.9919   0.5757  1-[ 5, 5, 0]
  59   29.545024   29.520165   0.00030870   0.01756709   1.3937   0.5449  1-[ 5, 2, 1]
  60   14.936720   14.895872   0.00082412   0.02869574   1.4134   0.5819  1-[ 5, 3, 0]
  61   -0.615550   -0.724168   0.00605843   0.07759976   1.3878   0.5751  1-[ 3, 1, 0]
  62   -2.926018   -3.016907   0.00684942   0.08247727   1.0924   0.5810  1-[ 3, 0, 1]
  63   -6.150159   -6.282826   0.49993185   0.50000000   0.9385   0.5727  1-[ 3, 3, 0]
  64   -7.891292  -10.411984   0.76639350   0.42312469   1.3921   0.5794  1-[ 3, 2, 1]
  65   10.112616  -29.144178   0.99896724   0.03211992   1.2616   0.8802  1-[ 1, 0, 1]
  66   13.511924  -32.549705   0.99920531   0.02817901   1.2574   0.8741  1-[ 1, 1, 0]
  77   42.354961   42.353225   0.00000364   0.00190768   0.4245   0.5259  3+[ 8, 2, 2]
  78   35.196327   35.195080   0.00000376   0.00193902   0.3340   0.4666  3+[ 8, 4, 2]
  79   36.073191   36.071476   0.00000497   0.00223019   0.3955   0.6457  3+[ 8, 1, 1]
  80   32.242945   32.241808   0.00000508   0.00225454   0.3082   0.7011  3+[ 8, 0, 2]
  81   32.335214   32.333942   0.00000531   0.00230338   0.3263   0.4851  3+[ 8, 5, 1]
  82   42.620174   42.617290   0.00000547   0.00233777   0.5485   0.5131  3+[ 8, 7, 1]
  83   57.855816   57.851288   0.00000816   0.00285707   0.7812   0.5743  3+[ 8, 4, 2]
  84   51.933809   51.925334   0.00001971   0.00443971   1.0207   0.5094  3+[ 8, 5, 1]
  85   39.827400   39.819428   0.00007930   0.00890447   0.8871   0.6479  3+[ 6, 0, 2]
  86   42.526988   42.517981   0.00008170   0.00903863   0.9684   0.5520  3+[ 6, 4, 2]
  87   37.175853   37.167876   0.00008389   0.00915880   0.8633   0.6212  3+[ 6, 0, 2]
  88   35.196024   35.185256   0.00011464   0.01070654   0.9815   0.5764  3+[ 6, 5, 1]
  89   43.936047   43.919992   0.00013147   0.01146525   1.3102   0.5298  3+[ 6, 4, 2]
  90   29.198358   29.173644   0.00029514   0.01717708   1.3835   0.5797  3+[ 6, 3, 1]
  91   11.959530   11.933489   0.00058919   0.02426609   1.0578   0.7916  3+[ 4, 0, 2]
  92   13.754085   13.712096   0.00088949   0.02981104   1.3979   0.7661  3+[ 4, 2, 2]
  93    8.586677    8.553596   0.00089490   0.02990153   1.0945   0.6665  3+[ 4, 3, 1]
  94    1.600663    1.506936   0.00419425   0.06462706   1.4418   0.6254  3+[ 4, 3, 1]
  95   -4.339194  -14.543107   0.98173861   0.13389516   1.3917   0.8875  3+[ 2, 0, 2]
  96    2.382685  -21.371084   0.99648840   0.05915464   1.4101   0.8872  3+[ 2, 1, 1]
 104   42.817178   42.816264   0.00000872   0.00295369   0.3093   0.3965  3-[ 9, 2, 1]
 105   37.771466   37.768010   0.00001265   0.00355618   0.5718   0.5512  3-[ 7, 5, 2]
 106   32.631474   32.628676   0.00001515   0.00389189   0.4858   0.5633  3-[ 7, 1, 2]
 107   56.520519   56.518016   0.00001895   0.00435262   0.5750   0.5145  3-[ 9, 4, 1]
 108   36.012510   36.007501   0.00001941   0.00440607   0.6755   0.5542  3-[ 7, 2, 1]
 109   31.752902   31.749325   0.00002092   0.00457369   0.5435   0.5998  3-[ 7, 0, 1]
 110   30.198723   30.195717   0.00002162   0.00464961   0.4888   0.5937  3-[ 7, 0, 1]
 111   48.292246   48.284279   0.00002477   0.00497662   0.9599   0.5791  3-[ 7, 3, 2]
 112   46.017427   46.000687   0.00015067   0.01227374   1.3637   0.4991  3-[ 7, 4, 1]
 113   24.845851   24.833148   0.00018427   0.01357329   0.9345   0.8394  3-[ 5, 0, 1]
 114   27.102338   27.088610   0.00018708   0.01367658   1.0029   0.6105  3-[ 5, 1, 2]
 115   21.339755   21.323184   0.00026834   0.01637898   1.0115   0.5885  3-[ 5, 4, 1]
 116   29.582128   29.557211   0.00030903   0.01757654   1.3960   0.6448  3-[ 5, 3, 2]
 117   14.964528   14.923621   0.00082426   0.02869817   1.4152   0.5864  3-[ 5, 2, 1]
 118   -0.408147   -0.519708   0.00608242   0.07775235   1.4227   0.8351  3-[ 3, 1, 2]
 119   -5.925836   -6.084115   0.02188572   0.14631041   1.0573   0.8601  3-[ 3, 0, 1]
 120   -7.907638  -10.372703   0.75687265   0.42897138   1.3970   0.7580  3-[ 3, 2, 1]
 121   13.627660  -32.663345   0.99921264   0.02804889   1.2984   0.9852  3-[ 1, 0, 1]
 131   42.345928   42.344191   0.00000363   0.00190565   0.4246   0.5518  5+[ 8, 5, 3]
 132   35.037568   35.036316   0.00000375   0.00193535   0.3342   0.6244  5+[ 8, 1, 3]
 133   36.100514   36.098764   0.00000496   0.00222777   0.3997   0.5058  5+[ 8, 0, 2]
 134   32.088223   32.086920   0.00000533   0.00230834   0.3293   0.7458  5+[ 8, 0, 2]
 135   42.687539   42.684645   0.00000545   0.00233461   0.5498   0.5941  5+[ 8, 6, 2]
 136   57.871306   57.866773   0.00000816   0.00285599   0.7817   0.5763  5+[ 8, 3, 3]
 137   51.958611   51.950131   0.00001968   0.00443567   1.0212   0.5785  5+[ 8, 4, 2]
 138   42.909874   42.900683   0.00008236   0.00907494   0.9818   0.7190  5+[ 6, 1, 3]
 139   36.813931   36.805694   0.00008692   0.00932266   0.8738   0.8438  5+[ 6, 0, 2]
 140   35.308218   35.297344   0.00011518   0.01073179   0.9875   0.5735  5+[ 6, 4, 2]
 141   43.985530   43.969418   0.00013170   0.01147528   1.3132   0.6860  5+[ 6, 3, 3]
 142   29.246650   29.221869   0.00029545   0.01718619   1.3862   0.5618  5+[ 6, 4, 2]
 143   14.850707   14.806603   0.00089352   0.02987841   1.4660   0.8801  5+[ 4, 1, 3]
 144    7.747671    7.714881   0.00093001   0.03048190   1.0641   0.8962  5+[ 4, 0, 2]
 145    1.667337    1.573333   0.00418175   0.06453110   1.4483   0.8190  5+[ 4, 2, 2]
 146    2.294389  -21.278992   0.99630185   0.06069989   1.4362   0.9804  5+[ 2, 0, 2]
 153   42.819737   42.818824   0.00000872   0.00295276   0.3092   0.4546  5-[ 9, 7, 2]
 154   37.784909   37.781436   0.00001262   0.00355212   0.5733   0.5447  5-[ 7, 2, 3]
 155   32.607249   32.604343   0.00001520   0.00389920   0.4949   0.8112  5-[ 7, 0, 3]
 156   56.541731   56.539228   0.00001894   0.00435197   0.5751   0.5689  5-[ 9, 5, 2]
 157   36.116336   36.111261   0.00001940   0.00440449   0.6807   0.6357  5-[ 7, 1, 2]
 158   31.833267   31.829572   0.00002099   0.00458129   0.5529   0.5827  5-[ 7, 3, 2]
 159   48.321722   48.313738   0.00002476   0.00497586   0.9612   0.6132  5-[ 7, 4, 3]
 160   46.050639   46.033871   0.00015083   0.01228022   1.3652   0.5207  5-[ 7, 3, 2]
 161   28.060606   28.046094   0.00019272   0.01388101   1.0445   0.8379  5-[ 5, 0, 3]
 162   21.498274   21.481373   0.00027225   0.01649765   1.0241   0.7339  5-[ 5, 1, 2]
 163   29.655733   29.630681   0.00030991   0.01760161   1.4011   0.7930  5-[ 5, 2, 3]
 164   15.020159   14.979122   0.00082482   0.02870777   1.4191   0.6947  5-[ 5, 3, 2]
 165   -0.225947   -0.338731   0.00602860   0.07740964   1.4448   0.9154  5-[ 3, 0, 3]
 166   -7.936932  -10.292978   0.73665050   0.44045039   1.4086   0.9113  5-[ 3, 1, 2]
 175   42.306964   42.305227   0.00000362   0.00190330   0.4244   0.6028  7+[ 8, 2, 4]
 176   34.845935   34.844670   0.00000374   0.00193418   0.3351   0.8295  7+[ 8, 0, 4]
 177   36.006559   36.004788   0.00000494   0.00222349   0.4016   0.7136  7+[ 8, 1, 3]
 178   42.745708   42.742806   0.00000543   0.00233067   0.5509   0.5939  7+[ 8, 5, 3]
 179   57.894707   57.890166   0.00000815   0.00285481   0.7825   0.6620  7+[ 8, 4, 4]
 180   51.996019   51.987531   0.00001962   0.00442992   1.0220   0.5748  7+[ 8, 3, 3]
 181   43.121248   43.111811   0.00008374   0.00915033   0.9969   0.8584  7+[ 6, 0, 4]
 182   35.472737   35.461697   0.00011609   0.01077370   0.9968   0.7764  7+[ 6, 1, 3]
 183   44.058400   44.042190   0.00013217   0.01149560   1.3181   0.8071  7+[ 6, 2, 4]
 184   29.319190   29.294297   0.00029606   0.01720376   1.3906   0.7183  7+[ 6, 3, 3]
 185   15.036641   14.991785   0.00090217   0.03002254   1.4841   0.9404  7+[ 4, 0, 4]
 186    1.767623    1.673054   0.00416976   0.06443891   1.4591   0.9403  7+[ 4, 1, 3]
 189   57.469289   57.466290   0.00000000   0.00000000   0.6339   0.5792  7-[ 9, 3, 4]
 192   42.824515   42.823602   0.00000871   0.00295171   0.3091   0.5157  7-[ 9, 6, 3]
 193   37.804051   37.800552   0.00001259   0.00354864   0.5755   0.7834  7-[ 7, 1, 4]
 194   56.573751   56.571247   0.00001893   0.00435124   0.5753   0.6103  7-[ 9, 4, 3]
 195   36.226375   36.221229   0.00001937   0.00440165   0.6863   0.5554  7-[ 7, 2, 3]
 196   31.826286   31.822500   0.00002106   0.00458936   0.5596   0.8509  7-[ 7, 0, 3]
 197   48.366163   48.358150   0.00002476   0.00497605   0.9633   0.7530  7-[ 7, 3, 4]
 198   46.100472   46.083657   0.00015110   0.01229152   1.3677   0.5561  7-[ 7, 4, 3]
 199   21.714278   21.696867   0.00027841   0.01668323   1.0430   0.9134  7-[ 5, 0, 3]
 200   29.763719   29.738426   0.00031179   0.01765475   1.4098   0.8909  7-[ 5, 1, 4]
 201   15.103617   15.062353   0.00082630   0.02873352   1.4254   0.8433  7-[ 5, 2, 3]
 202   -7.971877  -10.174115   0.70394187   0.45651694   1.4281   0.9802  7-[ 3, 0, 3]
 210   42.283153   42.281413   0.00000362   0.00190183   0.4247   0.7913  9+[ 8, 1, 5]
 211   35.861583   35.859793   0.00000493   0.00221976   0.4032   0.8926  9+[ 8, 0, 4]
 212   42.775106   42.772196   0.00000541   0.00232668   0.5518   0.6331  9+[ 8, 2, 4]
 213   57.926243   57.921689   0.00000815   0.00285405   0.7839   0.7848  9+[ 8, 3, 5]
 214   52.046276   52.037774   0.00001956   0.00442282   1.0233   0.6653  9+[ 8, 4, 4]
 215   35.681752   35.670479   0.00011744   0.01083632   1.0096   0.9162  9+[ 6, 0, 4]
 216   44.152786   44.136418   0.00013302   0.01153253   1.3256   0.8870  9+[ 6, 1, 5]
 217   29.416105   29.391043   0.00029712   0.01723458   1.3971   0.8364  9+[ 6, 2, 4]
 218    1.902231    1.806613   0.00416658   0.06441443   1.4759   0.9953  9+[ 4, 0, 4]
 222   58.700728   58.697461   0.00000000   0.00000000   0.6678   0.5614  9-[ 9, 3, 4]
 223   42.832500   42.831588   0.00000871   0.00295093   0.3091   0.5117  9-[ 9, 5, 4]
 224   37.831449   37.827912   0.00001260   0.00354913   0.5789   0.9011  9-[ 7, 0, 5]
 225   56.616851   56.614346   0.00001893   0.00435071   0.5756   0.5952  9-[ 9, 5, 4]
 226   36.319978   36.314768   0.00001934   0.00439813   0.6912   0.8335  9-[ 7, 1, 4]
 227   48.425839   48.417780   0.00002479   0.00497875   0.9665   0.8612  9-[ 7, 2, 5]
 228   46.166925   46.150041   0.00015155   0.01230952   1.3714   0.6763  9-[ 7, 3, 4]
 229   29.902252   29.876557   0.00031533   0.01775464   1.4234   0.9380  9-[ 5, 0, 5]
 230   15.214911   15.173282   0.00082954   0.02878973   1.4349   0.9379  9-[ 5, 1, 4]
 237   42.251514   42.249766   0.00000362   0.00190244   0.4255   0.8896 11+[ 8, 0, 6]
 238   42.791548   42.788628   0.00000540   0.00232342   0.5528   0.8201 11+[ 8, 1, 5]
 239   57.966231   57.961655   0.00000815   0.00285436   0.7860   0.8791 11+[ 8, 2, 6]
 240   52.109699   52.101176   0.00001949   0.00441483   1.0251   0.7837 11+[ 8, 3, 5]
 241   44.266789   44.250184   0.00013444   0.01159424   1.3366   0.9255 11+[ 6, 0, 6]
 242   29.537542   29.512235   0.00029886   0.01728506   1.4061   0.9122 11+[ 6, 1, 5]
 245   58.338162   58.335224   0.00000000   0.00000000   0.6316   0.7534 11-[ 9, 0, 5]
 246   42.844722   42.843810   0.00000871   0.00295097   0.3091   0.5968 11-[ 9, 2, 5]
 247   56.671389   56.668882   0.00001893   0.00435077   0.5761   0.7265 11-[ 9, 4, 5]
 248   36.404131   36.398858   0.00001933   0.00439611   0.6960   0.9499 11-[ 7, 0, 5]
 249   48.501110   48.492981   0.00002486   0.00498598   0.9714   0.9326 11-[ 7, 1, 6]
 250   46.249947   46.232963   0.00015222   0.01233677   1.3765   0.7669 11-[ 7, 2, 5]
 251   15.354169   15.311977   0.00083571   0.02889654   1.4486   0.9820 11-[ 5, 0, 5]
 254   56.860481   56.859168   0.00000000   0.00000000   0.4175   0.8609 13+[10, 2, 6]
 257   42.799037   42.796103   0.00000539   0.00232171   0.5542   0.9163 13+[ 8, 0, 6]
 258   58.015063   58.010455   0.00000816   0.00285652   0.7890   0.9412 13+[ 8, 1, 7]
 259   52.186663   52.178109   0.00001942   0.00440651   1.0276   0.8733 13+[ 8, 2, 6]
 260   29.683627   29.657976   0.00030157   0.01736316   1.4182   0.9478 13+[ 6, 0, 6]
 263   42.861899   42.860985   0.00000872   0.00295247   0.3094   0.7516 13-[ 9, 1, 6]
 264   56.737748   56.735237   0.00001894   0.00435190   0.5768   0.8368 13-[ 9, 3, 6]
 265   48.592453   48.584222   0.00002500   0.00500010   0.9782   0.9670 13-[ 7, 0, 7]
 266   46.349335   46.332211   0.00015320   0.01237647   1.3834   0.8250 13-[ 7, 1, 6]
 267   56.080443   56.079103   0.00000000   0.00000000   0.4194   0.8625 15+[10, 1, 7]
 271   58.073140   58.068486   0.00000819   0.00286142   0.7932   0.9709 15+[ 8, 0, 8]
 272   52.277582   52.268983   0.00001935   0.00439847   1.0310   0.9315 15+[ 8, 1, 7]
 274   42.883900   42.882984   0.00000874   0.00295618   0.3099   0.8273 15-[ 9, 0, 7]
 275   56.816429   56.813912   0.00001896   0.00435464   0.5779   0.9204 15-[ 9, 2, 7]
 276   46.464585   46.447271   0.00015459   0.01243237   1.3925   0.8518 15-[ 7, 0, 7]
 277   59.393343   59.392039   0.00000000   0.00000000   0.4240   0.8452 17+[10, 0, 8]
 280   52.382871   52.374211   0.00001928   0.00439132   1.0356   0.9589 17+[ 8, 0, 8]
 282   56.908216   56.905690   0.00001901   0.00435964   0.5793   0.9748 17-[ 9, 1, 8]
 283   57.013995   57.011456   0.00001908   0.00436758   0.5813   1.0000 19-[ 9, 0, 9]
  Sum canonical e_v*V^2_k=  -561.70461261321054     


 #quasiparticle energies protons 
 --------------------------------
  eqp(k) -> q.p. energy 
  e(k)   -> referent s.p. energy 
  p(k)   -> occ.probability 
  del(k) -> referent s.p. gap 
  fermi energy alast=  -13.300915994609863     
  #k  block#    eqp(k)     e(k)       (1-2N)E      decay        p(k)        del(k)    overl      labels
   1    1     1.841607  -13.617549   -1.841607    1.638513    1.00000000   0.0000   0.7433  1+[ 2, 1, 1]
   2    1     3.191497  -14.967439   -3.191497    1.717806    1.00000000   0.0000   0.7114  1+[ 2, 0, 0]
   3    1     8.464338  -20.240281   -8.464338    1.997600    1.00000000   0.0000   0.6479  1+[ 2, 2, 0]
   4    1    13.963938    2.187996   13.963938    2.252701    0.00000000   0.0000   0.5929  1+[ 4, 2, 0]
   5    1    18.605856    6.829914   18.605856    2.447412    0.00000000   0.0000   0.5382  1+[ 4, 4, 0]
   6    1    20.218261    8.442319   20.218261    2.511516    0.00000000   0.0000   0.5084  1+[ 4, 0, 0]
   7    1    20.970491    9.194548   20.970491    2.540869    0.00000000   0.0000   0.4364  1+[ 4, 3, 1]
   8    1    23.029585   11.253643   23.029585    2.619537    0.00000000   0.0000   0.4948  1+[ 4, 2, 0]
   9    1    29.946424  -41.722366  -29.946424    2.868037    1.00000000   0.0000   0.9744  1+[ 0, 0, 0]
  10    1    34.413537   22.637594   34.413537    3.017671    0.00000000   0.0000   0.3776  1+[ 8, 8, 0]
  11    1    34.985791   23.209849   34.985791    3.036307    0.00000000   0.0000   0.3417  1+[ 6, 1, 1]
  12    1    36.191801   24.415859   36.191801    3.075212    0.00000000   0.0000   0.3374  1+[ 4, 0, 0]
  13    1    36.533902   24.757960   36.533902    3.086158    0.00000000   0.0000   0.3598  1+[ 8, 0, 0]
  14    1    36.581140   24.805198   36.581140    3.087667    0.00000000   0.0000   0.4998  1+[ 6, 3, 1]
  15    1    38.547177   26.771235   38.547177    3.149808    0.00000000   0.0000   0.3178  1+[ 8, 1, 1]
  16    1    41.640451   29.864509   41.640451    3.245171    0.00000000   0.0000   0.4431  1+[ 6, 3, 1]
  17    1    52.482271   40.706329   52.482271    3.559301    0.00000000   0.0000   0.3725  1+[ 8, 2, 0]
  18    1    56.990346   45.214404   56.990346    3.682037    0.00000000   0.0000   0.3086  1+[ 6, 5, 1]
  19    1    57.718147   45.942205   57.718147    3.701470    0.00000000   0.0000   0.4872  1+[ 8, 4, 0]
  20    1    60.029889   48.253947   60.029889    3.762532    0.00000000   0.0000   0.3641  1+[ 6, 6, 0]
  21    1    60.614003   48.838061   60.614003    3.777805    0.00000000   0.0000   0.4252  1+[ 8, 4, 0]
  22    1    61.796113   50.020171   61.796113    3.808525    0.00000000   0.0000   0.3473  1+[ 6, 3, 1]
  23    1    62.877743   51.101801   62.877743    3.836419    0.00000000   0.0000   0.4556  1+[ 6, 0, 0]
  24    1    63.501197   51.725255   63.501197    3.852405    0.00000000   0.0000   0.3544  1+[ 6, 5, 1]
  25    1    63.956160   52.180218   63.956160    3.864029    0.00000000   0.0000   0.4435  1+[ 6, 1, 1]
  26    2     2.693234   -9.082708    2.693234    1.688971    0.00000000   0.0000   0.5803  1-[ 3, 2, 1]
  27    2     7.880702   -3.895240    7.880702    1.968589    0.00000000   0.0000   0.5907  1-[ 3, 3, 0]
  28    2    10.329809   -1.446133   10.329809    2.087627    0.00000000   0.0000   0.6127  1-[ 3, 0, 1]
  29    2    11.476976   -0.298966   11.476976    2.141111    0.00000000   0.0000   0.5470  1-[ 3, 2, 1]
  30    2    15.692546  -27.468489  -15.692546    2.327114    1.00000000   0.0000   0.8287  1-[ 1, 0, 1]
  31    2    19.440188  -31.216130  -19.440188    2.480789    1.00000000   0.0000   0.8226  1-[ 1, 1, 0]
  32    2    25.620656   13.844714   25.620656    2.715291    0.00000000   0.0000   0.5788  1-[ 5, 3, 0]
  33    2    27.980514   16.204572   27.980514    2.799653    0.00000000   0.0000   0.5297  1-[ 5, 5, 0]
  34    2    28.403536   16.627594   28.403536    2.814508    0.00000000   0.0000   0.5521  1-[ 5, 1, 0]
  35    2    29.428437   17.652494   29.428437    2.850178    0.00000000   0.0000   0.4348  1-[ 5, 0, 1]
  36    2    31.015046   19.239103   31.015046    2.904534    0.00000000   0.0000   0.4004  1-[ 5, 4, 1]
  37    2    33.425140   21.649198   33.425140    2.985209    0.00000000   0.0000   0.4882  1-[ 5, 2, 1]
  38    2    45.232351   33.456409   45.232351    3.352505    0.00000000   0.0000   0.3895  1-[ 7, 6, 1]
  39    2    47.641546   35.865604   47.641546    3.422611    0.00000000   0.0000   0.3255  1-[ 7, 1, 0]
  40    2    48.040489   36.264547   48.040489    3.434082    0.00000000   0.0000   0.5004  1-[ 7, 3, 0]
  41    2    50.595306   38.819364   50.595306    3.506651    0.00000000   0.0000   0.3249  1-[ 5, 5, 0]
  42    2    52.285320   40.509378   52.285320    3.553842    0.00000000   0.0000   0.3877  1-[ 5, 4, 1]
  43    2    52.852097   41.076155   52.852097    3.569528    0.00000000   0.0000   0.4138  1-[ 7, 2, 1]
  44    2    52.999052   41.223110   52.999052    3.573584    0.00000000   0.0000   0.4919  1-[ 7, 4, 1]
  45    2    53.015733   41.239791   53.015733    3.574045    0.00000000   0.0000   0.4919  1-[ 5, 0, 1]
  46    2    71.484832   59.708890   71.484832    4.051544    0.00000000   0.0000   0.4428  1-[ 9, 3, 0]
  47    3     1.524974  -13.300916   -1.524974    1.619352    1.00000000   0.0000   0.8810  3+[ 2, 0, 2]
  48    3     8.328164  -20.104106   -8.328164    1.990869    1.00000000   0.0000   0.8814  3+[ 2, 1, 1]
  49    3    14.025402    2.249460   14.025402    2.255389    0.00000000   0.0000   0.6318  3+[ 4, 3, 1]
  50    3    18.763850    6.987908   18.763850    2.453767    0.00000000   0.0000   0.6167  3+[ 4, 1, 1]
  51    3    21.221521    9.445579   21.221521    2.550590    0.00000000   0.0000   0.6545  3+[ 4, 0, 2]
  52    3    23.110185   11.334243   23.110185    2.622568    0.00000000   0.0000   0.6526  3+[ 4, 2, 2]
  53    3    34.479453   22.703511   34.479453    3.019823    0.00000000   0.0000   0.3180  3+[ 6, 5, 1]
  54    3    35.007428   23.231486   35.007428    3.037009    0.00000000   0.0000   0.4323  3+[ 6, 1, 1]
  55    3    36.610194   24.834252   36.610194    3.088594    0.00000000   0.0000   0.5813  3+[ 6, 3, 1]
  56    3    36.633103   24.857161   36.633103    3.089325    0.00000000   0.0000   0.4579  3+[ 8, 0, 2]
  57    3    38.583191   26.807249   38.583191    3.150935    0.00000000   0.0000   0.3118  3+[ 4, 2, 2]
  58    3    41.666078   29.890136   41.666078    3.245950    0.00000000   0.0000   0.4266  3+[ 6, 2, 2]
  59    3    52.496323   40.720380   52.496323    3.559690    0.00000000   0.0000   0.3683  3+[ 8, 7, 1]
  60    3    57.025819   45.249877   57.025819    3.682987    0.00000000   0.0000   0.3824  3+[ 6, 5, 1]
  61    3    57.733437   45.957495   57.733437    3.701878    0.00000000   0.0000   0.4884  3+[ 8, 5, 1]
  62    3    60.079854   48.303911   60.079854    3.763841    0.00000000   0.0000   0.4023  3+[ 6, 1, 1]
  63    3    60.626536   48.850594   60.626536    3.778132    0.00000000   0.0000   0.4901  3+[ 8, 4, 2]
  64    3    61.818662   50.042720   61.818662    3.809109    0.00000000   0.0000   0.3473  3+[ 6, 4, 2]
  65    3    63.614093   51.838150   63.614093    3.855292    0.00000000   0.0000   0.4757  3+[ 6, 0, 2]
  66    3    64.002623   52.226681   64.002623    3.865214    0.00000000   0.0000   0.3930  3+[ 6, 0, 2]
  67    4     2.781701   -8.994242    2.781701    1.694127    0.00000000   0.0000   0.7609  3-[ 3, 2, 1]
  68    4     8.197758   -3.578184    8.197758    1.984402    0.00000000   0.0000   0.8291  3-[ 3, 0, 1]
  69    4    11.583004   -0.192938   11.583004    2.145986    0.00000000   0.0000   0.8067  3-[ 3, 1, 2]
  70    4    19.206631  -30.982573  -19.206631    2.471491    1.00000000   0.0000   0.9749  3-[ 1, 0, 1]
  71    4    25.667816   13.891874   25.667816    2.717003    0.00000000   0.0000   0.5604  3-[ 5, 2, 1]
  72    4    28.135826   16.359884   28.135826    2.805116    0.00000000   0.0000   0.4822  3-[ 5, 2, 1]
  73    4    28.447743   16.671801   28.447743    2.816056    0.00000000   0.0000   0.6338  3-[ 5, 0, 1]
  74    4    31.095539   19.319597   31.095539    2.907265    0.00000000   0.0000   0.4797  3-[ 5, 1, 2]
  75    4    33.474454   21.698512   33.474454    2.986837    0.00000000   0.0000   0.5398  3-[ 5, 3, 2]
  76    4    45.250565   33.474623   45.250565    3.353040    0.00000000   0.0000   0.4622  3-[ 7, 6, 1]
  77    4    47.693394   35.917452   47.693394    3.424104    0.00000000   0.0000   0.3316  3-[ 5, 4, 1]
  78    4    48.064309   36.288366   48.064309    3.434765    0.00000000   0.0000   0.5574  3-[ 7, 4, 1]
  79    4    50.720019   38.944077   50.720019    3.510155    0.00000000   0.0000   0.5252  3-[ 5, 0, 1]
  80    4    52.426116   40.650174   52.426116    3.557745    0.00000000   0.0000   0.4030  3-[ 5, 1, 2]
  81    4    52.882465   41.106522   52.882465    3.570367    0.00000000   0.0000   0.4118  3-[ 7, 1, 2]
  82    4    53.020859   41.244916   53.020859    3.574186    0.00000000   0.0000   0.4737  3-[ 7, 3, 2]
  83    4    71.492595   59.716653   71.492595    4.051733    0.00000000   0.0000   0.4591  3-[ 9, 2, 1]
  84    5     8.052614  -19.828556   -8.052614    1.977179    1.00000000   0.0000   0.9739  5+[ 2, 0, 2]
  85    5    14.150739    2.374797   14.150739    2.260861    0.00000000   0.0000   0.8138  5+[ 4, 2, 2]
  86    5    19.042390    7.266448   19.042390    2.464932    0.00000000   0.0000   0.7999  5+[ 4, 0, 2]
  87    5    23.279677   11.503735   23.279677    2.628931    0.00000000   0.0000   0.7886  5+[ 4, 1, 3]
  88    5    34.601180   22.825238   34.601180    3.023794    0.00000000   0.0000   0.4794  5+[ 8, 0, 2]
  89    5    35.050797   23.274855   35.050797    3.038417    0.00000000   0.0000   0.4542  5+[ 6, 4, 2]
  90    5    36.669275   24.893333   36.669275    3.090479    0.00000000   0.0000   0.5704  5+[ 6, 2, 2]
  91    5    38.658744   26.882802   38.658744    3.153298    0.00000000   0.0000   0.4174  5+[ 6, 1, 3]
  92    5    41.718199   29.942257   41.718199    3.247532    0.00000000   0.0000   0.5501  5+[ 6, 3, 3]
  93    5    52.524807   40.748865   52.524807    3.560479    0.00000000   0.0000   0.4629  5+[ 8, 6, 2]
  94    5    57.098055   45.322113   57.098055    3.684919    0.00000000   0.0000   0.3791  5+[ 6, 4, 2]
  95    5    57.764278   45.988335   57.764278    3.702699    0.00000000   0.0000   0.5602  5+[ 8, 4, 2]
  96    5    60.180006   48.404064   60.180006    3.766463    0.00000000   0.0000   0.6080  5+[ 6, 0, 2]
  97    5    60.651777   48.875835   60.651777    3.778790    0.00000000   0.0000   0.5074  5+[ 8, 3, 3]
  98    5    61.864569   50.088627   61.864569    3.810296    0.00000000   0.0000   0.4450  5+[ 6, 3, 3]
  99    5    64.101224   52.325282   64.101224    3.867728    0.00000000   0.0000   0.5386  5+[ 6, 1, 3]
 100    6     2.962493   -8.813449    2.962493    1.704614    0.00000000   0.0000   0.9106  5-[ 3, 1, 2]
 101    6    11.937344    0.161402   11.937344    2.162202    0.00000000   0.0000   0.8850  5-[ 3, 0, 3]
 102    6    25.763468   13.987526   25.763468    2.720471    0.00000000   0.0000   0.7130  5-[ 5, 3, 2]
 103    6    28.448543   16.672601   28.448543    2.816084    0.00000000   0.0000   0.6484  5-[ 5, 1, 2]
 104    6    31.291292   19.515350   31.291292    2.913895    0.00000000   0.0000   0.6200  5-[ 5, 0, 3]
 105    6    33.576104   21.800161   33.576104    2.990190    0.00000000   0.0000   0.6805  5-[ 5, 2, 3]
 106    6    45.287382   33.511440   45.287382    3.354122    0.00000000   0.0000   0.5300  5-[ 7, 5, 2]
 107    6    47.799372   36.023430   47.799372    3.427153    0.00000000   0.0000   0.4338  5-[ 7, 1, 2]
 108    6    48.112533   36.336591   48.112533    3.436149    0.00000000   0.0000   0.5987  5-[ 7, 3, 2]
 109    6    52.632928   40.856986   52.632928    3.563471    0.00000000   0.0000   0.5257  5-[ 5, 0, 3]
 110    6    52.940494   41.164552   52.940494    3.571969    0.00000000   0.0000   0.4340  5-[ 7, 2, 3]
 111    6    53.062109   41.286167   53.062109    3.575323    0.00000000   0.0000   0.5987  5-[ 7, 4, 3]
 112    6    71.508224   59.732282   71.508224    4.052113    0.00000000   0.0000   0.4895  5-[ 9, 7, 2]
 113    7    14.344215    2.568273   14.344215    2.269281    0.00000000   0.0000   0.9252  7+[ 4, 1, 3]
 114    7    23.569315   11.793373   23.569315    2.639769    0.00000000   0.0000   0.8406  7+[ 4, 0, 4]
 115    7    35.119220   23.343278   35.119220    3.040636    0.00000000   0.0000   0.5630  7+[ 6, 1, 3]
 116    7    36.760366   24.984424   36.760366    3.093383    0.00000000   0.0000   0.6911  7+[ 6, 3, 3]
 117    7    38.782390   27.006448   38.782390    3.157161    0.00000000   0.0000   0.5451  7+[ 8, 0, 4]
 118    7    41.798512   30.022570   41.798512    3.249969    0.00000000   0.0000   0.6491  7+[ 6, 2, 4]
 119    7    52.568489   40.792547   52.568489    3.561688    0.00000000   0.0000   0.4841  7+[ 8, 5, 3]
 120    7    57.209286   45.433344   57.209286    3.687894    0.00000000   0.0000   0.5216  7+[ 6, 1, 3]
 121    7    57.811187   46.035245   57.811187    3.703947    0.00000000   0.0000   0.5593  7+[ 8, 3, 3]
 122    7    60.690063   48.914121   60.690063    3.779789    0.00000000   0.0000   0.5458  7+[ 8, 4, 4]
 123    7    61.935486   50.159544   61.935486    3.812131    0.00000000   0.0000   0.5203  7+[ 6, 2, 4]
 124    7    64.296711   52.520769   64.296711    3.872707    0.00000000   0.0000   0.6381  7+[ 6, 0, 4]
 125    8     3.241158   -8.534784    3.241158    1.720653    0.00000000   0.0000   0.9775  7-[ 3, 0, 3]
 126    8    25.910056   14.134114   25.910056    2.725777    0.00000000   0.0000   0.8491  7-[ 5, 2, 3]
 127    8    28.639734   16.863791   28.639734    2.822769    0.00000000   0.0000   0.7724  7-[ 5, 0, 3]
 128    8    33.736409   21.960467   33.736409    2.995470    0.00000000   0.0000   0.7735  7-[ 5, 1, 4]
 129    8    45.343535   33.567593   45.343535    3.355772    0.00000000   0.0000   0.5015  7-[ 7, 4, 3]
 130    8    47.961015   36.185072   47.961015    3.431799    0.00000000   0.0000   0.5817  7-[ 7, 0, 3]
 131    8    48.186345   36.410403   48.186345    3.438266    0.00000000   0.0000   0.6022  7-[ 7, 4, 3]
 132    8    53.028286   41.252344   53.028286    3.574391    0.00000000   0.0000   0.5930  7-[ 7, 1, 4]
 133    8    53.125203   41.349261   53.125203    3.577063    0.00000000   0.0000   0.7078  7-[ 7, 3, 4]
 134    8    71.531932   59.755989   71.531932    4.052690    0.00000000   0.0000   0.5639  7-[ 9, 2, 3]
 135    9    14.611322    2.835380   14.611322    2.280854    0.00000000   0.0000   0.9770  9+[ 4, 0, 4]
 136    9    35.226302   23.450360   35.226302    3.044105    0.00000000   0.0000   0.6822  9+[ 6, 0, 4]
 137    9    36.886541   25.110599   36.886541    3.097401    0.00000000   0.0000   0.8234  9+[ 6, 2, 4]
 138    9    41.909458   30.133516   41.909458    3.253333    0.00000000   0.0000   0.7126  9+[ 6, 1, 5]
 139    9    52.628522   40.852580   52.628522    3.563349    0.00000000   0.0000   0.5171  9+[ 8, 2, 4]
 140    9    57.362268   45.586326   57.362268    3.691981    0.00000000   0.0000   0.6118  9+[ 6, 0, 4]
 141    9    57.874939   46.098997   57.874939    3.705644    0.00000000   0.0000   0.6349  9+[ 8, 4, 4]
 142    9    60.741862   48.965920   60.741862    3.781139    0.00000000   0.0000   0.6597  9+[ 8, 3, 5]
 143    9    62.033964   50.258022   62.033964    3.814676    0.00000000   0.0000   0.5710  9+[ 6, 1, 5]
 144   10    26.110780   14.334838   26.110780    2.733027    0.00000000   0.0000   0.9342  9-[ 5, 1, 4]
 145   10    33.966113   22.190171   33.966113    3.003020    0.00000000   0.0000   0.8122  9-[ 5, 0, 5]
 146   10    45.420053   33.644111   45.420053    3.358019    0.00000000   0.0000   0.6904  9-[ 7, 1, 4]
 147   10    48.287550   36.511608   48.287550    3.441166    0.00000000   0.0000   0.7470  9-[ 7, 3, 4]
 148   10    53.155997   41.380054   53.155997    3.577911    0.00000000   0.0000   0.6378  9-[ 7, 0, 5]
 149   10    53.212101   41.436159   53.212101    3.579456    0.00000000   0.0000   0.7738  9-[ 7, 2, 5]
 150   10    71.564060   59.788118   71.564060    4.053471    0.00000000   0.0000   0.5482  9-[ 9, 5, 4]
 151   11    37.052061   25.276119   37.052061    3.102665    0.00000000   0.0000   0.9072 11+[ 6, 1, 5]
 152   11    42.054111   30.278169   42.054111    3.257713    0.00000000   0.0000   0.7402 11+[ 6, 0, 6]
 153   11    52.706477   40.930535   52.706477    3.565505    0.00000000   0.0000   0.6826 11+[ 8, 1, 5]
 154   11    57.956554   46.180612   57.956554    3.707814    0.00000000   0.0000   0.7506 11+[ 8, 3, 5]
 155   11    60.807734   49.031791   60.807734    3.782856    0.00000000   0.0000   0.7480 11+[ 8, 2, 6]
 156   11    62.163581   50.387639   62.163581    3.818024    0.00000000   0.0000   0.5987 11+[ 6, 0, 6]
 157   12    26.369101   14.593159   26.369101    2.742328    0.00000000   0.0000   0.9760 11-[ 5, 0, 5]
 158   12    45.518249   33.742307   45.518249    3.360900    0.00000000   0.0000   0.7976 11-[ 7, 0, 5]
 159   12    48.418628   36.642686   48.418628    3.444919    0.00000000   0.0000   0.8569 11-[ 7, 2, 5]
 160   12    53.321519   41.545577   53.321519    3.582469    0.00000000   0.0000   0.8183 11-[ 7, 1, 6]
 161   12    71.605110   59.829168   71.605110    4.054470    0.00000000   0.0000   0.6836 11-[ 9, 2, 5]
 162   13    37.262463   25.486521   37.262463    3.109342    0.00000000   0.0000   0.9396 13+[ 6, 0, 6]
 163   13    52.804393   41.028451   52.804393    3.568211    0.00000000   0.0000   0.7635 13+[ 8, 0, 6]
 164   13    58.057291   46.281349   58.057291    3.710491    0.00000000   0.0000   0.8371 13+[ 8, 2, 6]
 165   13    60.888284   49.112342   60.888284    3.784955    0.00000000   0.0000   0.8049 13+[ 8, 1, 7]
 166   14    48.582704   36.806762   48.582704    3.449611    0.00000000   0.0000   0.9266 13-[ 7, 1, 6]
 167   14    53.463904   41.687962   53.463904    3.586384    0.00000000   0.0000   0.8466 13-[ 7, 0, 7]
 168   14    71.655794   59.879852   71.655794    4.055702    0.00000000   0.0000   0.8519 13-[ 9, 1, 6]
 169   15    58.178624   46.402681   58.178624    3.713713    0.00000000   0.0000   0.8917 15+[ 8, 1, 7]
 170   15    60.984117   49.208175   60.984117    3.787450    0.00000000   0.0000   0.8286 15+[ 8, 0, 8]
 171   16    48.783706   37.007764   48.783706    3.455350    0.00000000   0.0000   0.9555 15-[ 7, 0, 7]
 172   16    71.717110   59.941168   71.717110    4.057192    0.00000000   0.0000   0.9316 15-[ 9, 0, 7]
 173   17    58.322299   46.546357   58.322299    3.717525    0.00000000   0.0000   0.9148 17+[ 8, 0, 8]
#all active are  173 q.p. states out of  286
#since the cut off is pwi=  60.0
#check: number of protons =  20.0


 #canonical s.p. energies protons 
 ---------------------------------


  labels -> {2*omega}{parity}[nn=nz+2*nr+nl,nz,nl]
  cqpe   -> canonical q.p. energies
  ce     -> canonical s.p. energies
  fermi energy=  -13.300915994609863     
  average cdelt=  -2.4753692272722171E-005
  k0      ceqp        ce         v*v       u*v        cdel     overl      labels
   1   -9.934335  -13.617549   1.00000000   0.00000686  -0.0000   0.7433  1+[ 2, 1, 1]
   2   -8.584445  -14.967439   1.00000000   0.00000341  -0.0000   0.7114  1+[ 2, 0, 0]
   3   -3.311604  -20.240281   1.00000000   0.00000156  -0.0000   0.6479  1+[ 2, 2, 0]
   4    2.187996    2.187996   0.00000000   0.00000082  -0.0000   0.5929  1+[ 4, 2, 0]
   5    6.829914    6.829914   0.00000000   0.00000045  -0.0000   0.5382  1+[ 4, 4, 0]
   6    8.442319    8.442319   0.00000000   0.00000048  -0.0000   0.5084  1+[ 4, 0, 0]
   7    9.194548    9.194548   0.00000000   0.00000036  -0.0000   0.4364  1+[ 4, 3, 1]
   8   11.253643   11.253643   0.00000000   0.00000040  -0.0000   0.4948  1+[ 4, 2, 0]
   9   18.170481  -41.722366   1.00000000   0.00000058  -0.0000   0.9744  1+[ 0, 0, 0]
  10   22.637594   22.637594   0.00000000   0.00000023  -0.0000   0.3776  1+[ 8, 8, 0]
  11   23.209849   23.209849   0.00000000   0.00000021  -0.0000   0.3417  1+[ 6, 1, 1]
  12   24.415859   24.415859   0.00000000   0.00000032  -0.0000   0.3374  1+[ 4, 0, 0]
  13   24.757960   24.757960   0.00000000   0.00000023  -0.0000   0.3598  1+[ 8, 0, 0]
  14   24.805198   24.805198   0.00000000   0.00000020  -0.0000   0.4998  1+[ 6, 3, 1]
  15   26.771235   26.771235   0.00000000   0.00000022  -0.0000   0.3178  1+[ 8, 1, 1]
  16   29.864509   29.864509   0.00000000   0.00000010  -0.0000   0.4431  1+[ 6, 3, 1]
  17   40.706329   40.706329   0.00000000   0.00000016  -0.0000   0.3725  1+[ 8, 2, 0]
  18   45.214404   45.214404   0.00000000   0.00000016  -0.0000   0.3086  1+[ 6, 5, 1]
  19   45.942205   45.942205   0.00000000   0.00000007  -0.0000   0.4872  1+[ 8, 4, 0]
  20   48.253947   48.253947   0.00000000   0.00000017  -0.0000   0.3641  1+[ 6, 6, 0]
  21   48.838061   48.838061   0.00000000   0.00000004  -0.0000   0.4252  1+[ 8, 4, 0]
  22   50.020171   50.020171   0.00000000   0.00000015  -0.0000   0.3473  1+[ 6, 3, 1]
  23   51.101801   51.101801   0.00000000   0.00000017  -0.0000   0.4556  1+[ 6, 0, 0]
  24   51.725255   51.725255   0.00000000   0.00000016  -0.0000   0.3544  1+[ 6, 5, 1]
  25   52.180218   52.180218   0.00000000   0.00000016  -0.0000   0.4435  1+[ 6, 1, 1]
  26    0.000000    0.000000   0.00000000   0.00000000  -0.0000   0.0000  1+[10, 0, 0]
  27    0.000000    0.000000   0.00000000   0.00000000  -0.0000   0.0000  1+[10, 0, 0]
  28    0.000000    0.000000   0.00000000   0.00000000  -0.0000   0.0000  1+[10, 0, 0]
  29    0.000000    0.000000   0.00000000   0.00000000  -0.0000   0.0000  1+[10, 0, 0]
  30    0.000000    0.000000   0.00000000   0.00000000  -0.0000   0.0000  1+[10, 0, 0]
  31    0.000000    0.000000   0.00000000   0.00000000  -0.0000   0.0000  1+[10, 0, 0]
  32    0.000000    0.000000   0.00000000   0.00000000  -0.0000   0.0000  1+[10, 0, 0]
  33    0.000000    0.000000   0.00000000   0.00000000  -0.0000   0.0000  1+[10, 0, 0]
  34    0.000000    0.000000   0.00000000   0.00000000  -0.0000   0.0000  1+[10, 0, 0]
  35    0.000000    0.000000   0.00000000   0.00000000  -0.0000   0.0000  1+[10, 0, 0]
  36    0.000000    0.000000   0.00000000   0.00000000  -0.0000   0.0000  1+[10, 0, 0]
  37   -9.082708   -9.082708   0.00000000   0.00000462  -0.0000   0.5803  1-[ 3, 2, 1]
  38   -3.895240   -3.895240   0.00000000   0.00000112  -0.0000   0.5907  1-[ 3, 3, 0]
  39   -1.446133   -1.446133   0.00000000   0.00000087  -0.0000   0.6127  1-[ 3, 0, 1]
  40   -0.298966   -0.298966   0.00000000   0.00000100  -0.0000   0.5470  1-[ 3, 2, 1]
  41    3.916604  -27.468489   1.00000000   0.00000089  -0.0000   0.8287  1-[ 1, 0, 1]
  42    7.664246  -31.216130   1.00000000   0.00000082  -0.0000   0.8226  1-[ 1, 1, 0]
  43   13.844714   13.844714   0.00000000   0.00000038  -0.0000   0.5788  1-[ 5, 3, 0]
  44   16.204572   16.204572   0.00000000   0.00000048  -0.0000   0.5297  1-[ 5, 5, 0]
  45   16.627594   16.627594   0.00000000   0.00000037  -0.0000   0.5521  1-[ 5, 1, 0]
  46   17.652494   17.652494   0.00000000   0.00000039  -0.0000   0.4348  1-[ 5, 0, 1]
  47   19.239103   19.239103   0.00000000   0.00000026  -0.0000   0.4004  1-[ 5, 4, 1]
  48   21.649198   21.649198   0.00000000   0.00000020  -0.0000   0.4882  1-[ 5, 2, 1]
  49   33.456409   33.456409   0.00000000   0.00000019  -0.0000   0.3895  1-[ 7, 6, 1]
  50   35.865604   35.865604   0.00000000   0.00000018  -0.0000   0.3255  1-[ 7, 1, 0]
  51   36.264547   36.264547   0.00000000   0.00000013  -0.0000   0.5004  1-[ 7, 3, 0]
  52   38.819364   38.819364   0.00000000   0.00000021  -0.0000   0.3249  1-[ 5, 5, 0]
  53   40.509378   40.509378   0.00000000   0.00000017  -0.0000   0.3877  1-[ 5, 4, 1]
  54   41.076155   41.076155   0.00000000   0.00000019  -0.0000   0.4138  1-[ 7, 2, 1]
  55   41.223110   41.223110   0.00000000   0.00000010  -0.0000   0.4919  1-[ 7, 4, 1]
  56   41.239791   41.239791   0.00000000   0.00000019  -0.0000   0.4919  1-[ 5, 0, 1]
  57   59.708890   59.708890   0.00000000   0.00000015  -0.0000   0.4428  1-[ 9, 3, 0]
  58    0.000000    0.000000   0.00000000   0.00000000  -0.0000   0.0000  1-[ 9, 1, 0]
  59    0.000000    0.000000   0.00000000   0.00000000  -0.0000   0.0000  1-[ 9, 1, 0]
  60    0.000000    0.000000   0.00000000   0.00000000  -0.0000   0.0000  1-[ 9, 1, 0]
  61    0.000000    0.000000   0.00000000   0.00000000  -0.0000   0.0000  1-[ 9, 1, 0]
  62    0.000000    0.000000   0.00000000   0.00000000  -0.0000   0.0000  1-[ 9, 1, 0]
  63    0.000000    0.000000   0.00000000   0.00000000  -0.0000   0.0000  1-[ 9, 1, 0]
  64    0.000000    0.000000   0.00000000   0.00000000  -0.0000   0.0000  1-[ 9, 1, 0]
  65    0.000000    0.000000   0.00000000   0.00000000  -0.0000   0.0000  1-[ 9, 1, 0]
  66    0.000000    0.000000   0.00000000   0.00000000  -0.0000   0.0000  1-[ 9, 1, 0]
  67  -10.250968  -13.300916   1.00000000   0.00000842  -0.0000   0.8810  3+[ 2, 0, 2]
  68   -3.447778  -20.104106   1.00000000   0.00000159  -0.0000   0.8814  3+[ 2, 1, 1]
  69    2.249460    2.249460   0.00000000   0.00000081  -0.0000   0.6318  3+[ 4, 3, 1]
  70    6.987908    6.987908   0.00000000   0.00000045  -0.0000   0.6167  3+[ 4, 1, 1]
  71    9.445579    9.445579   0.00000000   0.00000034  -0.0000   0.6545  3+[ 4, 0, 2]
  72   11.334243   11.334243   0.00000000   0.00000039  -0.0000   0.6526  3+[ 4, 2, 2]
  73   22.703511   22.703511   0.00000000   0.00000023  -0.0000   0.3180  3+[ 6, 5, 1]
  74   23.231486   23.231486   0.00000000   0.00000021  -0.0000   0.4323  3+[ 6, 1, 1]
  75   24.834252   24.834252   0.00000000   0.00000020  -0.0000   0.5813  3+[ 6, 3, 1]
  76   24.857161   24.857161   0.00000000   0.00000021  -0.0000   0.4579  3+[ 8, 0, 2]
  77   26.807249   26.807249   0.00000000   0.00000022  -0.0000   0.3118  3+[ 4, 2, 2]
  78   29.890136   29.890136   0.00000000   0.00000010  -0.0000   0.4266  3+[ 6, 2, 2]
  79   40.720380   40.720380   0.00000000   0.00000016  -0.0000   0.3683  3+[ 8, 7, 1]
  80   45.249877   45.249877   0.00000000   0.00000016  -0.0000   0.3824  3+[ 6, 5, 1]
  81   45.957495   45.957495   0.00000000   0.00000007  -0.0000   0.4884  3+[ 8, 5, 1]
  82   48.303911   48.303911   0.00000000   0.00000017  -0.0000   0.4023  3+[ 6, 1, 1]
  83   48.850594   48.850594   0.00000000   0.00000004  -0.0000   0.4901  3+[ 8, 4, 2]
  84   50.042720   50.042720   0.00000000   0.00000015  -0.0000   0.3473  3+[ 6, 4, 2]
  85   51.838150   51.838150   0.00000000   0.00000016  -0.0000   0.4757  3+[ 6, 0, 2]
  86   52.226681   52.226681   0.00000000   0.00000016  -0.0000   0.3930  3+[ 6, 0, 2]
  87    0.000000    0.000000   0.00000000   0.00000000  -0.0000   0.0000  3+[10, 1, 1]
  88    0.000000    0.000000   0.00000000   0.00000000  -0.0000   0.0000  3+[10, 1, 1]
  89    0.000000    0.000000   0.00000000   0.00000000  -0.0000   0.0000  3+[10, 1, 1]
  90    0.000000    0.000000   0.00000000   0.00000000  -0.0000   0.0000  3+[10, 1, 1]
  91    0.000000    0.000000   0.00000000   0.00000000  -0.0000   0.0000  3+[10, 1, 1]
  92    0.000000    0.000000   0.00000000   0.00000000  -0.0000   0.0000  3+[10, 1, 1]
  93    0.000000    0.000000   0.00000000   0.00000000  -0.0000   0.0000  3+[10, 1, 1]
  94    0.000000    0.000000   0.00000000   0.00000000  -0.0000   0.0000  3+[10, 1, 1]
  95    0.000000    0.000000   0.00000000   0.00000000  -0.0000   0.0000  3+[10, 1, 1]
  96    0.000000    0.000000   0.00000000   0.00000000  -0.0000   0.0000  3+[10, 1, 1]
  97   -8.994242   -8.994242   0.00000000   0.00000448  -0.0000   0.7609  3-[ 3, 2, 1]
  98   -3.578184   -3.578184   0.00000000   0.00000109  -0.0000   0.8291  3-[ 3, 0, 1]
  99   -0.192938   -0.192938   0.00000000   0.00000100  -0.0000   0.8067  3-[ 3, 1, 2]
 100    7.430689  -30.982573   1.00000000   0.00000082  -0.0000   0.9749  3-[ 1, 0, 1]
 101   13.891874   13.891874   0.00000000   0.00000038  -0.0000   0.5604  3-[ 5, 2, 1]
 102   16.359884   16.359884   0.00000000   0.00000045  -0.0000   0.4822  3-[ 5, 2, 1]
 103   16.671801   16.671801   0.00000000   0.00000039  -0.0000   0.6338  3-[ 5, 0, 1]
 104   19.319597   19.319597   0.00000000   0.00000026  -0.0000   0.4797  3-[ 5, 1, 2]
 105   21.698512   21.698512   0.00000000   0.00000020  -0.0000   0.5398  3-[ 5, 3, 2]
 106   33.474623   33.474623   0.00000000   0.00000019  -0.0000   0.4622  3-[ 7, 6, 1]
 107   35.917452   35.917452   0.00000000   0.00000018  -0.0000   0.3316  3-[ 5, 4, 1]
 108   36.288366   36.288366   0.00000000   0.00000012  -0.0000   0.5574  3-[ 7, 4, 1]
 109   38.944077   38.944077   0.00000000   0.00000021  -0.0000   0.5252  3-[ 5, 0, 1]
 110   40.650174   40.650174   0.00000000   0.00000017  -0.0000   0.4030  3-[ 5, 1, 2]
 111   41.106522   41.106522   0.00000000   0.00000019  -0.0000   0.4118  3-[ 7, 1, 2]
 112   41.244916   41.244916   0.00000000   0.00000009  -0.0000   0.4737  3-[ 7, 3, 2]
 113   59.716653   59.716653   0.00000000   0.00000015  -0.0000   0.4591  3-[ 9, 2, 1]
 114    0.000000    0.000000   0.00000000   0.00000000  -0.0000   0.0000  3-[ 9, 0, 1]
 115    0.000000    0.000000   0.00000000   0.00000000  -0.0000   0.0000  3-[ 9, 0, 1]
 116    0.000000    0.000000   0.00000000   0.00000000  -0.0000   0.0000  3-[ 9, 0, 1]
 117    0.000000    0.000000   0.00000000   0.00000000  -0.0000   0.0000  3-[ 9, 0, 1]
 118    0.000000    0.000000   0.00000000   0.00000000  -0.0000   0.0000  3-[ 9, 0, 1]
 119    0.000000    0.000000   0.00000000   0.00000000  -0.0000   0.0000  3-[ 9, 0, 1]
 120    0.000000    0.000000   0.00000000   0.00000000  -0.0000   0.0000  3-[ 9, 0, 1]
 121    0.000000    0.000000   0.00000000   0.00000000  -0.0000   0.0000  3-[ 9, 0, 1]
 122   -3.723328  -19.828556   1.00000000   0.00000167  -0.0000   0.9739  5+[ 2, 0, 2]
 123    2.374797    2.374797   0.00000000   0.00000081  -0.0000   0.8138  5+[ 4, 2, 2]
 124    7.266448    7.266448   0.00000000   0.00000045  -0.0000   0.7999  5+[ 4, 0, 2]
 125   11.503735   11.503735   0.00000000   0.00000039  -0.0000   0.7886  5+[ 4, 1, 3]
 126   22.825238   22.825238   0.00000000   0.00000022  -0.0000   0.4794  5+[ 8, 0, 2]
 127   23.274855   23.274855   0.00000000   0.00000021  -0.0000   0.4542  5+[ 6, 4, 2]
 128   24.893333   24.893333   0.00000000   0.00000020  -0.0000   0.5704  5+[ 6, 2, 2]
 129   26.882802   26.882802   0.00000000   0.00000022  -0.0000   0.4174  5+[ 6, 1, 3]
 130   29.942257   29.942257   0.00000000   0.00000010  -0.0000   0.5501  5+[ 6, 3, 3]
 131   40.748865   40.748865   0.00000000   0.00000016  -0.0000   0.4629  5+[ 8, 6, 2]
 132   45.322113   45.322113   0.00000000   0.00000016  -0.0000   0.3791  5+[ 6, 4, 2]
 133   45.988335   45.988335   0.00000000   0.00000006  -0.0000   0.5602  5+[ 8, 4, 2]
 134   48.404064   48.404064   0.00000000   0.00000017  -0.0000   0.6080  5+[ 6, 0, 2]
 135   48.875835   48.875835   0.00000000   0.00000004  -0.0000   0.5074  5+[ 8, 3, 3]
 136   50.088627   50.088627   0.00000000   0.00000015  -0.0000   0.4450  5+[ 6, 3, 3]
 137   52.325282   52.325282   0.00000000   0.00000016  -0.0000   0.5386  5+[ 6, 1, 3]
 138    0.000000    0.000000   0.00000000   0.00000000  -0.0000   0.0000  5+[10, 0, 2]
 139    0.000000    0.000000   0.00000000   0.00000000  -0.0000   0.0000  5+[10, 0, 2]
 140    0.000000    0.000000   0.00000000   0.00000000  -0.0000   0.0000  5+[10, 0, 2]
 141    0.000000    0.000000   0.00000000   0.00000000  -0.0000   0.0000  5+[10, 0, 2]
 142    0.000000    0.000000   0.00000000   0.00000000  -0.0000   0.0000  5+[10, 0, 2]
 143    0.000000    0.000000   0.00000000   0.00000000  -0.0000   0.0000  5+[10, 0, 2]
 144    0.000000    0.000000   0.00000000   0.00000000  -0.0000   0.0000  5+[10, 0, 2]
 145    0.000000    0.000000   0.00000000   0.00000000  -0.0000   0.0000  5+[10, 0, 2]
 146    0.000000    0.000000   0.00000000   0.00000000  -0.0000   0.0000  5+[10, 0, 2]
 147   -8.813449   -8.813449   0.00000000   0.00000423  -0.0000   0.9106  5-[ 3, 1, 2]
 148    0.161402    0.161402   0.00000000   0.00000098  -0.0000   0.8850  5-[ 3, 0, 3]
 149   13.987526   13.987526   0.00000000   0.00000038  -0.0000   0.7130  5-[ 5, 3, 2]
 150   16.672601   16.672601   0.00000000   0.00000028  -0.0000   0.6484  5-[ 5, 1, 2]
 151   19.515350   19.515350   0.00000000   0.00000026  -0.0000   0.6200  5-[ 5, 0, 3]
 152   21.800161   21.800161   0.00000000   0.00000020  -0.0000   0.6805  5-[ 5, 2, 3]
 153   33.511440   33.511440   0.00000000   0.00000019  -0.0000   0.5300  5-[ 7, 5, 2]
 154   36.023430   36.023430   0.00000000   0.00000018  -0.0000   0.4338  5-[ 7, 1, 2]
 155   36.336591   36.336591   0.00000000   0.00000012  -0.0000   0.5987  5-[ 7, 3, 2]
 156   40.856986   40.856986   0.00000000   0.00000017  -0.0000   0.5257  5-[ 5, 0, 3]
 157   41.164552   41.164552   0.00000000   0.00000019  -0.0000   0.4340  5-[ 7, 2, 3]
 158   41.286167   41.286167   0.00000000   0.00000009  -0.0000   0.5987  5-[ 7, 4, 3]
 159   59.732282   59.732282   0.00000000   0.00000015  -0.0000   0.4895  5-[ 9, 7, 2]
 160    0.000000    0.000000   0.00000000   0.00000000  -0.0000   0.0000  5-[ 9, 1, 2]
 161    0.000000    0.000000   0.00000000   0.00000000  -0.0000   0.0000  5-[ 9, 1, 2]
 162    0.000000    0.000000   0.00000000   0.00000000  -0.0000   0.0000  5-[ 9, 1, 2]
 163    0.000000    0.000000   0.00000000   0.00000000  -0.0000   0.0000  5-[ 9, 1, 2]
 164    0.000000    0.000000   0.00000000   0.00000000  -0.0000   0.0000  5-[ 9, 1, 2]
 165    0.000000    0.000000   0.00000000   0.00000000  -0.0000   0.0000  5-[ 9, 1, 2]
 166    0.000000    0.000000   0.00000000   0.00000000  -0.0000   0.0000  5-[ 9, 1, 2]
 167    2.568273    2.568273   0.00000000   0.00000080  -0.0000   0.9252  7+[ 4, 1, 3]
 168   11.793373   11.793373   0.00000000   0.00000039  -0.0000   0.8406  7+[ 4, 0, 4]
 169   23.343278   23.343278   0.00000000   0.00000021  -0.0000   0.5630  7+[ 6, 1, 3]
 170   24.984424   24.984424   0.00000000   0.00000020  -0.0000   0.6911  7+[ 6, 3, 3]
 171   27.006448   27.006448   0.00000000   0.00000023  -0.0000   0.5451  7+[ 8, 0, 4]
 172   30.022570   30.022570   0.00000000   0.00000010  -0.0000   0.6491  7+[ 6, 2, 4]
 173   40.792547   40.792547   0.00000000   0.00000016  -0.0000   0.4841  7+[ 8, 5, 3]
 174   45.433344   45.433344   0.00000000   0.00000016  -0.0000   0.5216  7+[ 6, 1, 3]
 175   46.035245   46.035245   0.00000000   0.00000006  -0.0000   0.5593  7+[ 8, 3, 3]
 176   48.914121   48.914121   0.00000000   0.00000004  -0.0000   0.5458  7+[ 8, 4, 4]
 177   50.159544   50.159544   0.00000000   0.00000015  -0.0000   0.5203  7+[ 6, 2, 4]
 178   52.520769   52.520769   0.00000000   0.00000016  -0.0000   0.6381  7+[ 6, 0, 4]
 179    0.000000    0.000000   0.00000000   0.00000000  -0.0000   0.0000  7+[10, 1, 3]
 180    0.000000    0.000000   0.00000000   0.00000000  -0.0000   0.0000  7+[10, 1, 3]
 181    0.000000    0.000000   0.00000000   0.00000000  -0.0000   0.0000  7+[10, 1, 3]
 182    0.000000    0.000000   0.00000000   0.00000000  -0.0000   0.0000  7+[10, 1, 3]
 183    0.000000    0.000000   0.00000000   0.00000000  -0.0000   0.0000  7+[10, 1, 3]
 184    0.000000    0.000000   0.00000000   0.00000000  -0.0000   0.0000  7+[10, 1, 3]
 185    0.000000    0.000000   0.00000000   0.00000000  -0.0000   0.0000  7+[10, 1, 3]
 186    0.000000    0.000000   0.00000000   0.00000000  -0.0000   0.0000  7+[10, 1, 3]
 187   -8.534784   -8.534784   0.00000000   0.00000391  -0.0000   0.9775  7-[ 3, 0, 3]
 188   14.134114   14.134114   0.00000000   0.00000038  -0.0000   0.8491  7-[ 5, 2, 3]
 189   16.863791   16.863791   0.00000000   0.00000028  -0.0000   0.7724  7-[ 5, 0, 3]
 190   21.960467   21.960467   0.00000000   0.00000020  -0.0000   0.7735  7-[ 5, 1, 4]
 191   33.567593   33.567593   0.00000000   0.00000019  -0.0000   0.5015  7-[ 7, 4, 3]
 192   36.185072   36.185072   0.00000000   0.00000018  -0.0000   0.5817  7-[ 7, 0, 3]
 193   36.410403   36.410403   0.00000000   0.00000012  -0.0000   0.6022  7-[ 7, 4, 3]
 194   41.252344   41.252344   0.00000000   0.00000019  -0.0000   0.5930  7-[ 7, 1, 4]
 195   41.349261   41.349261   0.00000000   0.00000009  -0.0000   0.7078  7-[ 7, 3, 4]
 196   59.755989   59.755989   0.00000000   0.00000015  -0.0000   0.5639  7-[ 9, 2, 3]
 197    0.000000    0.000000   0.00000000   0.00000000  -0.0000   0.0000  7-[ 9, 0, 3]
 198    0.000000    0.000000   0.00000000   0.00000000  -0.0000   0.0000  7-[ 9, 0, 3]
 199    0.000000    0.000000   0.00000000   0.00000000  -0.0000   0.0000  7-[ 9, 0, 3]
 200    0.000000    0.000000   0.00000000   0.00000000  -0.0000   0.0000  7-[ 9, 0, 3]
 201    0.000000    0.000000   0.00000000   0.00000000  -0.0000   0.0000  7-[ 9, 0, 3]
 202    0.000000    0.000000   0.00000000   0.00000000  -0.0000   0.0000  7-[ 9, 0, 3]
 203    2.835380    2.835380   0.00000000   0.00000079  -0.0000   0.9770  9+[ 4, 0, 4]
 204   23.450360   23.450360   0.00000000   0.00000021  -0.0000   0.6822  9+[ 6, 0, 4]
 205   25.110599   25.110599   0.00000000   0.00000020  -0.0000   0.8234  9+[ 6, 2, 4]
 206   30.133516   30.133516   0.00000000   0.00000010  -0.0000   0.7126  9+[ 6, 1, 5]
 207   40.852580   40.852580   0.00000000   0.00000016  -0.0000   0.5171  9+[ 8, 2, 4]
 208   45.586326   45.586326   0.00000000   0.00000016  -0.0000   0.6118  9+[ 6, 0, 4]
 209   46.098997   46.098997   0.00000000   0.00000006  -0.0000   0.6349  9+[ 8, 4, 4]
 210   48.965920   48.965920   0.00000000   0.00000004  -0.0000   0.6597  9+[ 8, 3, 5]
 211   50.258022   50.258022   0.00000000   0.00000015  -0.0000   0.5710  9+[ 6, 1, 5]
 212    0.000000    0.000000   0.00000000   0.00000000  -0.0000   0.0000  9+[10, 0, 4]
 213    0.000000    0.000000   0.00000000   0.00000000  -0.0000   0.0000  9+[10, 0, 4]
 214    0.000000    0.000000   0.00000000   0.00000000  -0.0000   0.0000  9+[10, 0, 4]
 215    0.000000    0.000000   0.00000000   0.00000000  -0.0000   0.0000  9+[10, 0, 4]
 216    0.000000    0.000000   0.00000000   0.00000000  -0.0000   0.0000  9+[10, 0, 4]
 217    0.000000    0.000000   0.00000000   0.00000000  -0.0000   0.0000  9+[10, 0, 4]
 218    0.000000    0.000000   0.00000000   0.00000000  -0.0000   0.0000  9+[10, 0, 4]
 219   14.334838   14.334838   0.00000000   0.00000037  -0.0000   0.9342  9-[ 5, 1, 4]
 220   22.190171   22.190171   0.00000000   0.00000020  -0.0000   0.8122  9-[ 5, 0, 5]
 221   33.644111   33.644111   0.00000000   0.00000019  -0.0000   0.6904  9-[ 7, 1, 4]
 222   36.511608   36.511608   0.00000000   0.00000012  -0.0000   0.7470  9-[ 7, 3, 4]
 223   41.380054   41.380054   0.00000000   0.00000019  -0.0000   0.6378  9-[ 7, 0, 5]
 224   41.436159   41.436159   0.00000000   0.00000009  -0.0000   0.7738  9-[ 7, 2, 5]
 225   59.788118   59.788118   0.00000000   0.00000015  -0.0000   0.5482  9-[ 9, 5, 4]
 226    0.000000    0.000000   0.00000000   0.00000000  -0.0000   0.0000  9-[ 9, 1, 4]
 227    0.000000    0.000000   0.00000000   0.00000000  -0.0000   0.0000  9-[ 9, 1, 4]
 228    0.000000    0.000000   0.00000000   0.00000000  -0.0000   0.0000  9-[ 9, 1, 4]
 229    0.000000    0.000000   0.00000000   0.00000000  -0.0000   0.0000  9-[ 9, 1, 4]
 230    0.000000    0.000000   0.00000000   0.00000000  -0.0000   0.0000  9-[ 9, 1, 4]
 231   25.276119   25.276119   0.00000000   0.00000020  -0.0000   0.9072 11+[ 6, 1, 5]
 232   30.278169   30.278169   0.00000000   0.00000010  -0.0000   0.7402 11+[ 6, 0, 6]
 233   40.930535   40.930535   0.00000000   0.00000016  -0.0000   0.6826 11+[ 8, 1, 5]
 234   46.180612   46.180612   0.00000000   0.00000006  -0.0000   0.7506 11+[ 8, 3, 5]
 235   49.031791   49.031791   0.00000000   0.00000004  -0.0000   0.7480 11+[ 8, 2, 6]
 236   50.387639   50.387639   0.00000000   0.00000015  -0.0000   0.5987 11+[ 6, 0, 6]
 237    0.000000    0.000000   0.00000000   0.00000000  -0.0000   0.0000 11+[10, 1, 5]
 238    0.000000    0.000000   0.00000000   0.00000000  -0.0000   0.0000 11+[10, 1, 5]
 239    0.000000    0.000000   0.00000000   0.00000000  -0.0000   0.0000 11+[10, 1, 5]
 240    0.000000    0.000000   0.00000000   0.00000000  -0.0000   0.0000 11+[10, 1, 5]
 241    0.000000    0.000000   0.00000000   0.00000000  -0.0000   0.0000 11+[10, 1, 5]
 242    0.000000    0.000000   0.00000000   0.00000000  -0.0000   0.0000 11+[10, 1, 5]
 243   14.593159   14.593159   0.00000000   0.00000037  -0.0000   0.9760 11-[ 5, 0, 5]
 244   33.742307   33.742307   0.00000000   0.00000019  -0.0000   0.7976 11-[ 7, 0, 5]
 245   36.642686   36.642686   0.00000000   0.00000012  -0.0000   0.8569 11-[ 7, 2, 5]
 246   41.545577   41.545577   0.00000000   0.00000007  -0.0000   0.8183 11-[ 7, 1, 6]
 247   59.829168   59.829168   0.00000000   0.00000015  -0.0000   0.6836 11-[ 9, 2, 5]
 248    0.000000    0.000000   0.00000000   0.00000000  -0.0000   0.0000 11-[ 9, 0, 5]
 249    0.000000    0.000000   0.00000000   0.00000000  -0.0000   0.0000 11-[ 9, 0, 5]
 250    0.000000    0.000000   0.00000000   0.00000000  -0.0000   0.0000 11-[ 9, 0, 5]
 251    0.000000    0.000000   0.00000000   0.00000000  -0.0000   0.0000 11-[ 9, 0, 5]
 252   25.486521   25.486521   0.00000000   0.00000020  -0.0000   0.9396 13+[ 6, 0, 6]
 253   41.028451   41.028451   0.00000000   0.00000016  -0.0000   0.7635 13+[ 8, 0, 6]
 254   46.281349   46.281349   0.00000000   0.00000006  -0.0000   0.8371 13+[ 8, 2, 6]
 255   49.112342   49.112342   0.00000000   0.00000004  -0.0000   0.8049 13+[ 8, 1, 7]
 256    0.000000    0.000000   0.00000000   0.00000000  -0.0000   0.0000 13+[10, 0, 6]
 257    0.000000    0.000000   0.00000000   0.00000000  -0.0000   0.0000 13+[10, 0, 6]
 258    0.000000    0.000000   0.00000000   0.00000000  -0.0000   0.0000 13+[10, 0, 6]
 259    0.000000    0.000000   0.00000000   0.00000000  -0.0000   0.0000 13+[10, 0, 6]
 260    0.000000    0.000000   0.00000000   0.00000000  -0.0000   0.0000 13+[10, 0, 6]
 261   36.806762   36.806762   0.00000000   0.00000012  -0.0000   0.9266 13-[ 7, 1, 6]
 262   41.687962   41.687962   0.00000000   0.00000007  -0.0000   0.8466 13-[ 7, 0, 7]
 263   59.879852   59.879852   0.00000000   0.00000015  -0.0000   0.8519 13-[ 9, 1, 6]
 264    0.000000    0.000000   0.00000000   0.00000000  -0.0000   0.0000 13-[ 9, 1, 6]
 265    0.000000    0.000000   0.00000000   0.00000000  -0.0000   0.0000 13-[ 9, 1, 6]
 266    0.000000    0.000000   0.00000000   0.00000000  -0.0000   0.0000 13-[ 9, 1, 6]
 267   46.402681   46.402681   0.00000000   0.00000006  -0.0000   0.8917 15+[ 8, 1, 7]
 268   49.208175   49.208175   0.00000000   0.00000004  -0.0000   0.8286 15+[ 8, 0, 8]
 269    0.000000    0.000000   0.00000000   0.00000000  -0.0000   0.0000 15+[10, 1, 7]
 270    0.000000    0.000000   0.00000000   0.00000000  -0.0000   0.0000 15+[10, 1, 7]
 271    0.000000    0.000000   0.00000000   0.00000000  -0.0000   0.0000 15+[10, 1, 7]
 272    0.000000    0.000000   0.00000000   0.00000000  -0.0000   0.0000 15+[10, 1, 7]
 273   37.007764   37.007764   0.00000000   0.00000012  -0.0000   0.9555 15-[ 7, 0, 7]
 274   59.941168   59.941168   0.00000000   0.00000015  -0.0000   0.9316 15-[ 9, 0, 7]
 275    0.000000    0.000000   0.00000000   0.00000000  -0.0000   0.0000 15-[ 9, 0, 7]
 276    0.000000    0.000000   0.00000000   0.00000000  -0.0000   0.0000 15-[ 9, 0, 7]
 277   46.546357   46.546357   0.00000000   0.00000006  -0.0000   0.9148 17+[ 8, 0, 8]
 278    0.000000    0.000000   0.00000000   0.00000000  -0.0000   0.0000 17+[10, 0, 8]
 279    0.000000    0.000000   0.00000000   0.00000000  -0.0000   0.0000 17+[10, 0, 8]
 280    0.000000    0.000000   0.00000000   0.00000000  -0.0000   0.0000 17+[10, 0, 8]
  Sum canonical e_v*V^2_k=  -466.89680816093795     

  NB! From expect (UNPROJECTED RESULTS)

  pairing: CpV0,CpV1,...        -280.000000    -280.000000       0.500000       0.500000
  forces:   SKM*                          
  Blocked neutron block       2


                             neutrons         protons         total
  Requested part.numbs.      27.000000      20.000000      47.000000
  UnPj(av) part.numbs .      27.000000      20.000000      47.000000
  b0, bz, bp ..........       1.750004       1.750004       1.750004

  lambda (ala) ........      -9.536052     -11.775942
  Lambda (alast) ......      -9.536052     -13.300916
  delta(n,p), pwi .....       1.310750      -0.000023      60.000000
  pairing energy ......      -5.806758      -0.000000      -5.806758

  rms-radius ..........       3.589762       3.448738       3.530440
  charge-radius, r0 ...                      3.541053       4.361089
  deformation beta2....       0.030025       0.014392       0.023677
  dipole moment[fm] ...       0.000000       0.000000       0.000000
  quadrupole moment[b]        0.131792       0.043189       0.174981
  octupole moment .....       0.000000       0.000000       0.000000
  hexadecapole moment .      -0.000286      -0.000091      -0.000377
  q5 ..................       0.000000       0.000000       0.000000
  q6 ..................      -0.000003      -0.000001      -0.000004
  q7 ..................       0.000000       0.000000       0.000000
  q8 ..................       0.000000       0.000000       0.000000

  <Jx^2> from rho .....       7.298088       0.006123       7.304210
  <Jx^2> from kappa ...      -7.263402      -0.000000      -7.263402
  <J^2> = 2*<Jx^2> ....       0.069372       0.012245       0.081617

  kinetic energy ......     493.207351     309.160621     802.367972
  volume energy .......                                 -1362.068467
        rho_tau .......                                   140.267321
        rho_rho .......                                 -1502.335789
  surface energy ......                                   113.324786
   rho_DELTA_rho ......                                   113.324786
   (NABLA_rho)^2 ......                                     0.000000
  spin-orbit energy ...                                   -26.919038
        rho_NABLA_J ...                                   -26.919038
        NABLA_rho_J ...                                     0.000000
  coulomb energy ......                                    71.324906
          direct ......                                    78.749845
          exchange ....                                    -7.424939
          pairing .....                                     0.000000
  tensor energy .......                                     0.000000
  direct Hartree E  ...                                     0.000000
  Extra E .............                                     0.000000
  External field E ....                                     0.000000
  Entropy .............       0.000000       0.000000       0.000000

  tEnergy: ehfb (qp)...                                  -407.776599

  Calculated but not added corrections
  ====================================
  cmc-diagonal part ...      10.721899       6.720883      17.442782
  cmc-hfb .............       0.000000       0.000000       0.000000
  cranking rot corr ...       0.000000       0.000000       0.000000

  SQUJ ................       0.000000       0.000000       0.000000
  CRAN x 4 ............       0.000000       0.000000       0.000000
  Rigit Body ..........       0.000000       0.000000       0.000000


   Blocking candidates are:
   neutron eqpmin=   1.5559642045112718       pwiblo=   1.0000000000000000     
    num=   6 block=   2 state=   2    27 Eqp=   3.39056994  (1-2N)E=   0.00000000  overl=   0.55928460  1-[ 3, 3, 0]

   Blocking candidates are:
   proton  eqpmin=   1.5249739019808151       pwiblo=   1.0000000000000000     



 HFBTHO_SOLVER ended without errors

