                                                                                
 INPUT FILE: EO_DATA                                                            
                                                                                
******************** DATA                                                       
                                                                                
 PARTICLE NUMBERS (N,Z,A):  96  69 165        CORE (N,Z):  40  20               
 DEFORMATION PARAMETERS: EPS2 =  0.250        EPS4 =  0.002                     
 LIMIT OF QP STATES: NMAX =  20   12   32     (2N, 1P, 2NX1P)                   
 WINDOWS TO K AND E: KMAX =  12  11/2 17/2    EMAX =  3.50  2.50  4.50          
 SINGLE-PARTICLE SPACE NEUTRONS: 3 SHELLS  4  5  6  INTRUDER 6 LEVELS 28        
                        PROTONS: 3 SHELLS  3  4  5  INTRUDER 5 LEVELS 21        
 RANGE OF 2*SPIN: JINI, JFIN, JDIF =   1  59   2    JOTMAX = 30                 
 PAIRING: G1, G2 =  20.12  13.13     G(QUADRUPOLE) = 0.16*G(MONOPOLE)           
 BETA-MESH: NDEG = 40   A RULE OF THUMB:  NDEG .GT. 1.3*JFIN/2                  
 LS FORCE: LSF = 1   1 FOR NILSSON ET AL AND 2 FOR ZHANG ET AL                  
 EFFECTIVE CHARGE: DELE = 0.50                                                  
                                                                                
                                                                                
******************** NILBCS                                                     
                                                                                
 LS FORCE: NILSSON ET AL                                                        
 NEUTRON SHELL, KAPPA AND MU:   4   0.06367   0.41190                           
 NEUTRON SHELL, KAPPA AND MU:   5   0.06367   0.41190                           
 NEUTRON SHELL, KAPPA AND MU:   6   0.06367   0.41190                           
                                                                                
 BCS: IT = 1  LAMBDA = 51.9222  DELTA =  0.6736  N (SUM 2.0*V(I)**2) = 56.0000  
                                                                                
 LS FORCE: NILSSON ET AL                                                        
 PROTON  SHELL, KAPPA AND MU:   3   0.06319   0.60420                           
 PROTON  SHELL, KAPPA AND MU:   4   0.06319   0.60420                           
 PROTON  SHELL, KAPPA AND MU:   5   0.06319   0.60420                           
                                                                                
 BCS: IT = 2  LAMBDA = 41.9445  DELTA =  0.7136  N (SUM 2.0*V(I)**2) = 49.0000  
                                                                                
******************** INTERA                                                     
                                                                                
  QUAD =  0.320137E-03    X_Q =  0.205465E-01  0.164863E-01  0.184048E-01       
   G_M =  0.108918E+00  0.134961E+00    G_Q =  0.174269E-01  0.215937E-01       
   Q_0 =  0.413656E+02  0.263677E+02    P_0 =  0.294323E+01 -0.217073E+00       
  XQ*Q =  0.133521E+01  0.119603E+01   GQ*P =  0.512913E-01 -0.468743E-02       
  W_HO =  0.801127E+01  0.717619E+01   B_HO =  0.227512E+01  0.240386E+01       
  EHFB = -0.571316E+03   Q_CL =  0.335607E+03   DELE = 0.50                     
                                                                                
******************** BASE01                                                     
                                                                                
  SINGLE-PARTICLE BASIS                                                         
  ~~~~~~~~~~~~~~~~~~~~~                                                         
                                                                                
 NO. 2*K ENERGY OF NILSSON LEVELS: 3 NEUTRON- AND 3 PROTON-SHELLS               
 --- --- ------                                                                 
          N=4         N=5         N=6         N=3         N=4         N=5       
  1    1 37.978    1 44.254    1 50.350    1 28.172    1 33.733    1 39.052     
  2   -3 38.764   -3 44.857   -3 50.825   -3 28.993   -3 34.336   -3 39.513     
  3    5 40.010    5 45.892    5 51.689    5 30.283    5 35.378    5 40.360     
  4   -7 41.596   -7 47.263   -7 52.873    1 31.158   -7 36.763   -7 41.530     
  5    1 41.671    1 48.659    9 54.331   -7 31.927    1 37.414    9 42.980     
  6    1 43.155    9 48.913    1 55.598   -3 32.871    9 38.439    1 43.656     
  7    9 43.467    1 49.823  -11 56.028    1 33.051   -3 38.679   -3 44.516     
  8   -3 43.491   -3 50.121    1 56.599    5 34.907    1 38.898  -11 44.679     
  9   -3 45.038  -11 50.810   -3 56.729   -3 35.274    5 40.359    1 44.848     
 10    5 45.565   -3 51.354   -3 57.775    1 36.292   -3 40.741    5 45.863     
 11    1 46.376    5 51.925   13 57.945    0  0.000    1 42.058   -3 46.301     
 12    5 47.252    1 52.971    5 58.284    0  0.000   -7 42.347   -7 47.547     
 13   -7 47.864    5 53.251    5 59.352    0  0.000    5 42.908    1 48.105     
 14    1 49.250   -7 53.976    1 59.764    0  0.000   -3 44.900    5 48.135     
 15   -3 49.453   -7 55.448   -7 60.113    0  0.000    1 45.084    9 49.507     
 16    0  0.000    1 55.558   -7 61.255    0  0.000    0  0.000   -7 50.262     
 17    0  0.000   -3 55.799    1 62.038    0  0.000    0  0.000   -3 50.577     
 18    0  0.000    9 56.242    9 62.161    0  0.000    0  0.000    1 50.766     
 19    0  0.000   -3 58.312   -3 62.299    0  0.000    0  0.000    5 53.204     
 20    0  0.000    5 58.708    9 63.435    0  0.000    0  0.000   -3 53.577     
 21    0  0.000    1 59.402  -11 64.406    0  0.000    0  0.000    1 54.571     
 22    0  0.000    0  0.000   -3 64.491    0  0.000    0  0.000    0  0.000     
 23    0  0.000    0  0.000    5 64.944    0  0.000    0  0.000    0  0.000     
 24    0  0.000    0  0.000    1 65.743    0  0.000    0  0.000    0  0.000     
 25    0  0.000    0  0.000    5 67.157    0  0.000    0  0.000    0  0.000     
 26    0  0.000    0  0.000   -7 67.739    0  0.000    0  0.000    0  0.000     
 27    0  0.000    0  0.000    1 69.124    0  0.000    0  0.000    0  0.000     
 28    0  0.000    0  0.000   -3 69.317    0  0.000    0  0.000    0  0.000     
                                                                                
                                                                                
 NO. 2*K ENERGY OF QUASIPARTICLES: 3 NEUTRON- AND 3 PROTON-SHELLS               
 --- --- ------                                                                 
          N=4         N=5         N=6         N=3         N=4         N=5       
  1    1 13.960    1  7.698    1  1.710    1 13.791    1  8.243    1  2.979     
  2   -3 13.175   -3  7.097   -3  1.287   -3 12.971   -3  7.642   -3  2.534     
  3    5 11.932    5  6.068    5  0.713    5 11.683    5  6.605    5  1.738     
  4   -7 10.348   -7  4.708   -7  1.166    1 10.810   -7  5.231   -7  0.825     
  5    1 10.273    1  3.332    9  2.501   -7 10.043    1  4.586    9  1.258     
  6    1  8.793    9  3.083    1  3.737   -3  9.101    9  3.578    1  1.854     
  7    9  8.482    1  2.204  -11  4.161    1  8.923   -3  3.343   -3  2.669     
  8   -3  8.458   -3  1.923    1  4.725    5  7.074    1  3.129  -11  2.826     
  9   -3  6.917  -11  1.300   -3  4.854   -3  6.708    5  1.739    1  2.990     
 10    5  6.393   -3  0.881   -3  5.891    1  5.697   -3  1.400    5  3.983     
 11    1  5.587    5  0.674   13  6.061    0  0.000    1  0.723   -3  4.414     
 12    5  4.718    1  1.246    5  6.398    0  0.000   -7  0.819   -7  5.648     
 13   -7  4.114    5  1.489    5  7.461    0  0.000    5  1.199    1  6.202     
 14    1  2.756   -7  2.162    1  7.871    0  0.000   -3  3.040    5  6.231     
 15   -3  2.560   -7  3.590   -7  8.219    0  0.000    1  3.219    9  7.596     
 16    0  0.000    1  3.697   -7  9.357    0  0.000    0  0.000   -7  8.348     
 17    0  0.000   -3  3.935    1 10.138    0  0.000    0  0.000   -3  8.662     
 18    0  0.000    9  4.372    9 10.261    0  0.000    0  0.000    1  8.850     
 19    0  0.000   -3  6.425   -3 10.399    0  0.000    0  0.000    5 11.282     
 20    0  0.000    5  6.819    9 11.532    0  0.000    0  0.000   -3 11.654     
 21    0  0.000    1  7.510  -11 12.502    0  0.000    0  0.000    1 12.647     
 22    0  0.000    0  0.000   -3 12.587    0  0.000    0  0.000    0  0.000     
 23    0  0.000    0  0.000    5 13.040    0  0.000    0  0.000    0  0.000     
 24    0  0.000    0  0.000    1 13.837    0  0.000    0  0.000    0  0.000     
 25    0  0.000    0  0.000    5 15.250    0  0.000    0  0.000    0  0.000     
 26    0  0.000    0  0.000   -7 15.831    0  0.000    0  0.000    0  0.000     
 27    0  0.000    0  0.000    1 17.215    0  0.000    0  0.000    0  0.000     
 28    0  0.000    0  0.000   -3 17.408    0  0.000    0  0.000    0  0.000     
                                                                                
                                                                                
  MULTI-QUASIPARTICLE BASIS                                                     
  ~~~~~~~~~~~~~~~~~~~~~~~~~                                                     
                                                                                
  NEUTRON STATES :                                                              
                                                                                
     KMAX = 12     EMAX = 3.50     NMAX = 20     [2-QUASINEUTRON]               
   MIXINT =  3    NNINT =  6      NLINT = 28                                    
                                                                                
 1-QP BASIS:  NOQR =  5 LEVELS                                                  
------------------------------                                                  
  I IOQ(I)    K      E          U**2-V**2      UV          U           V        
  1   1      1/2     1.71010    -0.91916     0.19694     0.20105     0.97958    
  2   2     -3/2     1.28739    -0.85220     0.26161     0.27184     0.96234    
  3   3      5/2     0.71276    -0.32697     0.47252     0.58010     0.81455    
  4   4     -7/2     1.16556     0.81611     0.28895     0.95292     0.30323    
  5   5      9/2     2.50080     0.96304     0.13467     0.99072     0.13593    
                                                                                
 2-QP BASIS:   NTQ = 18 PAIRS (NTQH =   7)                                      
------------------------------                                                  
 II   I1 I2   T   K     E          U**2-V**2      UV                            
  1    3  4   1  -1     1.87832     0.48913     0.76147                         
  2    2  3   1   1     2.00015    -1.17918     0.73412                         
  3    1  3   1   3     2.42285    -1.24613     0.66946                         
  4    2  4   1  -5     2.45295    -0.03609     0.55056                         
  5    1  4   1  -3     2.87566    -0.10305     0.48589                         
  6    1  2   1  -1     2.99749    -1.77136     0.45855                         
  7    3  5   1   7     3.21356     0.63607     0.60719                         
  8    3 31   0   0     1.42552    -0.65395     0.94503                         
  9    3 32   2   6     1.87832     0.48913     0.76147                         
 10    2 31   2  -4     2.00015    -1.17918     0.73412                         
 11    4 32   0   0     2.33113     1.63221     0.57790                         
 12    1 31   2  -2     2.42285    -1.24613     0.66946                         
 13    2 32   2   2     2.45295    -0.03609     0.55056                         
 14    2 30   0   0     2.57478    -1.70440     0.52321                         
 15    1 32   2   4     2.87566    -0.10305     0.48589                         
 16    1 30   2   2     2.99749    -1.77136     0.45855                         
 17    3 33   2  -2     3.21356     0.63607     0.60719                         
 18    1 29   0   0     3.42019    -1.83832     0.39388                         
                                                                                
                                                                                
  PROTON  STATES :                                                              
                                                                                
     KMAX = 11/2   EMAX = 2.50     NMAX = 12     [1-QUASIPROTON]                
   MIXINT =  6    NNINT =  5      NLINT = 21                                    
                                                                                
 1-QP BASIS:  NOQR =  4 LEVELS                                                  
------------------------------                                                  
  I IOQ(I)    K      E          U**2-V**2      UV          U           V        
  1   3      5/2     1.73801    -0.91182     0.20529     0.20997     0.97771    
  2   4     -7/2     0.82512    -0.50204     0.43242     0.49898     0.86661    
  3   5      9/2     1.25756     0.82341     0.28372     0.95483     0.29715    
  4   6      1/2     1.85385     0.92295     0.19247     0.98055     0.19628    
                                                                                
                                                                                
                                                                                
 DIMENSION OF THE CONFIG. SPACE : 36 (  4 32 )                                  
                                                                                
  ----------   THE QP BASE CHOSEN:   ----------                                 
                                                                                
  BAND  I1   I2    T     KQP    EQP : 1P STATES                                 
    1    0    1    1     5/2   1.738                                            
    2    0    2    1    -7/2   0.825                                            
    3    0    3    1     9/2   1.258                                            
    4    0    4    1     1/2   1.854                                            
  BAND  I1   I2    T     KQP    EQP : 2NX1P STATES                              
    5    1    1    1     3/2   3.616                                            
    6    1    2    1    -9/2   2.703                                            
    7    1    3    1     7/2   3.136                                            
    8    1    4    1    -1/2   3.732                                            
    9    2    1    1     7/2   3.738                                            
   10    2    2    1    -5/2   2.825                                            
   11    2    3    1    11/2   3.258                                            
   12    2    4    1     3/2   3.854                                            
   13    3    1    1    11/2   4.161                                            
   14    3    2    1    -1/2   3.248                                            
   15    3    3    1    15/2   3.680                                            
   16    3    4    1     7/2   4.277                                            
   17    4    1    1    -5/2   4.191                                            
   18    4    2    1   -17/2   3.278                                            
   19    4    3    1    -1/2   3.711                                            
   20    4    4    1    -9/2   4.307                                            
   21    1    5    2    -7/2   3.616                                            
   22    1    6    2     5/2   2.703                                            
   23    1    7    2   -11/2   3.136                                            
   24    1    8    2    -3/2   3.732                                            
   25    2    5    2    -3/2   3.738                                            
   26    2    6    2     9/2   2.825                                            
   27    2    7    2    -7/2   3.258                                            
   28    2    8    2     1/2   3.854                                            
   29    3    5    2     1/2   4.161                                            
   30    3    6    2    13/2   3.248                                            
   31    3    7    2    -3/2   3.680                                            
   32    3    8    2     5/2   4.277                                            
   33    4    5    2   -15/2   4.191                                            
   34    4    6    2    -3/2   3.278                                            
   35    4    8    2   -11/2   4.307                                            
   36    5    6    2     1/2   3.701                                            
                                                                                
******************** KERNEL                                                     
                                                                                
 IBET     BETA       <H[R]>         <R>                                         
   1    0.05938   -0.92014E-01    0.92816E+00                                   
   2    0.13629   -0.48167E+00    0.67621E+00                                   
   3    0.21367   -0.11696E+01    0.38494E+00                                   
   4    0.29114   -0.21321E+01    0.17309E+00                                   
   5    0.36866   -0.33326E+01    0.62470E-01                                   
   6    0.44619   -0.47191E+01    0.18485E-01                                   
   7    0.52373   -0.62233E+01    0.46037E-02                                   
   8    0.60128   -0.77591E+01    0.99581E-03                                   
   9    0.67883   -0.92240E+01    0.19400E-03                                   
  10    0.75639   -0.10501E+02    0.35467E-04                                   
  11    0.83395   -0.11469E+02    0.63656E-05                                   
  12    0.91151   -0.12024E+02    0.11755E-05                                   
  13    0.98907   -0.12110E+02    0.23361E-06                                   
  14    1.06663   -0.11757E+02    0.52008E-07                                   
  15    1.14419   -0.11073E+02    0.13420E-07                                   
  16    1.22176   -0.10214E+02    0.41348E-08                                   
  17    1.29932   -0.93361E+01    0.15613E-08                                   
  18    1.37689   -0.85720E+01    0.73839E-09                                   
  19    1.45445   -0.80180E+01    0.44451E-09                                   
  20    1.53201   -0.77298E+01    0.34407E-09                                   
                                                                                
******************** INTEG                                                      
                                                                                
******* SPIN =  1/2 *******                                                     
                                                                                
 BAND KQP=   EQP=    HH/HN=    HH=         HN=       EIGEN NORM  STATE  ENERGY  
   4   1/2  1.8539   0.7824  0.1545E-01  0.1975E-01  0.2049E-01     1   0.7817  
   8  -1/2  3.7322   3.1371  0.3446E-01  0.1098E-01  0.1482E-01     2   2.9315  
  14  -1/2  3.2480   3.0321  0.3207E-01  0.1058E-01  0.1232E-01     3   3.1518  
  19  -1/2  3.7105   3.5123  0.3968E-01  0.1130E-01  0.1194E-01     4   3.4101  
  28   1/2  3.8540   3.6123  0.3747E-01  0.1037E-01  0.9510E-02     5   3.6525  
  29   1/2  4.1609   3.7802  0.3835E-01  0.1014E-01  0.8301E-02     6   3.7620  
  36   1/2  3.7008   3.3296  0.3870E-01  0.1162E-01  0.7379E-02     7   3.9097  
                                                                                
 ENERGIES (LOWEST 6 OUT OF  7):  0.782  2.932  3.152  3.410  3.653  3.762       
 CUTOFF OF THE NORM EIGENVALUE:  0.1211E-04 ( 0.7379E-02 0.1211E-01 0.2049E-01) 
                                                                                
******* SPIN =  3/2 *******                                                     
                                                                                
 BAND KQP=   EQP=    HH/HN=    HH=         HN=       EIGEN NORM  STATE  ENERGY  
   4   1/2  1.8539   0.9671  0.1628E-01  0.1683E-01  0.1982E-01     1   0.9638  
   5   3/2  3.6163   3.0639  0.3363E-01  0.1097E-01  0.1464E-01     2   2.9025  
   8  -1/2  3.7322   2.9442  0.3501E-01  0.1189E-01  0.1360E-01     3   2.9871  
  12   3/2  3.8540   3.5536  0.3797E-01  0.1068E-01  0.1281E-01     4   3.0183  
  14  -1/2  3.2480   3.0213  0.3163E-01  0.1047E-01  0.1187E-01     5   3.0365  
  19  -1/2  3.7105   3.4958  0.3911E-01  0.1119E-01  0.1131E-01     6   3.1197  
  24  -3/2  3.7322   3.0837  0.3480E-01  0.1129E-01  0.1063E-01     7   3.3264  
  25  -3/2  3.7382   3.2492  0.3389E-01  0.1043E-01  0.1061E-01     8   3.4363  
  28   1/2  3.8540   3.4153  0.3860E-01  0.1130E-01  0.9300E-02     9   3.4919  
  29   1/2  4.1609   3.7867  0.3791E-01  0.1001E-01  0.9137E-02    10   3.5194  
  31  -3/2  3.6804   3.4743  0.3716E-01  0.1070E-01  0.8762E-02    11   3.7036  
  34  -3/2  3.2781   3.0298  0.3356E-01  0.1108E-01  0.8646E-02    12   3.7232  
  36   1/2  3.7008   3.3344  0.3815E-01  0.1144E-01  0.7150E-02    13   3.9213  
                                                                                
 ENERGIES (LOWEST 6 OUT OF 13):  0.964  2.902  2.987  3.018  3.036  3.120       
 CUTOFF OF THE NORM EIGENVALUE:  0.1141E-04 ( 0.7150E-02 0.1141E-01 0.1982E-01) 
                                                                                
******* SPIN =  5/2 *******                                                     
                                                                                
 BAND KQP=   EQP=    HH/HN=    HH=         HN=       EIGEN NORM  STATE  ENERGY  
   1   5/2  1.7380   0.9154  0.1559E-01  0.1703E-01  0.2038E-01     1   0.7696  
   4   1/2  1.8539   0.7699  0.1525E-01  0.1980E-01  0.1999E-01     2   0.8994  
   5   3/2  3.6163   3.0759  0.3292E-01  0.1070E-01  0.1435E-01     3   2.1904  
   8  -1/2  3.7322   3.2828  0.3261E-01  0.9934E-02  0.1344E-01     4   2.5873  
  10  -5/2  2.8253   2.3832  0.2627E-01  0.1102E-01  0.1335E-01     5   2.8547  
  12   3/2  3.8540   3.5438  0.3719E-01  0.1049E-01  0.1180E-01     6   2.9969  
  14  -1/2  3.2480   3.0056  0.3093E-01  0.1029E-01  0.1150E-01     7   3.0458  
  17  -5/2  4.1910   3.8366  0.4032E-01  0.1051E-01  0.1080E-01     8   3.0484  
  19  -1/2  3.7105   3.4715  0.3817E-01  0.1099E-01  0.1060E-01     9   3.2672  
  22   5/2  2.7034   2.1038  0.2458E-01  0.1168E-01  0.1040E-01    10   3.2884  
  24  -3/2  3.7322   3.0775  0.3404E-01  0.1106E-01  0.1017E-01    11   3.4298  
  25  -3/2  3.7382   3.2574  0.3318E-01  0.1019E-01  0.9930E-02    12   3.5186  
  28   1/2  3.8540   3.7533  0.3519E-01  0.9376E-02  0.8897E-02    13   3.6612  
  29   1/2  4.1609   3.7913  0.3717E-01  0.9804E-02  0.8768E-02    14   3.7747  
  31  -3/2  3.6804   3.4484  0.3633E-01  0.1053E-01  0.8715E-02    15   3.8386  
  32   5/2  4.2767   4.2145  0.4310E-01  0.1023E-01  0.8423E-02    16   3.9102  
  34  -3/2  3.2781   3.0139  0.3277E-01  0.1087E-01  0.7331E-02    17   3.9482  
  36   1/2  3.7008   3.3432  0.3726E-01  0.1114E-01  0.6817E-02    18   4.2166  
                                                                                
 ENERGIES (LOWEST 6 OUT OF 18):  0.770  0.899  2.190  2.587  2.855  2.997       
 CUTOFF OF THE NORM EIGENVALUE:  0.1143E-04 ( 0.6817E-02 0.1143E-01 0.2038E-01) 
                                                                                
******* SPIN =  7/2 *******                                                     
                                                                                
 BAND KQP=   EQP=    HH/HN=    HH=         HN=       EIGEN NORM  STATE  ENERGY  
   1   5/2  1.7380   0.9469  0.1524E-01  0.1610E-01  0.2393E-01     1  -0.2578  
   2  -7/2  0.8251  -0.2493 -0.5016E-02  0.2012E-01  0.1919E-01     2   1.0006  
   4   1/2  1.8539   1.1941  0.1633E-01  0.1367E-01  0.1823E-01     3   1.1874  
   5   3/2  3.6163   3.0901  0.3194E-01  0.1034E-01  0.1433E-01     4   2.2341  
   7   7/2  3.1359   2.5695  0.3061E-01  0.1191E-01  0.1396E-01     5   2.4526  
   8  -1/2  3.7322   2.8869  0.3391E-01  0.1175E-01  0.1297E-01     6   2.5521  
   9   7/2  3.7382   3.1791  0.3285E-01  0.1033E-01  0.1244E-01     7   2.7978  
  10  -5/2  2.8253   2.3779  0.2543E-01  0.1069E-01  0.1168E-01     8   2.9800  
  12   3/2  3.8540   3.5812  0.3600E-01  0.1005E-01  0.1158E-01     9   3.0136  
  14  -1/2  3.2480   2.9870  0.2998E-01  0.1004E-01  0.1062E-01    10   3.0807  
  16   7/2  4.2767   4.2079  0.4287E-01  0.1019E-01  0.1044E-01    11   3.1059  
  17  -5/2  4.1910   3.8519  0.3919E-01  0.1018E-01  0.1035E-01    12   3.1494  
  19  -1/2  3.7105   3.4437  0.3690E-01  0.1072E-01  0.1019E-01    13   3.2137  
  21  -7/2  3.6163   2.9713  0.3229E-01  0.1087E-01  0.9937E-02    14   3.2286  
  22   5/2  2.7034   2.1049  0.2378E-01  0.1130E-01  0.9770E-02    15   3.4043  
  24  -3/2  3.7322   3.1224  0.3301E-01  0.1057E-01  0.9605E-02    16   3.4454  
  25  -3/2  3.7382   3.2664  0.3221E-01  0.9862E-02  0.8899E-02    17   3.5578  
  27  -7/2  3.2577   2.8058  0.3145E-01  0.1121E-01  0.8770E-02    18   3.6425  
  28   1/2  3.8540   3.3469  0.3765E-01  0.1125E-01  0.8260E-02    19   3.7534  
  29   1/2  4.1609   3.8042  0.3617E-01  0.9508E-02  0.8099E-02    20   3.8168  
  31  -3/2  3.6804   3.4178  0.3520E-01  0.1030E-01  0.7997E-02    21   3.8512  
  32   5/2  4.2767   4.2067  0.4189E-01  0.9959E-02  0.7808E-02    22   3.9930  
  34  -3/2  3.2781   2.9960  0.3170E-01  0.1058E-01  0.6885E-02    23   4.1769  
  36   1/2  3.7008   3.3558  0.3603E-01  0.1074E-01  0.6288E-02    24   4.2417  
                                                                                
 ENERGIES (LOWEST 6 OUT OF 24): -0.258  1.001  1.187  2.234  2.453  2.552       
 CUTOFF OF THE NORM EIGENVALUE:  0.1134E-04 ( 0.6288E-02 0.1134E-01 0.2393E-01) 
                                                                                
******* SPIN =  9/2 *******                                                     
                                                                                
 BAND KQP=   EQP=    HH/HN=    HH=         HN=       EIGEN NORM  STATE  ENERGY  
   1   5/2  1.7380   0.9924  0.1485E-01  0.1496E-01  0.2403E-01     1  -0.1948  
   2  -7/2  0.8251  -0.1464 -0.2681E-02  0.1830E-01  0.2237E-01     2   0.2317  
   3   9/2  1.2576   0.1738  0.3674E-02  0.2114E-01  0.1996E-01     3   0.8506  
   4   1/2  1.8539   0.8516  0.1553E-01  0.1824E-01  0.1800E-01     4   1.1294  
   5   3/2  3.6163   3.1120  0.3072E-01  0.9872E-02  0.1417E-01     5   2.1317  
   6  -9/2  2.7034   2.0874  0.2416E-01  0.1157E-01  0.1348E-01     6   2.2651  
   7   7/2  3.1359   2.5650  0.2928E-01  0.1142E-01  0.1278E-01     7   2.3164  
   8  -1/2  3.7322   3.3912  0.2973E-01  0.8767E-02  0.1182E-01     8   2.6151  
   9   7/2  3.7382   3.2017  0.3172E-01  0.9907E-02  0.1171E-01     9   2.6524  
  10  -5/2  2.8253   2.3749  0.2440E-01  0.1027E-01  0.1141E-01    10   2.7502  
  12   3/2  3.8540   3.5224  0.3481E-01  0.9883E-02  0.1112E-01    11   3.0184  
  14  -1/2  3.2480   2.9695  0.2881E-01  0.9702E-02  0.1103E-01    12   3.0940  
  16   7/2  4.2767   4.1997  0.4134E-01  0.9844E-02  0.1065E-01    13   3.1023  
  17  -5/2  4.1910   3.8700  0.3777E-01  0.9760E-02  0.1016E-01    14   3.1733  
  19  -1/2  3.7105   3.4173  0.3536E-01  0.1035E-01  0.9921E-02    15   3.2057  
  20  -9/2  4.3068   4.0846  0.4340E-01  0.1063E-01  0.9467E-02    16   3.3261  
  21  -7/2  3.6163   3.0035  0.3120E-01  0.1039E-01  0.9209E-02    17   3.3775  
  22   5/2  2.7034   2.1104  0.2282E-01  0.1081E-01  0.9129E-02    18   3.4855  
  24  -3/2  3.7322   3.0680  0.3175E-01  0.1035E-01  0.8872E-02    19   3.5897  
  25  -3/2  3.7382   3.2816  0.3101E-01  0.9449E-02  0.8759E-02    20   3.5937  
  26   9/2  2.8253   2.3691  0.2589E-01  0.1093E-01  0.8503E-02    21   3.6697  
  27  -7/2  3.2577   2.7924  0.3014E-01  0.1079E-01  0.8387E-02    22   3.8562  
  28   1/2  3.8540   3.8509  0.3197E-01  0.8302E-02  0.8134E-02    23   3.8785  
  29   1/2  4.1609   3.8134  0.3489E-01  0.9149E-02  0.7190E-02    24   3.9767  
  31  -3/2  3.6804   3.3874  0.3381E-01  0.9981E-02  0.6613E-02    25   4.0461  
  32   5/2  4.2767   4.2008  0.4038E-01  0.9614E-02  0.6207E-02    26   4.0545  
  34  -3/2  3.2781   2.9796  0.3039E-01  0.1020E-01  0.6160E-02    27   4.2321  
  36   1/2  3.7008   3.3736  0.3452E-01  0.1023E-01  0.5552E-02    28   4.3137  
                                                                                
 ENERGIES (LOWEST 6 OUT OF 28): -0.195  0.232  0.851  1.129  2.132  2.265       
 CUTOFF OF THE NORM EIGENVALUE:  0.1124E-04 ( 0.5552E-02 0.1124E-01 0.2403E-01) 
                                                                                
******* SPIN = 11/2 *******                                                     
                                                                                
 BAND KQP=   EQP=    HH/HN=    HH=         HN=       EIGEN NORM  STATE  ENERGY  
   1   5/2  1.7380   1.0532  0.1439E-01  0.1367E-01  0.2371E-01     1  -0.1001  
   2  -7/2  0.8251  -0.0202 -0.3295E-03  0.1631E-01  0.2103E-01     2   0.4262  
   3   9/2  1.2576   0.3170  0.5917E-02  0.1867E-01  0.1655E-01     3   1.2833  
   4   1/2  1.8539   1.5002  0.1539E-01  0.1026E-01  0.1575E-01     4   1.4881  
   5   3/2  3.6163   3.1304  0.2927E-01  0.9349E-02  0.1440E-01     5   2.1461  
   6  -9/2  2.7034   2.0941  0.2298E-01  0.1097E-01  0.1319E-01     6   2.2223  
   7   7/2  3.1359   2.5679  0.2778E-01  0.1082E-01  0.1293E-01     7   2.3798  
   8  -1/2  3.7322   2.9108  0.3176E-01  0.1091E-01  0.1167E-01     8   2.5529  
   9   7/2  3.7382   3.2275  0.3037E-01  0.9409E-02  0.1150E-01     9   2.5887  
  10  -5/2  2.8253   2.3768  0.2322E-01  0.9770E-02  0.1133E-01    10   2.7186  
  11  11/2  3.2577   2.8061  0.3120E-01  0.1112E-01  0.1109E-01    11   2.7824  
  12   3/2  3.8540   3.6509  0.3286E-01  0.9000E-02  0.1102E-01    12   2.9997  
  13  11/2  4.1609   3.8250  0.3798E-01  0.9930E-02  0.1072E-01    13   3.0370  
  14  -1/2  3.2480   2.9561  0.2745E-01  0.9287E-02  0.1069E-01    14   3.1340  
  16   7/2  4.2767   4.1944  0.3953E-01  0.9424E-02  0.1000E-01    15   3.1696  
  17  -5/2  4.1910   3.8902  0.3608E-01  0.9275E-02  0.9991E-02    16   3.2148  
  19  -1/2  3.7105   3.3978  0.3357E-01  0.9881E-02  0.9802E-02    17   3.2389  
  20  -9/2  4.3068   4.0790  0.4140E-01  0.1015E-01  0.9487E-02    18   3.2747  
  21  -7/2  3.6163   3.0404  0.2988E-01  0.9827E-02  0.9474E-02    19   3.3608  
  22   5/2  2.7034   2.1227  0.2172E-01  0.1023E-01  0.9146E-02    20   3.4573  
  23 -11/2  3.1359   2.5728  0.3036E-01  0.1180E-01  0.8952E-02    21   3.5396  
  24  -3/2  3.7322   3.2116  0.3017E-01  0.9394E-02  0.8527E-02    22   3.6235  
  25  -3/2  3.7382   3.2926  0.2957E-01  0.8981E-02  0.8204E-02    23   3.7158  
  26   9/2  2.8253   2.3649  0.2463E-01  0.1041E-01  0.7927E-02    24   3.8362  
  27  -7/2  3.2577   2.7843  0.2863E-01  0.1028E-01  0.7684E-02    25   3.8376  
  28   1/2  3.8540   3.3517  0.3534E-01  0.1054E-01  0.7436E-02    26   3.8606  
  29   1/2  4.1609   3.8294  0.3338E-01  0.8717E-02  0.7079E-02    27   3.9227  
  31  -3/2  3.6804   3.3618  0.3219E-01  0.9577E-02  0.6576E-02    28   3.9706  
  32   5/2  4.2767   4.1958  0.3859E-01  0.9198E-02  0.5705E-02    29   4.0840  
  34  -3/2  3.2781   2.9687  0.2889E-01  0.9730E-02  0.5665E-02    30   4.1105  
  35 -11/2  4.3068   4.0808  0.4318E-01  0.1058E-01  0.5112E-02    31   4.2449  
  36   1/2  3.7008   3.3968  0.3276E-01  0.9646E-02  0.4767E-02    32   4.3869  
                                                                                
 ENERGIES (LOWEST 6 OUT OF 32): -0.100  0.426  1.283  1.488  2.146  2.222       
 CUTOFF OF THE NORM EIGENVALUE:  0.1053E-04 ( 0.4767E-02 0.1053E-01 0.2371E-01) 
                                                                                
******* SPIN = 13/2 *******                                                     
                                                                                
 BAND KQP=   EQP=    HH/HN=    HH=         HN=       EIGEN NORM  STATE  ENERGY  
   1   5/2  1.7380   1.1351  0.1391E-01  0.1225E-01  0.2313E-01     1   0.0239  
   2  -7/2  0.8251   0.1296  0.1844E-02  0.1423E-01  0.1953E-01     2   0.6409  
   3   9/2  1.2576   0.4858  0.7832E-02  0.1612E-01  0.1877E-01     3   1.0284  
   4   1/2  1.8539   1.0316  0.1590E-01  0.1541E-01  0.1492E-01     4   1.4634  
   5   3/2  3.6163   3.1632  0.2765E-01  0.8740E-02  0.1305E-01     5   2.0917  
   6  -9/2  2.7034   2.1099  0.2170E-01  0.1028E-01  0.1237E-01     6   2.2954  
   7   7/2  3.1359   2.5818  0.2614E-01  0.1012E-01  0.1198E-01     7   2.4706  
   8  -1/2  3.7322   3.4393  0.2616E-01  0.7607E-02  0.1149E-01     8   2.5266  
   9   7/2  3.7382   3.2563  0.2882E-01  0.8849E-02  0.1099E-01     9   2.6912  
  10  -5/2  2.8253   2.3862  0.2192E-01  0.9187E-02  0.1082E-01    10   2.7068  
  11  11/2  3.2577   2.7897  0.2933E-01  0.1051E-01  0.1068E-01    11   2.9150  
  12   3/2  3.8540   3.4936  0.3160E-01  0.9044E-02  0.1055E-01    12   2.9266  
  13  11/2  4.1609   3.8361  0.3602E-01  0.9390E-02  0.1042E-01    13   3.0244  
  14  -1/2  3.2480   2.9504  0.2594E-01  0.8793E-02  0.1008E-01    14   3.0570  
  16   7/2  4.2767   4.1942  0.3746E-01  0.8932E-02  0.9696E-02    15   3.1554  
  17  -5/2  4.1910   3.9122  0.3415E-01  0.8729E-02  0.9563E-02    16   3.2068  
  19  -1/2  3.7105   3.3898  0.3160E-01  0.9322E-02  0.9201E-02    17   3.3232  
  20  -9/2  4.3068   4.0794  0.3913E-01  0.9592E-02  0.9114E-02    18   3.3656  
  21  -7/2  3.6163   3.0819  0.2836E-01  0.9203E-02  0.8984E-02    19   3.3902  
  22   5/2  2.7034   2.1445  0.2052E-01  0.9567E-02  0.8920E-02    20   3.4712  
  23 -11/2  3.1359   2.5690  0.2849E-01  0.1109E-01  0.8754E-02    21   3.6087  
  24  -3/2  3.7322   3.0562  0.2867E-01  0.9381E-02  0.7999E-02    22   3.6541  
  25  -3/2  3.7382   3.3160  0.2796E-01  0.8432E-02  0.7667E-02    23   3.7757  
  26   9/2  2.8253   2.3679  0.2324E-01  0.9816E-02  0.7481E-02    24   3.7774  
  27  -7/2  3.2577   2.7850  0.2697E-01  0.9683E-02  0.7110E-02    25   3.8632  
  28   1/2  3.8540   3.8816  0.2817E-01  0.7258E-02  0.7093E-02    26   3.8734  
  29   1/2  4.1609   3.8447  0.3165E-01  0.8233E-02  0.6200E-02    27   3.8936  
  30  13/2  3.2480   3.0204  0.3129E-01  0.1036E-01  0.5978E-02    28   4.0425  
  31  -3/2  3.6804   3.3458  0.3039E-01  0.9083E-02  0.5769E-02    29   4.0926  
  32   5/2  4.2767   4.2012  0.3656E-01  0.8703E-02  0.4925E-02    30   4.1930  
  34  -3/2  3.2781   2.9670  0.2723E-01  0.9176E-02  0.4882E-02    31   4.2216  
  35 -11/2  4.3068   4.0761  0.4084E-01  0.1002E-01  0.4115E-02    32   4.3038  
  36   1/2  3.7008   3.4268  0.3080E-01  0.8988E-02  0.3894E-02    33   4.4767  
                                                                                
 ENERGIES (LOWEST 6 OUT OF 33):  0.024  0.641  1.028  1.463  2.092  2.295       
 CUTOFF OF THE NORM EIGENVALUE:  0.9882E-05 ( 0.3894E-02 0.9882E-02 0.2313E-01) 
                                                                                
******* SPIN = 15/2 *******                                                     
                                                                                
 BAND KQP=   EQP=    HH/HN=    HH=         HN=       EIGEN NORM  STATE  ENERGY  
   1   5/2  1.7380   1.2340  0.1332E-01  0.1079E-01  0.2225E-01     1   0.1756  
   2  -7/2  0.8251   0.3031  0.3683E-02  0.1215E-01  0.1786E-01     2   0.8754  
   3   9/2  1.2576   0.6801  0.9261E-02  0.1362E-01  0.1322E-01     3   1.6600  
   4   1/2  1.8539   1.8836  0.1342E-01  0.7123E-02  0.1276E-01     4   1.8625  
   5   3/2  3.6163   3.1868  0.2585E-01  0.8111E-02  0.1183E-01     5   2.0615  
   6  -9/2  2.7034   2.1376  0.2035E-01  0.9519E-02  0.1175E-01     6   2.3929  
   7   7/2  3.1359   2.6099  0.2440E-01  0.9350E-02  0.1151E-01     7   2.4551  
   8  -1/2  3.7322   3.0230  0.2864E-01  0.9474E-02  0.1125E-01     8   2.5964  
   9   7/2  3.7382   3.2882  0.2710E-01  0.8241E-02  0.1081E-01     9   2.7101  
  10  -5/2  2.8253   2.4052  0.2053E-01  0.8537E-02  0.1076E-01    10   2.8013  
  11  11/2  3.2577   2.7857  0.2736E-01  0.9821E-02  0.1062E-01    11   2.8856  
  12   3/2  3.8540   3.7749  0.2877E-01  0.7622E-02  0.1056E-01    12   2.9576  
  13  11/2  4.1609   3.8481  0.3385E-01  0.8797E-02  0.1033E-01    13   3.0320  
  14  -1/2  3.2480   2.9557  0.2431E-01  0.8226E-02  0.9947E-02    14   3.1540  
  15  15/2  3.6804   3.4462  0.3617E-01  0.1050E-01  0.9838E-02    15   3.1827  
  16   7/2  4.2767   4.2022  0.3519E-01  0.8374E-02  0.9357E-02    16   3.2717  
  17  -5/2  4.1910   3.9370  0.3202E-01  0.8132E-02  0.9333E-02    17   3.3761  
  19  -1/2  3.7105   3.3977  0.2948E-01  0.8676E-02  0.9128E-02    18   3.4090  
  20  -9/2  4.3068   4.0881  0.3665E-01  0.8965E-02  0.8913E-02    19   3.4275  
  21  -7/2  3.6163   3.1274  0.2667E-01  0.8528E-02  0.8413E-02    20   3.4367  
  22   5/2  2.7034   2.1781  0.1924E-01  0.8835E-02  0.8270E-02    21   3.4980  
  23 -11/2  3.1359   2.5799  0.2653E-01  0.1028E-01  0.7935E-02    22   3.7011  
  24  -3/2  3.7322   3.3644  0.2650E-01  0.7876E-02  0.7377E-02    23   3.7317  
  25  -3/2  3.7382   3.3306  0.2619E-01  0.7863E-02  0.7299E-02    24   3.7517  
  26   9/2  2.8253   2.3806  0.2177E-01  0.9144E-02  0.6982E-02    25   3.8439  
  27  -7/2  3.2577   2.7974  0.2519E-01  0.9004E-02  0.6514E-02    26   3.8905  
  28   1/2  3.8540   3.4354  0.3180E-01  0.9257E-02  0.6399E-02    27   3.9019  
  29   1/2  4.1609   3.8639  0.2974E-01  0.7698E-02  0.6113E-02    28   3.9160  
  30  13/2  3.2480   2.9810  0.2926E-01  0.9814E-02  0.5923E-02    29   3.9982  
  31  -3/2  3.6804   3.3432  0.2843E-01  0.8505E-02  0.5319E-02    30   4.0182  
  32   5/2  4.2767   4.2046  0.3432E-01  0.8162E-02  0.4672E-02    31   4.0732  
  33 -15/2  4.1910   3.8686  0.3975E-01  0.1027E-01  0.4138E-02    32   4.2295  
  34  -3/2  3.2781   2.9782  0.2545E-01  0.8546E-02  0.3707E-02    33   4.2875  
  35 -11/2  4.3068   4.0795  0.3827E-01  0.9382E-02  0.3392E-02    34   4.3244  
  36   1/2  3.7008   3.4646  0.2867E-01  0.8276E-02  0.2990E-02    35   4.5685  
                                                                                
 ENERGIES (LOWEST 6 OUT OF 35):  0.176  0.875  1.660  1.863  2.062  2.393       
 CUTOFF OF THE NORM EIGENVALUE:  0.9071E-05 ( 0.2990E-02 0.9071E-02 0.2225E-01) 
                                                                                
******* SPIN = 17/2 *******                                                     
                                                                                
 BAND KQP=   EQP=    HH/HN=    HH=         HN=       EIGEN NORM  STATE  ENERGY  
   1   5/2  1.7380   1.3635  0.1270E-01  0.9314E-02  0.2106E-01     1   0.3545  
   2  -7/2  0.8251   0.5003  0.5085E-02  0.1016E-01  0.1664E-01     2   1.1293  
   3   9/2  1.2576   0.8996  0.1012E-01  0.1125E-01  0.1603E-01     3   1.3040  
   4   1/2  1.8539   1.3122  0.1568E-01  0.1195E-01  0.1172E-01     4   1.8749  
   5   3/2  3.6163   3.2327  0.2396E-01  0.7413E-02  0.1153E-01     5   2.0619  
   6  -9/2  2.7034   2.1797  0.1895E-01  0.8694E-02  0.1139E-01     6   2.4127  
   7   7/2  3.1359   2.6550  0.2260E-01  0.8514E-02  0.1119E-01     7   2.5064  
   8  -1/2  3.7322   3.4422  0.2233E-01  0.6486E-02  0.1100E-01     8   2.6766  
   9   7/2  3.7382   3.3247  0.2525E-01  0.7594E-02  0.1038E-01     9   2.7535  
  10  -5/2  2.8253   2.4363  0.1908E-01  0.7833E-02  0.1037E-01    10   2.7919  
  11  11/2  3.2577   2.7971  0.2531E-01  0.9050E-02  0.1026E-01    11   2.8945  
  12   3/2  3.8540   3.4798  0.2785E-01  0.8003E-02  0.9937E-02    12   2.9923  
  13  11/2  4.1609   3.8623  0.3152E-01  0.8161E-02  0.9857E-02    13   3.0791  
  14  -1/2  3.2480   2.9745  0.2259E-01  0.7595E-02  0.9682E-02    14   3.1343  
  15  15/2  3.6804   3.3830  0.3352E-01  0.9907E-02  0.9656E-02    15   3.1706  
  16   7/2  4.2767   4.2179  0.3274E-01  0.7761E-02  0.8877E-02    16   3.3061  
  17  -5/2  4.1910   3.9652  0.2973E-01  0.7497E-02  0.8874E-02    17   3.3850  
  18 -17/2  3.2781   3.0160  0.3253E-01  0.1079E-01  0.8602E-02    18   3.4168  
  19  -1/2  3.7105   3.4249  0.2725E-01  0.7956E-02  0.8135E-02    19   3.4921  
  20  -9/2  4.3068   4.1079  0.3400E-01  0.8277E-02  0.7751E-02    20   3.5009  
  21  -7/2  3.6163   3.1788  0.2485E-01  0.7816E-02  0.7388E-02    21   3.5489  
  22   5/2  2.7034   2.2262  0.1792E-01  0.8050E-02  0.6765E-02    22   3.6430  
  23 -11/2  3.1359   2.6087  0.2453E-01  0.9402E-02  0.6666E-02    23   3.7789  
  24  -3/2  3.7322   3.0650  0.2514E-01  0.8201E-02  0.6563E-02    24   3.8323  
  25  -3/2  3.7382   3.3647  0.2431E-01  0.7225E-02  0.6354E-02    25   3.9052  
  26   9/2  2.8253   2.4054  0.2023E-01  0.8411E-02  0.6011E-02    26   3.9291  
  27  -7/2  3.2577   2.8242  0.2333E-01  0.8261E-02  0.5595E-02    27   3.9511  
  28   1/2  3.8540   3.8607  0.2416E-01  0.6258E-02  0.5317E-02    28   3.9893  
  29   1/2  4.1609   3.8879  0.2770E-01  0.7124E-02  0.4845E-02    29   4.0504  
  30  13/2  3.2480   2.9580  0.2714E-01  0.9174E-02  0.4639E-02    30   4.1203  
  31  -3/2  3.6804   3.3574  0.2636E-01  0.7851E-02  0.4252E-02    31   4.1830  
  32   5/2  4.2767   4.2342  0.3191E-01  0.7537E-02  0.3754E-02    32   4.3618  
  33 -15/2  4.1910   3.8967  0.3701E-01  0.9497E-02  0.3624E-02    33   4.3950  
  34  -3/2  3.2781   3.0053  0.2359E-01  0.7850E-02  0.3361E-02    34   4.4064  
  35 -11/2  4.3068   4.0938  0.3553E-01  0.8679E-02  0.2755E-02    35   4.5090  
  36   1/2  3.7008   3.5109  0.2644E-01  0.7530E-02  0.2231E-02    36   4.7183  
                                                                                
 ENERGIES (LOWEST 6 OUT OF 36):  0.354  1.129  1.304  1.875  2.062  2.413       
 CUTOFF OF THE NORM EIGENVALUE:  0.8419E-05 ( 0.2231E-02 0.8419E-02 0.2106E-01) 
                                                                                
******* SPIN = 19/2 *******                                                     
                                                                                
 BAND KQP=   EQP=    HH/HN=    HH=         HN=       EIGEN NORM  STATE  ENERGY  
   1   5/2  1.7380   1.5056  0.1189E-01  0.7900E-02  0.1958E-01     1   0.5579  
   2  -7/2  0.8251   0.7210  0.6004E-02  0.8326E-02  0.1414E-01     2   1.4002  
   3   9/2  1.2576   1.1437  0.1040E-01  0.9094E-02  0.1147E-01     3   2.0160  
   4   1/2  1.8539   2.3433  0.1074E-01  0.4583E-02  0.1111E-01     4   2.1554  
   5   3/2  3.6163   3.2677  0.2200E-01  0.6732E-02  0.1079E-01     5   2.3070  
   6  -9/2  2.7034   2.2383  0.1753E-01  0.7830E-02  0.1062E-01     6   2.4023  
   7   7/2  3.1359   2.7194  0.2077E-01  0.7636E-02  0.1020E-01     7   2.6289  
   8  -1/2  3.7322   3.2239  0.2471E-01  0.7666E-02  0.1013E-01     8   2.7069  
   9   7/2  3.7382   3.3651  0.2330E-01  0.6924E-02  0.9845E-02     9   2.7338  
  10  -5/2  2.8253   2.4811  0.1759E-01  0.7091E-02  0.9542E-02    10   2.9133  
  11  11/2  3.2577   2.8262  0.2323E-01  0.8220E-02  0.9516E-02    11   2.9566  
  12   3/2  3.8540   3.9599  0.2406E-01  0.6077E-02  0.9203E-02    12   3.1029  
  13  11/2  4.1609   3.8801  0.2907E-01  0.7493E-02  0.8858E-02    13   3.1453  
  14  -1/2  3.2480   3.0094  0.2081E-01  0.6914E-02  0.8463E-02    14   3.2428  
  15  15/2  3.6804   3.3485  0.3080E-01  0.9199E-02  0.8449E-02    15   3.3118  
  16   7/2  4.2767   4.2494  0.3016E-01  0.7098E-02  0.8054E-02    16   3.4177  
  17  -5/2  4.1910   3.9993  0.2733E-01  0.6835E-02  0.7801E-02    17   3.4666  
  18 -17/2  3.2781   2.9779  0.2974E-01  0.9988E-02  0.7458E-02    18   3.5167  
  19  -1/2  3.7105   3.4740  0.2494E-01  0.7180E-02  0.7157E-02    19   3.5891  
  20  -9/2  4.3068   4.1410  0.3124E-01  0.7544E-02  0.6936E-02    20   3.6804  
  21  -7/2  3.6163   3.2348  0.2292E-01  0.7085E-02  0.6678E-02    21   3.6864  
  22   5/2  2.7034   2.2902  0.1656E-01  0.7233E-02  0.6479E-02    22   3.7497  
  23 -11/2  3.1359   2.6581  0.2251E-01  0.8468E-02  0.5887E-02    23   3.8587  
  24  -3/2  3.7322   3.5878  0.2226E-01  0.6204E-02  0.5649E-02    24   3.8949  
  25  -3/2  3.7382   3.3888  0.2236E-01  0.6599E-02  0.5482E-02    25   3.9192  
  26   9/2  2.8253   2.4444  0.1866E-01  0.7634E-02  0.5245E-02    26   3.9623  
  27  -7/2  3.2577   2.8675  0.2142E-01  0.7471E-02  0.4884E-02    27   3.9986  
  28   1/2  3.8540   3.5978  0.2730E-01  0.7588E-02  0.4779E-02    28   4.0854  
  29   1/2  4.1609   3.9152  0.2554E-01  0.6523E-02  0.4254E-02    29   4.1188  
  30  13/2  3.2480   2.9543  0.2498E-01  0.8454E-02  0.3969E-02    30   4.2195  
  31  -3/2  3.6804   3.3907  0.2420E-01  0.7137E-02  0.3760E-02    31   4.2210  
  32   5/2  4.2767   4.2496  0.2938E-01  0.6913E-02  0.3005E-02    32   4.3400  
  33 -15/2  4.1910   3.9243  0.3411E-01  0.8691E-02  0.2648E-02    33   4.4673  
  34  -3/2  3.2781   3.0508  0.2168E-01  0.7106E-02  0.2253E-02    34   4.5407  
  35 -11/2  4.3068   4.1215  0.3267E-01  0.7926E-02  0.2195E-02    35   4.5707  
  36   1/2  3.7008   3.5673  0.2413E-01  0.6765E-02  0.1638E-02    36   4.8219  
                                                                                
 ENERGIES (LOWEST 6 OUT OF 36):  0.558  1.400  2.016  2.155  2.307  2.402       
 CUTOFF OF THE NORM EIGENVALUE:  0.7448E-05 ( 0.1638E-02 0.7448E-02 0.1958E-01) 
                                                                                
******* SPIN = 21/2 *******                                                     
                                                                                
 BAND KQP=   EQP=    HH/HN=    HH=         HN=       EIGEN NORM  STATE  ENERGY  
   1   5/2  1.7380   1.6916  0.1107E-01  0.6542E-02  0.1786E-01     1   0.7869  
   2  -7/2  0.8251   0.9656  0.6450E-02  0.6680E-02  0.1380E-01     2   1.6754  
   3   9/2  1.2576   1.4120  0.1016E-01  0.7194E-02  0.1228E-01     3   1.6887  
   4   1/2  1.8539   1.6938  0.1439E-01  0.8498E-02  0.1114E-01     4   2.0554  
   5   3/2  3.6163   3.3308  0.2000E-01  0.6006E-02  0.1089E-01     5   2.3889  
   6  -9/2  2.7034   2.3154  0.1609E-01  0.6949E-02  0.1044E-01     6   2.4318  
   7   7/2  3.1359   2.8048  0.1891E-01  0.6742E-02  0.9927E-02     7   2.7089  
   8  -1/2  3.7322   3.4469  0.1857E-01  0.5388E-02  0.9699E-02     8   2.7378  
   9   7/2  3.7382   3.4148  0.2130E-01  0.6238E-02  0.9450E-02     9   2.8236  
  10  -5/2  2.8253   2.5417  0.1608E-01  0.6328E-02  0.9095E-02    10   2.9915  
  11  11/2  3.2577   2.8749  0.2114E-01  0.7352E-02  0.8833E-02    11   3.1238  
  12   3/2  3.8540   3.5082  0.2383E-01  0.6793E-02  0.8461E-02    12   3.1713  
  13  11/2  4.1609   3.9038  0.2656E-01  0.6804E-02  0.8248E-02    13   3.2099  
  14  -1/2  3.2480   3.0619  0.1898E-01  0.6200E-02  0.7696E-02    14   3.2399  
  15  15/2  3.6804   3.3440  0.2806E-01  0.8392E-02  0.7238E-02    15   3.3785  
  16   7/2  4.2767   4.2866  0.2750E-01  0.6415E-02  0.7147E-02    16   3.5300  
  17  -5/2  4.1910   4.0410  0.2488E-01  0.6157E-02  0.6897E-02    17   3.5441  
  18 -17/2  3.2781   2.9696  0.2701E-01  0.9096E-02  0.6275E-02    18   3.6202  
  19  -1/2  3.7105   3.5471  0.2260E-01  0.6371E-02  0.6119E-02    19   3.6769  
  20  -9/2  4.3068   4.1897  0.2841E-01  0.6781E-02  0.5952E-02    20   3.7720  
  21  -7/2  3.6163   3.3017  0.2094E-01  0.6342E-02  0.5596E-02    21   3.8493  
  22   5/2  2.7034   2.3727  0.1519E-01  0.6403E-02  0.5201E-02    22   3.8770  
  23 -11/2  3.1359   2.7300  0.2049E-01  0.7505E-02  0.4769E-02    23   3.9106  
  24  -3/2  3.7322   3.1232  0.2144E-01  0.6865E-02  0.4451E-02    24   3.9724  
  25  -3/2  3.7382   3.4374  0.2037E-01  0.5925E-02  0.4435E-02    25   4.0770  
  26   9/2  2.8253   2.4993  0.1707E-01  0.6831E-02  0.3994E-02    26   4.1030  
  27  -7/2  3.2577   2.9289  0.1949E-01  0.6654E-02  0.3898E-02    27   4.1560  
  28   1/2  3.8540   3.8347  0.2023E-01  0.5274E-02  0.3739E-02    28   4.2764  
  29   1/2  4.1609   3.9526  0.2332E-01  0.5900E-02  0.3311E-02    29   4.4050  
  30  13/2  3.2480   2.9721  0.2280E-01  0.7671E-02  0.2848E-02    30   4.4826  
  31  -3/2  3.6804   3.4452  0.2199E-01  0.6383E-02  0.2742E-02    31   4.5472  
  32   5/2  4.2767   4.3161  0.2677E-01  0.6203E-02  0.2486E-02    32   4.5476  
  33 -15/2  4.1910   3.9540  0.3111E-01  0.7869E-02  0.2382E-02    33   4.6990  
  34  -3/2  3.2781   3.1167  0.1974E-01  0.6332E-02  0.2034E-02    34   4.7950  
  35 -11/2  4.3068   4.1648  0.2973E-01  0.7138E-02  0.1704E-02    35   4.7981  
  36   1/2  3.7008   3.6342  0.2181E-01  0.6000E-02  0.1173E-02    36   5.0669  
                                                                                
 ENERGIES (LOWEST 6 OUT OF 36):  0.787  1.675  1.689  2.055  2.389  2.432       
 CUTOFF OF THE NORM EIGENVALUE:  0.6728E-05 ( 0.1173E-02 0.6728E-02 0.1786E-01) 
                                                                                
******* SPIN = 23/2 *******                                                     
                                                                                
 BAND KQP=   EQP=    HH/HN=    HH=         HN=       EIGEN NORM  STATE  ENERGY  
   1   5/2  1.7380   1.8776  0.1003E-01  0.5340E-02  0.1600E-01     1   1.0359  
   2  -7/2  0.8251   1.2328  0.6471E-02  0.5250E-02  0.1093E-01     2   1.9880  
   3   9/2  1.2576   1.7040  0.9492E-02  0.5570E-02  0.1072E-01     3   2.0948  
   4   1/2  1.8539   2.8791  0.7876E-02  0.2736E-02  0.1031E-01     4   2.4985  
   5   3/2  3.6163   3.3882  0.1803E-01  0.5322E-02  0.9807E-02     5   2.6084  
   6  -9/2  2.7034   2.4123  0.1465E-01  0.6072E-02  0.9068E-02     6   2.7578  
   7   7/2  3.1359   2.9126  0.1705E-01  0.5854E-02  0.9047E-02     7   2.8114  
   8  -1/2  3.7322   3.5109  0.2026E-01  0.5772E-02  0.8750E-02     8   2.8158  
   9   7/2  3.7382   3.4687  0.1928E-01  0.5558E-02  0.7844E-02     9   2.9854  
  10  -5/2  2.8253   2.6186  0.1457E-01  0.5565E-02  0.7384E-02    10   3.0916  
  11  11/2  3.2577   2.9443  0.1905E-01  0.6470E-02  0.7072E-02    11   3.2701  
  12   3/2  3.8540   4.2087  0.1915E-01  0.4549E-02  0.6872E-02    12   3.3488  
  13  11/2  4.1609   3.9357  0.2402E-01  0.6104E-02  0.6825E-02    13   3.3976  
  14  -1/2  3.2480   3.1337  0.1715E-01  0.5472E-02  0.6444E-02    14   3.5099  
  15  15/2  3.6804   3.3702  0.2532E-01  0.7514E-02  0.6338E-02    15   3.5249  
  16   7/2  4.2767   4.3524  0.2481E-01  0.5700E-02  0.6075E-02    16   3.6306  
  17  -5/2  4.1910   4.0939  0.2242E-01  0.5475E-02  0.5922E-02    17   3.6771  
  18 -17/2  3.2781   2.9923  0.2435E-01  0.8139E-02  0.5235E-02    18   3.7930  
  19  -1/2  3.7105   3.6452  0.2024E-01  0.5553E-02  0.5002E-02    19   3.9015  
  20  -9/2  4.3068   4.2555  0.2556E-01  0.6006E-02  0.4828E-02    20   3.9025  
  21  -7/2  3.6163   3.3735  0.1893E-01  0.5612E-02  0.4793E-02    21   4.0037  
  22   5/2  2.7034   2.4741  0.1381E-01  0.5582E-02  0.4726E-02    22   4.0474  
  23 -11/2  3.1359   2.8257  0.1849E-01  0.6542E-02  0.4492E-02    23   4.0647  
  24  -3/2  3.7322   3.8847  0.1778E-01  0.4577E-02  0.3971E-02    24   4.1279  
  25  -3/2  3.7382   3.4806  0.1840E-01  0.5286E-02  0.3942E-02    25   4.1758  
  26   9/2  2.8253   2.5713  0.1548E-01  0.6021E-02  0.3555E-02    26   4.2689  
  27  -7/2  3.2577   3.0096  0.1755E-01  0.5832E-02  0.3233E-02    27   4.3421  
  28   1/2  3.8540   3.8360  0.2224E-01  0.5798E-02  0.3088E-02    28   4.3845  
  29   1/2  4.1609   3.9970  0.2108E-01  0.5273E-02  0.2849E-02    29   4.4626  
  30  13/2  3.2480   3.0128  0.2063E-01  0.6847E-02  0.2698E-02    30   4.5251  
  31  -3/2  3.6804   3.5221  0.1976E-01  0.5611E-02  0.2124E-02    31   4.5838  
  32   5/2  4.2767   4.3461  0.2414E-01  0.5553E-02  0.1856E-02    32   4.6899  
  33 -15/2  4.1910   3.9894  0.2809E-01  0.7041E-02  0.1543E-02    33   4.7803  
  34  -3/2  3.2781   3.2046  0.1779E-01  0.5551E-02  0.1292E-02    34   4.8868  
  35 -11/2  4.3068   4.2256  0.2677E-01  0.6335E-02  0.1274E-02    35   5.0298  
  36   1/2  3.7008   3.7131  0.1950E-01  0.5252E-02  0.8302E-03    36   5.1576  
                                                                                
 ENERGIES (LOWEST 6 OUT OF 36):  1.036  1.988  2.095  2.499  2.608  2.758       
 CUTOFF OF THE NORM EIGENVALUE:  0.5743E-05 ( 0.8302E-03 0.5743E-02 0.1600E-01) 
                                                                                
******* SPIN = 25/2 *******                                                     
                                                                                
 BAND KQP=   EQP=    HH/HN=    HH=         HN=       EIGEN NORM  STATE  ENERGY  
   1   5/2  1.7380   2.1258  0.9007E-02  0.4237E-02  0.1406E-01     1   1.3089  
   2  -7/2  0.8251   1.5238  0.6158E-02  0.4041E-02  0.1070E-01     2   2.1359  
   3   9/2  1.2576   2.0191  0.8527E-02  0.4223E-02  0.1052E-01     3   2.1503  
   4   1/2  1.8539   2.1743  0.1207E-01  0.5551E-02  0.1011E-01     4   2.3049  
   5   3/2  3.6163   3.4738  0.1607E-01  0.4626E-02  0.9311E-02     5   2.5952  
   6  -9/2  2.7034   2.5302  0.1321E-01  0.5222E-02  0.8766E-02     6   2.7807  
   7   7/2  3.1359   3.0435  0.1521E-01  0.4997E-02  0.8545E-02     7   2.8560  
   8  -1/2  3.7322   3.5059  0.1510E-01  0.4306E-02  0.8030E-02     8   2.9607  
   9   7/2  3.7382   3.5397  0.1728E-01  0.4882E-02  0.7906E-02     9   3.1643  
  10  -5/2  2.8253   2.7139  0.1307E-01  0.4818E-02  0.7863E-02    10   3.2302  
  11  11/2  3.2577   3.0352  0.1699E-01  0.5599E-02  0.6828E-02    11   3.2451  
  12   3/2  3.8540   3.6014  0.1975E-01  0.5483E-02  0.6350E-02    12   3.4125  
  13  11/2  4.1609   3.9789  0.2151E-01  0.5406E-02  0.5893E-02    13   3.5299  
  14  -1/2  3.2480   3.2259  0.1532E-01  0.4750E-02  0.5422E-02    14   3.5983  
  15  15/2  3.6804   3.4269  0.2261E-01  0.6599E-02  0.5245E-02    15   3.6603  
  16   7/2  4.2767   4.4124  0.2212E-01  0.5013E-02  0.5143E-02    16   3.7603  
  17  -5/2  4.1910   4.1601  0.1998E-01  0.4803E-02  0.4965E-02    17   3.8509  
  18 -17/2  3.2781   3.0464  0.2178E-01  0.7150E-02  0.4514E-02    18   3.8891  
  19  -1/2  3.7105   3.7694  0.1791E-01  0.4751E-02  0.4261E-02    19   4.0030  
  20  -9/2  4.3068   4.3407  0.2274E-01  0.5238E-02  0.4037E-02    20   4.0383  
  21  -7/2  3.6163   3.4653  0.1696E-01  0.4893E-02  0.3740E-02    21   4.0469  
  22   5/2  2.7034   2.5967  0.1244E-01  0.4789E-02  0.3662E-02    22   4.2021  
  23 -11/2  3.1359   2.9461  0.1651E-01  0.5605E-02  0.3172E-02    23   4.2557  
  24  -3/2  3.7322   3.2558  0.1776E-01  0.5454E-02  0.2824E-02    24   4.3674  
  25  -3/2  3.7382   3.5483  0.1642E-01  0.4629E-02  0.2725E-02    25   4.3685  
  26   9/2  2.8253   2.6617  0.1391E-01  0.5226E-02  0.2527E-02    26   4.5113  
  27  -7/2  3.2577   3.1104  0.1564E-01  0.5028E-02  0.2462E-02    27   4.5799  
  28   1/2  3.8540   3.8542  0.1652E-01  0.4287E-02  0.2412E-02    28   4.6867  
  29   1/2  4.1609   4.0549  0.1885E-01  0.4649E-02  0.2134E-02    29   4.7528  
  30  13/2  3.2480   3.0773  0.1849E-01  0.6007E-02  0.1721E-02    30   4.8194  
  31  -3/2  3.6804   3.6222  0.1755E-01  0.4845E-02  0.1544E-02    31   4.9476  
  32   5/2  4.2767   4.4594  0.2150E-01  0.4821E-02  0.1520E-02    32   5.0352  
  33 -15/2  4.1910   4.0344  0.2510E-01  0.6221E-02  0.1423E-02    33   5.0944  
  34  -3/2  3.2781   3.3156  0.1586E-01  0.4783E-02  0.1154E-02    34   5.1468  
  35 -11/2  4.3068   4.3056  0.2384E-01  0.5537E-02  0.9480E-03    35   5.3339  
  36   1/2  3.7008   3.8047  0.1725E-01  0.4534E-02  0.5707E-03    36   5.5247  
                                                                                
 ENERGIES (LOWEST 6 OUT OF 36):  1.309  2.136  2.150  2.305  2.595  2.781       
 CUTOFF OF THE NORM EIGENVALUE:  0.5083E-05 ( 0.5707E-03 0.5083E-02 0.1406E-01) 
                                                                                
******* SPIN = 27/2 *******                                                     
                                                                                
 BAND KQP=   EQP=    HH/HN=    HH=         HN=       EIGEN NORM  STATE  ENERGY  
   1   5/2  1.7380   2.3529  0.7833E-02  0.3329E-02  0.1213E-01     1   1.5949  
   2  -7/2  0.8251   1.8358  0.5596E-02  0.3049E-02  0.1002E-01     2   2.2310  
   3   9/2  1.2576   2.3566  0.7389E-02  0.3135E-02  0.9389E-02     3   2.6169  
   4   1/2  1.8539   3.4905  0.5295E-02  0.1517E-02  0.8434E-02     4   2.7161  
   5   3/2  3.6163   3.5653  0.1421E-01  0.3987E-02  0.7595E-02     5   2.8912  
   6  -9/2  2.7034   2.6698  0.1179E-01  0.4416E-02  0.7267E-02     6   2.9868  
   7   7/2  3.1359   3.1982  0.1340E-01  0.4191E-02  0.6914E-02     7   3.1659  
   8  -1/2  3.7322   3.8809  0.1568E-01  0.4041E-02  0.6843E-02     8   3.3420  
   9   7/2  3.7382   3.6128  0.1532E-01  0.4240E-02  0.5810E-02     9   3.3767  
  10  -5/2  2.8253   2.8271  0.1161E-01  0.4105E-02  0.5352E-02    10   3.4059  
  11  11/2  3.2577   3.1480  0.1499E-01  0.4762E-02  0.5223E-02    11   3.6071  
  12   3/2  3.8540   4.5221  0.1443E-01  0.3190E-02  0.4805E-02    12   3.7202  
  13  11/2  4.1609   4.0354  0.1906E-01  0.4722E-02  0.4648E-02    13   3.8090  
  14  -1/2  3.2480   3.3392  0.1353E-01  0.4053E-02  0.4523E-02    14   3.8102  
  15  15/2  3.6804   3.5137  0.1996E-01  0.5680E-02  0.4306E-02    15   3.8401  
  16   7/2  4.2767   4.5250  0.1950E-01  0.4309E-02  0.4171E-02    16   3.9388  
  17  -5/2  4.1910   4.2429  0.1762E-01  0.4152E-02  0.4085E-02    17   4.0412  
  18 -17/2  3.2781   3.1319  0.1930E-01  0.6162E-02  0.3449E-02    18   4.0590  
  19  -1/2  3.7105   3.9199  0.1563E-01  0.3988E-02  0.3399E-02    19   4.1753  
  20  -9/2  4.3068   4.4459  0.1999E-01  0.4496E-02  0.3378E-02    20   4.2647  
  21  -7/2  3.6163   3.5597  0.1501E-01  0.4217E-02  0.3120E-02    21   4.4209  
  22   5/2  2.7034   2.7399  0.1107E-01  0.4042E-02  0.2998E-02    22   4.4448  
  23 -11/2  3.1359   3.0917  0.1458E-01  0.4716E-02  0.2797E-02    23   4.4670  
  24  -3/2  3.7322   4.2558  0.1344E-01  0.3158E-02  0.2792E-02    24   4.4861  
  25  -3/2  3.7382   3.6200  0.1455E-01  0.4020E-02  0.2500E-02    25   4.6262  
  26   9/2  2.8253   2.7709  0.1237E-01  0.4463E-02  0.2219E-02    26   4.7428  
  27  -7/2  3.2577   3.2319  0.1377E-01  0.4261E-02  0.1935E-02    27   4.7462  
  28   1/2  3.8540   4.1471  0.1711E-01  0.4126E-02  0.1854E-02    28   4.8197  
  29   1/2  4.1609   4.1262  0.1668E-01  0.4042E-02  0.1778E-02    29   4.9273  
  30  13/2  3.2480   3.1661  0.1639E-01  0.5177E-02  0.1642E-02    30   4.9498  
  31  -3/2  3.6804   3.7462  0.1538E-01  0.4106E-02  0.1112E-02    31   5.0303  
  32   5/2  4.2767   4.5081  0.1896E-01  0.4205E-02  0.1064E-02    32   5.0490  
  33 -15/2  4.1910   4.0932  0.2219E-01  0.5421E-02  0.8556E-03    33   5.2822  
  34  -3/2  3.2781   3.4505  0.1397E-01  0.4049E-02  0.6807E-03    34   5.3541  
  35 -11/2  4.3068   4.4064  0.2098E-01  0.4761E-02  0.6699E-03    35   5.5819  
  36   1/2  3.7008   3.9100  0.1509E-01  0.3859E-02  0.3904E-03    36   5.6331  
                                                                                
 ENERGIES (LOWEST 6 OUT OF 36):  1.595  2.231  2.617  2.716  2.891  2.987       
 CUTOFF OF THE NORM EIGENVALUE:  0.4171E-05 ( 0.3904E-03 0.4171E-02 0.1213E-01) 
                                                                                
******* SPIN = 29/2 *******                                                     
                                                                                
 BAND KQP=   EQP=    HH/HN=    HH=         HN=       EIGEN NORM  STATE  ENERGY  
   1   5/2  1.7380   2.6664  0.6738E-02  0.2527E-02  0.1028E-01     1   1.9028  
   2  -7/2  0.8251   2.1719  0.4894E-02  0.2253E-02  0.9363E-02     2   2.3369  
   3   9/2  1.2576   2.7159  0.6194E-02  0.2281E-02  0.8526E-02     3   2.6735  
   4   1/2  1.8539   2.7504  0.9171E-02  0.3335E-02  0.7792E-02     4   2.8427  
   5   3/2  3.6163   3.6796  0.1240E-01  0.3371E-02  0.7485E-02     5   2.9384  
   6  -9/2  2.7034   2.8321  0.1040E-01  0.3672E-02  0.7444E-02     6   3.0403  
   7   7/2  3.1359   3.3771  0.1165E-01  0.3451E-02  0.6261E-02     7   3.1506  
   8  -1/2  3.7322   3.6567  0.1195E-01  0.3268E-02  0.6171E-02     8   3.4094  
   9   7/2  3.7382   3.7139  0.1344E-01  0.3620E-02  0.5847E-02     9   3.4173  
  10  -5/2  2.8253   2.9603  0.1018E-01  0.3440E-02  0.5554E-02    10   3.5328  
  11  11/2  3.2577   3.2832  0.1306E-01  0.3978E-02  0.4828E-02    11   3.6322  
  12   3/2  3.8540   3.7739  0.1576E-01  0.4177E-02  0.4417E-02    12   3.8532  
  13  11/2  4.1609   4.1088  0.1670E-01  0.4064E-02  0.3845E-02    13   3.9292  
  14  -1/2  3.2480   3.4743  0.1180E-01  0.3397E-02  0.3754E-02    14   4.0152  
  15  15/2  3.6804   3.6300  0.1739E-01  0.4791E-02  0.3523E-02    15   4.0648  
  16   7/2  4.2767   4.6047  0.1697E-01  0.3685E-02  0.3333E-02    16   4.0917  
  17  -5/2  4.1910   4.3448  0.1536E-01  0.3534E-02  0.3215E-02    17   4.1625  
  18 -17/2  3.2781   3.2485  0.1692E-01  0.5207E-02  0.3102E-02    18   4.3060  
  19  -1/2  3.7105   4.0971  0.1345E-01  0.3283E-02  0.2768E-02    19   4.3766  
  20  -9/2  4.3068   4.5735  0.1736E-01  0.3795E-02  0.2661E-02    20   4.3840  
  21  -7/2  3.6163   3.6875  0.1316E-01  0.3570E-02  0.2327E-02    21   4.5177  
  22   5/2  2.7034   2.9059  0.9743E-02  0.3353E-02  0.2072E-02    22   4.6960  
  23 -11/2  3.1359   3.2626  0.1271E-01  0.3896E-02  0.1914E-02    23   4.7259  
  24  -3/2  3.7322   3.4787  0.1420E-01  0.4082E-02  0.1720E-02    24   4.7306  
  25  -3/2  3.7382   3.7119  0.1272E-01  0.3427E-02  0.1577E-02    25   4.9141  
  26   9/2  2.8253   2.9000  0.1087E-01  0.3749E-02  0.1488E-02    26   5.0423  
  27  -7/2  3.2577   3.3747  0.1197E-01  0.3548E-02  0.1464E-02    27   5.0740  
  28   1/2  3.8540   3.9546  0.1311E-01  0.3315E-02  0.1381E-02    28   5.0822  
  29   1/2  4.1609   4.2134  0.1459E-01  0.3462E-02  0.1227E-02    29   5.2695  
  30  13/2  3.2480   3.2796  0.1437E-01  0.4380E-02  0.1039E-02    30   5.3570  
  31  -3/2  3.6804   3.8944  0.1330E-01  0.3415E-02  0.8383E-03    31   5.4391  
  32   5/2  4.2767   4.6724  0.1645E-01  0.3521E-02  0.7972E-03    32   5.5649  
  33 -15/2  4.1910   4.1696  0.1940E-01  0.4654E-02  0.7623E-03    33   5.5736  
  34  -3/2  3.2781   3.6099  0.1215E-01  0.3365E-02  0.6225E-03    34   5.6419  
  35 -11/2  4.3068   4.5289  0.1824E-01  0.4027E-02  0.4746E-03    35   5.9974  
  36   1/2  3.7008   4.0300  0.1305E-01  0.3237E-02  0.2577E-03    36   6.0844  
                                                                                
 ENERGIES (LOWEST 6 OUT OF 36):  1.903  2.337  2.673  2.843  2.938  3.040       
 CUTOFF OF THE NORM EIGENVALUE:  0.3615E-05 ( 0.2577E-03 0.3615E-02 0.1028E-01) 
                                                                                
******* SPIN = 31/2 *******                                                     
                                                                                
 BAND KQP=   EQP=    HH/HN=    HH=         HN=       EIGEN NORM  STATE  ENERGY  
   1   5/2  1.7380   2.9293  0.5606E-02  0.1914E-02  0.8651E-02     1   2.2115  
   2  -7/2  0.8251   2.5260  0.4125E-02  0.1633E-02  0.8504E-02     2   2.4702  
   3   9/2  1.2576   3.0959  0.5033E-02  0.1626E-02  0.7556E-02     3   2.9995  
   4   1/2  1.8539   4.1763  0.3268E-02  0.7826E-03  0.6481E-02     4   3.1721  
   5   3/2  3.6163   3.8149  0.1074E-01  0.2815E-02  0.5891E-02     5   3.2565  
   6  -9/2  2.7034   3.0166  0.9049E-02  0.3000E-02  0.5318E-02     6   3.3766  
   7   7/2  3.1359   3.5801  0.9987E-02  0.2790E-02  0.4820E-02     7   3.6406  
   8  -1/2  3.7322   4.3315  0.1139E-01  0.2629E-02  0.4410E-02     8   3.7486  
   9   7/2  3.7382   3.8112  0.1165E-01  0.3058E-02  0.3916E-02     9   3.8717  
  10  -5/2  2.8253   3.1127  0.8825E-02  0.2835E-02  0.3695E-02    10   3.9609  
  11  11/2  3.2577   3.4408  0.1123E-01  0.3263E-02  0.3569E-02    11   4.1109  
  12   3/2  3.8540   4.9005  0.1026E-01  0.2093E-02  0.3096E-02    12   4.1399  
  13  11/2  4.1609   4.1997  0.1446E-01  0.3444E-02  0.3021E-02    13   4.1495  
  14  -1/2  3.2480   3.6316  0.1015E-01  0.2796E-02  0.2882E-02    14   4.2467  
  15  15/2  3.6804   3.7752  0.1494E-01  0.3957E-02  0.2831E-02    15   4.3219  
  16   7/2  4.2767   4.7782  0.1457E-01  0.3050E-02  0.2632E-02    16   4.3437  
  17  -5/2  4.1910   4.4681  0.1322E-01  0.2959E-02  0.2456E-02    17   4.4181  
  18 -17/2  3.2781   3.3957  0.1465E-01  0.4313E-02  0.2223E-02    18   4.5556  
  19  -1/2  3.7105   4.3008  0.1140E-01  0.2650E-02  0.2180E-02    19   4.6373  
  20  -9/2  4.3068   4.7224  0.1487E-01  0.3149E-02  0.2048E-02    20   4.7710  
  21  -7/2  3.6163   3.8101  0.1139E-01  0.2990E-02  0.1928E-02    21   4.8692  
  22   5/2  2.7034   3.0935  0.8457E-02  0.2734E-02  0.1773E-02    22   4.9173  
  23 -11/2  3.1359   3.4588  0.1093E-01  0.3159E-02  0.1764E-02    23   4.9758  
  24  -3/2  3.7322   4.7010  0.9563E-02  0.2034E-02  0.1526E-02    24   5.0273  
  25  -3/2  3.7382   3.8200  0.1103E-01  0.2889E-02  0.1433E-02    25   5.1652  
  26   9/2  2.8253   3.0489  0.9440E-02  0.3096E-02  0.1306E-02    26   5.2090  
  27  -7/2  3.2577   3.5391  0.1027E-01  0.2901E-02  0.1099E-02    27   5.3118  
  28   1/2  3.8540   4.5292  0.1239E-01  0.2735E-02  0.1033E-02    28   5.3763  
  29   1/2  4.1609   4.3200  0.1260E-01  0.2918E-02  0.1002E-02    29   5.4254  
  30  13/2  3.2480   3.4179  0.1243E-01  0.3637E-02  0.8964E-03    30   5.5120  
  31  -3/2  3.6804   4.0669  0.1133E-01  0.2785E-02  0.5744E-03    31   5.5653  
  32   5/2  4.2767   4.7472  0.1417E-01  0.2985E-02  0.5284E-03    32   5.6750  
  33 -15/2  4.1910   4.2669  0.1678E-01  0.3931E-02  0.4486E-03    33   5.8386  
  34  -3/2  3.2781   3.7941  0.1041E-01  0.2745E-02  0.3284E-03    34   5.9626  
  35 -11/2  4.3068   4.6747  0.1564E-01  0.3347E-02  0.3249E-03    35   6.0999  
  36   1/2  3.7008   4.1656  0.1114E-01  0.2675E-02  0.1707E-03    36   6.3576  
                                                                                
 ENERGIES (LOWEST 6 OUT OF 36):  2.212  2.470  2.999  3.172  3.257  3.377       
 CUTOFF OF THE NORM EIGENVALUE:  0.2842E-05 ( 0.1707E-03 0.2842E-02 0.8651E-02) 
                                                                                
******* SPIN = 33/2 *******                                                     
                                                                                
 BAND KQP=   EQP=    HH/HN=    HH=         HN=       EIGEN NORM  STATE  ENERGY  
   1   5/2  1.7380   3.3091  0.4594E-02  0.1388E-02  0.7690E-02     1   2.5214  
   2  -7/2  0.8251   2.9054  0.3370E-02  0.1160E-02  0.7059E-02     2   2.6483  
   3   9/2  1.2576   3.4964  0.3971E-02  0.1136E-02  0.6510E-02     3   3.1781  
   4   1/2  1.8539   3.4171  0.6308E-02  0.1846E-02  0.5920E-02     4   3.2653  
   5   3/2  3.6163   3.9643  0.9157E-02  0.2310E-02  0.5464E-02     5   3.3846  
   6  -9/2  2.7034   3.2251  0.7762E-02  0.2407E-02  0.5319E-02     6   3.4963  
   7   7/2  3.1359   3.8074  0.8425E-02  0.2213E-02  0.4424E-02     7   3.6880  
   8  -1/2  3.7322   3.9180  0.9132E-02  0.2331E-02  0.4356E-02     8   3.6968  
   9   7/2  3.7382   3.9510  0.9993E-02  0.2529E-02  0.3874E-02     9   3.9031  
  10  -5/2  2.8253   3.2859  0.7544E-02  0.2296E-02  0.3436E-02    10   3.9950  
  11  11/2  3.2577   3.6212  0.9515E-02  0.2628E-02  0.3095E-02    11   4.1742  
  12   3/2  3.8540   4.0330  0.1203E-01  0.2984E-02  0.2822E-02    12   4.3732  
  13  11/2  4.1609   4.3133  0.1238E-01  0.2869E-02  0.2401E-02    13   4.3981  
  14  -1/2  3.2480   3.8116  0.8610E-02  0.2259E-02  0.2341E-02    14   4.4023  
  15  15/2  3.6804   3.9486  0.1264E-01  0.3201E-02  0.2236E-02    15   4.5463  
  16   7/2  4.2767   4.8699  0.1236E-01  0.2538E-02  0.2018E-02    16   4.5978  
  17  -5/2  4.1910   4.6147  0.1124E-01  0.2435E-02  0.1980E-02    17   4.6999  
  18 -17/2  3.2781   3.5730  0.1251E-01  0.3500E-02  0.1839E-02    18   4.8251  
  19  -1/2  3.7105   4.5310  0.9494E-02  0.2095E-02  0.1733E-02    19   4.8462  
  20  -9/2  4.3068   4.8967  0.1257E-01  0.2567E-02  0.1542E-02    20   4.9474  
  21  -7/2  3.6163   3.9846  0.9756E-02  0.2448E-02  0.1304E-02    21   5.0803  
  22   5/2  2.7034   3.3045  0.7234E-02  0.2189E-02  0.1100E-02    22   5.1735  
  23 -11/2  3.1359   3.6803  0.9247E-02  0.2513E-02  0.1035E-02    23   5.3068  
  24  -3/2  3.7322   3.8001  0.1087E-01  0.2860E-02  0.9753E-03    24   5.3647  
  25  -3/2  3.7382   3.9413  0.9428E-02  0.2392E-02  0.8950E-03    25   5.4963  
  26   9/2  2.8253   3.2189  0.8087E-02  0.2512E-02  0.8109E-03    26   5.5505  
  27  -7/2  3.2577   3.7255  0.8678E-02  0.2329E-02  0.7919E-03    27   5.6462  
  28   1/2  3.8540   4.1534  0.1003E-01  0.2414E-02  0.7091E-03    28   5.6973  
  29   1/2  4.1609   4.4449  0.1075E-01  0.2419E-02  0.6392E-03    29   5.9482  
  30  13/2  3.2480   3.5810  0.1061E-01  0.2962E-02  0.5883E-03    30   5.9968  
  31  -3/2  3.6804   4.2638  0.9495E-02  0.2227E-02  0.4266E-03    31   6.0433  
  32   5/2  4.2767   4.9605  0.1194E-01  0.2407E-02  0.4068E-03    32   6.0821  
  33 -15/2  4.1910   4.3881  0.1433E-01  0.3265E-02  0.3529E-03    33   6.1750  
  34  -3/2  3.2781   4.0034  0.8793E-02  0.2196E-02  0.3156E-03    34   6.3357  
  35 -11/2  4.3068   4.8434  0.1324E-01  0.2733E-02  0.2172E-03    35   6.7381  
  36   1/2  3.7008   4.3181  0.9396E-02  0.2176E-02  0.1081E-03    36   6.7644  
                                                                                
 ENERGIES (LOWEST 6 OUT OF 36):  2.521  2.648  3.178  3.265  3.385  3.496       
 CUTOFF OF THE NORM EIGENVALUE:  0.2409E-05 ( 0.1081E-03 0.2409E-02 0.7690E-02) 
                                                                                
******* SPIN = 35/2 *******                                                     
                                                                                
 BAND KQP=   EQP=    HH/HN=    HH=         HN=       EIGEN NORM  STATE  ENERGY  
   1   5/2  1.7380   3.6018  0.3656E-02  0.1015E-02  0.6731E-02     1   2.7578  
   2  -7/2  0.8251   3.2985  0.2667E-02  0.8086E-03  0.5798E-02     2   2.9183  
   3   9/2  1.2576   3.9159  0.3047E-02  0.7782E-03  0.5421E-02     3   3.3827  
   4   1/2  1.8539   4.9348  0.1856E-02  0.3761E-03  0.4478E-02     4   3.6238  
   5   3/2  3.6163   4.1489  0.7735E-02  0.1864E-02  0.4208E-02     5   3.7407  
   6  -9/2  2.7034   3.4555  0.6554E-02  0.1897E-02  0.3602E-02     6   4.0108  
   7   7/2  3.1359   4.0588  0.6990E-02  0.1722E-02  0.3042E-02     7   4.1770  
   8  -1/2  3.7322   4.8609  0.7731E-02  0.1591E-02  0.2638E-02     8   4.2672  
   9   7/2  3.7382   4.0759  0.8455E-02  0.2074E-02  0.2425E-02     9   4.4554  
  10  -5/2  2.8253   3.4793  0.6356E-02  0.1827E-02  0.2391E-02    10   4.4618  
  11  11/2  3.2577   3.8245  0.7940E-02  0.2076E-02  0.2186E-02    11   4.5914  
  12   3/2  3.8540   5.3449  0.6863E-02  0.1284E-02  0.1923E-02    12   4.6334  
  13  11/2  4.1609   4.4459  0.1045E-01  0.2351E-02  0.1784E-02    13   4.6721  
  14  -1/2  3.2480   4.0144  0.7189E-02  0.1791E-02  0.1726E-02    14   4.8400  
  15  15/2  3.6804   4.1496  0.1052E-01  0.2535E-02  0.1719E-02    15   4.8659  
  16   7/2  4.2767   5.1202  0.1030E-01  0.2013E-02  0.1518E-02    16   4.8963  
  17  -5/2  4.1910   4.7860  0.9423E-02  0.1969E-02  0.1366E-02    17   4.9998  
  18 -17/2  3.2781   3.7797  0.1052E-01  0.2783E-02  0.1305E-02    18   5.1240  
  19  -1/2  3.7105   4.7874  0.7773E-02  0.1624E-02  0.1265E-02    19   5.2920  
  20  -9/2  4.3068   5.0919  0.1046E-01  0.2055E-02  0.1167E-02    20   5.3527  
  21  -7/2  3.6163   4.1390  0.8233E-02  0.1989E-02  0.1138E-02    21   5.3884  
  22   5/2  2.7034   3.5379  0.6092E-02  0.1722E-02  0.9826E-03    22   5.4347  
  23 -11/2  3.1359   3.9268  0.7698E-02  0.1960E-02  0.9493E-03    23   5.6253  
  24  -3/2  3.7322   5.2204  0.6384E-02  0.1223E-02  0.7918E-03    24   5.6801  
  25  -3/2  3.7382   4.0912  0.7981E-02  0.1951E-02  0.7319E-03    25   5.7164  
  26   9/2  2.8253   3.4089  0.6828E-02  0.2003E-02  0.7114E-03    26   5.8897  
  27  -7/2  3.2577   3.9341  0.7220E-02  0.1835E-02  0.5875E-03    27   5.9675  
  28   1/2  3.8540   4.9818  0.8409E-02  0.1688E-02  0.5580E-03    28   6.0316  
  29   1/2  4.1609   4.5930  0.9053E-02  0.1971E-02  0.4940E-03    29   6.0470  
  30  13/2  3.2480   3.7689  0.8914E-02  0.2365E-02  0.4451E-03    30   6.1157  
  31  -3/2  3.6804   4.4850  0.7828E-02  0.1745E-02  0.2827E-03    31   6.2675  
  32   5/2  4.2767   5.0731  0.1003E-01  0.1977E-02  0.2355E-03    32   6.4372  
  33 -15/2  4.1910   4.5350  0.1208E-01  0.2663E-02  0.2197E-03    33   6.5022  
  34  -3/2  3.2781   4.2377  0.7305E-02  0.1724E-02  0.1499E-03    34   6.6937  
  35 -11/2  4.3068   5.0376  0.1104E-01  0.2191E-02  0.1426E-03    35   6.7160  
  36   1/2  3.7008   4.4883  0.7819E-02  0.1742E-02  0.6946E-04    36   7.1824  
                                                                                
 ENERGIES (LOWEST 6 OUT OF 36):  2.758  2.918  3.383  3.624  3.741  4.011       
 CUTOFF OF THE NORM EIGENVALUE:  0.1811E-05 ( 0.6946E-04 0.1811E-02 0.6731E-02) 
                                                                                
******* SPIN = 37/2 *******                                                     
                                                                                
 BAND KQP=   EQP=    HH/HN=    HH=         HN=       EIGEN NORM  STATE  ENERGY  
   1   5/2  1.7380   4.0473  0.2847E-02  0.7034E-03  0.5759E-02     1   2.9696  
   2  -7/2  0.8251   3.7193  0.2054E-02  0.5523E-03  0.4727E-02     2   3.2580  
   3   9/2  1.2576   4.3548  0.2277E-02  0.5229E-03  0.4362E-02     3   3.6183  
   4   1/2  1.8539   4.1689  0.3934E-02  0.9436E-03  0.4318E-02     4   3.8571  
   5   3/2  3.6163   4.3396  0.6428E-02  0.1481E-02  0.3564E-02     5   3.8944  
   6  -9/2  2.7034   3.7109  0.5442E-02  0.1467E-02  0.3454E-02     6   4.0140  
   7   7/2  3.1359   4.3343  0.5697E-02  0.1314E-02  0.2868E-02     7   4.1177  
   8  -1/2  3.7322   4.2944  0.6657E-02  0.1550E-02  0.2759E-02     8   4.3696  
   9   7/2  3.7382   4.2627  0.7061E-02  0.1657E-02  0.2330E-02     9   4.4804  
  10  -5/2  2.8253   3.6942  0.5273E-02  0.1427E-02  0.1987E-02    10   4.5783  
  11  11/2  3.2577   4.0509  0.6518E-02  0.1609E-02  0.1799E-02    11   4.8159  
  12   3/2  3.8540   4.3820  0.8719E-02  0.1990E-02  0.1656E-02    12   4.8504  
  13  11/2  4.1609   4.6075  0.8710E-02  0.1890E-02  0.1420E-02    13   4.9219  
  14  -1/2  3.2480   4.2401  0.5904E-02  0.1392E-02  0.1348E-02    14   4.9837  
  15  15/2  3.6804   4.3777  0.8607E-02  0.1966E-02  0.1297E-02    15   5.2145  
  16   7/2  4.2767   5.2132  0.8508E-02  0.1632E-02  0.1169E-02    16   5.2513  
  17  -5/2  4.1910   4.9832  0.7786E-02  0.1562E-02  0.1113E-02    17   5.3239  
  18 -17/2  3.2781   4.0152  0.8700E-02  0.2167E-02  0.1004E-02    18   5.4102  
  19  -1/2  3.7105   5.0698  0.6249E-02  0.1233E-02  0.9435E-03    19   5.4588  
  20  -9/2  4.3068   5.3155  0.8581E-02  0.1614E-02  0.8203E-03    20   5.6585  
  21  -7/2  3.6163   4.3691  0.6861E-02  0.1570E-02  0.6730E-03    21   5.7044  
  22   5/2  2.7034   3.7946  0.5044E-02  0.1329E-02  0.5558E-03    22   5.7618  
  23 -11/2  3.1359   4.1982  0.6296E-02  0.1500E-02  0.5106E-03    23   6.0016  
  24  -3/2  3.7322   4.2221  0.7881E-02  0.1867E-02  0.4980E-03    24   6.0369  
  25  -3/2  3.7382   4.2477  0.6652E-02  0.1566E-02  0.4812E-03    25   6.1014  
  26   9/2  2.8253   3.6216  0.5678E-02  0.1568E-02  0.4168E-03    26   6.2906  
  27  -7/2  3.2577   4.1653  0.5910E-02  0.1419E-02  0.3843E-03    27   6.3477  
  28   1/2  3.8540   4.4563  0.7316E-02  0.1642E-02  0.3367E-03    28   6.4384  
  29   1/2  4.1609   4.7625  0.7515E-02  0.1578E-02  0.3109E-03    29   6.6253  
  30  13/2  3.2480   3.9818  0.7373E-02  0.1852E-02  0.3035E-03    30   6.6779  
  31  -3/2  3.6804   4.7306  0.6342E-02  0.1341E-02  0.2015E-03    31   6.7092  
  32   5/2  4.2767   5.3268  0.8179E-02  0.1536E-02  0.1924E-03    32   6.8374  
  33 -15/2  4.1910   4.7095  0.1004E-01  0.2132E-02  0.1508E-03    33   6.9034  
  34  -3/2  3.2781   4.4971  0.5965E-02  0.1326E-02  0.1488E-03    34   7.1620  
  35 -11/2  4.3068   5.2544  0.9061E-02  0.1724E-02  0.9182E-04    35   7.4808  
  36   1/2  3.7008   4.6775  0.6417E-02  0.1372E-02  0.4220E-04    36   7.6202  
                                                                                
 ENERGIES (LOWEST 6 OUT OF 36):  2.970  3.258  3.618  3.857  3.894  4.014       
 CUTOFF OF THE NORM EIGENVALUE:  0.1500E-05 ( 0.4220E-04 0.1500E-02 0.5759E-02) 
                                                                                
******* SPIN = 39/2 *******                                                     
                                                                                
 BAND KQP=   EQP=    HH/HN=    HH=         HN=       EIGEN NORM  STATE  ENERGY  
   1   5/2  1.7380   4.3634  0.2170E-02  0.4974E-03  0.4816E-02     1   3.1974  
   2  -7/2  0.8251   4.1477  0.1538E-02  0.3708E-03  0.3800E-02     2   3.5949  
   3   9/2  1.2576   4.8106  0.1659E-02  0.3448E-03  0.3427E-02     3   3.8805  
   4   1/2  1.8539   5.7636  0.9716E-03  0.1686E-03  0.2761E-02     4   4.1925  
   5   3/2  3.6163   4.5751  0.5273E-02  0.1152E-02  0.2759E-02     5   4.3106  
   6  -9/2  2.7034   3.9873  0.4439E-02  0.1113E-02  0.2234E-02     6   4.7130  
   7   7/2  3.1359   4.6336  0.4559E-02  0.9839E-03  0.1746E-02     7   4.7922  
   8  -1/2  3.7322   5.4683  0.4891E-02  0.8944E-03  0.1477E-02     8   4.9093  
   9   7/2  3.7382   4.4173  0.5819E-02  0.1317E-02  0.1470E-02     9   4.9167  
  10  -5/2  2.8253   3.9305  0.4305E-02  0.1095E-02  0.1333E-02    10   5.1381  
  11  11/2  3.2577   4.3005  0.5260E-02  0.1223E-02  0.1230E-02    11   5.1487  
  12   3/2  3.8540   5.8570  0.4309E-02  0.7356E-03  0.1107E-02    12   5.2357  
  13  11/2  4.1609   4.7857  0.7149E-02  0.1494E-02  0.1002E-02    13   5.3032  
  14  -1/2  3.2480   4.4890  0.4767E-02  0.1062E-02  0.9593E-03    14   5.4831  
  15  15/2  3.6804   4.6323  0.6914E-02  0.1493E-02  0.9488E-03    15   5.5496  
  16   7/2  4.2767   5.5569  0.6854E-02  0.1233E-02  0.8083E-03    16   5.6272  
  17  -5/2  4.1910   5.2069  0.6334E-02  0.1217E-02  0.7199E-03    17   5.6693  
  18 -17/2  3.2781   4.2791  0.7070E-02  0.1652E-02  0.6789E-03    18   5.8303  
  19  -1/2  3.7105   5.3778  0.4929E-02  0.9166E-03  0.6648E-03    19   5.9228  
  20  -9/2  4.3068   5.5585  0.6923E-02  0.1246E-02  0.6604E-03    20   6.0253  
  21  -7/2  3.6163   4.5562  0.5632E-02  0.1236E-02  0.5800E-03    21   6.0558  
  22   5/2  2.7034   4.0743  0.4105E-02  0.1007E-02  0.4970E-03    22   6.1141  
  23 -11/2  3.1359   4.4940  0.5056E-02  0.1125E-02  0.4720E-03    23   6.3029  
  24  -3/2  3.7322   5.8145  0.3986E-02  0.6855E-03  0.3867E-03    24   6.3679  
  25  -3/2  3.7382   4.4425  0.5476E-02  0.1233E-02  0.3575E-03    25   6.4802  
  26   9/2  2.8253   3.8542  0.4644E-02  0.1205E-02  0.3376E-03    26   6.6770  
  27  -7/2  3.2577   4.4193  0.4756E-02  0.1076E-02  0.2898E-03    27   6.7203  
  28   1/2  3.8540   5.5057  0.5340E-02  0.9698E-03  0.2798E-03    28   6.7411  
  29   1/2  4.1609   4.9562  0.6144E-02  0.1240E-02  0.2265E-03    29   6.8305  
  30  13/2  3.2480   4.2189  0.5996E-02  0.1421E-02  0.2014E-03    30   6.8435  
  31  -3/2  3.6804   5.0002  0.5046E-02  0.1009E-02  0.1288E-03    31   7.0751  
  32   5/2  4.2767   5.4928  0.6688E-02  0.1218E-02  0.1004E-03    32   7.2328  
  33 -15/2  4.1910   4.9121  0.8226E-02  0.1675E-02  0.9678E-04    33   7.3394  
  34  -3/2  3.2781   4.7815  0.4784E-02  0.1001E-02  0.6382E-04    34   7.4311  
  35 -11/2  4.3068   5.4993  0.7322E-02  0.1331E-02  0.5782E-04    35   7.5461  
  36   1/2  3.7008   4.8870  0.5191E-02  0.1062E-02  0.2636E-04    36   8.0972  
                                                                                
 ENERGIES (LOWEST 6 OUT OF 36):  3.197  3.595  3.880  4.192  4.311  4.713       
 CUTOFF OF THE NORM EIGENVALUE:  0.1075E-05 ( 0.2636E-04 0.1075E-02 0.4816E-02) 
                                                                                
******* SPIN = 41/2 *******                                                     
                                                                                
 BAND KQP=   EQP=    HH/HN=    HH=         HN=       EIGEN NORM  STATE  ENERGY  
   1   5/2  1.7380   4.8733  0.1604E-02  0.3292E-03  0.3933E-02     1   3.4480  
   2  -7/2  0.8251   4.6078  0.1123E-02  0.2438E-03  0.2986E-02     2   3.9604  
   3   9/2  1.2576   5.2848  0.1179E-02  0.2231E-03  0.2900E-02     3   4.1756  
   4   1/2  1.8539   4.9998  0.2233E-02  0.4465E-03  0.2634E-02     4   4.3908  
   5   3/2  3.6163   4.8127  0.4258E-02  0.8847E-03  0.2091E-02     5   4.5170  
   6  -9/2  2.7034   4.2901  0.3556E-02  0.8289E-03  0.2078E-02     6   4.6420  
   7   7/2  3.1359   4.9568  0.3580E-02  0.7222E-03  0.1700E-02     7   4.7250  
   8  -1/2  3.7322   4.7837  0.4577E-02  0.9567E-03  0.1587E-02     8   5.1145  
   9   7/2  3.7382   4.6586  0.4717E-02  0.1013E-02  0.1277E-02     9   5.1463  
  10  -5/2  2.8253   4.1886  0.3454E-02  0.8247E-03  0.1066E-02    10   5.2706  
  11  11/2  3.2577   4.5738  0.4170E-02  0.9118E-03  0.9599E-03    11   5.4381  
  12   3/2  3.8540   4.8226  0.5951E-02  0.1234E-02  0.8926E-03    12   5.5276  
  13  11/2  4.1609   5.0010  0.5782E-02  0.1156E-02  0.7763E-03    13   5.5845  
  14  -1/2  3.2480   4.7608  0.3781E-02  0.7942E-03  0.7314E-03    14   5.6693  
  15  15/2  3.6804   4.9130  0.5450E-02  0.1109E-02  0.6796E-03    15   5.9478  
  16   7/2  4.2767   5.6382  0.5512E-02  0.9776E-03  0.6376E-03    16   6.0317  
  17  -5/2  4.1910   5.4575  0.5070E-02  0.9290E-03  0.5742E-03    17   6.0641  
  18 -17/2  3.2781   4.5707  0.5639E-02  0.1234E-02  0.5024E-03    18   6.0790  
  19  -1/2  3.7105   5.7111  0.3813E-02  0.6677E-03  0.4583E-03    19   6.2244  
  20  -9/2  4.3068   5.8328  0.5494E-02  0.9420E-03  0.3992E-03    20   6.3156  
  21  -7/2  3.6163   4.8490  0.4548E-02  0.9378E-03  0.3219E-03    21   6.4701  
  22   5/2  2.7034   4.3766  0.3279E-02  0.7491E-03  0.2619E-03    22   6.5427  
  23 -11/2  3.1359   4.8142  0.3983E-02  0.8273E-03  0.2455E-03    23   6.7062  
  24  -3/2  3.7322   4.7440  0.5368E-02  0.1131E-02  0.2415E-03    24   6.7838  
  25  -3/2  3.7382   4.6400  0.4441E-02  0.9571E-03  0.2201E-03    25   6.9091  
  26   9/2  2.8253   4.1112  0.3736E-02  0.9087E-03  0.1971E-03    26   7.1163  
  27  -7/2  3.2577   4.6964  0.3759E-02  0.8004E-03  0.1725E-03    27   7.1412  
  28   1/2  3.8540   4.8633  0.5047E-02  0.1038E-02  0.1530E-03    28   7.3217  
  29   1/2  4.1609   5.1744  0.4947E-02  0.9560E-03  0.1494E-03    29   7.3296  
  30  13/2  3.2480   4.4811  0.4790E-02  0.1069E-02  0.1316E-03    30   7.3710  
  31  -3/2  3.6804   5.2937  0.3940E-02  0.7444E-03  0.8852E-04    31   7.5723  
  32   5/2  4.2767   5.7732  0.5268E-02  0.9125E-03  0.8405E-04    32   7.6726  
  33 -15/2  4.1910   5.1442  0.6632E-02  0.1289E-02  0.6552E-04    33   7.7816  
  34  -3/2  3.2781   5.0907  0.3766E-02  0.7398E-03  0.5939E-04    34   8.1115  
  35 -11/2  4.3068   5.7643  0.5817E-02  0.1009E-02  0.3599E-04    35   8.3078  
  36   1/2  3.7008   5.1174  0.4136E-02  0.8083E-03  0.1535E-04    36   8.5584  
                                                                                
 ENERGIES (LOWEST 6 OUT OF 36):  3.448  3.960  4.176  4.391  4.517  4.642       
 CUTOFF OF THE NORM EIGENVALUE:  0.8696E-06 ( 0.1535E-04 0.8696E-03 0.3933E-02) 
                                                                                
******* SPIN = 43/2 *******                                                     
                                                                                
 BAND KQP=   EQP=    HH/HN=    HH=         HN=       EIGEN NORM  STATE  ENERGY  
   1   5/2  1.7380   5.2068  0.1175E-02  0.2256E-03  0.3140E-02     1   3.7210  
   2  -7/2  0.8251   5.0678  0.7996E-03  0.1578E-03  0.2297E-02     2   4.3162  
   3   9/2  1.2576   5.7737  0.8185E-03  0.1418E-03  0.1987E-02     3   4.4942  
   4   1/2  1.8539   6.6596  0.4701E-03  0.7060E-04  0.1660E-02     4   4.8621  
   5   3/2  3.6163   5.0973  0.3379E-02  0.6629E-03  0.1531E-02     5   4.9944  
   6  -9/2  2.7034   4.6117  0.2794E-02  0.6059E-03  0.1267E-02     6   5.4678  
   7   7/2  3.1359   5.3034  0.2756E-02  0.5197E-03  0.9141E-03     7   5.4855  
   8  -1/2  3.7322   6.1536  0.2878E-02  0.4677E-03  0.8320E-03     8   5.4936  
   9   7/2  3.7382   4.8435  0.3778E-02  0.7800E-03  0.7580E-03     9   5.6478  
  10  -5/2  2.8253   4.4694  0.2724E-02  0.6094E-03  0.6851E-03    10   5.7584  
  11  11/2  3.2577   4.8706  0.3246E-02  0.6664E-03  0.6362E-03    11   5.8885  
  12   3/2  3.8540   6.4398  0.2533E-02  0.3933E-03  0.5906E-03    12   5.9573  
  13  11/2  4.1609   5.2255  0.4597E-02  0.8798E-03  0.5238E-03    13   6.0306  
  14  -1/2  3.2480   5.0558  0.2944E-02  0.5823E-03  0.4982E-03    14   6.2096  
  15  15/2  3.6804   5.2192  0.4213E-02  0.8072E-03  0.4756E-03    15   6.3263  
  16   7/2  4.2767   6.0919  0.4267E-02  0.7005E-03  0.4016E-03    16   6.4368  
  17  -5/2  4.1910   5.7352  0.3989E-02  0.6955E-03  0.3503E-03    17   6.4767  
  18 -17/2  3.2781   4.8894  0.4410E-02  0.9020E-03  0.3414E-03    18   6.5809  
  19  -1/2  3.7105   6.0693  0.2891E-02  0.4764E-03  0.3346E-03    19   6.6511  
  20  -9/2  4.3068   6.1239  0.4285E-02  0.6998E-03  0.3094E-03    20   6.7026  
  21  -7/2  3.6163   5.0676  0.3622E-02  0.7148E-03  0.2704E-03    21   6.9166  
  22   5/2  2.7034   4.7027  0.2570E-02  0.5466E-03  0.2318E-03    22   6.9319  
  23 -11/2  3.1359   5.1583  0.3077E-02  0.5965E-03  0.2175E-03    23   7.0260  
  24  -3/2  3.7322   6.4842  0.2323E-02  0.3582E-03  0.1755E-03    24   7.1920  
  25  -3/2  3.7382   4.8806  0.3543E-02  0.7260E-03  0.1651E-03    25   7.3230  
  26   9/2  2.8253   4.3874  0.2952E-02  0.6728E-03  0.1439E-03    26   7.5466  
  27  -7/2  3.2577   4.9968  0.2917E-02  0.5838E-03  0.1315E-03    27   7.5476  
  28   1/2  3.8540   6.1032  0.3166E-02  0.5187E-03  0.1302E-03    28   7.5772  
  29   1/2  4.1609   5.4161  0.3917E-02  0.7232E-03  0.9696E-04    29   7.6500  
  30  13/2  3.2480   4.7668  0.3756E-02  0.7879E-03  0.8331E-04    30   7.7631  
  31  -3/2  3.6804   5.6110  0.3018E-02  0.5380E-03  0.5426E-04    31   7.9834  
  32   5/2  4.2767   6.0108  0.4179E-02  0.6952E-03  0.4239E-04    32   8.1054  
  33 -15/2  4.1910   5.4047  0.5257E-02  0.9728E-03  0.3705E-04    33   8.2487  
  34  -3/2  3.2781   5.4244  0.2908E-02  0.5361E-03  0.2536E-04    34   8.2951  
  35 -11/2  4.3068   6.0616  0.4544E-02  0.7497E-03  0.2174E-04    35   8.5125  
  36   1/2  3.7008   5.3701  0.3245E-02  0.6042E-03  0.9341E-05    36   9.0962  
                                                                                
 ENERGIES (LOWEST 6 OUT OF 36):  3.721  4.316  4.494  4.862  4.994  5.468       
 CUTOFF OF THE NORM EIGENVALUE:  0.5936E-06 ( 0.9341E-05 0.5936E-03 0.3140E-02) 
                                                                                
******* SPIN = 45/2 *******                                                     
                                                                                
 BAND KQP=   EQP=    HH/HN=    HH=         HN=       EIGEN NORM  STATE  ENERGY  
   1   5/2  1.7380   5.7793  0.8242E-03  0.1426E-03  0.2445E-02     1   4.0223  
   2  -7/2  0.8251   5.5655  0.5562E-03  0.9994E-04  0.1790E-02     2   4.7090  
   3   9/2  1.2576   6.2807  0.5555E-03  0.8844E-04  0.1725E-02     3   4.8476  
   4   1/2  1.8539   5.9041  0.1157E-02  0.1960E-03  0.1462E-02     4   4.9518  
   5   3/2  3.6163   5.3870  0.2643E-02  0.4906E-03  0.1168E-02     5   5.2282  
   6  -9/2  2.7034   4.9622  0.2153E-02  0.4340E-03  0.1098E-02     6   5.3869  
   7   7/2  3.1359   5.6733  0.2080E-02  0.3667E-03  0.9211E-03     7   5.4396  
   8  -1/2  3.7322   5.3808  0.2940E-02  0.5465E-03  0.8383E-03     8   5.9014  
   9   7/2  3.7382   5.1466  0.2961E-02  0.5753E-03  0.6390E-03     9   5.9500  
  10  -5/2  2.8253   4.7719  0.2109E-02  0.4419E-03  0.5262E-03    10   6.0476  
  11  11/2  3.2577   5.1916  0.2478E-02  0.4774E-03  0.4736E-03    11   6.1493  
  12   3/2  3.8540   5.3555  0.3803E-02  0.7101E-03  0.4421E-03    12   6.3144  
  13  11/2  4.1609   5.4987  0.3596E-02  0.6540E-03  0.3930E-03    13   6.3620  
  14  -1/2  3.2480   5.3735  0.2249E-02  0.4186E-03  0.3661E-03    14   6.4437  
  15  15/2  3.6804   5.5505  0.3192E-02  0.5751E-03  0.3271E-03    15   6.8011  
  16   7/2  4.2767   6.1478  0.3348E-02  0.5446E-03  0.3204E-03    16   6.8463  
  17  -5/2  4.1910   6.0399  0.3083E-02  0.5104E-03  0.2746E-03    17   6.8519  
  18 -17/2  3.2781   5.2349  0.3380E-02  0.6457E-03  0.2270E-03    18   6.9617  
  19  -1/2  3.7105   6.4519  0.2148E-02  0.3330E-03  0.2051E-03    19   7.0123  
  20  -9/2  4.3068   6.4489  0.3283E-02  0.5091E-03  0.1780E-03    20   7.1030  
  21  -7/2  3.6163   5.4283  0.2821E-02  0.5197E-03  0.1428E-03    21   7.3670  
  22   5/2  2.7034   5.0504  0.1976E-02  0.3912E-03  0.1146E-03    22   7.4204  
  23 -11/2  3.1359   5.5264  0.2329E-02  0.4215E-03  0.1131E-03    23   7.5032  
  24  -3/2  3.7322   5.3636  0.3409E-02  0.6357E-03  0.1084E-03    24   7.6452  
  25  -3/2  3.7382   5.1255  0.2788E-02  0.5440E-03  0.9049E-04    25   7.8025  
  26   9/2  2.8253   4.6906  0.2290E-02  0.4883E-03  0.8516E-04    26   7.9913  
  27  -7/2  3.2577   5.3207  0.2221E-02  0.4175E-03  0.7183E-04    27   8.0435  
  28   1/2  3.8540   5.3729  0.3266E-02  0.6078E-03  0.7010E-04    28   8.0847  
  29   1/2  4.1609   5.6843  0.3049E-02  0.5364E-03  0.6197E-04    29   8.1663  
  30  13/2  3.2480   5.0779  0.2890E-02  0.5691E-03  0.5228E-04    30   8.3561  
  31  -3/2  3.6804   5.9516  0.2267E-02  0.3809E-03  0.3620E-04    31   8.5312  
  32   5/2  4.2767   6.3008  0.3178E-02  0.5044E-03  0.3391E-04    32   8.5888  
  33 -15/2  4.1910   5.6954  0.4095E-02  0.7189E-03  0.2674E-04    33   8.7616  
  34  -3/2  3.2781   5.7825  0.2202E-02  0.3808E-03  0.2175E-04    34   9.1681  
  35 -11/2  4.3068   6.3735  0.3486E-02  0.5469E-03  0.1312E-04    35   9.2165  
  36   1/2  3.7008   5.6456  0.2504E-02  0.4435E-03  0.5212E-05    36   9.5751  
                                                                                
 ENERGIES (LOWEST 6 OUT OF 36):  4.022  4.709  4.848  4.952  5.228  5.387       
 CUTOFF OF THE NORM EIGENVALUE:  0.4685E-06 ( 0.5212E-05 0.4685E-03 0.2445E-02) 
                                                                                
******* SPIN = 47/2 *******                                                     
                                                                                
 BAND KQP=   EQP=    HH/HN=    HH=         HN=       EIGEN NORM  STATE  ENERGY  
   1   5/2  1.7380   6.1247  0.5815E-03  0.9495E-04  0.1865E-02     1   4.3416  
   2  -7/2  0.8251   6.0533  0.3780E-03  0.6245E-04  0.1265E-02     2   5.0913  
   3   9/2  1.2576   6.7998  0.3687E-03  0.5422E-04  0.1058E-02     3   5.2191  
   4   1/2  1.8539   7.6194  0.2107E-03  0.2766E-04  0.9161E-03     4   5.6147  
   5   3/2  3.6163   5.7166  0.2023E-02  0.3538E-03  0.7743E-03     5   5.7874  
   6  -9/2  2.7034   5.3278  0.1626E-02  0.3053E-03  0.6572E-03     6   6.1199  
   7   7/2  3.1359   6.0662  0.1539E-02  0.2537E-03  0.4379E-03     7   6.2640  
   8  -1/2  3.7322   6.9169  0.1573E-02  0.2274E-03  0.4346E-03     8   6.3614  
   9   7/2  3.7382   5.3607  0.2301E-02  0.4292E-03  0.3592E-03     9   6.4379  
  10  -5/2  2.8253   5.0984  0.1602E-02  0.3143E-03  0.3261E-03    10   6.4691  
  11  11/2  3.2577   5.5361  0.1856E-02  0.3353E-03  0.3021E-03    11   6.7230  
  12   3/2  3.8540   7.0967  0.1392E-02  0.1961E-03  0.2918E-03    12   6.7906  
  13  11/2  4.1609   5.7674  0.2762E-02  0.4789E-03  0.2519E-03    13   6.8492  
  14  -1/2  3.2480   5.7142  0.1686E-02  0.2950E-03  0.2402E-03    14   7.0046  
  15  15/2  3.6804   5.9063  0.2370E-02  0.4012E-03  0.2201E-03    15   7.2124  
  16   7/2  4.2767   6.7264  0.2475E-02  0.3680E-03  0.1833E-03    16   7.3101  
  17  -5/2  4.1910   6.3714  0.2338E-02  0.3670E-03  0.1705E-03    17   7.3278  
  18 -17/2  3.2781   5.6062  0.2538E-02  0.4527E-03  0.1545E-03    18   7.4084  
  19  -1/2  3.7105   6.8587  0.1564E-02  0.2280E-03  0.1472E-03    19   7.4737  
  20  -9/2  4.3068   6.7881  0.2471E-02  0.3640E-03  0.1332E-03    20   7.5679  
  21  -7/2  3.6163   5.6756  0.2177E-02  0.3835E-03  0.1156E-03    21   7.8319  
  22   5/2  2.7034   5.4224  0.1489E-02  0.2747E-03  0.9991E-04    22   7.8421  
  23 -11/2  3.1359   5.9174  0.1728E-02  0.2920E-03  0.9296E-04    23   7.8692  
  24  -3/2  3.7322   7.2306  0.1261E-02  0.1744E-03  0.7387E-04    24   8.1004  
  25  -3/2  3.7382   5.4106  0.2150E-02  0.3974E-03  0.7027E-04    25   8.2534  
  26   9/2  2.8253   5.0111  0.1744E-02  0.3480E-03  0.5737E-04    26   8.4471  
  27  -7/2  3.2577   5.6683  0.1659E-02  0.2927E-03  0.5625E-04    27   8.4749  
  28   1/2  3.8540   6.7768  0.1749E-02  0.2581E-03  0.5439E-04    28   8.5446  
  29   1/2  4.1609   5.9755  0.2332E-02  0.3902E-03  0.3868E-04    29   8.5654  
  30  13/2  3.2480   5.4110  0.2180E-02  0.4028E-03  0.3166E-04    30   8.7868  
  31  -3/2  3.6804   6.3155  0.1669E-02  0.2643E-03  0.2115E-04    31   8.9841  
  32   5/2  4.2767   6.6292  0.2435E-02  0.3673E-03  0.1663E-04    32   9.0824  
  33 -15/2  4.1910   6.0130  0.3130E-02  0.5205E-03  0.1317E-04    33   9.1671  
  34  -3/2  3.2781   6.1646  0.1634E-02  0.2651E-03  0.9417E-05    34   9.3376  
  35 -11/2  4.3068   6.7246  0.2626E-02  0.3906E-03  0.7594E-05    35   9.5825  
  36   1/2  3.7008   5.9449  0.1900E-02  0.3196E-03  0.3096E-05    36  10.1748  
                                                                                
 ENERGIES (LOWEST 6 OUT OF 36):  4.342  5.091  5.219  5.615  5.787  6.120       
 CUTOFF OF THE NORM EIGENVALUE:  0.3042E-06 ( 0.3096E-05 0.3042E-03 0.1865E-02) 
                                                                                
******* SPIN = 49/2 *******                                                     
                                                                                
 BAND KQP=   EQP=    HH/HN=    HH=         HN=       EIGEN NORM  STATE  ENERGY  
   1   5/2  1.7380   6.7579  0.3874E-03  0.5732E-04  0.1384E-02     1   4.6972  
   2  -7/2  0.8251   6.5870  0.2512E-03  0.3814E-04  0.1014E-02     2   5.5199  
   3   9/2  1.2576   7.3373  0.2395E-03  0.3264E-04  0.9079E-03     3   5.5929  
   4   1/2  1.8539   6.8761  0.5504E-03  0.8005E-04  0.7440E-03     4   5.6304  
   5   3/2  3.6163   6.0633  0.1528E-02  0.2519E-03  0.6004E-03     5   6.0236  
   6  -9/2  2.7034   5.7263  0.1204E-02  0.2103E-03  0.5305E-03     6   6.2266  
   7   7/2  3.1359   6.4819  0.1115E-02  0.1720E-03  0.4566E-03     7   6.2355  
   8  -1/2  3.7322   6.0804  0.1754E-02  0.2885E-03  0.4088E-03     8   6.7481  
   9   7/2  3.7382   5.7322  0.1737E-02  0.3029E-03  0.2933E-03     9   6.8674  
  10  -5/2  2.8253   5.4464  0.1194E-02  0.2193E-03  0.2386E-03    10   6.9126  
  11  11/2  3.2577   5.9052  0.1363E-02  0.2308E-03  0.2165E-03    11   6.9621  
  12   3/2  3.8540   5.9816  0.2264E-02  0.3785E-03  0.2011E-03    12   7.1858  
  13  11/2  4.1609   6.1017  0.2083E-02  0.3414E-03  0.1844E-03    13   7.2418  
  14  -1/2  3.2480   6.0774  0.1239E-02  0.2038E-03  0.1681E-03    14   7.3115  
  15  15/2  3.6804   6.2865  0.1723E-02  0.2741E-03  0.1482E-03    15   7.7024  
  16   7/2  4.2767   6.7435  0.1900E-02  0.2818E-03  0.1455E-03    16   7.7342  
  17  -5/2  4.1910   6.7293  0.1740E-02  0.2586E-03  0.1203E-03    17   7.7755  
  18 -17/2  3.2781   6.0033  0.1866E-02  0.3108E-03  0.9411E-04    18   7.8193  
  19  -1/2  3.7105   7.2891  0.1115E-02  0.1529E-03  0.8469E-04    19   7.9570  
  20  -9/2  4.3068   7.1625  0.1824E-02  0.2547E-03  0.7287E-04    20   8.0762  
  21  -7/2  3.6163   6.1083  0.1629E-02  0.2666E-03  0.5881E-04    21   8.3440  
  22   5/2  2.7034   5.8150  0.1100E-02  0.1892E-03  0.4928E-04    22   8.3945  
  23 -11/2  3.1359   6.3324  0.1256E-02  0.1983E-03  0.4650E-04    23   8.4196  
  24  -3/2  3.7322   6.0782  0.2010E-02  0.3307E-03  0.4413E-04    24   8.5795  
  25  -3/2  3.7382   5.7092  0.1637E-02  0.2867E-03  0.3550E-04    25   8.7911  
  26   9/2  2.8253   5.3622  0.1303E-02  0.2429E-03  0.3293E-04    26   8.9199  
  27  -7/2  3.2577   6.0395  0.1215E-02  0.2011E-03  0.2988E-04    27   8.9443  
  28   1/2  3.8540   5.9831  0.1969E-02  0.3291E-03  0.2779E-04    28   9.0320  
  29   1/2  4.1609   6.2931  0.1750E-02  0.2781E-03  0.2399E-04    29   9.0566  
  30  13/2  3.2480   5.7704  0.1612E-02  0.2794E-03  0.1915E-04    30   9.4790  
  31  -3/2  3.6804   6.7021  0.1205E-02  0.1797E-03  0.1379E-04    31   9.5733  
  32   5/2  4.2767   6.9104  0.1791E-02  0.2592E-03  0.1264E-04    32   9.6156  
  33 -15/2  4.1910   6.3615  0.2347E-02  0.3690E-03  0.1014E-04    33   9.8208  
  34  -3/2  3.2781   6.5703  0.1188E-02  0.1808E-03  0.7403E-05    34  10.2042  
  35 -11/2  4.3068   7.0804  0.1942E-02  0.2743E-03  0.4453E-05    35  10.3167  
  36   1/2  3.7008   6.2686  0.1417E-02  0.2260E-03  0.1654E-05    36  10.6674  
                                                                                
 ENERGIES (LOWEST 6 OUT OF 36):  4.697  5.520  5.593  5.630  6.024  6.227       
 CUTOFF OF THE NORM EIGENVALUE:  0.2342E-06 ( 0.1654E-05 0.2342E-03 0.1384E-02) 
                                                                                
******* SPIN = 51/2 *******                                                     
                                                                                
 BAND KQP=   EQP=    HH/HN=    HH=         HN=       EIGEN NORM  STATE  ENERGY  
   1   5/2  1.7380   7.1105  0.2641E-03  0.3714E-04  0.1010E-02     1   5.0599  
   2  -7/2  0.8251   7.0989  0.1636E-03  0.2304E-04  0.6353E-03     2   5.9360  
   3   9/2  1.2576   7.8839  0.1524E-03  0.1933E-04  0.5162E-03     3   6.0472  
   4   1/2  1.8539   8.6400  0.8770E-04  0.1015E-04  0.4639E-03     4   6.4514  
   5   3/2  3.6163   6.4322  0.1125E-02  0.1750E-03  0.3596E-03     5   6.6745  
   6  -9/2  2.7034   6.1343  0.8733E-03  0.1424E-03  0.3123E-03     6   6.8725  
   7   7/2  3.1359   6.9203  0.7916E-03  0.1144E-03  0.2104E-03     7   7.1294  
   8  -1/2  3.7322   7.7585  0.7980E-03  0.1029E-03  0.1925E-03     8   7.1957  
   9   7/2  3.7382   5.9732  0.1308E-02  0.2189E-03  0.1565E-03     9   7.2894  
  10  -5/2  2.8253   5.8193  0.8731E-03  0.1500E-03  0.1438E-03    10   7.3954  
  11  11/2  3.2577   6.2976  0.9804E-03  0.1557E-03  0.1336E-03    11   7.6477  
  12   3/2  3.8540   7.8311  0.7135E-03  0.9111E-04  0.1317E-03    12   7.7196  
  13  11/2  4.1609   6.4102  0.1542E-02  0.2405E-03  0.1111E-03    13   7.7672  
  14  -1/2  3.2480   6.4629  0.8924E-03  0.1381E-03  0.1073E-03    14   7.8694  
  15  15/2  3.6804   6.6899  0.1227E-02  0.1834E-03  0.9437E-04    15   8.1619  
  16   7/2  4.2767   7.4597  0.1333E-02  0.1787E-03  0.7681E-04    16   8.1829  
  17  -5/2  4.1910   7.1132  0.1270E-02  0.1786E-03  0.7643E-04    17   8.2763  
  18 -17/2  3.2781   6.4249  0.1343E-02  0.2090E-03  0.6639E-04    18   8.3407  
  19  -1/2  3.7105   7.7426  0.7783E-03  0.1005E-03  0.5847E-04    19   8.4342  
  20  -9/2  4.3068   7.5498  0.1322E-02  0.1752E-03  0.5295E-04    20   8.5592  
  21  -7/2  3.6163   6.3803  0.1216E-02  0.1906E-03  0.4543E-04    21   8.7291  
  22   5/2  2.7034   6.2322  0.7964E-03  0.1278E-03  0.3987E-04    22   8.8455  
  23 -11/2  3.1359   6.7692  0.8936E-03  0.1320E-03  0.3688E-04    23   8.8978  
  24  -3/2  3.7322   8.0546  0.6374E-03  0.7913E-04  0.2882E-04    24   9.0991  
  25  -3/2  3.7382   6.0355  0.1217E-02  0.2016E-03  0.2758E-04    25   9.2723  
  26   9/2  2.8253   5.7268  0.9539E-03  0.1666E-03  0.2255E-04    26   9.4354  
  27  -7/2  3.2577   6.4344  0.8719E-03  0.1355E-03  0.2182E-04    27   9.4889  
  28   1/2  3.8540   7.5290  0.8998E-03  0.1195E-03  0.2022E-04    28   9.5612  
  29   1/2  4.1609   6.6342  0.1290E-02  0.1944E-03  0.1437E-04    29   9.5923  
  30  13/2  3.2480   6.1490  0.1168E-02  0.1900E-03  0.1110E-04    30   9.8945  
  31  -3/2  3.6804   7.1113  0.8517E-03  0.1198E-03  0.7637E-05    31  10.0730  
  32   5/2  4.2767   7.3477  0.1318E-02  0.1794E-03  0.6056E-05    32  10.1610  
  33 -15/2  4.1910   6.7339  0.1726E-02  0.2563E-03  0.4356E-05    33  10.1836  
  34  -3/2  3.2781   6.9993  0.8463E-03  0.1209E-03  0.3269E-05    34  10.4638  
  35 -11/2  4.3068   7.4869  0.1409E-02  0.1882E-03  0.2467E-05    35  10.7436  
  36   1/2  3.7008   6.6168  0.1038E-02  0.1568E-03  0.9613E-06    36  11.3294  
                                                                                
 ENERGIES (LOWEST 6 OUT OF 36):  5.060  5.936  6.047  6.451  6.674  6.873       
 CUTOFF OF THE NORM EIGENVALUE:  0.1445E-06 ( 0.9613E-06 0.1445E-03 0.1010E-02) 
                                                                                
******* SPIN = 53/2 *******                                                     
                                                                                
 BAND KQP=   EQP=    HH/HN=    HH=         HN=       EIGEN NORM  STATE  ENERGY  
   1   5/2  1.7380   7.8026  0.1671E-03  0.2142E-04  0.7138E-03     1   5.4729  
   2  -7/2  0.8251   7.6678  0.1041E-03  0.1358E-04  0.5275E-03     2   6.3254  
   3   9/2  1.2576   8.4502  0.9500E-04  0.1124E-04  0.4363E-03     3   6.4046  
   4   1/2  1.8539   7.9108  0.2410E-03  0.3047E-04  0.3463E-03     4   6.5146  
   5   3/2  3.6163   6.8403  0.8185E-03  0.1197E-03  0.2837E-03     5   6.9082  
   6  -9/2  2.7034   6.5811  0.6204E-03  0.9427E-04  0.2358E-03     6   7.0885  
   7   7/2  3.1359   7.3808  0.5505E-03  0.7458E-04  0.2073E-03     7   7.1774  
   8  -1/2  3.7322   6.8776  0.9678E-03  0.1407E-03  0.1846E-03     8   7.6865  
   9   7/2  3.7382   6.4187  0.9469E-03  0.1475E-03  0.1238E-03     9   7.8074  
  10  -5/2  2.8253   6.2134  0.6257E-03  0.1007E-03  0.9941E-04    10   7.8631  
  11  11/2  3.2577   6.7148  0.6911E-03  0.1029E-03  0.9174E-04    11   7.9128  
  12   3/2  3.8540   6.7007  0.1251E-02  0.1868E-03  0.8408E-04    12   8.1322  
  13  11/2  4.1609   6.8084  0.1119E-02  0.1643E-03  0.8021E-04    13   8.2205  
  14  -1/2  3.2480   6.8707  0.6300E-03  0.9170E-04  0.7072E-04    14   8.2845  
  15  15/2  3.6804   7.1173  0.8558E-03  0.1202E-03  0.6304E-04    15   8.5938  
  16   7/2  4.2767   7.4262  0.1005E-02  0.1354E-03  0.5999E-04    16   8.7400  
  17  -5/2  4.1910   7.5226  0.9087E-03  0.1208E-03  0.4823E-04    17   8.7711  
  18 -17/2  3.2781   6.8715  0.9460E-03  0.1377E-03  0.3608E-04    18   8.7948  
  19  -1/2  3.7105   8.2190  0.5321E-03  0.6475E-04  0.3226E-04    19   9.0497  
  20  -9/2  4.3068   7.9711  0.9398E-03  0.1179E-03  0.2749E-04    20   9.1318  
  21  -7/2  3.6163   6.8881  0.8711E-03  0.1265E-03  0.2248E-04    21   9.4054  
  22   5/2  2.7034   6.6693  0.5649E-03  0.8470E-04  0.1999E-04    22   9.4433  
  23 -11/2  3.1359   7.2300  0.6228E-03  0.8614E-04  0.1749E-04    23   9.4532  
  24  -3/2  3.7322   6.8851  0.1096E-02  0.1592E-03  0.1657E-04    24   9.5838  
  25  -3/2  3.7382   6.3940  0.8936E-03  0.1398E-03  0.1315E-04    25   9.8337  
  26   9/2  2.8253   6.1273  0.6847E-03  0.1117E-03  0.1186E-04    26   9.8765  
  27  -7/2  3.2577   6.8530  0.6132E-03  0.8947E-04  0.1156E-04    27   9.9828  
  28   1/2  3.8540   6.6918  0.1102E-02  0.1646E-03  0.1001E-04    28  10.0388  
  29   1/2  4.1609   6.9995  0.9321E-03  0.1332E-03  0.8665E-05    29  10.0984  
  30  13/2  3.2480   6.5563  0.8294E-03  0.1265E-03  0.6487E-05    30  10.6249  
  31  -3/2  3.6804   7.5428  0.5900E-03  0.7822E-04  0.4894E-05    31  10.7367  
  32   5/2  4.2767   7.6023  0.9405E-03  0.1237E-03  0.4360E-05    32  10.7606  
  33 -15/2  4.1910   7.1385  0.1244E-02  0.1742E-03  0.3577E-05    33  10.9538  
  34  -3/2  3.2781   7.4513  0.5905E-03  0.7925E-04  0.2345E-05    34  11.2686  
  35 -11/2  4.3068   7.8826  0.1003E-02  0.1272E-03  0.1410E-05    35  11.5446  
  36   1/2  3.7008   6.9903  0.7460E-03  0.1067E-03  0.4913E-06    36  11.8338  
                                                                                
 ENERGIES (LOWEST 6 OUT OF 36):  5.473  6.325  6.405  6.515  6.908  7.088       
 CUTOFF OF THE NORM EIGENVALUE:  0.1085E-06 ( 0.4913E-06 0.1085E-03 0.7138E-03) 
                                                                                
******* SPIN = 55/2 *******                                                     
                                                                                
 BAND KQP=   EQP=    HH/HN=    HH=         HN=       EIGEN NORM  STATE  ENERGY  
   1   5/2  1.7380   8.1582  0.1105E-03  0.1354E-04  0.4988E-03     1   5.8736  
   2  -7/2  0.8251   8.2005  0.6510E-04  0.7939E-05  0.2912E-03     2   6.8608  
   3   9/2  1.2576   9.0220  0.5807E-04  0.6437E-05  0.2308E-03     3   6.9656  
   4   1/2  1.8539   9.7181  0.3396E-04  0.3495E-05  0.2158E-03     4   7.3751  
   5   3/2  3.6163   7.2421  0.5801E-03  0.8010E-04  0.1540E-03     5   7.6477  
   6  -9/2  2.7034   7.0293  0.4319E-03  0.6144E-04  0.1361E-03     6   7.7234  
   7   7/2  3.1359   7.8636  0.3750E-03  0.4768E-04  0.9436E-04     7   8.0340  
   8  -1/2  3.7322   8.6782  0.3756E-03  0.4328E-04  0.7790E-04     8   8.0848  
   9   7/2  3.7382   6.6829  0.6904E-03  0.1033E-03  0.6272E-04     9   8.2612  
  10  -5/2  2.8253   6.6326  0.4394E-03  0.6624E-04  0.5863E-04    10   8.4323  
  11  11/2  3.2577   7.1547  0.4772E-03  0.6670E-04  0.5663E-04    11   8.6611  
  12   3/2  3.8540   8.6457  0.3409E-03  0.3943E-04  0.5288E-04    12   8.7332  
  13  11/2  4.1609   7.1511  0.7970E-03  0.1114E-03  0.4497E-04    13   8.7916  
  14  -1/2  3.2480   7.3001  0.4359E-03  0.5971E-04  0.4448E-04    14   8.8046  
  15  15/2  3.6804   7.5666  0.5844E-03  0.7723E-04  0.3751E-04    15   9.0799  
  16   7/2  4.2767   8.2899  0.6652E-03  0.8024E-04  0.3200E-04    16   9.2153  
  17  -5/2  4.1910   7.9568  0.6371E-03  0.8007E-04  0.2920E-04    17   9.3045  
  18 -17/2  3.2781   7.3411  0.6522E-03  0.8885E-04  0.2659E-04    18   9.3362  
  19  -1/2  3.7105   8.7177  0.3563E-03  0.4087E-04  0.2152E-04    19   9.5517  
  20  -9/2  4.3068   8.4070  0.6556E-03  0.7799E-04  0.1943E-04    20   9.6130  
  21  -7/2  3.6163   7.1802  0.6296E-03  0.8768E-04  0.1645E-04    21   9.7040  
  22   5/2  2.7034   7.1304  0.3924E-03  0.5504E-04  0.1475E-04    22   9.9520  
  23 -11/2  3.1359   7.7111  0.4251E-03  0.5513E-04  0.1359E-04    23  10.0002  
  24  -3/2  3.7322   8.9567  0.2995E-03  0.3344E-04  0.1043E-04    24  10.1885  
  25  -3/2  3.7382   6.7569  0.6398E-03  0.9469E-04  0.9998E-05    25  10.3781  
  26   9/2  2.8253   6.5352  0.4818E-03  0.7372E-04  0.8387E-05    26  10.5064  
  27  -7/2  3.2577   7.2953  0.4225E-03  0.5791E-04  0.7801E-05    27  10.5940  
  28   1/2  3.8540   8.3620  0.4303E-03  0.5146E-04  0.6877E-05    28  10.6399  
  29   1/2  4.1609   7.3900  0.6608E-03  0.8942E-04  0.4966E-05    29  10.7043  
  30  13/2  3.2480   6.9784  0.5767E-03  0.8264E-04  0.3597E-05    30  11.0702  
  31  -3/2  3.6804   7.9961  0.4004E-03  0.5007E-04  0.2557E-05    31  11.2475  
  32   5/2  4.2767   8.1647  0.6613E-03  0.8099E-04  0.2049E-05    32  11.2925  
  33 -15/2  4.1910   7.5623  0.8777E-03  0.1161E-03  0.1344E-05    33  11.3354  
  34  -3/2  3.2781   7.9258  0.4035E-03  0.5091E-04  0.1062E-05    34  11.6707  
  35 -11/2  4.3068   8.3461  0.6999E-03  0.8385E-04  0.7466E-06    35  11.9857  
  36   1/2  3.7008   7.3886  0.5263E-03  0.7124E-04  0.2799E-06    36  12.5566  
                                                                                
 ENERGIES (LOWEST 6 OUT OF 36):  5.874  6.861  6.966  7.375  7.648  7.723       
 CUTOFF OF THE NORM EIGENVALUE:  0.6362E-07 ( 0.2799E-06 0.6362E-04 0.4988E-03) 
                                                                                
******* SPIN = 57/2 *******                                                     
                                                                                
 BAND KQP=   EQP=    HH/HN=    HH=         HN=       EIGEN NORM  STATE  ENERGY  
   1   5/2  1.7380   8.9082  0.6644E-04  0.7459E-05  0.3359E-03     1   6.3476  
   2  -7/2  0.8251   8.8042  0.3977E-04  0.4517E-05  0.2521E-03     2   7.1517  
   3   9/2  1.2576   9.6158  0.3481E-04  0.3620E-05  0.1918E-03     3   7.3712  
   4   1/2  1.8539   9.0039  0.9752E-04  0.1083E-04  0.1476E-03     4   7.4856  
   5   3/2  3.6163   7.7156  0.4052E-03  0.5252E-04  0.1233E-03     5   7.8847  
   6  -9/2  2.7034   7.5250  0.2943E-03  0.3911E-04  0.9667E-04     6   8.0265  
   7   7/2  3.1359   8.3677  0.2502E-03  0.2990E-04  0.8625E-04     7   8.2099  
   8  -1/2  3.7322   7.7679  0.4927E-03  0.6343E-04  0.7727E-04     8   8.7147  
   9   7/2  3.7382   7.2069  0.4781E-03  0.6634E-04  0.4825E-04     9   8.7990  
  10  -5/2  2.8253   7.0733  0.3024E-03  0.4275E-04  0.3813E-04    10   8.8481  
  11  11/2  3.2577   7.6200  0.3228E-03  0.4236E-04  0.3598E-04    11   9.0064  
  12   3/2  3.8540   7.5124  0.6403E-03  0.8523E-04  0.3266E-04    12   9.1503  
  13  11/2  4.1609   7.6159  0.5550E-03  0.7287E-04  0.3207E-04    13   9.2906  
  14  -1/2  3.2480   7.7514  0.2955E-03  0.3812E-04  0.2728E-04    14   9.3659  
  15  15/2  3.6804   8.0396  0.3907E-03  0.4859E-04  0.2470E-04    15   9.5483  
  16   7/2  4.2767   8.1963  0.4946E-03  0.6034E-04  0.2291E-04    16   9.8312  
  17  -5/2  4.1910   8.4155  0.4377E-03  0.5201E-04  0.1775E-04    17   9.8370  
  18 -17/2  3.2781   7.8352  0.4401E-03  0.5617E-04  0.1285E-04    18   9.8834  
  19  -1/2  3.7105   9.2383  0.2336E-03  0.2529E-04  0.1134E-04    19  10.2130  
  20  -9/2  4.3068   8.8716  0.4481E-03  0.5051E-04  0.9577E-05    20  10.2781  
  21  -7/2  3.6163   7.7656  0.4303E-03  0.5542E-04  0.7987E-05    21  10.5347  
  22   5/2  2.7034   7.6118  0.2672E-03  0.3510E-04  0.7549E-05    22  10.5599  
  23 -11/2  3.1359   8.2167  0.2842E-03  0.3459E-04  0.6106E-05    23  10.5847  
  24  -3/2  3.7322   7.7815  0.5521E-03  0.7095E-04  0.5742E-05    24  10.6759  
  25  -3/2  3.7382   7.1807  0.4518E-03  0.6292E-04  0.4534E-05    25  10.8234  
  26   9/2  2.8253   6.9866  0.3319E-03  0.4751E-04  0.4375E-05    26  11.0544  
  27  -7/2  3.2577   7.7607  0.2851E-03  0.3674E-04  0.3756E-05    27  11.1024  
  28   1/2  3.8540   7.4970  0.5701E-03  0.7604E-04  0.3361E-05    28  11.1183  
  29   1/2  4.1609   7.8013  0.4591E-03  0.5885E-04  0.2920E-05    29  11.2436  
  30  13/2  3.2480   7.4331  0.3929E-03  0.5285E-04  0.2038E-05    30  11.8049  
  31  -3/2  3.6804   8.4712  0.2662E-03  0.3142E-04  0.1620E-05    31  11.9630  
  32   5/2  4.2767   8.3767  0.4595E-03  0.5486E-04  0.1393E-05    32  12.0490  
  33 -15/2  4.1910   8.0211  0.6068E-03  0.7565E-04  0.1174E-05    33  12.1576  
  34  -3/2  3.2781   8.4224  0.2701E-03  0.3207E-04  0.6924E-06    34  12.4073  
  35 -11/2  4.3068   8.7768  0.4794E-03  0.5463E-04  0.4168E-06    35  12.8420  
  36   1/2  3.7008   7.8123  0.3643E-03  0.4663E-04  0.1368E-06    36  13.0730  
                                                                                
 ENERGIES (LOWEST 6 OUT OF 36):  6.348  7.152  7.371  7.486  7.885  8.027       
 CUTOFF OF THE NORM EIGENVALUE:  0.4662E-07 ( 0.1368E-06 0.4662E-04 0.3359E-03) 
                                                                                
******* SPIN = 59/2 *******                                                     
                                                                                
 BAND KQP=   EQP=    HH/HN=    HH=         HN=       EIGEN NORM  STATE  ENERGY  
   1   5/2  1.7380   9.2632  0.4267E-04  0.4606E-05  0.2252E-03     1   6.7794  
   2  -7/2  0.8251   9.3547  0.2394E-04  0.2559E-05  0.1221E-03     2   7.8693  
   3   9/2  1.2576  10.2111  0.2048E-04  0.2006E-05  0.9466E-04     3   7.9628  
   4   1/2  1.8539  10.8513  0.1227E-04  0.1130E-05  0.9230E-04     4   8.3863  
   5   3/2  3.6163   8.1438  0.2764E-03  0.3394E-04  0.6093E-04     5   8.6691  
   6  -9/2  2.7034   8.0107  0.1966E-03  0.2455E-04  0.5443E-04     6   8.7044  
   7   7/2  3.1359   8.8936  0.1635E-03  0.1838E-04  0.3920E-04     7   8.9597  
   8  -1/2  3.7322   9.6756  0.1641E-03  0.1696E-04  0.2910E-04     8   9.1243  
   9   7/2  3.7382   7.4900  0.3376E-03  0.4507E-04  0.2321E-04     9   9.2932  
  10  -5/2  2.8253   7.5380  0.2038E-03  0.2704E-04  0.2227E-04    10   9.5493  
  11  11/2  3.2577   8.1063  0.2138E-03  0.2637E-04  0.2207E-04    11   9.7596  
  12   3/2  3.8540   9.5425  0.1515E-03  0.1588E-04  0.1956E-04    12   9.8061  
  13  11/2  4.1609   7.9861  0.3804E-03  0.4763E-04  0.1709E-04    13   9.8376  
  14  -1/2  3.2480   8.2239  0.1963E-03  0.2386E-04  0.1672E-04    14   9.9147  
  15  15/2  3.6804   8.5329  0.2557E-03  0.2997E-04  0.1381E-04    15  10.0758  
  16   7/2  4.2767   9.2140  0.3069E-03  0.3330E-04  0.1234E-04    16  10.3041  
  17  -5/2  4.1910   8.8978  0.2945E-03  0.3310E-04  0.1027E-04    17  10.3644  
  18 -17/2  3.2781   8.3504  0.2907E-03  0.3481E-04  0.9918E-05    18  10.4881  
  19  -1/2  3.7105   9.7803  0.1500E-03  0.1534E-04  0.7364E-05    19  10.7301  
  20  -9/2  4.3068   9.3568  0.3007E-03  0.3214E-04  0.6579E-05    20  10.7499  
  21  -7/2  3.6163   8.0730  0.3012E-03  0.3731E-04  0.5505E-05    21  10.7644  
  22   5/2  2.7034   8.1149  0.1781E-03  0.2195E-04  0.5069E-05    22  11.1431  
  23 -11/2  3.1359   8.7405  0.1861E-03  0.2129E-04  0.4663E-05    23  11.1735  
  24  -3/2  3.7322   9.9367  0.1308E-03  0.1316E-04  0.3503E-05    24  11.3670  
  25  -3/2  3.7382   7.5744  0.3115E-03  0.4112E-04  0.3348E-05    25  11.5680  
  26   9/2  2.8253   7.4358  0.2243E-03  0.3016E-04  0.2897E-05    26  11.6555  
  27  -7/2  3.2577   8.2497  0.1885E-03  0.2285E-04  0.2595E-05    27  11.7909  
  28   1/2  3.8540   9.2772  0.1912E-03  0.2061E-04  0.2172E-05    28  11.7934  
  29   1/2  4.1609   8.2396  0.3127E-03  0.3795E-04  0.1599E-05    29  11.8837  
  30  13/2  3.2480   7.8962  0.2621E-03  0.3319E-04  0.1081E-05    30  12.3079  
  31  -3/2  3.6804   8.9676  0.1733E-03  0.1933E-04  0.7945E-06    31  12.4774  
  32   5/2  4.2767   9.0774  0.3068E-03  0.3379E-04  0.6449E-06    32  12.5116  
  33 -15/2  4.1910   8.4925  0.4108E-03  0.4837E-04  0.3877E-06    33  12.5972  
  34  -3/2  3.2781   8.9408  0.1771E-03  0.1980E-04  0.3229E-06    34  12.9546  
  35 -11/2  4.3068   9.2992  0.3215E-03  0.3457E-04  0.2106E-06    35  13.3006  
  36   1/2  3.7008   8.2609  0.2472E-03  0.2993E-04  0.7651E-07    36  13.8533  
                                                                                
 ENERGIES (LOWEST 6 OUT OF 36):  6.779  7.869  7.963  8.386  8.669  8.704       
 CUTOFF OF THE NORM EIGENVALUE:  0.2595E-07 ( 0.7651E-07 0.2595E-04 0.2252E-03) 
                                                                                
                                                                                
 SPIN   YRAST-E   DELTA-E   SPIN (LOWEST):  7/2                                 
 ~~~~   ~~~~~~~   ~~~~~~~                                                       
  1/2    0.7817                                                                 
  3/2    0.9638    0.1821                                                       
  5/2    0.7696   -0.1942                                                       
  7/2   -0.2578   -1.0274                                                       
  9/2   -0.1948    0.0630                                                       
 11/2   -0.1001    0.0947                                                       
 13/2    0.0239    0.1240                                                       
 15/2    0.1756    0.1517                                                       
 17/2    0.3545    0.1788                                                       
 19/2    0.5579    0.2034                                                       
 21/2    0.7869    0.2290                                                       
 23/2    1.0359    0.2490                                                       
 25/2    1.3089    0.2731                                                       
 27/2    1.5949    0.2859                                                       
 29/2    1.9028    0.3079                                                       
 31/2    2.2115    0.3087                                                       
 33/2    2.5214    0.3099                                                       
 35/2    2.7578    0.2364                                                       
 37/2    2.9696    0.2118                                                       
 39/2    3.1974    0.2278                                                       
 41/2    3.4480    0.2506                                                       
 43/2    3.7210    0.2731                                                       
 45/2    4.0223    0.3013                                                       
 47/2    4.3416    0.3193                                                       
 49/2    4.6972    0.3556                                                       
 51/2    5.0599    0.3626                                                       
 53/2    5.4729    0.4130                                                       
 55/2    5.8736    0.4008                                                       
 57/2    6.3476    0.4740                                                       
 59/2    6.7794    0.4318                                                       
