Distributed parallelism with MPI     : 1 tasks/HFBTHO
Multi-threading framework with OpenMP: 4 threads/task

  ==========================================
           FORTRAN 95 CODE (KIND= 8) 
 git: parent: 3cae9cc3ec7a0c93cd724b300dc0d972f613f33e
  ==========================================
       AXIALLY DEFORMED CONFIGURATIONAL     
     HARTREE-FOCK-BOGOLIUBOV CALCULATIONS   
                     WITH                   
      SKYRME+DELTA PAIRING OR GOGNY EDFs    
                  USING THE                 
             HARMONIC-OSCILLATOR            
                    AND/OR                  
        TRANSFORMED HARMONIC-OSCILLATOR     
                    BASIS                   
                     ---                    
                v1.66  (2005)               
    Stoitsov, Dobaczewski, Nazarewicz, Ring 
                v2.00d (2012)               
        Stoitsov, Schunck, Kortelainen      
                v3.00  (2016)               
            Schunck, Navarro Perez          
  ==========================================
    Nucleus: Sn (A= 120, N= 70, Z= 50)
       Reflection Symmetry Imposed       
            (10/12/2021, 11: 5)                               
  ==========================================


  ---------------------------------------
           UNEDF Module Version: 17
         M.Kortelainen & M.Stoitsov 
  ---------------------------------------

  D1S functional
  ----------------------------------------
  Crho(0)=    0.00000000000000000    ; Crho(1)=   -0.00000000000000000    
  CDrho(0)=   521.474999999999909    ; CDrho(1)=  -521.474999999999909    
  Ctau(0)=    0.00000000000000000    ; Ctau(1)=    0.00000000000000000    
  CrDr(0)=    0.00000000000000000    ; CrDr(1)=    0.00000000000000000    
  CrdJ(0)=   -97.5000000000000000    ; CrdJ(1)=   -32.5000000000000000    
  CJ(0)=     -0.00000000000000000    ; CJ(1)=     -0.00000000000000000    
  CpV0(0)=    0.00000000000000000    ; CpV0(1)=    0.00000000000000000    
  CpV1(0)=    0.00000000000000000    ; CpV1(1)=    0.00000000000000000    
  sigma=     0.333333333333333315    ; hbzero=     20.7366762293157905    
  functional has DME couplings: F
  use 3-Nucleon DME couplings: F

  Finite-range potential
  ----------------------------------------
  mu=      0.699999999999999956      1.199999999999999956
  W=  -1720.299999999999954525    103.640000000000000568
  B=   1300.000000000000000000   -163.479999999999989768
  H=  -1813.529999999999972715    162.810000000000002274
  M=   1397.599999999999909051   -223.930000000000006821
  e^2 chrg=   1.43997840859651349    ; CExPar=     1.00000000000000000    
  c.m. correction: T, chr. density in direct Coul: F
  use tensor terms: F

  Nuclear matter properties
  ----------------------------------------
  E_NM=      -16.0074988556065847    ; K_NM=        202.840551721048712    
  P_NM=     -0.177635683940025046E-14; RHO_NM=     0.163262821017343407    
  ASS_NM=     31.1251088547752488    ; LASS_NM=     22.4414136723446234    
  SMASS_NM=   1.38541191875797787    ; VMASS_NM=    1.78603107194230937    

  Associated (t,x)-coupling constants
  ----------------------------------------
  t3=       8343.59999999999854    ; x3=        1.00000000000000000    
  b4=       65.0000000000000000    ; b4p=       65.0000000000000000    
  te=       0.00000000000000000    ; to=        0.00000000000000000    
  sigma=   0.333333333333333315    ; hbzero=    20.7366762293157905    

  ---------------------------------------
        Characteristics of the run       
  ---------------------------------------
  Output file ................:    57
  Nucleus ....................:   Sn 120
  Number of HO shells ........:    20
  HO length b0 (fm) ..........:     2.13396610000000
  Basis deformation ..........:  beta0=   0.400 q=   1.460
  HO: b0,1/b0,bp,bz,q ........:   0.21339661E+01  0.46861101E+00  0.20035166E+01  0.24208988E+01  0.14600488E+01
  h**2/(2m_n), cmc, e**2 .....:   0.20736676E+02  0.20563871E+02  0.14399784E+01
  h**2/(2m_p), cmc, e**2 .....:   0.20736676E+02  0.20563871E+02  0.14399784E+01
  hom=f*41.0_pr*A^{-1/3}, f...:   0.91071887E+01  0.10956224E+01
  THO basis is ...............:  OFF
  Maximal number of iterations:   200
  Initial mixing parameter ...:  0.300
  Initial wave functions from :  tape
  Energy functional ..........:    D1S                           
    with a finite-range central force
    without Coulomb forces
  Pairing cutoff energy ......:    60.00 MeV
  Lipkin-Nogami procedure is .:  OFF
  PAV procedure is ...........:  OFF
  Constraint calculation is ..:  OFF
  Temperature T ..............:   0.00 MeV
  Pairing regularization is ..:  OFF
  Collective inertia is ......:  OFF
  Fission fragments are ......:  OFF
  Restart indicator ..........:  -1
  Broyden mixing (#iterations):   7

  ---------------------------------------
        Harmonic Oscillator Basis        
  ---------------------------------------
  NUV, NQP:                      142289    1773
  Comparison with bookkeeping spherical basis:
  n00:                               20      20  Maximal number of shells
  nbx, 2*n00+1:                      37      41  Maximal number of K-blocks
  ntx, (n00+1)*(n00+2)*(n00+3)/6   1773    1771  Max.num. p/n levels
  nzx, n00:                          20      20  Maximal nz-quantum number
  nrx, n00/2  :                       9      10  Maximal nr-quantum number
  nlx, n00:                          18      20  Maximal ml-quantum number
  ndx, (n00+2)*(n00+2)/4:           125     121  Maximal dim. of one k-block

  Actual basis used
  Number of blocks: nb .......:   37
  Number of levels: nt .......: 1773
  Maximal 2*omega : nom ......:   37
  Maximal nz:       nzm ......:   20
  Maximal nr:       nrm ......:    9
  Maximal ml:       nlm ......:   18
  Maximal N=nz+2*nr+nl .......:   24
  2 x biggest block dim. .....:  250
  Non-zero elements of h .....:    72031
  Number of Broyden elements .:   288124

  ---------------------------------------
            Integration Meshes           
  ---------------------------------------
  Number of Gauss-Hermite mesh points ngh ....:  50
  Number of Gauss-Laguerre mesh points ngl ...:  50
  Number of Gauss-Legendre mesh points nleg ..:  80
  Integration boundaries
    Hermite  - from xh(1)  =  0.11079587 to xh(ngh)   = 13.40648734
    Laguerre - From xl(1)  =  0.02863052 to xl(ngl)   =180.69834371
    Legendre - From xleg(1)=  0.00978669 to xleg(nleg)=  0.99988775
  Max.dev.in:     Orthogonality            Normalization
  Hermite     1.4352700214901219E-014   4.1078251911130792E-015
  Laguerre    4.5489328246963949E-015   1.6653345369377348E-015

  Calculating the finite range matrix elements
  Matrix elements wall clock time        83.3590

  Reading from wel_file: hfbtho_output.hel


  ### REGULAR STAGE (reflection symmetry imposed)
  |HFB+HO> iterations(b0=  2.134, Nsh= 20, inin= -1, N= 70, Z= 50)...
  ----------------------------------------------------------------------------------------------------------------------------------
  i          si     mix   beta      Etot       A       rn      rp         En      Dn      Ep      Dp        Ln      Lp     time  time(Gog.)
  ----------------------------------------------------------------------------------------------------------------------------------
   0N   0.00000001 0.27  0.000 -1385.166911  120.0   4.626   4.439 |  -20.715   2.247  -0.000  -0.000 |   -7.366 -24.760   0.000   6.693
   1B   0.00000005 0.20  0.000 -1385.166912  120.0   4.626   4.439 |  -41.429   4.494  -0.000  -0.000 |   -7.366 -24.760  45.932   6.698
   2B   0.00000002 0.22  0.000 -1385.166912  120.0   4.626   4.439 |  -41.429   4.494  -0.000  -0.000 |   -7.366 -24.760  46.064   6.729
   3B   0.00000002 0.24  0.000 -1385.166912  120.0   4.626   4.439 |  -41.429   4.494  -0.000  -0.000 |   -7.366 -24.760  46.250   6.722
   4B   0.00000010 0.20  0.000 -1385.166911  120.0   4.626   4.439 |  -41.429   4.494  -0.000  -0.000 |   -7.366 -24.760  46.310   6.744
   5B   0.00000000 0.22  0.000 -1385.166912  120.0   4.626   4.439 |  -41.429   4.494  -0.000  -0.000 |   -7.366 -24.760  44.812   6.631
   5N   0.00000000 0.22  0.000 -1385.166912  120.0   4.626   4.439 |  -41.429   4.494  -0.000  -0.000 |   -7.366 -24.760  46.496   6.737
  ----------------------------------------------------------------------------------------------------------------------------------
  *   iteration converged   after   5 steps   si=     0.0000000017 ho=  0 tho=  0
  ----------------------------------------------------------------------------------------------------------------------------------
  Total CPU time=   4.598 minutes


 #quasiparticle energies neutrons
 --------------------------------
  eqp(k) -> q.p. energy 
  e(k)   -> referent s.p. energy 
  p(k)   -> occ.probability 
  del(k) -> referent s.p. gap 
  fermi energy alast=  -7.3658024616647992     
  #k  block#    eqp(k)     e(k)       (1-2N)E      decay        p(k)        del(k)    overl      labels
   1    1     1.875569   -7.567218   -0.201415    1.340744    0.55369447   1.8647   0.4219  1+[ 4, 1, 1]
   2    1     1.998374   -8.173966   -0.808164    1.349623    0.70220532   1.8277   0.5677  1+[ 4, 0, 0]
   3    1     2.809222   -9.183531   -1.817728    1.406842    0.82352878   2.1419   0.4794  1+[ 4, 3, 1]
   4    1     3.941910  -10.826020   -3.460218    1.483081    0.93890111   1.8883   0.5435  1+[ 4, 4, 0]
   5    1     9.998440    2.607791    9.973593    1.837831    0.00124251   0.7044   0.3659  1+[ 6, 6, 0]
   6    1    10.627428  -17.750108  -10.384305    1.870821    0.98856157   2.2602   0.5823  1+[ 4, 2, 0]
   7    1    11.147136    3.761618   11.127420    1.897646    0.00088434   0.6627   0.3403  1+[ 6, 5, 1]
   8    1    11.231412    3.761517   11.127320    1.901961    0.00463397   1.5256   0.5086  1+[ 6, 3, 1]
   9    1    11.545764    4.150333   11.516135    1.917968    0.00128310   0.8266   0.3667  1+[ 8, 0, 0]
  10    1    13.139231    5.764506   13.130308    1.997137    0.00033953   0.4841   0.3085  1+[ 6, 1, 1]
  11    1    13.629788    6.256716   13.622518    2.020885    0.00026667   0.4451   0.2611  1+[ 6, 1, 1]
  12    1    15.167116    7.783793   15.149595    2.093564    0.00057758   0.7288   0.6521  1+[ 6, 6, 0]
  13    1    16.190986    8.810957   16.176759    2.140600    0.00043933   0.6786   0.4511  1+[ 6, 5, 1]
  14    1    17.041720    9.669969   17.035772    2.178911    0.00017453   0.4502   0.3326  1+[ 6, 2, 0]
  15    1    17.979514   10.606298   17.972100    2.220375    0.00020617   0.5163   0.4085  1+[ 6, 5, 1]
  16    1    19.102703   11.721676   19.087478    2.269041    0.00039851   0.7625   0.3950  1+[ 6, 4, 0]
  17    1    20.302931   12.918546   20.284349    2.319916    0.00045763   0.8685   0.4076  1+[ 6, 0, 0]
  18    1    20.919388   13.534457   20.900259    2.345617    0.00045720   0.8944   0.3797  1+[ 6, 3, 1]
  19    1    21.637367   14.261627   21.627430    2.375201    0.00022964   0.6557   0.3498  1+[ 6, 0, 0]
  20    1    22.100787   14.723464   22.089267    2.394101    0.00026064   0.7135   0.4402  1+[ 8, 8, 0]
  21    1    22.644404   15.275367   22.641170    2.416084    0.00007142   0.3827   0.2774  1+[ 8, 7, 1]
  22    1    23.580733   16.206329   23.572131    2.453486    0.00018239   0.6369   0.4079  1+[ 8, 7, 1]
  23    1    24.545793   17.161781   24.527583    2.491448    0.00037093   0.9453   0.3324  1+[ 6, 2, 0]
  24    1    25.973908   18.589797   25.955600    2.546587    0.00035244   0.9751   0.5346  1+[ 8, 6, 0]
  25    1    27.966154   20.482881   27.848684    2.621570    0.00210023   2.5606   0.3135  1+[ 8, 4, 0]
  26    1    28.300814   20.888758   28.254560    2.633956    0.00081718   1.6174   0.5123  1+[ 8, 5, 1]
  27    1    28.495234  -35.271087  -27.905284    2.641125    0.98964828   5.7683   0.7547  1+[ 2, 0, 0]
  28    1    28.825246   21.311391   28.677194    2.653250    0.00256810   2.9178   0.2580  1+[10, 3, 1]
  29    1    29.827568  -36.977310  -29.611507    2.689740    0.99637817   3.5836   0.7595  1+[ 2, 1, 1]
  30    1    30.220343   22.744282   30.110085    2.703905    0.00182423   2.5791   0.4535  1+[ 8, 4, 0]
  31    1    31.506927   24.064056   31.429858    2.749794    0.00122304   2.2024   0.4193  1+[ 8, 8, 0]
  32    1    32.469697   25.073488   32.439291    2.783638    0.00046823   1.4049   0.3278  1+[ 8, 2, 0]
  33    1    32.536481   24.888707   32.254509    2.785970    0.00433316   4.2742   0.3742  1+[ 8, 8, 0]
  34    1    33.267935   15.664793   23.030596    2.811389    0.15386197  24.0072   0.4107  1+[ 8, 1, 1]
  35    1    33.397978  -29.780767  -22.414965    2.815884    0.83557368  24.7587   0.5682  1+[ 2, 1, 1]
  36    1    34.145086   26.447885   33.813688    2.841571    0.00485280   4.7457   0.3668  1+[ 8, 0, 0]
  37    1    34.970169   27.578314   34.944117    2.869672    0.00037249   1.3496   0.2992  1+[ 8, 7, 1]
  38    1    35.968279   28.595017   35.960820    2.903303    0.00010369   0.7325   0.2791  1+[14, 4, 0]
  39    1    36.527920   29.151529   36.517331    2.921990    0.00014495   0.8795   0.2535  1+[18,11, 1]
  40    1    36.806943   29.437774   36.803577    2.931263    0.00004573   0.4978   0.2870  1+[10, 7, 1]
  41    1    38.252596   30.874108   38.239911    2.978843    0.00016581   0.9850   0.4186  1+[ 8, 6, 0]
  42    1    40.508071   33.129838   40.495640    3.051595    0.00015343   1.0035   0.3898  1+[ 8, 4, 0]
  43    1    42.260080   34.889517   42.255320    3.106932    0.00005631   0.6342   0.3657  1+[10, 5, 1]
  44    1    43.079459   35.703239   43.069042    3.132476    0.00012091   0.9473   0.4179  1+[10,10, 0]
  45    1    43.165366   35.791853   43.157656    3.135142    0.00008931   0.8158   0.3842  1+[10, 9, 1]
  46    1    44.321450   36.953749   44.319551    3.170803    0.00002142   0.4102   0.2444  1+[10, 9, 1]
  47    1    45.511319   38.142310   45.508113    3.207092    0.00003522   0.5402   0.3455  1+[10,10, 0]
  48    1    46.261927   38.887149   46.252951    3.229775    0.00009701   0.9113   0.3043  1+[16, 4, 0]
  49    1    46.839120   39.469689   46.835491    3.247109    0.00003874   0.5830   0.2849  1+[10, 9, 1]
  50    1    48.595485   41.226773   48.592576    3.299297    0.00002993   0.5317   0.3452  1+[10, 8, 0]
  51    1    49.481970   42.113632   49.479434    3.325326    0.00002563   0.5010   0.3940  1+[10, 7, 1]
  52    1    49.798048   42.426131   49.791934    3.334558    0.00006138   0.7803   0.3377  1+[10, 3, 1]
  53    1    50.875115   43.504908   50.870710    3.365826    0.00004329   0.6694   0.3190  1+[10, 6, 0]
  54    1    52.052334   44.670208   52.036011    3.399672    0.00015680   1.3035   0.4946  1+[ 8, 0, 0]
  55    1    53.526023   46.156461   53.522264    3.441574    0.00003512   0.6344   0.2808  1+[12, 7, 1]
  56    1    54.509894   47.140213   54.506015    3.469266    0.00003558   0.6503   0.3095  1+[ 8, 1, 1]
  57    1    54.620178  -61.908026  -54.542223    3.472356    0.99928639   2.9171   0.9658  1+[ 0, 0, 0]
  58    1    54.719255   47.345409   54.711212    3.475130    0.00007350   0.9382   0.3002  1+[10, 6, 0]
  59    1    55.538493   48.170555   55.536358    3.497983    0.00001923   0.4870   0.3168  1+[12,10, 0]
  60    1    55.783936   48.416979   55.782781    3.504801    0.00001035   0.3589   0.3134  1+[12,11, 1]
  61    1    57.281285   49.910685   57.276487    3.546109    0.00004188   0.7414   0.3618  1+[10, 6, 0]
  62    1    58.217681   50.850679   58.216481    3.571699    0.00001031   0.3738   0.3112  1+[12,10, 0]
  63    1    60.264040   52.896694   60.262497    3.626993    0.00001281   0.4313   0.4179  1+[12,12, 0]
  64    1    61.131371   53.764322   61.130124    3.650177    0.00001020   0.3905   0.3789  1+[12, 9, 1]
  65    1    61.924785   54.557872   61.923675    3.671256    0.00000896   0.3707   0.2981  1+[10, 5, 1]
  66    1    63.779635   56.411788   63.777590    3.720070    0.00001602   0.5106   0.4081  1+[12,12, 0]
  67    1    64.404794   57.037654   64.403456    3.736378    0.00001038   0.4150   0.2567  1+[10, 4, 0]
  68    1    65.595002   58.227961   65.593764    3.767232    0.00000944   0.4031   0.3093  1+[12, 9, 1]
  69    1    67.478670   60.112060   67.477862    3.815552    0.00000599   0.3302   0.2419  1+[10, 2, 0]
  70    1    67.652649   60.286416   67.652218    3.819985    0.00000318   0.2414   0.3536  1+[12, 3, 1]
  71    1    69.682039   62.316103   69.681906    3.871309    0.00000096   0.1364   0.2905  1+[16,11, 1]
  72    1    70.355718   62.989215   70.355018    3.888197    0.00000497   0.3138   0.2494  1+[14, 8, 0]
  73    1    71.253031   63.886479   71.252282    3.910577    0.00000526   0.3267   0.3012  1+[10, 3, 1]
  74    1    72.363441   64.997066   72.362869    3.938097    0.00000395   0.2878   0.3386  1+[14, 8, 0]
  75    1    73.192237   65.825506   73.191309    3.958512    0.00000634   0.3686   0.3690  1+[14,12, 0]
  76    1    73.771104   66.402113   73.767916    3.972709    0.00002161   0.6859   0.4374  1+[10, 0, 0]
  77    1    75.614783   68.248154   75.613956    4.017592    0.00000546   0.3535   0.3717  1+[14, 7, 1]
  78    1    76.131794   68.765180   76.130983    4.030088    0.00000533   0.3515   0.3706  1+[10, 0, 0]
  79    1    77.532868   70.166762   77.532565    4.063760    0.00000196   0.2169   0.3104  1+[14,10, 0]
  80    1    78.543448   71.176451   78.542253    4.087874    0.00000760   0.4331   0.3747  1+[12, 6, 0]
  81    1    79.007690   71.641558   79.007360    4.098905    0.00000209   0.2282   0.4156  1+[16,16, 0]
  82    1    80.742158   73.375969   80.741771    4.139855    0.00000239   0.2499   0.2915  1+[14, 9, 1]
  83    1    82.543950   75.177873   82.543675    4.181971    0.00000167   0.2131   0.3466  1+[22,16, 0]
  84    1    83.115929   75.749901   83.115703    4.195252    0.00000136   0.1935   0.2884  1+[22,15, 1]
  85    1    83.703178   76.337064   83.702866    4.208844    0.00000186   0.2286   0.2903  1+[16,16, 0]
  86    1    85.225723   77.859622   85.225424    4.243881    0.00000175   0.2257   0.3212  1+[14, 9, 1]
  87    1    86.204014   78.837967   86.203770    4.266242    0.00000141   0.2051   0.2754  1+[14, 5, 1]
  88    1    89.062831   81.696862   89.062665    4.330924    0.00000093   0.1718   0.4099  1+[14, 4, 0]
  89    1    90.768901   83.402935   90.768738    4.369069    0.00000090   0.1720   0.2753  1+[14, 3, 1]
  90    1    91.535162   84.168841   91.534644    4.386093    0.00000283   0.3082   0.2934  1+[16,14, 0]
  91    1    92.499165   85.133114   92.498917    4.407417    0.00000134   0.2143   0.2716  1+[14, 2, 0]
  92    1    93.453075   86.087066   93.452869    4.428417    0.00000110   0.1960   0.3009  1+[16,14, 0]
  93    1    95.248430   87.882513   95.248316    4.467673    0.00000060   0.1476   0.3165  1+[18,14, 0]
  94    1    95.416482   88.050598   95.416400    4.471330    0.00000043   0.1249   0.3186  1+[20,10, 0]
  95    1    97.284848   89.918765   97.284567    4.511786    0.00000144   0.2336   0.3480  1+[14, 3, 1]
  96    1    98.108016   90.742175   98.107977    4.529496    0.00000020   0.0875   0.3472  1+[18,13, 1]
  97    1   100.182601   92.815631  100.181434    4.573825    0.00000583   0.4837   0.3155  1+[18,18, 0]
  98    1   100.276171   92.909645  100.275448    4.575814    0.00000361   0.3809   0.3397  1+[14, 0, 0]
  99    1   101.346539   93.980581  101.346384    4.598508    0.00000077   0.1773   0.3209  1+[16, 7, 1]
 100    1   103.270278   95.904057  103.269859    4.639017    0.00000203   0.2943   0.3010  1+[20,10, 0]
 101    1   103.598694   96.232632  103.598435    4.645897    0.00000125   0.2319   0.3519  1+[14, 0, 0]
 102    1   104.641569   97.275677  104.641480    4.667678    0.00000043   0.1366   0.3018  1+[20,16, 0]
 103    1   105.599736   98.233486  105.599288    4.687600    0.00000212   0.3075   0.3212  1+[16, 6, 0]
 104    1   106.626099   99.260083  106.625885    4.708847    0.00000100   0.2135   0.4093  1+[18,18, 0]
 105    1   108.699855  101.333790  108.699593    4.751486    0.00000121   0.2390   0.2969  1+[22,13, 1]
 106    1   109.246532  101.880627  109.246429    4.762663    0.00000047   0.1499   0.3294  1+[22,15, 1]
 107    1   113.645524  106.279556  113.645358    4.851662    0.00000073   0.1939   0.3566  1+[20,17, 1]
 108    1   115.346268  107.980379  115.346182    4.885637    0.00000038   0.1416   0.3901  1+[20,10, 0]
 109    1   117.430504  110.064593  117.430396    4.926953    0.00000046   0.1597   0.3798  1+[16, 5, 1]
 110    1   119.180198  111.814275  119.180077    4.961372    0.00000051   0.1699   0.3009  1+[16, 3, 1]
 111    1   120.892991  113.527106  120.892908    4.994835    0.00000034   0.1416   0.3611  1+[20,18, 0]
 112    1   122.082979  114.717093  122.082895    5.017953    0.00000034   0.1428   0.3078  1+[22,15, 1]
 113    1   122.801826  115.435885  122.801687    5.031866    0.00000057   0.1848   0.3706  1+[18, 9, 1]
 114    1   125.551286  118.185408  125.551211    5.084731    0.00000030   0.1371   0.2721  1+[20,11, 1]
 115    1   126.563796  119.197715  126.563518    5.104061    0.00000110   0.2654   0.3892  1+[16, 4, 0]
 116    1   128.691965  121.326026  128.691828    5.144453    0.00000053   0.1877   0.3406  1+[18, 8, 0]
 117    1   131.797391  124.431376  131.797179    5.202831    0.00000080   0.2363   0.3920  1+[16, 1, 1]
 118    1   133.136811  125.770496  133.136298    5.227810    0.00000193   0.3695   0.3462  1+[20,12, 0]
 119    1   134.312140  126.946121  134.311923    5.249630    0.00000081   0.2413   0.4322  1+[22,18, 0]
 120    1   135.122430  127.756277  135.122079    5.264620    0.00000130   0.3079   0.4212  1+[16, 0, 0]
 121    1   136.135643  128.769575  136.135377    5.283305    0.00000098   0.2690   0.3324  1+[20, 7, 1]
 122    1   137.958916  130.592927  137.958729    5.316763    0.00000068   0.2271   0.4165  1+[18, 6, 0]
 123    1   138.959808  131.593795  138.959598    5.335041    0.00000076   0.2417   0.3444  1+[20,13, 1]
 124    1   141.550676  134.184743  141.550545    5.382065    0.00000046   0.1920   0.4297  1+[22,17, 1]
 125    1   143.636409  136.270464  143.636266    5.419625    0.00000050   0.2028   0.3166  1+[18, 6, 0]
 126    2     2.015777   -6.719795    0.646007    1.350876    0.33976224   1.9095   0.4380  1-[ 5, 3, 0]
 127    2     6.882606   -0.607224    6.758579    1.664795    0.00901018   1.3007   0.4960  1-[ 5, 1, 0]
 128    2     8.075413    0.676226    8.042028    1.733079    0.00206704   0.7335   0.4817  1-[ 5, 5, 0]
 129    2     8.774016    1.378132    8.743935    1.771850    0.00171424   0.7259   0.4996  1-[ 5, 0, 1]
 130    2     9.827122    2.375642    9.741445    1.828742    0.00435920   1.2948   0.4430  1-[ 5, 4, 1]
 131    2    11.221165    3.718576   11.084379    1.901437    0.00609499   1.7467   0.5168  1-[ 5, 2, 1]
 132    2    11.679532    4.243068   11.608870    1.924739    0.00302503   1.2828   0.3177  1-[ 7, 7, 0]
 133    2    12.630418    4.876473   12.242275    1.972203    0.01536538   3.1071   0.2734  1-[ 5, 4, 1]
 134    2    13.455106  -19.743931  -12.378128    2.012461    0.95997884   5.2746   0.6836  1-[ 3, 0, 1]
 135    2    13.920058    6.120003   13.485805    2.034807    0.01559810   3.4498   0.2599  1-[ 5, 1, 0]
 136    2    15.175994    4.525272   11.891075    2.093977    0.10822748   9.4294   0.3154  1-[ 5, 0, 1]
 137    2    15.510359  -18.941764  -11.575962    2.109450    0.87316873  10.3232   0.5761  1-[ 3, 3, 0]
 138    2    15.974449  -20.720091  -13.354288    2.130739    0.91798902   8.7662   0.6418  1-[ 3, 2, 1]
 139    2    16.186610    7.712904   15.078706    2.140402    0.03422285   5.8855   0.2542  1-[ 9, 1, 0]
 140    2    16.794346    7.860277   15.226079    2.167841    0.04669032   7.0864   0.2893  1-[ 5, 0, 1]
 141    2    18.293334   10.692054   18.057857    2.234079    0.00643616   2.9257   0.6154  1-[ 7, 7, 0]
 142    2    19.288919   11.887095   19.252898    2.277008    0.00093372   1.1783   0.4510  1-[ 7, 6, 1]
 143    2    20.049132   12.612911   19.978713    2.309251    0.00175616   1.6789   0.4370  1-[ 7, 6, 1]
 144    2    20.408123   12.991589   20.357391    2.324322    0.00124294   1.4381   0.1939  1-[15,15, 0]
 145    2    21.255840   13.823301   21.189103    2.359526    0.00156985   1.6830   0.4595  1-[ 7, 4, 1]
 146    2    21.957337  -28.666600  -21.300797    2.388267    0.98504964   5.3292   0.5637  1-[ 3, 2, 1]
 147    2    22.859776   15.194916   22.560719    2.424738    0.00654113   3.6856   0.4679  1-[ 7, 3, 0]
 148    2    24.716783   17.284730   24.650533    2.498114    0.00134018   1.8085   0.3962  1-[ 7, 4, 1]
 149    2    25.237469   17.864274   25.230076    2.518304    0.00014646   0.6108   0.2686  1-[ 7, 2, 1]
 150    2    25.755503   18.362841   25.728644    2.538232    0.00052143   1.1759   0.2386  1-[ 7, 3, 0]
 151    2    27.026090   19.639982   27.005785    2.586459    0.00037566   1.0474   0.4570  1-[ 7, 1, 0]
 152    2    27.240578   19.839520   27.205322    2.594512    0.00064711   1.3855   0.4062  1-[ 7, 6, 1]
 153    2    28.207325   20.816392   28.182195    2.630502    0.00044546   1.1904   0.3758  1-[ 7, 7, 0]
 154    2    28.810000   21.409130   28.774932    2.652691    0.00060860   1.4210   0.5600  1-[ 7, 0, 1]
 155    2    30.348278   22.974806   30.340609    2.708503    0.00012636   0.6822   0.3453  1-[ 9, 7, 0]
 156    2    31.370267   23.995399   31.361202    2.744956    0.00014449   0.7541   0.2683  1-[ 7, 6, 1]
 157    2    32.061396   24.692677   32.058479    2.769335    0.00004549   0.4325   0.3461  1-[ 9, 6, 1]
 158    2    32.425161   25.056031   32.421833    2.782081    0.00005132   0.4646   0.2638  1-[ 9, 9, 0]
 159    2    33.479067   26.102310   33.468113    2.818684    0.00016359   0.8563   0.3547  1-[ 7, 5, 0]
 160    2    35.760308   28.384475   35.750277    2.896328    0.00014025   0.8469   0.4382  1-[ 9, 5, 0]
 161    2    36.836182   29.465888   36.831690    2.932233    0.00006097   0.5752   0.4727  1-[ 9, 8, 1]
 162    2    38.052410   30.673772   38.039575    2.972300    0.00016865   0.9883   0.3678  1-[ 9, 4, 1]
 163    2    38.212543   30.838424   38.204227    2.977535    0.00010882   0.7972   0.3877  1-[ 9, 9, 0]
 164    2    39.517282   32.146043   39.511845    3.019852    0.00006878   0.6555   0.3298  1-[ 9, 3, 0]
 165    2    39.933466   32.564577   39.930379    3.033226    0.00003865   0.4965   0.2608  1-[ 9, 9, 0]
 166    2    40.531150   33.160033   40.525836    3.052330    0.00006555   0.6563   0.2605  1-[17, 3, 0]
 167    2    41.484447   34.109818   41.475620    3.082556    0.00010639   0.8557   0.2955  1-[11,11, 0]
 168    2    42.466639   35.052669   42.418471    3.113391    0.00056713   2.0221   0.3476  1-[ 9, 7, 0]
 169    2    42.787116  -49.949956  -42.584153    3.123386    0.99762823   4.1626   0.7939  1-[ 1, 0, 1]
 170    2    43.314161   35.915623   43.281425    3.139755    0.00037789   1.6837   0.3398  1-[ 9, 1, 0]
 171    2    44.397563   36.160182   43.525985    3.173137    0.00981561   8.7540   0.3575  1-[11, 7, 0]
 172    2    44.427264  -50.829979  -43.464177    3.174047    0.98916108   9.2004   0.7985  1-[ 1, 1, 0]
 173    2    45.651929   38.265697   45.631499    3.211354    0.00022376   1.3656   0.4223  1-[ 7, 0, 1]
 174    2    46.900059   39.532281   46.898083    3.248934    0.00002106   0.4305   0.3657  1-[ 9, 6, 1]
 175    2    47.893511   40.524743   47.890545    3.278539    0.00003096   0.5330   0.2273  1-[21,18, 1]
 176    2    48.802066   41.434227   48.800029    3.305381    0.00002086   0.4458   0.3291  1-[11,10, 1]
 177    2    49.388612   42.021591   49.387393    3.322595    0.00001234   0.3469   0.3165  1-[11, 9, 0]
 178    2    50.519731   43.153402   50.519204    3.355541    0.00000521   0.2307   0.3342  1-[13, 9, 0]
 179    2    51.129078   43.761372   51.127174    3.373157    0.00001862   0.4412   0.4970  1-[11,10, 1]
 180    2    52.431045   45.063047   52.428850    3.410489    0.00002094   0.4798   0.4308  1-[11, 5, 0]
 181    2    53.100656   45.732819   53.098621    3.429532    0.00001916   0.4649   0.3527  1-[11, 9, 0]
 182    2    54.621596   47.254145   54.619947    3.472396    0.00001509   0.4244   0.3783  1-[11, 4, 1]
 183    2    56.210170   48.842252   56.208055    3.516609    0.00001882   0.4877   0.2952  1-[ 9, 3, 0]
 184    2    56.795990   49.428427   56.794230    3.532774    0.00001550   0.4472   0.3596  1-[11,11, 0]
 185    2    57.706746   50.339294   57.705096    3.557759    0.00001430   0.4364   0.4018  1-[11, 7, 0]
 186    2    59.564720   52.197739   59.563542    3.608192    0.00000989   0.3746   0.3450  1-[11, 6, 1]
 187    2    60.139653   52.773395   60.139198    3.623656    0.00000379   0.2341   0.2692  1-[15, 8, 1]
 188    2    61.738844   54.372327   61.738129    3.666327    0.00000579   0.2971   0.2611  1-[19,13, 0]
 189    2    62.754062   55.387329   62.753132    3.693160    0.00000741   0.3417   0.3133  1-[11, 2, 1]
 190    2    63.235271   55.868624   63.234426    3.705811    0.00000668   0.3268   0.3356  1-[15, 9, 0]
 191    2    65.156181   57.789185   65.154987    3.755886    0.00000916   0.3944   0.3562  1-[13,10, 1]
 192    2    65.947761   58.578652   65.944454    3.776328    0.00002508   0.6605   0.3496  1-[ 9, 0, 1]
 193    2    66.265418   58.898444   66.264247    3.784500    0.00000883   0.3939   0.4951  1-[13,12, 1]
 194    2    67.716708   60.349362   67.715165    3.821615    0.00001139   0.4571   0.3381  1-[ 9, 0, 1]
 195    2    68.840538   61.472979   68.838782    3.850110    0.00001276   0.4918   0.2569  1-[ 9, 0, 1]
 196    2    68.998421   61.631319   68.997121    3.854096    0.00000942   0.4236   0.3155  1-[13,11, 0]
 197    2    69.264645   61.898342   69.264144    3.860808    0.00000362   0.2635   0.3377  1-[13, 9, 0]
 198    2    71.947121   64.580500   71.946302    3.927802    0.00000569   0.3433   0.4473  1-[13, 5, 0]
 199    2    72.696937   65.330612   72.696414    3.946324    0.00000360   0.2757   0.3195  1-[21,14, 1]
 200    2    74.654771   67.288501   74.654304    3.994284    0.00000313   0.2642   0.3386  1-[17,12, 1]
 201    2    75.166752   67.799655   75.165457    4.006731    0.00000861   0.4412   0.3539  1-[13, 4, 1]
 202    2    75.910170   68.543526   75.909329    4.024736    0.00000555   0.3575   0.5051  1-[15,15, 0]
 203    2    77.147375   69.781254   77.147056    4.054523    0.00000207   0.2218   0.2789  1-[17, 9, 0]
 204    2    77.830097   70.463216   77.829018    4.070867    0.00000693   0.4097   0.3700  1-[11, 3, 0]
 205    2    78.095201   70.728601   78.094403    4.077196    0.00000511   0.3530   0.2880  1-[15, 9, 0]
 206    2    80.742028   73.375795   80.741598    4.139852    0.00000266   0.2634   0.3856  1-[13, 8, 1]
 207    2    82.385457   75.019292   82.385095    4.178283    0.00000220   0.2441   0.3841  1-[15,12, 1]
 208    2    84.597154   77.230755   84.596558    4.229451    0.00000353   0.3177   0.3479  1-[15,13, 0]
 209    2    85.597763   78.231777   85.597580    4.252398    0.00000107   0.1771   0.2834  1-[15,11, 0]
 210    2    86.293256   78.927162   86.292965    4.268276    0.00000169   0.2243   0.3976  1-[13, 2, 1]
 211    2    87.220753   79.854680   87.220483    4.289358    0.00000155   0.2172   0.3566  1-[15,14, 1]
 212    2    88.952508   81.586413   88.952216    4.328446    0.00000165   0.2282   0.4227  1-[15, 7, 0]
 213    2    89.710359   82.344310   89.710112    4.345441    0.00000137   0.2103   0.3734  1-[15, 7, 0]
 214    2    91.240238   83.873737   91.239540    4.379548    0.00000383   0.3571   0.3055  1-[13, 0, 1]
 215    2    92.249796   84.883614   92.249417    4.401911    0.00000206   0.2647   0.3121  1-[13, 0, 1]
 216    2    93.871863   86.505992   93.871795    4.437605    0.00000037   0.1135   0.4391  1-[15, 6, 1]
 217    2    94.973256   87.607342   94.973144    4.461679    0.00000059   0.1459   0.3123  1-[21,13, 0]
 218    2    95.397197   88.030978   95.396781    4.470910    0.00000218   0.2817   0.4104  1-[13, 0, 1]
 219    2    96.927229   89.561102   96.926904    4.504071    0.00000167   0.2507   0.3630  1-[19, 9, 0]
 220    2    97.332333   89.966397   97.332200    4.512810    0.00000069   0.1611   0.4967  1-[17,17, 0]
 221    2    97.701651   90.335704   97.701507    4.520762    0.00000074   0.1679   0.3864  1-[21,13, 0]
 222    2   100.092379   92.726549  100.092351    4.571906    0.00000014   0.0738   0.3523  1-[19,15, 0]
 223    2   101.218481   93.852453  101.218255    4.595799    0.00000112   0.2139   0.4329  1-[15, 4, 1]
 224    2   102.051020   94.685085  102.050888    4.613384    0.00000065   0.1642   0.4452  1-[17,10, 1]
 225    2   104.039177   96.673330  104.039133    4.655109    0.00000021   0.0961   0.3948  1-[21,11, 0]
 226    2   105.281393   97.915497  105.281300    4.680990    0.00000044   0.1401   0.4267  1-[15, 3, 0]
 227    2   107.289750   99.923824  107.289627    4.722534    0.00000057   0.1626   0.3252  1-[19,17, 0]
 228    2   107.717338  100.351468  107.717270    4.731332    0.00000031   0.1208   0.3981  1-[19,15, 0]
 229    2   109.396577  102.030694  109.396496    4.765726    0.00000037   0.1331   0.3261  1-[21,10, 1]
 230    2   110.915575  103.549697  110.915500    4.796625    0.00000034   0.1288   0.3850  1-[17,12, 1]
 231    2   114.605608  107.239738  114.605541    4.870871    0.00000029   0.1236   0.4800  1-[19,18, 1]
 232    2   116.402064  109.036131  116.401933    4.906610    0.00000056   0.1741   0.4577  1-[15, 2, 1]
 233    2   117.576243  110.210417  117.576219    4.929829    0.00000010   0.0747   0.3644  1-[23,18, 1]
 234    2   118.433643  111.067815  118.433617    4.946715    0.00000011   0.0777   0.3775  1-[21,13, 0]
 235    2   121.650561  114.284695  121.650497    5.009564    0.00000026   0.1244   0.3427  1-[19,12, 1]
 236    2   122.344402  114.978484  122.344287    5.023017    0.00000047   0.1677   0.4647  1-[17, 7, 0]
 237    2   125.152849  117.786949  125.152751    5.077104    0.00000039   0.1564   0.3595  1-[17, 6, 1]
 238    2   125.954019  118.588032  125.953835    5.092428    0.00000073   0.2152   0.4086  1-[15, 0, 1]
 239    2   127.479625  120.113756  127.479558    5.121482    0.00000026   0.1305   0.3886  1-[21,18, 1]
 240    2   128.731143  121.365215  128.731018    5.145194    0.00000049   0.1797   0.3591  1-[17, 6, 1]
 241    2   129.700070  122.334068  129.699871    5.163477    0.00000077   0.2273   0.4227  1-[15, 0, 1]
 242    2   130.764010  123.398075  130.763878    5.183478    0.00000051   0.1859   0.3192  1-[17, 5, 0]
 243    2   132.929285  125.563261  132.929064    5.223947    0.00000083   0.2428   0.3216  1-[21,11, 0]
 244    2   135.630158  128.264203  135.630005    5.273992    0.00000057   0.2040   0.2846  1-[21,18, 1]
 245    2   136.640616  129.274593  136.640395    5.292593    0.00000081   0.2454   0.3803  1-[19,10, 1]
 246    2   138.428831  131.062913  138.428715    5.325352    0.00000042   0.1790   0.3326  1-[21,16, 1]
 247    2   140.494486  133.128526  140.494328    5.362945    0.00000056   0.2109   0.3543  1-[21,14, 1]
 248    2   143.920740  136.554799  143.920601    5.424725    0.00000048   0.1998   0.4440  1-[17, 3, 0]
 249    3     1.874071   -7.559735   -0.193932    1.340635    0.55174086   1.8640   0.5848  3+[ 4, 0, 2]
 250    3     2.808063   -9.182270   -1.816468    1.406762    0.82343787   2.1414   0.6612  3+[ 4, 2, 2]
 251    3     3.937519  -10.821451   -3.455649    1.482793    0.93881042   1.8875   0.6282  3+[ 4, 1, 1]
 252    3    10.626248  -17.748363  -10.382561    1.870759    0.98853370   2.2626   0.5713  3+[ 4, 3, 1]
 253    3    11.074305    3.688431   11.054234    1.893910    0.00090623   0.6665   0.3420  3+[ 6, 5, 1]
 254    3    11.231446    3.760703   11.126505    1.901962    0.00467177   1.5318   0.5711  3+[ 6, 3, 1]
 255    3    12.114240    4.729029   12.094832    1.946581    0.00080105   0.6855   0.3375  3+[ 8, 0, 2]
 256    3    13.183177    5.808534   13.174337    1.999276    0.00033530   0.4827   0.4161  3+[ 6, 1, 1]
 257    3    13.787263    6.414845   13.780648    2.028450    0.00023990   0.4270   0.2735  3+[ 8, 0, 2]
 258    3    15.824685    8.443699   15.809501    2.123892    0.00047975   0.6931   0.5355  3+[ 6, 5, 1]
 259    3    17.057265    9.687183   17.052985    2.179604    0.00012546   0.3821   0.3221  3+[ 6, 2, 2]
 260    3    17.897325   10.524887   17.890690    2.216772    0.00018537   0.4873   0.3464  3+[ 6, 5, 1]
 261    3    19.300510   11.920934   19.286736    2.277503    0.00035680   0.7290   0.5162  3+[ 6, 4, 2]
 262    3    20.108619   12.726616   20.092419    2.311755    0.00040282   0.8070   0.4457  3+[ 6, 1, 1]
 263    3    21.037407   13.656343   21.022145    2.350506    0.00036274   0.8012   0.4046  3+[ 6, 2, 2]
 264    3    21.877364   14.500985   21.866788    2.385008    0.00024171   0.6802   0.5185  3+[ 6, 0, 2]
 265    3    22.465933   15.094447   22.460250    2.408889    0.00012649   0.5053   0.3955  3+[ 8, 7, 1]
 266    3    23.097314   15.723949   23.089751    2.434248    0.00016372   0.5910   0.4009  3+[ 8, 7, 1]
 267    3    24.451557   17.066296   24.432099    2.487767    0.00039789   0.9753   0.3931  3+[ 6, 2, 2]
 268    3    25.811479   18.436119   25.801921    2.540376    0.00018515   0.7024   0.5600  3+[ 8, 6, 2]
 269    3    27.901925   20.530175   27.895977    2.619186    0.00010659   0.5761   0.4464  3+[ 8, 5, 1]
 270    3    28.070910   20.700893   28.066696    2.625453    0.00007507   0.4864   0.3818  3+[ 8, 5, 1]
 271    3    28.657561   21.288135   28.653937    2.647096    0.00006322   0.4557   0.2578  3+[10, 3, 1]
 272    3    29.821361  -36.981920  -29.616118    2.689516    0.99655880   3.4927   0.8765  3+[ 2, 0, 2]
 273    3    30.524323   23.098132   30.463934    2.714817    0.00098919   1.9191   0.4621  3+[ 8, 4, 2]
 274    3    31.720580   24.338363   31.704166    2.757340    0.00025872   1.0203   0.4233  3+[ 8, 7, 1]
 275    3    32.203037   24.763394   32.129196    2.774305    0.00114649   2.1795   0.3628  3+[ 8, 3, 1]
 276    3    33.024095   23.628341   30.994143    2.802941    0.03073440  11.3997   0.5171  3+[ 8, 1, 1]
 277    3    33.387149  -38.309165  -30.943362    2.815510    0.96340229  12.5383   0.8594  3+[ 2, 1, 1]
 278    3    34.241277   26.674712   34.040514    2.844862    0.00293159   3.7025   0.3357  3+[ 8, 6, 2]
 279    3    35.013835   27.624378   34.990180    2.871152    0.00033779   1.2868   0.3847  3+[ 8, 0, 2]
 280    3    35.743303   28.372463   35.738266    2.895757    0.00007046   0.6000   0.2611  3+[14, 4, 2]
 281    3    36.345080   28.959529   36.325331    2.915898    0.00027168   1.1980   0.2849  3+[10, 7, 1]
 282    3    36.680525   29.312835   36.678638    2.927065    0.00002572   0.3721   0.3056  3+[18,17, 1]
 283    3    38.023331   30.649185   38.014988    2.971348    0.00010972   0.7965   0.3579  3+[ 8, 6, 2]
 284    3    40.738011   33.366852   40.732655    3.058914    0.00006574   0.6606   0.3981  3+[ 8, 4, 2]
 285    3    41.920978   34.549873   41.915675    3.096298    0.00006326   0.6668   0.3853  3+[10, 5, 1]
 286    3    42.706101   35.330442   42.696244    3.120862    0.00011541   0.9175   0.3888  3+[10, 9, 1]
 287    3    44.230038   36.862099   44.227901    3.167998    0.00002416   0.4348   0.2752  3+[10, 8, 2]
 288    3    44.389855   37.022637   44.388439    3.172901    0.00001595   0.3545   0.2536  3+[12, 4, 2]
 289    3    46.051853   38.683213   46.049015    3.223443    0.00003081   0.5112   0.2916  3+[10, 4, 2]
 290    3    46.384970   39.016515   46.382317    3.233478    0.00002859   0.4961   0.2774  3+[10, 7, 1]
 291    3    47.603135   40.234786   47.600589    3.269913    0.00002674   0.4923   0.3768  3+[10, 8, 2]
 292    3    49.347064   41.978229   49.344031    3.321378    0.00003073   0.5471   0.4189  3+[10, 7, 1]
 293    3    49.517322   42.145911   49.511713    3.326360    0.00005664   0.7453   0.4412  3+[ 8, 1, 1]
 294    3    50.787791   43.419677   50.785479    3.363302    0.00002275   0.4845   0.3536  3+[10, 6, 2]
 295    3    52.418069   45.044931   52.410733    3.410119    0.00006997   0.8769   0.3986  3+[ 8, 0, 2]
 296    3    53.308111   45.938309   53.304112    3.435410    0.00003751   0.6529   0.2948  3+[ 8, 0, 2]
 297    3    54.444059   47.075916   54.441719    3.467420    0.00002150   0.5048   0.2562  3+[ 8, 0, 2]
 298    3    54.581164   47.214208   54.580010    3.471264    0.00001057   0.3549   0.2976  3+[10, 6, 2]
 299    3    55.364969   47.998193   55.363995    3.493155    0.00000880   0.3284   0.2873  3+[12,11, 1]
 300    3    56.203571   48.836712   56.202514    3.516426    0.00000941   0.3447   0.2948  3+[12, 9, 1]
 301    3    57.435525   50.068478   57.434281    3.550336    0.00001083   0.3780   0.3424  3+[12,10, 2]
 302    3    57.652761   50.284873   57.650676    3.556282    0.00001808   0.4903   0.3507  3+[10, 6, 2]
 303    3    60.944925   53.577824   60.943626    3.645206    0.00001065   0.3978   0.3403  3+[12, 5, 1]
 304    3    61.510596   54.143810   61.509612    3.660267    0.00000799   0.3478   0.3559  3+[12,11, 1]
 305    3    62.506502   55.139993   62.505796    3.686635    0.00000565   0.2971   0.3367  3+[12, 8, 2]
 306    3    64.410447   57.043914   64.409716    3.736525    0.00000567   0.3067   0.2879  3+[12, 7, 1]
 307    3    64.902215   57.535769   64.901571    3.749304    0.00000496   0.2891   0.3067  3+[12, 8, 2]
 308    3    67.108172   59.742166   67.107968    3.806097    0.00000152   0.1652   0.3122  3+[12, 4, 2]
 309    3    67.388529   60.022090   67.387893    3.813254    0.00000472   0.2929   0.3696  3+[12, 3, 1]
 310    3    69.587550   62.221667   69.587470    3.868934    0.00000058   0.1055   0.2833  3+[16,11, 1]
 311    3    70.574042   63.207551   70.573353    3.893654    0.00000488   0.3118   0.3866  3+[10, 1, 1]
 312    3    71.220916   63.854664   71.220467    3.909778    0.00000315   0.2530   0.2884  3+[14,11, 1]
 313    3    72.340982   64.974768   72.340570    3.937542    0.00000284   0.2439   0.3248  3+[14, 8, 2]
 314    3    72.767550   65.401339   72.767141    3.948064    0.00000281   0.2439   0.5139  3+[14,12, 2]
 315    3    74.254580   66.887781   74.253584    3.984528    0.00000671   0.3847   0.4068  3+[10, 2, 2]
 316    3    75.101934   67.735782   75.101585    4.005158    0.00000232   0.2290   0.3754  3+[14, 7, 1]
 317    3    76.305425   68.938757   76.304560    4.034276    0.00000567   0.3634   0.4932  3+[10, 0, 2]
 318    3    77.507852   70.141832   77.507634    4.063161    0.00000140   0.1836   0.3627  3+[14,10, 2]
 319    3    78.728614   71.362491   78.728294    4.092277    0.00000204   0.2248   0.3387  3+[14, 6, 2]
 320    3    79.814092   72.447929   79.813732    4.117994    0.00000225   0.2397   0.2932  3+[16,15, 1]
 321    3    81.023326   73.657277   81.023080    4.146455    0.00000152   0.1997   0.4570  3+[16,15, 1]
 322    3    82.880564   75.514636   82.880438    4.189792    0.00000076   0.1442   0.2954  3+[16,13, 1]
 323    3    83.009077   75.643052   83.008854    4.192774    0.00000134   0.1925   0.3361  3+[22,16, 2]
 324    3    84.759581   77.393602   84.759405    4.233185    0.00000104   0.1728   0.3497  3+[14, 9, 1]
 325    3    85.860504   78.494503   85.860305    4.258403    0.00000116   0.1851   0.2999  3+[14, 5, 1]
 326    3    88.977224   81.611340   88.977143    4.329001    0.00000046   0.1204   0.3615  3+[14, 4, 2]
 327    3    90.288311   82.922407   90.288210    4.358357    0.00000056   0.1351   0.3418  3+[14, 3, 1]
 328    3    91.808630   84.442690   91.808492    4.392153    0.00000075   0.1593   0.2762  3+[14, 4, 2]
 329    3    92.499354   85.133453   92.499256    4.407421    0.00000053   0.1351   0.2821  3+[14, 3, 1]
 330    3    92.882751   85.516823   92.882625    4.415873    0.00000068   0.1532   0.4532  3+[16,14, 2]
 331    3    94.932736   87.566847   94.932649    4.460795    0.00000045   0.1278   0.3240  3+[18,14, 2]
 332    3    95.527835   88.161934   95.527736    4.473751    0.00000052   0.1372   0.3613  3+[14, 1, 1]
 333    3    96.846124   89.480098   96.845901    4.502319    0.00000115   0.2078   0.3117  3+[14, 1, 1]
 334    3    97.872976   90.507147   97.872949    4.524447    0.00000014   0.0729   0.3703  3+[18,13, 1]
 335    3   100.691437   93.325454  100.691256    4.584632    0.00000090   0.1908   0.3131  3+[16, 7, 1]
 336    3   101.003127   93.636914  101.002717    4.591240    0.00000203   0.2878   0.3723  3+[14, 2, 2]
 337    3   101.980018   94.614113  101.979915    4.611887    0.00000050   0.1448   0.4911  3+[18,17, 1]
 338    3   103.301507   95.935603  103.301406    4.639672    0.00000049   0.1446   0.3151  3+[20,10, 2]
 339    3   103.887687   96.521606  103.887408    4.651943    0.00000134   0.2408   0.4297  3+[14, 0, 2]
 340    3   104.770278   97.404405  104.770207    4.670359    0.00000034   0.1217   0.2658  3+[20,16, 2]
 341    3   106.089255   98.723285  106.089088    4.697746    0.00000079   0.1882   0.3331  3+[16, 6, 2]
 342    3   107.961788  100.595857  107.961660    4.736354    0.00000059   0.1665   0.2996  3+[22,13, 1]
 343    3   108.451069  101.085171  108.450974    4.746391    0.00000044   0.1438   0.3419  3+[22,15, 1]
 344    3   114.258073  106.892183  114.257985    4.863926    0.00000038   0.1416   0.4144  3+[20,17, 1]
 345    3   115.261385  107.895519  115.261321    4.883947    0.00000028   0.1212   0.3437  3+[20,10, 2]
 346    3   117.089229  109.723358  117.089161    4.920212    0.00000029   0.1262   0.4071  3+[16, 5, 1]
 347    3   119.139500  111.773582  119.139384    4.960574    0.00000048   0.1657   0.3338  3+[16, 3, 1]
 348    3   120.726090  113.360224  120.726027    4.991584    0.00000026   0.1234   0.4407  3+[20,18, 2]
 349    3   121.800600  114.434709  121.800511    5.012476    0.00000037   0.1474   0.3649  3+[18, 5, 1]
 350    3   122.531529  115.165665  122.531467    5.026639    0.00000025   0.1236   0.4412  3+[18, 9, 1]
 351    3   125.009900  117.644037  125.009840    5.074365    0.00000024   0.1225   0.2765  3+[22,16, 2]
 352    3   126.557726  119.191801  126.557603    5.103945    0.00000048   0.1761   0.4136  3+[16, 4, 2]
 353    3   128.574126  121.208195  128.573997    5.142225    0.00000050   0.1821   0.3063  3+[18, 8, 2]
 354    3   131.241582  123.875577  131.241379    5.192431    0.00000077   0.2306   0.3979  3+[16, 1, 1]
 355    3   133.376135  126.010177  133.375980    5.232260    0.00000058   0.2038   0.3571  3+[20,12, 2]
 356    3   134.178771  126.812786  134.178589    5.247158    0.00000068   0.2214   0.3483  3+[20,13, 1]
 357    3   135.593717  128.227704  135.593506    5.273320    0.00000078   0.2393   0.3594  3+[16, 2, 2]
 358    3   136.713847  129.347856  136.713658    5.293938    0.00000069   0.2268   0.3236  3+[22,18, 2]
 359    3   137.939333  130.573342  137.939144    5.316405    0.00000068   0.2279   0.3832  3+[18, 6, 2]
 360    3   138.694870  131.328868  138.694671    5.330209    0.00000072   0.2354   0.4228  3+[16, 0, 2]
 361    3   140.942647  133.576727  140.942530    5.371066    0.00000042   0.1819   0.4024  3+[22,17, 1]
 362    3   143.725182  136.359238  143.725040    5.421218    0.00000049   0.2020   0.3731  3+[18, 6, 2]
 363    4     2.015831   -6.719120    0.646682    1.350880    0.33959914   1.9093   0.4595  3-[ 5, 2, 1]
 364    4     6.887307   -0.602509    6.763293    1.665070    0.00900306   1.3011   0.5865  3-[ 5, 4, 1]
 365    4     8.238765    0.834457    8.200259    1.742222    0.00233690   0.7956   0.6333  3-[ 5, 0, 1]
 366    4     9.855627    2.401104    9.766907    1.830257    0.00450099   1.3194   0.5655  3-[ 5, 1, 2]
 367    4    11.224690    3.722046   11.087848    1.901617    0.00609558   1.7474   0.5872  3-[ 5, 3, 2]
 368    4    12.354429    4.941891   12.307693    1.958545    0.00189147   1.0736   0.2945  3-[ 7, 6, 1]
 369    4    14.056780    6.406811   13.772613    2.041331    0.01010781   2.8121   0.2546  3-[ 7, 5, 2]
 370    4    14.828957    4.517866   11.883668    2.077795    0.09930869   8.8700   0.3263  3-[ 5, 0, 1]
 371    4    15.529254  -18.743764  -11.377962    2.110321    0.86633960  10.5688   0.7803  3-[ 3, 0, 1]
 372    4    15.979800  -20.081522  -12.715720    2.130984    0.89786855   9.6780   0.7823  3-[ 3, 1, 2]
 373    4    16.098541    7.033332   14.399135    2.136396    0.05278137   7.1992   0.2893  3-[11, 0, 1]
 374    4    16.731162    7.393608   14.759410    2.165004    0.05892453   7.8798   0.2588  3-[11, 1, 2]
 375    4    19.091741   11.677366   19.043168    2.268571    0.00127208   1.3610   0.5065  3-[ 7, 6, 1]
 376    4    19.853611   12.407166   19.772969    2.301002    0.00203091   1.7876   0.4056  3-[ 7, 6, 1]
 377    4    20.199625   12.787805   20.153607    2.315581    0.00113908   1.3627   0.2276  3-[ 7, 5, 2]
 378    4    21.158096   13.665353   21.031155    2.355494    0.00299982   2.3142   0.5263  3-[ 7, 4, 1]
 379    4    21.957875  -28.434472  -21.068670    2.388288    0.97975203   6.1854   0.7259  3-[ 3, 2, 1]
 380    4    22.828055   14.992843   22.358646    2.423466    0.01028141   4.6055   0.4775  3-[ 7, 5, 2]
 381    4    24.532073   17.118812   24.484614    2.490912    0.00096727   1.5252   0.4399  3-[ 7, 2, 1]
 382    4    25.188990   17.815242   25.181045    2.516431    0.00015771   0.6326   0.2355  3-[ 7, 3, 2]
 383    4    25.854869   18.476241   25.842043    2.542036    0.00024803   0.8143   0.3359  3-[ 9, 8, 1]
 384    4    26.938249   19.531261   26.897063    2.583154    0.00076444   1.4890   0.4228  3-[ 7, 1, 2]
 385    4    27.223137   19.839912   27.205715    2.593858    0.00031998   0.9738   0.3938  3-[ 7, 6, 1]
 386    4    28.352961   20.947804   28.313606    2.635881    0.00069401   1.4934   0.6099  3-[ 7, 0, 1]
 387    4    30.221308   22.849771   30.215573    2.703940    0.00009487   0.5887   0.3672  3-[ 9, 7, 2]
 388    4    31.237015   23.863590   31.229393    2.740230    0.00012201   0.6900   0.2487  3-[ 7, 2, 1]
 389    4    31.932798   24.562963   31.928766    2.764815    0.00006313   0.5074   0.4160  3-[ 9, 6, 1]
 390    4    32.171320   24.803036   32.168839    2.773193    0.00003856   0.3995   0.2438  3-[17,15, 2]
 391    4    33.225286   25.851059   33.216862    2.809913    0.00012678   0.7482   0.3470  3-[ 7, 5, 2]
 392    4    35.880448   28.509380   35.875183    2.900359    0.00007338   0.6147   0.3997  3-[ 9, 5, 2]
 393    4    36.346828   28.976370   36.342172    2.915956    0.00006405   0.5818   0.4309  3-[ 9, 8, 1]
 394    4    37.581510   30.207769   37.573572    2.956851    0.00010561   0.7724   0.3930  3-[ 9, 4, 1]
 395    4    39.271053   31.901237   39.267040    3.011911    0.00005110   0.5614   0.3503  3-[ 9, 7, 2]
 396    4    39.529765   32.161766   39.527568    3.020254    0.00002779   0.4168   0.3034  3-[ 9, 3, 2]
 397    4    40.321649   32.955172   40.320974    3.045647    0.00000837   0.2333   0.2814  3-[19,17, 2]
 398    4    40.685954   33.317464   40.683267    3.057259    0.00003303   0.4676   0.2384  3-[ 7, 3, 2]
 399    4    41.774869   34.405118   41.770921    3.091705    0.00004726   0.5744   0.4179  3-[ 9, 7, 2]
 400    4    43.071487   35.701447   43.067249    3.132228    0.00004919   0.6042   0.3879  3-[ 9, 2, 1]
 401    4    44.400289    7.789675   15.155477    3.173221    0.32933132  41.7336   0.5547  3-[ 1, 0, 1]
 402    4    44.437089  -22.417810  -15.052008    3.174348    0.66936312  41.8102   0.7896  3-[ 1, 0, 1]
 403    4    45.377194   37.981946   45.347748    3.203022    0.00032446   1.6345   0.3825  3-[ 7, 0, 1]
 404    4    46.603692   39.236231   46.602033    3.240050    0.00001780   0.3933   0.3634  3-[ 9, 6, 1]
 405    4    47.735697   40.367464   47.733266    3.273854    0.00002546   0.4818   0.2622  3-[ 9, 1, 2]
 406    4    48.309767   40.941706   48.307509    3.290864    0.00002338   0.4672   0.3733  3-[11,10, 1]
 407    4    49.550546   42.183890   49.549692    3.327332    0.00000862   0.2909   0.2838  3-[11, 9, 2]
 408    4    50.239782   42.873660   50.239462    3.347417    0.00000318   0.1793   0.3006  3-[13, 9, 2]
 409    4    50.859125   43.491398   50.857200    3.365364    0.00001892   0.4424   0.3701  3-[11,10, 1]
 410    4    52.606581   45.239021   52.604824    3.415492    0.00001670   0.4299   0.4427  3-[11, 5, 2]
 411    4    53.648278   46.279919   53.645721    3.445027    0.00002383   0.5237   0.4465  3-[11, 9, 2]
 412    4    54.271752   46.904178   54.269981    3.462584    0.00001632   0.4385   0.3692  3-[11, 8, 1]
 413    4    56.692236   49.324531   56.690333    3.529916    0.00001678   0.4645   0.4033  3-[ 9, 3, 2]
 414    4    57.515186   50.148565   57.514368    3.552518    0.00000712   0.3069   0.4459  3-[11, 7, 2]
 415    4    59.038623   51.671567   59.037370    3.593983    0.00001061   0.3847   0.3735  3-[11, 6, 1]
 416    4    59.824766   52.458628   59.824430    3.615195    0.00000281   0.2005   0.2938  3-[21,18, 1]
 417    4    61.689698   54.323256   61.689058    3.665023    0.00000518   0.2809   0.2681  3-[11, 2, 1]
 418    4    62.267340   54.900741   62.266543    3.680320    0.00000640   0.3150   0.3190  3-[11, 2, 1]
 419    4    63.236686   55.870055   63.235857    3.705848    0.00000655   0.3237   0.3089  3-[11, 7, 2]
 420    4    64.809411   57.442660   64.808462    3.746896    0.00000732   0.3507   0.2962  3-[13,11, 2]
 421    4    65.411018   58.044171   65.409974    3.762479    0.00000798   0.3696   0.4409  3-[13,12, 1]
 422    4    65.685883   58.316358   65.682160    3.769578    0.00002834   0.6994   0.4401  3-[ 9, 0, 1]
 423    4    67.381550   60.014575   67.380377    3.813076    0.00000870   0.3975   0.3911  3-[13, 6, 1]
 424    4    68.631441   61.263856   68.629659    3.844824    0.00001298   0.4945   0.3526  3-[ 9, 1, 2]
 425    4    69.172251   61.805605   69.171408    3.858480    0.00000609   0.3415   0.2993  3-[13, 9, 2]
 426    4    69.794884   62.428598   69.794401    3.874143    0.00000347   0.2598   0.3233  3-[13,11, 2]
 427    4    71.694893   64.328616   71.694419    3.921551    0.00000331   0.2608   0.2915  3-[13, 5, 2]
 428    4    72.576910   65.210589   72.576392    3.943365    0.00000357   0.2742   0.3925  3-[11, 5, 2]
 429    4    74.577307   67.210640   74.576442    3.992398    0.00000580   0.3592   0.3157  3-[13, 4, 1]
 430    4    75.100066   67.733820   75.099623    4.005112    0.00000295   0.2581   0.2722  3-[17,10, 1]
 431    4    76.848263   69.482335   76.848138    4.047342    0.00000081   0.1387   0.3226  3-[17,11, 2]
 432    4    78.042407   70.675743   78.041546    4.075936    0.00000552   0.3666   0.3926  3-[11, 3, 2]
 433    4    78.427207   71.060727   78.426529    4.085108    0.00000432   0.3260   0.3168  3-[11, 3, 2]
 434    4    79.974140   72.607982   79.973784    4.121772    0.00000222   0.2386   0.3745  3-[13, 8, 1]
 435    4    82.077109   74.710964   82.076767    4.171099    0.00000209   0.2371   0.3854  3-[15,12, 1]
 436    4    83.976350   76.610417   83.976219    4.215151    0.00000078   0.1480   0.4342  3-[17,16, 1]
 437    4    85.411350   78.045329   85.411132    4.248133    0.00000128   0.1931   0.3301  3-[13, 2, 1]
 438    4    85.867319   78.501255   85.867058    4.258559    0.00000152   0.2121   0.3860  3-[13, 2, 1]
 439    4    86.893004   79.526963   86.892765    4.281920    0.00000138   0.2039   0.3692  3-[23,16, 1]
 440    4    89.010006   81.644075   89.009878    4.329738    0.00000072   0.1514   0.4869  3-[15, 7, 2]
 441    4    90.183881   82.817873   90.183676    4.356026    0.00000114   0.1926   0.3457  3-[15,13, 2]
 442    4    90.911820   83.545098   90.910900    4.372249    0.00000506   0.4090   0.4642  3-[13, 0, 1]
 443    4    92.052629   84.686638   92.052441    4.397552    0.00000102   0.1860   0.2597  3-[21,12, 1]
 444    4    93.499152   86.133281   93.499083    4.429429    0.00000037   0.1134   0.4674  3-[15, 6, 1]
 445    4    95.200866   87.834729   95.200531    4.466637    0.00000176   0.2525   0.4492  3-[13, 1, 2]
 446    4    95.285831   87.919954   95.285756    4.468487    0.00000039   0.1195   0.2763  3-[15, 5, 2]
 447    4    96.783167   89.417248   96.783051    4.500959    0.00000060   0.1504   0.4238  3-[19, 9, 2]
 448    4    97.762918   90.397034   97.762837    4.522080    0.00000042   0.1261   0.3996  3-[21,13, 2]
 449    4    99.288547   91.922715   99.288518    4.554774    0.00000015   0.0768   0.3412  3-[19,15, 2]
 450    4   100.793247   93.427281  100.793084    4.586791    0.00000081   0.1814   0.4361  3-[15, 4, 1]
 451    4   101.835780   94.469856  101.835659    4.608844    0.00000060   0.1571   0.3961  3-[17,10, 1]
 452    4   103.723987   96.358141  103.723944    4.648519    0.00000021   0.0944   0.3418  3-[21,11, 2]
 453    4   105.484523   98.118654  105.484456    4.685209    0.00000032   0.1186   0.4539  3-[15, 3, 2]
 454    4   106.061478   98.695602  106.061404    4.697170    0.00000035   0.1246   0.3314  3-[19,18, 1]
 455    4   107.652161  100.286304  107.652107    4.729992    0.00000025   0.1083   0.3486  3-[19,15, 2]
 456    4   109.118048  101.752164  109.117966    4.760038    0.00000038   0.1337   0.2946  3-[17,13, 2]
 457    4   110.239714  102.873852  110.239654    4.782901    0.00000027   0.1154   0.3841  3-[23,16, 1]
 458    4   115.306703  107.940823  115.306625    4.884849    0.00000034   0.1335   0.4002  3-[19,18, 1]
 459    4   115.881109  108.515194  115.880997    4.896273    0.00000048   0.1614   0.4642  3-[15, 2, 1]
 460    4   117.169132  109.803299  117.169102    4.921791    0.00000013   0.0844   0.3821  3-[23,18, 1]
 461    4   118.184015  110.818184  118.183987    4.941805    0.00000012   0.0819   0.3926  3-[21,13, 2]
 462    4   121.634232  114.268376  121.634178    5.009247    0.00000022   0.1148   0.3801  3-[19,12, 1]
 463    4   122.505910  115.139989  122.505791    5.026143    0.00000049   0.1708   0.4797  3-[17, 7, 2]
 464    4   124.428699  117.062802  124.428604    5.063213    0.00000038   0.1539   0.3479  3-[17, 6, 1]
 465    4   125.323698  117.957708  125.323510    5.080376    0.00000075   0.2171   0.4919  3-[15, 0, 1]
 466    4   127.632135  120.266258  127.632061    5.124378    0.00000029   0.1381   0.3856  3-[21,18, 1]
 467    4   127.850056  120.484143  127.849946    5.128512    0.00000043   0.1677   0.4321  3-[17, 6, 1]
 468    4   129.436312  122.070314  129.436117    5.158506    0.00000075   0.2248   0.4847  3-[15, 1, 2]
 469    4   130.421228  123.055301  130.421103    5.177043    0.00000048   0.1806   0.3956  3-[17, 4, 1]
 470    4   133.114668  125.748667  133.114470    5.227398    0.00000074   0.2294   0.3697  3-[19,11, 2]
 471    4   135.587591  128.221602  135.587405    5.273207    0.00000069   0.2245   0.4553  3-[19,10, 1]
 472    4   136.159916  128.793953  136.159755    5.283752    0.00000059   0.2093   0.3847  3-[17, 5, 2]
 473    4   138.443784  131.077839  138.443641    5.325625    0.00000051   0.1985   0.4064  3-[21,16, 1]
 474    4   140.219758  132.853818  140.219620    5.357960    0.00000049   0.1962   0.3083  3-[21,14, 1]
 475    4   143.967164  136.601219  143.967022    5.425557    0.00000049   0.2023   0.5060  3-[17, 3, 2]
 476    5     2.807097   -9.181355   -1.815552    1.406695    0.82338604   2.1409   0.7843  5+[ 4, 1, 3]
 477    5     3.932393  -10.816213   -3.450411    1.482457    0.93871646   1.8864   0.8451  5+[ 4, 0, 2]
 478    5    10.625703  -17.750150  -10.384347    1.870731    0.98864284   2.2519   0.7799  5+[ 4, 2, 2]
 479    5    11.229605    3.758507   11.124309    1.901868    0.00468829   1.5342   0.5249  5+[ 6, 2, 2]
 480    5    11.853869    4.466227   11.832029    1.933528    0.00092120   0.7192   0.3607  5+[ 8, 0, 2]
 481    5    13.319581    5.945253   13.311056    2.005900    0.00032002   0.4765   0.3393  5+[ 6, 0, 2]
 482    5    14.261370    6.890698   14.256500    2.051056    0.00017073   0.3727   0.3777  5+[ 6, 1, 3]
 483    5    16.524054    9.145392   16.511195    2.155680    0.00038912   0.6518   0.3697  5+[ 6, 4, 2]
 484    5    17.685194   10.314942   17.680744    2.207446    0.00012579   0.3967   0.3208  5+[ 6, 1, 3]
 485    5    18.949289   11.572580   18.938383    2.262455    0.00028777   0.6428   0.3649  5+[ 6, 2, 2]
 486    5    20.357671   12.975591   20.341394    2.322209    0.00039978   0.8139   0.5241  5+[ 6, 0, 2]
 487    5    20.858777   13.477013   20.842815    2.343103    0.00038261   0.8159   0.5112  5+[ 6, 3, 3]
 488    5    21.842809   14.467945   21.833747    2.383598    0.00020742   0.6291   0.4970  5+[ 6, 1, 3]
 489    5    22.426002   15.057186   22.422988    2.407276    0.00006719   0.3676   0.2233  5+[ 8, 6, 2]
 490    5    24.432270   17.046984   24.412786    2.487012    0.00039873   0.9755   0.3914  5+[ 6, 1, 3]
 491    5    25.031044   17.655294   25.021097    2.510319    0.00019870   0.7056   0.5795  5+[ 8, 6, 2]
 492    5    27.666316   20.296999   27.662802    2.610422    0.00006351   0.4409   0.3351  5+[ 8, 4, 2]
 493    5    27.823186   20.454589   27.820392    2.616260    0.00005022   0.3943   0.4182  5+[ 8, 5, 3]
 494    5    28.930453   21.557523   28.923325    2.657104    0.00012319   0.6422   0.3190  5+[ 8, 5, 3]
 495    5    29.845581   22.468629   29.834432    2.690391    0.00018678   0.8157   0.4674  5+[ 8, 4, 2]
 496    5    31.983885   24.582418   31.948221    2.766612    0.00055754   1.5100   0.3921  5+[ 8, 2, 2]
 497    5    33.082918   22.282931   29.648734    2.804981    0.05190268  14.6776   0.3164  5+[ 8, 0, 2]
 498    5    33.339014   18.027268   25.393071    2.813847    0.11916884  21.6028   0.3782  5+[ 8, 1, 3]
 499    5    33.389794  -28.568984  -21.203182    2.815602    0.81750992  25.7935   0.8791  5+[ 2, 0, 2]
 500    5    34.202575   26.191920   33.557722    2.843538    0.00942696   6.6102   0.4075  5+[ 8, 0, 2]
 501    5    35.299522   27.932892   35.298694    2.880813    0.00001172   0.2417   0.2651  5+[20,17, 3]
 502    5    35.793489   28.425349   35.791151    2.897442    0.00003265   0.4091   0.2556  5+[14, 4, 2]
 503    5    36.745968   29.372398   36.738200    2.929239    0.00010570   0.7555   0.3208  5+[ 8, 1, 3]
 504    5    38.031143   30.655682   38.021485    2.971604    0.00012697   0.8570   0.3571  5+[10, 6, 2]
 505    5    39.785888   32.415364   39.781166    3.028490    0.00005934   0.6130   0.4050  5+[ 8, 5, 3]
 506    5    42.281273   34.913375   42.279178    3.107595    0.00002478   0.4209   0.4166  5+[10, 8, 2]
 507    5    42.799987   35.430188   42.795990    3.123787    0.00004669   0.5849   0.3687  5+[10, 5, 3]
 508    5    44.082211   36.714951   44.080753    3.163457    0.00001653   0.3585   0.2653  5+[12, 4, 2]
 509    5    44.747650   37.381596   44.747398    3.183849    0.00000281   0.1500   0.3148  5+[20,17, 3]
 510    5    45.640490   38.271185   45.636988    3.211007    0.00003837   0.5654   0.3164  5+[16, 4, 2]
 511    5    47.541826   40.173669   47.539471    3.268089    0.00002477   0.4732   0.3559  5+[10, 7, 3]
 512    5    48.615692   41.247913   48.613716    3.299893    0.00002033   0.4384   0.4025  5+[10, 7, 3]
 513    5    49.659007   42.289972   49.655774    3.330500    0.00003255   0.5667   0.4005  5+[10, 3, 3]
 514    5    50.367727   42.999994   50.365796    3.351133    0.00001917   0.4411   0.3188  5+[10, 6, 2]
 515    5    51.659788   44.284518   51.650321    3.388424    0.00009163   0.9890   0.5188  5+[ 8, 0, 2]
 516    5    53.214813   45.847395   53.213197    3.432768    0.00001519   0.4147   0.2665  5+[14, 9, 3]
 517    5    53.945119   46.578468   53.944271    3.453397    0.00000786   0.3025   0.3682  5+[12,10, 2]
 518    5    54.360980   46.992822   54.358624    3.465089    0.00002167   0.5061   0.3489  5+[ 8, 1, 3]
 519    5    55.076134   47.709744   55.075547    3.485104    0.00000533   0.2543   0.2857  5+[14,10, 2]
 520    5    55.798188   48.431874   55.797677    3.505196    0.00000458   0.2389   0.2819  5+[10, 5, 3]
 521    5    56.589577   49.222048   56.587851    3.527086    0.00001526   0.4421   0.3347  5+[12, 6, 2]
 522    5    58.821220   51.454114   58.819917    3.588095    0.00001108   0.3915   0.3667  5+[12,10, 2]
 523    5    60.180948   52.814612   60.180414    3.624764    0.00000443   0.2533   0.4176  5+[12, 9, 3]
 524    5    61.360903   53.994140   61.359942    3.656287    0.00000783   0.3434   0.3898  5+[10, 5, 3]
 525    5    63.861652   56.495422   63.861225    3.722213    0.00000335   0.2337   0.2945  5+[16,10, 2]
 526    5    65.350525   57.983955   65.349757    3.760915    0.00000587   0.3168   0.2986  5+[12, 9, 3]
 527    5    66.808309   59.442113   66.807915    3.798427    0.00000295   0.2294   0.2442  5+[22,18, 2]
 528    5    67.383232   60.017017   67.382819    3.813119    0.00000306   0.2359   0.3479  5+[12, 2, 2]
 529    5    68.781722   61.415883   68.781685    3.848624    0.00000026   0.0706   0.3195  5+[16,11, 3]
 530    5    69.289866   61.923681   69.289484    3.861444    0.00000276   0.2301   0.2591  5+[14, 8, 2]
 531    5    70.702838   63.336532   70.702334    3.896870    0.00000356   0.2669   0.3434  5+[10, 3, 3]
 532    5    71.744091   64.377925   71.743727    3.922771    0.00000254   0.2285   0.3183  5+[14, 8, 2]
 533    5    73.407468   66.040950   73.406752    3.963797    0.00000487   0.3241   0.5065  5+[10, 0, 2]
 534    5    74.326744   66.960447   74.326249    3.986289    0.00000333   0.2713   0.3544  5+[14,11, 3]
 535    5    75.222965   67.856850   75.222652    4.008095    0.00000208   0.2169   0.3208  5+[12, 6, 2]
 536    5    75.811209   68.444447   75.810250    4.022344    0.00000633   0.3814   0.4298  5+[10, 1, 3]
 537    5    76.872379   69.506238   76.872040    4.047921    0.00000220   0.2282   0.2710  5+[14,10, 2]
 538    5    77.733993   70.367854   77.733657    4.068570    0.00000216   0.2286   0.3764  5+[14, 6, 2]
 539    5    80.225303   72.859266   80.225068    4.127695    0.00000146   0.1939   0.3320  5+[14, 9, 3]
 540    5    81.904024   74.538129   81.903931    4.167061    0.00000057   0.1231   0.3027  5+[22,16, 2]
 541    5    82.678906   75.312961   82.678764    4.185108    0.00000086   0.1536   0.3506  5+[16,10, 2]
 542    5    83.946813   76.580753   83.946556    4.214470    0.00000153   0.2079   0.3326  5+[14, 9, 3]
 543    5    85.253759   77.887766   85.253568    4.244523    0.00000112   0.1804   0.3475  5+[14, 5, 3]
 544    5    88.505432   81.139567   88.505370    4.318389    0.00000035   0.1054   0.4140  5+[14, 4, 2]
 545    5    89.996805   82.630918   89.996721    4.351847    0.00000047   0.1233   0.3398  5+[18,16, 2]
 546    5    90.639097   83.273189   90.638991    4.366178    0.00000058   0.1382   0.2906  5+[14, 5, 3]
 547    5    91.903960   84.538068   91.903871    4.394263    0.00000048   0.1278   0.3873  5+[14, 2, 2]
 548    5    93.452826   86.086972   93.452774    4.428411    0.00000027   0.0978   0.2928  5+[16,12, 2]
 549    5    94.397648   87.031782   94.397584    4.449113    0.00000034   0.1100   0.4715  5+[16, 8, 2]
 550    5    95.705842   88.339907   95.705710    4.477619    0.00000069   0.1588   0.3862  5+[16,13, 3]
 551    5    97.002333   89.636291   97.002093    4.505692    0.00000124   0.2157   0.3809  5+[14, 3, 3]
 552    5    97.714565   90.348742   97.714545    4.521040    0.00000010   0.0624   0.3739  5+[18,13, 3]
 553    5    99.501546   92.135325   99.501127    4.559320    0.00000210   0.2887   0.4944  5+[14, 0, 2]
 554    5   100.625347   93.259449  100.625251    4.583230    0.00000048   0.1390   0.3809  5+[18,12, 2]
 555    5   102.712717   95.346659  102.712462    4.627313    0.00000124   0.2289   0.3901  5+[16, 6, 2]
 556    5   103.294759   95.928843  103.294645    4.639530    0.00000055   0.1534   0.4059  5+[16, 7, 3]
 557    5   103.820133   96.454285  103.820088    4.650530    0.00000022   0.0971   0.3444  5+[20,16, 2]
 558    5   104.568653   97.202735  104.568538    4.666158    0.00000055   0.1551   0.2927  5+[16, 6, 2]
 559    5   107.855136  100.489240  107.855043    4.734164    0.00000043   0.1422   0.3075  5+[22,13, 3]
 560    5   109.166024  101.800157  109.165960    4.761018    0.00000029   0.1184   0.3689  5+[16,11, 3]
 561    5   110.684027  103.318171  110.683973    4.791928    0.00000024   0.1089   0.4830  5+[20,18, 2]
 562    5   114.644989  107.279161  114.644963    4.871657    0.00000011   0.0764   0.4056  5+[20,10, 2]
 563    5   116.868839  109.502992  116.868794    4.915853    0.00000019   0.1023   0.3656  5+[16, 5, 3]
 564    5   118.305643  110.939742  118.305544    4.944198    0.00000042   0.1529   0.3174  5+[18, 4, 2]
 565    5   120.908722  113.542862  120.908665    4.995141    0.00000024   0.1175   0.2674  5+[18, 5, 3]
 566    5   121.384202  114.018326  121.384129    5.004391    0.00000030   0.1337   0.3139  5+[18, 5, 3]
 567    5   123.129303  115.763400  123.129202    5.038192    0.00000041   0.1574   0.3258  5+[20,17, 3]
 568    5   125.158276  117.792410  125.158213    5.077208    0.00000025   0.1258   0.2590  5+[20,18, 2]
 569    5   125.706403  118.340476  125.706278    5.087697    0.00000049   0.1768   0.3531  5+[16, 4, 2]
 570    5   127.684881  120.318975  127.684777    5.125379    0.00000041   0.1629   0.3800  5+[18, 8, 2]
 571    5   131.152037  123.786086  131.151889    5.190754    0.00000056   0.1971   0.3289  5+[16, 3, 3]
 572    5   132.340610  124.974648  132.340450    5.212976    0.00000060   0.2057   0.3344  5+[22,18, 2]
 573    5   132.604786  125.238851  132.604654    5.217902    0.00000050   0.1871   0.2724  5+[16, 3, 3]
 574    5   134.444618  127.078565  134.444367    5.252084    0.00000093   0.2598   0.5085  5+[16, 0, 2]
 575    5   135.889761  128.523809  135.889612    5.278777    0.00000055   0.2013   0.3722  5+[18, 7, 3]
 576    5   137.167759  129.801765  137.167568    5.302271    0.00000069   0.2287   0.3960  5+[18, 6, 2]
 577    5   139.127577  131.761601  139.127404    5.338098    0.00000062   0.2193   0.3343  5+[20,13, 3]
 578    5   141.633436  134.267519  141.633321    5.383560    0.00000041   0.1804   0.4500  5+[22,17, 3]
 579    5   142.986856  135.620922  142.986725    5.407956    0.00000046   0.1936   0.2843  5+[18, 6, 2]
 580    6     2.016125   -6.717277    0.648525    1.350901    0.33916546   1.9090   0.5240  5-[ 5, 3, 2]
 581    6     6.894766   -0.595492    6.770310    1.665505    0.00902536   1.3041   0.7065  5-[ 5, 1, 2]
 582    6     9.977520    2.512700    9.878502    1.836723    0.00496206   1.4022   0.7170  5-[ 5, 0, 3]
 583    6    11.230862    3.727685   11.093488    1.901932    0.00611590   1.7512   0.7476  5-[ 5, 2, 3]
 584    6    13.618572    6.217006   13.582809    2.020345    0.00131303   0.9863   0.2598  5-[ 7, 5, 2]
 585    6    15.550902    2.941451   10.307254    2.111318    0.16859626  11.6444   0.3782  5-[ 3, 0, 3]
 586    6    16.059073  -16.085210   -8.719408    2.134599    0.77147917  13.4858   0.8002  5-[ 3, 0, 3]
 587    6    16.190195    7.886634   15.252436    2.140564    0.02896070   5.4301   0.3175  5-[ 9, 1, 2]
 588    6    17.300359    9.105421   16.471223    2.190425    0.02396295   5.2916   0.3766  5-[11, 0, 3]
 589    6    19.588859   12.217452   19.583255    2.289784    0.00014305   0.4685   0.3480  5-[ 7, 3, 2]
 590    6    20.389212   13.015610   20.381413    2.323530    0.00019126   0.5639   0.2671  5-[ 7, 2, 3]
 591    6    20.959303   13.453858   20.819661    2.347272    0.00333128   2.4154   0.5652  5-[ 7, 5, 2]
 592    6    21.931182  -26.883562  -19.517760    2.387201    0.94497738  10.0017   0.8795  5-[ 3, 1, 2]
 593    6    22.595432   13.103048   20.468850    2.414112    0.04705778   9.5697   0.5070  5-[ 7, 3, 2]
 594    6    24.759941   17.386496   24.752298    2.499794    0.00015435   0.6152   0.4866  5-[ 7, 4, 3]
 595    6    25.358101   17.980782   25.346585    2.522959    0.00022707   0.7642   0.2966  5-[ 7, 2, 3]
 596    6    25.703533   18.312080   25.677882    2.536240    0.00049897   1.1480   0.2683  5-[ 7, 2, 3]
 597    6    26.688597   19.283909   26.649712    2.573737    0.00072849   1.4402   0.4939  5-[ 7, 1, 2]
 598    6    28.937770   21.558351   28.924153    2.657371    0.00023527   0.8876   0.3939  5-[ 7, 0, 3]
 599    6    29.399310   22.013943   29.379745    2.674210    0.00033274   1.0724   0.4226  5-[ 7, 0, 3]
 600    6    31.146715   23.775434   31.141236    2.737023    0.00008796   0.5842   0.2658  5-[ 7, 0, 3]
 601    6    31.674261   24.306394   31.672197    2.755706    0.00003259   0.3616   0.3932  5-[ 9, 6, 3]
 602    6    32.129986   24.762720   32.128522    2.771743    0.00002278   0.3067   0.2814  5-[11, 5, 2]
 603    6    33.685325   26.311587   33.677389    2.825791    0.00011779   0.7311   0.3498  5-[ 7, 4, 3]
 604    6    35.106736   27.735466   35.101269    2.874297    0.00007787   0.6196   0.4351  5-[ 9, 5, 2]
 605    6    37.472242   30.102493   37.468295    2.953255    0.00005266   0.5438   0.3640  5-[ 9, 7, 2]
 606    6    38.095676   30.726627   38.092429    2.973715    0.00004261   0.4973   0.3919  5-[ 9, 4, 3]
 607    6    38.833042   31.465554   38.831356    2.997734    0.00002171   0.3619   0.2714  5-[ 9, 3, 2]
 608    6    39.878706   32.511418   39.877221    3.031470    0.00001862   0.3442   0.2940  5-[ 9, 7, 2]
 609    6    40.269038   32.902914   40.268717    3.043967    0.00000399   0.1609   0.3187  5-[19,17, 2]
 610    6    42.035806   34.665647   42.031450    3.099903    0.00005181   0.6051   0.3860  5-[ 9, 6, 3]
 611    6    43.036651   35.667503   43.033305    3.131147    0.00003887   0.5366   0.4538  5-[ 9, 1, 2]
 612    6    43.724769   36.356159   43.721961    3.152448    0.00003211   0.4955   0.4370  5-[11, 7, 2]
 613    6    45.395647   38.027630   45.393432    3.203583    0.00002439   0.4484   0.3397  5-[ 7, 0, 3]
 614    6    46.750400   39.381609   46.747412    3.244451    0.00003195   0.5285   0.3410  5-[ 9, 0, 3]
 615    6    48.034205   40.666784   48.032587    3.282710    0.00001685   0.3943   0.2509  5-[15, 6, 3]
 616    6    48.461768   41.094508   48.460310    3.295353    0.00001504   0.3759   0.4326  5-[11, 9, 2]
 617    6    49.036735   41.669337   49.035139    3.312279    0.00001628   0.3957   0.2772  5-[13, 8, 3]
 618    6    50.258005   42.891832   50.257635    3.347947    0.00000368   0.1929   0.3475  5-[13, 9, 2]
 619    6    51.673127   44.305541   51.671343    3.388807    0.00001726   0.4294   0.4435  5-[11, 5, 2]
 620    6    53.194239   45.826462   53.192264    3.432185    0.00001856   0.4584   0.4178  5-[11, 9, 2]
 621    6    54.262124   46.894679   54.260481    3.462313    0.00001514   0.4222   0.3971  5-[11, 8, 3]
 622    6    55.740060   48.372343   55.738146    3.503583    0.00001717   0.4619   0.4042  5-[ 9, 4, 3]
 623    6    56.861339   49.494650   56.860453    3.534572    0.00000780   0.3175   0.4362  5-[11, 7, 2]
 624    6    59.203847   51.837174   59.202977    3.598452    0.00000734   0.3209   0.3926  5-[15,10, 3]
 625    6    60.240253   52.874166   60.239969    3.626355    0.00000236   0.1852   0.3203  5-[19,12, 3]
 626    6    60.933445   53.566953   60.932756    3.644899    0.00000566   0.2899   0.2922  5-[19,13, 2]
 627    6    62.486186   55.119612   62.485414    3.686099    0.00000618   0.3106   0.3297  5-[11, 1, 2]
 628    6    62.542355   55.175811   62.541614    3.687580    0.00000593   0.3046   0.3361  5-[15, 9, 2]
 629    6    64.364307   56.997940   64.363743    3.735324    0.00000439   0.2696   0.3904  5-[13,10, 3]
 630    6    65.534097   58.166778   65.532581    3.765659    0.00001157   0.4458   0.3196  5-[ 9, 2, 3]
 631    6    67.335223   59.968114   67.333916    3.811894    0.00000971   0.4196   0.3187  5-[ 9, 0, 3]
 632    6    67.800586   60.434041   67.799843    3.823749    0.00000548   0.3175   0.3547  5-[13,11, 2]
 633    6    68.644254   61.277881   68.643683    3.845148    0.00000416   0.2799   0.3468  5-[13, 9, 2]
 634    6    68.892896   61.525456   68.891258    3.851432    0.00001188   0.4750   0.3971  5-[ 9, 0, 3]
 635    6    71.405759   64.039438   71.405240    3.914374    0.00000363   0.2722   0.4932  5-[13, 5, 2]
 636    6    72.225873   64.859648   72.225450    3.934698    0.00000293   0.2471   0.3165  5-[17,12, 3]
 637    6    74.584417   67.218227   74.584030    3.992571    0.00000260   0.2404   0.3018  5-[17,12, 3]
 638    6    75.241952   67.875705   75.241507    4.008556    0.00000296   0.2587   0.2960  5-[13, 4, 3]
 639    6    76.086181   68.720197   76.086000    4.028987    0.00000119   0.1662   0.3353  5-[17, 9, 2]
 640    6    77.114547   69.748305   77.114107    4.053736    0.00000285   0.2605   0.3019  5-[11, 4, 3]
 641    6    77.229945   69.863576   77.229379    4.056503    0.00000366   0.2957   0.3754  5-[11, 3, 2]
 642    6    80.734012   73.367855   80.733657    4.139664    0.00000219   0.2392   0.3616  5-[13, 8, 3]
 643    6    81.398562   74.032608   81.398410    4.155247    0.00000093   0.1574   0.4473  5-[15,12, 3]
 644    6    83.552620   76.186647   83.552450    4.205363    0.00000102   0.1687   0.3673  5-[15,11, 2]
 645    6    85.886623   78.520660   85.886463    4.259000    0.00000093   0.1658   0.3794  5-[13, 1, 2]
 646    6    86.136411   78.770472   86.136274    4.264700    0.00000079   0.1535   0.3327  5-[13, 1, 2]
 647    6    87.874214   80.508240   87.874043    4.304149    0.00000097   0.1735   0.4456  5-[15, 7, 2]
 648    6    88.951211   81.585233   88.951035    4.328417    0.00000098   0.1766   0.3908  5-[15, 7, 2]
 649    6    90.967683   83.601645   90.967448    4.373491    0.00000129   0.2068   0.3262  5-[15, 6, 3]
 650    6    92.067088   84.701099   92.066901    4.397872    0.00000102   0.1857   0.2870  5-[13, 2, 3]
 651    6    93.834568   86.468731   93.834534    4.436787    0.00000018   0.0803   0.3437  5-[15, 6, 3]
 652    6    94.179062   86.813221   94.179023    4.444333    0.00000021   0.0858   0.3518  5-[21,13, 2]
 653    6    95.283630   87.917574   95.283376    4.468439    0.00000133   0.2200   0.4890  5-[13, 0, 3]
 654    6    96.418957   89.053024   96.418826    4.493082    0.00000067   0.1584   0.3939  5-[19, 9, 2]
 655    6    96.972917   89.607045   96.972848    4.505057    0.00000036   0.1156   0.4146  5-[15, 5, 2]
 656    6    99.866224   92.500391   99.866193    4.567093    0.00000015   0.0782   0.3933  5-[19,15, 2]
 657    6   101.019380   93.653452  101.019254    4.591584    0.00000062   0.1592   0.4040  5-[15, 4, 3]
 658    6   101.294194   93.928324  101.294126    4.597401    0.00000034   0.1173   0.4072  5-[17,10, 3]
 659    6   102.807722   95.441890  102.807693    4.629309    0.00000014   0.0781   0.3864  5-[21,11, 2]
 660    6   104.396096   97.030201  104.396004    4.662560    0.00000044   0.1386   0.3787  5-[13, 4, 3]
 661    6   105.935363   98.569511  105.935314    4.694558    0.00000023   0.1021   0.3808  5-[17,13, 2]
 662    6   107.748433  100.382592  107.748395    4.731971    0.00000018   0.0908   0.3331  5-[21,10, 3]
 663    6   110.234781  102.868922  110.234724    4.782801    0.00000026   0.1121   0.3590  5-[17, 8, 3]
 664    6   111.088895  103.723002  111.088804    4.800138    0.00000041   0.1423   0.3764  5-[17,14, 3]
 665    6   116.153901  108.787971  116.153774    4.901688    0.00000055   0.1721   0.4101  5-[15, 2, 3]
 666    6   117.126046  109.760223  117.126026    4.920939    0.00000009   0.0699   0.3472  5-[21,13, 2]
 667    6   118.461172  111.095347  118.461150    4.947257    0.00000010   0.0732   0.3902  5-[23,18, 3]
 668    6   120.677379  113.311492  120.677295    4.990635    0.00000035   0.1425   0.3394  5-[17, 7, 2]
 669    6   121.634192  114.268313  121.634115    5.009247    0.00000032   0.1369   0.3773  5-[17, 7, 2]
 670    6   124.497019  117.131115  124.496917    5.064525    0.00000041   0.1593   0.3174  5-[17, 6, 3]
 671    6   125.871759  118.505798  125.871601    5.090857    0.00000063   0.1994   0.3958  5-[15, 2, 3]
 672    6   126.963273  119.597412  126.963215    5.111667    0.00000023   0.1220   0.4055  5-[21,18, 3]
 673    6   128.532120  121.166207  128.532010    5.141431    0.00000043   0.1688   0.3135  5-[17, 6, 3]
 674    6   129.573761  122.207763  129.573565    5.161097    0.00000076   0.2252   0.4867  5-[15, 0, 3]
 675    6   130.370232  123.004305  130.370107    5.176084    0.00000048   0.1799   0.3222  5-[17, 5, 2]
 676    6   132.406614  125.040620  132.406422    5.214207    0.00000072   0.2254   0.2888  5-[21,17, 2]
 677    6   134.313758  126.947812  134.313614    5.249660    0.00000054   0.1968   0.3263  5-[21,18, 3]
 678    6   136.519144  129.153145  136.518948    5.290360    0.00000072   0.2312   0.3280  5-[19,10, 3]
 679    6   137.457930  130.092029  137.457831    5.307591    0.00000036   0.1648   0.3135  5-[19,10, 3]
 680    6   140.538181  133.172231  140.538033    5.363737    0.00000053   0.2040   0.3498  5-[21,14, 3]
 681    6   143.194082  135.828154  143.193956    5.411681    0.00000044   0.1902   0.3763  5-[17, 3, 2]
 682    7     2.801657   -9.173569   -1.807767    1.406319    0.82262458   2.1404   0.8429  7+[ 4, 0, 4]
 683    7    10.624762  -17.749570  -10.383768    1.870682    0.98865883   2.2501   0.9168  7+[ 4, 1, 3]
 684    7    11.232805    3.761608   11.127410    1.902032    0.00469139   1.5351   0.6909  7+[ 6, 3, 3]
 685    7    13.594727    6.219899   13.585702    2.019197    0.00033196   0.4953   0.5387  7+[ 6, 1, 3]
 686    7    14.868654    7.497387   14.863190    2.079653    0.00018376   0.4031   0.4431  7+[ 6, 0, 4]
 687    7    17.454929   10.078814   17.444617    2.197277    0.00029539   0.5999   0.3492  7+[ 6, 1, 3]
 688    7    18.489548   11.117214   18.483017    2.242605    0.00017662   0.4914   0.2667  7+[ 8, 2, 4]
 689    7    19.798232   12.413868   19.779670    2.298660    0.00046877   0.8571   0.4582  7+[ 6, 1, 3]
 690    7    21.699404   14.315665   21.681468    2.377739    0.00041328   0.8821   0.5892  7+[ 6, 2, 4]
 691    7    22.544897   15.169205   22.535008    2.412075    0.00021933   0.6677   0.5695  7+[ 6, 0, 4]
 692    7    23.087558   15.715247   23.081050    2.433858    0.00014095   0.5482   0.2348  7+[ 6, 0, 4]
 693    7    24.818708   17.437811   24.803613    2.502079    0.00030411   0.8655   0.4225  7+[ 6, 2, 4]
 694    7    27.037214   19.665191   27.030994    2.586877    0.00011503   0.5799   0.6450  7+[ 8, 5, 3]
 695    7    28.108619   20.738919   28.104721    2.626850    0.00006934   0.4681   0.4139  7+[ 8, 3, 3]
 696    7    28.888306   21.521969   28.887772    2.655560    0.00000925   0.1757   0.2843  7+[ 8, 4, 4]
 697    7    30.771340   23.397014   30.762817    2.723652    0.00013849   0.7242   0.5603  7+[ 8, 4, 4]
 698    7    31.723349   24.347341   31.713143    2.757438    0.00016086   0.8046   0.4419  7+[ 8, 3, 3]
 699    7    32.571608   25.196430   32.562232    2.787196    0.00014392   0.7814   0.5444  7+[ 8, 1, 3]
 700    7    34.718424   27.349981   34.715783    2.861128    0.00003803   0.4282   0.4278  7+[10, 7, 3]
 701    7    35.253681   27.877025   35.242827    2.879265    0.00015394   0.8747   0.4375  7+[ 8, 0, 4]
 702    7    35.813675   28.446924   35.812727    2.898119    0.00001324   0.2607   0.2597  7+[10, 6, 4]
 703    7    36.215190   28.847513   36.213316    2.911563    0.00002587   0.3684   0.2237  7+[ 8, 5, 3]
 704    7    37.862181   30.491472   37.857274    2.966068    0.00006480   0.6095   0.4038  7+[ 8, 2, 4]
 705    7    40.913990   33.545038   40.910840    3.064505    0.00003850   0.5077   0.4056  7+[ 8, 5, 3]
 706    7    41.363874   33.995499   41.361301    3.078749    0.00003111   0.4614   0.3752  7+[10, 5, 3]
 707    7    43.826199   36.459859   43.825661    3.155576    0.00000614   0.2172   0.3062  7+[20,16, 4]
 708    7    44.171691   36.804960   44.170762    3.166206    0.00001051   0.2864   0.3170  7+[10, 7, 3]
 709    7    44.989958   37.623177   44.988980    3.191242    0.00001087   0.2967   0.2828  7+[10, 4, 4]
 710    7    45.694224   38.326414   45.692217    3.212634    0.00002196   0.4283   0.3389  7+[ 8, 4, 4]
 711    7    48.342548   40.974295   48.340097    3.291832    0.00002535   0.4868   0.4734  7+[10, 3, 3]
 712    7    49.076640   41.708926   49.074729    3.313450    0.00001947   0.4331   0.4477  7+[10, 1, 3]
 713    7    50.888267   43.520829   50.886632    3.366206    0.00001607   0.4080   0.4927  7+[10, 6, 4]
 714    7    51.799149   44.431913   51.797715    3.392422    0.00001384   0.3854   0.3770  7+[12, 7, 3]
 715    7    52.469974   45.100723   52.466526    3.411599    0.00003287   0.6016   0.3996  7+[ 8, 0, 4]
 716    7    53.432935   46.067104   53.432906    3.438942    0.00000027   0.0555   0.3652  7+[22,18, 4]
 717    7    54.509218   47.140842   54.506645    3.469247    0.00002360   0.5296   0.4216  7+[ 8, 0, 4]
 718    7    55.673475   48.307296   55.673098    3.501734    0.00000338   0.2047   0.3985  7+[12, 9, 3]
 719    7    55.772545   48.406086   55.771889    3.504485    0.00000589   0.2706   0.3403  7+[10, 5, 3]
 720    7    57.383267   50.015782   57.381584    3.548905    0.00001467   0.4395   0.3688  7+[12, 6, 4]
 721    7    59.498308   52.132022   59.497825    3.606402    0.00000406   0.2399   0.3802  7+[12, 5, 3]
 722    7    61.794568   54.427986   61.793788    3.667805    0.00000631   0.3105   0.3559  7+[12, 8, 4]
 723    7    63.250464   55.884200   63.250003    3.706209    0.00000365   0.2416   0.3560  7+[12, 7, 3]
 724    7    64.353697   56.987250   64.353052    3.735048    0.00000501   0.2882   0.3634  7+[12, 8, 4]
 725    7    65.595299   58.229290   65.595092    3.767240    0.00000158   0.1648   0.2689  7+[12, 4, 4]
 726    7    67.140333   59.774101   67.139904    3.806919    0.00000320   0.2401   0.3980  7+[12, 3, 3]
 727    7    68.607648   61.241795   68.607597    3.844222    0.00000037   0.0835   0.2815  7+[16,11, 3]
 728    7    69.803606   62.437163   69.802966    3.874362    0.00000459   0.2989   0.4842  7+[10, 1, 3]
 729    7    70.389167   63.023156   70.388958    3.889033    0.00000148   0.1714   0.3981  7+[14,11, 3]
 730    7    71.892726   64.526517   71.892319    3.926454    0.00000283   0.2417   0.3099  7+[14, 8, 4]
 731    7    73.400546   66.034345   73.400148    3.963627    0.00000272   0.2419   0.4647  7+[14, 7, 3]
 732    7    73.843939   66.477415   73.843217    3.974492    0.00000489   0.3265   0.4484  7+[10, 2, 4]
 733    7    76.180209   68.814160   76.179962    4.031256    0.00000162   0.1940   0.3655  7+[14,10, 4]
 734    7    76.282648   68.915894   76.281697    4.033727    0.00000623   0.3809   0.5075  7+[10, 0, 4]
 735    7    77.674136   70.308119   77.673922    4.067139    0.00000138   0.1822   0.3275  7+[14, 9, 3]
 736    7    79.235276   71.868958   79.234761    4.104301    0.00000325   0.2857   0.3954  7+[12, 6, 4]
 737    7    81.545837   74.179927   81.545730    4.158693    0.00000066   0.1323   0.2948  7+[16,13, 3]
 738    7    82.724198   75.358318   82.724121    4.186160    0.00000047   0.1134   0.3078  7+[22,16, 4]
 739    7    83.553523   76.187571   83.553373    4.205384    0.00000090   0.1581   0.3848  7+[14, 9, 3]
 740    7    84.901607   77.535580   84.901383    4.236447    0.00000132   0.1950   0.2916  7+[14,10, 4]
 741    7    88.076908   80.711023   88.076825    4.308727    0.00000047   0.1212   0.2938  7+[14, 4, 4]
 742    7    88.894895   81.529020   88.894823    4.327151    0.00000041   0.1135   0.3294  7+[14, 3, 3]
 743    7    90.882815   83.516895   90.882698    4.371604    0.00000065   0.1463   0.2839  7+[18,15, 3]
 744    7    91.222989   83.857150   91.222952    4.379165    0.00000020   0.0817   0.3660  7+[14, 3, 3]
 745    7    93.349730   85.983859   93.349661    4.426147    0.00000037   0.1131   0.2990  7+[16,13, 3]
 746    7    94.700524   87.334598   94.700401    4.455729    0.00000065   0.1527   0.5130  7+[14, 1, 3]
 747    7    95.606503   88.240608   95.606411    4.475461    0.00000048   0.1328   0.3172  7+[16, 7, 3]
 748    7    96.994824   89.628988   96.994790    4.505530    0.00000017   0.0807   0.3541  7+[18,13, 3]
 749    7    99.055141   91.689257   99.055059    4.549788    0.00000041   0.1276   0.3895  7+[16, 7, 3]
 750    7   100.747506   93.381338  100.747141    4.585821    0.00000181   0.2713   0.4657  7+[14, 2, 4]
 751    7   102.380122   95.014280  102.380082    4.620317    0.00000019   0.0898   0.3046  7+[24,19, 3]
 752    7   102.991874   95.626051  102.991854    4.633176    0.00000010   0.0650   0.3365  7+[18,12, 4]
 753    7   104.011462   96.645440  104.011242    4.654530    0.00000106   0.2137   0.5038  7+[14, 0, 4]
 754    7   105.701063   98.335174  105.700977    4.689702    0.00000041   0.1346   0.3654  7+[16, 6, 4]
 755    7   106.959586   99.593729  106.959532    4.715730    0.00000025   0.1079   0.3190  7+[16,11, 3]
 756    7   107.583501  100.217602  107.583405    4.728580    0.00000045   0.1441   0.2771  7+[22,16, 4]
 757    7   113.129257  105.763428  113.129231    4.841302    0.00000012   0.0774   0.3869  7+[20,17, 3]
 758    7   115.193493  107.827641  115.193444    4.882595    0.00000021   0.1065   0.3575  7+[20,17, 3]
 759    7   115.891496  108.525656  115.891459    4.896479    0.00000016   0.0925   0.4176  7+[16, 5, 3]
 760    7   118.660535  111.294625  118.660427    4.951174    0.00000045   0.1598   0.4050  7+[16, 3, 3]
 761    7   120.308526  112.942654  120.308457    4.983441    0.00000029   0.1294   0.4192  7+[18, 5, 3]
 762    7   121.676462  114.310598  121.676401    5.010067    0.00000025   0.1219   0.4549  7+[18, 9, 3]
 763    7   123.001422  115.635581  123.001384    5.035722    0.00000016   0.0972   0.3472  7+[22,16, 4]
 764    7   125.285970  117.920079  125.285881    5.079654    0.00000035   0.1490   0.4260  7+[16, 4, 4]
 765    7   127.499251  120.133324  127.499127    5.121855    0.00000049   0.1782   0.3414  7+[16, 1, 3]
 766    7   129.404994  122.039028  129.404831    5.157916    0.00000063   0.2055   0.3955  7+[16, 1, 3]
 767    7   131.428043  124.062120  131.427922    5.195923    0.00000046   0.1786   0.3542  7+[22,17, 3]
 768    7   132.748521  125.382602  132.748405    5.220581    0.00000044   0.1754   0.3778  7+[20,13, 3]
 769    7   135.275991  127.910012  135.275814    5.267457    0.00000065   0.2187   0.3865  7+[16, 2, 4]
 770    7   136.090440  128.724485  136.090288    5.282473    0.00000056   0.2040   0.2591  7+[18, 6, 4]
 771    7   137.714647  130.348679  137.714482    5.312293    0.00000060   0.2132   0.3966  7+[22,18, 4]
 772    7   138.678841  131.312879  138.678681    5.329916    0.00000057   0.2101   0.4157  7+[16, 0, 4]
 773    7   139.521957  132.156056  139.521858    5.345279    0.00000035   0.1659   0.3716  7+[22,17, 3]
 774    7   143.406321  136.040379  143.406182    5.415494    0.00000048   0.1997   0.4025  7+[18, 6, 4]
 775    8     2.016206   -6.715845    0.649958    1.350907    0.33881662   1.9086   0.6642  7-[ 5, 2, 3]
 776    8     6.918936   -0.572249    6.793553    1.666916    0.00906083   1.3112   0.8609  7-[ 5, 0, 3]
 777    8    11.238026    3.734350   11.100153    1.902299    0.00613422   1.7549   0.8561  7-[ 5, 1, 4]
 778    8    14.941622    7.545039   14.910842    2.083062    0.00103000   0.9586   0.3141  7-[ 9, 0, 3]
 779    8    16.645767    9.258765   16.624567    2.161165    0.00063679   0.8398   0.3541  7-[ 9, 0, 3]
 780    8    17.552972   10.177711   17.543514    2.201613    0.00026942   0.5762   0.3042  7-[11, 1, 4]
 781    8    19.887358   12.512791   19.878594    2.302428    0.00022035   0.5904   0.4497  7-[ 7, 2, 3]
 782    8    21.004878   13.622399   20.988201    2.349159    0.00039697   0.8368   0.4565  7-[ 7, 4, 3]
 783    8    21.773548   14.117655   21.483458    2.380770    0.00666154   3.5424   0.4243  7-[ 7, 4, 3]
 784    8    21.954075  -28.720751  -21.354948    2.388134    0.98635500   5.0939   0.9721  7-[ 3, 0, 3]
 785    8    24.385475   16.939137   24.304940    2.485182    0.00165129   1.9802   0.5299  7-[ 7, 2, 3]
 786    8    25.594413   18.224921   25.590724    2.532052    0.00007208   0.4346   0.2983  7-[ 7, 3, 4]
 787    8    26.415904   19.040061   26.405864    2.563412    0.00019005   0.7283   0.2300  7-[13, 3, 4]
 788    8    27.398254   20.018235   27.384038    2.600416    0.00025943   0.8825   0.4347  7-[ 7, 1, 4]
 789    8    28.018116   20.605554   27.971357    2.623497    0.00083444   1.6180   0.6160  7-[ 7, 0, 3]
 790    8    30.758060   23.389404   30.755206    2.723178    0.00004639   0.4190   0.5421  7-[ 9, 6, 3]
 791    8    31.394780   24.025845   31.391648    2.745824    0.00004988   0.4434   0.2927  7-[ 7, 1, 4]
 792    8    32.245925   24.878183   32.243986    2.775808    0.00003006   0.3536   0.2637  7-[17,13, 4]
 793    8    32.793612   25.424355   32.790157    2.794932    0.00005267   0.4760   0.4330  7-[ 7, 1, 4]
 794    8    36.217481   28.846414   36.212216    2.911639    0.00007268   0.6175   0.4506  7-[ 9, 5, 4]
 795    8    36.549015   29.178618   36.544421    2.922692    0.00006285   0.5795   0.4559  7-[ 9, 4, 3]
 796    8    38.721784   31.354713   38.720515    2.994122    0.00001638   0.3134   0.2857  7-[19,16, 3]
 797    8    39.460594   32.094226   39.460028    3.018026    0.00000716   0.2112   0.2999  7-[19,15, 4]
 798    8    39.907855   32.540176   39.905979    3.032405    0.00002351   0.3870   0.3255  7-[ 9, 6, 3]
 799    8    40.396380   33.028074   40.393876    3.048033    0.00003100   0.4498   0.3258  7-[ 9, 3, 4]
 800    8    42.682543   35.313895   42.679697    3.120128    0.00003333   0.4929   0.4848  7-[ 9, 2, 3]
 801    8    43.924730   36.555434   43.921237    3.158611    0.00003976   0.5539   0.5474  7-[ 9, 0, 3]
 802    8    45.182563   37.813355   45.179157    3.197107    0.00003769   0.5548   0.4089  7-[ 9, 5, 4]
 803    8    45.797806   38.430094   45.795896    3.215769    0.00002085   0.4182   0.4683  7-[11, 6, 3]
 804    8    47.726687   40.358200   47.724003    3.273586    0.00002812   0.5062   0.3801  7-[ 9, 1, 4]
 805    8    48.419737   41.053675   48.419478    3.294112    0.00000268   0.1584   0.3205  7-[21,18, 3]
 806    8    49.117653   41.751193   49.116995    3.314654    0.00000670   0.2542   0.3004  7-[21,17, 4]
 807    8    50.273441   42.906296   50.272098    3.348395    0.00001336   0.3675   0.4435  7-[11, 8, 3]
 808    8    52.367648   44.999652   52.365454    3.408681    0.00002095   0.4793   0.4822  7-[11, 5, 4]
 809    8    53.052495   45.685017   53.050819    3.428166    0.00001579   0.4217   0.4623  7-[11, 4, 3]
 810    8    56.494226   49.127542   56.493344    3.524456    0.00000780   0.3156   0.4982  7-[11, 7, 4]
 811    8    56.613546   49.246080   56.611882    3.527747    0.00001470   0.4341   0.4314  7-[ 9, 3, 4]
 812    8    57.904872   50.537860   57.903663    3.563171    0.00001044   0.3743   0.4044  7-[11, 6, 3]
 813    8    59.867372   52.501491   59.867294    3.616341    0.00000065   0.0968   0.3226  7-[15, 8, 3]
 814    8    60.778232   53.411917   60.777719    3.640755    0.00000422   0.2498   0.2827  7-[11, 2, 3]
 815    8    61.096072   53.729815   61.095618    3.649236    0.00000372   0.2355   0.3104  7-[11, 2, 3]
 816    8    62.650956   55.284535   62.650337    3.690444    0.00000494   0.2784   0.2973  7-[11, 2, 3]
 817    8    64.278743   56.912130   64.277932    3.733096    0.00000631   0.3229   0.3402  7-[13,10, 3]
 818    8    65.030690   57.662807   65.028609    3.752635    0.00001600   0.5202   0.4932  7-[11, 0, 3]
 819    8    65.996735   58.630362   65.996165    3.777589    0.00000432   0.2744   0.4701  7-[13, 6, 3]
 820    8    68.083437   60.716072   68.081874    3.830937    0.00001148   0.4613   0.3922  7-[ 9, 1, 4]
 821    8    68.748748   61.382529   68.748332    3.847790    0.00000303   0.2392   0.4378  7-[13, 9, 4]
 822    8    70.387616   63.021517   70.387320    3.888994    0.00000210   0.2041   0.3437  7-[13, 8, 3]
 823    8    72.114860   64.748607   72.114409    3.931953    0.00000313   0.2550   0.4199  7-[13, 5, 4]
 824    8    73.579829   66.213475   73.579277    3.968024    0.00000375   0.2850   0.3758  7-[13, 4, 3]
 825    8    74.793537   67.427663   74.793466    3.997662    0.00000048   0.1034   0.3248  7-[17,10, 3]
 826    8    75.539754   68.173919   75.539721    4.015775    0.00000022   0.0702   0.3942  7-[17,11, 4]
 827    8    77.489621   70.123399   77.489202    4.062724    0.00000270   0.2547   0.3062  7-[11, 3, 4]
 828    8    78.110047   70.743847   78.109649    4.077550    0.00000254   0.2491   0.3328  7-[15, 9, 4]
 829    8    78.280651   70.914492   78.280295    4.081617    0.00000228   0.2362   0.4255  7-[11, 3, 4]
 830    8    80.249791   72.883807   80.249610    4.128272    0.00000113   0.1708   0.3984  7-[15,12, 3]
 831    8    84.419432   77.053515   84.419317    4.225363    0.00000068   0.1393   0.4288  7-[13, 2, 3]
 832    8    84.943773   77.577791   84.943594    4.237414    0.00000106   0.1746   0.3686  7-[15,11, 4]
 833    8    86.116310   78.750290   86.116093    4.264242    0.00000126   0.1937   0.3448  7-[15,12, 3]
 834    8    88.203788   80.837895   88.203698    4.311590    0.00000051   0.1259   0.5230  7-[15, 7, 4]
 835    8    90.014863   82.648741   90.014544    4.352251    0.00000178   0.2399   0.5748  7-[13, 0, 3]
 836    8    90.941017   83.575185   90.940988    4.372898    0.00000016   0.0736   0.4934  7-[15, 6, 3]
 837    8    92.993643   85.627816   92.993619    4.418315    0.00000013   0.0673   0.3699  7-[15, 6, 3]
 838    8    94.699514   87.333563   94.699365    4.455707    0.00000078   0.1676   0.4117  7-[13, 1, 4]
 839    8    94.811238   87.445352   94.811155    4.458145    0.00000044   0.1260   0.2914  7-[13, 1, 4]
 840    8    95.607632   88.241757   95.607559    4.475486    0.00000038   0.1184   0.3935  7-[19, 9, 4]
 841    8    97.004185   89.638354   97.004156    4.505732    0.00000015   0.0751   0.4494  7-[17,11, 4]
 842    8    97.303823   89.937992   97.303795    4.512195    0.00000015   0.0742   0.4211  7-[19,16, 3]
 843    8    99.508880   92.143017   99.508820    4.559477    0.00000030   0.1094   0.3949  7-[15, 4, 3]
 844    8   100.750723   93.384819  100.750622    4.585890    0.00000050   0.1428   0.3802  7-[15, 5, 4]
 845    8   103.262280   95.896433  103.262236    4.638849    0.00000021   0.0954   0.3402  7-[21,11, 4]
 846    8   105.211451   97.845594  105.211397    4.679537    0.00000026   0.1069   0.4957  7-[15, 3, 4]
 847    8   106.416931   99.051054  106.416856    4.704525    0.00000035   0.1261   0.2986  7-[21,11, 4]
 848    8   108.580038  101.214188  108.579990    4.749033    0.00000022   0.1018   0.3800  7-[17, 8, 3]
 849    8   109.160854  101.794970  109.160772    4.760913    0.00000038   0.1339   0.3518  7-[17,13, 4]
 850    8   114.461026  107.095110  114.460912    4.867983    0.00000050   0.1615   0.4951  7-[15, 2, 3]
 851    8   115.330102  107.964262  115.330065    4.885315    0.00000016   0.0927   0.3461  7-[23,20, 3]
 852    8   117.180481  109.814660  117.180463    4.922015    0.00000008   0.0658   0.3916  7-[21,13, 4]
 853    8   120.499811  113.133973  120.499776    4.987173    0.00000015   0.0925   0.3973  7-[21,12, 3]
 854    8   121.904800  114.538891  121.904693    5.014498    0.00000044   0.1617   0.4690  7-[17, 7, 4]
 855    8   122.239414  114.873528  122.239330    5.020984    0.00000034   0.1430   0.3786  7-[21,14, 3]
 856    8   124.713147  117.347162  124.712964    5.068674    0.00000073   0.2137   0.5472  7-[15, 0, 3]
 857    8   125.718847  118.352944  125.718746    5.087935    0.00000040   0.1588   0.4723  7-[17, 6, 3]
 858    8   127.408408  120.042540  127.408343    5.120130    0.00000026   0.1288   0.3835  7-[21,15, 4]
 859    8   128.973817  121.607858  128.973660    5.149779    0.00000061   0.2014   0.4197  7-[15, 1, 4]
 860    8   129.256154  121.890219  129.256021    5.155109    0.00000051   0.1854   0.3066  7-[17, 4, 3]
 861    8   131.485231  124.119279  131.485082    5.196993    0.00000057   0.1985   0.3214  7-[21,11, 4]
 862    8   134.312352  126.946371  134.312173    5.249634    0.00000067   0.2191   0.4490  7-[19,10, 3]
 863    8   135.294594  127.928696  135.294498    5.267800    0.00000036   0.1614   0.4128  7-[17, 5, 4]
 864    8   137.539115  130.173177  137.538979    5.309078    0.00000049   0.1934   0.3670  7-[21,15, 4]
 865    8   139.722596  132.356684  139.722487    5.348928    0.00000039   0.1746   0.3097  7-[21,17, 4]
 866    8   143.337049  135.971108  143.336910    5.414250    0.00000048   0.1993   0.5562  7-[17, 3, 4]
 867    9    10.620745  -17.745684  -10.379882    1.870473    0.98866069   2.2491   0.9776  9+[ 4, 0, 4]
 868    9    11.235491    3.764265   11.130068    1.902169    0.00469151   1.5355   0.8350  9+[ 6, 2, 4]
 869    9    13.874939    6.497808   13.863610    2.032649    0.00040825   0.5606   0.6368  9+[ 6, 0, 4]
 870    9    18.599546   11.224822   18.590624    2.247370    0.00023984   0.5760   0.2824  9+[ 6, 0, 4]
 871    9    19.319393   11.942622   19.308425    2.278310    0.00028387   0.6509   0.3756  9+[ 6, 1, 5]
 872    9    20.169436   12.783179   20.148981    2.314312    0.00050707   0.9081   0.5409  9+[ 6, 0, 4]
 873    9    23.110238   15.727698   23.093501    2.434764    0.00036212   0.8794   0.5279  9+[ 6, 1, 5]
 874    9    23.894930   16.524807   23.890610    2.465910    0.00009041   0.4544   0.2600  9+[12, 2, 4]
 875    9    25.191649   17.813594   25.179396    2.516534    0.00024318   0.7856   0.4639  9+[ 6, 1, 5]
 876    9    28.410688   21.041841   28.407644    2.638010    0.00005358   0.4159   0.5127  9+[ 8, 4, 4]
 877    9    29.367444   21.997190   29.362993    2.673051    0.00007578   0.5113   0.4697  9+[ 8, 4, 4]
 878    9    29.965642   22.598758   29.964560    2.694728    0.00001806   0.2547   0.2833  9+[10, 3, 5]
 879    9    32.142354   24.766367   32.132170    2.772177    0.00015843   0.8091   0.5191  9+[ 8, 2, 4]
 880    9    33.063483   25.687112   33.052914    2.804307    0.00015983   0.8359   0.6007  9+[ 8, 0, 4]
 881    9    34.220496   26.848118   34.213920    2.844151    0.00009608   0.6708   0.5017  9+[ 8, 3, 5]
 882    9    35.866291   28.500104   35.865906    2.899884    0.00000536   0.1661   0.3252  9+[10, 6, 4]
 883    9    36.757990   29.391818   36.757621    2.929638    0.00000502   0.1648   0.3232  9+[14, 3, 5]
 884    9    37.664457   30.295153   37.660956    2.959578    0.00004648   0.5136   0.4559  9+[10, 6, 4]
 885    9    38.346275   30.977318   38.343120    2.981900    0.00004113   0.4919   0.4127  9+[ 8, 1, 5]
 886    9    43.092186   35.724284   43.090087    3.132871    0.00002435   0.4253   0.3613  9+[ 8, 4, 4]
 887    9    43.362950   35.995591   43.361394    3.141266    0.00001794   0.3674   0.3694  9+[10, 4, 4]
 888    9    44.319245   36.952872   44.318675    3.170736    0.00000643   0.2247   0.3191  9+[16, 4, 4]
 889    9    45.211584   37.845718   45.211521    3.197990    0.00000070   0.0756   0.3849  9+[20,15, 5]
 890    9    46.964020   39.596477   46.962280    3.250848    0.00001853   0.4043   0.4453  9+[10, 2, 4]
 891    9    49.498554   42.130748   49.496550    3.325811    0.00002024   0.4454   0.4322  9+[10, 3, 5]
 892    9    49.880973   42.514031   49.879834    3.336976    0.00001142   0.3371   0.3843  9+[10, 6, 4]
 893    9    50.341056   42.972490   50.338292    3.350359    0.00002745   0.5275   0.4886  9+[ 8, 0, 4]
 894    9    52.922970   45.555963   52.921766    3.424489    0.00001138   0.3571   0.3769  9+[10, 5, 5]
 895    9    53.349807   45.983968   53.349770    3.436590    0.00000035   0.0632   0.3611  9+[22,18, 4]
 896    9    54.120518   46.752958   54.118761    3.458333    0.00001623   0.4361   0.3848  9+[12, 6, 4]
 897    9    54.539104   47.172802   54.538604    3.470085    0.00000458   0.2335   0.3073  9+[10, 5, 5]
 898    9    55.201520   47.834841   55.200643    3.488601    0.00000794   0.3111   0.2864  9+[16, 5, 5]
 899    9    58.091775   50.725230   58.091032    3.568269    0.00000640   0.2938   0.4189  9+[12, 8, 4]
 900    9    60.348847   52.981388   60.347190    3.629267    0.00001372   0.4471   0.4320  9+[10, 5, 5]
 901    9    62.766090   55.399936   62.765739    3.693477    0.00000280   0.2100   0.3406  9+[12, 4, 4]
 902    9    64.541036   57.174941   64.540743    3.739923    0.00000227   0.1945   0.3721  9+[12, 7, 5]
 903    9    65.840114   58.474077   65.839880    3.773555    0.00000178   0.1755   0.3263  9+[12, 7, 5]
 904    9    66.588743   59.222868   66.588670    3.792801    0.00000055   0.0988   0.3458  9+[22,17, 5]
 905    9    67.175228   59.808972   67.174775    3.807810    0.00000338   0.2468   0.5177  9+[12, 2, 4]
 906    9    69.378880   62.012754   69.378556    3.863685    0.00000233   0.2119   0.4361  9+[14, 8, 4]
 907    9    70.408969   63.042542   70.408344    3.889528    0.00000444   0.2967   0.3249  9+[10, 3, 5]
 908    9    71.883312   64.516900   71.882702    3.926221    0.00000424   0.2961   0.5388  9+[10, 0, 4]
 909    9    73.515877   66.149882   73.515685    3.966456    0.00000131   0.1681   0.3621  9+[14,10, 4]
 910    9    75.118180   67.751873   75.117676    4.005552    0.00000336   0.2753   0.3743  9+[14, 7, 5]
 911    9    75.268801   67.902344   75.268146    4.009208    0.00000435   0.3139   0.3464  9+[10, 1, 5]
 912    9    75.927508   68.561023   75.926825    4.025155    0.00000450   0.3220   0.3705  9+[10, 1, 5]
 913    9    78.352707   70.986664   78.352467    4.083334    0.00000153   0.1940   0.3562  9+[14, 9, 5]
 914    9    80.458857   73.092977   80.458779    4.133194    0.00000048   0.1118   0.3196  9+[18,12, 4]
 915    9    81.290459   73.924617   81.290419    4.152716    0.00000025   0.0807   0.4302  9+[16,10, 4]
 916    9    83.493280   76.127393   83.493195    4.203991    0.00000051   0.1193   0.3798  9+[22,15, 5]
 917    9    83.590745   76.224629   83.590431    4.206245    0.00000188   0.2291   0.3865  9+[14, 5, 5]
 918    9    87.445829   80.079971   87.445773    4.294458    0.00000032   0.0991   0.4853  9+[14, 4, 4]
 919    9    89.200403   81.834472   89.200274    4.334012    0.00000072   0.1517   0.3156  9+[22,13, 5]
 920    9    90.652630   83.286764   90.652566    4.366480    0.00000035   0.1071   0.4355  9+[14, 2, 4]
 921    9    91.588530   84.222693   91.588496    4.387276    0.00000019   0.0788   0.3228  9+[14, 2, 4]
 922    9    92.608096   85.242255   92.608057    4.409820    0.00000021   0.0842   0.5291  9+[16, 8, 4]
 923    9    95.116719   87.750889   95.116691    4.464805    0.00000014   0.0722   0.3408  9+[16,11, 5]
 924    9    95.922129   88.556186   95.921988    4.482315    0.00000073   0.1642   0.4006  9+[14, 3, 5]
 925    9    97.666433   90.300390   97.666192    4.520005    0.00000123   0.2170   0.5406  9+[14, 0, 4]
 926    9    99.236626   91.870787   99.236590    4.553665    0.00000018   0.0844   0.4686  9+[18,12, 4]
 927    9   101.320069   93.954133  101.319935    4.597949    0.00000066   0.1646   0.5038  9+[16, 6, 4]
 928    9   102.063337   94.697506  102.063308    4.613644    0.00000014   0.0766   0.3948  9+[20,16, 4]
 929    9   102.587424   95.221584  102.587387    4.624679    0.00000018   0.0879   0.3683  9+[16, 7, 5]
 930    9   103.741531   96.375620  103.741422    4.648886    0.00000053   0.1505   0.4771  9+[14, 1, 5]
 931    9   106.300678   98.934840  106.300642    4.702121    0.00000017   0.0869   0.3535  9+[18,11, 5]
 932    9   109.486601  102.120730  109.486533    4.767562    0.00000031   0.1225   0.3694  9+[22,15, 5]
 933    9   112.770527  105.404705  112.770508    4.834090    0.00000008   0.0652   0.4379  9+[20,10, 4]
 934    9   115.211207  107.845380  115.211182    4.882948    0.00000011   0.0756   0.3471  9+[16, 5, 5]
 935    9   116.574502  109.208624  116.574426    4.910027    0.00000032   0.1326   0.3470  9+[22,16, 4]
 936    9   120.040147  112.674269  120.040072    4.978201    0.00000031   0.1343   0.3840  9+[18, 5, 5]
 937    9   120.403583  113.037718  120.403521    4.985296    0.00000026   0.1225   0.3783  9+[16, 4, 4]
 938    9   122.699435  115.333551  122.699354    5.029886    0.00000033   0.1411   0.3668  9+[16, 2, 4]
 939    9   123.647891  116.281996  123.647798    5.048193    0.00000037   0.1512   0.3238  9+[18, 4, 4]
 940    9   125.156452  117.790559  125.156362    5.077173    0.00000036   0.1503   0.4425  9+[18, 8, 4]
 941    9   126.904978  119.539052  126.904855    5.110558    0.00000049   0.1773   0.4762  9+[22,18, 4]
 942    9   128.920177  121.554277  128.920080    5.148766    0.00000038   0.1582   0.2953  9+[20,12, 4]
 943    9   130.581997  123.216088  130.581891    5.180062    0.00000041   0.1667   0.4121  9+[16, 3, 5]
 944    9   133.262650  125.896648  133.262451    5.230150    0.00000075   0.2305   0.5644  9+[16, 0, 4]
 945    9   134.608620  127.242673  134.608476    5.255120    0.00000053   0.1969   0.4495  9+[18, 6, 4]
 946    9   136.390704  129.024717  136.390519    5.287998    0.00000068   0.2247   0.3254  9+[16, 1, 5]
 947    9   139.618068  132.252141  139.617943    5.347027    0.00000045   0.1866   0.3490  9+[20,13, 5]
 948    9   140.981179  133.615274  140.981077    5.371764    0.00000036   0.1699   0.3063  9+[22,17, 5]
 949    9   142.601692  135.235771  142.601573    5.401024    0.00000042   0.1845   0.4350  9+[22,17, 5]
 950   10     2.016390   -6.714150    0.651653    1.350920    0.33841100   1.9082   0.7581  9-[ 5, 1, 4]
 951   10    11.261077    3.756531   11.122334    1.903477    0.00616031   1.7623   0.9030  9-[ 5, 0, 5]
 952   10    17.066089    9.696800   17.062602    2.179998    0.00010216   0.3450   0.3457  9-[ 9, 1, 4]
 953   10    18.886717   11.510690   18.876492    2.259764    0.00027070   0.6214   0.4278  9-[11, 0, 5]
 954   10    20.317392   12.933402   20.299204    2.320522    0.00044758   0.8595   0.5257  9-[ 7, 3, 4]
 955   10    21.848318   14.476790   21.842592    2.383823    0.00013104   0.5002   0.2851  9-[ 7, 2, 5]
 956   10    22.577005   15.202108   22.567911    2.413370    0.00020141   0.6408   0.4531  9-[ 7, 3, 4]
 957   10    25.756644   18.387324   25.753126    2.538276    0.00006829   0.4257   0.5177  9-[ 7, 1, 4]
 958   10    26.811658   19.443192   26.808995    2.578383    0.00004966   0.3779   0.2846  9-[ 7, 2, 5]
 959   10    27.503993   20.135450   27.501253    2.604367    0.00004982   0.3883   0.3108  9-[ 7, 1, 4]
 960   10    30.005718   22.634245   30.000047    2.696174    0.00009450   0.5833   0.5346  9-[ 7, 0, 5]
 961   10    32.105389   24.737209   32.103012    2.770880    0.00003702   0.3907   0.2715  9-[ 9, 5, 4]
 962   10    32.362075   24.991012   32.356815    2.779875    0.00008127   0.5834   0.4123  9-[ 7, 0, 5]
 963   10    33.599067   26.232024   33.597827    2.822821    0.00001845   0.2886   0.3081  9-[ 9, 5, 4]
 964   10    33.943122   26.574746   33.940549    2.834650    0.00003790   0.4179   0.3641  9-[ 9, 5, 4]
 965   10    38.134963   30.765980   38.131782    2.975000    0.00004170   0.4925   0.5301  9-[ 9, 3, 4]
 966   10    38.532806   31.161299   38.527101    2.987977    0.00007402   0.6630   0.4960  9-[ 9, 4, 5]
 967   10    39.256313   31.889879   39.255682    3.011435    0.00000804   0.2227   0.3354  9-[19,15, 4]
 968   10    40.507232   33.141072   40.506874    3.051568    0.00000441   0.1702   0.3401  9-[19,14, 5]
 969   10    42.326840   34.958812   42.324614    3.109021    0.00002630   0.4341   0.5052  9-[ 9, 1, 4]
 970   10    43.028244   35.659580   43.025382    3.130885    0.00003325   0.4963   0.4103  9-[11, 7, 4]
 971   10    44.518733   37.149611   44.515413    3.176849    0.00003729   0.5437   0.3969  9-[ 9, 2, 5]
 972   10    47.016577   39.646211   47.012014    3.252420    0.00004852   0.6550   0.4527  9-[ 9, 0, 5]
 973   10    48.419234   41.051675   48.417478    3.294097    0.00001814   0.4124   0.3310  9-[ 9, 4, 5]
 974   10    48.894844   41.528539   48.894341    3.308110    0.00000514   0.2218   0.3285  9-[13, 7, 4]
 975   10    49.746616   42.380424   49.746226    3.333058    0.00000392   0.1969   0.3132  9-[21,16, 5]
 976   10    50.382214   43.015266   50.381069    3.351553    0.00001137   0.3397   0.4645  9-[11, 5, 4]
 977   10    52.683665   45.316661   52.682463    3.417686    0.00001141   0.3559   0.3163  9-[11, 3, 4]
 978   10    55.005003   47.636843   55.002645    3.483118    0.00002143   0.5093   0.4334  9-[11, 4, 5]
 979   10    55.328784   47.962079   55.327881    3.492148    0.00000816   0.3161   0.4162  9-[11, 7, 4]
 980   10    58.599345   51.232796   58.598598    3.582076    0.00000637   0.2958   0.4397  9-[11, 6, 5]
 981   10    60.607041   53.241162   60.606964    3.636179    0.00000063   0.0962   0.3375  9-[21,17, 4]
 982   10    60.996492   53.630321   60.996123    3.646581    0.00000302   0.2121   0.3959  9-[13, 7, 4]
 983   10    61.616371   54.249832   61.615634    3.663077    0.00000598   0.3013   0.5114  9-[11, 1, 4]
 984   10    61.712152   54.346097   61.711900    3.665619    0.00000205   0.1767   0.3592  9-[19,12, 5]
 985   10    64.261532   56.894588   64.260391    3.732647    0.00000888   0.3830   0.3510  9-[11, 2, 5]
 986   10    65.956721   58.590440   65.956243    3.776559    0.00000362   0.2511   0.4025  9-[13, 9, 4]
 987   10    67.053808   59.687019   67.052821    3.804707    0.00000736   0.3637   0.3237  9-[11, 6, 5]
 988   10    68.542922   61.175287   68.541090    3.842584    0.00001337   0.5012   0.4654  9-[ 9, 0, 5]
 989   10    69.886561   62.520405   69.886208    3.876443    0.00000253   0.2222   0.5240  9-[13, 5, 4]
 990   10    70.625567   63.259531   70.625333    3.894941    0.00000166   0.1818   0.4114  9-[13, 8, 5]
 991   10    73.711048   66.344811   73.710614    3.971239    0.00000294   0.2530   0.4000  9-[11, 3, 4]
 992   10    75.133257   67.767374   75.133177    4.005918    0.00000054   0.1099   0.4116  9-[17,11, 4]
 993   10    75.694830   68.328884   75.694687    4.019529    0.00000095   0.1473   0.3395  9-[15, 9, 4]
 994   10    75.986470   68.620333   75.986136    4.026580    0.00000220   0.2255   0.4764  9-[11, 4, 5]
 995   10    76.435973   69.070110   76.435912    4.037422    0.00000040   0.0963   0.3479  9-[17,10, 5]
 996   10    79.600856   72.234827   79.600630    4.112955    0.00000142   0.1898   0.3734  9-[15,11, 4]
 997   10    81.404082   74.037964   81.403766    4.155377    0.00000194   0.2267   0.3282  9-[15, 8, 5]
 998   10    85.040226   77.674323   85.040126    4.239628    0.00000059   0.1307   0.5693  9-[13, 1, 4]
 999   10    85.912503   78.546590   85.912392    4.259591    0.00000064   0.1379   0.4488  9-[15, 7, 4]
1000   10    86.842495   79.476550   86.842352    4.280772    0.00000082   0.1576   0.4292  9-[15, 7, 4]
1001   10    89.886821   82.520862   89.886665    4.349389    0.00000087   0.1677   0.4350  9-[13, 2, 5]
1002   10    91.852425   84.486539   91.852341    4.393122    0.00000046   0.1242   0.3664  9-[15, 6, 5]
1003   10    93.200980   85.835153   93.200955    4.422877    0.00000013   0.0685   0.3857  9-[17,11, 4]
1004   10    93.828823   86.462996   93.828798    4.436661    0.00000013   0.0686   0.3669  9-[15, 5, 4]
1005   10    95.089114   87.723286   95.089088    4.464203    0.00000013   0.0698   0.3283  9-[21,13, 4]
1006   10    95.216631   87.850649   95.216452    4.466981    0.00000094   0.1845   0.5531  9-[13, 0, 5]
1007   10    96.358523   88.992669   96.358471    4.491774    0.00000027   0.1000   0.2770  9-[19,13, 4]
1008   10    98.602910   91.237077   98.602879    4.540110    0.00000016   0.0779   0.4612  9-[19,15, 4]
1009   10    99.998773   92.632923   99.998725    4.569914    0.00000024   0.0979   0.4341  9-[17,10, 5]
1010   10   100.170486   92.804582  100.170385    4.573567    0.00000051   0.1424   0.5349  9-[15, 3, 4]
1011   10   102.888704   95.522862  102.888665    4.631010    0.00000019   0.0895   0.3394  9-[17, 9, 4]
1012   10   103.149960   95.784053  103.149856    4.636494    0.00000050   0.1465   0.4577  9-[15, 4, 5]
1013   10   107.593334  100.227482  107.593284    4.728782    0.00000023   0.1039   0.4421  9-[21,10, 5]
1014   10   110.320845  102.954982  110.320785    4.784551    0.00000027   0.1157   0.4094  9-[17,12, 5]
1015   10   114.837310  107.471395  114.837197    4.875495    0.00000049   0.1611   0.4192  9-[15, 1, 4]
1016   10   115.562265  108.196438  115.562240    4.889935    0.00000011   0.0760   0.3396  9-[21,13, 4]
1017   10   117.821222  110.455359  117.821161    4.934660    0.00000026   0.1198   0.3350  9-[19,13, 4]
1018   10   118.848950  111.483090  118.848892    4.954874    0.00000024   0.1166   0.3782  9-[17, 7, 4]
1019   10   120.184609  112.818759  120.184562    4.981022    0.00000019   0.1061   0.3432  9-[17, 7, 4]
1020   10   122.920122  115.554223  122.920026    5.034152    0.00000039   0.1540   0.3394  9-[19,11, 4]
1021   10   124.270650  116.904682  124.270485    5.060176    0.00000067   0.2029   0.4324  9-[15, 2, 5]
1022   10   126.667388  119.301477  126.667280    5.106034    0.00000043   0.1659   0.3845  9-[21,17, 4]
1023   10   128.011311  120.645399  128.011202    5.131569    0.00000043   0.1674   0.4237  9-[17, 5, 4]
1024   10   128.403027  121.037135  128.402937    5.138988    0.00000035   0.1519   0.3282  9-[15, 0, 5]
1025   10   129.312496  121.946519  129.312321    5.156171    0.00000068   0.2125   0.4851  9-[15, 0, 5]
1026   10   132.056161  124.690241  132.056043    5.207666    0.00000045   0.1765   0.2875  9-[17, 3, 4]
1027   10   135.553296  128.187404  135.553207    5.272574    0.00000033   0.1557   0.3887  9-[19, 4, 5]
1028   10   136.303838  128.937878  136.303681    5.286401    0.00000058   0.2073   0.3920  9-[19,10, 5]
1029   10   140.207101  132.841170  140.206972    5.357731    0.00000046   0.1899   0.3379  9-[17, 3, 4]
1030   10   141.825605  134.459699  141.825501    5.387031    0.00000037   0.1717   0.3011  9-[17, 4, 5]
1031   11    11.237607    3.766390   11.132193    1.902277    0.00469023   1.5356   0.9322 11+[ 6, 1, 5]
1032   11    19.479455   12.101960   19.467762    2.285132    0.00030014   0.6748   0.5157 11+[ 6, 0, 6]
1033   11    20.350435   12.980664   20.346466    2.321906    0.00009752   0.4019   0.3415 11+[10, 1, 5]
1034   11    24.196221   16.814613   24.180416    2.477764    0.00032660   0.8744   0.5303 11+[ 6, 0, 6]
1035   11    24.584755   17.208977   24.574780    2.492968    0.00020287   0.7003   0.3875 11+[ 6, 0, 6]
1036   11    25.732081   18.360759   25.726562    2.537334    0.00010724   0.5329   0.3280 11+[ 6, 0, 6]
1037   11    29.242342   21.872785   29.238588    2.668495    0.00006419   0.4685   0.5540 11+[ 8, 3, 5]
1038   11    31.113855   23.746950   31.112753    2.735856    0.00001771   0.2619   0.2807 11+[ 8, 2, 6]
1039   11    31.749508   24.380653   31.746456    2.758360    0.00004806   0.4402   0.5087 11+[ 8, 3, 5]
1040   11    32.862688   25.490490   32.856292    2.797335    0.00009731   0.6483   0.6346 11+[ 8, 1, 5]
1041   11    36.332058   28.959599   36.325401    2.915464    0.00009160   0.6954   0.4622 11+[ 8, 2, 6]
1042   11    36.781036   29.414864   36.780666    2.930403    0.00000503   0.1650   0.3232 11+[14, 3, 5]
1043   11    38.357209   30.988513   38.354315    2.982256    0.00003773   0.4712   0.3463 11+[ 8, 0, 6]
1044   11    38.710648   31.343783   38.709586    2.993761    0.00001372   0.2867   0.2683 11+[16,10, 6]
1045   11    39.724921   32.356968   39.722770    3.026532    0.00002707   0.4134   0.5315 11+[10, 5, 5]
1046   11    44.926068   37.559052   44.924855    3.189295    0.00001350   0.3301   0.3929 11+[10, 4, 6]
1047   11    45.229663   37.862868   45.228670    3.198539    0.00001098   0.2997   0.3288 11+[10, 4, 6]
1048   11    46.974366   39.607502   46.973305    3.251158    0.00001129   0.3157   0.5362 11+[10, 3, 5]
1049   11    47.166264   39.800168   47.165971    3.256893    0.00000311   0.1664   0.3461 11+[18,12, 6]
1050   11    48.180742   40.813366   48.179168    3.287048    0.00001634   0.3895   0.5276 11+[10, 1, 5]
1051   11    51.039110   43.672277   51.038080    3.370561    0.00001009   0.3243   0.4350 11+[10, 5, 5]
1052   11    52.330636   44.962892   52.328695    3.407625    0.00001855   0.4507   0.4058 11+[10, 2, 6]
1053   11    54.404687   47.038363   54.404165    3.466315    0.00000480   0.2383   0.3170 11+[22,17, 5]
1054   11    54.847544   47.479552   54.845354    3.478719    0.00001996   0.4901   0.4393 11+[ 8, 0, 6]
1055   11    56.226595   48.860351   56.226153    3.517063    0.00000393   0.2228   0.4098 11+[10, 4, 6]
1056   11    57.315998   49.949786   57.315589    3.547061    0.00000357   0.2165   0.3194 11+[12, 6, 6]
1057   11    57.665031   50.298745   57.664548    3.556618    0.00000419   0.2360   0.3339 11+[20,14, 6]
1058   11    61.217371   53.851006   61.216809    3.652467    0.00000459   0.2624   0.4280 11+[12, 7, 5]
1059   11    63.295256   55.928239   63.294041    3.707385    0.00000959   0.3921   0.4557 11+[10, 4, 6]
1060   11    66.255156   58.888962   66.254764    3.784237    0.00000296   0.2279   0.5861 11+[12, 3, 5]
1061   11    66.395416   59.029570   66.395372    3.787840    0.00000033   0.0763   0.3674 11+[22,17, 5]
1062   11    68.355423   60.989026   68.354829    3.837836    0.00000434   0.2850   0.5386 11+[12, 1, 5]
1063   11    69.214962   61.849021   69.214824    3.859557    0.00000100   0.1386   0.4030 11+[12, 6, 6]
1064   11    71.292735   63.926729   71.292531    3.911565    0.00000143   0.1706   0.5068 11+[14, 7, 5]
1065   11    71.362401   63.996552   71.362354    3.913296    0.00000033   0.0820   0.3822 11+[18, 8, 6]
1066   11    73.160806   65.794024   73.159827    3.957740    0.00000669   0.3784   0.4776 11+[10, 2, 6]
1067   11    75.424195   68.058230   75.424033    4.012975    0.00000108   0.1566   0.4216 11+[14, 9, 5]
1068   11    76.318767   68.951838   76.317641    4.034598    0.00000738   0.4147   0.5363 11+[10, 0, 6]
1069   11    78.090931   70.724641   78.090443    4.077094    0.00000312   0.2760   0.4054 11+[14, 6, 6]
1070   11    80.279400   72.913508   80.279311    4.128969    0.00000056   0.1197   0.3010 11+[16,10, 6]
1071   11    81.183914   73.817986   81.183788    4.150220    0.00000077   0.1428   0.4071 11+[14, 5, 5]
1072   11    82.669246   75.303360   82.669163    4.184883    0.00000050   0.1173   0.2971 11+[16,11, 5]
1073   11    86.059933   78.694092   86.059894    4.262956    0.00000022   0.0815   0.3298 11+[14, 5, 5]
1074   11    86.938234   79.572322   86.938124    4.282947    0.00000063   0.1378   0.3175 11+[14, 4, 6]
1075   11    89.049869   81.684037   89.049840    4.330633    0.00000017   0.0729   0.3447 11+[14, 3, 5]
1076   11    89.749556   82.383712   89.749514    4.346318    0.00000023   0.0868   0.4595 11+[14, 3, 5]
1077   11    92.812842   85.446988   92.812791    4.414334    0.00000028   0.0980   0.5095 11+[14, 1, 5]
1078   11    93.069376   85.703549   93.069351    4.419982    0.00000014   0.0688   0.3575 11+[14, 1, 5]
1079   11    94.954783   87.588944   94.954747    4.461276    0.00000019   0.0829   0.4160 11+[16, 7, 5]
1080   11    96.446602   89.080761   96.446563    4.493680    0.00000020   0.0865   0.4073 11+[16, 8, 6]
1081   11    99.773058   92.407238   99.773040    4.565108    0.00000009   0.0602   0.4415 11+[18,12, 6]
1082   11   100.314306   92.948271  100.314073    4.576625    0.00000116   0.2161   0.5109 11+[14, 2, 6]
1083   11   102.499371   95.133543  102.499345    4.622826    0.00000012   0.0721   0.4190 11+[18,11, 5]
1084   11   104.101283   96.735340  104.101142    4.656407    0.00000068   0.1713   0.5524 11+[14, 0, 6]
1085   11   105.258678   97.892852  105.258654    4.680518    0.00000011   0.0706   0.3225 11+[18,13, 5]
1086   11   105.854289   98.488388  105.854190    4.692879    0.00000047   0.1445   0.3836 11+[16, 6, 6]
1087   11   112.165844  104.800019  112.165821    4.821909    0.00000010   0.0713   0.4528 11+[22,14, 6]
1088   11   113.324490  105.958659  113.324462    4.845223    0.00000012   0.0799   0.4259 11+[16, 5, 5]
1089   11   116.915799  109.549894  116.915697    4.916782    0.00000044   0.1544   0.4301 11+[16, 3, 5]
1090   11   117.673987  110.308134  117.673937    4.931757    0.00000021   0.1089   0.3948 11+[18, 5, 5]
1091   11   119.105937  111.740072  119.105874    4.959916    0.00000026   0.1221   0.3833 11+[20,11, 5]
1092   11   121.201536  113.835703  121.201506    5.000839    0.00000012   0.0852   0.3074 11+[16, 3, 5]
1093   11   123.070763  115.704896  123.070698    5.037061    0.00000026   0.1262   0.4478 11+[16, 4, 6]
1094   11   125.493461  118.127548  125.493350    5.083625    0.00000044   0.1670   0.3416 11+[16, 1, 5]
1095   11   126.115557  118.749602  126.115404    5.095513    0.00000060   0.1961   0.4507 11+[16, 1, 5]
1096   11   127.462362  120.096432  127.462235    5.121154    0.00000050   0.1803   0.3983 11+[18, 7, 5]
1097   11   130.071033  122.705177  130.070979    5.170459    0.00000021   0.1182   0.3642 11+[20,13, 5]
1098   11   134.461444  127.095464  134.461267    5.252395    0.00000066   0.2185   0.4767 11+[16, 2, 6]
1099   11   135.713066  128.347136  135.712938    5.275520    0.00000047   0.1866   0.3750 11+[18, 8, 6]
1100   11   137.622691  130.256794  137.622597    5.310609    0.00000034   0.1610   0.3675 11+[22,17, 5]
1101   11   138.510306  131.144335  138.510138    5.326840    0.00000061   0.2159   0.4789 11+[16, 0, 6]
1102   11   142.509344  135.143409  142.509211    5.399361    0.00000046   0.1942   0.4080 11+[18, 6, 6]
1103   12     2.018001   -6.708410    0.657393    1.351036    0.33711775   1.9079   0.8018 11-[ 5, 0, 5]
1104   12    18.089861   10.719811   18.085614    2.225204    0.00011739   0.3920   0.4498 11-[ 9, 0, 5]
1105   12    20.429097   13.041637   20.407439    2.325199    0.00053008   0.9404   0.7213 11-[ 7, 2, 5]
1106   12    22.739406   15.369571   22.735374    2.419905    0.00008866   0.4282   0.3258 11-[ 7, 1, 6]
1107   12    23.542034   16.168878   23.534681    2.451951    0.00015617   0.5884   0.4117 11-[ 7, 2, 5]
1108   12    27.505698   20.136020   27.501822    2.604431    0.00007045   0.4617   0.5736 11-[ 7, 0, 5]
1109   12    27.772135   20.402805   27.768608    2.614362    0.00006350   0.4426   0.4483 11-[ 7, 0, 5]
1110   12    28.619969   21.252659   28.618461    2.645714    0.00002635   0.2938   0.2907 11-[13, 5, 6]
1111   12    32.636056   25.262447   32.628249    2.789444    0.00011960   0.7138   0.6411 11-[ 7, 1, 6]
1112   12    33.486959   26.120526   33.486329    2.818956    0.00000941   0.2054   0.2953 11-[ 9, 4, 5]
1113   12    34.981426   27.614953   34.980756    2.870054    0.00000957   0.2165   0.2769 11-[17, 9, 6]
1114   12    35.582299   28.213527   35.579329    2.890344    0.00004173   0.4597   0.5729 11-[ 9, 4, 5]
1115   12    39.795931   32.428400   39.794203    3.028813    0.00002171   0.3709   0.3579 11-[ 9, 2, 5]
1116   12    40.690360   33.320196   40.685999    3.057399    0.00005359   0.5958   0.5575 11-[ 9, 3, 6]
1117   12    42.042266   34.674650   42.040453    3.100106    0.00002157   0.3905   0.4352 11-[ 9, 2, 5]
1118   12    42.418490   35.051215   42.417018    3.111886    0.00001736   0.3535   0.3385 11-[ 9, 0, 5]
1119   12    42.956170   35.587345   42.953148    3.128646    0.00003518   0.5096   0.5554 11-[ 9, 0, 5]
1120   12    44.664612   37.296572   44.662374    3.181312    0.00002505   0.4471   0.5686 11-[11, 6, 5]
1121   12    47.408895   40.039288   47.405091    3.264131    0.00004012   0.6006   0.4978 11-[ 9, 1, 6]
1122   12    49.628815   42.262829   49.628631    3.329619    0.00000185   0.1350   0.3383 11-[21,16, 5]
1123   12    51.363964   43.997406   51.363208    3.379922    0.00000736   0.2787   0.3984 11-[11, 5, 6]
1124   12    51.696460   44.329751   51.695554    3.389476    0.00000877   0.3061   0.5364 11-[11, 4, 5]
1125   12    52.063010   44.696874   52.062676    3.399978    0.00000320   0.1863   0.3806 11-[19,13, 6]
1126   12    55.053031   47.686258   55.052061    3.484459    0.00000881   0.3269   0.3875 11-[11, 6, 5]
1127   12    57.296080   49.928432   57.294235    3.546514    0.00001610   0.4598   0.5099 11-[ 9, 3, 6]
1128   12    60.632161   53.265942   60.631744    3.636851    0.00000343   0.2246   0.4098 11-[11, 2, 5]
1129   12    60.972213   53.606039   60.971841    3.645934    0.00000305   0.2128   0.4086 11-[11, 2, 5]
1130   12    61.905467   54.539362   61.905165    3.670744    0.00000244   0.1934   0.3130 11-[11, 5, 6]
1131   12    62.538337   55.172495   62.538297    3.687474    0.00000031   0.0701   0.4274 11-[21,15, 6]
1132   12    63.109371   55.742312   63.108115    3.702505    0.00000995   0.3981   0.6000 11-[11, 0, 5]
1133   12    63.785536   56.419342   63.785144    3.720224    0.00000307   0.2237   0.4799 11-[13, 6, 5]
1134   12    67.464716   60.097943   67.463745    3.815197    0.00000720   0.3620   0.4447 11-[11, 1, 6]
1135   12    68.376442   61.010319   68.376122    3.838368    0.00000234   0.2093   0.4159 11-[13, 8, 5]
1136   12    71.398431   64.032296   71.398098    3.914192    0.00000233   0.2178   0.4428 11-[13, 4, 5]
1137   12    71.871249   64.504789   71.870592    3.925922    0.00000457   0.3074   0.4018 11-[13, 5, 6]
1138   12    74.741867   67.375942   74.741744    3.996404    0.00000082   0.1353   0.4220 11-[13, 7, 6]
1139   12    75.949373   68.583540   75.949342    4.025683    0.00000021   0.0689   0.3816 11-[23,18, 5]
1140   12    76.907289   69.541342   76.907144    4.048760    0.00000094   0.1495   0.3017 11-[15, 8, 5]
1141   12    77.550828   70.184721   77.550523    4.064189    0.00000197   0.2176   0.4841 11-[11, 3, 6]
1142   12    78.576831   71.210753   78.576555    4.088668    0.00000175   0.2080   0.3240 11-[15, 9, 6]
1143   12    82.172528   74.806621   82.172423    4.173324    0.00000063   0.1309   0.4034 11-[13, 2, 5]
1144   12    84.200496   76.834645   84.200447    4.220320    0.00000029   0.0905   0.4814 11-[13, 2, 5]
1145   12    86.466411   79.100449   86.466251    4.272219    0.00000093   0.1664   0.5320 11-[15, 7, 6]
1146   12    87.598172   80.232268   87.598070    4.297907    0.00000058   0.1339   0.6582 11-[13, 0, 5]
1147   12    89.099596   81.733751   89.099553    4.331750    0.00000024   0.0869   0.6484 11-[15, 6, 5]
1148   12    92.820580   85.454734   92.820537    4.414504    0.00000023   0.0900   0.4018 11-[19, 9, 6]
1149   12    93.616928   86.251030   93.616832    4.432014    0.00000051   0.1339   0.3416 11-[13, 1, 6]
1150   12    94.370423   87.004467   94.370270    4.448518    0.00000081   0.1702   0.4225 11-[13, 1, 6]
1151   12    94.420099   87.054272   94.420075    4.449604    0.00000013   0.0676   0.3810 11-[15, 4, 5]
1152   12    96.917750   89.551918   96.917720    4.503866    0.00000015   0.0762   0.4242 11-[15, 4, 5]
1153   12    98.555798   91.189956   98.555758    4.539101    0.00000020   0.0881   0.3947 11-[19,13, 6]
1154   12    98.730681   91.364806   98.730608    4.542846    0.00000037   0.1202   0.3708 11-[19,14, 5]
1155   12   101.677893   94.312009  101.677811    4.605511    0.00000040   0.1289   0.3660 11-[19,14, 5]
1156   12   104.278883   96.913011  104.278813    4.660115    0.00000033   0.1207   0.4857 11-[15, 3, 6]
1157   12   105.185666   97.819786  105.185588    4.679001    0.00000037   0.1279   0.3716 11-[21,10, 5]
1158   12   107.304128   99.938264  107.304066    4.722830    0.00000029   0.1151   0.3382 11-[17,12, 5]
1159   12   112.472906  105.106992  112.472795    4.828099    0.00000050   0.1585   0.5477 11-[17, 2, 5]
1160   12   114.869639  107.503828  114.869630    4.876140    0.00000004   0.0458   0.4474 11-[21,13, 6]
1161   12   116.913935  109.548104  116.913906    4.916745    0.00000012   0.0820   0.4208 11-[23,18, 5]
1162   12   119.490229  112.124357  119.490160    4.967446    0.00000029   0.1289   0.3661 11-[19,12, 5]
1163   12   120.721216  113.355351  120.721154    4.991489    0.00000026   0.1225   0.4093 11-[17, 7, 6]
1164   12   121.598944  114.232984  121.598786    5.008562    0.00000065   0.1959   0.5173 11-[15, 0, 5]
1165   12   122.417407  115.051498  122.417300    5.024430    0.00000044   0.1618   0.4827 11-[17, 6, 5]
1166   12   126.227037  118.861109  126.226912    5.097640    0.00000050   0.1780   0.4407 11-[23,16, 5]
1167   12   127.028312  119.662444  127.028247    5.112905    0.00000025   0.1283   0.3679 11-[19, 5, 6]
1168   12   128.418489  121.052549  128.418351    5.139281    0.00000054   0.1881   0.5261 11-[15, 1, 6]
1169   12   130.423799  123.057928  130.423730    5.177091    0.00000026   0.1342   0.3632 11-[21,10, 5]
1170   12   133.693628  126.327688  133.693490    5.238158    0.00000051   0.1918   0.3280 11-[17, 5, 6]
1171   12   135.713849  128.347992  135.713794    5.275535    0.00000020   0.1214   0.3767 11-[21,15, 6]
1172   12   138.542322  131.176411  138.542213    5.327424    0.00000039   0.1740   0.3137 11-[21,15, 6]
1173   12   142.072615  134.706684  142.072487    5.391489    0.00000045   0.1910   0.5912 11-[17, 3, 6]
1174   13    11.243047    3.771822   11.137624    1.902555    0.00468836   1.5360   0.9776 13+[ 6, 0, 6]
1175   13    21.063844   13.694120   21.059922    2.351599    0.00009309   0.4064   0.4529 13+[12, 0, 6]
1176   13    25.318237   17.951586   25.317389    2.521421    0.00001675   0.2073   0.3227 13+[ 8, 2, 6]
1177   13    26.690505   19.324377   26.690179    2.573809    0.00000611   0.1319   0.4476 13+[12, 1, 7]
1178   13    30.265613   22.894877   30.260679    2.705533    0.00008151   0.5465   0.6077 13+[ 8, 2, 6]
1179   13    32.546778   25.178433   32.544236    2.786329    0.00003906   0.4068   0.3749 13+[ 8, 2, 6]
1180   13    32.863236   25.495373   32.861176    2.797354    0.00003134   0.3679   0.3851 13+[ 8, 2, 6]
1181   13    33.363751   25.993254   33.359056    2.814702    0.00007035   0.5597   0.6878 13+[ 8, 0, 6]
1182   13    38.531712   31.165826   38.531628    2.987942    0.00000108   0.0801   0.3447 13+[16,10, 6]
1183   13    39.181699   31.813264   39.179066    3.009025    0.00003359   0.4542   0.6613 13+[ 8, 1, 7]
1184   13    39.805970   32.440082   39.805885    3.029135    0.00000107   0.0823   0.3553 13+[14, 3, 7]
1185   13    41.772634   34.404895   41.770698    3.091635    0.00002317   0.4022   0.6165 13+[10, 4, 6]
1186   13    46.949606   39.583612   46.949415    3.250417    0.00000204   0.1340   0.3809 13+[18,12, 6]
1187   13    48.046497   40.680477   48.046279    3.283074    0.00000227   0.1447   0.3928 13+[18,11, 7]
1188   13    48.119558   40.752697   48.118500    3.285238    0.00001100   0.3192   0.5951 13+[10, 2, 6]
1189   13    48.772698   41.405426   48.771228    3.304517    0.00001507   0.3786   0.4368 13+[10, 3, 7]
1190   13    49.294417   41.927339   49.293141    3.319836    0.00001294   0.3546   0.4600 13+[10, 0, 6]
1191   13    53.216392   45.849633   53.215435    3.432812    0.00000899   0.3192   0.5686 13+[12, 6, 6]
1192   13    54.486124   47.116748   54.482550    3.468600    0.00003280   0.6240   0.5059 13+[ 8, 1, 7]
1193   13    57.191245   49.825309   57.191111    3.543638    0.00000117   0.1236   0.3736 13+[20,14, 6]
1194   13    58.464546   51.098385   58.464188    3.578414    0.00000306   0.2046   0.4672 13+[12, 5, 7]
1195   13    59.102975   51.737163   59.102965    3.595725    0.00000008   0.0342   0.4224 13+[14, 7, 7]
1196   13    60.369425   53.003232   60.369035    3.629818    0.00000323   0.2170   0.4749 13+[12, 4, 6]
1197   13    65.095951   57.729573   65.095375    3.754326    0.00000443   0.2739   0.5180 13+[12, 2, 6]
1198   13    68.323023   60.957000   68.322802    3.837015    0.00000162   0.1739   0.3331 13+[12, 6, 6]
1199   13    68.861302   61.494892   68.860694    3.850634    0.00000442   0.2894   0.4559 13+[12, 3, 7]
1200   13    69.901720   62.535220   69.901023    3.876824    0.00000499   0.3122   0.5896 13+[12, 0, 6]
1201   13    71.041859   63.676029   71.041832    3.905322    0.00000019   0.0620   0.3555 13+[22,16, 6]
1202   13    71.656419   64.290515   71.656317    3.920597    0.00000071   0.1207   0.3874 13+[12, 5, 7]
1203   13    72.463396   65.097525   72.463327    3.940565    0.00000048   0.1000   0.4206 13+[18, 9, 7]
1204   13    73.686489   66.320360   73.686163    3.970637    0.00000221   0.2191   0.4147 13+[14, 6, 6]
1205   13    75.455532   68.088597   75.454399    4.013735    0.00000750   0.4134   0.5606 13+[10, 1, 7]
1206   13    78.341422   70.975522   78.341324    4.083065    0.00000063   0.1239   0.4742 13+[16,10, 6]
1207   13    81.246038   73.879900   81.245703    4.151676    0.00000206   0.2333   0.4211 13+[12, 5, 7]
1208   13    85.043316   77.677481   85.043283    4.239699    0.00000019   0.0745   0.4757 13+[14, 4, 6]
1209   13    85.378097   78.012273   85.378075    4.247371    0.00000013   0.0609   0.4020 13+[20,11, 7]
1210   13    88.259917   80.894100   88.259903    4.312856    0.00000008   0.0502   0.3820 13+[22,16, 6]
1211   13    89.369684   82.003855   89.369658    4.337809    0.00000015   0.0684   0.5400 13+[14, 2, 6]
1212   13    89.684644   82.318838   89.684640    4.344865    0.00000002   0.0276   0.4387 13+[22,15, 7]
1213   13    91.226052   83.860228   91.226030    4.379233    0.00000012   0.0630   0.4781 13+[16, 8, 6]
1214   13    94.370620   87.004760   94.370562    4.448523    0.00000031   0.1045   0.4277 13+[14, 3, 7]
1215   13    94.941878   87.576015   94.941818    4.460994    0.00000032   0.1073   0.6112 13+[14, 0, 6]
1216   13    97.119765   89.753953   97.119755    4.508226    0.00000005   0.0443   0.5756 13+[18,12, 6]
1217   13    98.719815   91.353986   98.719789    4.542614    0.00000013   0.0715   0.4443 13+[16, 6, 6]
1218   13   101.146532   93.780662  101.146465    4.594276    0.00000033   0.1164   0.4307 13+[16, 7, 7]
1219   13   103.264331   95.898389  103.264191    4.638892    0.00000068   0.1699   0.5313 13+[14, 1, 7]
1220   13   104.323296   96.957437  104.323240    4.661041    0.00000027   0.1082   0.4427 13+[18,11, 7]
1221   13   109.601404  102.235585  109.601388    4.769904    0.00000007   0.0597   0.4770 13+[20,10, 6]
1222   13   112.663733  105.297901  112.663703    4.831941    0.00000013   0.0814   0.4037 13+[20, 7, 7]
1223   13   114.057178  106.691334  114.057136    4.859908    0.00000018   0.0975   0.4302 13+[22,16, 6]
1224   13   117.259230  109.893360  117.259163    4.923571    0.00000029   0.1258   0.3893 13+[18, 5, 7]
1225   13   119.203399  111.837512  119.203315    4.961827    0.00000035   0.1420   0.5208 13+[18, 4, 6]
1226   13   119.763525  112.397669  119.763471    4.972794    0.00000023   0.1138   0.3252 13+[20,14, 6]
1227   13   121.260202  113.894292  121.260094    5.001980    0.00000045   0.1620   0.4404 13+[22,14, 6]
1228   13   121.734479  114.368626  121.734428    5.011193    0.00000021   0.1118   0.5588 13+[18, 8, 6]
1229   13   125.542612  118.176772  125.542575    5.084565    0.00000015   0.0968   0.3543 13+[20,13, 7]
1230   13   128.212803  120.846868  128.212670    5.135387    0.00000052   0.1848   0.3971 13+[16, 0, 6]
1231   13   129.424575  122.058603  129.424406    5.158285    0.00000065   0.2095   0.5029 13+[16, 0, 6]
1232   13   133.267124  125.901164  133.266967    5.230233    0.00000059   0.2046   0.4222 13+[18, 6, 6]
1233   13   137.006409  129.640504  137.006306    5.299311    0.00000037   0.1674   0.4750 13+[18, 7, 7]
1234   13   137.808065  130.442175  137.807978    5.314003    0.00000032   0.1554   0.3786 13+[20,13, 7]
1235   13   140.451047  133.085114  140.450917    5.362157    0.00000046   0.1913   0.4545 13+[16, 1, 7]
1236   14    20.559709   13.169308   20.535111    2.330656    0.00059822   1.0054   0.8574 13-[ 7, 1, 6]
1237   14    24.017665   16.648092   24.013894    2.470746    0.00007849   0.4256   0.3474 13-[ 7, 0, 7]
1238   14    24.730948   17.358919   24.724722    2.498665    0.00012587   0.5549   0.3623 13-[ 7, 1, 6]
1239   14    29.035518   21.668526   29.034328    2.660946    0.00002049   0.2628   0.3318 13-[13, 1, 6]
1240   14    29.796598   22.430272   29.796074    2.688620    0.00000880   0.1768   0.3492 13-[13, 2, 7]
1241   14    33.842239   26.465566   33.831368    2.831187    0.00016061   0.8577   0.7419 13-[ 7, 0, 7]
1242   14    34.728722   27.362054   34.727856    2.861478    0.00001247   0.2453   0.2933 13-[17, 9, 6]
1243   14    36.512000   29.145985   36.511787    2.921460    0.00000291   0.1247   0.3183 13-[13, 2, 7]
1244   14    37.600440   30.232159   37.597961    2.957473    0.00003296   0.4317   0.6745 13-[ 9, 3, 6]
1245   14    41.415336   34.047329   41.413131    3.080375    0.00002662   0.4274   0.4687 13-[ 9, 1, 6]
1246   14    42.888272   35.521645   42.887448    3.126534    0.00000961   0.2659   0.3306 13-[ 9, 1, 6]
1247   14    43.350020   35.983163   43.348965    3.140865    0.00001217   0.3024   0.3375 13-[ 9, 1, 6]
1248   14    45.073755   37.706620   45.072422    3.193795    0.00001479   0.3466   0.4836 13-[ 9, 2, 7]
1249   14    47.695584   40.327991   47.693793    3.272662    0.00001878   0.4133   0.6390 13-[11, 5, 6]
1250   14    48.512276   41.140839   48.506641    3.296843    0.00005808   0.7394   0.5825 13-[ 9, 0, 7]
1251   14    51.702953   44.337058   51.702860    3.389663    0.00000090   0.0981   0.4139 13-[19,13, 6]
1252   14    53.079320   45.713138   53.078941    3.428927    0.00000357   0.2006   0.3959 13-[11, 3, 6]
1253   14    53.512516   46.146474   53.512277    3.441192    0.00000223   0.1599   0.3308 13-[11, 3, 6]
1254   14    54.300495   46.933669   54.299472    3.463391    0.00000942   0.3333   0.4888 13-[11, 4, 7]
1255   14    58.570655   51.204298   58.570100    3.581297    0.00000474   0.2549   0.4835 13-[13, 7, 6]
1256   14    61.186168   53.819852   61.185655    3.651636    0.00000420   0.2507   0.4906 13-[11, 1, 6]
1257   14    62.350827   54.984496   62.350299    3.682525    0.00000423   0.2565   0.2891 13-[15, 9, 6]
1258   14    62.724326   55.358125   62.723927    3.692377    0.00000318   0.2236   0.3067 13-[21,15, 6]
1259   14    63.356689   55.990841   63.356643    3.708996    0.00000036   0.0759   0.4198 13-[21,14, 7]
1260   14    65.489344   58.123255   65.489058    3.764503    0.00000219   0.1937   0.4172 13-[11, 2, 7]
1261   14    67.766286   60.400153   67.765955    3.822877    0.00000244   0.2118   0.6386 13-[13, 5, 6]
1262   14    68.718346   61.351314   68.717117    3.847022    0.00000894   0.4110   0.5462 13-[11, 0, 7]
1263   14    71.669209   64.303143   71.668946    3.920914    0.00000184   0.1942   0.4152 13-[15, 9, 6]
1264   14    73.739866   66.373911   73.739714    3.971944    0.00000104   0.1502   0.4552 13-[13, 3, 6]
1265   14    75.015282   67.648662   75.014465    4.003053    0.00000544   0.3501   0.4934 13-[13, 4, 7]
1266   14    76.680660   69.314802   76.680604    4.043312    0.00000036   0.0922   0.3659 13-[17,11, 6]
1267   14    77.397540   70.031695   77.397497    4.060520    0.00000028   0.0818   0.4163 13-[17,10, 7]
1268   14    79.081625   71.715685   79.081487    4.100658    0.00000087   0.1478   0.3777 13-[15, 8, 7]
1269   14    83.368476   76.002589   83.368392    4.201102    0.00000051   0.1187   0.6075 13-[13, 1, 6]
1270   14    84.007329   76.641474   84.007277    4.215866    0.00000031   0.0938   0.5913 13-[15, 7, 6]
1271   14    87.929541   80.563543   87.929346    4.305399    0.00000111   0.1853   0.4165 13-[13, 2, 7]
1272   14    89.669856   82.304007   89.669809    4.344534    0.00000026   0.0912   0.3657 13-[17,11, 6]
1273   14    91.014360   83.648501   91.014303    4.374529    0.00000031   0.1018   0.3134 13-[15, 6, 7]
1274   14    92.169475   84.803633   92.169435    4.400136    0.00000021   0.0850   0.5965 13-[15, 5, 6]
1275   14    95.246702   87.880614   95.246417    4.467635    0.00000150   0.2330   0.6257 13-[13, 0, 7]
1276   14    95.633033   88.267192   95.632994    4.476038    0.00000020   0.0865   0.3954 13-[19, 8, 7]
1277   14    96.804983   89.439154   96.804957    4.501430    0.00000014   0.0719   0.3342 13-[17, 9, 6]
1278   14    98.423168   91.057339   98.423142    4.536258    0.00000013   0.0718   0.4092 13-[15, 3, 6]
1279   14    98.958402   91.592589   98.958391    4.547719    0.00000005   0.0462   0.3980 13-[21,11, 6]
1280   14    99.445952   92.080127   99.445930    4.558134    0.00000011   0.0667   0.3775 13-[21,12, 7]
1281   14   102.242309   94.876368  102.242170    4.617415    0.00000068   0.1688   0.5511 13-[15, 4, 7]
1282   14   107.240176   99.874311  107.240114    4.721513    0.00000029   0.1151   0.4119 13-[21,10, 7]
1283   14   112.490424  105.124551  112.490353    4.828451    0.00000032   0.1263   0.3601 13-[21,13, 6]
1284   14   113.738889  106.373030  113.738833    4.853534    0.00000025   0.1137   0.3948 13-[21,13, 6]
1285   14   115.694112  108.328233  115.694035    4.892557    0.00000033   0.1335   0.5134 13-[19, 7, 6]
1286   14   117.062187  109.696370  117.062173    4.919677    0.00000006   0.0574   0.3886 13-[21,12, 7]
1287   14   121.246917  113.881016  121.246819    5.001722    0.00000041   0.1548   0.4620 13-[21,11, 6]
1288   14   121.312022  113.946159  121.311961    5.002988    0.00000025   0.1214   0.5670 13-[21,15, 6]
1289   14   121.893483  114.527551  121.893353    5.014278    0.00000053   0.1780   0.4508 13-[15, 2, 7]
1290   14   125.161980  117.796117  125.161919    5.077279    0.00000024   0.1230   0.4783 13-[17, 5, 6]
1291   14   127.498412  120.132575  127.498377    5.121839    0.00000014   0.0943   0.4176 13-[17, 6, 7]
1292   14   128.679173  121.313206  128.679008    5.144212    0.00000064   0.2056   0.5742 13-[15, 0, 7]
1293   14   133.174136  125.808232  133.174034    5.228504    0.00000038   0.1650   0.3238 13-[17, 3, 6]
1294   14   136.391740  129.025834  136.391637    5.288018    0.00000038   0.1674   0.3392 13-[17, 4, 7]
1295   14   136.509379  129.143497  136.509300    5.290181    0.00000029   0.1471   0.3959 13-[21,14, 7]
1296   14   139.288214  131.922313  139.288116    5.341024    0.00000035   0.1656   0.3805 13-[17, 4, 7]
1297   15    26.298404   18.931114   26.296917    2.558950    0.00002827   0.2796   0.4589 15+[ 8, 1, 7]
1298   15    27.446268   20.080166   27.445968    2.602211    0.00000546   0.1282   0.4940 15+[12, 0, 8]
1299   15    31.578637   24.205840   31.571642    2.752329    0.00011076   0.6646   0.6883 15+[ 8, 1, 7]
1300   15    33.317316   25.948403   33.314205    2.813097    0.00004668   0.4553   0.4554 15+[ 8, 1, 7]
1301   15    34.052807   26.686904   34.052706    2.838411    0.00000148   0.0828   0.3922 15+[14, 2, 8]
1302   15    39.683130   32.317260   39.683063    3.025189    0.00000085   0.0732   0.3351 15+[12, 3, 7]
1303   15    40.125484   32.756351   40.122154    3.039377    0.00004149   0.5169   0.7194 15+[ 8, 0, 8]
1304   15    40.919961   33.554122   40.919924    3.064694    0.00000045   0.0549   0.3684 15+[16, 6, 8]
1305   15    44.948835   37.581011   44.946813    3.189989    0.00002249   0.4263   0.5491 15+[10, 3, 7]
1306   15    47.966778   40.600749   47.966552    3.280711    0.00000236   0.1473   0.3936 15+[18,11, 7]
1307   15    49.058772   41.692189   49.057992    3.312926    0.00000795   0.2766   0.4969 15+[10, 1, 7]
1308   15    50.849600   43.483743   50.849545    3.365089    0.00000054   0.0750   0.3608 15+[16, 8, 8]
1309   15    51.131010   43.764566   51.130369    3.373212    0.00000627   0.2560   0.6202 15+[10, 2, 8]
1310   15    55.014378   47.647821   55.013623    3.483380    0.00000686   0.2881   0.6589 15+[12, 5, 7]
1311   15    55.461103   48.091246   55.457049    3.495831    0.00003655   0.6706   0.5365 15+[ 8, 0, 8]
1312   15    59.004340   51.638532   59.004334    3.593056    0.00000005   0.0268   0.4130 15+[14, 7, 7]
1313   15    59.639665   52.273653   59.639455    3.610212    0.00000176   0.1582   0.4852 15+[12, 4, 8]
1314   15    62.412396   55.046554   62.412356    3.684151    0.00000032   0.0704   0.4076 15+[14, 6, 8]
1315   15    64.493951   57.127763   64.493565    3.738698    0.00000299   0.2231   0.6552 15+[12, 3, 7]
1316   15    66.657425   59.291109   66.656911    3.794561    0.00000385   0.2616   0.6252 15+[12, 1, 7]
1317   15    69.956697   62.590797   69.956600    3.878203    0.00000069   0.1164   0.4539 15+[14, 7, 7]
1318   15    71.546797   64.180574   71.546377    3.917876    0.00000294   0.2454   0.4634 15+[12, 2, 8]
1319   15    72.319199   64.953289   72.319092    3.937004    0.00000074   0.1244   0.3100 15+[20,13, 7]
1320   15    73.451284   66.085374   73.451177    3.964872    0.00000073   0.1255   0.4168 15+[18, 8, 8]
1321   15    74.566153   67.200185   74.565987    3.992126    0.00000111   0.1573   0.5044 15+[14, 6, 8]
1322   15    76.580366   69.213332   76.579134    4.040899    0.00000804   0.4343   0.5929 15+[10, 0, 8]
1323   15    77.257573   69.891633   77.257435    4.057166    0.00000089   0.1457   0.4426 15+[14, 5, 7]
1324   15    83.276268   75.910412   83.276215    4.198967    0.00000032   0.0943   0.3578 15+[14, 5, 7]
1325   15    84.166438   76.800477   84.166280    4.219535    0.00000094   0.1631   0.3994 15+[14, 4, 8]
1326   15    87.999753   80.633922   87.999724    4.306985    0.00000016   0.0713   0.6396 15+[14, 3, 7]
1327   15    89.342163   81.976356   89.342158    4.337192    0.00000003   0.0283   0.4241 15+[22,15, 7]
1328   15    90.000996   82.635186   90.000989    4.351941    0.00000004   0.0375   0.3372 15+[22,14, 8]
1329   15    90.834334   83.468503   90.834305    4.370525    0.00000016   0.0719   0.6303 15+[14, 1, 7]
1330   15    92.577550   85.211729   92.577532    4.409146    0.00000010   0.0577   0.5387 15+[16, 7, 7]
1331   15    93.856875   86.491064   93.856866    4.437276    0.00000005   0.0404   0.5764 15+[20,10, 8]
1332   15    98.750070   91.384210   98.750013    4.543262    0.00000029   0.1066   0.4593 15+[14, 2, 8]
1333   15    99.852945   92.487075   99.852878    4.566810    0.00000034   0.1163   0.4557 15+[18,11, 7]
1334   15   103.481124   96.115265  103.481068    4.643435    0.00000027   0.1078   0.4173 15+[16, 6, 8]
1335   15   104.446883   97.080935  104.446738    4.663619    0.00000070   0.1744   0.4866 15+[14, 0, 8]
1336   15   108.990704  101.624896  108.990698    4.757435    0.00000002   0.0333   0.4838 15+[20, 8, 8]
1337   15   109.894747  102.528921  109.894723    4.775881    0.00000011   0.0718   0.4078 15+[16, 5, 7]
1338   15   113.425007  106.059129  113.424932    4.847240    0.00000033   0.1301   0.4419 15+[18, 5, 7]
1339   15   115.211036  107.845178  115.210981    4.882944    0.00000024   0.1132   0.4019 15+[22,15, 7]
1340   15   119.702182  112.336322  119.702124    4.971594    0.00000024   0.1179   0.3521 15+[22,13, 7]
1341   15   120.025992  112.660155  120.025957    4.977924    0.00000015   0.0919   0.4019 15+[16, 4, 8]
1342   15   121.575009  114.209173  121.574976    5.008097    0.00000014   0.0899   0.3881 15+[22,13, 7]
1343   15   122.883351  115.517392  122.883195    5.033441    0.00000064   0.1960   0.5898 15+[16, 1, 7]
1344   15   123.877809  116.511918  123.877721    5.052620    0.00000036   0.1481   0.5136 15+[18, 7, 7]
1345   15   127.600078  120.234255  127.600058    5.123769    0.00000008   0.0719   0.4005 15+[20,12, 8]
1346   15   133.693142  126.327224  133.693027    5.238149    0.00000043   0.1754   0.4221 15+[16, 2, 8]
1347   15   134.596737  127.230815  134.596618    5.254900    0.00000044   0.1794   0.2983 15+[16, 0, 8]
1348   15   138.860472  131.494528  138.860330    5.333229    0.00000051   0.1981   0.4499 15+[16, 0, 8]
1349   15   140.366639  133.000716  140.366518    5.360626    0.00000043   0.1840   0.3635 15+[18, 6, 8]
1350   16    20.719581   13.326766   20.692569    2.337318    0.00065184   1.0576   0.9196 15-[ 7, 0, 7]
1351   16    26.033205   18.660243   26.026046    2.548850    0.00013750   0.6105   0.4593 15-[11, 0, 7]
1352   16    29.875107   22.508881   29.874683    2.691459    0.00000710   0.1592   0.3256 15-[13, 2, 7]
1353   16    31.210900   23.845025   31.210828    2.739303    0.00000116   0.0672   0.4547 15-[13, 1, 8]
1354   16    36.235396   28.869153   36.234955    2.912237    0.00000608   0.1787   0.3583 15-[ 9, 2, 7]
1355   16    37.851018   30.485096   37.850899    2.965702    0.00000158   0.0953   0.3415 15-[15, 5, 8]
1356   16    40.539581   33.171339   40.537141    3.052599    0.00003009   0.4448   0.6930 15-[ 9, 2, 7]
1357   16    42.310273   34.941542   42.307345    3.108502    0.00003460   0.4977   0.7311 15-[ 9, 0, 7]
1358   16    44.137928   36.771748   44.137551    3.165169    0.00000427   0.1824   0.3089 15-[17,10, 7]
1359   16    45.469318   38.103302   45.469104    3.205818    0.00000235   0.1394   0.3505 15-[17, 3, 8]
1360   16    47.420496   40.054001   47.419803    3.264476    0.00000730   0.2563   0.5677 15-[ 9, 1, 8]
1361   16    49.519124   42.152133   49.517935    3.326413    0.00001200   0.3431   0.6397 15-[11, 4, 7]
1362   16    53.160866   45.795028   53.160830    3.431239    0.00000034   0.0616   0.4126 15-[19,12, 7]
1363   16    55.042057   47.676191   55.041993    3.484153    0.00000058   0.0838   0.4169 15-[17, 9, 8]
1364   16    55.696161   48.329661   55.695463    3.502364    0.00000626   0.2787   0.6182 15-[11, 3, 8]
1365   16    58.528282   51.162004   58.527806    3.580146    0.00000407   0.2361   0.5868 15-[11, 2, 7]
1366   16    61.480146   54.113667   61.479469    3.659458    0.00000550   0.2884   0.6497 15-[11, 0, 7]
1367   16    62.200315   54.834222   62.200025    3.678548    0.00000233   0.1901   0.4414 15-[13, 6, 7]
1368   16    64.017303   56.651400   64.017203    3.726278    0.00000078   0.1130   0.3767 15-[21,14, 7]
1369   16    65.735435   58.368814   65.734616    3.770856    0.00000622   0.3280   0.3891 15-[13, 5, 8]
1370   16    67.787289   60.421144   67.786947    3.823411    0.00000252   0.2153   0.3571 15-[11, 1, 8]
1371   16    69.220735   61.854592   69.220395    3.859702    0.00000246   0.2171   0.5560 15-[13, 4, 7]
1372   16    69.683931   62.318041   69.683843    3.871356    0.00000063   0.1106   0.4854 15-[13, 5, 8]
1373   16    74.190386   66.824398   74.190201    3.982961    0.00000125   0.1660   0.5168 15-[15, 8, 7]
1374   16    76.895176   69.528736   76.894539    4.048469    0.00000414   0.3130   0.5037 15-[11, 3, 8]
1375   16    77.798633   70.432799   77.798601    4.070115    0.00000021   0.0706   0.4044 15-[23,16, 7]
1376   16    81.521822   74.155963   81.521765    4.158131    0.00000035   0.0965   0.4949 15-[13, 2, 7]
1377   16    82.049295   74.683442   82.049244    4.170451    0.00000031   0.0917   0.4500 15-[13, 2, 7]
1378   16    85.295277   77.929340   85.295143    4.245475    0.00000079   0.1512   0.7105 15-[13, 0, 7]
1379   16    86.131488   78.765664   86.131466    4.264588    0.00000013   0.0612   0.6033 15-[15, 6, 7]
1380   16    86.435473   79.069657   86.435460    4.271515    0.00000007   0.0470   0.4789 15-[19, 9, 8]
1381   16    91.757184   84.391301   91.757104    4.391013    0.00000044   0.1215   0.4020 15-[17,10, 7]
1382   16    92.816782   85.450836   92.816639    4.414420    0.00000077   0.1628   0.4019 15-[15, 4, 7]
1383   16    94.080931   86.715048   94.080851    4.442185    0.00000043   0.1228   0.5054 15-[15, 4, 7]
1384   16    95.569218   88.203328   95.569131    4.474651    0.00000046   0.1293   0.4844 15-[15, 5, 8]
1385   16    97.839624   90.473801   97.839604    4.523730    0.00000010   0.0630   0.4503 15-[19,12, 7]
1386   16    98.966398   91.600572   98.966374    4.547890    0.00000012   0.0679   0.4688 15-[17, 9, 8]
1387   16   102.303622   94.937788  102.303590    4.618706    0.00000015   0.0804   0.3551 15-[17, 8, 7]
1388   16   104.166397   96.800482  104.166285    4.657766    0.00000054   0.1531   0.5378 15-[15, 3, 8]
1389   16   109.731567  102.365679  109.731482    4.772557    0.00000039   0.1369   0.5801 15-[17, 2, 7]
1390   16   110.527470  103.161661  110.527464    4.788749    0.00000003   0.0367   0.5755 15-[21,13, 8]
1391   16   115.103066  107.737236  115.103039    4.880793    0.00000012   0.0789   0.5583 15-[21,12, 7]
1392   16   117.620102  110.254206  117.620009    4.930694    0.00000039   0.1478   0.4459 15-[15, 0, 7]
1393   16   117.975295  110.609396  117.975199    4.937696    0.00000041   0.1507   0.4508 15-[15, 0, 7]
1394   16   118.166932  110.801057  118.166860    4.941469    0.00000030   0.1302   0.5078 15-[19, 6, 7]
1395   16   120.991518  113.625631  120.991433    4.996753    0.00000035   0.1435   0.4173 15-[23,16, 7]
1396   16   124.923447  117.557595  124.923398    5.072708    0.00000020   0.1109   0.3859 15-[17, 4, 7]
1397   16   127.190811  119.824955  127.190757    5.115995    0.00000021   0.1169   0.4282 15-[19, 4, 7]
1398   16   128.790948  121.425075  128.790877    5.146324    0.00000027   0.1350   0.4541 15-[15, 1, 8]
1399   16   133.728561  126.362703  133.728506    5.238807    0.00000021   0.1213   0.3866 15-[19,11, 8]
1400   16   134.737157  127.371255  134.737058    5.257498    0.00000037   0.1637   0.4053 15-[17, 5, 8]
1401   16   140.188642  132.822728  140.188530    5.357396    0.00000040   0.1768   0.6126 15-[17, 3, 8]
1402   17    26.845390   19.477491   26.843294    2.579655    0.00003905   0.3355   0.5156 17+[ 8, 0, 8]
1403   17    32.336692   24.961864   32.327667    2.778987    0.00013955   0.7639   0.7975 17+[ 8, 0, 8]
1404   17    34.146044   26.779447   34.145249    2.841604    0.00001164   0.2330   0.3574 17+[12, 2, 8]
1405   17    35.455527   28.089700   35.455503    2.886075    0.00000034   0.0416   0.5179 17+[14, 1, 9]
1406   17    40.803206   33.437359   40.803161    3.060987    0.00000055   0.0604   0.3693 17+[16, 6, 8]
1407   17    43.392830   36.027016   43.392819    3.142191    0.00000013   0.0313   0.3973 17+[14, 3, 9]
1408   17    46.611375   39.243501   46.609303    3.240281    0.00002223   0.4395   0.6550 17+[10, 0, 8]
1409   17    49.260230   41.893410   49.259212    3.318835    0.00001033   0.3167   0.6748 17+[10, 2, 8]
1410   17    50.768501   43.402689   50.768491    3.362744    0.00000009   0.0310   0.3805 17+[16, 8, 8]
1411   17    51.850875   44.485067   51.850870    3.393904    0.00000005   0.0222   0.3904 17+[16, 7, 9]
1412   17    53.155349   45.789205   53.155008    3.431082    0.00000321   0.1906   0.6981 17+[10, 1, 9]
1413   17    57.176485   49.810239   57.176042    3.543233    0.00000388   0.2253   0.6553 17+[12, 4, 8]
1414   17    62.033971   54.668112   62.033914    3.674148    0.00000046   0.0842   0.4250 17+[18,10, 8]
1415   17    63.875371   56.509565   63.875367    3.722572    0.00000003   0.0217   0.4816 17+[18, 9, 9]
1416   17    65.032099   57.665957   65.031759    3.752672    0.00000261   0.2102   0.5495 17+[12, 2, 8]
1417   17    65.628053   58.262071   65.627873    3.768085    0.00000137   0.1536   0.5586 17+[12, 3, 9]
1418   17    68.134267   60.768033   68.133836    3.832227    0.00000317   0.2424   0.6775 17+[12, 0, 8]
1419   17    71.863815   64.497919   71.863721    3.925738    0.00000065   0.1162   0.6170 17+[14, 6, 8]
1420   17    72.909195   65.543363   72.909165    3.951552    0.00000020   0.0655   0.4485 17+[20,12, 8]
1421   17    74.024551   66.658141   74.023943    3.978909    0.00000410   0.2999   0.5239 17+[12, 1, 9]
1422   17    75.146739   67.780869   75.146672    4.006245    0.00000045   0.1010   0.4694 17+[18, 7, 9]
1423   17    78.088444   70.722625   78.088427    4.077035    0.00000011   0.0513   0.4612 17+[16, 7, 9]
1424   17    80.877003   73.511153   80.876955    4.143022    0.00000029   0.0878   0.5566 17+[14, 4, 8]
1425   17    87.045505   79.679668   87.045471    4.285382    0.00000020   0.0770   0.5407 17+[14, 2, 8]
1426   17    89.775866   82.410052   89.775855    4.346907    0.00000006   0.0452   0.3835 17+[14, 2, 8]
1427   17    90.846841   83.480990   90.846792    4.370803    0.00000027   0.0943   0.4671 17+[14, 3, 9]
1428   17    91.666127   84.300319   91.666122    4.388996    0.00000003   0.0301   0.3107 17+[18,10, 8]
1429   17    92.444444   85.078605   92.444408    4.406209    0.00000019   0.0813   0.6289 17+[14, 0, 8]
1430   17    92.902355   85.536532   92.902334    4.416305    0.00000011   0.0617   0.3387 17+[20,10, 8]
1431   17    94.983891   87.618079   94.983881    4.461910    0.00000005   0.0425   0.4275 17+[16, 7, 9]
1432   17    97.414819   90.048954   97.414757    4.514587    0.00000032   0.1107   0.3933 17+[18, 5, 9]
1433   17   101.988062   94.622045  101.987848    4.612057    0.00000105   0.2089   0.6017 17+[14, 1, 9]
1434   17   107.108080   99.742263  107.108066    4.718791    0.00000007   0.0561   0.5187 17+[20,10, 8]
1435   17   108.782499  101.416682  108.782485    4.753177    0.00000007   0.0558   0.4800 17+[20, 7, 9]
1436   17   114.989475  107.623621  114.989423    4.878529    0.00000022   0.1084   0.4985 17+[18, 4, 8]
1437   17   115.213291  107.847405  115.213207    4.882989    0.00000036   0.1391   0.4216 17+[20, 8, 8]
1438   17   115.367592  108.001727  115.367529    4.886062    0.00000027   0.1201   0.3609 17+[18, 4, 8]
1439   17   117.312692  109.946847  117.312649    4.924627    0.00000018   0.0999   0.3698 17+[22,13, 9]
1440   17   121.052216  113.686394  121.052196    4.997934    0.00000008   0.0698   0.3851 17+[18, 8, 8]
1441   17   124.888911  117.523032  124.888835    5.072046    0.00000030   0.1379   0.4973 17+[18, 6, 8]
1442   17   125.436876  118.070892  125.436695    5.082542    0.00000072   0.2133   0.6220 17+[16, 0, 8]
1443   17   128.386111  121.020289  128.386092    5.138668    0.00000007   0.0695   0.4937 17+[20,11, 9]
1444   17   132.808928  125.443047  132.808849    5.221706    0.00000029   0.1441   0.4516 17+[16, 3, 9]
1445   17   134.935358  127.569470  134.935273    5.261163    0.00000031   0.1513   0.4712 17+[18, 7, 9]
1446   17   139.215473  131.849549  139.215352    5.339699    0.00000043   0.1836   0.5775 17+[16, 1, 9]
1447   18    31.019242   23.653246   31.019048    2.732490    0.00000312   0.1096   0.4500 17-[13, 1, 8]
1448   18    32.950323   25.584393   32.950196    2.800380    0.00000193   0.0916   0.5438 17-[13, 0, 9]
1449   18    37.470839   30.104515   37.470318    2.953208    0.00000695   0.1976   0.3670 17-[ 9, 1, 8]
1450   18    39.715966   32.350131   39.715934    3.026244    0.00000040   0.0503   0.4317 17-[13, 2, 9]
1451   18    41.914824   34.545939   41.911741    3.096105    0.00003677   0.5083   0.7834 17-[ 9, 1, 8]
1452   18    45.904956   38.538980   45.904783    3.219008    0.00000189   0.1262   0.3563 17-[15, 7, 8]
1453   18    48.240835   40.875015   48.240817    3.288826    0.00000019   0.0416   0.3628 17-[13, 2, 9]
1454   18    49.131657   41.764574   49.130377    3.315065    0.00001303   0.3547   0.7204 17-[ 9, 0, 9]
1455   18    51.811564   44.444870   51.810673    3.392778    0.00000860   0.3040   0.7022 17-[11, 3, 8]
1456   18    54.923805   47.557982   54.923785    3.480850    0.00000018   0.0470   0.4188 17-[17, 9, 8]
1457   18    56.447350   49.081498   56.447300    3.523162    0.00000045   0.0754   0.4191 17-[17, 8, 9]
1458   18    59.709909   52.343466   59.709268    3.612104    0.00000536   0.2765   0.6900 17-[11, 1, 8]
1459   18    60.607728   53.241744   60.607546    3.636198    0.00000150   0.1484   0.6209 17-[11, 2, 9]
1460   18    65.648981   58.282973   65.648775    3.768625    0.00000157   0.1644   0.6707 17-[13, 5, 8]
1461   18    68.009421   60.643359   68.009161    3.829057    0.00000191   0.1879   0.3850 17-[17, 7, 8]
1462   18    68.575913   61.208557   68.574359    3.843419    0.00001133   0.4616   0.5601 17-[11, 0, 9]
1463   18    68.968107   61.602292   68.968094    3.853331    0.00000009   0.0423   0.4582 17-[19,10, 9]
1464   18    70.982976   63.617014   70.982816    3.903855    0.00000113   0.1509   0.4982 17-[13, 3, 8]
1465   18    72.074478   64.708426   72.074229    3.930954    0.00000173   0.1896   0.4925 17-[13, 4, 9]
1466   18    79.605230   72.239363   79.605165    4.113058    0.00000041   0.1018   0.5409 17-[15, 7, 8]
1467   18    82.336452   74.970596   82.336399    4.177142    0.00000033   0.0939   0.5493 17-[13, 1, 8]
1468   18    83.417852   76.051967   83.417769    4.202245    0.00000050   0.1177   0.4697 17-[15, 6, 9]
1469   18    86.015267   78.649460   86.015262    4.261937    0.00000003   0.0287   0.5130 17-[21,13, 8]
1470   18    86.947538   79.581672   86.947474    4.283158    0.00000037   0.1055   0.5064 17-[13, 2, 9]
1471   18    87.965570   80.599762   87.965564    4.306213    0.00000003   0.0317   0.5858 17-[19, 8, 9]
1472   18    88.833514   81.467680   88.833482    4.325771    0.00000018   0.0752   0.5964 17-[15, 5, 8]
1473   18    95.062374   87.696472   95.062274    4.463621    0.00000052   0.1376   0.4438 17-[15, 3, 8]
1474   18    95.625077   88.259092   95.624894    4.475865    0.00000096   0.1870   0.4610 17-[17, 9, 8]
1475   18    96.770644   89.404691   96.770493    4.500688    0.00000078   0.1707   0.4978 17-[15, 3, 8]
1476   18    99.114586   91.748695   99.114497    4.551058    0.00000045   0.1324   0.5389 17-[15, 4, 9]
1477   18   101.085079   93.719230  101.085032    4.592975    0.00000023   0.0974   0.4844 17-[17, 8, 9]
1478   18   108.927347  101.561534  108.927337    4.756140    0.00000005   0.0482   0.6121 17-[21,13, 8]
1479   18   110.641868  103.275969  110.641771    4.791072    0.00000043   0.1458   0.6080 17-[17, 1, 8]
1480   18   111.558805  104.192992  111.558795    4.809649    0.00000004   0.0466   0.5936 17-[21,12, 9]
1481   18   112.688185  105.322330  112.688133    4.832433    0.00000023   0.1082   0.4739 17-[19, 9, 8]
1482   18   117.168941  109.803087  117.168890    4.921787    0.00000022   0.1100   0.5038 17-[21,11, 8]
1483   18   119.149196  111.783308  119.149110    4.960764    0.00000036   0.1430   0.4066 17-[15, 2, 9]
1484   18   121.573530  114.207697  121.573499    5.008069    0.00000013   0.0860   0.3798 17-[19, 4, 9]
1485   18   123.785959  116.420136  123.785938    5.050852    0.00000008   0.0714   0.3851 17-[19, 5, 8]
1486   18   128.976293  121.610384  128.976186    5.149826    0.00000042   0.1662   0.6153 17-[15, 0, 9]
1487   18   131.178259  123.812387  131.178190    5.191245    0.00000027   0.1352   0.5289 17-[17, 3, 8]
1488   18   134.505878  127.140004  134.505806    5.253218    0.00000027   0.1391   0.4228 17-[21,10, 9]
1489   18   136.351580  128.985685  136.351488    5.287279    0.00000034   0.1581   0.5671 17-[17, 4, 9]
1490   19    35.334694   27.968851   35.334653    2.882000    0.00000057   0.0536   0.5138 19+[14, 1, 9]
1491   19    36.311866   28.946034   36.311836    2.914790    0.00000041   0.0464   0.5579 19+[14, 0,10]
1492   19    43.267784   35.901950   43.267752    3.138318    0.00000036   0.0521   0.3995 19+[14, 3, 9]
1493   19    44.831669   37.465861   44.831663    3.186415    0.00000007   0.0241   0.5031 19+[14, 2,10]
1494   19    49.540948   42.174133   49.539935    3.327051    0.00001022   0.3168   0.8491 19+[10, 1, 9]
1495   19    51.736059   44.370251   51.736053    3.390612    0.00000006   0.0244   0.3890 19+[16, 7, 9]
1496   19    53.067768   45.701962   53.067765    3.428599    0.00000003   0.0176   0.4118 19+[18, 6,10]
1497   19    54.399635   47.033445   54.399247    3.466174    0.00000357   0.2055   0.7222 19+[10, 0,10]
1498   19    62.339684   54.973337   62.339140    3.682231    0.00000437   0.2605   0.6636 19+[12, 3, 9]
1499   19    63.802740   56.436927   63.802729    3.720674    0.00000009   0.0378   0.4927 19+[18, 9, 9]
1500   19    65.862238   58.496426   65.862228    3.774125    0.00000008   0.0368   0.4224 19+[18, 8,10]
1501   19    66.347140   58.981094   66.346897    3.786600    0.00000183   0.1795   0.6278 19+[12, 1, 9]
1502   19    67.803775   60.437902   67.803705    3.823830    0.00000052   0.0976   0.6956 19+[12, 2,10]
1503   19    73.503444   66.137596   73.503399    3.966151    0.00000031   0.0817   0.6019 19+[14, 5, 9]
1504   19    75.365783   67.999248   75.365050    4.011560    0.00000486   0.3324   0.5569 19+[10, 0,10]
1505   19    77.357264   69.991448   77.357251    4.059555    0.00000009   0.0455   0.3735 19+[14, 4,10]
1506   19    77.800502   70.434683   77.800486    4.070160    0.00000011   0.0506   0.3596 19+[14, 4,10]
1507   19    82.787609   75.421802   82.787604    4.187633    0.00000003   0.0271   0.4082 19+[16, 6,10]
1508   19    85.165773   77.799932   85.165735    4.242507    0.00000023   0.0809   0.6676 19+[14, 3, 9]
1509   19    88.373524   81.007690   88.373493    4.315417    0.00000018   0.0743   0.6543 19+[14, 1, 9]
1510   19    91.296147   83.930342   91.296144    4.380790    0.00000001   0.0222   0.3982 19+[22,13, 9]
1511   19    93.088171   85.722365   93.088167    4.420395    0.00000002   0.0258   0.5296 19+[20, 9, 9]
1512   19    95.019924   87.654080   95.019883    4.462696    0.00000022   0.0886   0.6096 19+[14, 2,10]
1513   19    97.575663   90.209817   97.575620    4.518051    0.00000022   0.0918   0.5402 19+[16, 6,10]
1514   19   102.507321   95.141515  102.507318    4.622994    0.00000001   0.0230   0.6850 19+[20,10,10]
1515   19   103.898064   96.532042  103.897844    4.652160    0.00000106   0.2138   0.6288 19+[14, 0,10]
1516   19   104.849706   97.483879  104.849682    4.672013    0.00000012   0.0713   0.5223 19+[18, 5, 9]
1517   19   111.618837  104.252986  111.618788    4.810863    0.00000022   0.1044   0.4338 19+[20, 9, 9]
1518   19   113.863503  106.497676  113.863479    4.856030    0.00000011   0.0750   0.4138 19+[18, 4,10]
1519   19   116.951994  109.586152  116.951955    4.917498    0.00000017   0.0959   0.5115 19+[18, 3, 9]
1520   19   117.765596  110.399748  117.765551    4.933563    0.00000019   0.1037   0.4677 19+[22,13, 9]
1521   19   118.615446  111.249533  118.615335    4.950289    0.00000047   0.1619   0.5337 19+[18, 1, 9]
1522   19   120.961372  113.595524  120.961327    4.996166    0.00000019   0.1050   0.3555 19+[20, 7, 9]
1523   19   125.057965  117.692147  125.057949    5.075286    0.00000007   0.0639   0.3851 19+[20,11, 9]
1524   19   133.583628  126.217747  133.583550    5.236116    0.00000029   0.1447   0.5992 19+[16, 2,10]
1525   19   136.797110  129.431222  136.797025    5.295468    0.00000031   0.1527   0.5023 19+[18, 6,10]
1526   19   139.749963  132.384026  139.749828    5.349426    0.00000048   0.1940   0.6063 19+[16, 0,10]
1527   20    32.563580   25.197386   32.563188    2.786916    0.00000602   0.1598   0.5189 19-[13, 0, 9]
1528   20    39.498171   32.132093   39.497896    3.019236    0.00000348   0.1474   0.4296 19-[13, 2, 9]
1529   20    41.391207   34.025393   41.391195    3.079613    0.00000014   0.0313   0.5113 19-[13, 1,10]
1530   20    42.362033   34.992632   42.358435    3.110121    0.00004247   0.5521   0.8444 19-[ 9, 0, 9]
1531   20    48.023457   40.657627   48.023429    3.282391    0.00000028   0.0512   0.3601 19-[17, 6, 9]
1532   20    49.146347   41.780532   49.146334    3.315496    0.00000013   0.0350   0.4133 19-[15, 3,10]
1533   20    55.725295   48.359279   55.725081    3.503173    0.00000191   0.1542   0.4674 19-[11, 2, 9]
1534   20    58.202973   50.836493   58.202296    3.571298    0.00000582   0.2808   0.5296 19-[11, 0, 9]
1535   20    59.467047   52.101195   59.466997    3.605559    0.00000042   0.0770   0.4343 19-[15, 5,10]
1536   20    60.261628   52.895393   60.261195    3.626929    0.00000359   0.2284   0.5516 19-[11, 0, 9]
1537   20    63.280155   55.914244   63.280046    3.706988    0.00000086   0.1173   0.6715 19-[11, 1,10]
1538   20    67.434911   60.068906   67.434708    3.814437    0.00000150   0.1653   0.6512 19-[13, 4, 9]
1539   20    68.977850   61.612020   68.977823    3.853577    0.00000020   0.0612   0.4753 19-[17, 6, 9]
1540   20    72.566927   65.201020   72.566823    3.943119    0.00000072   0.1231   0.6811 19-[13, 3,10]
1541   20    72.879044   65.513240   72.879043    3.950810    0.00000001   0.0112   0.5360 19-[19, 9,10]
1542   20    78.826746   71.460866   78.826668    4.094609    0.00000049   0.1105   0.6150 19-[13, 2, 9]
1543   20    82.387456   75.021576   82.387379    4.178329    0.00000047   0.1130   0.7355 19-[13, 0, 9]
1544   20    84.207352   76.841533   84.207335    4.220478    0.00000010   0.0538   0.5103 19-[15, 6, 9]
1545   20    86.943601   79.577772   86.943575    4.283069    0.00000015   0.0680   0.4489 19-[15, 5,10]
1546   20    87.440274   80.074466   87.440268    4.294332    0.00000003   0.0314   0.4951 19-[19, 8, 9]
1547   20    89.254139   81.888275   89.254077    4.335218    0.00000035   0.1049   0.3995 19-[13, 1,10]
1548   20    90.693160   83.327347   90.693150    4.367382    0.00000006   0.0429   0.5250 19-[15, 4, 9]
1549   20    91.162245   83.796385   91.162188    4.377816    0.00000031   0.1022   0.4482 19-[13, 1,10]
1550   20    97.769834   90.404022   97.769825    4.522229    0.00000005   0.0431   0.5965 19-[17, 8, 9]
1551   20   100.921872   93.555991  100.921794    4.589518    0.00000039   0.1261   0.6108 19-[15, 3,10]
1552   20   107.241043   99.875174  107.240976    4.721531    0.00000031   0.1193   0.6485 19-[17, 2, 9]
1553   20   109.951494  102.585686  109.951489    4.777037    0.00000002   0.0336   0.5993 19-[19, 7,10]
1554   20   110.287164  102.921355  110.287157    4.783866    0.00000003   0.0381   0.6557 19-[21,12, 9]
1555   20   113.639915  106.274027  113.639830    4.851550    0.00000037   0.1387   0.4865 19-[19, 6, 9]
1556   20   114.335308  106.969397  114.335200    4.865470    0.00000047   0.1573   0.6140 19-[17, 0, 9]
1557   20   117.588735  110.222908  117.588710    4.930076    0.00000011   0.0771   0.4458 19-[21,10, 9]
1558   20   122.734891  115.369076  122.734878    5.030572    0.00000005   0.0567   0.4044 19-[21,11,10]
1559   20   123.535510  116.169665  123.535467    5.046027    0.00000018   0.1036   0.6381 19-[19, 4, 9]
1560   20   127.218581  119.852730  127.218532    5.116523    0.00000019   0.1109   0.4988 19-[15, 1,10]
1561   20   130.826767  123.460906  130.826709    5.184656    0.00000022   0.1230   0.4130 19-[17, 5,10]
1562   20   138.505895  131.139997  138.505800    5.326759    0.00000034   0.1623   0.6087 19-[17, 3,10]
1563   21    36.144948   28.779091   36.144894    2.909215    0.00000076   0.0629   0.5502 21+[14, 0,10]
1564   21    44.691366   37.325543   44.691346    3.182129    0.00000023   0.0425   0.5024 21+[14, 2,10]
1565   21    46.280714   38.914907   46.280710    3.230341    0.00000005   0.0204   0.5825 21+[14, 1,11]
1566   21    50.046795   42.679890   50.045692    3.341805    0.00001102   0.3323   0.8781 21+[10, 0,10]
1567   21    52.961318   45.595511   52.961314    3.425578    0.00000004   0.0205   0.4114 21+[18, 6,10]
1568   21    57.055500   49.689696   57.055498    3.539911    0.00000002   0.0144   0.5183 21+[16, 3,11]
1569   21    64.304980   56.938659   64.304461    3.733779    0.00000404   0.2585   0.5690 21+[12, 0,10]
1570   21    65.775116   58.409263   65.775065    3.771879    0.00000039   0.0822   0.4302 21+[18, 8,10]
1571   21    66.960014   59.594034   66.959836    3.802309    0.00000133   0.1542   0.5715 21+[12, 2,10]
1572   21    67.554956   60.189153   67.554955    3.817496    0.00000001   0.0111   0.5159 21+[18, 7,11]
1573   21    69.557297   62.191446   69.557249    3.868174    0.00000035   0.0822   0.7580 21+[12, 1,11]
1574   21    76.403516   69.037687   76.403489    4.036640    0.00000018   0.0641   0.6066 21+[14, 4,10]
1575   21    82.188030   74.822220   82.188023    4.173685    0.00000005   0.0354   0.4048 21+[20,10,10]
1576   21    84.160305   76.794500   84.160302    4.219394    0.00000002   0.0211   0.4369 21+[16, 5,11]
1577   21    86.400682   79.034849   86.400652    4.270723    0.00000018   0.0728   0.6529 21+[14, 2,10]
1578   21    87.436119   80.070303   87.436105    4.294238    0.00000008   0.0483   0.6040 21+[14, 3,11]
1579   21    89.317632   81.951806   89.317608    4.336642    0.00000013   0.0653   0.7320 21+[14, 0,10]
1580   21    94.096241   86.730435   94.096237    4.442520    0.00000002   0.0265   0.6483 21+[16, 6,10]
1581   21    97.548656   90.182801   97.548604    4.517470    0.00000027   0.1016   0.6672 21+[14, 1,11]
1582   21   100.767590   93.401785  100.767587    4.586247    0.00000002   0.0258   0.6375 21+[20, 7,11]
1583   21   101.904329   94.538525  101.904328    4.610291    0.00000001   0.0155   0.6891 21+[20,10,10]
1584   21   108.756369  101.390515  108.756317    4.752642    0.00000024   0.1059   0.5892 21+[18, 4,10]
1585   21   108.881699  101.515893  108.881695    4.755206    0.00000002   0.0288   0.6428 21+[20, 9,11]
1586   21   112.920464  105.554596  112.920399    4.837106    0.00000029   0.1215   0.4548 21+[18, 2,10]
1587   21   118.466838  111.101010  118.466812    4.947368    0.00000011   0.0773   0.4656 21+[18, 2,10]
1588   21   119.820862  112.455008  119.820811    4.973915    0.00000021   0.1107   0.5791 21+[20, 6,10]
1589   21   121.499360  114.133405  121.499207    5.006628    0.00000063   0.1926   0.6524 21+[18, 0,10]
1590   21   124.904818  117.538999  124.904802    5.072351    0.00000007   0.0637   0.4091 21+[18, 3,11]
1591   21   130.409826  123.043971  130.409773    5.176828    0.00000020   0.1171   0.3991 21+[20, 7,11]
1592   21   137.131867  129.765964  137.131767    5.301613    0.00000036   0.1656   0.6356 21+[16, 1,11]
1593   22    41.246640   33.880822   41.246625    3.075044    0.00000018   0.0354   0.5071 21-[13, 1,10]
1594   22    43.562345   36.196525   43.562327    3.147433    0.00000021   0.0397   0.5984 21-[13, 0,11]
1595   22    48.884470   41.518642   48.884445    3.307805    0.00000025   0.0494   0.4140 21-[15, 3,10]
1596   22    52.373385   45.007579   52.373382    3.408845    0.00000003   0.0188   0.5188 21-[15, 2,11]
1597   22    58.921034   51.555126   58.920928    3.590800    0.00000090   0.1117   0.4893 21-[11, 1,10]
1598   22    61.051217   53.685233   61.051036    3.648040    0.00000149   0.1490   0.6543 21-[11, 1,10]
1599   22    62.783111   55.417305   62.783107    3.693925    0.00000003   0.0228   0.4125 21-[15, 4,11]
1600   22    65.677239   58.311250   65.677053    3.769355    0.00000142   0.1564   0.7694 21-[11, 0,11]
1601   22    69.500865   62.134920   69.500723    3.866754    0.00000102   0.1407   0.7743 21-[13, 3,10]
1602   22    72.796895   65.431092   72.796894    3.948787    0.00000001   0.0126   0.5316 21-[19, 9,10]
1603   22    74.610692   67.244885   74.610688    3.993211    0.00000003   0.0260   0.5486 21-[17, 6,11]
1604   22    79.834523   72.468629   79.834431    4.118477    0.00000058   0.1213   0.7053 21-[13, 1,10]
1605   22    80.644822   73.279002   80.644805    4.137568    0.00000011   0.0528   0.6439 21-[13, 2,11]
1606   22    86.807164   79.441355   86.807157    4.279970    0.00000003   0.0324   0.5822 21-[15, 5,10]
1607   22    88.856545   81.490736   88.856538    4.326289    0.00000004   0.0340   0.5081 21-[19, 7,10]
1608   22    89.840181   82.474377   89.840180    4.348346    0.00000001   0.0147   0.5536 21-[21,10,11]
1609   22    92.092760   84.726871   92.092673    4.398440    0.00000047   0.1263   0.4964 21-[15, 3,10]
1610   22    92.698494   85.332615   92.698417    4.411813    0.00000042   0.1195   0.4904 21-[15, 4,11]
1611   22    94.305768   86.939890   94.305693    4.447104    0.00000040   0.1193   0.5274 21-[15, 3,10]
1612   22   106.215940   98.850081  106.215883    4.700368    0.00000027   0.1099   0.5233 21-[17, 1,10]
1613   22   109.194496  101.828659  109.194462    4.761600    0.00000016   0.0870   0.5308 21-[19, 7,10]
1614   22   111.708410  104.342595  111.708397    4.812674    0.00000006   0.0530   0.5217 21-[19, 6,11]
1615   22   112.836785  105.470956  112.836758    4.835423    0.00000012   0.0780   0.5154 21-[21,11,10]
1616   22   115.038221  107.672369  115.038172    4.879501    0.00000021   0.1058   0.4136 21-[17, 2,11]
1617   22   118.506793  111.140976  118.506779    4.948153    0.00000006   0.0588   0.3885 21-[19, 5,10]
1618   22   122.592581  115.226766  122.592568    5.027820    0.00000005   0.0563   0.4943 21-[19, 8,11]
1619   22   127.031029  119.665181  127.030983    5.112956    0.00000018   0.1079   0.5928 21-[19, 3,10]
1620   22   130.563558  123.197663  130.563466    5.179716    0.00000035   0.1553   0.6387 21-[15, 0,11]
1621   22   132.772856  125.406992  132.772794    5.221034    0.00000023   0.1279   0.5592 21-[17, 4,11]
1622   23    46.119217   38.753409   46.119211    3.225475    0.00000006   0.0233   0.5776 23+[14, 1,11]
1623   23    47.265592   39.899784   47.265587    3.259858    0.00000006   0.0223   0.6004 23+[14, 0,12]
1624   23    56.909089   49.543284   56.909086    3.535886    0.00000002   0.0174   0.5110 23+[14, 3,11]
1625   23    58.539126   51.173322   58.539124    3.580441    0.00000001   0.0130   0.6072 23+[16, 2,12]
1626   23    67.330353   59.964494   67.330296    3.811770    0.00000042   0.0874   0.7477 23+[12, 1,11]
1627   23    67.437384   60.071560   67.437363    3.814500    0.00000016   0.0536   0.4559 23+[18, 7,11]
1628   23    69.310733   61.944930   69.310732    3.861969    0.00000000   0.0081   0.5319 23+[16, 4,12]
1629   23    70.943698   63.577842   70.943644    3.902876    0.00000037   0.0868   0.7719 23+[12, 0,12]
1630   23    83.179190   75.813369   83.179171    4.196718    0.00000012   0.0565   0.6115 23+[14, 3,11]
1631   23    85.095795   77.729974   85.095777    4.240902    0.00000011   0.0554   0.4308 23+[18, 7,11]
1632   23    85.157188   77.791384   85.157187    4.242310    0.00000001   0.0159   0.5072 23+[18, 6,12]
1633   23    88.297073   80.931254   88.297057    4.313693    0.00000009   0.0537   0.6479 23+[14, 1,11]
1634   23    88.939516   81.573705   88.939507    4.328154    0.00000005   0.0402   0.6997 23+[14, 2,12]
1635   23    99.282375   91.916535   99.282337    4.554642    0.00000019   0.0868   0.5619 23+[14, 0,12]
1636   23    99.433929   92.068106   99.433909    4.557877    0.00000010   0.0632   0.4589 23+[20, 7,11]
1637   23   103.226345   95.860542  103.226345    4.638096    0.00000000   0.0121   0.6121 23+[20, 6,12]
1638   23   107.465815  100.100003  107.465806    4.726159    0.00000004   0.0453   0.6196 23+[20, 9,11]
1639   23   110.441282  103.075471  110.441273    4.786998    0.00000004   0.0449   0.5441 23+[18, 4,12]
1640   23   110.978551  103.612691  110.978494    4.797902    0.00000026   0.1124   0.5466 23+[18, 3,11]
1641   23   114.288215  106.922324  114.288126    4.864529    0.00000039   0.1428   0.5711 23+[18, 1,11]
1642   23   119.223088  111.857266  119.223068    4.962213    0.00000008   0.0693   0.4390 23+[20, 7,11]
1643   23   126.495679  119.129862  126.495664    5.102763    0.00000006   0.0619   0.5010 23+[18, 2,12]
1644   23   130.183095  122.817244  130.183047    5.172567    0.00000018   0.1120   0.4231 23+[16, 2,12]
1645   23   139.212226  131.846306  139.212109    5.339640    0.00000042   0.1808   0.6625 23+[16, 0,12]
1646   24    43.268318   35.902485   43.268287    3.138334    0.00000036   0.0516   0.5794 23-[13, 0,11]
1647   24    52.239477   44.873668   52.239470    3.405022    0.00000006   0.0261   0.5131 23-[15, 2,11]
1648   24    54.405886   47.040081   54.405884    3.466349    0.00000002   0.0153   0.5888 23-[15, 1,12]
1649   24    61.516485   54.150310   61.516113    3.660424    0.00000303   0.2140   0.8604 23-[11, 0,11]
1650   24    62.451805   55.085996   62.451798    3.685191    0.00000006   0.0294   0.4283 23-[15, 4,11]
1651   24    63.232300   55.866495   63.232297    3.705733    0.00000002   0.0186   0.5123 23-[17, 3,12]
1652   24    74.294221   66.928408   74.294211    3.985495    0.00000007   0.0396   0.5488 23-[17, 6,11]
1653   24    77.555149   70.189345   77.555147    4.064293    0.00000001   0.0159   0.6866 23-[17, 5,12]
1654   24    78.060411   70.694515   78.060317    4.076366    0.00000060   0.1212   0.5057 23-[13, 0,11]
1655   24    80.697046   73.331194   80.696997    4.138795    0.00000030   0.0889   0.5789 23-[13, 0,11]
1656   24    83.469893   76.104078   83.469880    4.203450    0.00000008   0.0469   0.6918 23-[13, 1,12]
1657   24    89.051209   81.685399   89.051202    4.330663    0.00000004   0.0348   0.5649 23-[15, 4,11]
1658   24    90.113243   82.747437   90.113240    4.354449    0.00000002   0.0260   0.4985 23-[19, 6,11]
1659   24    93.767169   86.401356   93.767159    4.435310    0.00000006   0.0442   0.7048 23-[15, 3,12]
1660   24   100.977074   93.611271  100.977073    4.590688    0.00000000   0.0079   0.8616 23-[19, 7,12]
1661   24   104.511083   97.145232  104.511034    4.664958    0.00000023   0.1004   0.6640 23-[17, 2,11]
1662   24   108.551736  101.185841  108.551643    4.748453    0.00000043   0.1418   0.7181 23-[17, 0,11]
1663   24   111.249095  103.883282  111.249084    4.803383    0.00000005   0.0487   0.6470 23-[19, 6,11]
1664   24   113.889703  106.523881  113.889684    4.856555    0.00000009   0.0664   0.6548 23-[21,10,11]
1665   24   118.664836  111.299024  118.664827    4.951259    0.00000004   0.0475   0.5012 23-[19, 5,12]
1666   24   119.779684  112.413861  119.779664    4.973110    0.00000009   0.0702   0.5877 23-[19, 4,11]
1667   24   122.995992  115.630165  122.995968    5.035617    0.00000010   0.0776   0.5680 23-[17, 1,12]
1668   24   134.066536  126.700676  134.066478    5.245078    0.00000022   0.1249   0.5901 23-[19, 3,12]
1669   25    47.065907   39.700098   47.065900    3.253895    0.00000008   0.0261   0.5923 25+[14, 0,12]
1670   25    58.340075   50.974271   58.340073    3.575030    0.00000002   0.0155   0.5942 25+[16, 2,12]
1671   25    59.977563   52.611759   59.977561    3.619303    0.00000001   0.0127   0.6685 25+[16, 1,13]
1672   25    68.323232   60.957344   68.323147    3.837020    0.00000062   0.1078   0.8504 25+[12, 0,12]
1673   25    69.206465   61.840662   69.206465    3.859342    0.00000000   0.0094   0.5412 25+[16, 4,12]
1674   25    75.150034   67.784231   75.150033    4.006325    0.00000001   0.0107   0.7474 25+[16, 3,13]
1675   25    84.731211   77.365404   84.731207    4.232533    0.00000003   0.0274   0.4576 25+[18, 6,12]
1676   25    86.194600   78.828772   86.194574    4.266027    0.00000015   0.0664   0.5268 25+[14, 2,12]
1677   25    88.627280   81.261461   88.627264    4.321132    0.00000009   0.0531   0.6126 25+[14, 0,12]
1678   25    90.352947   82.987139   90.352941    4.359799    0.00000003   0.0315   0.7440 25+[14, 1,13]
1679   25    91.117825   83.752022   91.117824    4.376829    0.00000000   0.0098   0.7148 25+[18, 5,13]
1680   25   102.116124   94.750318  102.116120    4.614756    0.00000002   0.0256   0.5932 25+[20, 8,12]
1681   25   108.401933  101.036115  108.401917    4.745384    0.00000007   0.0591   0.6147 25+[18, 4,12]
1682   25   111.964280  104.598476  111.964278    4.817842    0.00000001   0.0213   0.7201 25+[20, 7,13]
1683   25   112.775245  105.409397  112.775199    4.834185    0.00000020   0.1014   0.5898 25+[18, 2,12]
1684   25   115.116464  107.750559  115.116362    4.881060    0.00000044   0.1535   0.5978 25+[18, 0,12]
1685   25   116.701621  109.335779  116.701582    4.912544    0.00000017   0.0950   0.4547 25+[18, 3,13]
1686   25   121.616513  114.250695  121.616498    5.008903    0.00000006   0.0604   0.5339 25+[20, 6,12]
1687   25   130.847230  123.481378  130.847180    5.185039    0.00000019   0.1147   0.6558 25+[18, 1,13]
1688   26    54.225483   46.859678   54.225480    3.461284    0.00000002   0.0166   0.5764 25-[15, 1,12]
1689   26    57.017435   49.651628   57.017431    3.538865    0.00000003   0.0212   0.6805 25-[15, 0,13]
1690   26    62.889214   55.523408   62.889210    3.696717    0.00000003   0.0217   0.5037 25-[17, 3,12]
1691   26    69.290816   61.925013   69.290816    3.861468    0.00000001   0.0099   0.6494 25-[15, 2,13]
1692   26    77.331180   69.965375   77.331177    4.058930    0.00000002   0.0192   0.6776 25-[17, 5,12]
1693   26    81.315876   73.950065   81.315867    4.153312    0.00000006   0.0386   0.5227 25-[13, 1,12]
1694   26    81.492187   74.126375   81.492178    4.157438    0.00000006   0.0383   0.5118 25-[13, 1,12]
1695   26    86.377740   79.011915   86.377718    4.270200    0.00000013   0.0620   0.7704 25-[13, 0,13]
1696   26    91.114055   83.748246   91.114049    4.376745    0.00000003   0.0333   0.7659 25-[15, 3,12]
1697   26   100.355768   92.989965  100.355767    4.577506    0.00000000   0.0112   0.8710 25-[19, 7,12]
1698   26   102.050819   94.685016  102.050819    4.613380    0.00000000   0.0086   0.8446 25-[19, 6,13]
1699   26   104.657231   97.291372  104.657174    4.668004    0.00000027   0.1089   0.7175 25-[17, 1,12]
1700   26   109.151612  101.785806  109.151609    4.760724    0.00000002   0.0287   0.7021 25-[17, 2,13]
1701   26   113.182037  105.816219  113.182021    4.842362    0.00000007   0.0593   0.6647 25-[19, 5,12]
1702   26   121.488672  114.122848  121.488650    5.006420    0.00000009   0.0726   0.6067 25-[19, 3,12]
1703   26   123.842963  116.477139  123.842942    5.051949    0.00000009   0.0732   0.5302 25-[19, 4,13]
1704   26   126.563998  119.198146  126.563949    5.104065    0.00000019   0.1111   0.6294 25-[17, 0,13]
1705   27    59.708066   52.342261   59.708064    3.612054    0.00000001   0.0146   0.6479 27+[16, 1,13]
1706   27    61.119743   53.753939   61.119741    3.649867    0.00000001   0.0137   0.6853 27+[16, 0,14]
1707   27    74.972956   67.607152   74.972955    4.002024    0.00000001   0.0115   0.7411 27+[16, 3,13]
1708   27    76.605524   69.239721   76.605524    4.041505    0.00000000   0.0104   0.7718 27+[16, 2,14]
1709   27    88.546901   81.181093   88.546896    4.319322    0.00000003   0.0299   0.7877 27+[14, 1,13]
1710   27    90.975564   83.609761   90.975564    4.373667    0.00000000   0.0041   0.7405 27+[18, 5,13]
1711   27    91.974328   84.608520   91.974322    4.395820    0.00000003   0.0328   0.7771 27+[14, 0,14]
1712   27    93.798279   86.432476   93.798279    4.435992    0.00000000   0.0026   0.7823 27+[18, 4,14]
1713   27   108.883069  101.517231  108.883033    4.755234    0.00000016   0.0875   0.6391 27+[18, 3,13]
1714   27   110.717678  103.351874  110.717676    4.792611    0.00000001   0.0187   0.7658 27+[20, 7,13]
1715   27   112.872000  105.506197  112.871999    4.836131    0.00000000   0.0134   0.7668 27+[20, 6,14]
1716   27   115.391674  108.025842  115.391645    4.886541    0.00000013   0.0823   0.6203 27+[18, 1,13]
1717   27   118.981427  111.615616  118.981418    4.957474    0.00000004   0.0460   0.6695 27+[18, 2,14]
1718   27   133.063330  125.697465  133.063267    5.226442    0.00000023   0.1290   0.6817 27+[18, 0,14]
1719   28    56.651346   49.285539   56.651342    3.528789    0.00000004   0.0236   0.6490 27-[15, 0,13]
1720   28    69.167918   61.802115   69.167917    3.858371    0.00000001   0.0106   0.6542 27-[15, 2,13]
1721   28    71.746103   64.380299   71.746102    3.922821    0.00000001   0.0104   0.6978 27-[15, 1,14]
1722   28    81.003394   73.637589   81.003392    4.145988    0.00000001   0.0180   0.6215 27-[17, 4,13]
1723   28    81.634668   74.268864   81.634667    4.160770    0.00000001   0.0146   0.6779 27-[17, 3,14]
1724   28    82.807238   75.441412   82.807215    4.188089    0.00000014   0.0621   0.7937 27-[13, 0,13]
1725   28   100.925366   93.559557  100.925359    4.589592    0.00000003   0.0365   0.7674 27-[19, 6,13]
1726   28   103.291784   95.925946  103.291748    4.639468    0.00000018   0.0868   0.5389 27-[17, 0,13]
1727   28   103.706966   96.341161  103.706964    4.648163    0.00000001   0.0226   0.8858 27-[19, 5,14]
1728   28   107.100776   99.734956  107.100758    4.718641    0.00000008   0.0617   0.5539 27-[17, 2,13]
1729   28   112.478785  105.112978  112.478780    4.828217    0.00000002   0.0332   0.6964 27-[17, 1,14]
1730   28   115.349979  107.984164  115.349966    4.885711    0.00000006   0.0544   0.6883 27-[19, 4,13]
1731   28   124.191481  116.825664  124.191467    5.058654    0.00000006   0.0594   0.6831 27-[19, 3,14]
1732   29    60.805125   53.439321   60.805123    3.641474    0.00000002   0.0161   0.6611 29+[16, 0,14]
1733   29    76.384653   69.018850   76.384652    4.036186    0.00000001   0.0113   0.7634 29+[16, 2,14]
1734   29    78.040950   70.675147   78.040949    4.075901    0.00000000   0.0107   0.7850 29+[16, 1,15]
1735   29    89.758982   82.393174   89.758977    4.346529    0.00000003   0.0294   0.7960 29+[14, 0,14]
1736   29    93.679876   86.314074   93.679876    4.433395    0.00000000   0.0020   0.7908 29+[18, 4,14]
1737   29   101.506277   94.140475  101.506277    4.601886    0.00000000   0.0065   0.9809 29+[18, 3,15]
1738   29   110.985245  103.619409  110.985211    4.798037    0.00000015   0.0869   0.4690 29+[20, 6,14]
1739   29   111.646515  104.280700  111.646503    4.811423    0.00000006   0.0536   0.6789 29+[20, 6,14]
1740   29   115.147033  107.781195  115.146998    4.881669    0.00000016   0.0908   0.5748 29+[18, 0,14]
1741   29   120.482796  113.116985  120.482787    4.986841    0.00000004   0.0468   0.7509 29+[18, 1,15]
1742   30    71.563912   64.198109   71.563911    3.918301    0.00000001   0.0109   0.6983 29-[15, 1,14]
1743   30    74.799654   67.433850   74.799653    3.997810    0.00000001   0.0160   0.7881 29-[15, 0,15]
1744   30    81.262420   73.896616   81.262419    4.152060    0.00000001   0.0161   0.6821 29-[17, 3,14]
1745   30    94.527415   87.161613   94.527415    4.451949    0.00000000   0.0022   0.8654 29-[17, 2,15]
1746   30   102.970381   95.604577  102.970380    4.632725    0.00000001   0.0149   0.9105 29-[19, 5,14]
1747   30   106.746359   99.380548  106.746350    4.711330    0.00000004   0.0424   0.7475 29-[17, 1,14]
1748   30   108.187057  100.821254  108.187057    4.740978    0.00000000   0.0142   0.8628 29-[19, 4,15]
1749   30   115.971762  108.605950  115.971752    4.898073    0.00000004   0.0479   0.7115 29-[17, 0,15]
1750   30   118.252172  110.886359  118.252161    4.943146    0.00000005   0.0507   0.6900 29-[19, 3,14]
1751   31    77.769256   70.403453   77.769255    4.069413    0.00000001   0.0115   0.7741 31+[16, 1,15]
1752   31    79.373426   72.007622   79.373425    4.107573    0.00000001   0.0115   0.7853 31+[16, 0,16]
1753   31   100.753658   93.387855  100.753657    4.585952    0.00000000   0.0084   0.9829 31+[18, 3,15]
1754   31   103.078524   95.712721  103.078524    4.634995    0.00000000   0.0064   0.9899 31+[18, 2,16]
1755   31   114.451045  107.085234  114.451037    4.867783    0.00000004   0.0447   0.7673 31+[18, 1,15]
1756   31   122.377888  115.012075  122.377877    5.023665    0.00000005   0.0524   0.7747 31+[18, 0,16]
1757   32    74.397065   67.031261   74.397063    3.988004    0.00000001   0.0172   0.7749 31-[15, 0,15]
1758   32    94.130996   86.765193   94.130996    4.443281    0.00000000   0.0037   0.8857 31-[17, 2,15]
1759   32    97.496059   90.130257   97.496059    4.516337    0.00000000   0.0035   0.9079 31-[17, 1,16]
1760   32   106.320934   98.955128  106.320930    4.702540    0.00000002   0.0290   0.7909 31-[19, 4,15]
1761   32   107.432944  100.067133  107.432936    4.725482    0.00000004   0.0419   0.6968 31-[17, 0,15]
1762   32   108.566457  101.200653  108.566456    4.748754    0.00000000   0.0125   0.8766 31-[19, 3,16]
1763   33    79.048881   71.683078   79.048880    4.099882    0.00000001   0.0126   0.7732 33+[16, 0,16]
1764   33   102.286113   94.920310  102.286112    4.618338    0.00000000   0.0077   0.9931 33+[18, 2,16]
1765   33   104.652484   97.286681  104.652484    4.667905    0.00000000   0.0069   0.9970 33+[18, 1,17]
1766   33   115.455806  108.089991  115.455794    4.887817    0.00000005   0.0520   0.7742 33+[18, 0,16]
1767   34    96.828738   89.462935   96.828738    4.501944    0.00000000   0.0040   0.9307 33-[17, 1,16]
1768   34   101.030683   93.664880  101.030683    4.591823    0.00000000   0.0075   0.9986 33-[17, 0,17]
1769   34   107.232070   99.866267  107.232070    4.721346    0.00000000   0.0108   0.9305 33-[19, 3,16]
1770   35   103.801049   96.435246  103.801049    4.650131    0.00000000   0.0068   0.9979 35+[18, 1,17]
1771   35   106.266311   98.900509  106.266311    4.701410    0.00000000   0.0083   0.9979 35+[18, 0,18]
1772   36    99.560984   92.195181   99.560984    4.560588    0.00000000   0.0075   1.0000 35-[17, 0,17]
1773   37   105.239206   97.873403  105.239205    4.680114    0.00000000   0.0083   1.0000 37+[18, 0,18]
#all active are 1773 q.p. states out of 1773
#since the cut off is pwi=  60.0
#check: number of neutrons=  70.0


 #canonical s.p. energies neutrons
 ---------------------------------


  labels -> {2*omega}{parity}[nn=nz+2*nr+nl,nz,nl]
  cqpe   -> canonical q.p. energies
  ce     -> canonical s.p. energies
  fermi energy=  -7.3658024616647992     
  average cdelt=   2.2468728361760752     
  k0      ceqp        ce         v*v       u*v        cdel     overl      labels
   2   56.733246   56.733246   0.00000000   0.00000024  -0.0000   0.4009  1+[16,13, 1]
   3   54.144557   54.144557   0.00000000   0.00000035   0.0000   0.4065  1+[18,11, 1]
   5   45.693943   45.693943   0.00000000   0.00000098   0.0001   0.4264  1+[16,14, 0]
   7   57.476559   57.476559   0.00000000   0.00000301  -0.0004   0.5114  1+[18,13, 1]
   8   41.936896   41.936896   0.00000000   0.00000471  -0.0005   0.5007  1+[16,16, 0]
  11   43.741864   43.741864   0.00000000   0.00000562  -0.0006   0.4894  1+[18,15, 1]
  12   59.029881   59.029881   0.00000000   0.00000692  -0.0009   0.4736  1+[20,16, 0]
  13   46.244170   46.244170   0.00000000   0.00000712   0.0008   0.4204  1+[14,12, 0]
  15   51.142978   51.142978   0.00000000   0.00000749   0.0009   0.3602  1+[16, 7, 1]
  16   48.943892   48.943892   0.00000000   0.00000765  -0.0009   0.3805  1+[16,16, 0]
  17   45.666524   45.666524   0.00000000   0.00001093  -0.0012   0.4197  1+[18,16, 0]
  20   55.574099   55.574099   0.00000000   0.00001569   0.0020   0.4222  1+[14,11, 1]
  21   55.861034   55.861034   0.00000000   0.00001615   0.0020   0.4338  1+[14,10, 0]
  22   46.145563   46.145563   0.00000000   0.00001676  -0.0018   0.4516  1+[18, 9, 1]
  23   57.954733   57.954733   0.00000000   0.00001930  -0.0025   0.3729  1+[18,12, 0]
  24   44.144532   44.144532   0.00000000   0.00002085  -0.0021   0.4148  1+[18,17, 1]
  25   36.938338   36.938338   0.00000000   0.00002149  -0.0019   0.4444  1+[20,17, 1]
  26   38.637771   38.637771   0.00000000   0.00002212   0.0020   0.6827  1+[16, 0, 0]
  27   36.413380   36.413380   0.00000000   0.00002246  -0.0020   0.4289  1+[18, 6, 0]
  28   37.617774   37.617774   0.00000000   0.00002608  -0.0023   0.5437  1+[20,18, 0]
  29   36.153374   36.153374   0.00000000   0.00002770   0.0024   0.6138  1+[16, 1, 1]
  33   48.362453   48.362453   0.00000000   0.00003572  -0.0040   0.6727  1+[18,18, 0]
  34   37.443041   37.443041   0.00000000   0.00004088   0.0037   0.6505  1+[14, 2, 0]
  35   39.694588   39.694588   0.00000000   0.00004863   0.0046   0.5398  1+[14, 3, 1]
  37   37.282127   37.282127   0.00000000   0.00005704   0.0051   0.4296  1+[14, 6, 0]
  38   39.168435   39.168435   0.00000000   0.00006063   0.0056   0.4582  1+[12,11, 1]
  39   40.220291   40.220291   0.00000000   0.00006163   0.0059   0.3996  1+[12,12, 0]
  40   37.654968   37.654968   0.00000000   0.00006372   0.0057   0.4393  1+[14,11, 1]
  44   45.216247   45.216247   0.00000001   0.00008004   0.0084   0.2768  1+[12, 9, 1]
  45   42.710292   42.710292   0.00000001   0.00008069   0.0081   0.3729  1+[14, 8, 0]
  46   42.486520   42.486519   0.00000001   0.00008105   0.0081   0.4226  1+[12,10, 0]
  47   55.241323   55.241321   0.00000001   0.00011418   0.0143   0.3143  1+[14, 5, 1]
  48   58.384919   58.384917   0.00000001   0.00011468   0.0151   0.3052  1+[14, 5, 1]
  64   42.347723   42.347708   0.00000015   0.00038807   0.0386   0.5550  1+[12, 1, 1]
  65   45.606939   45.606923   0.00000016   0.00039388   0.0417   0.5902  1+[12, 1, 1]
  66   44.430421   44.430404   0.00000017   0.00040649   0.0421   0.3236  1+[10, 9, 1]
  67   43.052687   43.052670   0.00000017   0.00040797   0.0411   0.3572  1+[12, 2, 0]
  68   41.372318   41.372300   0.00000018   0.00042691   0.0416   0.3337  1+[12, 0, 0]
  69   51.116604   51.116582   0.00000019   0.00043383   0.0507   0.3576  1+[12, 3, 1]
  70   46.429200   46.429179   0.00000020   0.00044659   0.0480   0.3211  1+[12, 2, 0]
  71   42.860833   42.860813   0.00000021   0.00045344   0.0455   0.3519  1+[12, 5, 1]
  74   41.414803   41.414771   0.00000033   0.00057239   0.0558   0.4254  1+[12, 0, 0]
  76   52.966442   52.966398   0.00000037   0.00060450   0.0729   0.3392  1+[12, 4, 0]
  90   40.042582   40.042285   0.00000313   0.00177037   0.1679   0.4713  1+[10, 0, 0]
  91   48.480821   48.480462   0.00000321   0.00179216   0.2002   0.4635  1+[10, 1, 1]
  92   41.555018   41.554696   0.00000329   0.00181267   0.1774   0.4336  1+[10, 3, 1]
  93   41.507271   41.506936   0.00000342   0.00184943   0.1808   0.5026  1+[10, 1, 1]
  94   43.240018   43.239671   0.00000343   0.00185268   0.1875   0.3734  1+[12,12, 0]
  95   42.849281   42.848913   0.00000366   0.00191345   0.1922   0.3727  1+[10, 2, 0]
  96   53.917039   53.916506   0.00000435   0.00208514   0.2556   0.3833  1+[10, 3, 1]
  97   45.628559   45.627985   0.00000542   0.00232784   0.2467   0.3543  1+[10, 3, 1]
  98   40.757119   40.756486   0.00000658   0.00256556   0.2469   0.5672  1+[10, 0, 0]
 100   46.709105   46.707259   0.00001706   0.00413082   0.4467   0.3484  1+[10, 4, 0]
 101   27.399561   27.396988   0.00003701   0.00608379   0.4230   0.4467  1+[ 8, 0, 0]
 102   36.730021   36.726671   0.00003798   0.00616296   0.5435   0.4147  1+[ 8, 2, 0]
 103   28.553426   28.550477   0.00004105   0.00640688   0.4603   0.4292  1+[ 8, 3, 1]
 104   32.610432   32.606943   0.00004365   0.00660638   0.5282   0.4424  1+[ 8, 1, 1]
 105   29.825976   29.822659   0.00004459   0.00667762   0.4967   0.4220  1+[ 8, 1, 1]
 106   30.036652   30.032726   0.00005248   0.00724413   0.5419   0.4329  1+[ 8, 2, 0]
 107   27.320092   27.316060   0.00005813   0.00762393   0.5289   0.6062  1+[ 8, 0, 0]
 108   41.642540   41.633237   0.00009491   0.00974149   0.9548   0.4038  1+[ 8, 3, 1]
 109   25.737868   25.723807   0.00021238   0.01457158   0.9647   0.4059  1+[ 8, 4, 0]
 110   13.834421   13.818910   0.00036581   0.01912271   0.8108   0.4652  1+[ 6, 3, 1]
 111   12.325159   12.308148   0.00043196   0.02077919   0.8183   0.4566  1+[ 6, 6, 0]
 112   16.033900   16.010768   0.00049426   0.02222652   1.0402   0.4884  1+[ 6, 1, 1]
 113   13.003478   12.975699   0.00068189   0.02610421   1.0634   0.6341  1+[ 6, 0, 0]
 114   10.838111   10.808537   0.00081230   0.02848924   1.0372   0.4355  1+[ 6, 1, 1]
 115   17.351731   17.300130   0.00104381   0.03229119   1.5963   0.5120  1+[ 6, 3, 1]
 116    4.223788    4.111941   0.00482531   0.06929669   1.6062   0.4712  1+[ 6, 3, 1]
 117   -5.451633   -7.573564   0.55426950   0.49704610   1.9029   0.5700  1+[ 4, 1, 1]
 118   -5.319435   -8.201001   0.70406871   0.45646025   1.8682   0.6846  1+[ 4, 0, 0]
 119   -4.548797   -9.189879   0.82376172   0.38102277   2.1467   0.5276  1+[ 4, 3, 1]
 120   -3.302165  -10.939003   0.93965548   0.23812403   1.9353   0.5547  1+[ 4, 4, 0]
 121    3.269307  -17.771584   0.98921833   0.10327353   2.1967   0.5859  1+[ 4, 2, 0]
 122   21.805578  -36.420924   0.99800732   0.04459498   2.6018   0.7901  1+[ 2, 0, 0]
 123   22.446047  -37.079727   0.99835762   0.04049302   2.4143   0.7610  1+[ 2, 1, 1]
 124   25.902096  -40.545052   0.99866766   0.03647695   2.4270   0.6210  1+[ 2, 1, 1]
 125   46.576209  -61.251441   0.99947747   0.02285299   2.4655   0.9899  1+[ 0, 0, 0]
 130   46.894923   46.894923   0.00000000   0.00000194   0.0002   0.4153  1-[15, 4, 1]
 131   55.062723   55.062723   0.00000000   0.00000332  -0.0004   0.4637  1-[17,14, 1]
 133   56.589662   56.589662   0.00000000   0.00000440   0.0006   0.4085  1-[15,11, 0]
 135   57.928292   57.928292   0.00000000   0.00000524   0.0007   0.3450  1-[17, 8, 1]
 136   54.331636   54.331636   0.00000000   0.00000645  -0.0008   0.4085  1-[19,15, 0]
 137   40.286506   40.286506   0.00000000   0.00000724  -0.0007   0.4753  1-[17,15, 0]
 138   51.826496   51.826496   0.00000000   0.00000803  -0.0010   0.4184  1-[19, 8, 1]
 139   36.958886   36.958886   0.00000000   0.00000850  -0.0008   0.3773  1-[17, 7, 0]
 140   49.237319   49.237319   0.00000000   0.00000995  -0.0011   0.5138  1-[17,16, 1]
 141   43.335724   43.335724   0.00000000   0.00001209   0.0012   0.4812  1-[15, 9, 0]
 144   47.019335   47.019335   0.00000000   0.00001458  -0.0016   0.4808  1-[21,17, 0]
 145   50.458021   50.458021   0.00000000   0.00001502  -0.0017   0.4572  1-[17,16, 1]
 146   40.721383   40.721383   0.00000000   0.00001559   0.0015   0.4315  1-[15, 8, 1]
 147   36.805969   36.805969   0.00000000   0.00001595   0.0014   0.5119  1-[15,15, 0]
 148   36.880556   36.880556   0.00000000   0.00001853   0.0016   0.5375  1-[13,12, 1]
 149   43.675926   43.675926   0.00000000   0.00001864  -0.0019   0.4317  1-[21,16, 1]
 150   43.396851   43.396851   0.00000000   0.00001989  -0.0020   0.4151  1-[19,13, 0]
 151   39.767525   39.767525   0.00000000   0.00001997   0.0019   0.4999  1-[15,11, 0]
 152   38.406962   38.406962   0.00000000   0.00002154  -0.0020   0.4653  1-[19,10, 1]
 153   25.133596   25.133596   0.00000000   0.00002470  -0.0016   0.5503  1-[17,17, 0]
 155   44.676552   44.676552   0.00000000   0.00002831   0.0029   0.3236  1-[13,11, 0]
 156   46.028079   46.028079   0.00000000   0.00002902   0.0031   0.3118  1-[13,10, 1]
 157   49.517149   49.517149   0.00000000   0.00003158  -0.0036   0.4192  1-[21,18, 1]
 160   55.797783   55.797783   0.00000000   0.00004545   0.0057   0.3251  1-[15, 6, 1]
 161   57.198845   57.198845   0.00000000   0.00004594   0.0059   0.3290  1-[13, 9, 0]
 162   57.388298   57.388298   0.00000000   0.00004832  -0.0063   0.4511  1-[15, 2, 1]
 168   38.572113   38.572111   0.00000002   0.00013524   0.0124   0.6844  1-[13, 0, 1]
 169   38.970947   38.970945   0.00000002   0.00014005   0.0130   0.7546  1-[13, 1, 0]
 171   41.684108   41.684106   0.00000002   0.00015476   0.0152   0.6891  1-[13, 2, 1]
 173   41.061675   41.061673   0.00000002   0.00015657   0.0152   0.5314  1-[13, 3, 0]
 174   40.390982   40.390979   0.00000003   0.00016691   0.0159   0.3802  1-[11,11, 0]
 175   38.715783   38.715780   0.00000003   0.00017043   0.0157   0.3679  1-[11,11, 0]
 177   39.375550   39.375547   0.00000003   0.00018191   0.0170   0.3915  1-[13, 6, 1]
 179   49.327175   49.327171   0.00000004   0.00019530   0.0221   0.3020  1-[13, 3, 0]
 180   45.835397   45.835393   0.00000004   0.00019745   0.0210   0.3639  1-[13, 3, 0]
 181   37.965573   37.965569   0.00000004   0.00020392   0.0185   0.3650  1-[13, 9, 0]
 185   59.729365   59.729355   0.00000007   0.00026704   0.0358   0.3598  1-[13, 4, 1]
 186   54.339413   54.339403   0.00000007   0.00027126   0.0335   0.3178  1-[13, 5, 0]
 204   44.044083   44.044008   0.00000073   0.00085578   0.0880   0.4841  1-[11, 0, 1]
 206   42.405054   42.404977   0.00000077   0.00087869   0.0875   0.4996  1-[11, 1, 0]
 207   50.877941   50.877848   0.00000080   0.00089404   0.1041   0.4757  1-[11, 2, 1]
 210   47.368572   47.368480   0.00000084   0.00091693   0.1004   0.3279  1-[ 9, 8, 1]
 211   45.621701   45.621608   0.00000088   0.00093564   0.0992   0.4319  1-[11, 2, 1]
 212   43.920693   43.920597   0.00000093   0.00096627   0.0991   0.2887  1-[11, 1, 0]
 213   44.356823   44.356716   0.00000103   0.00101716   0.1052   0.6299  1-[11, 0, 1]
 214   42.992600   42.992489   0.00000110   0.00104812   0.1056   0.3507  1-[11, 5, 0]
 215   58.835790   58.835618   0.00000130   0.00114086   0.1511   0.3486  1-[11, 3, 0]
 216   50.432270   50.432093   0.00000153   0.00123651   0.1429   0.3629  1-[11, 3, 0]
 218   56.153238   56.152695   0.00000428   0.00206910   0.2629   0.3205  1-[11, 5, 0]
 219   37.851944   37.850971   0.00001076   0.00328003   0.2966   0.4336  1-[ 9, 0, 1]
 220   34.779923   34.778949   0.00001156   0.00339933   0.2865   0.4659  1-[ 9, 1, 0]
 221   37.694716   37.693587   0.00001253   0.00353921   0.3190   0.6527  1-[ 9, 0, 1]
 222   42.144291   42.143045   0.00001258   0.00354740   0.3513   0.4679  1-[ 9, 2, 1]
 223   46.141532   46.140133   0.00001307   0.00361562   0.3869   0.3666  1-[ 9, 3, 0]
 224   36.095975   36.094831   0.00001315   0.00362695   0.3153   0.3542  1-[ 9, 5, 0]
 225   36.677121   36.675807   0.00001491   0.00386140   0.3401   0.4216  1-[ 9, 1, 0]
 226   38.586935   38.585357   0.00001716   0.00414296   0.3808   0.3731  1-[ 9, 2, 1]
 227   52.716432   52.712626   0.00003167   0.00562769   0.6762   0.3870  1-[ 9, 4, 1]
 228   36.424733   36.419395   0.00006094   0.00780621   0.6837   0.3598  1-[ 9, 4, 1]
 229   22.614142   22.607503   0.00011073   0.01052222   0.6309   0.6728  1-[ 7, 0, 1]
 230   21.621148   21.614499   0.00011468   0.01070847   0.6208   0.4416  1-[ 7, 3, 0]
 231   23.851054   23.843834   0.00011564   0.01075296   0.6713   0.4268  1-[ 7, 0, 1]
 232   26.304526   26.296537   0.00011864   0.01089136   0.7334   0.4386  1-[ 7, 2, 1]
 233   21.199821   21.192039   0.00013621   0.01167016   0.6667   0.4789  1-[ 7, 1, 0]
 234   20.706156   20.696389   0.00017397   0.01318859   0.7405   0.4135  1-[ 7, 2, 1]
 235   29.747862   29.726233   0.00029139   0.01706767   1.2669   0.4407  1-[ 7, 4, 1]
 236   14.955882   14.919263   0.00082026   0.02862843   1.2781   0.4491  1-[ 7, 3, 0]
 237    4.422694    4.371216   0.00218341   0.04667591   1.1005   0.6467  1-[ 5, 0, 1]
 238    2.992533    2.934847   0.00278453   0.05269508   1.0917   0.4934  1-[ 5, 5, 0]
 239    4.537658    4.446149   0.00384377   0.06187889   1.4731   0.5057  1-[ 5, 4, 1]
 240    4.514561    4.359552   0.00652374   0.08050576   1.9129   0.5218  1-[ 5, 2, 1]
 241    0.154681    0.016930   0.00915840   0.09526028   1.4328   0.5275  1-[ 5, 1, 0]
 242   -5.341880   -6.717654   0.33987825   0.47366763   1.9173   0.5378  1-[ 5, 3, 0]
 243    6.818875  -21.350931   0.99296604   0.08357321   2.3709   0.7111  1-[ 3, 0, 1]
 244    9.015652  -23.572072   0.99465297   0.07292760   2.3893   0.6254  1-[ 3, 3, 0]
 245    8.644228  -23.206462   0.99471045   0.07253666   2.3226   0.6624  1-[ 3, 2, 1]
 246   14.586947  -29.189104   0.99705167   0.05421840   2.3805   0.5661  1-[ 3, 2, 1]
 247   34.719211  -49.385878   0.99922849   0.02776531   2.3370   0.8096  1-[ 1, 0, 1]
 248   36.169921  -50.838076   0.99927128   0.02698498   2.3496   0.8048  1-[ 1, 1, 0]
 250   57.102848   57.102848   0.00000000   0.00000026  -0.0000   0.3914  3+[16,13, 1]
 251   54.477287   54.477287   0.00000000   0.00000033   0.0000   0.4101  3+[18,11, 1]
 254   44.650421   44.650421   0.00000000   0.00000174   0.0002   0.4604  3+[16,14, 2]
 255   57.291838   57.291838   0.00000000   0.00000305  -0.0004   0.5075  3+[18,13, 1]
 258   43.647674   43.647674   0.00000000   0.00000565  -0.0006   0.4888  3+[18,15, 1]
 259   47.283297   47.283297   0.00000000   0.00000635  -0.0007   0.3561  3+[18,10, 2]
 261   45.351256   45.351256   0.00000000   0.00000699   0.0007   0.4524  3+[14,12, 2]
 263   51.205071   51.205071   0.00000000   0.00000746   0.0009   0.3661  3+[16, 7, 1]
 264   45.350669   45.350669   0.00000000   0.00000988  -0.0010   0.5949  3+[18,16, 2]
 267   55.549423   55.549423   0.00000000   0.00001568   0.0020   0.4230  3+[14,11, 1]
 268   56.147143   56.147143   0.00000000   0.00001624   0.0021   0.4501  3+[14,10, 2]
 269   45.777150   45.777150   0.00000000   0.00001686  -0.0018   0.4450  3+[18, 9, 1]
 271   38.527191   38.527191   0.00000000   0.00001859   0.0017   0.6875  3+[16, 0, 2]
 272   34.840186   34.840186   0.00000000   0.00002071  -0.0017   0.3770  3+[18, 6, 2]
 273   45.560281   45.560281   0.00000000   0.00002094  -0.0022   0.4209  3+[18,17, 1]
 274   34.429776   34.429776   0.00000000   0.00002167  -0.0018   0.4213  3+[20,17, 1]
 275   45.869831   45.869831   0.00000000   0.00002546  -0.0027   0.5245  3+[20,18, 2]
 276   35.614958   35.614958   0.00000000   0.00002677   0.0023   0.6205  3+[16, 1, 1]
 280   37.815183   37.815183   0.00000000   0.00003958   0.0036   0.6250  3+[14, 2, 2]
 282   39.533816   39.533816   0.00000000   0.00004811   0.0045   0.5300  3+[14, 3, 1]
 283   39.871002   39.871001   0.00000000   0.00005639   0.0053   0.5353  3+[14, 6, 2]
 284   39.456898   39.456898   0.00000000   0.00006057   0.0057   0.4619  3+[12,11, 1]
 285   38.127904   38.127903   0.00000000   0.00006203   0.0056   0.4089  3+[14,11, 1]
 286   39.564556   39.564556   0.00000000   0.00006396   0.0060   0.4304  3+[12,10, 2]
 290   45.412941   45.412940   0.00000001   0.00007996   0.0084   0.2893  3+[14, 4, 2]
 291   47.560809   47.560808   0.00000001   0.00008076   0.0089   0.3237  3+[14, 4, 2]
 292   55.258455   55.258453   0.00000001   0.00011416   0.0143   0.3339  3+[14, 5, 1]
 293   58.419459   58.419457   0.00000001   0.00011468   0.0151   0.3167  3+[14, 4, 2]
 308   42.465621   42.465606   0.00000015   0.00038714   0.0386   0.6177  3+[12, 1, 1]
 309   45.585087   45.585071   0.00000015   0.00039311   0.0416   0.5278  3+[12, 0, 2]
 310   44.817004   44.816987   0.00000016   0.00040596   0.0424   0.3521  3+[12, 2, 2]
 311   43.158541   43.158525   0.00000017   0.00040766   0.0412   0.3457  3+[12, 2, 2]
 312   42.134361   42.134344   0.00000018   0.00042095   0.0417   0.3557  3+[12, 0, 2]
 313   51.060669   51.060647   0.00000019   0.00043343   0.0506   0.3863  3+[12, 2, 2]
 314   42.916120   42.916100   0.00000019   0.00044152   0.0444   0.3419  3+[12, 5, 1]
 315   46.422670   46.422649   0.00000020   0.00044628   0.0480   0.3485  3+[12, 3, 1]
 320   52.962524   52.962480   0.00000037   0.00060441   0.0729   0.3516  3+[12, 3, 1]
 333   40.158935   40.158639   0.00000311   0.00176417   0.1677   0.4976  3+[10, 0, 2]
 334   48.050488   48.050132   0.00000321   0.00179125   0.1985   0.4452  3+[10, 1, 1]
 335   41.948643   41.948324   0.00000324   0.00179904   0.1774   0.5239  3+[10, 0, 2]
 336   42.677692   42.677351   0.00000341   0.00184591   0.1848   0.4507  3+[10, 4, 2]
 337   42.261532   42.261192   0.00000342   0.00184921   0.1835   0.5364  3+[10, 1, 1]
 338   42.866468   42.866101   0.00000366   0.00191251   0.1921   0.3544  3+[10, 1, 1]
 339   53.916066   53.915533   0.00000435   0.00208497   0.2555   0.3929  3+[10, 2, 2]
 340   45.627310   45.626736   0.00000542   0.00232750   0.2467   0.3967  3+[10, 3, 1]
 342   46.709143   46.707298   0.00001706   0.00413048   0.4467   0.3365  3+[10, 5, 1]
 343   27.407263   27.404693   0.00003696   0.00607910   0.4228   0.4831  3+[ 8, 3, 1]
 344   36.724169   36.720822   0.00003796   0.00616095   0.5433   0.4974  3+[ 8, 2, 2]
 345   28.608070   28.605133   0.00004082   0.00638886   0.4597   0.6899  3+[ 8, 0, 2]
 346   32.620234   32.616749   0.00004358   0.00660162   0.5279   0.4460  3+[ 8, 4, 2]
 347   29.828891   29.825576   0.00004457   0.00667562   0.4966   0.5285  3+[ 8, 1, 1]
 348   30.034714   30.030791   0.00005245   0.00724187   0.5417   0.3832  3+[ 8, 2, 2]
 349   41.646458   41.637158   0.00009487   0.00973965   0.9547   0.4477  3+[ 8, 4, 2]
 350   25.737444   25.723385   0.00021235   0.01457053   0.9647   0.4232  3+[ 8, 3, 1]
 351   13.844214   13.828729   0.00036504   0.01910257   0.8103   0.7256  3+[ 6, 0, 2]
 352   12.323555   12.306559   0.00043161   0.02077083   0.8179   0.5347  3+[ 6, 3, 1]
 353   16.039529   16.016424   0.00049359   0.02221141   1.0397   0.4987  3+[ 6, 4, 2]
 354   10.838602   10.809044   0.00081184   0.02848117   1.0370   0.5348  3+[ 6, 1, 1]
 355   17.355306   17.303725   0.00104326   0.03228268   1.5961   0.5106  3+[ 6, 2, 2]
 356    4.224765    4.112948   0.00482362   0.06928460   1.6061   0.5443  3+[ 6, 3, 1]
 357   -5.453393   -7.565809   0.55229184   0.49725805   1.9019   0.7927  3+[ 4, 0, 2]
 358   -4.549961   -9.188610   0.82367013   0.38110057   2.1462   0.7285  3+[ 4, 2, 2]
 359   -3.306996  -10.933893   0.93954926   0.23832006   1.9346   0.6570  3+[ 4, 1, 1]
 360    3.268148  -17.770474   0.98921949   0.10326806   2.1963   0.5746  3+[ 4, 3, 1]
 361   22.440364  -37.074051   0.99835742   0.04049549   2.4140   0.8798  3+[ 2, 0, 2]
 362   25.902708  -40.545679   0.99866791   0.03647353   2.4268   0.8778  3+[ 2, 1, 1]
 367   46.831744   46.831744   0.00000000   0.00000194   0.0002   0.4146  3-[15, 4, 1]
 368   55.009996   55.009996   0.00000000   0.00000334  -0.0004   0.4638  3-[17,14, 1]
 371   56.334403   56.334403   0.00000000   0.00000451   0.0006   0.4327  3-[15,11, 2]
 372   57.915805   57.915805   0.00000000   0.00000524   0.0007   0.3445  3-[17, 8, 1]
 373   52.135525   52.135525   0.00000000   0.00000598  -0.0007   0.4517  3-[19,15, 2]
 374   43.158332   43.158332   0.00000000   0.00000675  -0.0007   0.5418  3-[17,15, 2]
 375   51.882841   51.882841   0.00000000   0.00000805  -0.0010   0.4195  3-[19, 8, 1]
 376   37.094112   37.094112   0.00000000   0.00000855  -0.0008   0.3756  3-[17,15, 2]
 377   49.236951   49.236951   0.00000000   0.00000997  -0.0011   0.5143  3-[17,16, 1]
 378   46.958016   46.958016   0.00000000   0.00001263   0.0014   0.5351  3-[15, 9, 2]
 379   44.115779   44.115779   0.00000000   0.00001341  -0.0014   0.4868  3-[21,17, 2]
 382   50.526337   50.526337   0.00000000   0.00001504  -0.0017   0.4621  3-[17,16, 1]
 383   41.675537   41.675537   0.00000000   0.00001567   0.0015   0.4753  3-[15, 8, 1]
 384   36.759899   36.759899   0.00000000   0.00001853   0.0016   0.5372  3-[13,12, 1]
 385   43.684408   43.684408   0.00000000   0.00001866  -0.0019   0.4315  3-[21,16, 1]
 386   48.687649   48.687649   0.00000000   0.00001926  -0.0022   0.4677  3-[19,13, 2]
 387   39.863400   39.863400   0.00000000   0.00001959   0.0019   0.4526  3-[15,13, 2]
 388   38.564329   38.564329   0.00000000   0.00002158  -0.0020   0.4662  3-[19,10, 1]
 389   56.255826   56.255826   0.00000000   0.00002523  -0.0032   0.5772  3-[19,17, 2]
 390   45.032200   45.032200   0.00000000   0.00002838   0.0030   0.2957  3-[13,10, 1]
 391   46.083984   46.083984   0.00000000   0.00002908   0.0031   0.2969  3-[13,11, 2]
 392   49.384328   49.384328   0.00000000   0.00003159  -0.0036   0.4196  3-[21,18, 1]
 395   55.870632   55.870632   0.00000000   0.00004545   0.0057   0.3514  3-[15, 6, 1]
 396   57.212882   57.212882   0.00000000   0.00004601   0.0059   0.3636  3-[13, 9, 2]
 397   57.299831   57.299831   0.00000000   0.00004845  -0.0063   0.4496  3-[15, 2, 1]
 403   38.386623   38.386621   0.00000002   0.00013561   0.0124   0.6759  3-[13, 0, 1]
 405   39.414321   39.414319   0.00000002   0.00013920   0.0130   0.7420  3-[13, 1, 2]
 406   40.605280   40.605277   0.00000002   0.00015465   0.0148   0.4730  3-[13, 5, 2]
 407   42.174816   42.174814   0.00000002   0.00015481   0.0153   0.5747  3-[13, 2, 1]
 409   40.869461   40.869459   0.00000003   0.00016768   0.0162   0.3565  3-[11,10, 1]
 410   39.279622   39.279620   0.00000003   0.00017106   0.0160   0.3472  3-[11,10, 1]
 412   39.026147   39.026144   0.00000003   0.00018207   0.0169   0.3895  3-[13, 6, 1]
 414   49.334188   49.334184   0.00000004   0.00019515   0.0221   0.3752  3-[13, 3, 2]
 415   45.816674   45.816670   0.00000004   0.00019725   0.0210   0.3122  3-[13, 3, 2]
 419   59.745149   59.745139   0.00000007   0.00026706   0.0358   0.3300  3-[13, 4, 1]
 420   54.339755   54.339746   0.00000007   0.00027115   0.0335   0.3270  3-[13, 4, 1]
 438   44.033671   44.033596   0.00000073   0.00085372   0.0878   0.5382  3-[11, 1, 2]
 439   42.446888   42.446811   0.00000077   0.00087682   0.0874   0.5278  3-[11, 0, 1]
 441   50.897129   50.897036   0.00000080   0.00089357   0.1041   0.4447  3-[11, 1, 2]
 442   47.390915   47.390823   0.00000084   0.00091517   0.1002   0.3297  3-[11, 1, 2]
 444   45.639340   45.639248   0.00000087   0.00093523   0.0991   0.4947  3-[11, 2, 1]
 445   43.922358   43.922263   0.00000093   0.00096509   0.0990   0.3444  3-[ 9, 8, 1]
 446   43.495147   43.495040   0.00000105   0.00102485   0.1042   0.6367  3-[11, 0, 1]
 447   58.836073   58.835900   0.00000130   0.00114074   0.1510   0.3959  3-[11, 3, 2]
 448   50.432000   50.431823   0.00000153   0.00123635   0.1429   0.3319  3-[11, 3, 2]
 450   56.151092   56.150548   0.00000428   0.00206903   0.2628   0.3375  3-[11, 4, 1]
 451   37.847238   37.846267   0.00001074   0.00327780   0.2964   0.5207  3-[ 9, 1, 2]
 452   34.784947   34.783974   0.00001154   0.00339720   0.2864   0.4876  3-[ 9, 0, 1]
 453   42.262864   42.261616   0.00001257   0.00354581   0.3519   0.5126  3-[ 9, 1, 2]
 454   36.162168   36.161038   0.00001298   0.00360334   0.3137   0.6893  3-[ 9, 0, 1]
 455   46.187098   46.185698   0.00001307   0.00361480   0.3872   0.3903  3-[ 9, 3, 2]
 456   36.673167   36.671853   0.00001491   0.00386127   0.3401   0.4160  3-[ 9, 2, 1]
 457   38.583077   38.581500   0.00001716   0.00414262   0.3807   0.4232  3-[ 9, 2, 1]
 458   52.718845   52.715041   0.00003166   0.00562684   0.6762   0.3854  3-[ 9, 3, 2]
 459   36.423091   36.417754   0.00006094   0.00780593   0.6836   0.3979  3-[ 9, 4, 1]
 460   21.591708   21.585110   0.00011393   0.01067320   0.6181   0.7627  3-[ 7, 0, 1]
 461   23.903377   23.896156   0.00011546   0.01074465   0.6720   0.6057  3-[ 7, 1, 2]
 462   26.313699   26.305716   0.00011852   0.01088623   0.7333   0.4874  3-[ 7, 5, 2]
 463   21.202078   21.194305   0.00013605   0.01166315   0.6664   0.4283  3-[ 7, 0, 1]
 464   20.704360   20.694600   0.00017385   0.01318426   0.7402   0.4906  3-[ 7, 2, 1]
 465   29.751235   29.729613   0.00029127   0.01706401   1.2667   0.5107  3-[ 7, 3, 2]
 466   14.956837   14.920224   0.00082007   0.02862509   1.2780   0.4584  3-[ 7, 4, 1]
 467    3.002881    2.945403   0.00277168   0.05257369   1.0902   0.7794  3-[ 5, 0, 1]
 468    4.547141    4.455790   0.00383413   0.06180152   1.4725   0.6748  3-[ 5, 1, 2]
 469    4.517162    4.362238   0.00651872   0.08047502   1.9126   0.6062  3-[ 5, 3, 2]
 470    0.158941    0.021347   0.00914274   0.09517956   1.4324   0.5750  3-[ 5, 4, 1]
 471   -5.341809   -6.716973   0.33971550   0.47361258   1.9172   0.5657  3-[ 5, 2, 1]
 472    9.008747  -23.565288   0.99465439   0.07291799   2.3880   0.8690  3-[ 3, 0, 1]
 473    8.642389  -23.204672   0.99471142   0.07253008   2.3222   0.8295  3-[ 3, 1, 2]
 474   14.587434  -29.189627   0.99705255   0.05421038   2.3802   0.7307  3-[ 3, 2, 1]
 475   36.169644  -50.837786   0.99927114   0.02698765   2.3498   0.9889  3-[ 1, 0, 1]
 479   46.479582   46.479582   0.00000000   0.00000158   0.0002   0.3229  5+[16,14, 2]
 480   46.564781   46.564781   0.00000000   0.00000175   0.0002   0.3313  5+[16,14, 2]
 483   46.450056   46.450056   0.00000000   0.00000521  -0.0006   0.6372  5+[18,15, 3]
 485   49.679841   49.679841   0.00000000   0.00000638  -0.0007   0.3319  5+[18,10, 2]
 488   45.104563   45.104563   0.00000000   0.00000693   0.0007   0.4582  5+[14,12, 2]
 489   49.900695   49.900695   0.00000000   0.00000776   0.0009   0.4365  5+[16,13, 3]
 490   45.380816   45.380816   0.00000000   0.00000995  -0.0010   0.5960  5+[18,16, 2]
 492   37.797055   37.797055   0.00000000   0.00001267  -0.0011   0.4267  5+[18, 7, 3]
 494   56.453513   56.453513   0.00000000   0.00001571   0.0020   0.3865  5+[14, 9, 3]
 495   49.801592   49.801592   0.00000000   0.00001613   0.0018   0.4187  5+[16, 0, 2]
 496   44.069535   44.069535   0.00000000   0.00001638   0.0017   0.5521  5+[16, 0, 2]
 497   41.349347   41.349347   0.00000000   0.00001794  -0.0017   0.3861  5+[20,17, 3]
 498   55.137338   55.137338   0.00000000   0.00001832  -0.0023   0.3405  5+[18,12, 2]
 500   34.348948   34.348948   0.00000000   0.00002087  -0.0017   0.4077  5+[18, 6, 2]
 501   45.377552   45.377552   0.00000000   0.00002557  -0.0027   0.5222  5+[20,18, 2]
 502   35.069455   35.069455   0.00000000   0.00002887   0.0025   0.6252  5+[14, 1, 3]
 505   37.572114   37.572114   0.00000000   0.00003880   0.0035   0.6138  5+[14, 2, 2]
 507   39.744535   39.744535   0.00000000   0.00005047   0.0048   0.5191  5+[14, 5, 3]
 509   39.839773   39.839772   0.00000000   0.00005562   0.0053   0.5345  5+[14, 6, 2]
 510   40.918944   40.918943   0.00000000   0.00006224   0.0060   0.4234  5+[14, 9, 3]
 511   40.438377   40.438377   0.00000000   0.00006338   0.0061   0.4412  5+[12,10, 2]
 514   45.464391   45.464391   0.00000001   0.00007980   0.0084   0.3357  5+[12, 9, 3]
 515   47.502080   47.502079   0.00000001   0.00008063   0.0088   0.3171  5+[14, 4, 2]
 517   55.360377   55.360375   0.00000001   0.00011409   0.0143   0.3212  5+[14, 5, 3]
 518   58.433556   58.433555   0.00000001   0.00011463   0.0151   0.3155  5+[14, 5, 3]
 531   42.810146   42.810131   0.00000015   0.00038538   0.0387   0.7090  5+[12, 0, 2]
 532   44.947310   44.947294   0.00000015   0.00039113   0.0409   0.7651  5+[12, 1, 3]
 533   44.996105   44.996088   0.00000016   0.00040349   0.0423   0.4691  5+[12, 2, 2]
 534   43.454959   43.454942   0.00000017   0.00040677   0.0413   0.4869  5+[12, 2, 2]
 535   42.252225   42.252208   0.00000017   0.00041224   0.0409   0.4141  5+[12, 6, 2]
 537   51.174745   51.174724   0.00000019   0.00043333   0.0507   0.3538  5+[12, 3, 3]
 538   46.432571   46.432550   0.00000020   0.00044580   0.0480   0.3793  5+[12, 2, 2]
 542   52.968749   52.968705   0.00000037   0.00060428   0.0729   0.3674  5+[12, 4, 2]
 555   40.268589   40.268296   0.00000307   0.00175203   0.1669   0.7848  5+[10, 0, 2]
 556   48.564522   48.564163   0.00000321   0.00179050   0.2003   0.5635  5+[10, 1, 3]
 557   43.638896   43.638550   0.00000339   0.00184200   0.1879   0.6185  5+[10, 1, 3]
 558   41.463361   41.463028   0.00000341   0.00184561   0.1802   0.4475  5+[10, 4, 2]
 559   42.883233   42.882866   0.00000365   0.00191124   0.1921   0.4457  5+[10, 2, 2]
 560   53.909546   53.909013   0.00000434   0.00208436   0.2554   0.4267  5+[10, 3, 3]
 561   45.623731   45.623157   0.00000542   0.00232703   0.2466   0.4100  5+[10, 2, 2]
 563   46.709630   46.707786   0.00001705   0.00412962   0.4466   0.3904  5+[10, 4, 2]
 564   27.456916   27.454355   0.00003677   0.00606395   0.4223   0.7829  5+[ 8, 0, 2]
 565   36.722210   36.718865   0.00003792   0.00615817   0.5430   0.4948  5+[ 8, 1, 3]
 566   32.643261   32.639780   0.00004350   0.00659557   0.5278   0.6454  5+[ 8, 1, 3]
 567   29.831380   29.828069   0.00004450   0.00667087   0.4963   0.4569  5+[ 8, 4, 2]
 568   30.031929   30.028009   0.00005241   0.00723900   0.5414   0.5159  5+[ 8, 2, 2]
 569   41.651985   41.642690   0.00009482   0.00973709   0.9546   0.5021  5+[ 8, 3, 3]
 570   25.734967   25.720909   0.00021235   0.01457060   0.9646   0.4584  5+[ 8, 4, 2]
 571   12.335072   12.318100   0.00043075   0.02075008   0.8176   0.8144  5+[ 6, 0, 2]
 572   16.047621   16.024546   0.00049278   0.02219317   1.0392   0.7294  5+[ 6, 1, 3]
 573   10.841198   10.811669   0.00081094   0.02846538   1.0365   0.5401  5+[ 6, 4, 2]
 574   17.359226   17.307672   0.00104256   0.03227180   1.5958   0.6410  5+[ 6, 3, 3]
 575    4.224333    4.112537   0.00482290   0.06927945   1.6059   0.5420  5+[ 6, 2, 2]
 576   -4.550938   -9.187676   0.82361657   0.38114605   2.1457   0.8643  5+[ 4, 1, 3]
 577   -3.312656  -10.927827   0.93941467   0.23856811   1.9339   0.8848  5+[ 4, 0, 2]
 578    3.267549  -17.769951   0.98922246   0.10325397   2.1959   0.7844  5+[ 4, 2, 2]
 579   25.899974  -40.542957   0.99866796   0.03647283   2.4266   0.9813  5+[ 2, 0, 2]
 582   55.861370   55.861370   0.00000000   0.00000090  -0.0001   0.4448  5-[17,14, 3]
 585   49.633530   49.633530   0.00000000   0.00000369   0.0004   0.4593  5-[15, 6, 3]
 588   56.287489   56.287489   0.00000000   0.00000451   0.0006   0.4329  5-[15,11, 2]
 589   52.251762   52.251762   0.00000000   0.00000588   0.0007   0.4265  5-[15, 4, 3]
 590   51.731049   51.731049   0.00000000   0.00000598  -0.0007   0.4504  5-[19,15, 2]
 591   43.156405   43.156405   0.00000000   0.00000673  -0.0007   0.5180  5-[17,15, 2]
 592   51.443462   51.443462   0.00000000   0.00000729  -0.0009   0.4109  5-[19, 8, 3]
 593   37.359338   37.359338   0.00000000   0.00000848  -0.0008   0.4052  5-[17,15, 2]
 594   57.326993   57.326993   0.00000000   0.00001050  -0.0014   0.3636  5-[21,18, 3]
 595   47.567678   47.567678   0.00000000   0.00001268   0.0014   0.5356  5-[15, 9, 2]
 596   44.090099   44.090099   0.00000000   0.00001344  -0.0014   0.4868  5-[21,17, 2]
 599   38.418956   38.418956   0.00000000   0.00001617  -0.0015   0.4256  5-[21,18, 3]
 600   42.128009   42.128009   0.00000000   0.00001863   0.0018   0.4535  5-[15,10, 3]
 601   48.596216   48.596216   0.00000000   0.00001934  -0.0022   0.4613  5-[19,13, 2]
 602   39.850423   39.850423   0.00000000   0.00001954   0.0018   0.4496  5-[15,13, 2]
 603   38.612539   38.612539   0.00000000   0.00002030  -0.0019   0.4215  5-[21,16, 3]
 604   56.016600   56.016600   0.00000000   0.00002525  -0.0032   0.5764  5-[19,17, 2]
 605   44.821384   44.821383   0.00000000   0.00002836   0.0030   0.3198  5-[13,10, 3]
 606   45.969058   45.969058   0.00000000   0.00002905   0.0031   0.3881  5-[13,10, 3]
 610   55.924991   55.924991   0.00000000   0.00004549   0.0058   0.3279  5-[15, 6, 3]
 611   57.264358   57.264358   0.00000000   0.00004599   0.0059   0.3308  5-[13, 9, 2]
 617   37.673968   37.673966   0.00000002   0.00012395   0.0112   0.7179  5-[13, 0, 3]
 619   39.246823   39.246822   0.00000002   0.00013996   0.0130   0.7637  5-[13, 1, 2]
 621   41.550050   41.550048   0.00000002   0.00015185   0.0149   0.6801  5-[13, 2, 3]
 622   40.857132   40.857130   0.00000002   0.00015491   0.0149   0.5720  5-[13, 5, 2]
 624   42.106777   42.106774   0.00000003   0.00016621   0.0164   0.4560  5-[13, 6, 3]
 625   39.648526   39.648524   0.00000003   0.00017109   0.0161   0.4074  5-[13, 9, 2]
 627   49.297259   49.297255   0.00000004   0.00019512   0.0221   0.3542  5-[11, 8, 3]
 628   45.806613   45.806609   0.00000004   0.00019717   0.0210   0.3941  5-[13, 3, 2]
 632   59.708903   59.708894   0.00000007   0.00026672   0.0358   0.4095  5-[13, 4, 3]
 633   54.389914   54.389905   0.00000007   0.00027111   0.0335   0.3516  5-[11, 7, 2]
 650   44.311515   44.311442   0.00000071   0.00084097   0.0869   0.8133  5-[11, 0, 3]
 652   42.493994   42.493917   0.00000076   0.00087444   0.0872   0.6090  5-[11, 1, 2]
 654   50.900730   50.900637   0.00000080   0.00089327   0.1041   0.5407  5-[11, 2, 3]
 655   47.458198   47.458107   0.00000083   0.00091284   0.1001   0.3757  5-[11, 4, 3]
 656   45.635028   45.634935   0.00000087   0.00093486   0.0991   0.4598  5-[11, 1, 2]
 657   43.987157   43.987062   0.00000093   0.00096254   0.0989   0.3807  5-[11, 1, 2]
 658   58.834671   58.834499   0.00000130   0.00114074   0.1510   0.3750  5-[11, 2, 3]
 659   50.433364   50.433188   0.00000153   0.00123632   0.1429   0.4066  5-[11, 3, 2]
 661   56.150354   56.149810   0.00000428   0.00206863   0.2628   0.3509  5-[11, 5, 2]
 662   37.945742   37.944775   0.00001066   0.00326564   0.2959   0.7975  5-[ 9, 0, 3]
 663   34.779934   34.778963   0.00001152   0.00339447   0.2861   0.5765  5-[ 9, 1, 2]
 664   42.255204   42.253959   0.00001255   0.00354258   0.3516   0.4368  5-[ 9, 4, 3]
 665   46.194388   46.192989   0.00001305   0.00361305   0.3870   0.4765  5-[ 9, 2, 3]
 666   36.676315   36.675003   0.00001489   0.00385869   0.3399   0.5280  5-[ 9, 1, 2]
 667   38.577205   38.575630   0.00001715   0.00414089   0.3805   0.4070  5-[ 9, 3, 2]
 668   52.723720   52.719916   0.00003165   0.00562536   0.6761   0.4480  5-[ 9, 4, 3]
 669   36.421159   36.415824   0.00006092   0.00780501   0.6835   0.4002  5-[ 9, 3, 2]
 670   23.939505   23.932291   0.00011521   0.01073320   0.6720   0.8212  5-[ 7, 0, 3]
 671   26.325465   26.317489   0.00011837   0.01087900   0.7331   0.5288  5-[ 7, 2, 3]
 672   21.206577   21.198810   0.00013592   0.01165787   0.6662   0.6263  5-[ 7, 1, 2]
 673   20.704437   20.694684   0.00017372   0.01317932   0.7399   0.5212  5-[ 7, 1, 2]
 674   29.755180   29.733568   0.00029110   0.01705923   1.2665   0.4969  5-[ 7, 2, 3]
 675   14.958941   14.922344   0.00081967   0.02861812   1.2778   0.5336  5-[ 7, 3, 2]
 676    4.557243    4.466041   0.00382463   0.06172525   1.4719   0.8509  5-[ 5, 0, 3]
 677    4.519089    4.364262   0.00651358   0.08044350   1.9121   0.7716  5-[ 5, 2, 3]
 678    0.161930    0.024473   0.00913010   0.09511434   1.4320   0.7315  5-[ 5, 1, 2]
 679   -5.341517   -6.715121   0.33928123   0.47346539   1.9169   0.6422  5-[ 5, 3, 2]
 680    8.634931  -23.197216   0.99470898   0.07254669   2.3216   0.9137  5-[ 3, 0, 3]
 681   14.587691  -29.189936   0.99705377   0.05419916   2.3797   0.9056  5-[ 3, 1, 2]
 685   48.287059   48.287059   0.00000000   0.00000159   0.0002   0.4434  7+[16, 9, 3]
 687   50.088426   50.088426   0.00000000   0.00000356  -0.0004   0.4463  7+[18,10, 4]
 689   46.481987   46.481987   0.00000000   0.00000525  -0.0006   0.6355  7+[18,15, 3]
 691   58.523101   58.523101   0.00000000   0.00000644  -0.0008   0.5606  7+[22,18, 4]
 693   50.999413   50.999413   0.00000000   0.00000720   0.0008   0.4380  7+[16,12, 4]
 694   49.909764   49.909764   0.00000000   0.00000768   0.0009   0.4324  7+[16,13, 3]
 695   57.776588   57.776588   0.00000000   0.00000858  -0.0011   0.4676  7+[20,16, 4]
 696   37.557178   37.557178   0.00000000   0.00001278  -0.0011   0.4287  7+[18, 7, 3]
 697   52.766787   52.766787   0.00000000   0.00001367  -0.0016   0.3918  7+[18, 6, 4]
 699   56.380157   56.380157   0.00000000   0.00001568   0.0020   0.3885  7+[16, 7, 3]
 700   56.402442   56.402442   0.00000000   0.00001573  -0.0020   0.3389  7+[18, 8, 4]
 701   56.522585   56.522585   0.00000000   0.00001635   0.0021   0.4699  7+[14,10, 4]
 702   35.142750   35.142750   0.00000000   0.00001819  -0.0015   0.4618  7+[20,17, 3]
 704   35.933143   35.933143   0.00000000   0.00002226   0.0019   0.6742  7+[16, 0, 4]
 706   34.466900   34.466899   0.00000000   0.00002760   0.0023   0.6117  7+[14, 1, 3]
 709   38.298610   38.298610   0.00000000   0.00004350   0.0040   0.6272  7+[14, 2, 4]
 710   39.499837   39.499837   0.00000000   0.00004972   0.0047   0.5195  7+[14, 5, 3]
 713   40.765920   40.765919   0.00000000   0.00005966   0.0057   0.5011  7+[14, 6, 4]
 714   41.218684   41.218684   0.00000000   0.00006203   0.0060   0.4543  7+[14, 9, 3]
 716   45.463816   45.463815   0.00000001   0.00007976   0.0084   0.4164  7+[12, 9, 3]
 717   47.603098   47.603098   0.00000001   0.00008081   0.0089   0.4044  7+[12, 8, 4]
 720   55.379989   55.379987   0.00000001   0.00011394   0.0143   0.3217  7+[14, 5, 3]
 721   58.407599   58.407597   0.00000001   0.00011452   0.0151   0.3303  7+[14, 4, 4]
 733   42.816265   42.816250   0.00000015   0.00038355   0.0385   0.6671  7+[12, 0, 4]
 734   44.183595   44.183580   0.00000015   0.00038806   0.0400   0.6042  7+[12, 1, 3]
 735   45.820447   45.820430   0.00000016   0.00039953   0.0425   0.5435  7+[12, 2, 4]
 736   43.509917   43.509900   0.00000016   0.00040604   0.0413   0.4353  7+[12, 5, 3]
 737   51.134957   51.134935   0.00000019   0.00043255   0.0506   0.4701  7+[12, 2, 4]
 738   46.533748   46.533726   0.00000020   0.00044552   0.0480   0.3851  7+[12, 3, 3]
 742   52.965736   52.965692   0.00000037   0.00060420   0.0729   0.4064  7+[12, 3, 3]
 755   48.588730   48.588372   0.00000320   0.00178854   0.2002   0.4386  7+[10, 0, 4]
 756   44.084575   44.084229   0.00000336   0.00183402   0.1887   0.8437  7+[10, 0, 4]
 757   41.147314   41.146984   0.00000340   0.00184261   0.1788   0.6783  7+[10, 1, 3]
 758   42.890038   42.889672   0.00000364   0.00190913   0.1919   0.4839  7+[10, 1, 3]
 759   53.903405   53.902873   0.00000434   0.00208331   0.2553   0.5019  7+[10, 2, 4]
 760   45.620554   45.619981   0.00000541   0.00232566   0.2465   0.4366  7+[10, 3, 3]
 762   46.708106   46.706263   0.00001705   0.00412878   0.4465   0.3812  7+[10, 3, 3]
 763   36.723631   36.720290   0.00003788   0.00615473   0.5427   0.5654  7+[ 8, 2, 4]
 764   32.678095   32.674618   0.00004341   0.00658843   0.5277   0.8561  7+[ 8, 0, 4]
 765   29.840205   29.836898   0.00004445   0.00666713   0.4961   0.6939  7+[ 8, 1, 3]
 766   30.033688   30.029772   0.00005236   0.00723568   0.5412   0.5065  7+[ 8, 1, 3]
 767   41.655903   41.646612   0.00009476   0.00973424   0.9544   0.4984  7+[ 8, 4, 4]
 768   25.736599   25.722547   0.00021225   0.01456732   0.9644   0.5179  7+[ 8, 3, 3]
 769   16.055376   16.032329   0.00049202   0.02217599   1.0388   0.8802  7+[ 6, 0, 4]
 770   10.844294   10.814787   0.00081017   0.02845203   1.0362   0.7775  7+[ 6, 1, 3]
 771   17.361486   17.309958   0.00104192   0.03226202   1.5955   0.7917  7+[ 6, 2, 4]
 772    4.225882    4.114140   0.00481990   0.06925800   1.6056   0.6685  7+[ 6, 3, 3]
 773   -4.556393   -9.179851   0.82285221   0.38179373   2.1452   0.9293  7+[ 4, 0, 4]
 774    3.266589  -17.769074   0.98922536   0.10324026   2.1954   0.9220  7+[ 4, 1, 3]
 775   52.406305   52.406305   0.00000000   0.00000017  -0.0000   0.4418  7-[17, 5, 4]
 778   56.051943   56.051943   0.00000000   0.00000094  -0.0001   0.4405  7-[17,14, 3]
 779   47.519245   47.519245   0.00000000   0.00000187  -0.0002   0.3832  7-[17,13, 4]
 781   50.089933   50.089933   0.00000000   0.00000375   0.0004   0.4506  7-[15, 6, 3]
 782   59.854574   59.854574   0.00000000   0.00000401  -0.0005   0.4449  7-[19, 9, 4]
 784   55.923445   55.923445   0.00000000   0.00000438   0.0006   0.4954  7-[17,13, 4]
 785   51.532205   51.532205   0.00000000   0.00000595   0.0007   0.4425  7-[15, 4, 3]
 787   51.580067   51.580067   0.00000000   0.00000734  -0.0009   0.4123  7-[19, 8, 3]
 788   45.015313   45.015313   0.00000000   0.00001038  -0.0011   0.4909  7-[21,17, 4]
 789   56.099335   56.099335   0.00000000   0.00001058  -0.0013   0.3510  7-[21,18, 3]
 791   45.332031   45.332031   0.00000000   0.00001373  -0.0014   0.4555  7-[19,13, 4]
 793   38.406863   38.406863   0.00000000   0.00001626  -0.0015   0.4289  7-[21,18, 3]
 794   42.787532   42.787532   0.00000000   0.00001680   0.0017   0.5209  7-[15, 7, 4]
 795   42.190409   42.190409   0.00000000   0.00001856   0.0018   0.4579  7-[15,10, 3]
 796   38.172711   38.172711   0.00000000   0.00002043  -0.0019   0.4299  7-[21,16, 3]
 797   45.136190   45.136190   0.00000000   0.00002844   0.0030   0.4661  7-[13,10, 3]
 798   46.515612   46.515612   0.00000000   0.00002938   0.0032   0.4062  7-[13, 9, 4]
 803   55.837588   55.837588   0.00000000   0.00004537   0.0057   0.3366  7-[15, 6, 3]
 804   57.305312   57.305311   0.00000000   0.00004591   0.0059   0.3340  7-[15, 5, 4]
 810   36.962370   36.962368   0.00000002   0.00012560   0.0111   0.7134  7-[13, 0, 3]
 811   40.721804   40.721802   0.00000002   0.00014576   0.0140   0.8193  7-[13, 1, 4]
 813   40.799858   40.799856   0.00000002   0.00015230   0.0147   0.6800  7-[13, 2, 3]
 815   42.074684   42.074682   0.00000003   0.00016063   0.0159   0.5439  7-[13, 5, 4]
 816   40.651625   40.651622   0.00000003   0.00016835   0.0162   0.4855  7-[13, 6, 3]
 818   49.245062   49.245057   0.00000004   0.00019474   0.0220   0.4417  7-[13, 3, 4]
 819   45.837041   45.837037   0.00000004   0.00019694   0.0210   0.3923  7-[11, 8, 3]
 824   59.754522   59.754513   0.00000007   0.00026671   0.0358   0.3673  7-[13, 3, 4]
 825   54.326432   54.326423   0.00000007   0.00027062   0.0334   0.3747  7-[13, 4, 3]
 840   42.862297   42.862223   0.00000074   0.00086028   0.0864   0.8345  7-[11, 0, 3]
 843   50.911899   50.911807   0.00000080   0.00089199   0.1040   0.6632  7-[11, 1, 4]
 844   47.552078   47.551988   0.00000083   0.00090918   0.0999   0.5008  7-[11, 3, 4]
 845   45.692649   45.692557   0.00000087   0.00093418   0.0991   0.5624  7-[11, 2, 3]
 846   44.013005   44.012910   0.00000092   0.00096036   0.0987   0.4123  7-[11, 4, 3]
 847   58.821798   58.821625   0.00000130   0.00114024   0.1509   0.4517  7-[11, 3, 4]
 848   50.436666   50.436489   0.00000153   0.00123584   0.1429   0.3867  7-[11, 2, 3]
 850   56.149543   56.148999   0.00000428   0.00206806   0.2627   0.3869  7-[11, 4, 3]
 851   34.900241   34.899275   0.00001143   0.00338072   0.2858   0.8489  7-[ 9, 0, 3]
 852   42.264720   42.263477   0.00001252   0.00353891   0.3513   0.7137  7-[ 9, 1, 4]
 853   46.201307   46.199910   0.00001304   0.00361101   0.3869   0.4364  7-[ 9, 1, 4]
 854   36.676943   36.675633   0.00001487   0.00385572   0.3396   0.4640  7-[ 9, 4, 3]
 855   38.575575   38.574001   0.00001713   0.00413916   0.3803   0.5184  7-[ 9, 2, 3]
 856   52.728259   52.724458   0.00003163   0.00562381   0.6759   0.4917  7-[ 9, 3, 4]
 857   36.413980   36.408645   0.00006092   0.00780504   0.6834   0.4537  7-[ 9, 4, 3]
 858   26.337051   26.329083   0.00011821   0.01087182   0.7328   0.7654  7-[ 7, 1, 4]
 859   21.233950   21.226192   0.00013564   0.01164550   0.6661   0.8675  7-[ 7, 0, 3]
 860   20.705436   20.695693   0.00017355   0.01317275   0.7396   0.5425  7-[ 7, 2, 3]
 861   29.758414   29.736813   0.00029093   0.01705424   1.2663   0.6549  7-[ 7, 3, 4]
 862   14.960169   14.923586   0.00081929   0.02861153   1.2776   0.5209  7-[ 7, 2, 3]
 863    4.520467    4.365731   0.00650905   0.08041570   1.9117   0.8840  7-[ 5, 1, 4]
 864    0.169818    0.032558   0.00910744   0.09499732   1.4317   0.9078  7-[ 5, 0, 3]
 865   -5.341428   -6.713680   0.33893228   0.47334679   1.9165   0.8155  7-[ 5, 2, 3]
 866   14.583241  -29.185514   0.99705380   0.05419893   2.3792   0.9792  7-[ 3, 0, 3]
 871   50.009780   50.009780   0.00000000   0.00000364  -0.0004   0.4458  9+[18,10, 4]
 873   54.748624   54.748624   0.00000000   0.00000494  -0.0006   0.5803  9+[22,17, 5]
 875   56.983115   56.983115   0.00000000   0.00000652  -0.0008   0.5556  9+[22,18, 4]
 876   44.030767   44.030767   0.00000000   0.00000672  -0.0007   0.4157  9+[16, 7, 5]
 877   51.514796   51.514796   0.00000000   0.00000711   0.0008   0.4380  9+[16,12, 4]
 878   53.066678   53.066678   0.00000000   0.00000752   0.0009   0.4407  9+[16, 5, 5]
 879   58.171965   58.171965   0.00000000   0.00000865  -0.0011   0.4651  9+[20,16, 4]
 880   52.187452   52.187452   0.00000000   0.00001056  -0.0013   0.4368  9+[20,13, 5]
 881   52.701875   52.701875   0.00000000   0.00001380  -0.0017   0.3912  9+[20, 8, 4]
 883   57.594987   57.594987   0.00000000   0.00001584   0.0021   0.4911  9+[14, 9, 5]
 884   57.195590   57.195590   0.00000000   0.00001589  -0.0021   0.3301  9+[18, 8, 4]
 885   56.465513   56.465513   0.00000000   0.00001628   0.0021   0.4595  9+[14,10, 4]
 886   34.917464   34.917464   0.00000000   0.00002000   0.0017   0.6770  9+[16, 0, 4]
 889   49.617849   49.617849   0.00000000   0.00003335   0.0038   0.5459  9+[14, 1, 5]
 892   37.822600   37.822600   0.00000000   0.00004302   0.0039   0.6193  9+[14, 2, 4]
 894   41.277741   41.277741   0.00000000   0.00005668   0.0055   0.5270  9+[14, 5, 5]
 895   40.430382   40.430381   0.00000000   0.00005937   0.0057   0.5017  9+[14, 6, 4]
 898   46.107898   46.107897   0.00000001   0.00007943   0.0085   0.4244  9+[14, 3, 5]
 899   47.046789   47.046789   0.00000001   0.00008048   0.0088   0.4093  9+[12, 8, 4]
 901   55.450709   55.450708   0.00000001   0.00011366   0.0143   0.3467  9+[12, 7, 5]
 902   58.269528   58.269527   0.00000001   0.00011428   0.0150   0.3410  9+[14, 4, 4]
 914   42.726798   42.726783   0.00000014   0.00037820   0.0379   0.8621  9+[12, 0, 4]
 915   46.487650   46.487633   0.00000016   0.00039373   0.0424   0.7494  9+[12, 1, 5]
 916   43.693396   43.693380   0.00000016   0.00040293   0.0411   0.5118  9+[12, 4, 4]
 917   51.168255   51.168233   0.00000019   0.00043177   0.0505   0.4298  9+[12, 1, 5]
 918   46.441803   46.441782   0.00000020   0.00044455   0.0478   0.4863  9+[12, 2, 4]
 921   52.965173   52.965129   0.00000036   0.00060398   0.0729   0.3812  9+[12, 4, 4]
 934   48.622546   48.622189   0.00000319   0.00178611   0.2000   0.7253  9+[10, 1, 5]
 935   40.908369   40.908044   0.00000337   0.00183530   0.1772   0.8874  9+[10, 0, 4]
 936   42.897376   42.897010   0.00000364   0.00190693   0.1917   0.4702  9+[10, 2, 4]
 937   53.902479   53.901948   0.00000434   0.00208211   0.2551   0.4558  9+[10, 1, 5]
 938   45.618243   45.617671   0.00000540   0.00232458   0.2463   0.5150  9+[10, 2, 4]
 940   46.707751   46.705908   0.00001704   0.00412800   0.4464   0.4525  9+[10, 4, 4]
 941   36.729917   36.726580   0.00003784   0.00615110   0.5425   0.7943  9+[ 8, 1, 5]
 942   29.862697   29.859393   0.00004437   0.00666116   0.4960   0.9030  9+[ 8, 0, 4]
 943   30.035282   30.031369   0.00005230   0.00723198   0.5410   0.5923  9+[ 8, 2, 4]
 944   41.658697   41.649410   0.00009472   0.00973185   0.9542   0.6560  9+[ 8, 3, 5]
 945   25.738978   25.724932   0.00021214   0.01456356   0.9642   0.5015  9+[ 8, 4, 4]
 946   10.850225   10.820747   0.00080913   0.02843376   1.0359   0.9305  9+[ 6, 0, 4]
 947   17.363651   17.312150   0.00104130   0.03225240   1.5952   0.8968  9+[ 6, 1, 5]
 948    4.227545    4.115862   0.00481668   0.06923494   1.6053   0.8254  9+[ 6, 2, 4]
 949    3.262554  -17.765040   0.98922133   0.10325933   2.1950   0.9831  9+[ 4, 0, 4]
 950   51.319383   51.319383   0.00000000   0.00000009  -0.0000   0.4488  9-[17, 5, 4]
 954   47.979535   47.979535   0.00000000   0.00000184  -0.0002   0.3960  9-[17,13, 4]
 957   55.892246   55.892246   0.00000000   0.00000432   0.0005   0.4380  9-[17,13, 4]
 958   55.757386   55.757386   0.00000000   0.00000445   0.0006   0.4943  9-[17,12, 5]
 961   47.279039   47.279039   0.00000000   0.00000862  -0.0009   0.4790  9-[21,16, 5]
 962   43.633711   43.633711   0.00000000   0.00001050  -0.0011   0.5089  9-[21,17, 4]
 963   44.344099   44.344099   0.00000000   0.00001104   0.0011   0.5490  9-[15, 4, 5]
 964   47.738557   47.738557   0.00000000   0.00001309  -0.0014   0.3971  9-[19,12, 5]
 966   45.253559   45.253559   0.00000000   0.00001396  -0.0015   0.4447  9-[19,13, 4]
 968   42.759860   42.759860   0.00000000   0.00001657   0.0017   0.5290  9-[15, 7, 4]
 969   53.166622   53.166622   0.00000000   0.00002682  -0.0032   0.5194  9-[15, 2, 5]
 970   46.070694   46.070694   0.00000000   0.00002766   0.0030   0.4831  9-[15, 8, 5]
 971   46.152793   46.152792   0.00000000   0.00002905   0.0031   0.4324  9-[13, 9, 4]
 975   55.876410   55.876410   0.00000000   0.00004525   0.0057   0.3759  9-[13, 8, 5]
 976   57.139036   57.139035   0.00000000   0.00004576   0.0059   0.3232  9-[13, 9, 4]
 983   38.243554   38.243553   0.00000002   0.00013659   0.0125   0.8200  9-[13, 0, 5]
 984   39.610551   39.610549   0.00000002   0.00014697   0.0138   0.8052  9-[13, 1, 4]
 985   42.826350   42.826348   0.00000002   0.00015543   0.0156   0.6101  9-[13, 2, 5]
 986   40.466689   40.466686   0.00000003   0.00016234   0.0155   0.5402  9-[13, 5, 4]
 990   49.289076   49.289072   0.00000004   0.00019430   0.0220   0.4758  9-[13, 2, 5]
 991   45.831616   45.831612   0.00000004   0.00019648   0.0209   0.4505  9-[13, 3, 4]
 995   59.725759   59.725750   0.00000007   0.00026634   0.0357   0.4405  9-[13, 4, 5]
 996   54.362410   54.362401   0.00000007   0.00027070   0.0334   0.4094  9-[13, 3, 4]
1011   50.793538   50.793446   0.00000079   0.00089073   0.1036   0.6144  9-[11, 0, 5]
1012   47.748448   47.748358   0.00000081   0.00090182   0.0994   0.6952  9-[11, 0, 5]
1013   45.668341   45.668249   0.00000087   0.00093280   0.0989   0.6537  9-[11, 1, 4]
1014   44.059702   44.059608   0.00000092   0.00095680   0.0984   0.5440  9-[11, 1, 4]
1015   58.825294   58.825122   0.00000130   0.00113962   0.1509   0.4969  9-[11, 2, 5]
1016   50.431807   50.431630   0.00000153   0.00123509   0.1428   0.4590  9-[11, 3, 4]
1018   56.148277   56.147734   0.00000427   0.00206758   0.2626   0.3831  9-[11, 5, 4]
1019   42.316397   42.315156   0.00001248   0.00353288   0.3510   0.8845  9-[ 9, 0, 5]
1020   46.211988   46.210592   0.00001302   0.00360883   0.3867   0.6125  9-[ 9, 2, 5]
1021   36.693218   36.691910   0.00001484   0.00385247   0.3395   0.7318  9-[ 9, 1, 4]
1022   38.575706   38.574134   0.00001712   0.00413711   0.3801   0.4859  9-[ 9, 1, 4]
1023   52.731423   52.727623   0.00003161   0.00562228   0.6758   0.5028  9-[ 9, 4, 5]
1024   36.415144   36.409812   0.00006089   0.00780326   0.6833   0.5026  9-[ 9, 3, 4]
1025   26.346911   26.338951   0.00011806   0.01086482   0.7326   0.8950  9-[ 7, 0, 5]
1026   20.709690   20.699954   0.00017338   0.01316636   0.7393   0.8060  9-[ 7, 1, 4]
1027   29.760404   29.738812   0.00029079   0.01705003   1.2660   0.7974  9-[ 7, 2, 5]
1028   14.963198   14.926633   0.00081876   0.02860224   1.2773   0.6722  9-[ 7, 3, 4]
1029    4.529018    4.374469   0.00649649   0.08033856   1.9112   0.9378  9-[ 5, 0, 5]
1030   -5.341245   -6.711975   0.33852587   0.47320831   1.9161   0.9317  9-[ 5, 1, 4]
1034   57.648901   57.648901   0.00000000   0.00000204  -0.0003   0.6293 11+[18,12, 6]
1035   55.468127   55.468127   0.00000000   0.00000363   0.0005   0.5895 11+[16, 8, 6]
1037   54.838974   54.838974   0.00000000   0.00000503  -0.0006   0.5854 11+[22,17, 5]
1039   43.062255   43.062255   0.00000000   0.00000687  -0.0007   0.3973 11+[16, 7, 5]
1040   45.480017   45.480017   0.00000000   0.00000716  -0.0008   0.5211 11+[18, 6, 6]
1041   53.233494   53.233494   0.00000000   0.00000736   0.0009   0.4502 11+[16, 5, 5]
1042   52.939502   52.939502   0.00000000   0.00001076  -0.0013   0.4343 11+[20,13, 5]
1044   56.269540   56.269540   0.00000000   0.00001551   0.0020   0.4759 11+[16,10, 6]
1046   57.642167   57.642167   0.00000000   0.00001582   0.0021   0.4803 11+[14, 9, 5]
1048   35.847275   35.847275   0.00000000   0.00002799   0.0024   0.6683 11+[14, 0, 6]
1050   45.779851   45.779851   0.00000000   0.00003330   0.0035   0.5724 11+[14, 1, 5]
1053   40.416534   40.416534   0.00000000   0.00005223   0.0050   0.6078 11+[14, 2, 6]
1054   40.695368   40.695367   0.00000000   0.00005634   0.0054   0.5254 11+[14, 5, 5]
1059   45.631952   45.631951   0.00000001   0.00007782   0.0082   0.4693 11+[14, 6, 6]
1060   46.400774   46.400773   0.00000001   0.00007931   0.0085   0.4488 11+[14, 3, 5]
1062   55.396914   55.396913   0.00000001   0.00011340   0.0142   0.3816 11+[14, 4, 6]
1063   58.173903   58.173901   0.00000001   0.00011398   0.0149   0.3678 11+[14, 4, 6]
1073   47.065015   47.064998   0.00000015   0.00039039   0.0425   0.8767 11+[12, 0, 6]
1074   43.649926   43.649910   0.00000016   0.00039871   0.0407   0.7523 11+[12, 1, 5]
1075   51.168666   51.168644   0.00000019   0.00043030   0.0504   0.5663 11+[12, 2, 6]
1076   46.499918   46.499897   0.00000020   0.00044384   0.0478   0.4536 11+[12, 1, 5]
1079   52.942839   52.942796   0.00000036   0.00060344   0.0728   0.4834 11+[12, 3, 5]
1091   48.694844   48.694488   0.00000318   0.00178216   0.1998   0.8899 11+[10, 0, 6]
1092   42.908472   42.908107   0.00000363   0.00190447   0.1915   0.7548 11+[10, 1, 5]
1093   53.905106   53.904576   0.00000433   0.00208080   0.2550   0.6229 11+[10, 2, 6]
1094   45.619107   45.618535   0.00000540   0.00232325   0.2462   0.4694 11+[10, 1, 5]
1096   46.708067   46.706225   0.00001703   0.00412709   0.4463   0.4917 11+[10, 3, 5]
1097   36.744921   36.741587   0.00003779   0.00614748   0.5423   0.9131 11+[ 8, 0, 6]
1098   30.041329   30.037420   0.00005225   0.00722822   0.5408   0.8253 11+[ 8, 1, 5]
1099   41.660603   41.651320   0.00009468   0.00972975   0.9540   0.7926 11+[ 8, 2, 6]
1100   25.740793   25.726753   0.00021205   0.01456044   0.9641   0.6641 11+[ 8, 3, 5]
1101   17.370881   17.319421   0.00104015   0.03223463   1.5948   0.9489 11+[ 6, 0, 6]
1102    4.229748    4.118130   0.00481294   0.06920821   1.6050   0.9341 11+[ 6, 1, 5]
1106   55.465919   55.465919   0.00000000   0.00000319  -0.0004   0.5040 11-[19, 9, 6]
1107   58.328150   58.328150   0.00000000   0.00000392   0.0005   0.6129 11-[17,11, 6]
1109   55.690971   55.690971   0.00000000   0.00000436   0.0005   0.5551 11-[17,12, 5]
1111   48.927044   48.927044   0.00000000   0.00000567  -0.0006   0.4760 11-[19,13, 6]
1112   38.758571   38.758571   0.00000000   0.00000653   0.0006   0.5635 11-[15, 3, 6]
1113   47.082967   47.082967   0.00000000   0.00000878  -0.0010   0.4827 11-[21,16, 5]
1114   44.140724   44.140724   0.00000000   0.00001079   0.0011   0.5478 11-[15, 4, 5]
1116   47.448777   47.448777   0.00000000   0.00001327  -0.0015   0.4037 11-[19,12, 5]
1119   45.437931   45.437931   0.00000000   0.00002676   0.0028   0.4790 11-[15, 7, 6]
1120   54.832592   54.832592   0.00000000   0.00002714  -0.0034   0.4992 11-[15, 2, 5]
1122   46.156060   46.156060   0.00000000   0.00002759   0.0030   0.4501 11-[15, 8, 5]
1125   55.707991   55.707991   0.00000000   0.00004503   0.0057   0.3620 11-[13, 8, 5]
1126   57.142075   57.142075   0.00000000   0.00004550   0.0059   0.3655 11-[13, 7, 6]
1133   36.903232   36.903230   0.00000002   0.00013980   0.0124   0.8188 11-[13, 0, 5]
1135   42.529681   42.529678   0.00000002   0.00014918   0.0149   0.7618 11-[13, 1, 6]
1136   41.158016   41.158014   0.00000002   0.00015552   0.0151   0.6216 11-[13, 2, 5]
1138   48.535812   48.535808   0.00000004   0.00019168   0.0214   0.4696 11-[13, 5, 6]
1140   46.076271   46.076267   0.00000004   0.00019591   0.0209   0.5210 11-[13, 2, 5]
1143   59.715680   59.715670   0.00000007   0.00026604   0.0357   0.4901 11-[13, 3, 6]
1144   54.281247   54.281238   0.00000007   0.00027014   0.0333   0.4350 11-[13, 4, 5]
1158   51.223398   51.223305   0.00000079   0.00088955   0.1042   0.7573 11-[11, 1, 6]
1159   45.658000   45.657908   0.00000087   0.00093176   0.0988   0.5541 11-[11, 0, 5]
1160   44.178064   44.177971   0.00000090   0.00094876   0.0978   0.7813 11-[11, 0, 5]
1161   58.804764   58.804592   0.00000130   0.00113844   0.1507   0.4378 11-[11, 1, 6]
1162   50.435926   50.435749   0.00000152   0.00123432   0.1427   0.5062 11-[11, 2, 5]
1164   56.150393   56.149850   0.00000427   0.00206710   0.2626   0.4603 11-[11, 4, 5]
1165   46.226987   46.225593   0.00001301   0.00360642   0.3866   0.8066 11-[ 9, 1, 6]
1166   36.752216   36.750911   0.00001479   0.00384568   0.3393   0.9185 11-[ 9, 0, 5]
1167   38.578327   38.576756   0.00001710   0.00413500   0.3800   0.6190 11-[ 9, 2, 5]
1168   52.734111   52.730313   0.00003160   0.00562111   0.6757   0.6531 11-[ 9, 3, 6]
1169   36.416068   36.410738   0.00006087   0.00780167   0.6831   0.4997 11-[ 9, 4, 5]
1170   20.719386   20.709659   0.00017317   0.01315843   0.7391   0.9405 11-[ 7, 0, 5]
1171   29.762672   29.741091   0.00029063   0.01704535   1.2657   0.8994 11-[ 7, 1, 6]
1172   14.964610   14.928061   0.00081837   0.02859543   1.2771   0.8204 11-[ 7, 2, 5]
1173   -5.339683   -6.706217   0.33722947   0.47276395   1.9158   0.9852 11-[ 5, 0, 5]
1176   57.978124   57.978124   0.00000000   0.00000210  -0.0003   0.6296 13+[18,12, 6]
1177   50.873090   50.873090   0.00000000   0.00000260   0.0003   0.5127 13+[16, 7, 7]
1178   57.154452   57.154452   0.00000000   0.00000338  -0.0004   0.5800 13+[18,11, 7]
1179   55.157053   55.157053   0.00000000   0.00000352   0.0004   0.5783 13+[16, 8, 6]
1182   46.241300   46.241300   0.00000000   0.00000728  -0.0008   0.5618 13+[18, 6, 6]
1185   57.792629   57.792629   0.00000000   0.00001526   0.0020   0.4535 13+[16, 9, 7]
1186   56.604548   56.604548   0.00000000   0.00001548   0.0020   0.4623 13+[16,10, 6]
1189   34.866360   34.866360   0.00000000   0.00002811   0.0024   0.6616 13+[14, 0, 6]
1193   37.792505   37.792505   0.00000000   0.00004444   0.0040   0.6902 13+[14, 1, 7]
1194   39.544798   39.544797   0.00000000   0.00005176   0.0049   0.6084 13+[14, 2, 6]
1198   45.352054   45.352053   0.00000001   0.00007674   0.0081   0.4565 13+[14, 3, 7]
1199   45.903010   45.903010   0.00000001   0.00007761   0.0083   0.4272 13+[14, 6, 6]
1201   55.697568   55.697567   0.00000001   0.00011296   0.0142   0.4285 13+[14, 3, 7]
1202   57.706536   57.706534   0.00000001   0.00011353   0.0148   0.4350 13+[14, 4, 6]
1211   44.159081   44.159064   0.00000016   0.00039554   0.0408   0.8890 13+[12, 0, 6]
1212   50.978820   50.978799   0.00000018   0.00042719   0.0498   0.7878 13+[12, 1, 7]
1213   46.470817   46.470796   0.00000020   0.00044224   0.0476   0.5848 13+[12, 2, 6]
1217   52.891466   52.891422   0.00000036   0.00060265   0.0726   0.4974 13+[12, 2, 6]
1227   42.959632   42.959269   0.00000361   0.00190063   0.1913   0.9219 13+[10, 0, 6]
1228   53.909703   53.909174   0.00000432   0.00207888   0.2548   0.8066 13+[10, 1, 7]
1229   45.620095   45.619523   0.00000539   0.00232195   0.2461   0.6299 13+[10, 2, 6]
1231   46.711956   46.710115   0.00001703   0.00412626   0.4463   0.5046 13+[10, 4, 6]
1232   30.049995   30.046088   0.00005220   0.00722484   0.5406   0.9487 13+[ 8, 0, 6]
1233   41.662845   41.653566   0.00009462   0.00972702   0.9538   0.8925 13+[ 8, 1, 7]
1234   25.743372   25.729337   0.00021195   0.01455686   0.9639   0.8057 13+[ 8, 2, 6]
1235    4.233434    4.121896   0.00480797   0.06917261   1.6047   0.9871 13+[ 6, 0, 6]
1238   50.303575   50.303575   0.00000000   0.00000179  -0.0002   0.4690 13-[15, 2, 7]
1239   55.660886   55.660886   0.00000000   0.00000329  -0.0004   0.5013 13-[19, 9, 6]
1240   58.166013   58.166013   0.00000000   0.00000386   0.0005   0.6035 13-[17,11, 6]
1242   58.707415   58.707415   0.00000000   0.00000403   0.0005   0.5876 13-[17,10, 7]
1243   48.827766   48.827766   0.00000000   0.00000581  -0.0007   0.4696 13-[19,13, 6]
1244   38.611624   38.611624   0.00000000   0.00000608   0.0006   0.5656 13-[15, 3, 6]
1245   58.279188   58.279188   0.00000000   0.00000817  -0.0011   0.4847 13-[21,14, 7]
1250   46.587219   46.587218   0.00000000   0.00002324   0.0025   0.5557 13-[15, 4, 7]
1251   45.311529   45.311529   0.00000000   0.00002647   0.0028   0.5269 13-[15, 7, 6]
1255   56.322356   56.322356   0.00000000   0.00004438   0.0057   0.4628 13-[13, 6, 7]
1256   56.267337   56.267337   0.00000000   0.00004512   0.0057   0.4691 13-[13, 7, 6]
1264   40.786036   40.786034   0.00000002   0.00014058   0.0135   0.8358 13-[13, 0, 7]
1266   40.725956   40.725954   0.00000002   0.00014835   0.0143   0.7572 13-[13, 1, 6]
1268   48.809692   48.809688   0.00000004   0.00019098   0.0215   0.6315 13-[13, 2, 7]
1269   45.254388   45.254384   0.00000004   0.00019336   0.0203   0.4446 13-[13, 5, 6]
1271   59.642181   59.642172   0.00000007   0.00026538   0.0356   0.4858 13-[13, 2, 7]
1272   54.261288   54.261279   0.00000007   0.00026990   0.0333   0.5118 13-[13, 3, 6]
1285   51.167261   51.167169   0.00000078   0.00088541   0.1037   0.9018 13-[11, 0, 7]
1286   45.729795   45.729703   0.00000087   0.00093013   0.0988   0.7799 13-[11, 1, 6]
1287   58.804855   58.804683   0.00000129   0.00113756   0.1505   0.6435 13-[11, 2, 7]
1288   50.401129   50.400953   0.00000152   0.00123341   0.1425   0.4459 13-[11, 1, 6]
1290   56.151233   56.150690   0.00000427   0.00206670   0.2625   0.4883 13-[11, 3, 6]
1291   46.241656   46.240263   0.00001299   0.00360402   0.3864   0.9181 13-[ 9, 0, 7]
1292   38.585906   38.584336   0.00001708   0.00413268   0.3798   0.8265 13-[ 9, 1, 6]
1293   52.735749   52.731953   0.00003159   0.00562000   0.6755   0.7842 13-[ 9, 2, 7]
1294   36.419896   36.414568   0.00006085   0.00780013   0.6831   0.6540 13-[ 9, 3, 6]
1295   29.768490   29.746924   0.00029037   0.01703791   1.2654   0.9526 13-[ 7, 0, 7]
1296   14.967801   14.931272   0.00081781   0.02858575   1.2768   0.9265 13-[ 7, 1, 6]
1298   49.610499   49.610499   0.00000000   0.00000135   0.0002   0.4939 15+[16, 4, 8]
1300   50.875031   50.875031   0.00000000   0.00000241   0.0003   0.4992 15+[16, 7, 7]
1301   57.413550   57.413550   0.00000000   0.00000350  -0.0005   0.5790 15+[18,11, 7]
1306   57.862849   57.862849   0.00000000   0.00001407   0.0018   0.5143 15+[16, 8, 8]
1307   58.057512   58.057512   0.00000000   0.00001519   0.0020   0.4902 15+[16, 9, 7]
1312   37.953158   37.953158   0.00000000   0.00004094   0.0037   0.7192 15+[14, 0, 8]
1314   36.627728   36.627728   0.00000000   0.00004383   0.0039   0.6853 15+[14, 1, 7]
1318   45.559741   45.559740   0.00000001   0.00007503   0.0079   0.6641 15+[14, 2, 8]
1319   45.433407   45.433407   0.00000001   0.00007641   0.0081   0.5006 15+[14, 3, 7]
1320   55.618888   55.618886   0.00000001   0.00011253   0.0142   0.4048 15+[14, 4, 8]
1321   57.542269   57.542267   0.00000001   0.00011301   0.0147   0.4183 15+[14, 3, 7]
1330   51.189917   51.189895   0.00000018   0.00042595   0.0499   0.8945 15+[12, 0, 8]
1331   46.255355   46.255334   0.00000019   0.00043940   0.0471   0.7945 15+[12, 1, 7]
1335   52.888849   52.888805   0.00000036   0.00060227   0.0726   0.4936 15+[12, 3, 7]
1344   53.944614   53.944085   0.00000432   0.00207742   0.2547   0.9101 15+[10, 0, 8]
1345   45.619094   45.618523   0.00000538   0.00232034   0.2459   0.8163 15+[10, 1, 7]
1347   46.710977   46.709136   0.00001702   0.00412592   0.4462   0.6520 15+[10, 3, 7]
1348   41.667845   41.658572   0.00009456   0.00972354   0.9536   0.9465 15+[ 8, 0, 8]
1349   25.746533   25.732505   0.00021182   0.01455242   0.9637   0.9095 15+[ 8, 1, 7]
1352   50.067246   50.067246   0.00000000   0.00000190  -0.0002   0.4583 15-[15, 2, 7]
1353   58.628731   58.628731   0.00000000   0.00000285   0.0004   0.5509 15-[17, 9, 8]
1354   58.729706   58.729706   0.00000000   0.00000395   0.0005   0.5993 15-[17,10, 7]
1356   58.934597   58.934597   0.00000000   0.00000836  -0.0011   0.4851 15-[21,14, 7]
1357   59.326548   59.326548   0.00000000   0.00000911  -0.0012   0.4880 15-[19,11, 8]
1362   43.179586   43.179586   0.00000000   0.00002085   0.0021   0.6296 15-[15, 3, 8]
1363   46.122230   46.122230   0.00000000   0.00002289   0.0024   0.5490 15-[15, 4, 7]
1366   55.538347   55.538346   0.00000000   0.00004411   0.0055   0.4141 15-[13, 6, 7]
1368   56.924320   56.924319   0.00000000   0.00004450   0.0057   0.3868 15-[15, 7, 8]
1375   38.303554   38.303552   0.00000002   0.00013949   0.0127   0.8296 15-[13, 0, 7]
1378   48.555434   48.555430   0.00000004   0.00018849   0.0211   0.8222 15-[13, 1, 8]
1379   45.413165   45.413162   0.00000004   0.00019279   0.0204   0.6580 15-[13, 2, 7]
1380   59.627177   59.627168   0.00000007   0.00026471   0.0355   0.5637 15-[13, 3, 8]
1381   54.197676   54.197667   0.00000007   0.00026920   0.0331   0.4850 15-[13, 2, 7]
1393   45.672714   45.672623   0.00000086   0.00092617   0.0982   0.9227 15-[11, 0, 7]
1394   58.820107   58.819936   0.00000129   0.00113610   0.1504   0.8086 15-[11, 1, 8]
1395   50.411946   50.411771   0.00000152   0.00123248   0.1424   0.6470 15-[11, 2, 7]
1397   56.152780   56.152238   0.00000427   0.00206646   0.2625   0.5270 15-[11, 4, 7]
1398   38.595396   38.593828   0.00001706   0.00413039   0.3797   0.9419 15-[ 9, 0, 7]
1399   52.737927   52.734132   0.00003157   0.00561846   0.6754   0.8814 15-[ 9, 1, 8]
1400   36.420399   36.415073   0.00006082   0.00779862   0.6829   0.7893 15-[ 9, 2, 7]
1401   14.975420   14.938921   0.00081686   0.02856908   1.2765   0.9813 15-[ 7, 0, 7]
1402   49.315148   49.315148   0.00000000   0.00000112   0.0001   0.4926 17+[16, 4, 8]
1409   58.659219   58.659219   0.00000000   0.00000861  -0.0011   0.6436 17+[16, 3, 9]
1410   56.895708   56.895708   0.00000000   0.00001396   0.0018   0.4806 17+[16, 5, 9]
1411   57.542589   57.542589   0.00000000   0.00001405   0.0018   0.4048 17+[16, 8, 8]
1415   36.509035   36.509035   0.00000000   0.00004037   0.0035   0.7142 17+[14, 0, 8]
1420   44.588279   44.588278   0.00000001   0.00007072   0.0073   0.7889 17+[14, 1, 9]
1421   44.483811   44.483810   0.00000001   0.00007439   0.0077   0.6838 17+[14, 2, 8]
1423   56.144501   56.144499   0.00000001   0.00011191   0.0142   0.5915 17+[14, 3, 9]
1424   56.858488   56.858486   0.00000001   0.00011244   0.0144   0.4488 17+[14, 4, 8]
1431   46.508559   46.508538   0.00000019   0.00043821   0.0472   0.9122 17+[12, 0, 8]
1435   52.876761   52.876717   0.00000036   0.00060133   0.0725   0.6834 17+[12, 2, 8]
1443   45.644728   45.644158   0.00000538   0.00231876   0.2458   0.9227 17+[10, 0, 8]
1445   46.713356   46.711515   0.00001702   0.00412499   0.4462   0.7813 17+[10, 2, 8]
1446   25.751076   25.737057   0.00021166   0.01454714   0.9635   0.9656 17+[ 8, 0, 8]
1450   58.699643   58.699643   0.00000000   0.00000281   0.0004   0.5457 17-[17, 9, 8]
1451   58.979734   58.979734   0.00000000   0.00000917  -0.0012   0.4924 17-[19,11, 8]
1455   55.399793   55.399793   0.00000000   0.00001670   0.0021   0.6893 17-[15, 2, 9]
1457   42.516904   42.516904   0.00000000   0.00002015   0.0020   0.6354 17-[15, 3, 8]
1460   56.896509   56.896509   0.00000000   0.00004268   0.0055   0.6182 17-[15, 4, 9]
1461   55.705170   55.705169   0.00000000   0.00004411   0.0056   0.4462 17-[15, 7, 8]
1470   47.731780   47.731776   0.00000003   0.00018324   0.0202   0.8991 17-[13, 0, 9]
1471   45.190640   45.190637   0.00000004   0.00019028   0.0200   0.8245 17-[13, 1, 8]
1472   59.546352   59.546343   0.00000007   0.00026393   0.0353   0.7336 17-[13, 2, 9]
1473   54.142426   54.142417   0.00000007   0.00026867   0.0331   0.5747 17-[13, 3, 8]
1484   58.828627   58.828457   0.00000129   0.00113388   0.1501   0.9032 17-[11, 0, 9]
1485   50.416360   50.416185   0.00000152   0.00123106   0.1423   0.8124 17-[11, 1, 8]
1487   56.155958   56.155415   0.00000427   0.00206629   0.2625   0.6691 17-[11, 3, 8]
1488   52.742368   52.738576   0.00003154   0.00561631   0.6752   0.9352 17-[ 9, 0, 9]
1489   36.423635   36.418311   0.00006079   0.00779633   0.6828   0.8899 17-[ 9, 1, 8]
1495   57.628313   57.628313   0.00000000   0.00000875  -0.0011   0.6328 19+[16, 3, 9]
1497   57.062442   57.062442   0.00000000   0.00001327   0.0017   0.7174 19+[16, 4,10]
1498   56.613383   56.613383   0.00000000   0.00001389   0.0018   0.6048 19+[16, 5, 9]
1505   43.925400   43.925400   0.00000000   0.00006915   0.0071   0.7702 19+[14, 0,10]
1506   43.269412   43.269412   0.00000000   0.00006988   0.0071   0.7353 19+[14, 1, 9]
1508   56.390671   56.390669   0.00000001   0.00011116   0.0142   0.7240 19+[14, 2,10]
1509   56.452540   56.452538   0.00000001   0.00011169   0.0143   0.6057 19+[14, 3, 9]
1518   52.814136   52.814093   0.00000036   0.00059980   0.0722   0.8272 19+[12, 1, 9]
1526   46.718220   46.716381   0.00001700   0.00412362   0.4460   0.8779 19+[10, 1, 9]
1531   53.001459   53.001459   0.00000000   0.00000822   0.0010   0.7495 19-[15, 1,10]
1535   55.900400   55.900400   0.00000000   0.00001644   0.0021   0.6635 19-[15, 2, 9]
1538   55.998936   55.998936   0.00000000   0.00004243   0.0054   0.6597 19-[15, 3,10]
1539   56.484288   56.484288   0.00000000   0.00004261   0.0054   0.5556 19-[15, 4, 9]
1547   44.083749   44.083745   0.00000003   0.00018513   0.0191   0.8954 19-[13, 0, 9]
1548   59.522415   59.522406   0.00000007   0.00026281   0.0352   0.8570 19-[13, 1,10]
1549   54.088395   54.088387   0.00000007   0.00026785   0.0329   0.7409 19-[13, 2, 9]
1559   50.392879   50.392705   0.00000151   0.00122948   0.1420   0.9080 19-[11, 0, 9]
1561   56.156237   56.155695   0.00000427   0.00206584   0.2625   0.7925 19-[11, 2, 9]
1562   36.429559   36.424239   0.00006074   0.00779350   0.6826   0.9458 19-[ 9, 0, 9]
1567   58.966832   58.966832   0.00000000   0.00001027   0.0014   0.7678 21+[16, 3,11]
1569   56.771307   56.771307   0.00000000   0.00001316   0.0017   0.7184 21+[16, 4,10]
1576   42.252867   42.252867   0.00000000   0.00006821   0.0068   0.8167 21+[14, 0,10]
1577   57.128909   57.128907   0.00000001   0.00010978   0.0142   0.8659 21+[14, 1,11]
1578   55.462590   55.462589   0.00000001   0.00011078   0.0139   0.7798 21+[14, 2,10]
1586   52.819378   52.819335   0.00000036   0.00059886   0.0721   0.9086 21+[12, 0,10]
1592   46.715051   46.713213   0.00001700   0.00412260   0.4459   0.9324 21+[10, 0,10]
1597   51.521266   51.521266   0.00000000   0.00000790   0.0009   0.7356 21-[15, 1,10]
1603   57.439159   57.439159   0.00000000   0.00004035   0.0052   0.8317 21-[15, 2,11]
1604   55.442694   55.442694   0.00000000   0.00004221   0.0053   0.7266 21-[15, 3,10]
1610   59.489912   59.489903   0.00000007   0.00026103   0.0349   0.9211 21-[13, 0,11]
1611   54.067018   54.067009   0.00000007   0.00026678   0.0328   0.8595 21-[13, 1,10]
1621   56.158646   56.158104   0.00000426   0.00206507   0.2624   0.8843 21-[11, 1,10]
1627   58.212687   58.212687   0.00000000   0.00001033   0.0014   0.7676 23+[16, 3,11]
1634   56.841197   56.841196   0.00000001   0.00010855   0.0139   0.8821 23+[14, 0,12]
1635   55.193028   55.193026   0.00000001   0.00010925   0.0137   0.8478 23+[14, 1,11]
1647   59.596288   59.596288   0.00000000   0.00000557  -0.0007   0.6469 23-[17, 4,11]
1654   57.925125   57.925125   0.00000000   0.00003824   0.0050   0.8752 23-[15, 1,12]
1655   55.864059   55.864059   0.00000000   0.00004046   0.0051   0.8250 23-[15, 2,11]
1660   53.960125   53.960117   0.00000007   0.00026519   0.0325   0.9175 23-[13, 0,11]
1668   56.164511   56.163969   0.00000426   0.00206432   0.2623   0.9360 23-[11, 0,11]
1672   59.569213   59.569213   0.00000000   0.00000832   0.0011   0.8100 25+[16, 2,12]
1679   54.256534   54.256533   0.00000001   0.00010765   0.0133   0.8993 25+[14, 0,12]
1693   59.030379   59.030379   0.00000000   0.00003534   0.0047   0.8881 25-[15, 0,13]
1694   55.988414   55.988414   0.00000000   0.00003855   0.0049   0.8680 25-[15, 1,12]
1723   56.604174   56.604174   0.00000000   0.00003597   0.0046   0.8817 27-[15, 0,13]
  Sum canonical e_v*V^2_k=  -1747.0007040321284     


 #quasiparticle energies protons 
 --------------------------------
  eqp(k) -> q.p. energy 
  e(k)   -> referent s.p. energy 
  p(k)   -> occ.probability 
  del(k) -> referent s.p. gap 
  fermi energy alast=  -24.759823913726002     
  #k  block#    eqp(k)     e(k)       (1-2N)E      decay        p(k)        del(k)    overl      labels
   1    1     3.289446  -18.014228    3.289446    2.187179    0.00000000   0.0000   0.5587  1+[ 4, 4, 0]
   2    1     3.468460  -24.772134   -3.468460    2.195125    1.00000000   0.0000   0.5852  1+[ 4, 2, 0]
   3    1     4.343207  -16.960466    4.343207    2.233546    0.00000000   0.0000   0.5273  1+[ 4, 3, 1]
   4    1     6.464715  -14.838959    6.464715    2.324090    0.00000000   0.0000   0.6220  1+[ 4, 4, 0]
   5    1     6.496187  -14.807487    6.496187    2.325406    0.00000000   0.0000   0.7610  1+[ 4, 0, 0]
   6    1    18.909070   -2.394604   18.909070    2.796787    0.00000000   0.0000   0.4760  1+[ 6, 3, 1]
   7    1    22.102854  -43.406528  -22.102854    2.905729    1.00000000   0.0000   0.7536  1+[ 2, 0, 0]
   8    1    23.382440    2.078767   23.382440    2.948247    0.00000000   0.0000   0.4504  1+[ 6, 6, 0]
   9    1    23.664664  -44.968337  -23.664664    2.957542    1.00000000   0.0000   0.7603  1+[ 2, 1, 1]
  10    1    24.199586    2.895912   24.199586    2.975081    0.00000000   0.0000   0.3733  1+[ 6, 5, 1]
  11    1    24.590373    3.286699   24.590373    2.987829    0.00000000   0.0000   0.3307  1+[ 6, 0, 0]
  12    1    24.723516    3.419842   24.723516    2.992160    0.00000000   0.0000   0.4515  1+[ 6, 1, 1]
  13    1    26.426830    5.123156   26.426830    3.047022    0.00000000   0.0000   0.4000  1+[ 6, 1, 1]
  14    1    26.724470  -48.028144  -26.724470    3.056507    1.00000000   0.0000   0.6192  1+[ 2, 2, 0]
  15    1    27.294006    5.990333   27.294006    3.074577    0.00000000   0.0000   0.5020  1+[ 6, 6, 0]
  16    1    28.364615    7.060942   28.364615    3.108259    0.00000000   0.0000   0.3984  1+[ 6, 5, 1]
  17    1    29.205239    7.901565   29.205239    3.134452    0.00000000   0.0000   0.4737  1+[ 6, 2, 0]
  18    1    29.616165    8.312491   29.616165    3.147176    0.00000000   0.0000   0.4813  1+[ 6, 4, 0]
  19    1    30.939778    9.636105   30.939778    3.187818    0.00000000   0.0000   0.3779  1+[ 6, 3, 1]
  20    1    32.008730   10.705057   32.008730    3.220266    0.00000000   0.0000   0.4338  1+[ 6, 0, 0]
  21    1    32.369436   11.065763   32.369436    3.231141    0.00000000   0.0000   0.3177  1+[ 6, 0, 0]
  22    1    33.244861   11.941187   33.244861    3.257385    0.00000000   0.0000   0.3436  1+[ 6, 1, 1]
  23    1    34.082344   12.778670   34.082344    3.282295    0.00000000   0.0000   0.6319  1+[ 8, 8, 0]
  24    1    35.539286   14.235612   35.539286    3.325186    0.00000000   0.0000   0.6215  1+[ 8, 7, 1]
  25    1    36.397628   15.093955   36.397628    3.350197    0.00000000   0.0000   0.2273  1+[16,16, 0]
  26    1    37.024731   15.721057   37.024731    3.368353    0.00000000   0.0000   0.2241  1+[16,15, 1]
  27    1    38.286359   16.982686   38.286359    3.404587    0.00000000   0.0000   0.5879  1+[ 8, 6, 0]
  28    1    39.515823   18.212149   39.515823    3.439529    0.00000000   0.0000   0.5098  1+[ 8, 4, 0]
  29    1    40.946975   19.643302   40.946975    3.479762    0.00000000   0.0000   0.4122  1+[ 8, 5, 1]
  30    1    42.062705   20.759031   42.062705    3.510807    0.00000000   0.0000   0.2496  1+[ 8, 8, 0]
  31    1    42.709597   21.405923   42.709597    3.528682    0.00000000   0.0000   0.3397  1+[ 8, 4, 0]
  32    1    43.722318   22.418644   43.722318    3.556486    0.00000000   0.0000   0.4189  1+[ 8, 2, 0]
  33    1    44.150683   22.847010   44.150683    3.568181    0.00000000   0.0000   0.3658  1+[10,10, 0]
  34    1    44.402403   23.098730   44.402403    3.575035    0.00000000   0.0000   0.4145  1+[ 8, 1, 1]
  35    1    45.232748   23.929075   45.232748    3.597554    0.00000000   0.0000   0.3465  1+[ 8, 7, 1]
  36    1    45.756483   24.452809   45.756483    3.611685    0.00000000   0.0000   0.4516  1+[ 8, 0, 0]
  37    1    47.189354   25.885681   47.189354    3.650066    0.00000000   0.0000   0.3332  1+[10, 8, 0]
  38    1    48.519024  -69.822698  -48.519024    3.685326    1.00000000   0.0000   0.9651  1+[ 0, 0, 0]
  39    1    48.782862   27.479188   48.782862    3.692282    0.00000000   0.0000   0.3226  1+[ 8, 3, 1]
  40    1    49.442293   28.138620   49.442293    3.709611    0.00000000   0.0000   0.2676  1+[10, 7, 1]
  41    1    50.016109   28.712435   50.016109    3.724625    0.00000000   0.0000   0.3220  1+[ 8, 6, 0]
  42    1    50.496284   29.192610   50.496284    3.737142    0.00000000   0.0000   0.2324  1+[ 8, 6, 0]
  43    1    52.315079   31.011405   52.315079    3.784180    0.00000000   0.0000   0.3932  1+[10, 6, 0]
  44    1    54.529892   33.226218   54.529892    3.840682    0.00000000   0.0000   0.4578  1+[10, 5, 1]
  45    1    55.288694   33.985020   55.288694    3.859849    0.00000000   0.0000   0.4674  1+[10,10, 0]
  46    1    55.531041   34.227367   55.531041    3.865951    0.00000000   0.0000   0.3787  1+[10, 9, 1]
  47    1    57.125774   35.822101   57.125774    3.905864    0.00000000   0.0000   0.3075  1+[10, 9, 1]
  48    1    57.996338   36.692665   57.996338    3.927482    0.00000000   0.0000   0.2660  1+[12,12, 0]
  49    1    59.096285   37.792612   59.096285    3.954627    0.00000000   0.0000   0.2989  1+[10, 2, 0]
  50    1    59.574326   38.270652   59.574326    3.966366    0.00000000   0.0000   0.2689  1+[10, 8, 0]
  51    1    60.574914   39.271241   60.574914    3.990825    0.00000000   0.0000   0.2962  1+[10, 8, 0]
  52    1    61.033179   39.729506   61.033179    4.001978    0.00000000   0.0000   0.3481  1+[10, 1, 1]
  53    1    61.409232   40.105559   61.409232    4.011107    0.00000000   0.0000   0.3166  1+[10, 7, 1]
  54    1    62.676269   41.372595   62.676269    4.041712    0.00000000   0.0000   0.2906  1+[ 8, 0, 0]
  55    1    63.524085   42.220412   63.524085    4.062062    0.00000000   0.0000   0.4162  1+[ 8, 0, 0]
  56    1    65.069302   43.765628   65.069302    4.098892    0.00000000   0.0000   0.2815  1+[12, 7, 1]
  57    1    66.309957   45.006284   66.309957    4.128225    0.00000000   0.0000   0.3279  1+[10, 5, 1]
  58    1    67.104874   45.801200   67.104874    4.146911    0.00000000   0.0000   0.4057  1+[12,10, 0]
  59    1    68.508181   47.204507   68.508181    4.179693    0.00000000   0.0000   0.2789  1+[12,11, 1]
  60    1    68.766410   47.462736   68.766410    4.185698    0.00000000   0.0000   0.2672  1+[10, 4, 0]
  61    1    69.287552   47.983878   69.287552    4.197789    0.00000000   0.0000   0.3560  1+[12, 6, 0]
  62    1    70.485795   49.182121   70.485795    4.225460    0.00000000   0.0000   0.3135  1+[10, 5, 1]
  63    1    72.163511   50.859838   72.163511    4.263901    0.00000000   0.0000   0.4193  1+[14,14, 0]
  64    1    73.566246   52.262572   73.566246    4.295778    0.00000000   0.0000   0.2998  1+[12, 8, 0]
  65    1    73.873420   52.569746   73.873420    4.302727    0.00000000   0.0000   0.3488  1+[12, 5, 1]
  66    1    75.543760   54.240087   75.543760    4.340319    0.00000000   0.0000   0.3645  1+[12,12, 0]
  67    1    76.974943   55.671270   76.974943    4.372271    0.00000000   0.0000   0.2861  1+[12, 7, 1]
  68    1    77.888269   56.584595   77.888269    4.392540    0.00000000   0.0000   0.2905  1+[12, 8, 0]
  69    1    79.260645   57.956972   79.260645    4.422823    0.00000000   0.0000   0.3962  1+[12, 2, 0]
  70    1    80.660042   59.356369   80.660042    4.453489    0.00000000   0.0000   0.2701  1+[12, 4, 0]
  71    1    81.912321   60.608648   81.912321    4.480754    0.00000000   0.0000   0.3690  1+[12, 1, 1]
  72    1    82.738966   61.435293   82.738966    4.498661    0.00000000   0.0000   0.2740  1+[16,12, 0]
  73    1    83.152126   61.848452   83.152126    4.507584    0.00000000   0.0000   0.2810  1+[18, 9, 1]
  74    1    84.043534   62.739860   84.043534    4.526777    0.00000000   0.0000   0.3823  1+[14, 8, 0]
  75    1    84.645623   63.341949   84.645623    4.539694    0.00000000   0.0000   0.3774  1+[10, 0, 0]
  76    1    85.368740   64.065067   85.368740    4.555160    0.00000000   0.0000   0.3914  1+[14,12, 0]
  77    1    86.337731   65.034057   86.337731    4.575802    0.00000000   0.0000   0.3777  1+[10, 0, 0]
  78    1    87.368022   66.064349   87.368022    4.597649    0.00000000   0.0000   0.4029  1+[14, 7, 1]
  79    1    89.277644   67.973971   89.277644    4.637869    0.00000000   0.0000   0.2852  1+[14, 6, 0]
  80    1    90.318165   69.014492   90.318165    4.659638    0.00000000   0.0000   0.3168  1+[16,16, 0]
  81    1    90.749564   69.445890   90.749564    4.668633    0.00000000   0.0000   0.3762  1+[16,16, 0]
  82    1    92.818607   71.514933   92.818607    4.711539    0.00000000   0.0000   0.3599  1+[16,11, 1]
  83    1    94.466674   73.163001   94.466674    4.745437    0.00000000   0.0000   0.4325  1+[16,16, 0]
  84    1    95.581801   74.278127   95.581801    4.768237    0.00000000   0.0000   0.2633  1+[18,11, 1]
  85    1    95.926950   74.623277   95.926950    4.775272    0.00000000   0.0000   0.3184  1+[18,12, 0]
  86    1    97.211451   75.907777   97.211451    4.801362    0.00000000   0.0000   0.2856  1+[14, 9, 1]
  87    1    98.572085   77.268411   98.572085    4.828845    0.00000000   0.0000   0.3347  1+[14, 5, 1]
  88    1   101.060949   79.757275  101.060949    4.878716    0.00000000   0.0000   0.4149  1+[14, 4, 0]
  89    1   102.157755   80.854081  102.157755    4.900532    0.00000000   0.0000   0.3907  1+[14, 3, 1]
  90    1   103.463163   82.159489  103.463163    4.926371    0.00000000   0.0000   0.3217  1+[14, 4, 0]
  91    1   104.385980   83.082307  104.385980    4.944556    0.00000000   0.0000   0.2841  1+[18,16, 0]
  92    1   105.323857   84.020183  105.323857    4.962970    0.00000000   0.0000   0.3405  1+[16,13, 1]
  93    1   106.584663   85.280990  106.584663    4.987616    0.00000000   0.0000   0.3854  1+[14, 1, 1]
  94    1   107.213710   85.910037  107.213710    4.999868    0.00000000   0.0000   0.3489  1+[20,10, 0]
  95    1   108.133190   86.829516  108.133190    5.017722    0.00000000   0.0000   0.3484  1+[16, 8, 0]
  96    1   109.976127   88.672453  109.976127    5.053317    0.00000000   0.0000   0.3059  1+[18,18, 0]
  97    1   110.211043   88.907369  110.211043    5.057836    0.00000000   0.0000   0.4465  1+[14, 0, 0]
  98    1   111.287625   89.983952  111.287625    5.078496    0.00000000   0.0000   0.3336  1+[18,18, 0]
  99    1   112.432650   91.128977  112.432650    5.100377    0.00000000   0.0000   0.4400  1+[16, 7, 1]
 100    1   113.024430   91.720757  113.024430    5.111649    0.00000000   0.0000   0.4059  1+[14, 1, 1]
 101    1   114.434678   93.131004  114.434678    5.138411    0.00000000   0.0000   0.4048  1+[18,12, 0]
 102    1   115.726135   94.422461  115.726135    5.162797    0.00000000   0.0000   0.4933  1+[16, 6, 0]
 103    1   116.274203   94.970530  116.274203    5.173112    0.00000000   0.0000   0.4303  1+[18,18, 0]
 104    1   117.531560   96.227886  117.531560    5.196697    0.00000000   0.0000   0.2968  1+[20,16, 0]
 105    1   118.967763   97.664090  118.967763    5.223507    0.00000000   0.0000   0.3697  1+[22,13, 1]
 106    1   120.124845   98.821172  120.124845    5.245007    0.00000000   0.0000   0.3288  1+[22,15, 1]
 107    1   124.124828  102.821154  124.124828    5.318661    0.00000000   0.0000   0.3848  1+[22,19, 1]
 108    1   127.784437  106.480764  127.784437    5.385166    0.00000000   0.0000   0.3839  1+[20,10, 0]
 109    1   129.303618  107.999945  129.303618    5.412533    0.00000000   0.0000   0.3055  1+[16, 5, 1]
 110    1   130.105383  108.801710  130.105383    5.426921    0.00000000   0.0000   0.3579  1+[16, 5, 1]
 111    1   131.513663  110.209990  131.513663    5.452101    0.00000000   0.0000   0.3628  1+[20,18, 0]
 112    1   133.343582  112.039909  133.343582    5.484647    0.00000000   0.0000   0.3326  1+[22,15, 1]
 113    1   133.892984  112.589311  133.892984    5.494381    0.00000000   0.0000   0.4747  1+[18, 9, 1]
 114    1   136.589061  115.285387  136.589061    5.541899    0.00000000   0.0000   0.2957  1+[16, 5, 1]
 115    1   137.072344  115.768670  137.072344    5.550374    0.00000000   0.0000   0.3325  1+[18, 4, 0]
 116    1   139.888482  118.584809  139.888482    5.599503    0.00000000   0.0000   0.4264  1+[18, 8, 0]
 117    1   140.875268  119.571594  140.875268    5.616617    0.00000000   0.0000   0.3357  1+[16, 1, 1]
 118    1   143.145322  121.841648  143.145322    5.655789    0.00000000   0.0000   0.2998  1+[18, 7, 1]
 119    1   144.114881  122.811208  144.114881    5.672437    0.00000000   0.0000   0.3153  1+[22,18, 0]
 120    1   144.474087  123.170413  144.474087    5.678592    0.00000000   0.0000   0.3574  1+[16, 0, 0]
 121    1   146.072342  124.768669  146.072342    5.705900    0.00000000   0.0000   0.3794  1+[16, 0, 0]
 122    1   146.864441  125.560768  146.864441    5.719386    0.00000000   0.0000   0.3054  1+[16, 1, 1]
 123    1   147.458475  126.154802  147.458475    5.729478    0.00000000   0.0000   0.4241  1+[18, 6, 0]
 124    1   150.233736  128.930063  150.233736    5.776396    0.00000000   0.0000   0.4534  1+[22,17, 1]
 125    1   152.377872  131.074199  152.377872    5.812385    0.00000000   0.0000   0.3763  1+[18, 6, 0]
 126    2     7.140680  -28.444353   -7.140680    2.352207    1.00000000   0.0000   0.6904  1-[ 3, 0, 1]
 127    2     7.889640  -13.414033    7.889640    2.382974    0.00000000   0.0000   0.5368  1-[ 5, 3, 0]
 128    2     9.182761  -30.486435   -9.182761    2.435179    1.00000000   0.0000   0.6229  1-[ 3, 3, 0]
 129    2     9.773408  -31.077081   -9.773408    2.458655    1.00000000   0.0000   0.6545  1-[ 3, 2, 1]
 130    2    14.924738   -6.378935   14.924738    2.654619    0.00000000   0.0000   0.5221  1-[ 5, 1, 0]
 131    2    15.069836  -36.373509  -15.069836    2.659930    1.00000000   0.0000   0.5667  1-[ 3, 2, 1]
 132    2    17.503225   -3.800448   17.503225    2.747464    0.00000000   0.0000   0.5063  1-[ 5, 5, 0]
 133    2    17.840466   -3.463208   17.840466    2.759376    0.00000000   0.0000   0.5082  1-[ 5, 2, 1]
 134    2    18.198467   -3.105206   18.198467    2.771966    0.00000000   0.0000   0.5266  1-[ 5, 4, 1]
 135    2    18.367761   -2.935912   18.367761    2.777899    0.00000000   0.0000   0.6376  1-[ 5, 0, 1]
 136    2    24.610251    3.306578   24.610251    2.988476    0.00000000   0.0000   0.3845  1-[ 7, 7, 0]
 137    2    25.682952    4.379279   25.682952    3.023185    0.00000000   0.0000   0.3055  1-[ 7, 6, 1]
 138    2    26.931309    5.627636   26.931309    3.063082    0.00000000   0.0000   0.2737  1-[ 7, 3, 0]
 139    2    27.629406    6.325733   27.629406    3.085168    0.00000000   0.0000   0.3829  1-[ 9, 0, 1]
 140    2    29.344531    8.040857   29.344531    3.138771    0.00000000   0.0000   0.4151  1-[ 7, 4, 1]
 141    2    29.577723    8.274049   29.577723    3.145988    0.00000000   0.0000   0.3979  1-[ 7, 2, 1]
 142    2    29.906333    8.602659   29.906333    3.156131    0.00000000   0.0000   0.3043  1-[ 9, 1, 0]
 143    2    31.000284    9.696611   31.000284    3.189663    0.00000000   0.0000   0.6373  1-[ 7, 7, 0]
 144    2    32.222043   10.918370   32.222043    3.226702    0.00000000   0.0000   0.6142  1-[ 7, 6, 1]
 145    2    33.578144   12.274471   33.578144    3.267321    0.00000000   0.0000   0.2522  1-[15,15, 0]
 146    2    33.763856   12.460183   33.763856    3.272844    0.00000000   0.0000   0.2712  1-[ 7, 2, 1]
 147    2    35.264449   13.960775   35.264449    3.317137    0.00000000   0.0000   0.4327  1-[ 7, 5, 0]
 148    2    36.679981  -57.983655  -36.679981    3.358384    1.00000000   0.0000   0.7943  1-[ 1, 0, 1]
 149    2    37.059592   15.755918   37.059592    3.369360    0.00000000   0.0000   0.4223  1-[ 7, 4, 1]
 150    2    37.959959   16.656286   37.959959    3.395250    0.00000000   0.0000   0.3227  1-[ 7, 3, 0]
 151    2    38.074345  -59.378018  -38.074345    3.398525    1.00000000   0.0000   0.8029  1-[ 1, 1, 0]
 152    2    38.380697   17.077024   38.380697    3.407280    0.00000000   0.0000   0.4062  1-[ 7, 1, 0]
 153    2    39.308046   18.004373   39.308046    3.433649    0.00000000   0.0000   0.3710  1-[ 9, 9, 0]
 154    2    39.584130   18.280457   39.584130    3.441460    0.00000000   0.0000   0.3899  1-[ 9, 8, 1]
 155    2    40.174326   18.870653   40.174326    3.458099    0.00000000   0.0000   0.5940  1-[ 7, 0, 1]
 156    2    40.713479   19.409805   40.713479    3.473229    0.00000000   0.0000   0.3733  1-[ 9, 9, 0]
 157    2    42.339104   21.035431   42.339104    3.518456    0.00000000   0.0000   0.3735  1-[ 9, 7, 0]
 158    2    42.848614   21.544941   42.848614    3.532512    0.00000000   0.0000   0.3553  1-[ 9, 7, 0]
 159    2    44.803788   23.500114   44.803788    3.585938    0.00000000   0.0000   0.5507  1-[ 9, 6, 1]
 160    2    45.638808   24.335135   45.638808    3.608515    0.00000000   0.0000   0.2081  1-[11, 4, 1]
 161    2    46.045465   24.741792   46.045465    3.619458    0.00000000   0.0000   0.2470  1-[ 9, 5, 0]
 162    2    47.832892   26.529218   47.832892    3.667174    0.00000000   0.0000   0.4287  1-[ 9, 5, 0]
 163    2    48.790319   27.486646   48.790319    3.692478    0.00000000   0.0000   0.4081  1-[ 9, 8, 1]
 164    2    49.963934   28.660261   49.963934    3.723262    0.00000000   0.0000   0.4358  1-[ 9, 8, 1]
 165    2    50.276551   28.972877   50.276551    3.731420    0.00000000   0.0000   0.3988  1-[ 9, 9, 0]
 166    2    51.083747   29.780073   51.083747    3.752400    0.00000000   0.0000   0.3839  1-[ 9, 3, 0]
 167    2    52.307693   31.004019   52.307693    3.783990    0.00000000   0.0000   0.4164  1-[11,11, 0]
 168    2    53.372661   32.068987   53.372661    3.811264    0.00000000   0.0000   0.3320  1-[ 9, 1, 0]
 169    2    54.284785   32.981112   54.284785    3.834470    0.00000000   0.0000   0.2153  1-[ 9, 1, 0]
 170    2    54.639000   33.335327   54.639000    3.843444    0.00000000   0.0000   0.3083  1-[ 9, 7, 0]
 171    2    55.326894   34.023221   55.326894    3.860811    0.00000000   0.0000   0.2775  1-[ 9, 1, 0]
 172    2    56.076394   34.772720   56.076394    3.879646    0.00000000   0.0000   0.4420  1-[ 9, 0, 1]
 173    2    57.023286   35.719612   57.023286    3.903311    0.00000000   0.0000   0.3672  1-[11, 7, 0]
 174    2    58.835624   37.531950   58.835624    3.948211    0.00000000   0.0000   0.3170  1-[ 9, 6, 1]
 175    2    60.028392   38.724718   60.028392    3.977484    0.00000000   0.0000   0.3281  1-[11, 6, 1]
 176    2    60.984522   39.680849   60.984522    4.000795    0.00000000   0.0000   0.3930  1-[11,10, 1]
 177    2    61.888317   40.584644   61.888317    4.022706    0.00000000   0.0000   0.3878  1-[11,10, 1]
 178    2    63.644535   42.340862   63.644535    4.064945    0.00000000   0.0000   0.2885  1-[11,10, 1]
 179    2    64.060419   42.756745   64.060419    4.074883    0.00000000   0.0000   0.3460  1-[17, 5, 0]
 180    2    64.476355   43.172682   64.476355    4.084799    0.00000000   0.0000   0.3478  1-[11, 5, 0]
 181    2    64.875749   43.572076   64.875749    4.094297    0.00000000   0.0000   0.3913  1-[11, 9, 0]
 182    2    66.722286   45.418612   66.722286    4.137928    0.00000000   0.0000   0.4094  1-[11, 8, 1]
 183    2    67.798581   46.494908   67.798581    4.163149    0.00000000   0.0000   0.3265  1-[11, 3, 0]
 184    2    68.386217   47.082544   68.386217    4.176854    0.00000000   0.0000   0.5074  1-[13,13, 0]
 185    2    69.907166   48.603493   69.907166    4.212121    0.00000000   0.0000   0.4092  1-[11, 7, 0]
 186    2    71.727654   50.423981   71.727654    4.253948    0.00000000   0.0000   0.3671  1-[11, 6, 1]
 187    2    73.077781   51.774107   73.077781    4.284705    0.00000000   0.0000   0.3234  1-[11, 2, 1]
 188    2    74.183892   52.880219   74.183892    4.309739    0.00000000   0.0000   0.3252  1-[11, 1, 0]
 189    2    74.947366   53.643693   74.947366    4.326934    0.00000000   0.0000   0.3220  1-[13,11, 0]
 190    2    75.944142   54.640468   75.944142    4.349281    0.00000000   0.0000   0.3161  1-[15, 9, 0]
 191    2    76.671808   55.368134   76.671808    4.365523    0.00000000   0.0000   0.3392  1-[11, 0, 1]
 192    2    77.235528   55.931854   77.235528    4.378064    0.00000000   0.0000   0.3301  1-[13,10, 1]
 193    2    78.256988   56.953315   78.256988    4.400697    0.00000000   0.0000   0.4951  1-[13,12, 1]
 194    2    78.728028   57.424354   78.728028    4.411095    0.00000000   0.0000   0.3708  1-[11, 0, 1]
 195    2    80.348601   59.044928   80.348601    4.446682    0.00000000   0.0000   0.3296  1-[13, 6, 1]
 196    2    80.759318   59.455645   80.759318    4.455657    0.00000000   0.0000   0.3309  1-[13, 6, 1]
 197    2    81.419014   60.115340   81.419014    4.470033    0.00000000   0.0000   0.3357  1-[13,10, 1]
 198    2    84.265856   62.962183   84.265856    4.531551    0.00000000   0.0000   0.4974  1-[13, 5, 0]
 199    2    84.893445   63.589771   84.893445    4.545000    0.00000000   0.0000   0.2763  1-[21,14, 1]
 200    2    86.424494   65.120820   86.424494    4.577646    0.00000000   0.0000   0.5051  1-[15,15, 0]
 201    2    86.869135   65.565461   86.869135    4.587083    0.00000000   0.0000   0.4154  1-[15,15, 0]
 202    2    88.260931   66.957257   88.260931    4.616499    0.00000000   0.0000   0.2695  1-[17, 8, 1]
 203    2    88.974919   67.671246   88.974919    4.631516    0.00000000   0.0000   0.4190  1-[11, 3, 0]
 204    2    89.717174   68.413500   89.717174    4.647077    0.00000000   0.0000   0.2682  1-[13, 9, 0]
 205    2    90.867684   69.564010   90.867684    4.671093    0.00000000   0.0000   0.3835  1-[17,11, 0]
 206    2    92.322606   71.018932   92.322606    4.701289    0.00000000   0.0000   0.3812  1-[13, 8, 1]
 207    2    94.496474   73.192800   94.496474    4.746048    0.00000000   0.0000   0.4197  1-[15,12, 1]
 208    2    96.401211   75.097538   96.401211    4.784921    0.00000000   0.0000   0.3068  1-[15,13, 0]
 209    2    96.782350   75.478677   96.782350    4.792662    0.00000000   0.0000   0.3930  1-[13, 2, 1]
 210    2    97.704940   76.401266   97.704940    4.811348    0.00000000   0.0000   0.3329  1-[15,11, 0]
 211    2    99.229731   77.926058   99.229731    4.842072    0.00000000   0.0000   0.3372  1-[15,10, 1]
 212    2   100.535809   79.232136  100.535809    4.868236    0.00000000   0.0000   0.3396  1-[15,13, 0]
 213    2   100.899956   79.596282  100.899956    4.875505    0.00000000   0.0000   0.3786  1-[13, 0, 1]
 214    2   102.053609   80.749935  102.053609    4.898464    0.00000000   0.0000   0.5095  1-[15, 7, 0]
 215    2   104.397049   83.093376  104.397049    4.944774    0.00000000   0.0000   0.4165  1-[13, 0, 1]
 216    2   105.165741   83.862068  105.165741    4.959870    0.00000000   0.0000   0.3328  1-[15, 6, 1]
 217    2   105.865662   84.561989  105.865662    4.973576    0.00000000   0.0000   0.3117  1-[15, 6, 1]
 218    2   106.933329   85.629655  106.933329    4.994411    0.00000000   0.0000   0.3496  1-[21,13, 0]
 219    2   107.384405   86.080732  107.384405    5.003187    0.00000000   0.0000   0.5814  1-[17,17, 0]
 220    2   108.877133   87.573460  108.877133    5.032121    0.00000000   0.0000   0.2918  1-[19, 9, 0]
 221    2   109.606299   88.302626  109.606299    5.046194    0.00000000   0.0000   0.4286  1-[17,11, 0]
 222    2   111.541298   90.237624  111.541298    5.083351    0.00000000   0.0000   0.3475  1-[15, 4, 1]
 223    2   112.045808   90.742134  112.045808    5.092995    0.00000000   0.0000   0.2980  1-[21,12, 1]
 224    2   113.581310   92.277637  113.581310    5.122233    0.00000000   0.0000   0.4672  1-[17,10, 1]
 225    2   115.230019   93.926345  115.230019    5.153443    0.00000000   0.0000   0.4510  1-[15, 3, 0]
 226    2   115.750655   94.446981  115.750655    5.163259    0.00000000   0.0000   0.3627  1-[21,11, 0]
 227    2   118.144579   96.840906  118.144579    5.208157    0.00000000   0.0000   0.3560  1-[19,18, 1]
 228    2   118.854187   97.550513  118.854187    5.221392    0.00000000   0.0000   0.4330  1-[19,15, 0]
 229    2   120.190564   98.886890  120.190564    5.246225    0.00000000   0.0000   0.3619  1-[19,14, 1]
 230    2   122.499978  101.196304  122.499978    5.288865    0.00000000   0.0000   0.4085  1-[17, 8, 1]
 231    2   124.244638  102.940965  124.244638    5.320852    0.00000000   0.0000   0.4561  1-[19,18, 1]
 232    2   126.308911  105.005238  126.308911    5.358451    0.00000000   0.0000   0.4749  1-[15, 2, 1]
 233    2   130.003340  108.699666  130.003340    5.425092    0.00000000   0.0000   0.4070  1-[23,18, 1]
 234    2   130.957645  109.653971  130.957645    5.442173    0.00000000   0.0000   0.4486  1-[21,13, 0]
 235    2   132.625316  111.321642  132.625316    5.471895    0.00000000   0.0000   0.3969  1-[17, 7, 0]
 236    2   133.025191  111.721518  133.025191    5.478998    0.00000000   0.0000   0.2930  1-[19,12, 1]
 237    2   135.006755  113.703081  135.006755    5.514061    0.00000000   0.0000   0.4061  1-[15, 0, 1]
 238    2   136.407828  115.104155  136.407828    5.538718    0.00000000   0.0000   0.3123  1-[19, 6, 1]
 239    2   137.705689  116.402015  137.705689    5.561461    0.00000000   0.0000   0.4225  1-[15, 0, 1]
 240    2   138.183885  116.880212  138.183885    5.569818    0.00000000   0.0000   0.4268  1-[21,18, 1]
 241    2   139.092934  117.789261  139.092934    5.585668    0.00000000   0.0000   0.4479  1-[17, 6, 1]
 242    2   141.705932  120.402258  141.705932    5.630982    0.00000000   0.0000   0.3971  1-[17, 4, 1]
 243    2   142.533607  121.229934  142.533607    5.645260    0.00000000   0.0000   0.3762  1-[21,11, 0]
 244    2   144.853075  123.549401  144.853075    5.685080    0.00000000   0.0000   0.3044  1-[17, 5, 0]
 245    2   145.652370  124.348696  145.652370    5.698737    0.00000000   0.0000   0.3994  1-[19,10, 1]
 246    2   147.831718  126.528045  147.831718    5.735811    0.00000000   0.0000   0.2728  1-[21,15, 0]
 247    2   149.369924  128.066251  149.369924    5.761834    0.00000000   0.0000   0.3690  1-[21,14, 1]
 248    2   152.345718  131.042044  152.345718    5.811847    0.00000000   0.0000   0.4620  1-[17, 3, 0]
 249    3     3.302036  -18.001638    3.302036    2.187739    0.00000000   0.0000   0.6470  3+[ 4, 1, 1]
 250    3     3.466678  -24.770352   -3.466678    2.195046    1.00000000   0.0000   0.5753  3+[ 4, 3, 1]
 251    3     4.343736  -16.959937    4.343736    2.233569    0.00000000   0.0000   0.7279  3+[ 4, 2, 2]
 252    3     6.494504  -14.809170    6.494504    2.325336    0.00000000   0.0000   0.7911  3+[ 4, 0, 2]
 253    3    18.910492   -2.393182   18.910492    2.796837    0.00000000   0.0000   0.5497  3+[ 6, 3, 1]
 254    3    23.657700  -44.961373  -23.657700    2.957313    1.00000000   0.0000   0.8762  3+[ 2, 0, 2]
 255    3    24.111425    2.807752   24.111425    2.972198    0.00000000   0.0000   0.4473  3+[ 6, 5, 1]
 256    3    24.719338    3.415665   24.719338    2.992024    0.00000000   0.0000   0.5695  3+[ 6, 1, 1]
 257    3    25.015945    3.712271   25.015945    3.001650    0.00000000   0.0000   0.4682  3+[ 6, 0, 2]
 258    3    26.487475    5.183801   26.487475    3.048957    0.00000000   0.0000   0.3848  3+[ 6, 4, 2]
 259    3    26.723395  -48.027069  -26.723395    3.056473    1.00000000   0.0000   0.8745  3+[ 2, 1, 1]
 260    3    27.872579    6.568906   27.872579    3.092825    0.00000000   0.0000   0.3849  3+[ 6, 5, 1]
 261    3    29.184894    7.881221   29.184894    3.133820    0.00000000   0.0000   0.5475  3+[ 6, 2, 2]
 262    3    29.697260    8.393586   29.697260    3.149681    0.00000000   0.0000   0.5542  3+[ 6, 4, 2]
 263    3    30.617899    9.314225   30.617899    3.177982    0.00000000   0.0000   0.3483  3+[ 6, 3, 1]
 264    3    32.115549   10.811876   32.115549    3.223490    0.00000000   0.0000   0.3051  3+[ 6, 2, 2]
 265    3    32.381309   11.077636   32.381309    3.231499    0.00000000   0.0000   0.3560  3+[ 6, 0, 2]
 266    3    33.272584   11.968911   33.272584    3.258213    0.00000000   0.0000   0.4196  3+[ 6, 0, 2]
 267    3    35.208952   13.905279   35.208952    3.315510    0.00000000   0.0000   0.6444  3+[ 8, 7, 1]
 268    3    36.173797   14.870123   36.173797    3.343693    0.00000000   0.0000   0.2390  3+[12, 2, 2]
 269    3    36.885681   15.582008   36.885681    3.364336    0.00000000   0.0000   0.2466  3+[10, 3, 1]
 270    3    38.180628   16.876955   38.180628    3.401565    0.00000000   0.0000   0.6010  3+[ 8, 6, 2]
 271    3    39.423253   18.119580   39.423253    3.436910    0.00000000   0.0000   0.5117  3+[ 8, 5, 1]
 272    3    40.771589   19.467915   40.771589    3.474856    0.00000000   0.0000   0.4607  3+[ 8, 3, 1]
 273    3    41.926289   20.622615   41.926289    3.507026    0.00000000   0.0000   0.2517  3+[18,16, 2]
 274    3    43.001293   21.697619   43.001293    3.536713    0.00000000   0.0000   0.3530  3+[ 8, 4, 2]
 275    3    43.683557   22.379884   43.683557    3.555425    0.00000000   0.0000   0.3517  3+[ 8, 2, 2]
 276    3    44.030365   22.726691   44.030365    3.564900    0.00000000   0.0000   0.4039  3+[10, 9, 1]
 277    3    44.782905   23.479232   44.782905    3.585372    0.00000000   0.0000   0.4662  3+[ 8, 1, 1]
 278    3    45.906724   24.603050   45.906724    3.615728    0.00000000   0.0000   0.4969  3+[ 8, 0, 2]
 279    3    47.014834   25.711161   47.014834    3.645413    0.00000000   0.0000   0.3683  3+[ 8, 6, 2]
 280    3    48.652576   27.348902   48.652576    3.688849    0.00000000   0.0000   0.3982  3+[10, 7, 1]
 281    3    49.019199   27.715525   49.019199    3.698502    0.00000000   0.0000   0.2472  3+[20,18, 2]
 282    3    49.944424   28.640750   49.944424    3.722753    0.00000000   0.0000   0.3245  3+[ 8, 6, 2]
 283    3    50.368021   29.064348   50.368021    3.733803    0.00000000   0.0000   0.2398  3+[18,17, 1]
 284    3    52.567452   31.263779   52.567452    3.790661    0.00000000   0.0000   0.3963  3+[10, 6, 2]
 285    3    54.175992   32.872319   54.175992    3.831709    0.00000000   0.0000   0.4623  3+[10, 5, 1]
 286    3    55.055518   33.751844   55.055518    3.853969    0.00000000   0.0000   0.3825  3+[10, 9, 1]
 287    3    56.642406   35.338732   56.642406    3.893810    0.00000000   0.0000   0.4049  3+[10, 9, 1]
 288    3    57.478755   36.175081   57.478755    3.914644    0.00000000   0.0000   0.3274  3+[10, 4, 2]
 289    3    58.755420   37.451746   58.755420    3.946235    0.00000000   0.0000   0.3092  3+[10, 3, 1]
 290    3    59.217368   37.913694   59.217368    3.957603    0.00000000   0.0000   0.2752  3+[10, 8, 2]
 291    3    59.935364   38.631690   59.935364    3.975209    0.00000000   0.0000   0.3604  3+[12,11, 1]
 292    3    60.882429   39.578756   60.882429    3.998313    0.00000000   0.0000   0.4250  3+[10, 1, 1]
 293    3    61.078740   39.775066   61.078740    4.003085    0.00000000   0.0000   0.3579  3+[10, 7, 1]
 294    3    62.714213   41.410540   62.714213    4.042625    0.00000000   0.0000   0.2854  3+[10, 6, 2]
 295    3    63.551369   42.247696   63.551369    4.062715    0.00000000   0.0000   0.4235  3+[ 8, 0, 2]
 296    3    65.007770   43.704097   65.007770    4.097432    0.00000000   0.0000   0.3471  3+[12, 7, 1]
 297    3    65.947627   44.643953   65.947627    4.119680    0.00000000   0.0000   0.2924  3+[10, 5, 1]
 298    3    67.335723   46.032049   67.335723    4.152321    0.00000000   0.0000   0.4153  3+[12,10, 2]
 299    3    68.409926   47.106253   68.409926    4.177406    0.00000000   0.0000   0.3798  3+[12,11, 1]
 300    3    68.749620   47.445946   68.749620    4.185307    0.00000000   0.0000   0.3137  3+[14,10, 2]
 301    3    69.330924   48.027250   69.330924    4.198794    0.00000000   0.0000   0.4134  3+[12, 6, 2]
 302    3    70.135201   48.831528   70.135201    4.217383    0.00000000   0.0000   0.3299  3+[12,10, 2]
 303    3    73.232708   51.929035   73.232708    4.288220    0.00000000   0.0000   0.3363  3+[14,13, 1]
 304    3    73.620980   52.317306   73.620980    4.297017    0.00000000   0.0000   0.3679  3+[12, 9, 1]
 305    3    74.513775   53.210101   74.513775    4.317177    0.00000000   0.0000   0.3409  3+[12, 8, 2]
 306    3    76.729252   55.425578   76.729252    4.366802    0.00000000   0.0000   0.3333  3+[12, 7, 1]
 307    3    77.515177   56.211504   77.515177    4.384272    0.00000000   0.0000   0.3357  3+[12, 4, 2]
 308    3    79.065134   57.761461   79.065134    4.418521    0.00000000   0.0000   0.4446  3+[12, 3, 1]
 309    3    80.290998   58.987325   80.290998    4.445422    0.00000000   0.0000   0.2756  3+[12, 4, 2]
 310    3    81.669292   60.365618   81.669292    4.475475    0.00000000   0.0000   0.4564  3+[12, 1, 1]
 311    3    82.887041   61.583367   82.887041    4.501861    0.00000000   0.0000   0.3260  3+[12, 7, 1]
 312    3    83.210149   61.906476   83.210149    4.508836    0.00000000   0.0000   0.2482  3+[18, 7, 1]
 313    3    84.110638   62.806964   84.110638    4.528218    0.00000000   0.0000   0.3442  3+[14, 8, 2]
 314    3    84.417567   63.113894   84.417567    4.534806    0.00000000   0.0000   0.3257  3+[10, 0, 2]
 315    3    84.951317   63.647643   84.951317    4.546239    0.00000000   0.0000   0.4712  3+[14,12, 2]
 316    3    86.400317   65.096643   86.400317    4.577132    0.00000000   0.0000   0.3915  3+[10, 0, 2]
 317    3    86.906358   65.602684   86.906358    4.587872    0.00000000   0.0000   0.3634  3+[14, 7, 1]
 318    3    89.513183   68.209510   89.513183    4.642805    0.00000000   0.0000   0.2902  3+[12, 6, 2]
 319    3    90.352482   69.048809   90.352482    4.660354    0.00000000   0.0000   0.3805  3+[14,10, 2]
 320    3    91.722117   70.418444   91.722117    4.688850    0.00000000   0.0000   0.3850  3+[16,15, 1]
 321    3    92.709847   71.406173   92.709847    4.709293    0.00000000   0.0000   0.4735  3+[16,15, 1]
 322    3    95.465690   74.162017   95.465690    4.765868    0.00000000   0.0000   0.3494  3+[18,12, 2]
 323    3    95.739630   74.435957   95.739630    4.771455    0.00000000   0.0000   0.2690  3+[18,11, 1]
 324    3    97.106457   75.802783   97.106457    4.799235    0.00000000   0.0000   0.3425  3+[16,10, 2]
 325    3    98.313993   77.010319   98.313993    4.823644    0.00000000   0.0000   0.3395  3+[14, 5, 1]
 326    3   101.055332   79.751658  101.055332    4.878604    0.00000000   0.0000   0.3785  3+[14, 4, 2]
 327    3   101.670146   80.366473  101.670146    4.890845    0.00000000   0.0000   0.4611  3+[14, 3, 1]
 328    3   103.558489   82.254815  103.558489    4.928253    0.00000000   0.0000   0.3593  3+[14, 4, 2]
 329    3   104.484611   83.180937  104.484611    4.946496    0.00000000   0.0000   0.4752  3+[18,16, 2]
 330    3   104.698964   83.395290  104.698964    4.950709    0.00000000   0.0000   0.3528  3+[16,13, 1]
 331    3   106.131377   84.827704  106.131377    4.978769    0.00000000   0.0000   0.4790  3+[14, 1, 1]
 332    3   107.193387   85.889713  107.193387    4.999472    0.00000000   0.0000   0.3607  3+[20,10, 2]
 333    3   107.967949   86.664275  107.967949    5.014518    0.00000000   0.0000   0.3892  3+[16, 8, 2]
 334    3   110.106336   88.802663  110.106336    5.055822    0.00000000   0.0000   0.3445  3+[18,13, 1]
 335    3   110.259645   88.955972  110.259645    5.058770    0.00000000   0.0000   0.3999  3+[14, 0, 2]
 336    3   111.810684   90.507010  111.810684    5.088503    0.00000000   0.0000   0.4563  3+[16, 7, 1]
 337    3   112.715242   91.411568  112.715242    5.105763    0.00000000   0.0000   0.5170  3+[18,17, 1]
 338    3   113.164121   91.860448  113.164121    5.114306    0.00000000   0.0000   0.4471  3+[14, 0, 2]
 339    3   114.782864   93.479191  114.782864    5.144997    0.00000000   0.0000   0.3343  3+[18,12, 2]
 340    3   115.827548   94.523875  115.827548    5.164708    0.00000000   0.0000   0.4803  3+[16, 6, 2]
 341    3   117.375838   96.072164  117.375838    5.193782    0.00000000   0.0000   0.3013  3+[20,16, 2]
 342    3   118.574336   97.270662  118.574336    5.216177    0.00000000   0.0000   0.3260  3+[18,11, 1]
 343    3   119.583721   98.280048  119.583721    5.234963    0.00000000   0.0000   0.3372  3+[22,15, 1]
 344    3   124.880346  103.576672  124.880346    5.332459    0.00000000   0.0000   0.4294  3+[20,17, 1]
 345    3   127.612792  106.309119  127.612792    5.382065    0.00000000   0.0000   0.3891  3+[20,10, 2]
 346    3   128.933563  107.629889  128.933563    5.405879    0.00000000   0.0000   0.3399  3+[18, 5, 1]
 347    3   129.731612  108.427938  129.731612    5.420218    0.00000000   0.0000   0.3604  3+[16, 5, 1]
 348    3   131.119121  109.815448  131.119121    5.445058    0.00000000   0.0000   0.3988  3+[20,18, 2]
 349    3   133.192245  111.888571  133.192245    5.481963    0.00000000   0.0000   0.3341  3+[22,15, 1]
 350    3   133.819737  112.516064  133.819737    5.493084    0.00000000   0.0000   0.4795  3+[18, 9, 1]
 351    3   136.235640  114.931966  136.235640    5.535694    0.00000000   0.0000   0.3006  3+[20,11, 1]
 352    3   136.730225  115.426551  136.730225    5.544376    0.00000000   0.0000   0.3858  3+[18, 4, 2]
 353    3   139.434685  118.131011  139.434685    5.591616    0.00000000   0.0000   0.3951  3+[16, 1, 1]
 354    3   140.511514  119.207841  140.511514    5.610314    0.00000000   0.0000   0.2760  3+[18, 8, 2]
 355    3   143.026273  121.722600  143.026273    5.653741    0.00000000   0.0000   0.3426  3+[18, 7, 1]
 356    3   143.489311  122.185637  143.489311    5.661701    0.00000000   0.0000   0.3062  3+[16, 0, 2]
 357    3   144.653822  123.350148  144.653822    5.681670    0.00000000   0.0000   0.3247  3+[16, 0, 2]
 358    3   145.723080  124.419406  145.723080    5.699944    0.00000000   0.0000   0.3054  3+[22,17, 1]
 359    3   146.859907  125.556233  146.859907    5.719309    0.00000000   0.0000   0.3750  3+[22,18, 2]
 360    3   147.381950  126.078277  147.381950    5.728179    0.00000000   0.0000   0.4068  3+[18, 6, 2]
 361    3   149.631893  128.328220  149.631893    5.766254    0.00000000   0.0000   0.4391  3+[22,17, 1]
 362    3   152.359436  131.055763  152.359436    5.812077    0.00000000   0.0000   0.4206  3+[18, 6, 2]
 363    4     7.891113  -13.412561    7.891113    2.383034    0.00000000   0.0000   0.5657  3-[ 5, 2, 1]
 364    4     9.176635  -30.480309   -9.176635    2.434934    1.00000000   0.0000   0.8348  3-[ 3, 0, 1]
 365    4     9.772552  -31.076226   -9.772552    2.458622    1.00000000   0.0000   0.8292  3-[ 3, 1, 2]
 366    4    14.929221   -6.374452   14.929221    2.654783    0.00000000   0.0000   0.5867  3-[ 5, 4, 1]
 367    4    15.068942  -36.372615  -15.068942    2.659897    1.00000000   0.0000   0.7318  3-[ 3, 2, 1]
 368    4    17.511993   -3.791681   17.511993    2.747774    0.00000000   0.0000   0.7469  3-[ 5, 0, 1]
 369    4    17.842478   -3.461195   17.842478    2.759447    0.00000000   0.0000   0.6198  3-[ 5, 3, 2]
 370    4    18.208183   -3.095491   18.208183    2.772307    0.00000000   0.0000   0.6682  3-[ 5, 1, 2]
 371    4    25.602596    4.298923   25.602596    3.020599    0.00000000   0.0000   0.3082  3-[ 7, 6, 1]
 372    4    27.168336    5.864662   27.168336    3.070599    0.00000000   0.0000   0.2754  3-[ 7, 3, 2]
 373    4    27.498817    6.195143   27.498817    3.081049    0.00000000   0.0000   0.3856  3-[ 9, 0, 1]
 374    4    29.298830    7.995156   29.298830    3.137354    0.00000000   0.0000   0.4369  3-[ 7, 4, 1]
 375    4    29.559848    8.256174   29.559848    3.145435    0.00000000   0.0000   0.4511  3-[ 7, 2, 1]
 376    4    29.930434    8.626760   29.930434    3.156873    0.00000000   0.0000   0.3247  3-[ 7, 1, 2]
 377    4    32.004346   10.700672   32.004346    3.220133    0.00000000   0.0000   0.6285  3-[ 7, 6, 1]
 378    4    33.328794   12.025121   33.328794    3.259890    0.00000000   0.0000   0.3386  3-[ 7, 5, 2]
 379    4    33.661655   12.357981   33.661655    3.269806    0.00000000   0.0000   0.2970  3-[ 7, 2, 1]
 380    4    35.479236   14.175563   35.479236    3.323429    0.00000000   0.0000   0.5306  3-[ 7, 5, 2]
 381    4    36.841945   15.538271   36.841945    3.363071    0.00000000   0.0000   0.4558  3-[ 7, 2, 1]
 382    4    38.012813   16.709139   38.012813    3.396763    0.00000000   0.0000   0.4495  3-[ 7, 3, 2]
 383    4    38.068451  -59.372125  -38.068451    3.398356    1.00000000   0.0000   0.9646  3-[ 1, 0, 1]
 384    4    38.504034   17.200361   38.504034    3.410799    0.00000000   0.0000   0.3567  3-[ 7, 1, 2]
 385    4    39.210492   17.906819   39.210492    3.430884    0.00000000   0.0000   0.4452  3-[ 9, 8, 1]
 386    4    39.890252   18.586579   39.890252    3.450100    0.00000000   0.0000   0.4641  3-[ 7, 0, 1]
 387    4    39.942648   18.638974   39.942648    3.451577    0.00000000   0.0000   0.3517  3-[ 7, 0, 1]
 388    4    42.278114   20.974440   42.278114    3.516770    0.00000000   0.0000   0.5407  3-[ 9, 7, 2]
 389    4    42.593268   21.289595   42.593268    3.525475    0.00000000   0.0000   0.3661  3-[ 7, 1, 2]
 390    4    44.484822   23.181149   44.484822    3.577277    0.00000000   0.0000   0.5542  3-[ 9, 6, 1]
 391    4    45.594206   24.290532   45.594206    3.607312    0.00000000   0.0000   0.2262  3-[11, 4, 1]
 392    4    45.979085   24.675411   45.979085    3.617674    0.00000000   0.0000   0.2948  3-[ 9, 5, 2]
 393    4    48.082156   26.778483   48.082156    3.673778    0.00000000   0.0000   0.4234  3-[ 9, 5, 2]
 394    4    48.475303   27.171630   48.475303    3.684172    0.00000000   0.0000   0.3834  3-[ 9, 8, 1]
 395    4    49.598380   28.294706   49.598380    3.713701    0.00000000   0.0000   0.3874  3-[ 9, 4, 1]
 396    4    51.005001   29.701327   51.005001    3.750358    0.00000000   0.0000   0.3839  3-[ 9, 3, 2]
 397    4    51.340826   30.037152   51.340826    3.759057    0.00000000   0.0000   0.3702  3-[11, 8, 1]
 398    4    53.257337   31.953663   53.257337    3.808320    0.00000000   0.0000   0.3112  3-[ 9, 1, 2]
 399    4    54.016343   32.712670   54.016343    3.827655    0.00000000   0.0000   0.2645  3-[ 9, 7, 2]
 400    4    54.156895   32.853221   54.156895    3.831224    0.00000000   0.0000   0.2844  3-[ 9, 7, 2]
 401    4    54.986181   33.682507   54.986181    3.852219    0.00000000   0.0000   0.3044  3-[ 9, 1, 2]
 402    4    55.812395   34.508722   55.812395    3.873022    0.00000000   0.0000   0.5325  3-[ 9, 0, 1]
 403    4    56.957851   35.654177   56.957851    3.901681    0.00000000   0.0000   0.4044  3-[11, 7, 2]
 404    4    58.868308   37.564635   58.868308    3.949016    0.00000000   0.0000   0.3342  3-[ 9, 6, 1]
 405    4    59.728357   38.424683   59.728357    3.970141    0.00000000   0.0000   0.2921  3-[11, 6, 1]
 406    4    60.431787   39.128113   60.431787    3.987336    0.00000000   0.0000   0.4710  3-[11,10, 1]
 407    4    62.270054   40.966381   62.270054    4.031925    0.00000000   0.0000   0.2817  3-[11, 8, 1]
 408    4    63.453813   42.150140   63.453813    4.060379    0.00000000   0.0000   0.2937  3-[17, 6, 1]
 409    4    63.767069   42.463395   63.767069    4.067876    0.00000000   0.0000   0.3055  3-[13, 9, 2]
 410    4    64.626199   43.322525   64.626199    4.088365    0.00000000   0.0000   0.4592  3-[11, 5, 2]
 411    4    65.570157   44.266483   65.570157    4.110759    0.00000000   0.0000   0.4463  3-[11, 9, 2]
 412    4    66.507823   45.204149   66.507823    4.132884    0.00000000   0.0000   0.4080  3-[11, 8, 1]
 413    4    68.120302   46.816628   68.120302    4.170658    0.00000000   0.0000   0.3720  3-[ 9, 3, 2]
 414    4    69.906677   48.603003   69.906677    4.212109    0.00000000   0.0000   0.4387  3-[11, 7, 2]
 415    4    71.154371   49.850698   71.154371    4.240821    0.00000000   0.0000   0.3752  3-[11, 6, 1]
 416    4    72.800016   51.496342   72.800016    4.278395    0.00000000   0.0000   0.3506  3-[11, 2, 1]
 417    4    74.065712   52.762039   74.065712    4.307071    0.00000000   0.0000   0.3265  3-[11, 2, 1]
 418    4    75.072690   53.769017   75.072690    4.329750    0.00000000   0.0000   0.3166  3-[13,11, 2]
 419    4    75.651282   54.347609   75.651282    4.342727    0.00000000   0.0000   0.3177  3-[15, 9, 2]
 420    4    76.375378   55.071704   76.375378    4.358914    0.00000000   0.0000   0.4204  3-[11, 0, 1]
 421    4    76.933162   55.629489   76.933162    4.371342    0.00000000   0.0000   0.2865  3-[11, 7, 2]
 422    4    77.564795   56.261122   77.564795    4.385372    0.00000000   0.0000   0.4570  3-[13,12, 1]
 423    4    78.636829   57.333155   78.636829    4.409084    0.00000000   0.0000   0.3961  3-[11, 1, 2]
 424    4    80.219555   58.915881   80.219555    4.443859    0.00000000   0.0000   0.4651  3-[13, 6, 1]
 425    4    80.898426   59.594752   80.898426    4.458692    0.00000000   0.0000   0.4144  3-[13,11, 2]
 426    4    81.865810   60.562136   81.865810    4.479744    0.00000000   0.0000   0.3306  3-[13,10, 1]
 427    4    84.008686   62.705012   84.008686    4.526028    0.00000000   0.0000   0.3560  3-[13, 5, 2]
 428    4    84.673571   63.369897   84.673571    4.540293    0.00000000   0.0000   0.4054  3-[13, 5, 2]
 429    4    86.500790   65.197116   86.500790    4.579267    0.00000000   0.0000   0.4030  3-[13, 4, 1]
 430    4    88.160900   66.857226   88.160900    4.614391    0.00000000   0.0000   0.3125  3-[17,12, 1]
 431    4    89.234087   67.930414   89.234087    4.636955    0.00000000   0.0000   0.4542  3-[11, 3, 2]
 432    4    89.994557   68.690884   89.994557    4.652878    0.00000000   0.0000   0.2899  3-[19,11, 2]
 433    4    90.393860   69.090186   90.393860    4.661217    0.00000000   0.0000   0.3894  3-[17,11, 2]
 434    4    91.719260   70.415587   91.719260    4.688791    0.00000000   0.0000   0.3529  3-[13, 8, 1]
 435    4    94.137927   72.834254   94.137927    4.738695    0.00000000   0.0000   0.4124  3-[15,12, 1]
 436    4    95.904013   74.600340   95.904013    4.774805    0.00000000   0.0000   0.4684  3-[17,16, 1]
 437    4    96.489600   75.185927   96.489600    4.786718    0.00000000   0.0000   0.4783  3-[13, 2, 1]
 438    4    97.477288   76.173614   97.477288    4.806744    0.00000000   0.0000   0.4487  3-[15,11, 2]
 439    4    99.035314   77.731641   99.035314    4.838166    0.00000000   0.0000   0.3938  3-[23,16, 1]
 440    4   100.683340   79.379667  100.683340    4.871182    0.00000000   0.0000   0.4892  3-[13, 0, 1]
 441    4   101.041337   79.737664  101.041337    4.878325    0.00000000   0.0000   0.3447  3-[15,13, 2]
 442    4   101.878089   80.574415  101.878089    4.894978    0.00000000   0.0000   0.5208  3-[15, 7, 2]
 443    4   104.184621   82.880948  104.184621    4.940594    0.00000000   0.0000   0.4052  3-[15, 6, 1]
 444    4   105.056555   83.752881  105.056555    4.957729    0.00000000   0.0000   0.3903  3-[15, 6, 1]
 445    4   105.872232   84.568559  105.872232    4.973705    0.00000000   0.0000   0.3226  3-[19,12, 1]
 446    4   107.097179   85.793506  107.097179    4.997600    0.00000000   0.0000   0.3208  3-[15, 4, 1]
 447    4   108.802460   87.498787  108.802460    5.030677    0.00000000   0.0000   0.3395  3-[19, 9, 2]
 448    4   109.610840   88.307166  109.610840    5.046281    0.00000000   0.0000   0.4183  3-[17,11, 2]
 449    4   111.130878   89.827205  111.130878    5.075493    0.00000000   0.0000   0.3445  3-[19,15, 2]
 450    4   111.580953   90.277280  111.580953    5.084110    0.00000000   0.0000   0.3713  3-[15, 4, 1]
 451    4   113.235120   91.931446  113.235120    5.115656    0.00000000   0.0000   0.4634  3-[17,10, 1]
 452    4   115.202118   93.898445  115.202118    5.152916    0.00000000   0.0000   0.3215  3-[19,17, 2]
 453    4   115.624321   94.320648  115.624321    5.160879    0.00000000   0.0000   0.4892  3-[15, 3, 2]
 454    4   117.147480   95.843807  117.147480    5.189504    0.00000000   0.0000   0.3489  3-[19,18, 1]
 455    4   118.555532   97.251859  118.555532    5.215826    0.00000000   0.0000   0.4291  3-[19,15, 2]
 456    4   119.912492   98.608818  119.912492    5.241068    0.00000000   0.0000   0.3082  3-[17,14, 1]
 457    4   122.149855  100.846182  122.149855    5.282423    0.00000000   0.0000   0.4193  3-[17, 8, 1]
 458    4   125.035380  103.731706  125.035380    5.335286    0.00000000   0.0000   0.4481  3-[19,17, 2]
 459    4   125.806996  104.503322  125.806996    5.349333    0.00000000   0.0000   0.5049  3-[15, 2, 1]
 460    4   129.404153  108.100480  129.404153    5.414339    0.00000000   0.0000   0.3809  3-[23,18, 1]
 461    4   130.784946  109.481272  130.784946    5.439086    0.00000000   0.0000   0.4533  3-[21,13, 2]
 462    4   132.771038  111.467364  132.771038    5.474485    0.00000000   0.0000   0.3397  3-[21,12, 1]
 463    4   132.956089  111.652416  132.956089    5.477771    0.00000000   0.0000   0.3749  3-[17, 7, 2]
 464    4   134.795707  113.492034  134.795707    5.510337    0.00000000   0.0000   0.4441  3-[15, 0, 1]
 465    4   135.916943  114.613269  135.916943    5.530091    0.00000000   0.0000   0.3266  3-[23,16, 1]
 466    4   137.616748  116.313075  137.616748    5.559906    0.00000000   0.0000   0.4451  3-[15, 1, 2]
 467    4   137.878329  116.574656  137.878329    5.564480    0.00000000   0.0000   0.4413  3-[21,18, 1]
 468    4   138.646136  117.342463  138.646136    5.577883    0.00000000   0.0000   0.4151  3-[17, 6, 1]
 469    4   141.381651  120.077977  141.381651    5.625379    0.00000000   0.0000   0.4217  3-[17, 4, 1]
 470    4   142.106780  120.803106  142.106780    5.637901    0.00000000   0.0000   0.3984  3-[21,11, 2]
 471    4   144.821092  123.517418  144.821092    5.684533    0.00000000   0.0000   0.3343  3-[21,10, 1]
 472    4   145.598452  124.294779  145.598452    5.697817    0.00000000   0.0000   0.3017  3-[19,10, 1]
 473    4   147.772811  126.469137  147.772811    5.734812    0.00000000   0.0000   0.3625  3-[21,16, 1]
 474    4   149.038314  127.734641  149.038314    5.756234    0.00000000   0.0000   0.3291  3-[21,14, 1]
 475    4   152.408203  131.104529  152.408203    5.812893    0.00000000   0.0000   0.5154  3-[17, 3, 2]
 476    5     3.311016  -17.992657    3.311016    2.188138    0.00000000   0.0000   0.8736  5+[ 4, 0, 2]
 477    5     3.465129  -24.768802   -3.465129    2.194977    1.00000000   0.0000   0.7842  5+[ 4, 2, 2]
 478    5     4.344804  -16.958869    4.344804    2.233615    0.00000000   0.0000   0.8646  5+[ 4, 1, 3]
 479    5    18.910962   -2.392711   18.910962    2.796853    0.00000000   0.0000   0.5397  5+[ 6, 2, 2]
 480    5    24.468159    3.164485   24.468159    2.983848    0.00000000   0.0000   0.4631  5+[ 6, 2, 2]
 481    5    24.746640    3.442967   24.746640    2.992911    0.00000000   0.0000   0.5293  5+[ 6, 0, 2]
 482    5    26.674060    5.370386   26.674060    3.054903    0.00000000   0.0000   0.5527  5+[ 6, 1, 3]
 483    5    26.717325  -48.020998  -26.717325    3.056280    1.00000000   0.0000   0.9696  5+[ 2, 0, 2]
 484    5    28.851726    7.548052   28.851726    3.123463    0.00000000   0.0000   0.3329  5+[ 6, 2, 2]
 485    5    29.349940    8.046266   29.349940    3.138938    0.00000000   0.0000   0.5621  5+[ 6, 3, 3]
 486    5    30.990199    9.686526   30.990199    3.189356    0.00000000   0.0000   0.3717  5+[ 6, 3, 3]
 487    5    31.464255   10.160582   31.464255    3.203779    0.00000000   0.0000   0.4521  5+[ 6, 0, 2]
 488    5    32.358772   11.055099   32.358772    3.230820    0.00000000   0.0000   0.3068  5+[ 6, 0, 2]
 489    5    33.411017   12.107343   33.411017    3.262342    0.00000000   0.0000   0.3790  5+[ 6, 1, 3]
 490    5    35.907500   14.603826   35.907500    3.335938    0.00000000   0.0000   0.3137  5+[ 8, 6, 2]
 491    5    36.888946   15.585272   36.888946    3.364430    0.00000000   0.0000   0.2406  5+[12, 1, 3]
 492    5    37.730368   16.426695   37.730368    3.388666    0.00000000   0.0000   0.5889  5+[ 8, 6, 2]
 493    5    39.440014   18.136340   39.440014    3.437385    0.00000000   0.0000   0.5696  5+[ 8, 4, 2]
 494    5    40.843208   19.539534   40.843208    3.476860    0.00000000   0.0000   0.5349  5+[ 8, 5, 3]
 495    5    42.001826   20.698152   42.001826    3.509121    0.00000000   0.0000   0.3260  5+[ 8, 3, 3]
 496    5    42.427264   21.123590   42.427264    3.520892    0.00000000   0.0000   0.3255  5+[ 8, 2, 2]
 497    5    43.236835   21.933161   43.236835    3.543184    0.00000000   0.0000   0.4393  5+[ 8, 2, 2]
 498    5    44.718831   23.415158   44.718831    3.583633    0.00000000   0.0000   0.5660  5+[ 8, 0, 2]
 499    5    45.486227   24.182553   45.486227    3.604400    0.00000000   0.0000   0.4204  5+[ 8, 1, 3]
 500    5    46.167604   24.863930   46.167604    3.622739    0.00000000   0.0000   0.3144  5+[ 8, 6, 2]
 501    5    48.597756   27.294083   48.597756    3.687403    0.00000000   0.0000   0.3820  5+[10, 7, 3]
 502    5    48.973896   27.670222   48.973896    3.697311    0.00000000   0.0000   0.3645  5+[ 8, 1, 3]
 503    5    49.439372   28.135698   49.439372    3.709535    0.00000000   0.0000   0.2539  5+[10, 6, 2]
 504    5    50.328426   29.024752   50.328426    3.732771    0.00000000   0.0000   0.3265  5+[10, 6, 2]
 505    5    51.752640   30.448967   51.752640    3.769697    0.00000000   0.0000   0.3441  5+[10, 6, 2]
 506    5    54.621811   33.318137   54.621811    3.843009    0.00000000   0.0000   0.3728  5+[10, 5, 3]
 507    5    55.144063   33.840389   55.144063    3.856203    0.00000000   0.0000   0.3837  5+[10, 8, 2]
 508    5    56.984731   35.681057   56.984731    3.902351    0.00000000   0.0000   0.3631  5+[10, 4, 2]
 509    5    58.206761   36.903088   58.206761    3.932689    0.00000000   0.0000   0.2956  5+[20,17, 3]
 510    5    58.664545   37.360871   58.664545    3.943994    0.00000000   0.0000   0.3013  5+[10, 2, 2]
 511    5    59.650793   38.347120   59.650793    3.968240    0.00000000   0.0000   0.3232  5+[10, 8, 2]
 512    5    60.569778   39.266105   60.569778    3.990700    0.00000000   0.0000   0.3938  5+[10, 2, 2]
 513    5    61.363229   40.059555   61.363229    4.009991    0.00000000   0.0000   0.3604  5+[10, 3, 3]
 514    5    62.238630   40.934956   62.238630    4.031167    0.00000000   0.0000   0.3302  5+[10, 0, 2]
 515    5    62.765735   41.462061   62.765735    4.043864    0.00000000   0.0000   0.3479  5+[ 8, 0, 2]
 516    5    64.820698   43.517024   64.820698    4.092989    0.00000000   0.0000   0.2952  5+[10, 1, 3]
 517    5    66.094754   44.791081   66.094754    4.123152    0.00000000   0.0000   0.3685  5+[12,10, 2]
 518    5    66.202865   44.899191   66.202865    4.125702    0.00000000   0.0000   0.3123  5+[12,10, 2]
 519    5    68.209700   46.906026   68.209700    4.172742    0.00000000   0.0000   0.4035  5+[12, 6, 2]
 520    5    68.526033   47.222360   68.526033    4.180109    0.00000000   0.0000   0.2880  5+[20,18, 2]
 521    5    69.554843   48.251170   69.554843    4.203978    0.00000000   0.0000   0.3009  5+[20,17, 3]
 522    5    70.880178   49.576505   70.880178    4.234528    0.00000000   0.0000   0.4130  5+[12,10, 2]
 523    5    72.779667   51.475994   72.779667    4.277933    0.00000000   0.0000   0.4434  5+[12, 9, 3]
 524    5    73.407821   52.104147   73.407821    4.292190    0.00000000   0.0000   0.3609  5+[10, 5, 3]
 525    5    76.484606   55.180933   76.484606    4.361350    0.00000000   0.0000   0.3057  5+[12, 4, 2]
 526    5    77.616440   56.312767   77.616440    4.386518    0.00000000   0.0000   0.2990  5+[12, 8, 2]
 527    5    78.855571   57.551897   78.855571    4.413906    0.00000000   0.0000   0.4265  5+[12, 2, 2]
 528    5    80.207647   58.903973   80.207647    4.443598    0.00000000   0.0000   0.2773  5+[12, 4, 2]
 529    5    81.231622   59.927948   81.231622    4.465954    0.00000000   0.0000   0.2908  5+[14, 8, 2]
 530    5    82.177922   60.874248   82.177922    4.486515    0.00000000   0.0000   0.3219  5+[12, 3, 3]
 531    5    82.459579   61.155906   82.459579    4.492617    0.00000000   0.0000   0.2634  5+[16,11, 3]
 532    5    83.570758   62.267084   83.570758    4.516608    0.00000000   0.0000   0.3662  5+[14, 8, 2]
 533    5    83.837537   62.533864   83.837537    4.522349    0.00000000   0.0000   0.3798  5+[10, 0, 2]
 534    5    85.867345   64.563671   85.867345    4.565793    0.00000000   0.0000   0.3335  5+[10, 1, 3]
 535    5    86.582362   65.278688   86.582362    4.580999    0.00000000   0.0000   0.3286  5+[14,12, 2]
 536    5    87.245098   65.941424   87.245098    4.595048    0.00000000   0.0000   0.3548  5+[14, 7, 3]
 537    5    88.463525   67.159852   88.463525    4.620765    0.00000000   0.0000   0.2847  5+[14, 6, 2]
 538    5    89.477482   68.173809   89.477482    4.642057    0.00000000   0.0000   0.4012  5+[14,10, 2]
 539    5    92.499398   71.195725   92.499398    4.704945    0.00000000   0.0000   0.3741  5+[14, 9, 3]
 540    5    94.850281   73.546608   94.850281    4.753293    0.00000000   0.0000   0.2895  5+[18,12, 2]
 541    5    95.330681   74.027008   95.330681    4.763112    0.00000000   0.0000   0.4174  5+[16,10, 2]
 542    5    96.389168   75.085495   96.389168    4.784677    0.00000000   0.0000   0.3161  5+[14, 9, 3]
 543    5    97.885680   76.582007   97.885680    4.815000    0.00000000   0.0000   0.3537  5+[14, 5, 3]
 544    5   100.479154   79.175480  100.479154    4.867104    0.00000000   0.0000   0.4362  5+[14, 4, 2]
 545    5   101.985774   80.682100  101.985774    4.897117    0.00000000   0.0000   0.4282  5+[14, 2, 2]
 546    5   102.257204   80.953530  102.257204    4.902505    0.00000000   0.0000   0.3807  5+[18,16, 2]
 547    5   103.697741   82.394068  103.697741    4.931000    0.00000000   0.0000   0.2839  5+[20,11, 3]
 548    5   105.747749   84.444076  105.747749    4.971270    0.00000000   0.0000   0.3484  5+[20,10, 2]
 549    5   106.144533   84.840860  106.144533    4.979026    0.00000000   0.0000   0.4157  5+[16, 8, 2]
 550    5   106.913316   85.609642  106.913316    4.994021    0.00000000   0.0000   0.3122  5+[16,13, 3]
 551    5   107.705649   86.401975  107.705649    5.009428    0.00000000   0.0000   0.2772  5+[14, 1, 3]
 552    5   109.185680   87.882007  109.185680    5.038081    0.00000000   0.0000   0.4931  5+[14, 0, 2]
 553    5   110.238221   88.934548  110.238221    5.058359    0.00000000   0.0000   0.3947  5+[18,13, 3]
 554    5   112.127665   90.823992  112.127665    5.094558    0.00000000   0.0000   0.3010  5+[16, 7, 3]
 555    5   112.732185   91.428511  112.732185    5.106085    0.00000000   0.0000   0.4526  5+[14, 1, 3]
 556    5   113.686690   92.383016  113.686690    5.124234    0.00000000   0.0000   0.3699  5+[18,12, 2]
 557    5   114.755687   93.452014  114.755687    5.144483    0.00000000   0.0000   0.4491  5+[16, 6, 2]
 558    5   116.258782   94.955108  116.258782    5.172822    0.00000000   0.0000   0.3958  5+[20,16, 2]
 559    5   118.852125   97.548452  118.852125    5.221354    0.00000000   0.0000   0.3910  5+[22,13, 3]
 560    5   119.947006   98.643332  119.947006    5.241708    0.00000000   0.0000   0.3320  5+[22,15, 3]
 561    5   121.822565  100.518891  121.822565    5.276394    0.00000000   0.0000   0.4773  5+[20,18, 2]
 562    5   127.188239  105.884566  127.188239    5.374387    0.00000000   0.0000   0.4216  5+[20,10, 2]
 563    5   129.171828  107.868154  129.171828    5.410164    0.00000000   0.0000   0.3668  5+[16, 5, 3]
 564    5   129.479367  108.175694  129.479367    5.415690    0.00000000   0.0000   0.3029  5+[22,16, 2]
 565    5   131.748887  110.445213  131.748887    5.456295    0.00000000   0.0000   0.3422  5+[20,18, 2]
 566    5   132.531611  111.227937  132.531611    5.470229    0.00000000   0.0000   0.3140  5+[22,15, 3]
 567    5   133.343861  112.040188  133.343861    5.484652    0.00000000   0.0000   0.3786  5+[18, 9, 3]
 568    5   135.986939  114.683266  135.986939    5.531322    0.00000000   0.0000   0.3033  5+[18, 5, 3]
 569    5   136.469734  115.166060  136.469734    5.539805    0.00000000   0.0000   0.2950  5+[20,11, 3]
 570    5   138.971786  117.668113  138.971786    5.583559    0.00000000   0.0000   0.4578  5+[18, 8, 2]
 571    5   140.431028  119.127354  140.431028    5.608919    0.00000000   0.0000   0.3812  5+[16, 1, 3]
 572    5   141.994903  120.691230  141.994903    5.635971    0.00000000   0.0000   0.4938  5+[22,18, 2]
 573    5   142.543468  121.239795  142.543468    5.645430    0.00000000   0.0000   0.3386  5+[18, 9, 3]
 574    5   143.311338  122.007665  143.311338    5.658643    0.00000000   0.0000   0.5061  5+[16, 0, 2]
 575    5   145.234840  123.931167  145.234840    5.691607    0.00000000   0.0000   0.4323  5+[18, 7, 3]
 576    5   146.435066  125.131392  146.435066    5.712080    0.00000000   0.0000   0.4388  5+[18, 6, 2]
 577    5   147.680681  126.377008  147.680681    5.733249    0.00000000   0.0000   0.3676  5+[20,13, 3]
 578    5   150.410206  129.106532  150.410206    5.779367    0.00000000   0.0000   0.4869  5+[22,17, 3]
 579    5   151.619586  130.315913  151.619586    5.799683    0.00000000   0.0000   0.3379  5+[18, 6, 2]
 580    6     7.894259  -13.409415    7.894259    2.383162    0.00000000   0.0000   0.6405  5-[ 5, 3, 2]
 581    6     9.762737  -31.066410   -9.762737    2.458233    1.00000000   0.0000   0.9126  5-[ 3, 0, 3]
 582    6    14.935988   -6.367686   14.935988    2.655031    0.00000000   0.0000   0.7265  5-[ 5, 1, 2]
 583    6    15.068081  -36.371755  -15.068081    2.659866    1.00000000   0.0000   0.9042  5-[ 3, 1, 2]
 584    6    17.844171   -3.459503   17.844171    2.759507    0.00000000   0.0000   0.7780  5-[ 5, 2, 3]
 585    6    18.224545   -3.079129   18.224545    2.772881    0.00000000   0.0000   0.8239  5-[ 5, 0, 3]
 586    6    26.988428    5.684755   26.988428    3.064895    0.00000000   0.0000   0.3073  5-[ 7, 3, 2]
 587    6    28.556738    7.253065   28.556738    3.114264    0.00000000   0.0000   0.3474  5-[ 9, 0, 3]
 588    6    29.397858    8.094185   29.397858    3.140423    0.00000000   0.0000   0.4734  5-[ 7, 3, 2]
 589    6    29.718347    8.414673   29.718347    3.150332    0.00000000   0.0000   0.4524  5-[ 7, 1, 2]
 590    6    30.381047    9.077374   30.381047    3.170726    0.00000000   0.0000   0.3300  5-[ 9, 0, 3]
 591    6    32.902836   11.599163   32.902836    3.247157    0.00000000   0.0000   0.4546  5-[ 7, 5, 2]
 592    6    33.911616   12.607943   33.911616    3.277232    0.00000000   0.0000   0.3136  5-[ 7, 2, 3]
 593    6    35.168626   13.864952   35.168626    3.314327    0.00000000   0.0000   0.4194  5-[ 7, 5, 2]
 594    6    37.150854   15.847181   37.150854    3.371993    0.00000000   0.0000   0.5917  5-[ 7, 4, 3]
 595    6    37.966253   16.662580   37.966253    3.395430    0.00000000   0.0000   0.3857  5-[ 7, 1, 2]
 596    6    38.390422   17.086749   38.390422    3.407558    0.00000000   0.0000   0.3894  5-[ 7, 2, 3]
 597    6    39.559567   18.255894   39.559567    3.440766    0.00000000   0.0000   0.3121  5-[ 9, 7, 2]
 598    6    40.750381   19.446708   40.750381    3.474263    0.00000000   0.0000   0.6112  5-[ 7, 0, 3]
 599    6    41.573790   20.270116   41.573790    3.497237    0.00000000   0.0000   0.5427  5-[ 9, 7, 2]
 600    6    42.474699   21.171026   42.474699    3.522202    0.00000000   0.0000   0.3640  5-[ 7, 2, 3]
 601    6    44.382257   23.078584   44.382257    3.574487    0.00000000   0.0000   0.5829  5-[ 9, 6, 3]
 602    6    45.509310   24.205636   45.509310    3.605023    0.00000000   0.0000   0.3577  5-[ 9, 5, 2]
 603    6    45.951759   24.648085   45.951759    3.616940    0.00000000   0.0000   0.2463  5-[ 9, 5, 2]
 604    6    47.355990   26.052316   47.355990    3.654504    0.00000000   0.0000   0.3768  5-[ 9, 5, 2]
 605    6    49.643030   28.339357   49.643030    3.714870    0.00000000   0.0000   0.4639  5-[ 9, 4, 3]
 606    6    50.097799   28.794125   50.097799    3.726758    0.00000000   0.0000   0.4055  5-[11, 9, 2]
 607    6    50.629813   29.326139   50.629813    3.740616    0.00000000   0.0000   0.3430  5-[11, 8, 3]
 608    6    52.850770   31.547097   52.850770    3.797923    0.00000000   0.0000   0.3406  5-[ 9, 1, 2]
 609    6    53.551189   32.247515   53.551189    3.815817    0.00000000   0.0000   0.2917  5-[ 9, 1, 2]
 610    6    54.334490   33.030817   54.334490    3.835730    0.00000000   0.0000   0.3676  5-[ 9, 6, 3]
 611    6    54.950406   33.646733   54.950406    3.851316    0.00000000   0.0000   0.3568  5-[ 9, 1, 2]
 612    6    55.932680   34.629006   55.932680    3.876042    0.00000000   0.0000   0.4592  5-[11, 7, 2]
 613    6    56.910043   35.606369   56.910043    3.900489    0.00000000   0.0000   0.4892  5-[ 9, 0, 3]
 614    6    58.449993   37.146319   58.449993    3.938700    0.00000000   0.0000   0.3294  5-[11, 6, 3]
 615    6    60.152904   38.849230   60.152904    3.980528    0.00000000   0.0000   0.3280  5-[11, 6, 3]
 616    6    60.813207   39.509534   60.813207    3.996629    0.00000000   0.0000   0.4784  5-[11, 9, 2]
 617    6    62.364155   41.060482   62.364155    4.034194    0.00000000   0.0000   0.3285  5-[21,18, 3]
 618    6    63.480786   42.177113   63.480786    4.061025    0.00000000   0.0000   0.4707  5-[11, 5, 2]
 619    6    63.931946   42.628272   63.931946    4.071816    0.00000000   0.0000   0.2717  5-[13, 9, 2]
 620    6    65.330159   44.026486   65.330159    4.105077    0.00000000   0.0000   0.4116  5-[11, 9, 2]
 621    6    66.385578   45.081905   66.385578    4.130007    0.00000000   0.0000   0.4419  5-[11, 8, 3]
 622    6    67.302614   45.998940   67.302614    4.151546    0.00000000   0.0000   0.3449  5-[ 9, 4, 3]
 623    6    69.137286   47.833612   69.137286    4.194306    0.00000000   0.0000   0.4330  5-[11, 7, 2]
 624    6    71.618215   50.314542   71.618215    4.251445    0.00000000   0.0000   0.3840  5-[11, 6, 3]
 625    6    73.191613   51.887940   73.191613    4.287288    0.00000000   0.0000   0.3974  5-[11, 1, 2]
 626    6    73.779614   52.475941   73.779614    4.300606    0.00000000   0.0000   0.2995  5-[21,18, 3]
 627    6    74.326890   53.023217   74.326890    4.312965    0.00000000   0.0000   0.3510  5-[11, 1, 2]
 628    6    75.518058   54.214385   75.518058    4.339743    0.00000000   0.0000   0.3621  5-[15, 9, 2]
 629    6    76.524588   55.220914   76.524588    4.362242    0.00000000   0.0000   0.3121  5-[13,10, 3]
 630    6    76.641199   55.337526   76.641199    4.364841    0.00000000   0.0000   0.3092  5-[11, 2, 3]
 631    6    78.659546   57.355873   78.659546    4.409585    0.00000000   0.0000   0.4633  5-[11, 0, 3]
 632    6    79.806204   58.502530   79.806204    4.434803    0.00000000   0.0000   0.3831  5-[13,11, 2]
 633    6    80.111466   58.807793   80.111466    4.441493    0.00000000   0.0000   0.4170  5-[13, 6, 3]
 634    6    80.571258   59.267585   80.571258    4.451550    0.00000000   0.0000   0.3506  5-[13,10, 3]
 635    6    83.567915   62.264242   83.567915    4.516547    0.00000000   0.0000   0.5401  5-[13, 5, 2]
 636    6    84.478674   63.175001   84.478674    4.536116    0.00000000   0.0000   0.2885  5-[21,14, 3]
 637    6    86.407153   65.103479   86.407153    4.577278    0.00000000   0.0000   0.3985  5-[13, 4, 3]
 638    6    88.123334   66.819661   88.123334    4.613599    0.00000000   0.0000   0.3630  5-[15, 9, 2]
 639    6    88.244894   66.941220   88.244894    4.616161    0.00000000   0.0000   0.3794  5-[13, 3, 2]
 640    6    88.762940   67.459266   88.762940    4.627063    0.00000000   0.0000   0.2954  5-[17,10, 3]
 641    6    90.163060   68.859386   90.163060    4.656399    0.00000000   0.0000   0.3942  5-[17,11, 2]
 642    6    92.432439   71.128766   92.432439    4.703561    0.00000000   0.0000   0.3656  5-[13, 8, 3]
 643    6    93.610447   72.306774   93.610447    4.727856    0.00000000   0.0000   0.4727  5-[15,12, 3]
 644    6    95.438011   74.134338   95.438011    4.765303    0.00000000   0.0000   0.3757  5-[15,11, 2]
 645    6    96.784542   75.480869   96.784542    4.792707    0.00000000   0.0000   0.5197  5-[13, 1, 2]
 646    6    98.296182   76.992508   98.296182    4.823285    0.00000000   0.0000   0.4068  5-[17,15, 2]
 647    6    99.732703   78.429030   99.732703    4.852165    0.00000000   0.0000   0.3402  5-[15,12, 3]
 648    6   100.469537   79.165863  100.469537    4.866911    0.00000000   0.0000   0.4811  5-[15, 7, 2]
 649    6   101.530709   80.227035  101.530709    4.888071    0.00000000   0.0000   0.3665  5-[13, 2, 3]
 650    6   104.373531   83.069857  104.373531    4.944311    0.00000000   0.0000   0.4327  5-[13, 0, 3]
 651    6   105.005755   83.702082  105.005755    4.956732    0.00000000   0.0000   0.3316  5-[13, 0, 3]
 652    6   105.907281   84.603608  105.907281    4.974390    0.00000000   0.0000   0.3580  5-[15, 5, 2]
 653    6   106.626585   85.322911  106.626585    4.988434    0.00000000   0.0000   0.2709  5-[21,13, 2]
 654    6   108.452380   87.148707  108.452380    5.023905    0.00000000   0.0000   0.3672  5-[19, 9, 2]
 655    6   108.620352   87.316678  108.620352    5.027155    0.00000000   0.0000   0.4046  5-[15, 5, 2]
 656    6   111.169066   89.865392  111.169066    5.076225    0.00000000   0.0000   0.3620  5-[15, 3, 2]
 657    6   112.024227   90.720554  112.024227    5.092583    0.00000000   0.0000   0.3187  5-[19,15, 2]
 658    6   113.022845   91.719171  113.022845    5.111619    0.00000000   0.0000   0.4564  5-[17,10, 3]
 659    6   114.328002   93.024328  114.328002    5.136392    0.00000000   0.0000   0.3649  5-[15, 3, 2]
 660    6   114.672569   93.368896  114.672569    5.142912    0.00000000   0.0000   0.3267  5-[21,11, 2]
 661    6   117.650656   96.346982  117.650656    5.198926    0.00000000   0.0000   0.3574  5-[17,13, 2]
 662    6   118.699213   97.395540  118.699213    5.218504    0.00000000   0.0000   0.3313  5-[21,19, 2]
 663    6   121.152662   99.848988  121.152662    5.264031    0.00000000   0.0000   0.3897  5-[19,17, 2]
 664    6   122.127112  100.823439  122.127112    5.282004    0.00000000   0.0000   0.3834  5-[17, 8, 3]
 665    6   126.083492  104.779819  126.083492    5.354358    0.00000000   0.0000   0.4283  5-[15, 1, 2]
 666    6   129.932283  108.628610  129.932283    5.423818    0.00000000   0.0000   0.3169  5-[23,19, 2]
 667    6   130.450651  109.146978  130.450651    5.433105    0.00000000   0.0000   0.3767  5-[21,13, 2]
 668    6   131.811474  110.507800  131.811474    5.457411    0.00000000   0.0000   0.4192  5-[19, 7, 2]
 669    6   132.670502  111.366828  132.670502    5.472698    0.00000000   0.0000   0.3088  5-[21,15, 2]
 670    6   134.147074  112.843401  134.147074    5.498877    0.00000000   0.0000   0.3686  5-[15, 2, 3]
 671    6   135.575887  114.272213  135.575887    5.524090    0.00000000   0.0000   0.2829  5-[19, 6, 3]
 672    6   137.497036  116.193362  137.497036    5.557811    0.00000000   0.0000   0.4806  5-[21,18, 3]
 673    6   137.738744  116.435070  137.738744    5.562039    0.00000000   0.0000   0.4653  5-[15, 0, 3]
 674    6   138.808467  117.504794  138.808467    5.580713    0.00000000   0.0000   0.4240  5-[17, 6, 3]
 675    6   141.003387  119.699713  141.003387    5.618835    0.00000000   0.0000   0.3953  5-[21,11, 2]
 676    6   141.441648  120.137974  141.441648    5.626416    0.00000000   0.0000   0.3506  5-[17, 4, 3]
 677    6   143.455402  122.151729  143.455402    5.661118    0.00000000   0.0000   0.2980  5-[21,15, 2]
 678    6   145.559222  124.255548  145.559222    5.697147    0.00000000   0.0000   0.3610  5-[21,10, 3]
 679    6   146.976241  125.672568  146.976241    5.721287    0.00000000   0.0000   0.3552  5-[19,10, 3]
 680    6   149.537289  128.233616  149.537289    5.764658    0.00000000   0.0000   0.3618  5-[21,14, 3]
 681    6   151.588692  130.285018  151.588692    5.799165    0.00000000   0.0000   0.3855  5-[17, 3, 2]
 682    7     3.463469  -24.767143   -3.463469    2.194904    1.00000000   0.0000   0.9208  7+[ 4, 1, 3]
 683    7     4.354699  -16.948974    4.354699    2.234046    0.00000000   0.0000   0.9305  7+[ 4, 0, 4]
 684    7    18.913979   -2.389694   18.913979    2.796958    0.00000000   0.0000   0.6829  7+[ 6, 3, 3]
 685    7    24.750500    3.446827   24.750500    2.993037    0.00000000   0.0000   0.7221  7+[ 6, 1, 3]
 686    7    26.896774    5.593101   26.896774    3.061985    0.00000000   0.0000   0.6690  7+[ 6, 0, 4]
 687    7    29.361863    8.058190   29.361863    3.139308    0.00000000   0.0000   0.7218  7+[ 6, 2, 4]
 688    7    30.202046    8.898373   30.202046    3.165230    0.00000000   0.0000   0.2572  7+[ 8, 5, 3]
 689    7    32.462532   11.158859   32.462532    3.233942    0.00000000   0.0000   0.3756  7+[ 6, 0, 4]
 690    7    32.683888   11.380215   32.683888    3.240592    0.00000000   0.0000   0.3392  7+[10, 1, 3]
 691    7    33.910736   12.607063   33.910736    3.277206    0.00000000   0.0000   0.3767  7+[ 6, 0, 4]
 692    7    36.449946   15.146273   36.449946    3.351716    0.00000000   0.0000   0.2977  7+[ 8, 3, 3]
 693    7    37.737591   16.433918   37.737591    3.388874    0.00000000   0.0000   0.3080  7+[12, 2, 4]
 694    7    39.194879   17.891205   39.194879    3.430442    0.00000000   0.0000   0.6403  7+[ 8, 5, 3]
 695    7    40.571218   19.267544   40.571218    3.469244    0.00000000   0.0000   0.5799  7+[ 8, 3, 3]
 696    7    42.324701   21.021027   42.324701    3.518058    0.00000000   0.0000   0.3958  7+[ 8, 4, 4]
 697    7    43.142150   21.838476   43.142150    3.540584    0.00000000   0.0000   0.2859  7+[ 8, 4, 4]
 698    7    43.743414   22.439741   43.743414    3.557062    0.00000000   0.0000   0.3840  7+[ 8, 2, 4]
 699    7    44.285967   22.982294   44.285967    3.571866    0.00000000   0.0000   0.6375  7+[ 8, 1, 3]
 700    7    46.638254   25.334581   46.638254    3.635352    0.00000000   0.0000   0.5791  7+[ 8, 0, 4]
 701    7    47.584818   26.281144   47.584818    3.660588    0.00000000   0.0000   0.5244  7+[10, 7, 3]
 702    7    49.125317   27.821643   49.125317    3.701292    0.00000000   0.0000   0.3104  7+[ 8, 2, 4]
 703    7    49.760560   28.456887   49.760560    3.717946    0.00000000   0.0000   0.2753  7+[18,14, 4]
 704    7    49.933002   28.629329   49.933002    3.722454    0.00000000   0.0000   0.4011  7+[ 8, 2, 4]
 705    7    52.880329   31.576655   52.880329    3.798680    0.00000000   0.0000   0.4364  7+[10, 6, 4]
 706    7    53.675517   32.371843   53.675517    3.818985    0.00000000   0.0000   0.5315  7+[10, 5, 3]
 707    7    56.855022   35.551348   56.855022    3.899117    0.00000000   0.0000   0.4110  7+[10, 7, 3]
 708    7    57.155938   35.852265   57.155938    3.906615    0.00000000   0.0000   0.4153  7+[10, 4, 4]
 709    7    58.209491   36.905818   58.209491    3.932757    0.00000000   0.0000   0.3149  7+[16, 4, 4]
 710    7    58.561088   37.257415   58.561088    3.941442    0.00000000   0.0000   0.3208  7+[10, 3, 3]
 711    7    60.137019   38.833345   60.137019    3.980139    0.00000000   0.0000   0.4704  7+[10, 1, 3]
 712    7    60.856448   39.552774   60.856448    3.997681    0.00000000   0.0000   0.3663  7+[10, 3, 3]
 713    7    62.768315   41.464641   62.768315    4.043926    0.00000000   0.0000   0.3816  7+[10, 6, 4]
 714    7    63.681287   42.377614   63.681287    4.065824    0.00000000   0.0000   0.3247  7+[ 8, 0, 4]
 715    7    64.366534   43.062861   64.366534    4.082183    0.00000000   0.0000   0.3628  7+[12, 7, 3]
 716    7    65.443292   44.139618   65.443292    4.107757    0.00000000   0.0000   0.3227  7+[10, 2, 4]
 717    7    67.218984   45.915310   67.218984    4.149586    0.00000000   0.0000   0.3610  7+[22,18, 4]
 718    7    67.875208   46.571534   67.875208    4.164938    0.00000000   0.0000   0.4903  7+[12, 9, 3]
 719    7    69.049200   47.745527   69.049200    4.192263    0.00000000   0.0000   0.4390  7+[12, 6, 4]
 720    7    69.276371   47.972698   69.276371    4.197530    0.00000000   0.0000   0.2932  7+[20,17, 3]
 721    7    72.359654   51.055981   72.359654    4.268373    0.00000000   0.0000   0.3816  7+[12, 5, 3]
 722    7    74.001152   52.697479   74.001152    4.305613    0.00000000   0.0000   0.4003  7+[12, 8, 4]
 723    7    75.658458   54.354785   75.658458    4.342888    0.00000000   0.0000   0.3756  7+[12, 7, 3]
 724    7    76.688332   55.384659   76.688332    4.365891    0.00000000   0.0000   0.3792  7+[12, 8, 4]
 725    7    78.467865   57.164192   78.467865    4.405355    0.00000000   0.0000   0.4160  7+[12, 3, 3]
 726    7    79.615565   58.311892   79.615565    4.430620    0.00000000   0.0000   0.2681  7+[22,18, 4]
 727    7    80.797062   59.493389   80.797062    4.456480    0.00000000   0.0000   0.5306  7+[12, 1, 3]
 728    7    82.136687   60.833013   82.136687    4.485621    0.00000000   0.0000   0.3005  7+[12, 7, 3]
 729    7    82.901304   61.597631   82.901304    4.502169    0.00000000   0.0000   0.3177  7+[16,13, 3]
 730    7    83.946401   62.642728   83.946401    4.524689    0.00000000   0.0000   0.3600  7+[14, 8, 4]
 731    7    84.571180   63.267506   84.571180    4.538099    0.00000000   0.0000   0.4098  7+[10, 2, 4]
 732    7    85.521551   64.217877   85.521551    4.558421    0.00000000   0.0000   0.4717  7+[14, 7, 3]
 733    7    86.489443   65.185770   86.489443    4.579026    0.00000000   0.0000   0.4914  7+[10, 0, 4]
 734    7    88.848936   67.545263   88.848936    4.628870    0.00000000   0.0000   0.3929  7+[14,10, 4]
 735    7    89.479915   68.176241   89.479915    4.642108    0.00000000   0.0000   0.4039  7+[14, 6, 4]
 736    7    90.781333   69.477659   90.781333    4.669295    0.00000000   0.0000   0.3856  7+[16,11, 3]
 737    7    94.301470   72.997797   94.301470    4.742050    0.00000000   0.0000   0.2750  7+[16,13, 3]
 738    7    95.570012   74.266339   95.570012    4.767997    0.00000000   0.0000   0.2870  7+[16,12, 4]
 739    7    96.119275   74.815602   96.119275    4.779187    0.00000000   0.0000   0.4045  7+[16,10, 4]
 740    7    97.361774   76.058101   97.361774    4.804406    0.00000000   0.0000   0.3049  7+[14, 5, 3]
 741    7   100.275438   78.971764  100.275438    4.863031    0.00000000   0.0000   0.3285  7+[16, 9, 3]
 742    7   100.743784   79.440111  100.743784    4.872389    0.00000000   0.0000   0.4065  7+[14, 3, 3]
 743    7   102.782635   81.478962  102.782635    4.912918    0.00000000   0.0000   0.3445  7+[14, 4, 4]
 744    7   103.646062   82.342389  103.646062    4.929981    0.00000000   0.0000   0.3865  7+[18,15, 3]
 745    7   105.012697   83.709023  105.012697    4.956868    0.00000000   0.0000   0.5436  7+[14, 1, 3]
 746    7   106.070313   84.766640  106.070313    4.977576    0.00000000   0.0000   0.3034  7+[20,10, 4]
 747    7   107.121188   85.817515  107.121188    4.998068    0.00000000   0.0000   0.3912  7+[16, 7, 3]
 748    7   109.382699   88.079026  109.382699    5.041882    0.00000000   0.0000   0.3834  7+[18,13, 3]
 749    7   110.280641   88.976968  110.280641    5.059174    0.00000000   0.0000   0.4532  7+[16, 7, 3]
 750    7   110.469023   89.165349  110.469023    5.062794    0.00000000   0.0000   0.4915  7+[14, 2, 4]
 751    7   113.215286   91.911613  113.215286    5.115279    0.00000000   0.0000   0.5355  7+[14, 0, 4]
 752    7   114.104465   92.800792  114.104465    5.132157    0.00000000   0.0000   0.3752  7+[18,12, 4]
 753    7   114.917067   93.613394  114.917067    5.147534    0.00000000   0.0000   0.3331  7+[16, 6, 4]
 754    7   116.325780   95.022106  116.325780    5.174081    0.00000000   0.0000   0.3957  7+[16, 6, 4]
 755    7   117.942226   96.638552  117.942226    5.204377    0.00000000   0.0000   0.3067  7+[20,16, 4]
 756    7   118.947987   97.644314  118.947987    5.223139    0.00000000   0.0000   0.2975  7+[20,15, 3]
 757    7   124.807190  103.503516  124.807190    5.331124    0.00000000   0.0000   0.5307  7+[20,17, 3]
 758    7   126.930626  105.626953  126.930626    5.369723    0.00000000   0.0000   0.4133  7+[20,10, 4]
 759    7   127.866039  106.562366  127.866039    5.386639    0.00000000   0.0000   0.5059  7+[18, 5, 3]
 760    7   129.288821  107.985147  129.288821    5.412267    0.00000000   0.0000   0.4387  7+[16, 3, 3]
 761    7   131.943082  110.639409  131.943082    5.459756    0.00000000   0.0000   0.3307  7+[22,15, 3]
 762    7   133.047560  111.743886  133.047560    5.479395    0.00000000   0.0000   0.4642  7+[18, 9, 3]
 763    7   134.724354  113.420680  134.724354    5.509077    0.00000000   0.0000   0.3393  7+[22,16, 4]
 764    7   136.039272  114.735598  136.039272    5.532242    0.00000000   0.0000   0.4093  7+[18, 4, 4]
 765    7   137.962607  116.658933  137.962607    5.565952    0.00000000   0.0000   0.4621  7+[16, 1, 3]
 766    7   139.320417  118.016743  139.320417    5.589628    0.00000000   0.0000   0.3061  7+[18, 7, 3]
 767    7   141.185082  119.881408  141.185082    5.621979    0.00000000   0.0000   0.3542  7+[18, 7, 3]
 768    7   142.927665  121.623991  142.927665    5.652045    0.00000000   0.0000   0.3537  7+[20,13, 3]
 769    7   144.063292  122.759618  144.063292    5.671552    0.00000000   0.0000   0.3883  7+[16, 2, 4]
 770    7   145.073274  123.769600  145.073274    5.688846    0.00000000   0.0000   0.3037  7+[16, 0, 4]
 771    7   146.737852  125.434179  146.737852    5.717233    0.00000000   0.0000   0.3748  7+[18, 6, 4]
 772    7   147.110485  125.806812  147.110485    5.723568    0.00000000   0.0000   0.4529  7+[22,18, 4]
 773    7   148.403700  127.100027  148.403700    5.745501    0.00000000   0.0000   0.4122  7+[22,17, 3]
 774    7   152.083952  130.780279  152.083952    5.807465    0.00000000   0.0000   0.4492  7+[18, 6, 4]
 775    8     7.896656  -13.407017    7.896656    2.383260    0.00000000   0.0000   0.8144  7-[ 5, 2, 3]
 776    8    14.945753   -6.357921   14.945753    2.655389    0.00000000   0.0000   0.8944  7-[ 5, 0, 3]
 777    8    15.060656  -36.364330  -15.060656    2.659594    1.00000000   0.0000   0.9756  7-[ 3, 0, 3]
 778    8    17.846737   -3.456936   17.846737    2.759597    0.00000000   0.0000   0.8818  7-[ 5, 1, 4]
 779    8    28.118818    6.815144   28.118818    3.100558    0.00000000   0.0000   0.3855  7-[ 9, 0, 3]
 780    8    29.462771    8.159098   29.462771    3.142432    0.00000000   0.0000   0.5876  7-[ 7, 4, 3]
 781    8    30.005791    8.702118   30.005791    3.159194    0.00000000   0.0000   0.3444  7-[ 7, 0, 3]
 782    8    30.897164    9.593491   30.897164    3.186517    0.00000000   0.0000   0.3705  7-[ 7, 1, 4]
 783    8    33.599756   12.296082   33.599756    3.267964    0.00000000   0.0000   0.3214  7-[ 7, 2, 3]
 784    8    34.958635   13.654961   34.958635    3.308159    0.00000000   0.0000   0.3308  7-[ 7, 1, 4]
 785    8    36.647003   15.343329   36.647003    3.357429    0.00000000   0.0000   0.4723  7-[ 7, 2, 3]
 786    8    38.351151   17.047478   38.351151    3.406437    0.00000000   0.0000   0.5928  7-[ 7, 3, 4]
 787    8    38.997510   17.693836   38.997510    3.424842    0.00000000   0.0000   0.4870  7-[ 7, 0, 3]
 788    8    39.597323   18.293650   39.597323    3.441833    0.00000000   0.0000   0.4073  7-[ 7, 0, 3]
 789    8    39.987285   18.683612   39.987285    3.452835    0.00000000   0.0000   0.2601  7-[ 7, 0, 3]
 790    8    42.795406   21.491733   42.795406    3.531047    0.00000000   0.0000   0.4557  7-[ 7, 1, 4]
 791    8    43.460944   22.157271   43.460944    3.549331    0.00000000   0.0000   0.6074  7-[ 9, 6, 3]
 792    8    45.464085   24.160411   45.464085    3.603802    0.00000000   0.0000   0.3006  7-[ 9, 4, 3]
 793    8    45.961448   24.657775   45.961448    3.617200    0.00000000   0.0000   0.4149  7-[ 9, 5, 4]
 794    8    48.106144   26.802470   48.106144    3.674413    0.00000000   0.0000   0.4977  7-[ 9, 5, 4]
 795    8    48.648139   27.344466   48.648139    3.688732    0.00000000   0.0000   0.5456  7-[ 9, 4, 3]
 796    8    50.687590   29.383917   50.687590    3.742118    0.00000000   0.0000   0.3995  7-[11, 8, 3]
 797    8    52.199878   30.896205   52.199878    3.781218    0.00000000   0.0000   0.3610  7-[ 9, 3, 4]
 798    8    52.803380   31.499706   52.803380    3.796709    0.00000000   0.0000   0.3651  7-[ 9, 2, 3]
 799    8    53.364241   32.060568   53.364241    3.811049    0.00000000   0.0000   0.2804  7-[19,15, 4]
 800    8    54.574655   33.270981   54.574655    3.841815    0.00000000   0.0000   0.3424  7-[ 9, 2, 3]
 801    8    55.056685   33.753011   55.056685    3.853999    0.00000000   0.0000   0.6448  7-[ 9, 0, 3]
 802    8    57.311244   36.007571   57.311244    3.910480    0.00000000   0.0000   0.3752  7-[11, 7, 4]
 803    8    58.297872   36.994198   58.297872    3.934942    0.00000000   0.0000   0.4838  7-[11, 6, 3]
 804    8    59.336013   38.032339   59.336013    3.960518    0.00000000   0.0000   0.3699  7-[ 9, 1, 4]
 805    8    61.766542   40.462868   61.766542    4.019761    0.00000000   0.0000   0.4045  7-[11, 8, 3]
 806    8    62.510920   41.207247   62.510920    4.037731    0.00000000   0.0000   0.3008  7-[15, 6, 3]
 807    8    63.061198   41.757524   63.061198    4.050964    0.00000000   0.0000   0.3205  7-[13, 7, 4]
 808    8    64.383428   43.079754   64.383428    4.082586    0.00000000   0.0000   0.5326  7-[11, 5, 4]
 809    8    65.396266   44.092592   65.396266    4.106643    0.00000000   0.0000   0.4722  7-[11, 4, 3]
 810    8    68.211755   46.908082   68.211755    4.172790    0.00000000   0.0000   0.3872  7-[11, 3, 4]
 811    8    69.154491   47.850817   69.154491    4.194705    0.00000000   0.0000   0.4946  7-[11, 7, 4]
 812    8    69.984374   48.680701   69.984374    4.213903    0.00000000   0.0000   0.4141  7-[13, 8, 3]
 813    8    72.736210   51.432537   72.736210    4.276944    0.00000000   0.0000   0.4736  7-[11, 2, 3]
 814    8    73.492636   52.188963   73.492636    4.294111    0.00000000   0.0000   0.3109  7-[13,10, 3]
 815    8    74.412620   53.108946   74.412620    4.314898    0.00000000   0.0000   0.2771  7-[15, 9, 4]
 816    8    74.869303   53.565630   74.869303    4.325179    0.00000000   0.0000   0.3381  7-[13, 7, 4]
 817    8    75.404457   54.100783   75.404457    4.337196    0.00000000   0.0000   0.5460  7-[11, 0, 3]
 818    8    76.521347   55.217674   76.521347    4.362170    0.00000000   0.0000   0.3819  7-[13,10, 3]
 819    8    78.240755   56.937082   78.240755    4.400338    0.00000000   0.0000   0.4062  7-[11, 1, 4]
 820    8    79.082821   57.779148   79.082821    4.418911    0.00000000   0.0000   0.4246  7-[13, 6, 3]
 821    8    80.909054   59.605381   80.909054    4.458924    0.00000000   0.0000   0.4429  7-[13, 9, 4]
 822    8    82.592753   61.289079   82.592753    4.495499    0.00000000   0.0000   0.2946  7-[13, 4, 3]
 823    8    84.217454   62.913780   84.217454    4.530512    0.00000000   0.0000   0.5155  7-[13, 5, 4]
 824    8    85.522183   64.218509   85.522183    4.558435    0.00000000   0.0000   0.4452  7-[13, 4, 3]
 825    8    88.197686   66.894012   88.197686    4.615166    0.00000000   0.0000   0.3284  7-[17,12, 3]
 826    8    88.791720   67.488047   88.791720    4.627667    0.00000000   0.0000   0.2924  7-[11, 3, 4]
 827    8    89.155218   67.851545   89.155218    4.635301    0.00000000   0.0000   0.3835  7-[11, 3, 4]
 828    8    89.787017   68.483343   89.787017    4.648538    0.00000000   0.0000   0.3573  7-[15, 9, 4]
 829    8    90.327903   69.024229   90.327903    4.659841    0.00000000   0.0000   0.2786  7-[15, 8, 3]
 830    8    92.518525   71.214851   92.518525    4.705340    0.00000000   0.0000   0.4113  7-[15,12, 3]
 831    8    95.537272   74.233599   95.537272    4.767329    0.00000000   0.0000   0.5538  7-[13, 2, 3]
 832    8    96.962773   75.659099   96.962773    4.796322    0.00000000   0.0000   0.5296  7-[15,11, 4]
 833    8    97.988107   76.684434   97.988107    4.817069    0.00000000   0.0000   0.4130  7-[15,10, 3]
 834    8    99.545269   78.241595   99.545269    4.848406    0.00000000   0.0000   0.6145  7-[13, 0, 3]
 835    8   100.648933   79.345260  100.648933    4.870495    0.00000000   0.0000   0.5927  7-[15, 7, 4]
 836    8   103.361567   82.057894  103.361567    4.924365    0.00000000   0.0000   0.6032  7-[15, 6, 3]
 837    8   104.276844   82.973170  104.276844    4.942409    0.00000000   0.0000   0.5279  7-[13, 1, 4]
 838    8   105.947900   84.644226  105.947900    4.975184    0.00000000   0.0000   0.3553  7-[19,12, 3]
 839    8   106.735195   85.431522  106.735195    4.990551    0.00000000   0.0000   0.4079  7-[15, 4, 3]
 840    8   107.930899   86.627226  107.930899    5.013799    0.00000000   0.0000   0.4059  7-[19, 9, 4]
 841    8   108.945216   87.641542  108.945216    5.033436    0.00000000   0.0000   0.4458  7-[19,16, 3]
 842    8   109.525915   88.222241  109.525915    5.044644    0.00000000   0.0000   0.4342  7-[17,11, 4]
 843    8   111.074111   89.770437  111.074111    5.074405    0.00000000   0.0000   0.4028  7-[15, 4, 3]
 844    8   111.903751   90.600077  111.903751    5.090281    0.00000000   0.0000   0.4393  7-[17,10, 3]
 845    8   115.008647   93.704974  115.008647    5.149264    0.00000000   0.0000   0.3798  7-[15, 3, 4]
 846    8   115.518168   94.214494  115.518168    5.158878    0.00000000   0.0000   0.4363  7-[15, 3, 4]
 847    8   117.228806   95.925132  117.228806    5.191028    0.00000000   0.0000   0.3364  7-[21,11, 4]
 848    8   119.697075   98.393401  119.697075    5.237069    0.00000000   0.0000   0.4042  7-[17,13, 4]
 849    8   120.890608   99.586935  120.890608    5.259187    0.00000000   0.0000   0.4254  7-[17, 8, 3]
 850    8   124.543260  103.239587  124.543260    5.326307    0.00000000   0.0000   0.5367  7-[17, 2, 3]
 851    8   127.592869  106.289196  127.592869    5.381705    0.00000000   0.0000   0.4263  7-[23,20, 3]
 852    8   129.825244  108.521570  129.825244    5.421898    0.00000000   0.0000   0.4727  7-[21,13, 4]
 853    8   132.085936  110.782262  132.085936    5.462300    0.00000000   0.0000   0.3809  7-[19,12, 3]
 854    8   132.174663  110.870990  132.174663    5.463879    0.00000000   0.0000   0.4544  7-[15, 0, 3]
 855    8   133.166102  111.862428  133.166102    5.481499    0.00000000   0.0000   0.3955  7-[17, 7, 4]
 856    8   133.868502  112.564828  133.868502    5.493947    0.00000000   0.0000   0.3726  7-[21,14, 3]
 857    8   136.352367  115.048694  136.352367    5.537744    0.00000000   0.0000   0.4824  7-[17, 6, 3]
 858    8   137.182436  115.878763  137.182436    5.552303    0.00000000   0.0000   0.4808  7-[15, 1, 4]
 859    8   138.076841  116.773167  138.076841    5.567948    0.00000000   0.0000   0.3794  7-[21,15, 4]
 860    8   140.367072  119.063398  140.367072    5.607810    0.00000000   0.0000   0.3922  7-[17, 4, 3]
 861    8   141.252358  119.948684  141.252358    5.623143    0.00000000   0.0000   0.3738  7-[21,11, 4]
 862    8   143.704005  122.400331  143.704005    5.665388    0.00000000   0.0000   0.3982  7-[19,10, 3]
 863    8   144.633819  123.330145  144.633819    5.681328    0.00000000   0.0000   0.2928  7-[21,17, 4]
 864    8   146.614898  125.311225  146.614898    5.715141    0.00000000   0.0000   0.3784  7-[21,16, 3]
 865    8   148.624411  127.320738  148.624411    5.749236    0.00000000   0.0000   0.3197  7-[21,17, 4]
 866    8   151.881791  130.578117  151.881791    5.804079    0.00000000   0.0000   0.5707  7-[17, 3, 4]
 867    9     3.456150  -24.759824   -3.456150    2.194580    1.00000000   0.0000   0.9809  9+[ 4, 0, 4]
 868    9    18.916366   -2.387308   18.916366    2.797041    0.00000000   0.0000   0.8345  9+[ 6, 2, 4]
 869    9    24.798412    3.494739   24.798412    2.994593    0.00000000   0.0000   0.8387  9+[ 6, 0, 4]
 870    9    29.431255    8.127581   29.431255    3.141457    0.00000000   0.0000   0.8300  9+[ 6, 1, 5]
 871    9    31.359618   10.055945   31.359618    3.200601    0.00000000   0.0000   0.3427  9+[10, 0, 4]
 872    9    33.118290   11.814616   33.118290    3.253604    0.00000000   0.0000   0.3002  9+[12, 0, 4]
 873    9    34.695188   13.391514   34.695188    3.300404    0.00000000   0.0000   0.3364  9+[12, 1, 5]
 874    9    37.326340   16.022667   37.326340    3.377051    0.00000000   0.0000   0.3840  9+[ 8, 2, 4]
 875    9    38.373880   17.070207   38.373880    3.407086    0.00000000   0.0000   0.2997  9+[12, 1, 5]
 876    9    39.827318   18.523644   39.827318    3.448326    0.00000000   0.0000   0.6436  9+[ 8, 4, 4]
 877    9    42.292109   20.988436   42.292109    3.517157    0.00000000   0.0000   0.5307  9+[ 8, 2, 4]
 878    9    43.266922   21.963249   43.266922    3.544010    0.00000000   0.0000   0.3354  9+[ 8, 3, 5]
 879    9    44.178517   22.874843   44.178517    3.568939    0.00000000   0.0000   0.2833  9+[ 8, 2, 4]
 880    9    44.799017   23.495343   44.799017    3.585809    0.00000000   0.0000   0.6513  9+[ 8, 0, 4]
 881    9    46.421588   25.117915   46.421588    3.629551    0.00000000   0.0000   0.5083  9+[ 8, 3, 5]
 882    9    49.380459   28.076785   49.380459    3.707990    0.00000000   0.0000   0.5276  9+[10, 6, 4]
 883    9    49.549770   28.246097   49.549770    3.712428    0.00000000   0.0000   0.4707  9+[ 8, 1, 5]
 884    9    50.545536   29.241862   50.545536    3.738424    0.00000000   0.0000   0.2673  9+[10, 6, 4]
 885    9    50.855205   29.551532   50.855205    3.746472    0.00000000   0.0000   0.3507  9+[10, 5, 5]
 886    9    54.936188   33.632514   54.936188    3.850956    0.00000000   0.0000   0.5403  9+[10, 5, 5]
 887    9    55.967357   34.663683   55.967357    3.876912    0.00000000   0.0000   0.4992  9+[10, 4, 4]
 888    9    57.794412   36.490738   57.794412    3.922478    0.00000000   0.0000   0.3429  9+[12, 8, 4]
 889    9    58.961625   37.657952   58.961625    3.951313    0.00000000   0.0000   0.3767  9+[20,15, 5]
 890    9    59.505442   38.201769   59.505442    3.964676    0.00000000   0.0000   0.5101  9+[10, 2, 4]
 891    9    60.955506   39.651832   60.955506    4.000090    0.00000000   0.0000   0.4399  9+[10, 3, 5]
 892    9    61.668186   40.364512   61.668186    4.017381    0.00000000   0.0000   0.3162  9+[10, 0, 4]
 893    9    61.812693   40.509019   61.812693    4.020877    0.00000000   0.0000   0.3836  9+[10, 0, 4]
 894    9    64.812354   43.508680   64.812354    4.092791    0.00000000   0.0000   0.3804  9+[10, 1, 5]
 895    9    65.640219   44.336545   65.640219    4.112417    0.00000000   0.0000   0.3358  9+[10, 6, 4]
 896    9    66.937778   45.634104   66.937778    4.142990    0.00000000   0.0000   0.3709  9+[10, 4, 4]
 897    9    67.193329   45.889655   67.193329    4.148985    0.00000000   0.0000   0.3252  9+[12, 6, 4]
 898    9    68.549473   47.245799   68.549473    4.180654    0.00000000   0.0000   0.3698  9+[22,17, 5]
 899    9    70.344143   49.040470   70.344143    4.222198    0.00000000   0.0000   0.3803  9+[12, 8, 4]
 900    9    72.454368   51.150695   72.454368    4.270531    0.00000000   0.0000   0.4018  9+[12, 5, 5]
 901    9    75.491929   54.188256   75.491929    4.339157    0.00000000   0.0000   0.3841  9+[12, 4, 4]
 902    9    77.166013   55.862339   77.166013    4.376519    0.00000000   0.0000   0.4319  9+[12, 7, 5]
 903    9    78.834644   57.530971   78.834644    4.413445    0.00000000   0.0000   0.4827  9+[12, 2, 4]
 904    9    79.156362   57.852689   79.156362    4.420529    0.00000000   0.0000   0.2817  9+[12, 7, 5]
 905    9    80.307658   59.003985   80.307658    4.445787    0.00000000   0.0000   0.3649  9+[22,17, 5]
 906    9    81.030452   59.726779   81.030452    4.461571    0.00000000   0.0000   0.4652  9+[12, 3, 5]
 907    9    82.265297   60.961624   82.265297    4.488409    0.00000000   0.0000   0.4706  9+[14, 8, 4]
 908    9    82.597069   61.293396   82.597069    4.495592    0.00000000   0.0000   0.5207  9+[12, 0, 4]
 909    9    85.677747   64.374073   85.677747    4.561753    0.00000000   0.0000   0.3362  9+[14, 6, 4]
 910    9    86.126244   64.822570   86.126244    4.571305    0.00000000   0.0000   0.3304  9+[10, 1, 5]
 911    9    87.160472   65.856799   87.160472    4.593256    0.00000000   0.0000   0.4340  9+[14, 7, 5]
 912    9    87.725867   66.422193   87.725867    4.605212    0.00000000   0.0000   0.3970  9+[14, 6, 4]
 913    9    90.819855   69.516181   90.819855    4.670097    0.00000000   0.0000   0.3929  9+[14, 9, 5]
 914    9    93.320713   72.017039   93.320713    4.721892    0.00000000   0.0000   0.2942  9+[18,12, 4]
 915    9    94.062078   72.758404   94.062078    4.737138    0.00000000   0.0000   0.4267  9+[16,10, 4]
 916    9    95.654855   74.351181   95.654855    4.769727    0.00000000   0.0000   0.4056  9+[14, 5, 5]
 917    9    96.529177   75.225503   96.529177    4.787522    0.00000000   0.0000   0.2998  9+[16,11, 5]
 918    9    99.886835   78.583162   99.886835    4.855253    0.00000000   0.0000   0.5274  9+[14, 4, 4]
 919    9   101.156024   79.852351  101.156024    4.880611    0.00000000   0.0000   0.3893  9+[14, 2, 4]
 920    9   102.230114   80.926440  102.230114    4.901968    0.00000000   0.0000   0.4008  9+[14, 2, 4]
 921    9   104.118911   82.815238  104.118911    4.939300    0.00000000   0.0000   0.3977  9+[20,10, 4]
 922    9   104.527343   83.223669  104.527343    4.947336    0.00000000   0.0000   0.4704  9+[16, 8, 4]
 923    9   106.520553   85.216879  106.520553    4.986366    0.00000000   0.0000   0.3679  9+[14, 3, 5]
 924    9   107.595152   86.291479  107.595152    5.007282    0.00000000   0.0000   0.5126  9+[14, 0, 4]
 925    9   108.091367   86.787693  108.091367    5.016911    0.00000000   0.0000   0.3298  9+[16,11, 5]
 926    9   110.808690   89.505017  110.808690    5.069315    0.00000000   0.0000   0.4021  9+[18,12, 4]
 927    9   111.993912   90.690238  111.993912    5.092004    0.00000000   0.0000   0.4157  9+[16, 6, 4]
 928    9   112.944816   91.641142  112.944816    5.110134    0.00000000   0.0000   0.5367  9+[16, 7, 5]
 929    9   113.163523   91.859849  113.163523    5.114295    0.00000000   0.0000   0.3954  9+[14, 1, 5]
 930    9   114.998060   93.694386  114.998060    5.149064    0.00000000   0.0000   0.4710  9+[20,16, 4]
 931    9   117.646937   96.343263  117.646937    5.198856    0.00000000   0.0000   0.4411  9+[18,11, 5]
 932    9   120.418486   99.114813  120.418486    5.250449    0.00000000   0.0000   0.3924  9+[18,13, 5]
 933    9   125.545700  104.242026  125.545700    5.344580    0.00000000   0.0000   0.4813  9+[20,10, 4]
 934    9   127.533506  106.229833  127.533506    5.380632    0.00000000   0.0000   0.3838  9+[16, 5, 5]
 935    9   128.136629  106.832956  128.136629    5.391523    0.00000000   0.0000   0.3924  9+[22,16, 4]
 936    9   131.001737  109.698064  131.001737    5.442961    0.00000000   0.0000   0.3955  9+[18, 2, 4]
 937    9   131.476473  110.172799  131.476473    5.451437    0.00000000   0.0000   0.3693  9+[16, 4, 4]
 938    9   133.951128  112.647454  133.951128    5.495410    0.00000000   0.0000   0.3275  9+[16, 2, 4]
 939    9   134.789692  113.486019  134.789692    5.510231    0.00000000   0.0000   0.3045  9+[20,14, 4]
 940    9   136.692113  115.388439  136.692113    5.543708    0.00000000   0.0000   0.4784  9+[18, 8, 4]
 941    9   137.737866  116.434192  137.737866    5.562024    0.00000000   0.0000   0.5215  9+[22,18, 4]
 942    9   139.364307  118.060633  139.364307    5.590392    0.00000000   0.0000   0.3357  9+[16, 1, 5]
 943    9   140.307904  119.004231  140.307904    5.606784    0.00000000   0.0000   0.3135  9+[16, 0, 4]
 944    9   141.527419  120.223746  141.527419    5.627898    0.00000000   0.0000   0.4532  9+[16, 0, 4]
 945    9   144.195943  122.892270  144.195943    5.673827    0.00000000   0.0000   0.4298  9+[18, 7, 5]
 946    9   145.096809  123.793135  145.096809    5.689248    0.00000000   0.0000   0.5262  9+[18, 6, 4]
 947    9   147.960579  126.656906  147.960579    5.737995    0.00000000   0.0000   0.3416  9+[20,13, 5]
 948    9   149.455007  128.151333  149.455007    5.763270    0.00000000   0.0000   0.2673  9+[18, 7, 5]
 949    9   151.490528  130.186854  151.490528    5.797519    0.00000000   0.0000   0.4670  9+[22,17, 5]
 950   10     7.899441  -13.404233    7.899441    2.383374    0.00000000   0.0000   0.9312  9-[ 5, 1, 4]
 951   10    17.859405   -3.444269   17.859405    2.760044    0.00000000   0.0000   0.9330  9-[ 5, 0, 5]
 952   10    29.479520    8.175847   29.479520    3.142951    0.00000000   0.0000   0.7361  9-[ 7, 3, 4]
 953   10    30.391751    9.088078   30.391751    3.171054    0.00000000   0.0000   0.5374  9-[ 7, 1, 4]
 954   10    31.918991   10.615318   31.918991    3.217554    0.00000000   0.0000   0.4577  9-[ 7, 0, 5]
 955   10    34.881115   13.577442   34.881115    3.305879    0.00000000   0.0000   0.3361  9-[ 7, 1, 4]
 956   10    35.701711   14.398038   35.701711    3.329933    0.00000000   0.0000   0.2990  9-[ 9, 2, 5]
 957   10    37.776342   16.472669   37.776342    3.389986    0.00000000   0.0000   0.5333  9-[ 7, 1, 4]
 958   10    39.496216   18.192542   39.496216    3.438975    0.00000000   0.0000   0.5592  9-[ 7, 2, 5]
 959   10    40.719573   19.415899   40.719573    3.473400    0.00000000   0.0000   0.2336  9-[11, 1, 4]
 960   10    41.353522   20.049849   41.353522    3.491106    0.00000000   0.0000   0.5794  9-[ 7, 0, 5]
 961   10    43.133277   21.829604   43.133277    3.540341    0.00000000   0.0000   0.3943  9-[ 7, 2, 5]
 962   10    45.397997   24.094324   45.397997    3.602018    0.00000000   0.0000   0.5783  9-[ 9, 5, 4]
 963   10    46.673895   25.370222   46.673895    3.636306    0.00000000   0.0000   0.4295  9-[ 9, 3, 4]
 964   10    47.304953   26.001279   47.304953    3.653145    0.00000000   0.0000   0.3481  9-[ 9, 4, 5]
 965   10    49.799253   28.495580   49.799253    3.718958    0.00000000   0.0000   0.5018  9-[ 9, 3, 4]
 966   10    50.617405   29.313731   50.617405    3.740293    0.00000000   0.0000   0.4425  9-[ 9, 4, 5]
 967   10    52.121682   30.818008   52.121682    3.779206    0.00000000   0.0000   0.4306  9-[ 9, 1, 4]
 968   10    53.910082   32.606408   53.910082    3.824954    0.00000000   0.0000   0.2402  9-[19,14, 5]
 969   10    54.681701   33.378028   54.681701    3.844524    0.00000000   0.0000   0.4408  9-[ 9, 1, 4]
 970   10    55.217385   33.913712   55.217385    3.858052    0.00000000   0.0000   0.4931  9-[11, 7, 4]
 971   10    56.135610   34.831937   56.135610    3.881130    0.00000000   0.0000   0.4892  9-[ 9, 0, 5]
 972   10    58.466811   37.163137   58.466811    3.939115    0.00000000   0.0000   0.4137  9-[ 9, 0, 5]
 973   10    60.291528   38.987854   60.291528    3.983913    0.00000000   0.0000   0.3806  9-[ 9, 4, 5]
 974   10    62.080996   40.777323   62.080996    4.027362    0.00000000   0.0000   0.4594  9-[11, 5, 4]
 975   10    62.777411   41.473737   62.777411    4.044145    0.00000000   0.0000   0.3105  9-[21,17, 4]
 976   10    63.586458   42.282785   63.586458    4.063555    0.00000000   0.0000   0.3358  9-[21,16, 5]
 977   10    65.095678   43.792004   65.095678    4.099518    0.00000000   0.0000   0.3430  9-[11, 3, 4]
 978   10    66.974230   45.670557   66.974230    4.143846    0.00000000   0.0000   0.4842  9-[11, 4, 5]
 979   10    67.931241   46.627567   67.931241    4.166247    0.00000000   0.0000   0.3836  9-[11, 7, 4]
 980   10    71.006036   49.702363   71.006036    4.237418    0.00000000   0.0000   0.4537  9-[11, 6, 5]
 981   10    73.021264   51.717591   73.021264    4.283422    0.00000000   0.0000   0.5735  9-[11, 1, 4]
 982   10    73.657770   52.354096   73.657770    4.297850    0.00000000   0.0000   0.5279  9-[13, 7, 4]
 983   10    74.211465   52.907791   74.211465    4.310361    0.00000000   0.0000   0.3262  9-[15,11, 4]
 984   10    75.202635   53.898961   75.202635    4.332668    0.00000000   0.0000   0.3245  9-[21,16, 5]
 985   10    76.028787   54.725113   76.028787    4.351174    0.00000000   0.0000   0.4427  9-[11, 2, 5]
 986   10    78.134789   56.831116   78.134789    4.397995    0.00000000   0.0000   0.3548  9-[11, 0, 5]
 987   10    78.627110   57.323437   78.627110    4.408869    0.00000000   0.0000   0.3283  9-[11, 0, 5]
 988   10    79.298113   57.994439   79.298113    4.423646    0.00000000   0.0000   0.3092  9-[13, 6, 5]
 989   10    82.139180   60.835507   82.139180    4.485675    0.00000000   0.0000   0.5863  9-[13, 5, 4]
 990   10    83.210392   61.906718   83.210392    4.508841    0.00000000   0.0000   0.4212  9-[13, 8, 5]
 991   10    85.329752   64.026079   85.329752    4.554327    0.00000000   0.0000   0.3968  9-[13, 3, 4]
 992   10    87.072636   65.768963   87.072636    4.591396    0.00000000   0.0000   0.4629  9-[11, 4, 5]
 993   10    87.803869   66.500196   87.803869    4.606859    0.00000000   0.0000   0.3644  9-[15, 9, 4]
 994   10    88.951838   67.648164   88.951838    4.631031    0.00000000   0.0000   0.3593  9-[17,11, 4]
 995   10    90.037290   68.733617   90.037290    4.653771    0.00000000   0.0000   0.3564  9-[23,18, 5]
 996   10    91.718923   70.415250   91.718923    4.688784    0.00000000   0.0000   0.3014  9-[15, 8, 5]
 997   10    93.483866   72.180192   93.483866    4.725252    0.00000000   0.0000   0.3592  9-[15,11, 4]
 998   10    95.951373   74.647700   95.951373    4.775769    0.00000000   0.0000   0.5913  9-[13, 1, 4]
 999   10    98.088622   76.784949   98.088622    4.819098    0.00000000   0.0000   0.4286  9-[15,10, 5]
1000   10    99.074946   77.771272   99.074946    4.838962    0.00000000   0.0000   0.5613  9-[15, 7, 4]
1001   10   100.708527   79.404853  100.708527    4.871685    0.00000000   0.0000   0.5259  9-[13, 2, 5]
1002   10   103.669016   82.365342  103.669016    4.930434    0.00000000   0.0000   0.4944  9-[15, 6, 5]
1003   10   104.503367   83.199694  104.503367    4.946865    0.00000000   0.0000   0.4819  9-[13, 0, 5]
1004   10   105.336539   84.032866  105.336539    4.963218    0.00000000   0.0000   0.2844  9-[17,11, 4]
1005   10   106.427843   85.124170  106.427843    4.984557    0.00000000   0.0000   0.3796  9-[15, 5, 4]
1006   10   107.848044   86.544370  107.848044    5.012192    0.00000000   0.0000   0.3349  9-[19,12, 5]
1007   10   109.004909   87.701235  109.004909    5.034590    0.00000000   0.0000   0.3520  9-[19,13, 4]
1008   10   110.394323   89.090649  110.394323    5.061359    0.00000000   0.0000   0.4619  9-[19,15, 4]
1009   10   110.905249   89.601575  110.905249    5.071167    0.00000000   0.0000   0.4677  9-[15, 3, 4]
1010   10   112.146268   90.842595  112.146268    5.094913    0.00000000   0.0000   0.4484  9-[17,10, 5]
1011   10   113.431051   92.127378  113.431051    5.119380    0.00000000   0.0000   0.4509  9-[15, 4, 5]
1012   10   115.279074   93.975401  115.279074    5.154369    0.00000000   0.0000   0.3627  9-[17, 9, 4]
1013   10   118.644088   97.340415  118.644088    5.217477    0.00000000   0.0000   0.4263  9-[21,10, 5]
1014   10   121.322547  100.018874  121.322547    5.267169    0.00000000   0.0000   0.3839  9-[17,12, 5]
1015   10   125.065011  103.761338  125.065011    5.335826    0.00000000   0.0000   0.4762  9-[17, 1, 4]
1016   10   128.473910  107.170237  128.473910    5.397603    0.00000000   0.0000   0.3930  9-[23,19, 4]
1017   10   128.828462  107.524788  128.828462    5.403988    0.00000000   0.0000   0.3062  9-[19,13, 4]
1018   10   130.767016  109.463343  130.767016    5.438765    0.00000000   0.0000   0.4321  9-[19, 7, 4]
1019   10   131.997265  110.693592  131.997265    5.460721    0.00000000   0.0000   0.3748  9-[21,12, 5]
1020   10   133.337913  112.034239  133.337913    5.484546    0.00000000   0.0000   0.4455  9-[15, 2, 5]
1021   10   133.998053  112.694380  133.998053    5.496240    0.00000000   0.0000   0.3279  9-[19,11, 4]
1022   10   137.415772  116.112098  137.415772    5.556389    0.00000000   0.0000   0.3696  9-[15, 0, 5]
1023   10   137.636418  116.332745  137.636418    5.560250    0.00000000   0.0000   0.4524  9-[15, 0, 5]
1024   10   138.680369  117.376695  138.680369    5.578480    0.00000000   0.0000   0.3402  9-[17, 6, 5]
1025   10   140.218970  118.915297  140.218970    5.605241    0.00000000   0.0000   0.3979  9-[19, 5, 4]
1026   10   141.587992  120.284319  141.587992    5.628945    0.00000000   0.0000   0.3039  9-[23,18, 5]
1027   10   144.343389  123.039716  144.343389    5.676354    0.00000000   0.0000   0.2801  9-[17, 3, 4]
1028   10   145.476581  124.172907  145.476581    5.695736    0.00000000   0.0000   0.4313  9-[19,10, 5]
1029   10   148.862616  127.558942  148.862616    5.753264    0.00000000   0.0000   0.3991  9-[17, 3, 4]
1030   10   150.502568  129.198894  150.502568    5.780921    0.00000000   0.0000   0.3258  9-[21,16, 5]
1031   11    18.919554   -2.384119   18.919554    2.797152    0.00000000   0.0000   0.9380 11+[ 6, 1, 5]
1032   11    29.476704    8.173030   29.476704    3.142864    0.00000000   0.0000   0.8686 11+[ 6, 0, 6]
1033   11    33.881966   12.578292   33.881966    3.276352    0.00000000   0.0000   0.3816 11+[10, 1, 5]
1034   11    35.607684   14.304011   35.607684    3.327186    0.00000000   0.0000   0.4391 11+[12, 0, 6]
1035   11    37.870447   16.566774   37.870447    3.392684    0.00000000   0.0000   0.3829 11+[ 8, 3, 5]
1036   11    39.176724   17.873051   39.176724    3.429927    0.00000000   0.0000   0.3278 11+[ 8, 2, 6]
1037   11    40.474257   19.170584   40.474257    3.466524    0.00000000   0.0000   0.6296 11+[ 8, 3, 5]
1038   11    44.219877   22.916204   44.219877    3.570066    0.00000000   0.0000   0.6278 11+[ 8, 1, 5]
1039   11    44.391067   23.087394   44.391067    3.574727    0.00000000   0.0000   0.2891 11+[ 8, 2, 6]
1040   11    45.211406   23.907732   45.211406    3.596977    0.00000000   0.0000   0.2730 11+[12, 2, 6]
1041   11    48.100534   26.796861   48.100534    3.674265    0.00000000   0.0000   0.5725 11+[ 8, 0, 6]
1042   11    50.003061   28.699388   50.003061    3.724284    0.00000000   0.0000   0.4950 11+[ 8, 2, 6]
1043   11    50.613705   29.310031   50.613705    3.740197    0.00000000   0.0000   0.3126 11+[14, 3, 5]
1044   11    52.352349   31.048675   52.352349    3.785138    0.00000000   0.0000   0.5980 11+[10, 5, 5]
1045   11    52.446593   31.142919   52.446593    3.787559    0.00000000   0.0000   0.3292 11+[16,10, 6]
1046   11    57.090125   35.786452   57.090125    3.904976    0.00000000   0.0000   0.6043 11+[10, 4, 6]
1047   11    58.545958   37.242284   58.545958    3.941069    0.00000000   0.0000   0.4466 11+[10, 3, 5]
1048   11    58.984235   37.680561   58.984235    3.951870    0.00000000   0.0000   0.3961 11+[10, 1, 5]
1049   11    60.288334   38.984660   60.288334    3.983835    0.00000000   0.0000   0.4479 11+[10, 1, 5]
1050   11    61.051318   39.747645   61.051318    4.002419    0.00000000   0.0000   0.3567 11+[18,12, 6]
1051   11    62.803443   41.499770   62.803443    4.044771    0.00000000   0.0000   0.5080 11+[12, 7, 5]
1052   11    63.368856   42.065183   63.368856    4.058344    0.00000000   0.0000   0.4044 11+[10, 0, 6]
1053   11    65.599272   44.295599   65.599272    4.111448    0.00000000   0.0000   0.3790 11+[10, 0, 6]
1054   11    68.016085   46.712412   68.016085    4.168227    0.00000000   0.0000   0.3511 11+[12, 5, 5]
1055   11    68.796760   47.493086   68.796760    4.186403    0.00000000   0.0000   0.4382 11+[12, 6, 6]
1056   11    70.201501   48.897827   70.201501    4.218911    0.00000000   0.0000   0.4041 11+[12, 5, 5]
1057   11    71.186840   49.883166   71.186840    4.241565    0.00000000   0.0000   0.3789 11+[20,14, 6]
1058   11    73.607839   52.304165   73.607839    4.296720    0.00000000   0.0000   0.3833 11+[12, 7, 5]
1059   11    75.572688   54.269014   75.572688    4.340967    0.00000000   0.0000   0.4134 11+[12, 4, 6]
1060   11    78.477208   57.173535   78.477208    4.405561    0.00000000   0.0000   0.5806 11+[12, 3, 5]
1061   11    79.736827   58.433154   79.736827    4.433282    0.00000000   0.0000   0.5719 11+[12, 1, 5]
1062   11    80.220543   58.916869   80.220543    4.443881    0.00000000   0.0000   0.3495 11+[22,17, 5]
1063   11    81.968108   60.664435   81.968108    4.481964    0.00000000   0.0000   0.4124 11+[12, 6, 6]
1064   11    83.499911   62.196237   83.499911    4.515082    0.00000000   0.0000   0.5286 11+[14, 7, 5]
1065   11    83.676960   62.373287   83.676960    4.518894    0.00000000   0.0000   0.3858 11+[12, 2, 6]
1066   11    85.071373   63.767699   85.071373    4.548806    0.00000000   0.0000   0.3685 11+[20,14, 6]
1067   11    86.397557   65.093883   86.397557    4.577074    0.00000000   0.0000   0.4660 11+[10, 0, 6]
1068   11    87.761968   66.458294   87.761968    4.605975    0.00000000   0.0000   0.3956 11+[14, 9, 5]
1069   11    89.589451   68.285777   89.589451    4.644403    0.00000000   0.0000   0.4552 11+[14, 6, 6]
1070   11    92.994916   71.691242   92.994916    4.715177    0.00000000   0.0000   0.3296 11+[16,10, 6]
1071   11    93.872628   72.568955   93.872628    4.733247    0.00000000   0.0000   0.3854 11+[14, 5, 5]
1072   11    95.588115   74.284442   95.588115    4.768366    0.00000000   0.0000   0.3237 11+[16,11, 5]
1073   11    98.288606   76.984933   98.288606    4.823132    0.00000000   0.0000   0.3896 11+[14, 3, 5]
1074   11    99.648092   78.344419   99.648092    4.850468    0.00000000   0.0000   0.4595 11+[14, 4, 6]
1075   11   101.408026   80.104352  101.408026    4.885630    0.00000000   0.0000   0.4949 11+[14, 3, 5]
1076   11   102.575283   81.271609  102.575283    4.908811    0.00000000   0.0000   0.3642 11+[22,16, 6]
1077   11   103.621669   82.317996  103.621669    4.929500    0.00000000   0.0000   0.6237 11+[14, 1, 5]
1078   11   105.387897   84.084223  105.387897    4.964225    0.00000000   0.0000   0.3899 11+[16, 7, 5]
1079   11   107.229940   85.926266  107.229940    5.000183    0.00000000   0.0000   0.3939 11+[16, 7, 5]
1080   11   108.097159   86.793486  108.097159    5.017023    0.00000000   0.0000   0.4739 11+[16, 8, 6]
1081   11   109.711340   88.407667  109.711340    5.048218    0.00000000   0.0000   0.5350 11+[14, 2, 6]
1082   11   111.993388   90.689715  111.993388    5.091994    0.00000000   0.0000   0.4837 11+[18,12, 6]
1083   11   113.077398   91.773724  113.077398    5.112656    0.00000000   0.0000   0.5684 11+[14, 0, 6]
1084   11   114.172233   92.868560  114.172233    5.133441    0.00000000   0.0000   0.3807 11+[16, 6, 6]
1085   11   115.916153   94.612479  115.916153    5.166376    0.00000000   0.0000   0.4143 11+[16, 6, 6]
1086   11   117.176788   95.873114  117.176788    5.190053    0.00000000   0.0000   0.4529 11+[20,15, 5]
1087   11   124.789796  103.486123  124.789796    5.330807    0.00000000   0.0000   0.4163 11+[20,10, 6]
1088   11   125.656369  104.352695  125.656369    5.346594    0.00000000   0.0000   0.5205 11+[18, 5, 5]
1089   11   127.685064  106.381391  127.685064    5.383371    0.00000000   0.0000   0.4611 11+[18, 3, 5]
1090   11   129.435750  108.132077  129.435750    5.414907    0.00000000   0.0000   0.3270 11+[20, 9, 5]
1091   11   130.722299  109.418625  130.722299    5.437966    0.00000000   0.0000   0.3995 11+[22,15, 5]
1092   11   132.914402  111.610729  132.914402    5.477031    0.00000000   0.0000   0.3092 11+[22,16, 6]
1093   11   134.131422  112.827748  134.131422    5.498600    0.00000000   0.0000   0.4372 11+[18, 4, 6]
1094   11   135.806011  114.502337  135.806011    5.528140    0.00000000   0.0000   0.5222 11+[16, 1, 5]
1095   11   137.050883  115.747209  137.050883    5.549998    0.00000000   0.0000   0.3134 11+[24,19, 5]
1096   11   138.473527  117.169853  138.473527    5.574873    0.00000000   0.0000   0.4519 11+[18, 7, 5]
1097   11   140.891623  119.587950  140.891623    5.616900    0.00000000   0.0000   0.3784 11+[20,13, 5]
1098   11   143.702385  122.398711  143.702385    5.665360    0.00000000   0.0000   0.4968 11+[16, 2, 6]
1099   11   144.186240  122.882566  144.186240    5.673660    0.00000000   0.0000   0.3508 11+[18, 8, 6]
1100   11   146.523122  125.219449  146.523122    5.713579    0.00000000   0.0000   0.4027 11+[16, 0, 6]
1101   11   146.759935  125.456261  146.759935    5.717608    0.00000000   0.0000   0.3664 11+[22,17, 5]
1102   11   151.150273  129.846599  151.150273    5.791808    0.00000000   0.0000   0.4414 11+[18, 6, 6]
1103   12     7.907842  -13.395832    7.907842    2.383717    0.00000000   0.0000   0.9850 11-[ 5, 0, 5]
1104   12    29.489005    8.185332   29.489005    3.143244    0.00000000   0.0000   0.8518 11-[ 7, 2, 5]
1105   12    31.074937    9.771264   31.074937    3.191939    0.00000000   0.0000   0.6163 11-[ 7, 0, 5]
1106   12    35.926796   14.623122   35.926796    3.336501    0.00000000   0.0000   0.3398 11-[ 7, 1, 6]
1107   12    36.604470   15.300797   36.604470    3.356197    0.00000000   0.0000   0.3420 11-[ 9, 1, 6]
1108   12    38.801459   17.497785   38.801459    3.419270    0.00000000   0.0000   0.6469 11-[ 7, 0, 5]
1109   12    40.772781   19.469108   40.772781    3.474890    0.00000000   0.0000   0.5134 11-[ 7, 1, 6]
1110   12    41.686463   20.382789   41.686463    3.500369    0.00000000   0.0000   0.2668 11-[11, 2, 5]
1111   12    43.855081   22.551407   43.855081    3.560114    0.00000000   0.0000   0.4700 11-[ 7, 1, 6]
1112   12    46.890604   25.586930   46.890604    3.642097    0.00000000   0.0000   0.4296 11-[ 9, 4, 5]
1113   12    48.197531   26.893857   48.197531    3.676832    0.00000000   0.0000   0.5947 11-[ 9, 4, 5]
1114   12    48.636065   27.332392   48.636065    3.688413    0.00000000   0.0000   0.2952 11-[17, 9, 6]
1115   12    51.531981   30.228308   51.531981    3.764000    0.00000000   0.0000   0.5095 11-[ 9, 2, 5]
1116   12    52.976049   31.672376   52.976049    3.801130    0.00000000   0.0000   0.5194 11-[ 9, 3, 6]
1117   12    54.164091   32.860417   54.164091    3.831407    0.00000000   0.0000   0.7096 11-[ 9, 0, 5]
1118   12    55.056144   33.752470   55.056144    3.853985    0.00000000   0.0000   0.3001 11-[19,14, 5]
1119   12    56.185889   34.882216   56.185889    3.882390    0.00000000   0.0000   0.3238 11-[17,11, 6]
1120   12    57.098823   35.795150   57.098823    3.905193    0.00000000   0.0000   0.6034 11-[11, 6, 5]
1121   12    59.253019   37.949345   59.253019    3.958479    0.00000000   0.0000   0.5755 11-[ 9, 1, 6]
1122   12    63.275642   41.971968   63.275642    4.056109    0.00000000   0.0000   0.3251 11-[17, 4, 5]
1123   12    63.631453   42.327779   63.631453    4.064632    0.00000000   0.0000   0.5016 11-[11, 5, 6]
1124   12    64.160803   42.857130   64.160803    4.077279    0.00000000   0.0000   0.5318 11-[11, 4, 5]
1125   12    65.696942   44.393268   65.696942    4.113758    0.00000000   0.0000   0.4260 11-[19,13, 6]
1126   12    67.698141   46.394467   67.698141    4.160801    0.00000000   0.0000   0.3476 11-[13, 8, 5]
1127   12    68.961898   47.658225   68.961898    4.190237    0.00000000   0.0000   0.4478 11-[11, 3, 6]
1128   12    72.459005   51.155332   72.459005    4.270636    0.00000000   0.0000   0.5655 11-[11, 2, 5]
1129   12    73.837790   52.534116   73.837790    4.301921    0.00000000   0.0000   0.3779 11-[13, 7, 6]
1130   12    74.340924   53.037251   74.340924    4.313281    0.00000000   0.0000   0.5967 11-[11, 0, 5]
1131   12    75.182402   53.878728   75.182402    4.332214    0.00000000   0.0000   0.3427 11-[21,16, 5]
1132   12    76.340855   55.037182   76.340855    4.358143    0.00000000   0.0000   0.4196 11-[21,15, 6]
1133   12    76.519183   55.215510   76.519183    4.362121    0.00000000   0.0000   0.5604 11-[13, 6, 5]
1134   12    78.297347   56.993673   78.297347    4.401589    0.00000000   0.0000   0.5391 11-[11, 1, 6]
1135   12    80.426502   59.122829   80.426502    4.448386    0.00000000   0.0000   0.3767 11-[13, 8, 5]
1136   12    83.618289   62.314616   83.618289    4.517631    0.00000000   0.0000   0.5991 11-[13, 5, 6]
1137   12    83.882137   62.578464   83.882137    4.523308    0.00000000   0.0000   0.5519 11-[13, 4, 5]
1138   12    87.513008   66.209334   87.513008    4.600715    0.00000000   0.0000   0.4421 11-[13, 7, 6]
1139   12    88.395624   67.091951   88.395624    4.619335    0.00000000   0.0000   0.5234 11-[13, 3, 6]
1140   12    89.211810   67.908137   89.211810    4.636488    0.00000000   0.0000   0.4341 11-[15, 8, 5]
1141   12    89.876753   68.573080   89.876753    4.650415    0.00000000   0.0000   0.3503 11-[17,10, 5]
1142   12    91.364822   70.061148   91.364822    4.681433    0.00000000   0.0000   0.3492 11-[17, 9, 6]
1143   12    93.796812   72.493139   93.796812    4.731688    0.00000000   0.0000   0.5353 11-[13, 2, 5]
1144   12    96.216572   74.912898   96.216572    4.781167    0.00000000   0.0000   0.4376 11-[15,10, 5]
1145   12    98.020959   76.717286   98.020959    4.817732    0.00000000   0.0000   0.6770 11-[13, 0, 5]
1146   12    99.133761   77.830088   99.133761    4.840144    0.00000000   0.0000   0.6027 11-[15, 7, 6]
1147   12   101.342566   80.038892  101.342566    4.884326    0.00000000   0.0000   0.6717 11-[15, 6, 5]
1148   12   103.544140   82.240466  103.544140    4.927970    0.00000000   0.0000   0.5862 11-[13, 1, 6]
1149   12   105.555904   84.252231  105.555904    4.967515    0.00000000   0.0000   0.4150 11-[17,11, 6]
1150   12   105.844643   84.540969  105.844643    4.973165    0.00000000   0.0000   0.4203 11-[15, 4, 5]
1151   12   107.175466   85.871792  107.175466    4.999124    0.00000000   0.0000   0.3589 11-[19,12, 5]
1152   12   109.191301   87.887628  109.191301    5.038189    0.00000000   0.0000   0.4274 11-[21,12, 5]
1153   12   110.097603   88.793929  110.097603    5.055654    0.00000000   0.0000   0.5009 11-[15, 5, 6]
1154   12   111.396678   90.093004  111.396678    5.080584    0.00000000   0.0000   0.5081 11-[19,13, 6]
1155   12   113.077563   91.773890  113.077563    5.112660    0.00000000   0.0000   0.3901 11-[19,14, 5]
1156   12   114.537407   93.233734  114.537407    5.140355    0.00000000   0.0000   0.5871 11-[15, 3, 6]
1157   12   116.812987   95.509313  116.812987    5.183231    0.00000000   0.0000   0.3180 11-[21,10, 5]
1158   12   118.833291   97.529618  118.833291    5.221003    0.00000000   0.0000   0.3691 11-[17, 8, 5]
1159   12   122.594798  101.291125  122.594798    5.290609    0.00000000   0.0000   0.5725 11-[17, 2, 5]
1160   12   127.676071  106.372398  127.676071    5.383208    0.00000000   0.0000   0.5066 11-[21,13, 6]
1161   12   129.396059  108.092386  129.396059    5.414194    0.00000000   0.0000   0.4211 11-[23,18, 5]
1162   12   130.403308  109.099635  130.403308    5.432258    0.00000000   0.0000   0.4342 11-[15, 0, 5]
1163   12   130.715251  109.411578  130.715251    5.437840    0.00000000   0.0000   0.4346 11-[15, 0, 5]
1164   12   132.033646  110.729973  132.033646    5.461369    0.00000000   0.0000   0.4190 11-[17, 7, 6]
1165   12   133.613996  112.310322  133.613996    5.489440    0.00000000   0.0000   0.5371 11-[19, 6, 5]
1166   12   136.497752  115.194079  136.497752    5.540297    0.00000000   0.0000   0.5570 11-[15, 1, 6]
1167   12   136.922726  115.619053  136.922726    5.547752    0.00000000   0.0000   0.4666 11-[23,16, 5]
1168   12   138.470814  117.167141  138.470814    5.574826    0.00000000   0.0000   0.3920 11-[17, 4, 5]
1169   12   141.692589  120.388915  141.692589    5.630752    0.00000000   0.0000   0.3954 11-[21,10, 5]
1170   12   142.152393  120.848720  142.152393    5.638688    0.00000000   0.0000   0.3757 11-[17, 5, 6]
1171   12   145.078615  123.774941  145.078615    5.688937    0.00000000   0.0000   0.3510 11-[21,15, 6]
1172   12   147.428176  126.124503  147.428176    5.728964    0.00000000   0.0000   0.3149 11-[21,15, 6]
1173   12   150.581800  129.278126  150.581800    5.782254    0.00000000   0.0000   0.6012 11-[17, 3, 6]
1174   13    18.926224   -2.377449   18.926224    2.797384    0.00000000   0.0000   0.9870 13+[ 6, 0, 6]
1175   13    34.536093   13.232419   34.536093    3.295713    0.00000000   0.0000   0.4571 13+[10, 0, 6]
1176   13    38.362438   17.058764   38.362438    3.406759    0.00000000   0.0000   0.6299 13+[ 8, 2, 6]
1177   13    40.199393   18.895719   40.199393    3.458804    0.00000000   0.0000   0.3840 13+[ 8, 1, 7]
1178   13    41.388099   20.084426   41.388099    3.492069    0.00000000   0.0000   0.5726 13+[ 8, 2, 6]
1179   13    45.016861   23.713188   45.016861    3.591713    0.00000000   0.0000   0.7570 13+[ 8, 0, 6]
1180   13    45.618970   24.315296   45.618970    3.607980    0.00000000   0.0000   0.3387 13+[12, 2, 6]
1181   13    46.530334   25.226660   46.530334    3.632464    0.00000000   0.0000   0.3375 13+[14, 5, 7]
1182   13    50.365084   29.061410   50.365084    3.733726    0.00000000   0.0000   0.7344 13+[ 8, 1, 7]
1183   13    52.336391   31.032717   52.336391    3.784728    0.00000000   0.0000   0.3393 13+[16,10, 6]
1184   13    53.578497   32.274823   53.578497    3.816513    0.00000000   0.0000   0.3354 13+[12, 3, 7]
1185   13    54.501153   33.197479   54.501153    3.839954    0.00000000   0.0000   0.6265 13+[10, 4, 6]
1186   13    59.655079   38.351405   59.655079    3.968345    0.00000000   0.0000   0.5691 13+[10, 2, 6]
1187   13    60.330642   39.026969   60.330642    3.984868    0.00000000   0.0000   0.5814 13+[10, 0, 6]
1188   13    61.090444   39.786771   61.090444    4.003369    0.00000000   0.0000   0.5153 13+[10, 3, 7]
1189   13    61.262333   39.958659   61.262333    4.007543    0.00000000   0.0000   0.3161 13+[10, 3, 7]
1190   13    62.176108   40.872434   62.176108    4.029658    0.00000000   0.0000   0.3557 13+[16, 3, 7]
1191   13    64.955951   43.652277   64.955951    4.096202    0.00000000   0.0000   0.6111 13+[12, 6, 6]
1192   13    65.650686   44.347013   65.650686    4.112664    0.00000000   0.0000   0.5378 13+[10, 1, 7]
1193   13    70.664738   49.361065   70.664738    4.229577    0.00000000   0.0000   0.3504 13+[12, 5, 7]
1194   13    71.121546   49.817873   71.121546    4.240068    0.00000000   0.0000   0.4347 13+[12, 5, 7]
1195   13    72.918893   51.615219   72.918893    4.281097    0.00000000   0.0000   0.4167 13+[14, 7, 7]
1196   13    73.419550   52.115877   73.419550    4.292455    0.00000000   0.0000   0.4897 13+[12, 4, 6]
1197   13    76.965701   55.662028   76.965701    4.372066    0.00000000   0.0000   0.5736 13+[12, 2, 6]
1198   13    80.528457   59.224784   80.528457    4.450615    0.00000000   0.0000   0.5236 13+[12, 3, 7]
1199   13    80.928605   59.624932   80.928605    4.459350    0.00000000   0.0000   0.3348 13+[12, 2, 6]
1200   13    81.281023   59.977350   81.281023    4.467030    0.00000000   0.0000   0.5177 13+[12, 0, 6]
1201   13    84.263426   62.959753   84.263426    4.531499    0.00000000   0.0000   0.3595 13+[12, 5, 7]
1202   13    84.939126   63.635452   84.939126    4.545978    0.00000000   0.0000   0.3423 13+[18, 8, 6]
1203   13    85.247583   63.943909   85.247583    4.552572    0.00000000   0.0000   0.4955 13+[14, 6, 6]
1204   13    85.824152   64.520478   85.824152    4.564873    0.00000000   0.0000   0.5024 13+[12, 1, 7]
1205   13    86.586498   65.282824   86.586498    4.581087    0.00000000   0.0000   0.3452 13+[20,13, 7]
1206   13    90.667104   69.363430   90.667104    4.666915    0.00000000   0.0000   0.4950 13+[16,10, 6]
1207   13    93.287080   71.983407   93.287080    4.721199    0.00000000   0.0000   0.4117 13+[14, 5, 7]
1208   13    97.717083   76.413410   97.717083    4.811593    0.00000000   0.0000   0.5346 13+[14, 4, 6]
1209   13    98.255214   76.951541   98.255214    4.822458    0.00000000   0.0000   0.3954 13+[20,11, 7]
1210   13   100.561080   79.257406  100.561080    4.868740    0.00000000   0.0000   0.5505 13+[14, 2, 6]
1211   13   101.855118   80.551445  101.855118    4.894522    0.00000000   0.0000   0.3708 13+[22,16, 6]
1212   13   103.329579   82.025905  103.329579    4.923733    0.00000000   0.0000   0.4931 13+[16, 8, 6]
1213   13   103.378969   82.075295  103.378969    4.924709    0.00000000   0.0000   0.4544 13+[22,15, 7]
1214   13   105.174538   83.870864  105.174538    4.960043    0.00000000   0.0000   0.5186 13+[14, 0, 6]
1215   13   105.744963   84.441290  105.744963    4.971215    0.00000000   0.0000   0.4423 13+[14, 0, 6]
1216   13   109.183877   87.880204  109.183877    5.038046    0.00000000   0.0000   0.4851 13+[18,12, 6]
1217   13   110.122295   88.818622  110.122295    5.056129    0.00000000   0.0000   0.5103 13+[16, 6, 6]
1218   13   111.546978   90.243304  111.546978    5.083460    0.00000000   0.0000   0.4620 13+[14, 1, 7]
1219   13   113.027877   91.724204  113.027877    5.111714    0.00000000   0.0000   0.3850 13+[14, 1, 7]
1220   13   115.457052   94.153379  115.457052    5.157726    0.00000000   0.0000   0.5217 13+[18,11, 7]
1221   13   122.501159  101.197485  122.501159    5.288887    0.00000000   0.0000   0.5193 13+[20,10, 6]
1222   13   125.097282  103.793609  125.097282    5.336414    0.00000000   0.0000   0.3709 13+[16, 5, 7]
1223   13   125.612066  104.308392  125.612066    5.345788    0.00000000   0.0000   0.4698 13+[22,16, 6]
1224   13   128.482698  107.179024  128.482698    5.397762    0.00000000   0.0000   0.4267 13+[18, 2, 6]
1225   13   130.280815  108.977141  130.280815    5.430064    0.00000000   0.0000   0.5138 13+[18, 4, 6]
1226   13   131.734832  110.431158  131.734832    5.456045    0.00000000   0.0000   0.2964 13+[18, 5, 7]
1227   13   132.037483  110.733809  132.037483    5.461437    0.00000000   0.0000   0.4719 13+[22,14, 6]
1228   13   133.485388  112.181714  133.485388    5.487161    0.00000000   0.0000   0.5501 13+[18, 8, 6]
1229   13   136.705882  115.402209  136.705882    5.543949    0.00000000   0.0000   0.3409 13+[20,13, 7]
1230   13   137.910780  116.607106  137.910780    5.565047    0.00000000   0.0000   0.4212 13+[16, 0, 6]
1231   13   139.147751  117.844077  139.147751    5.586623    0.00000000   0.0000   0.4837 13+[16, 0, 6]
1232   13   142.652438  121.348764  142.652438    5.647307    0.00000000   0.0000   0.5395 13+[18, 6, 6]
1233   13   145.421419  124.117745  145.421419    5.694794    0.00000000   0.0000   0.4260 13+[18, 7, 7]
1234   13   146.400920  125.097246  146.400920    5.711498    0.00000000   0.0000   0.3219 13+[20,13, 7]
1235   13   148.968193  127.664520  148.968193    5.755049    0.00000000   0.0000   0.3936 13+[16, 1, 7]
1236   14    29.504546    8.200873   29.504546    3.143725    0.00000000   0.0000   0.9375 13-[ 7, 1, 6]
1237   14    36.928273   15.624600   36.928273    3.365567    0.00000000   0.0000   0.5401 13-[ 7, 0, 7]
1238   14    37.743669   16.439996   37.743669    3.389048    0.00000000   0.0000   0.3340 13-[11, 1, 6]
1239   14    42.484056   21.180383   42.484056    3.522461    0.00000000   0.0000   0.3950 13-[ 7, 0, 7]
1240   14    42.964666   21.660993   42.964666    3.535706    0.00000000   0.0000   0.3676 13-[ 7, 0, 7]
1241   14    44.342616   23.038942   44.342616    3.573408    0.00000000   0.0000   0.4681 13-[ 7, 0, 7]
1242   14    48.137614   26.833940   48.137614    3.675246    0.00000000   0.0000   0.4128 13-[ 9, 3, 6]
1243   14    49.623728   28.320054   49.623728    3.714365    0.00000000   0.0000   0.5883 13-[ 9, 3, 6]
1244   14    50.387055   29.083382   50.387055    3.734299    0.00000000   0.0000   0.3475 13-[ 9, 3, 6]
1245   14    52.885244   31.581571   52.885244    3.798806    0.00000000   0.0000   0.6288 13-[ 9, 1, 6]
1246   14    56.084075   34.780401   56.084075    3.879839    0.00000000   0.0000   0.5462 13-[ 9, 2, 7]
1247   14    56.393905   35.090231   56.393905    3.887598    0.00000000   0.0000   0.3170 13-[17,11, 6]
1248   14    58.168250   36.864576   58.168250    3.931737    0.00000000   0.0000   0.3313 13-[15, 2, 7]
1249   14    59.636394   38.332720   59.636394    3.967887    0.00000000   0.0000   0.5676 13-[ 9, 0, 7]
1250   14    60.162269   38.858595   60.162269    3.980756    0.00000000   0.0000   0.5324 13-[11, 5, 6]
1251   14    65.368553   44.064879   65.368553    4.105987    0.00000000   0.0000   0.3981 13-[13, 7, 6]
1252   14    65.928691   44.625018   65.928691    4.119233    0.00000000   0.0000   0.3829 13-[11, 3, 6]
1253   14    66.203329   44.899656   66.203329    4.125713    0.00000000   0.0000   0.5072 13-[11, 4, 7]
1254   14    67.150891   45.847218   67.150891    4.147990    0.00000000   0.0000   0.4038 13-[19,12, 7]
1255   14    71.110876   49.807202   71.110876    4.239823    0.00000000   0.0000   0.4770 13-[13, 7, 6]
1256   14    72.833789   51.530115   72.833789    4.279163    0.00000000   0.0000   0.4767 13-[11, 1, 6]
1257   14    74.519443   53.215770   74.519443    4.317305    0.00000000   0.0000   0.4688 13-[11, 2, 7]
1258   14    76.378909   55.075236   76.378909    4.358993    0.00000000   0.0000   0.4203 13-[21,15, 6]
1259   14    76.683353   55.379679   76.683353    4.365780    0.00000000   0.0000   0.3596 13-[13, 6, 7]
1260   14    78.037176   56.733503   78.037176    4.395836    0.00000000   0.0000   0.3416 13-[11, 0, 7]
1261   14    78.869581   57.565907   78.869581    4.414215    0.00000000   0.0000   0.5032 13-[11, 0, 7]
1262   14    80.196051   58.892378   80.196051    4.443345    0.00000000   0.0000   0.6432 13-[13, 5, 6]
1263   14    83.289144   61.985471   83.289144    4.510540    0.00000000   0.0000   0.4498 13-[13, 3, 6]
1264   14    86.232529   64.928855   86.232529    4.573566    0.00000000   0.0000   0.4641 13-[13, 4, 7]
1265   14    86.727722   65.424049   86.727722    4.584084    0.00000000   0.0000   0.3476 13-[15, 9, 6]
1266   14    89.703605   68.399932   89.703605    4.646793    0.00000000   0.0000   0.4128 13-[15, 8, 7]
1267   14    90.790642   69.486969   90.790642    4.669489    0.00000000   0.0000   0.3184 13-[17,11, 6]
1268   14    92.078352   70.774678   92.078352    4.696233    0.00000000   0.0000   0.3844 13-[17, 8, 7]
1269   14    94.422598   73.118925   94.422598    4.744534    0.00000000   0.0000   0.6700 13-[13, 1, 6]
1270   14    96.557928   75.254255   96.557928    4.788106    0.00000000   0.0000   0.6697 13-[15, 7, 6]
1271   14    99.164487   77.860814   99.164487    4.840762    0.00000000   0.0000   0.5698 13-[13, 2, 7]
1272   14   101.789476   80.485802  101.789476    4.893217    0.00000000   0.0000   0.4180 13-[15, 6, 7]
1273   14   103.137921   81.834248  103.137921    4.919946    0.00000000   0.0000   0.4121 13-[15, 6, 7]
1274   14   103.806364   82.502690  103.806364    4.933142    0.00000000   0.0000   0.4819 13-[15, 5, 6]
1275   14   104.349750   83.046077  104.349750    4.943844    0.00000000   0.0000   0.4857 13-[13, 0, 7]
1276   14   108.421127   87.117453  108.421127    5.023299    0.00000000   0.0000   0.3939 13-[17,10, 7]
1277   14   108.498842   87.195168  108.498842    5.024804    0.00000000   0.0000   0.5274 13-[15, 3, 6]
1278   14   110.999458   89.695785  110.999458    5.072974    0.00000000   0.0000   0.3627 13-[15, 3, 6]
1279   14   111.706726   90.403052  111.706726    5.086515    0.00000000   0.0000   0.3503 13-[21,11, 6]
1280   14   111.982579   90.678906  111.982579    5.091787    0.00000000   0.0000   0.4206 13-[21,12, 7]
1281   14   112.597752   91.294078  112.597752    5.103524    0.00000000   0.0000   0.5813 13-[15, 4, 7]
1282   14   118.395448   97.091774  118.395448    5.212840    0.00000000   0.0000   0.4570 13-[21,10, 7]
1283   14   123.172461  101.868788  123.172461    5.301217    0.00000000   0.0000   0.5196 13-[17, 1, 6]
1284   14   125.632242  104.328569  125.632242    5.346155    0.00000000   0.0000   0.4533 13-[21,13, 6]
1285   14   127.094820  105.791147  127.094820    5.372697    0.00000000   0.0000   0.6047 13-[19, 7, 6]
1286   14   129.893626  108.589952  129.893626    5.423125    0.00000000   0.0000   0.4579 13-[21,12, 7]
1287   14   131.442044  110.138371  131.442044    5.450823    0.00000000   0.0000   0.4431 13-[17, 2, 7]
1288   14   132.175704  110.872030  132.175704    5.463898    0.00000000   0.0000   0.4928 13-[21,11, 6]
1289   14   132.768129  111.464455  132.768129    5.474433    0.00000000   0.0000   0.5345 13-[21,15, 6]
1290   14   136.329254  115.025580  136.329254    5.537338    0.00000000   0.0000   0.4524 13-[15, 0, 7]
1291   14   137.038218  115.734544  137.038218    5.549776    0.00000000   0.0000   0.3783 13-[15, 0, 7]
1292   14   138.771264  117.467590  138.771264    5.580065    0.00000000   0.0000   0.3877 13-[19, 5, 6]
1293   14   142.568051  121.264378  142.568051    5.645853    0.00000000   0.0000   0.4065 13-[19, 4, 7]
1294   14   145.185556  123.881882  145.185556    5.690765    0.00000000   0.0000   0.4208 13-[17, 3, 6]
1295   14   145.521820  124.218147  145.521820    5.696509    0.00000000   0.0000   0.5112 13-[21,14, 7]
1296   14   148.090610  126.786936  148.090610    5.740199    0.00000000   0.0000   0.3886 13-[17, 4, 7]
1297   15    38.736922   17.433248   38.736922    3.417433    0.00000000   0.0000   0.7946 15+[ 8, 1, 7]
1298   15    40.990117   19.686443   40.990117    3.480967    0.00000000   0.0000   0.4599 15+[12, 0, 8]
1299   15    42.474136   21.170463   42.474136    3.522187    0.00000000   0.0000   0.5112 15+[ 8, 1, 7]
1300   15    46.759685   25.456012   46.759685    3.638599    0.00000000   0.0000   0.3314 15+[14, 5, 7]
1301   15    47.826047   26.522374   47.826047    3.666992    0.00000000   0.0000   0.3991 15+[14, 2, 8]
1302   15    50.878687   29.575013   50.878687    3.747081    0.00000000   0.0000   0.7742 15+[ 8, 0, 8]
1303   15    53.429189   32.125516   53.429189    3.812706    0.00000000   0.0000   0.3315 15+[12, 3, 7]
1304   15    54.719316   33.415642   54.719316    3.845475    0.00000000   0.0000   0.3680 15+[16, 6, 8]
1305   15    57.431901   36.128228   57.431901    3.913480    0.00000000   0.0000   0.5468 15+[10, 1, 7]
1306   15    60.470457   39.166783   60.470457    3.988279    0.00000000   0.0000   0.5301 15+[10, 1, 7]
1307   15    62.151990   40.848316   62.151990    4.029076    0.00000000   0.0000   0.3692 15+[18,11, 7]
1308   15    63.623573   42.319899   63.623573    4.064443    0.00000000   0.0000   0.6563 15+[10, 2, 8]
1309   15    64.695258   43.391585   64.695258    4.090007    0.00000000   0.0000   0.3933 15+[16, 8, 8]
1310   15    66.222947   44.919274   66.222947    4.126175    0.00000000   0.0000   0.5702 15+[10, 0, 8]
1311   15    67.324873   46.021199   67.324873    4.152067    0.00000000   0.0000   0.6741 15+[12, 5, 7]
1312   15    72.555674   51.252000   72.555674    4.272837    0.00000000   0.0000   0.5663 15+[12, 4, 8]
1313   15    72.822565   51.518891   72.822565    4.278908    0.00000000   0.0000   0.4141 15+[14, 7, 7]
1314   15    76.092278   54.788604   76.092278    4.352593    0.00000000   0.0000   0.4014 15+[18,10, 8]
1315   15    76.815172   55.511498   76.815172    4.368716    0.00000000   0.0000   0.6451 15+[12, 3, 7]
1316   15    78.267483   56.963810   78.267483    4.400929    0.00000000   0.0000   0.6599 15+[12, 1, 7]
1317   15    82.350680   61.047007   82.350680    4.490258    0.00000000   0.0000   0.5210 15+[14, 7, 7]
1318   15    83.095403   61.791729   83.095403    4.506360    0.00000000   0.0000   0.5896 15+[12, 2, 8]
1319   15    85.776048   64.472374   85.776048    4.563848    0.00000000   0.0000   0.3484 15+[20,13, 7]
1320   15    86.702441   65.398767   86.702441    4.583547    0.00000000   0.0000   0.5160 15+[10, 0, 8]
1321   15    87.019269   65.715596   87.019269    4.590265    0.00000000   0.0000   0.4390 15+[18, 8, 8]
1322   15    87.183688   65.880015   87.183688    4.593748    0.00000000   0.0000   0.4312 15+[14, 6, 8]
1323   15    90.073040   68.769367   90.073040    4.654519    0.00000000   0.0000   0.4704 15+[16, 9, 7]
1324   15    95.521842   74.218169   95.521842    4.767014    0.00000000   0.0000   0.3456 15+[16, 9, 7]
1325   15    96.699168   75.395495   96.699168    4.790974    0.00000000   0.0000   0.4797 15+[14, 4, 8]
1326   15    99.962491   78.658818   99.962491    4.856768    0.00000000   0.0000   0.5996 15+[14, 3, 7]
1327   15   101.587641   80.283967  101.587641    4.889204    0.00000000   0.0000   0.6429 15+[14, 1, 7]
1328   15   103.163120   81.859447  103.163120    4.920444    0.00000000   0.0000   0.3910 15+[22,15, 7]
1329   15   103.472406   82.168733  103.472406    4.926554    0.00000000   0.0000   0.3177 15+[14, 4, 8]
1330   15   104.331209   83.027536  104.331209    4.943479    0.00000000   0.0000   0.5696 15+[16, 7, 7]
1331   15   106.537719   85.234045  106.537719    4.986701    0.00000000   0.0000   0.5759 15+[20,10, 8]
1332   15   108.884766   87.581093  108.884766    5.032268    0.00000000   0.0000   0.6167 15+[14, 2, 8]
1333   15   111.652422   90.348749  111.652422    5.085477    0.00000000   0.0000   0.5628 15+[18,11, 7]
1334   15   112.818357   91.514684  112.818357    5.107726    0.00000000   0.0000   0.5930 15+[14, 0, 8]
1335   15   114.466354   93.162681  114.466354    5.139011    0.00000000   0.0000   0.5118 15+[16, 6, 8]
1336   15   121.946596  100.642923  121.946596    5.278679    0.00000000   0.0000   0.4551 15+[20,10, 8]
1337   15   122.437589  101.133915  122.437589    5.287718    0.00000000   0.0000   0.4471 15+[18, 5, 7]
1338   15   124.868837  103.565164  124.868837    5.332249    0.00000000   0.0000   0.4467 15+[20, 9, 7]
1339   15   126.916262  105.612589  126.916262    5.369463    0.00000000   0.0000   0.4885 15+[22,15, 7]
1340   15   130.932283  109.628610  130.932283    5.441720    0.00000000   0.0000   0.4536 15+[20,11, 7]
1341   15   131.606848  110.303174  131.606848    5.453763    0.00000000   0.0000   0.4243 15+[18, 4, 8]
1342   15   133.180082  111.876409  133.180082    5.481747    0.00000000   0.0000   0.5103 15+[16, 1, 7]
1343   15   133.759839  112.456166  133.759839    5.492023    0.00000000   0.0000   0.3679 15+[22,13, 7]
1344   15   135.434229  114.130555  135.434229    5.521595    0.00000000   0.0000   0.5143 15+[18, 7, 7]
1345   15   138.398648  117.094974  138.398648    5.573566    0.00000000   0.0000   0.4069 15+[20,12, 8]
1346   15   141.746905  120.443231  141.746905    5.631690    0.00000000   0.0000   0.4852 15+[16, 2, 8]
1347   15   143.223465  121.919792  143.223465    5.657132    0.00000000   0.0000   0.3141 15+[18, 8, 8]
1348   15   146.940825  125.637152  146.940825    5.720685    0.00000000   0.0000   0.4507 15+[16, 0, 8]
1349   15   148.727086  127.423413  148.727086    5.750973    0.00000000   0.0000   0.4374 15+[18, 6, 8]
1350   16    29.529977    8.226303   29.529977    3.144512    0.00000000   0.0000   0.9820 15-[ 7, 0, 7]
1351   16    39.114533   17.810859   39.114533    3.428163    0.00000000   0.0000   0.5001 15-[11, 0, 7]
1352   16    43.564390   22.260716   43.564390    3.552164    0.00000000   0.0000   0.3384 15-[ 9, 2, 7]
1353   16    44.949631   23.645957   44.949631    3.589892    0.00000000   0.0000   0.4492 15-[13, 1, 8]
1354   16    49.218445   27.914772   49.218445    3.703738    0.00000000   0.0000   0.6102 15-[ 9, 2, 7]
1355   16    51.430055   30.126381   51.430055    3.761365    0.00000000   0.0000   0.3074 15-[15, 5, 8]
1356   16    52.356560   31.052887   52.356560    3.785246    0.00000000   0.0000   0.5517 15-[ 9, 2, 7]
1357   16    53.947756   32.644083   53.947756    3.825912    0.00000000   0.0000   0.7828 15-[ 9, 0, 7]
1358   16    57.657446   36.353773   57.657446    3.919081    0.00000000   0.0000   0.3108 15-[17,10, 7]
1359   16    58.588530   37.284856   58.588530    3.942119    0.00000000   0.0000   0.5164 15-[ 9, 1, 8]
1360   16    60.281370   38.977696   60.281370    3.983665    0.00000000   0.0000   0.3945 15-[ 9, 1, 8]
1361   16    62.020711   40.717037   62.020711    4.025906    0.00000000   0.0000   0.6632 15-[11, 4, 7]
1362   16    66.795117   45.491443   66.795117    4.139640    0.00000000   0.0000   0.4002 15-[19,12, 7]
1363   16    67.930741   46.627068   67.930741    4.166235    0.00000000   0.0000   0.6586 15-[11, 3, 8]
1364   16    68.885570   47.581897   68.885570    4.188465    0.00000000   0.0000   0.4182 15-[17, 9, 8]
1365   16    71.155395   49.851721   71.155395    4.240844    0.00000000   0.0000   0.6274 15-[11, 2, 7]
1366   16    72.766970   51.463297   72.766970    4.277644    0.00000000   0.0000   0.7302 15-[11, 0, 7]
1367   16    74.359268   53.055594   74.359268    4.313695    0.00000000   0.0000   0.6092 15-[13, 6, 7]
1368   16    77.171119   55.867445   77.171119    4.376633    0.00000000   0.0000   0.5265 15-[11, 1, 8]
1369   16    77.821620   56.517947   77.821620    4.391064    0.00000000   0.0000   0.3718 15-[21,14, 7]
1370   16    80.671625   59.367952   80.671625    4.453742    0.00000000   0.0000   0.4881 15-[13, 5, 8]
1371   16    81.545320   60.241646   81.545320    4.472781    0.00000000   0.0000   0.6137 15-[13, 4, 7]
1372   16    82.768601   61.464927   82.768601    4.499301    0.00000000   0.0000   0.4829 15-[17, 7, 8]
1373   16    86.540180   65.236507   86.540180    4.580103    0.00000000   0.0000   0.5048 15-[15, 8, 7]
1374   16    88.321220   67.017546   88.321220    4.617768    0.00000000   0.0000   0.5162 15-[13, 3, 8]
1375   16    91.441420   70.137746   91.441420    4.683024    0.00000000   0.0000   0.4499 15-[17,10, 7]
1376   16    93.315635   72.011961   93.315635    4.721788    0.00000000   0.0000   0.6387 15-[13, 2, 7]
1377   16    94.999725   73.696052   94.999725    4.756350    0.00000000   0.0000   0.5741 15-[15, 7, 8]
1378   16    95.834740   74.531066   95.834740    4.773393    0.00000000   0.0000   0.7186 15-[13, 0, 7]
1379   16    98.594769   77.291096   98.594769    4.829302    0.00000000   0.0000   0.6910 15-[15, 6, 7]
1380   16   100.033311   78.729638  100.033311    4.858186    0.00000000   0.0000   0.5240 15-[21,13, 8]
1381   16   103.181899   81.878226  103.181899    4.920815    0.00000000   0.0000   0.6062 15-[13, 1, 8]
1382   16   104.106215   82.802541  104.106215    4.939050    0.00000000   0.0000   0.4442 15-[17,10, 7]
1383   16   105.865753   84.562080  105.865753    4.973578    0.00000000   0.0000   0.5847 15-[15, 4, 7]
1384   16   107.397818   86.094144  107.397818    5.003448    0.00000000   0.0000   0.6024 15-[15, 5, 8]
1385   16   110.712612   89.408939  110.712612    5.067472    0.00000000   0.0000   0.4103 15-[19,12, 7]
1386   16   111.327777   90.024103  111.327777    5.079264    0.00000000   0.0000   0.4359 15-[17, 9, 8]
1387   16   113.927651   92.623977  113.927651    5.128805    0.00000000   0.0000   0.5387 15-[15, 3, 8]
1388   16   114.932275   93.628602  114.932275    5.147821    0.00000000   0.0000   0.3706 15-[17, 8, 7]
1389   16   120.107749   98.804076  120.107749    5.244690    0.00000000   0.0000   0.6115 15-[17, 2, 7]
1390   16   123.510365  102.206692  123.510365    5.307413    0.00000000   0.0000   0.6224 15-[21,13, 8]
1391   16   127.237471  105.933797  127.237471    5.375278    0.00000000   0.0000   0.4926 15-[21,12, 7]
1392   16   127.887126  106.583452  127.887126    5.387020    0.00000000   0.0000   0.6162 15-[17, 0, 7]
1393   16   129.100394  107.796720  129.100394    5.408880    0.00000000   0.0000   0.4266 15-[17, 7, 8]
1394   16   129.783855  108.480181  129.783855    5.421156    0.00000000   0.0000   0.5239 15-[19, 6, 7]
1395   16   132.519980  111.216307  132.519980    5.470023    0.00000000   0.0000   0.4704 15-[23,16, 7]
1396   16   136.094908  114.791235  136.094908    5.533220    0.00000000   0.0000   0.5649 15-[15, 1, 8]
1397   16   136.273030  114.969356  136.273030    5.536350    0.00000000   0.0000   0.3778 15-[17, 4, 7]
1398   16   139.798442  118.494768  139.798442    5.597939    0.00000000   0.0000   0.4392 15-[19, 4, 7]
1399   16   142.940793  121.637120  142.940793    5.652271    0.00000000   0.0000   0.4157 15-[21,11, 8]
1400   16   143.644115  122.340441  143.644115    5.664360    0.00000000   0.0000   0.4838 15-[17, 5, 8]
1401   16   148.512823  127.209150  148.512823    5.747348    0.00000000   0.0000   0.6214 15-[17, 3, 8]
1402   17    38.908239   17.604566   38.908239    3.422306    0.00000000   0.0000   0.8543 17+[ 8, 0, 8]
1403   17    43.182109   21.878435   43.182109    3.541682    0.00000000   0.0000   0.4933 17+[ 8, 0, 8]
1404   17    47.879355   26.575682   47.879355    3.668406    0.00000000   0.0000   0.3836 17+[14, 2, 8]
1405   17    49.245564   27.941891   49.245564    3.704450    0.00000000   0.0000   0.5124 17+[14, 1, 9]
1406   17    54.563432   33.259758   54.563432    3.841531    0.00000000   0.0000   0.3685 17+[16, 6, 8]
1407   17    57.228889   35.925215   57.228889    3.908431    0.00000000   0.0000   0.4020 17+[14, 3, 9]
1408   17    58.868618   37.564945   58.868618    3.949023    0.00000000   0.0000   0.6604 17+[10, 0, 8]
1409   17    60.758585   39.454911   60.758585    3.995299    0.00000000   0.0000   0.6683 17+[10, 2, 8]
1410   17    64.593405   43.289732   64.593405    4.087585    0.00000000   0.0000   0.3708 17+[16, 8, 8]
1411   17    65.512402   44.208729   65.512402    4.109393    0.00000000   0.0000   0.7025 17+[10, 1, 9]
1412   17    65.713502   44.409829   65.713502    4.114149    0.00000000   0.0000   0.3757 17+[16, 3, 9]
1413   17    69.783295   48.479622   69.783295    4.209259    0.00000000   0.0000   0.6627 17+[12, 4, 8]
1414   17    75.637240   54.333567   75.637240    4.342413    0.00000000   0.0000   0.4117 17+[18,10, 8]
1415   17    77.486900   56.183226   77.486900    4.383644    0.00000000   0.0000   0.5488 17+[12, 2, 8]
1416   17    77.731133   56.427460   77.731133    4.389060    0.00000000   0.0000   0.4534 17+[18, 9, 9]
1417   17    78.408112   57.104438   78.408112    4.404035    0.00000000   0.0000   0.6587 17+[12, 3, 9]
1418   17    79.555890   58.252216   79.555890    4.429310    0.00000000   0.0000   0.7033 17+[12, 0, 8]
1419   17    84.049895   62.746222   84.049895    4.526913    0.00000000   0.0000   0.6498 17+[14, 6, 8]
1420   17    84.559072   63.255398   84.559072    4.537840    0.00000000   0.0000   0.6063 17+[12, 1, 9]
1421   17    86.740376   65.436702   86.740376    4.584352    0.00000000   0.0000   0.4550 17+[20,12, 8]
1422   17    88.281782   66.978108   88.281782    4.616938    0.00000000   0.0000   0.5096 17+[14, 5, 9]
1423   17    91.680256   70.376582   91.680256    4.687982    0.00000000   0.0000   0.4527 17+[16, 7, 9]
1424   17    93.777940   72.474267   93.777940    4.731301    0.00000000   0.0000   0.5664 17+[14, 4, 8]
1425   17    98.410536   77.106863   98.410536    4.825590    0.00000000   0.0000   0.6000 17+[14, 2, 8]
1426   17   102.491046   81.187373  102.491046    4.907142    0.00000000   0.0000   0.4621 17+[14, 3, 9]
1427   17   102.848856   81.545182  102.848856    4.914229    0.00000000   0.0000   0.3621 17+[16, 6, 8]
1428   17   103.238072   81.934398  103.238072    4.921926    0.00000000   0.0000   0.5965 17+[14, 0, 8]
1429   17   104.787059   83.483385  104.787059    4.952439    0.00000000   0.0000   0.3612 17+[18,10, 8]
1430   17   105.951923   84.648250  105.951923    4.975263    0.00000000   0.0000   0.3714 17+[22,13, 9]
1431   17   107.457007   86.153333  107.457007    5.004598    0.00000000   0.0000   0.3822 17+[16, 6, 8]
1432   17   108.475041   87.171368  108.475041    5.024343    0.00000000   0.0000   0.4777 17+[16, 7, 9]
1433   17   111.531626   90.227953  111.531626    5.083166    0.00000000   0.0000   0.6316 17+[14, 1, 9]
1434   17   119.676672   98.372999  119.676672    5.236690    0.00000000   0.0000   0.5305 17+[20,10, 8]
1435   17   121.422642  100.118968  121.422642    5.269017    0.00000000   0.0000   0.4345 17+[20, 7, 9]
1436   17   126.162894  104.859221  126.162894    5.355800    0.00000000   0.0000   0.5158 17+[18, 2, 8]
1437   17   126.457202  105.153529  126.457202    5.361142    0.00000000   0.0000   0.4922 17+[18, 4, 8]
1438   17   126.886519  105.582846  126.886519    5.368924    0.00000000   0.0000   0.5097 17+[22,14, 8]
1439   17   129.847315  108.543642  129.847315    5.422294    0.00000000   0.0000   0.4213 17+[20, 9, 9]
1440   17   132.918395  111.614721  132.918395    5.477102    0.00000000   0.0000   0.4043 17+[18, 8, 8]
1441   17   135.269858  113.966184  135.269858    5.518699    0.00000000   0.0000   0.6385 17+[16, 0, 8]
1442   17   136.495003  115.191330  136.495003    5.540248    0.00000000   0.0000   0.4453 17+[20, 6, 8]
1443   17   138.966907  117.663233  138.966907    5.583474    0.00000000   0.0000   0.5192 17+[20,11, 9]
1444   17   141.733401  120.429727  141.733401    5.631457    0.00000000   0.0000   0.4570 17+[18, 6, 8]
1445   17   143.600029  122.296355  143.600029    5.663603    0.00000000   0.0000   0.4811 17+[18, 7, 9]
1446   17   147.512847  126.209173  147.512847    5.730401    0.00000000   0.0000   0.5538 17+[16, 1, 9]
1447   18    44.619424   23.315751   44.619424    3.580934    0.00000000   0.0000   0.4683 17-[ 9, 1, 8]
1448   18    46.532103   25.228430   46.532103    3.632511    0.00000000   0.0000   0.5246 17-[13, 0, 9]
1449   18    50.239187   28.935514   50.239187    3.730446    0.00000000   0.0000   0.6488 17-[ 9, 1, 8]
1450   18    53.173745   31.870071   53.173745    3.806185    0.00000000   0.0000   0.4906 17-[ 9, 1, 8]
1451   18    53.563242   32.259568   53.563242    3.816124    0.00000000   0.0000   0.4176 17-[13, 2, 9]
1452   18    59.594318   38.290645   59.594318    3.966856    0.00000000   0.0000   0.3484 17-[15, 7, 8]
1453   18    60.508294   39.204621   60.508294    3.989202    0.00000000   0.0000   0.7453 17-[ 9, 0, 9]
1454   18    61.997458   40.693785   61.997458    4.025344    0.00000000   0.0000   0.3606 17-[17, 6, 9]
1455   18    64.374702   43.071029   64.374702    4.082378    0.00000000   0.0000   0.7233 17-[11, 3, 8]
1456   18    68.652013   47.348340   68.652013    4.183039    0.00000000   0.0000   0.4102 17-[17, 9, 8]
1457   18    70.067570   48.763896   70.067570    4.215823    0.00000000   0.0000   0.4079 17-[17, 4, 9]
1458   18    71.840886   50.537213   71.840886    4.256536    0.00000000   0.0000   0.6787 17-[11, 1, 8]
1459   18    73.608750   52.305077   73.608750    4.296740    0.00000000   0.0000   0.6263 17-[11, 2, 9]
1460   18    77.823840   56.520167   77.823840    4.391114    0.00000000   0.0000   0.7110 17-[13, 5, 8]
1461   18    78.682873   57.379199   78.682873    4.410099    0.00000000   0.0000   0.6606 17-[11, 0, 9]
1462   18    81.476776   60.173103   81.476776    4.471290    0.00000000   0.0000   0.4595 17-[15, 7, 8]
1463   18    82.594697   61.291024   82.594697    4.495541    0.00000000   0.0000   0.4210 17-[19,10, 9]
1464   18    83.801190   62.497516   83.801190    4.521567    0.00000000   0.0000   0.4589 17-[13, 3, 8]
1465   18    84.297015   62.993342   84.297015    4.532220    0.00000000   0.0000   0.5348 17-[13, 4, 9]
1466   18    91.762401   70.458727   91.762401    4.689686    0.00000000   0.0000   0.5558 17-[13, 1, 8]
1467   18    94.432764   73.129090   94.432764    4.744742    0.00000000   0.0000   0.4947 17-[15, 7, 8]
1468   18    95.967481   74.663807   95.967481    4.776097    0.00000000   0.0000   0.4382 17-[13, 2, 9]
1469   18    98.968749   77.665076   98.968749    4.836827    0.00000000   0.0000   0.4404 17-[13, 2, 9]
1470   18    99.592243   78.288569   99.592243    4.849348    0.00000000   0.0000   0.4789 17-[21,13, 8]
1471   18   101.013863   79.710189  101.013863    4.877777    0.00000000   0.0000   0.5400 17-[15, 5, 8]
1472   18   101.524007   80.220334  101.524007    4.887938    0.00000000   0.0000   0.5375 17-[19, 8, 9]
1473   18   105.186874   83.883200  105.186874    4.960285    0.00000000   0.0000   0.6597 17-[13, 0, 9]
1474   18   106.902756   85.599082  106.902756    4.993815    0.00000000   0.0000   0.5057 17-[15, 3, 8]
1475   18   109.041864   87.738190  109.041864    5.035303    0.00000000   0.0000   0.4085 17-[15, 3, 8]
1476   18   110.144764   88.841090  110.144764    5.056561    0.00000000   0.0000   0.5758 17-[15, 4, 9]
1477   18   112.909750   91.606077  112.909750    5.109466    0.00000000   0.0000   0.5801 17-[17, 8, 9]
1478   18   120.840160   99.536486  120.840160    5.258254    0.00000000   0.0000   0.6368 17-[17, 1, 8]
1479   18   121.828520  100.524846  121.828520    5.276503    0.00000000   0.0000   0.5885 17-[21,13, 8]
1480   18   123.686645  102.382972  123.686645    5.310642    0.00000000   0.0000   0.4517 17-[19, 9, 8]
1481   18   124.919399  103.615726  124.919399    5.333171    0.00000000   0.0000   0.5776 17-[21,12, 9]
1482   18   128.378236  107.074563  128.378236    5.395879    0.00000000   0.0000   0.3342 17-[21,11, 8]
1483   18   129.717056  108.413382  129.717056    5.419957    0.00000000   0.0000   0.4263 17-[21,11, 8]
1484   18   133.343258  112.039584  133.343258    5.484641    0.00000000   0.0000   0.3991 17-[19, 5, 8]
1485   18   135.077071  113.773398  135.077071    5.515301    0.00000000   0.0000   0.4092 17-[19, 6, 9]
1486   18   136.748129  115.444455  136.748129    5.544690    0.00000000   0.0000   0.5853 17-[15, 0, 9]
1487   18   141.115567  119.811893  141.115567    5.620776    0.00000000   0.0000   0.5681 17-[17, 3, 8]
1488   18   143.209669  121.905995  143.209669    5.656895    0.00000000   0.0000   0.4715 17-[21,10, 9]
1489   18   145.482581  124.178907  145.482581    5.695839    0.00000000   0.0000   0.5844 17-[17, 4, 9]
1490   19    49.117298   27.813624   49.117298    3.701081    0.00000000   0.0000   0.5078 19+[14, 1, 9]
1491   19    50.066626   28.762953   50.066626    3.725944    0.00000000   0.0000   0.5496 19+[14, 0,10]
1492   19    57.037849   35.734175   57.037849    3.903674    0.00000000   0.0000   0.3991 19+[14, 3, 9]
1493   19    58.669970   37.366297   58.669970    3.944128    0.00000000   0.0000   0.5042 19+[14, 2,10]
1494   19    60.811154   39.507481   60.811154    3.996579    0.00000000   0.0000   0.8442 19+[10, 1, 9]
1495   19    65.567109   44.263435   65.567109    4.110687    0.00000000   0.0000   0.3841 19+[16, 7, 9]
1496   19    66.535964   45.232290   66.535964    4.133547    0.00000000   0.0000   0.7683 19+[10, 0,10]
1497   19    66.916424   45.612750   66.916424    4.142489    0.00000000   0.0000   0.4109 19+[18, 6,10]
1498   19    74.313485   53.009812   74.313485    4.312663    0.00000000   0.0000   0.5864 19+[12, 3, 9]
1499   19    77.617051   56.313378   77.617051    4.386531    0.00000000   0.0000   0.4836 19+[18, 9, 9]
1500   19    78.840656   57.536982   78.840656    4.413577    0.00000000   0.0000   0.5701 19+[12, 1, 9]
1501   19    79.608680   58.305007   79.608680    4.430469    0.00000000   0.0000   0.3836 19+[18, 8,10]
1502   19    80.765620   59.461947   80.765620    4.455794    0.00000000   0.0000   0.6664 19+[12, 2,10]
1503   19    85.598380   64.294706   85.598380    4.560060    0.00000000   0.0000   0.6230 19+[12, 0,10]
1504   19    86.328329   65.024656   86.328329    4.575602    0.00000000   0.0000   0.6490 19+[14, 5, 9]
1505   19    90.787744   69.484071   90.787744    4.669429    0.00000000   0.0000   0.4904 19+[14, 4,10]
1506   19    91.325625   70.021951   91.325625    4.680619    0.00000000   0.0000   0.3868 19+[20,11, 9]
1507   19    96.338438   75.034764   96.338438    4.783645    0.00000000   0.0000   0.3807 19+[18, 8,10]
1508   19    96.988940   75.685267   96.988940    4.796853    0.00000000   0.0000   0.6049 19+[14, 3, 9]
1509   19    99.580144   78.276470   99.580144    4.849106    0.00000000   0.0000   0.6622 19+[14, 1, 9]
1510   19   104.405648   83.101974  104.405648    4.944943    0.00000000   0.0000   0.4096 19+[16, 7, 9]
1511   19   106.046464   84.742791  106.046464    4.977110    0.00000000   0.0000   0.5211 19+[14, 2,10]
1512   19   106.312423   85.008749  106.312423    4.982305    0.00000000   0.0000   0.4517 19+[14, 2,10]
1513   19   109.076821   87.773147  109.076821    5.035979    0.00000000   0.0000   0.6370 19+[16, 6,10]
1514   19   113.278148   91.974475  113.278148    5.116474    0.00000000   0.0000   0.6592 19+[14, 0,10]
1515   19   115.914542   94.610869  115.914542    5.166346    0.00000000   0.0000   0.6891 19+[20,10,10]
1516   19   117.356773   96.053099  117.356773    5.193425    0.00000000   0.0000   0.5741 19+[18, 5, 9]
1517   19   122.691641  101.387967  122.691641    5.292389    0.00000000   0.0000   0.4445 19+[20, 9, 9]
1518   19   126.126134  104.822460  126.126134    5.355132    0.00000000   0.0000   0.4115 19+[18, 4,10]
1519   19   128.504041  107.200368  128.504041    5.398146    0.00000000   0.0000   0.5141 19+[18, 1, 9]
1520   19   129.329847  108.026173  129.329847    5.413004    0.00000000   0.0000   0.3338 19+[18, 7, 9]
1521   19   130.402025  109.098351  130.402025    5.432235    0.00000000   0.0000   0.4969 19+[22,13, 9]
1522   19   132.482234  111.178560  132.482234    5.469351    0.00000000   0.0000   0.3590 19+[18, 8,10]
1523   19   136.108197  114.804523  136.108197    5.533454    0.00000000   0.0000   0.4094 19+[20,11, 9]
1524   19   141.905393  120.601720  141.905393    5.634426    0.00000000   0.0000   0.6008 19+[16, 2,10]
1525   19   145.470724  124.167051  145.470724    5.695636    0.00000000   0.0000   0.4890 19+[18, 6,10]
1526   19   147.910335  126.606661  147.910335    5.737144    0.00000000   0.0000   0.5516 19+[16, 0,10]
1527   20    45.848691   24.545017   45.848691    3.614167    0.00000000   0.0000   0.5950 19-[ 9, 0, 9]
1528   20    52.052848   30.749174   52.052848    3.777434    0.00000000   0.0000   0.7125 19-[ 9, 0, 9]
1529   20    53.856625   32.552952   53.856625    3.823594    0.00000000   0.0000   0.3685 19-[13, 2, 9]
1530   20    55.203983   33.900310   55.203983    3.857714    0.00000000   0.0000   0.5121 19-[13, 1,10]
1531   20    61.732403   40.428729   61.732403    4.018935    0.00000000   0.0000   0.3558 19-[17, 6, 9]
1532   20    62.903907   41.600234   62.903907    4.047186    0.00000000   0.0000   0.4174 19-[15, 3,10]
1533   20    68.760834   47.457160   68.760834    4.185568    0.00000000   0.0000   0.5739 19-[11, 2, 9]
1534   20    70.836000   49.532326   70.836000    4.233513    0.00000000   0.0000   0.6330 19-[11, 0, 9]
1535   20    72.504506   51.200833   72.504506    4.271672    0.00000000   0.0000   0.4903 19-[11, 2, 9]
1536   20    73.314145   52.010471   73.314145    4.290067    0.00000000   0.0000   0.4163 19-[15, 5,10]
1537   20    76.061312   54.757638   76.061312    4.351901    0.00000000   0.0000   0.6713 19-[11, 1,10]
1538   20    79.655316   58.351642   79.655316    4.431493    0.00000000   0.0000   0.7239 19-[13, 4, 9]
1539   20    82.600395   61.296721   82.600395    4.495664    0.00000000   0.0000   0.4522 19-[17, 6, 9]
1540   20    85.134205   63.830531   85.134205    4.550150    0.00000000   0.0000   0.7220 19-[13, 3,10]
1541   20    86.717086   65.413413   86.717086    4.583858    0.00000000   0.0000   0.5334 19-[19, 9,10]
1542   20    91.001183   69.697509   91.001183    4.673872    0.00000000   0.0000   0.6259 19-[13, 2, 9]
1543   20    93.355942   72.052269   93.355942    4.722618    0.00000000   0.0000   0.7494 19-[13, 0, 9]
1544   20    96.805000   75.501327   96.805000    4.793122    0.00000000   0.0000   0.5981 19-[15, 6, 9]
1545   20    99.506681   78.203008   99.506681    4.847632    0.00000000   0.0000   0.5046 19-[13, 1,10]
1546   20   100.909911   79.606237  100.909911    4.875704    0.00000000   0.0000   0.4876 19-[21,12, 9]
1547   20   101.507072   80.203399  101.507072    4.887601    0.00000000   0.0000   0.3931 19-[21,11,10]
1548   20   102.994929   81.691255  102.994929    4.917119    0.00000000   0.0000   0.5547 19-[15, 4, 9]
1549   20   103.427365   82.123692  103.427365    4.925665    0.00000000   0.0000   0.5097 19-[19, 7,10]
1550   20   110.282688   88.979014  110.282688    5.059213    0.00000000   0.0000   0.5193 19-[17, 8, 9]
1551   20   111.679320   90.375647  111.679320    5.085991    0.00000000   0.0000   0.5922 19-[15, 3,10]
1552   20   117.892406   96.588733  117.892406    5.203446    0.00000000   0.0000   0.6597 19-[17, 2, 9]
1553   20   122.838784  101.535111  122.838784    5.295092    0.00000000   0.0000   0.5526 19-[19, 7,10]
1554   20   123.567642  102.263969  123.567642    5.308463    0.00000000   0.0000   0.5606 19-[21,12, 9]
1555   20   123.882487  102.578814  123.882487    5.314228    0.00000000   0.0000   0.6696 19-[17, 0, 9]
1556   20   124.996722  103.693049  124.996722    5.334581    0.00000000   0.0000   0.4439 19-[17, 6, 9]
1557   20   129.266715  107.963042  129.266715    5.411870    0.00000000   0.0000   0.4620 19-[21,11,10]
1558   20   134.358572  113.054899  134.358572    5.502616    0.00000000   0.0000   0.4203 19-[19, 9,10]
1559   20   135.457581  114.153908  135.457581    5.522007    0.00000000   0.0000   0.5527 19-[19, 4, 9]
1560   20   136.670377  115.366703  136.670377    5.543326    0.00000000   0.0000   0.4938 19-[15, 1,10]
1561   20   139.752897  118.449223  139.752897    5.597148    0.00000000   0.0000   0.4930 19-[17, 5,10]
1562   20   147.404654  126.100981  147.404654    5.728565    0.00000000   0.0000   0.6245 19-[17, 3,10]
1563   21    49.883625   28.579951   49.883625    3.721164    0.00000000   0.0000   0.5405 21+[14, 0,10]
1564   21    58.475225   37.171552   58.475225    3.939323    0.00000000   0.0000   0.4956 21+[14, 2,10]
1565   21    60.099756   38.796082   60.099756    3.979229    0.00000000   0.0000   0.5798 21+[14, 1,11]
1566   21    61.122593   39.818920   61.122593    4.004150    0.00000000   0.0000   0.8729 21+[10, 0,10]
1567   21    66.810914   45.507240   66.810914    4.140011    0.00000000   0.0000   0.4107 21+[18, 6,10]
1568   21    70.898216   49.594543   70.898216    4.234942    0.00000000   0.0000   0.5180 21+[16, 3,11]
1569   21    76.115718   54.812044   76.115718    4.353116    0.00000000   0.0000   0.6853 21+[12, 0,10]
1570   21    79.272386   57.968712   79.272386    4.423081    0.00000000   0.0000   0.6162 21+[12, 2,10]
1571   21    79.626010   58.322337   79.626010    4.430850    0.00000000   0.0000   0.4132 21+[18, 8,10]
1572   21    81.398285   60.094612   81.398285    4.469582    0.00000000   0.0000   0.5099 21+[18, 7,11]
1573   21    82.358671   61.054998   82.358671    4.490432    0.00000000   0.0000   0.7704 21+[12, 1,11]
1574   21    89.458171   68.154498   89.458171    4.641653    0.00000000   0.0000   0.6337 21+[14, 4,10]
1575   21    95.517971   74.214298   95.517971    4.766935    0.00000000   0.0000   0.3981 21+[20,10,10]
1576   21    97.737794   76.434120   97.737794    4.812012    0.00000000   0.0000   0.4532 21+[14, 3,11]
1577   21    98.277004   76.973330   98.277004    4.822898    0.00000000   0.0000   0.6074 21+[14, 2,10]
1578   21   100.010273   78.706600  100.010273    4.857725    0.00000000   0.0000   0.4871 21+[14, 3,11]
1579   21   100.659909   79.356236  100.659909    4.870714    0.00000000   0.0000   0.6067 21+[14, 0,10]
1580   21   106.582960   85.279287  106.582960    4.987583    0.00000000   0.0000   0.6601 21+[16, 6,10]
1581   21   107.613936   86.310263  107.613936    5.007647    0.00000000   0.0000   0.6974 21+[14, 1,11]
1582   21   113.913980   92.610307  113.913980    5.128546    0.00000000   0.0000   0.6126 21+[20, 7,11]
1583   21   115.414336   94.110662  115.414336    5.156920    0.00000000   0.0000   0.6954 21+[20,10,10]
1584   21   120.420260   99.116586  120.420260    5.250482    0.00000000   0.0000   0.6091 21+[18, 4,10]
1585   21   122.028206  100.724532  122.028206    5.280183    0.00000000   0.0000   0.6524 21+[20, 9,11]
1586   21   123.892190  102.588516  123.892190    5.314405    0.00000000   0.0000   0.4736 21+[18, 2,10]
1587   21   130.485115  109.181442  130.485115    5.433722    0.00000000   0.0000   0.3993 21+[18, 2,10]
1588   21   131.112932  109.809258  131.112932    5.444948    0.00000000   0.0000   0.5769 21+[18, 0,10]
1589   21   131.886027  110.582353  131.886027    5.458739    0.00000000   0.0000   0.5256 21+[20, 6,10]
1590   21   135.995932  114.692258  135.995932    5.531480    0.00000000   0.0000   0.4123 21+[18, 3,11]
1591   21   139.356185  118.052511  139.356185    5.590250    0.00000000   0.0000   0.4248 21+[20, 7,11]
1592   21   145.463110  124.159436  145.463110    5.695506    0.00000000   0.0000   0.6347 21+[16, 1,11]
1593   22    55.056814   33.753140   55.056814    3.854002    0.00000000   0.0000   0.5046 21-[13, 1,10]
1594   22    57.280327   35.976653   57.280327    3.909711    0.00000000   0.0000   0.5934 21-[13, 0,11]
1595   22    62.593548   41.289874   62.593548    4.039721    0.00000000   0.0000   0.4148 21-[15, 3,10]
1596   22    66.207278   44.903605   66.207278    4.125806    0.00000000   0.0000   0.5188 21-[15, 2,11]
1597   22    71.628682   50.325008   71.628682    4.251685    0.00000000   0.0000   0.7279 21-[11, 1,10]
1598   22    74.023385   52.719711   74.023385    4.306115    0.00000000   0.0000   0.3757 21-[11, 1,10]
1599   22    76.542692   55.239018   76.542692    4.362645    0.00000000   0.0000   0.4193 21-[15, 4,11]
1600   22    77.703355   56.399682   77.703355    4.388444    0.00000000   0.0000   0.7854 21-[11, 0,11]
1601   22    81.967786   60.664112   81.967786    4.481957    0.00000000   0.0000   0.7820 21-[13, 3,10]
1602   22    86.640197   65.336524   86.640197    4.582227    0.00000000   0.0000   0.5272 21-[19, 9,10]
1603   22    88.347638   67.043965   88.347638    4.618325    0.00000000   0.0000   0.5514 21-[17, 6,11]
1604   22    91.504836   70.201162   91.504836    4.684341    0.00000000   0.0000   0.6814 21-[13, 1,10]
1605   22    93.668564   72.364891   93.668564    4.729052    0.00000000   0.0000   0.6607 21-[13, 2,11]
1606   22    99.682674   78.379001   99.682674    4.851162    0.00000000   0.0000   0.6979 21-[15, 5,10]
1607   22   101.855971   80.552297  101.855971    4.894539    0.00000000   0.0000   0.5526 21-[13, 0,11]
1608   22   102.171183   80.867509  102.171183    4.900798    0.00000000   0.0000   0.4412 21-[13, 0,11]
1609   22   103.527822   82.224148  103.527822    4.927648    0.00000000   0.0000   0.5319 21-[21,10,11]
1610   22   104.773215   83.469542  104.773215    4.952167    0.00000000   0.0000   0.5557 21-[15, 4,11]
1611   22   105.956947   84.653273  105.956947    4.975361    0.00000000   0.0000   0.6157 21-[15, 3,10]
1612   22   117.012283   95.708610  117.012283    5.186970    0.00000000   0.0000   0.6286 21-[17, 1,10]
1613   22   121.015579   99.711905  121.015579    5.261498    0.00000000   0.0000   0.5886 21-[19, 7,10]
1614   22   124.352480  103.048806  124.352480    5.322822    0.00000000   0.0000   0.4409 21-[19, 5,10]
1615   22   125.533404  104.229730  125.533404    5.344357    0.00000000   0.0000   0.5091 21-[21,11,10]
1616   22   126.160320  104.856646  126.160320    5.355753    0.00000000   0.0000   0.4412 21-[19, 6,11]
1617   22   130.316321  109.012647  130.316321    5.430700    0.00000000   0.0000   0.4337 21-[19, 5,10]
1618   22   133.535955  112.232281  133.535955    5.488057    0.00000000   0.0000   0.5354 21-[19, 8,11]
1619   22   137.852350  116.548677  137.852350    5.564025    0.00000000   0.0000   0.5234 21-[19, 3,10]
1620   22   139.272408  117.968735  139.272408    5.588793    0.00000000   0.0000   0.5505 21-[15, 0,11]
1621   22   141.731074  120.427400  141.731074    5.631417    0.00000000   0.0000   0.6084 21-[19, 4,11]
1622   23    59.948068   38.644394   59.948068    3.975520    0.00000000   0.0000   0.5739 23+[14, 1,11]
1623   23    61.063818   39.760144   61.063818    4.002723    0.00000000   0.0000   0.5968 23+[14, 0,12]
1624   23    70.751453   49.447780   70.751453    4.231570    0.00000000   0.0000   0.5196 23+[14, 3,11]
1625   23    72.373587   51.069914   72.373587    4.268690    0.00000000   0.0000   0.6044 23+[16, 2,12]
1626   23    79.792931   58.489258   79.792931    4.434512    0.00000000   0.0000   0.8466 23+[12, 1,11]
1627   23    81.260657   59.956984   81.260657    4.466586    0.00000000   0.0000   0.5057 23+[18, 7,11]
1628   23    83.168752   61.865079   83.168752    4.507943    0.00000000   0.0000   0.5356 23+[16, 4,12]
1629   23    83.574623   62.270950   83.574623    4.516691    0.00000000   0.0000   0.7887 23+[12, 0,12]
1630   23    95.404358   74.100685   95.404358    4.764616    0.00000000   0.0000   0.6162 23+[14, 3,11]
1631   23    98.195787   76.892113   98.195787    4.821260    0.00000000   0.0000   0.4872 23+[16, 5,11]
1632   23    98.853770   77.550096   98.853770    4.834515    0.00000000   0.0000   0.5153 23+[18, 6,12]
1633   23   100.629568   79.325895  100.629568    4.870108    0.00000000   0.0000   0.5483 23+[14, 1,11]
1634   23   101.581732   80.278059  101.581732    4.889086    0.00000000   0.0000   0.7143 23+[14, 2,12]
1635   23   108.965950   87.662276  108.965950    5.033837    0.00000000   0.0000   0.7125 23+[14, 0,12]
1636   23   112.401550   91.097876  112.401550    5.099784    0.00000000   0.0000   0.5171 23+[16, 5,11]
1637   23   116.599349   95.295676  116.599349    5.179221    0.00000000   0.0000   0.6130 23+[20, 8,12]
1638   23   120.006066   98.702393  120.006066    5.242804    0.00000000   0.0000   0.5230 23+[20, 9,11]
1639   23   122.631780  101.328106  122.631780    5.291289    0.00000000   0.0000   0.5328 23+[18, 3,11]
1640   23   123.541328  102.237655  123.541328    5.307981    0.00000000   0.0000   0.5795 23+[18, 4,12]
1641   23   125.149292  103.845619  125.149292    5.337362    0.00000000   0.0000   0.5311 23+[18, 1,11]
1642   23   131.281774  109.978101  131.281774    5.447963    0.00000000   0.0000   0.4623 23+[20, 7,11]
1643   23   137.056963  115.753289  137.056963    5.550105    0.00000000   0.0000   0.6052 23+[18, 2,12]
1644   23   139.135333  117.831660  139.135333    5.586407    0.00000000   0.0000   0.5423 23+[20, 6,12]
1645   23   147.517614  126.213940  147.517614    5.730482    0.00000000   0.0000   0.6615 23+[16, 0,12]
1646   24    56.965235   35.661562   56.965235    3.901865    0.00000000   0.0000   0.5663 23-[13, 0,11]
1647   24    66.067384   44.763711   66.067384    4.122507    0.00000000   0.0000   0.5112 23-[15, 2,11]
1648   24    68.224376   46.920702   68.224376    4.173084    0.00000000   0.0000   0.5861 23-[15, 1,12]
1649   24    72.857875   51.554201   72.857875    4.279710    0.00000000   0.0000   0.8524 23-[11, 0,11]
1650   24    76.195505   54.891832   76.195505    4.354899    0.00000000   0.0000   0.4364 23-[15, 4,11]
1651   24    77.015745   55.712072   77.015745    4.373179    0.00000000   0.0000   0.5128 23-[17, 3,12]
1652   24    87.828296   66.524623   87.828296    4.607375    0.00000000   0.0000   0.5150 23-[17, 6,11]
1653   24    89.909073   68.605400   89.909073    4.651091    0.00000000   0.0000   0.6032 23-[13, 0,11]
1654   24    91.316978   70.013305   91.316978    4.680439    0.00000000   0.0000   0.6824 23-[17, 5,12]
1655   24    93.155775   71.852102   93.155775    4.718494    0.00000000   0.0000   0.5650 23-[13, 2,11]
1656   24    96.117502   74.813829   96.117502    4.779151    0.00000000   0.0000   0.7063 23-[13, 1,12]
1657   24   101.613695   80.310021  101.613695    4.889722    0.00000000   0.0000   0.7153 23-[15, 4,11]
1658   24   103.666468   82.362795  103.666468    4.930383    0.00000000   0.0000   0.5451 23-[21,10,11]
1659   24   106.073008   84.769335  106.073008    4.977629    0.00000000   0.0000   0.7352 23-[15, 3,12]
1660   24   114.465789   93.162115  114.465789    5.139000    0.00000000   0.0000   0.8696 23-[19, 7,12]
1661   24   115.453358   94.149685  115.453358    5.157656    0.00000000   0.0000   0.6810 23-[17, 2,11]
1662   24   118.778859   97.475186  118.778859    5.219989    0.00000000   0.0000   0.7400 23-[17, 0,11]
1663   24   123.309259  102.005586  123.309259    5.303727    0.00000000   0.0000   0.6365 23-[19, 6,11]
1664   24   126.550348  105.246674  126.550348    5.362831    0.00000000   0.0000   0.6827 23-[21,10,11]
1665   24   130.524828  109.221155  130.524828    5.434433    0.00000000   0.0000   0.4681 23-[19, 5,12]
1666   24   131.433918  110.130245  131.433918    5.450678    0.00000000   0.0000   0.4212 23-[17, 1,12]
1667   24   133.026794  111.723120  133.026794    5.479026    0.00000000   0.0000   0.5048 23-[19, 4,11]
1668   24   143.256176  121.952502  143.256176    5.657695    0.00000000   0.0000   0.6370 23-[19, 3,12]
1669   25    60.874096   39.570423   60.874096    3.998110    0.00000000   0.0000   0.5868 25+[14, 0,12]
1670   25    72.177190   50.873516   72.177190    4.264213    0.00000000   0.0000   0.5899 25+[16, 2,12]
1671   25    73.798309   52.494636   73.798309    4.301029    0.00000000   0.0000   0.6634 25+[16, 1,13]
1672   25    80.578092   59.274419   80.578092    4.451699    0.00000000   0.0000   0.8651 25+[12, 0,12]
1673   25    83.073212   61.769539   83.073212    4.505881    0.00000000   0.0000   0.5465 25+[16, 4,12]
1674   25    88.937468   67.633794   88.937468    4.630730    0.00000000   0.0000   0.7482 25+[16, 3,13]
1675   25    97.320723   76.017050   97.320723    4.803575    0.00000000   0.0000   0.5964 25+[14, 0,12]
1676   25    98.777505   77.473832   98.777505    4.832980    0.00000000   0.0000   0.5142 25+[18, 6,12]
1677   25   100.995117   79.691444  100.995117    4.877403    0.00000000   0.0000   0.5991 25+[14, 2,12]
1678   25   102.968261   81.664587  102.968261    4.916591    0.00000000   0.0000   0.7700 25+[14, 1,13]
1679   25   104.899289   83.595615  104.899289    4.954643    0.00000000   0.0000   0.7406 25+[18, 5,13]
1680   25   115.184156   93.880483  115.184156    5.152577    0.00000000   0.0000   0.5548 25+[20, 8,12]
1681   25   120.625962   99.322288  120.625962    5.254291    0.00000000   0.0000   0.5436 25+[20, 8,12]
1682   25   124.710711  103.407038  124.710711    5.329364    0.00000000   0.0000   0.4813 25+[18, 2,12]
1683   25   125.154876  103.851203  125.154876    5.337464    0.00000000   0.0000   0.6828 25+[20, 7,13]
1684   25   125.852726  104.549053  125.852726    5.350165    0.00000000   0.0000   0.5954 25+[18, 0,12]
1685   25   128.102701  106.799028  128.102701    5.390911    0.00000000   0.0000   0.5443 25+[18, 3,13]
1686   25   133.141135  111.837461  133.141135    5.481056    0.00000000   0.0000   0.5699 25+[20, 6,12]
1687   25   139.431155  118.127481  139.431155    5.591554    0.00000000   0.0000   0.6772 25+[18, 1,13]
1688   26    68.054024   46.750351   68.054024    4.169112    0.00000000   0.0000   0.5720 25-[15, 1,12]
1689   26    70.770032   49.466359   70.770032    4.231997    0.00000000   0.0000   0.6734 25-[15, 0,13]
1690   26    76.659994   55.356320   76.659994    4.365260    0.00000000   0.0000   0.5014 25-[17, 3,12]
1691   26    83.105511   61.801837   83.105511    4.506578    0.00000000   0.0000   0.6551 25-[15, 2,13]
1692   26    91.050826   69.747153   91.050826    4.674905    0.00000000   0.0000   0.6627 25-[17, 5,12]
1693   26    93.960660   72.656987   93.960660    4.735055    0.00000000   0.0000   0.7061 25-[13, 1,12]
1694   26    95.059123   73.755450   95.059123    4.757564    0.00000000   0.0000   0.6422 25-[17, 4,13]
1695   26    98.177857   76.874183   98.177857    4.820898    0.00000000   0.0000   0.7737 25-[13, 0,13]
1696   26   103.777745   82.474072  103.777745    4.932578    0.00000000   0.0000   0.7742 25-[15, 3,12]
1697   26   113.877088   92.573415  113.877088    5.127846    0.00000000   0.0000   0.8719 25-[19, 7,12]
1698   26   115.270465   93.966791  115.270465    5.154206    0.00000000   0.0000   0.6978 25-[17, 1,12]
1699   26   115.510341   94.206667  115.510341    5.158731    0.00000000   0.0000   0.8169 25-[19, 6,13]
1700   26   121.336499  100.032826  121.336499    5.267427    0.00000000   0.0000   0.7137 25-[17, 2,13]
1701   26   125.184099  103.880426  125.184099    5.337996    0.00000000   0.0000   0.6722 25-[19, 5,12]
1702   26   133.307553  112.003880  133.307553    5.484008    0.00000000   0.0000   0.4611 25-[19, 3,12]
1703   26   133.808060  112.504386  133.808060    5.492877    0.00000000   0.0000   0.5572 25-[17, 0,13]
1704   26   135.521069  114.217396  135.521069    5.523125    0.00000000   0.0000   0.5160 25-[19, 3,12]
1705   27    73.533758   52.230084   73.533758    4.295042    0.00000000   0.0000   0.6414 27+[16, 1,13]
1706   27    74.925857   53.622183   74.925857    4.326451    0.00000000   0.0000   0.6797 27+[16, 0,14]
1707   27    88.795510   67.491836   88.795510    4.627747    0.00000000   0.0000   0.7418 27+[16, 3,13]
1708   27    90.380009   69.076336   90.380009    4.660928    0.00000000   0.0000   0.7714 27+[16, 2,14]
1709   27   101.364661   80.060987  101.364661    4.884766    0.00000000   0.0000   0.7901 27+[14, 1,13]
1710   27   104.370088   83.066415  104.370088    4.944244    0.00000000   0.0000   0.7810 27+[14, 0,14]
1711   27   104.817979   83.514306  104.817979    4.953046    0.00000000   0.0000   0.7451 27+[18, 5,13]
1712   27   107.603823   86.300149  107.603823    5.007450    0.00000000   0.0000   0.7894 27+[18, 4,14]
1713   27   119.922137   98.618464  119.922137    5.241247    0.00000000   0.0000   0.5904 27+[18, 3,13]
1714   27   123.944407  102.640734  123.944407    5.315361    0.00000000   0.0000   0.7688 27+[20, 7,13]
1715   27   125.971912  104.668239  125.971912    5.352331    0.00000000   0.0000   0.7822 27+[20, 6,14]
1716   27   127.197294  105.893620  127.197294    5.374551    0.00000000   0.0000   0.5768 27+[18, 1,13]
1717   27   130.165950  108.862276  130.165950    5.428006    0.00000000   0.0000   0.6877 27+[18, 2,14]
1718   27   141.314181  120.010508  141.314181    5.624212    0.00000000   0.0000   0.6983 27+[18, 0,14]
1719   28    70.402557   49.098883   70.402557    4.223544    0.00000000   0.0000   0.6374 27-[15, 0,13]
1720   28    83.006480   61.702807   83.006480    4.504441    0.00000000   0.0000   0.6596 27-[15, 2,13]
1721   28    85.520583   64.216909   85.520583    4.558401    0.00000000   0.0000   0.7027 27-[15, 1,14]
1722   28    94.722623   73.418950   94.722623    4.750680    0.00000000   0.0000   0.5667 27-[17, 4,13]
1723   28    94.776546   73.472873   94.776546    4.751784    0.00000000   0.0000   0.7265 27-[13, 0,13]
1724   28    95.322082   74.018408   95.322082    4.762937    0.00000000   0.0000   0.6839 27-[17, 3,14]
1725   28   113.084147   91.780473  113.084147    5.112785    0.00000000   0.0000   0.5462 27-[17, 0,13]
1726   28   115.182911   93.879237  115.182911    5.152554    0.00000000   0.0000   0.7663 27-[19, 6,13]
1727   28   117.197963   95.894290  117.197963    5.190450    0.00000000   0.0000   0.9223 27-[19, 5,14]
1728   28   119.141850   97.838176  119.141850    5.226747    0.00000000   0.0000   0.6110 27-[17, 2,13]
1729   28   124.094292  102.790618  124.094292    5.318103    0.00000000   0.0000   0.7245 27-[17, 1,14]
1730   28   127.634345  106.330672  127.634345    5.382454    0.00000000   0.0000   0.7176 27-[19, 4,13]
1731   28   135.140276  113.836603  135.140276    5.516415    0.00000000   0.0000   0.7169 27-[19, 3,14]
1732   29    74.616490   53.312817   74.616490    4.319490    0.00000000   0.0000   0.6535 29+[16, 0,14]
1733   29    90.201173   68.897500   90.201173    4.657195    0.00000000   0.0000   0.7631 29+[16, 2,14]
1734   29    91.797270   70.493596   91.797270    4.690409    0.00000000   0.0000   0.7838 29+[16, 1,15]
1735   29   102.422969   81.119296  102.422969    4.905793    0.00000000   0.0000   0.7987 29+[14, 0,14]
1736   29   107.513055   86.209382  107.513055    5.005687    0.00000000   0.0000   0.7966 29+[18, 4,14]
1737   29   114.921657   93.617984  114.921657    5.147620    0.00000000   0.0000   0.9838 29+[18, 3,15]
1738   29   122.003486  100.699812  122.003486    5.279728    0.00000000   0.0000   0.5454 29+[18, 0,14]
1739   29   124.683944  103.380271  124.683944    5.328876    0.00000000   0.0000   0.7969 29+[20, 6,14]
1740   29   126.971836  105.668163  126.971836    5.370470    0.00000000   0.0000   0.5838 29+[18, 2,14]
1741   29   131.666394  110.362720  131.666394    5.454825    0.00000000   0.0000   0.7551 29+[18, 1,15]
1742   30    85.378749   64.075075   85.378749    4.555374    0.00000000   0.0000   0.7020 29-[15, 1,14]
1743   30    88.449662   67.145989   88.449662    4.620473    0.00000000   0.0000   0.7888 29-[15, 0,15]
1744   30    95.020488   73.716815   95.020488    4.756774    0.00000000   0.0000   0.6842 29-[17, 3,14]
1745   30   108.144149   86.840475  108.144149    5.017934    0.00000000   0.0000   0.8776 29-[17, 2,15]
1746   30   116.342488   95.038815  116.342488    5.174395    0.00000000   0.0000   0.8477 29-[19, 5,14]
1747   30   118.767213   97.463540  118.767213    5.219772    0.00000000   0.0000   0.6957 29-[17, 1,14]
1748   30   121.164262   99.860589  121.164262    5.264245    0.00000000   0.0000   0.8795 29-[19, 4,15]
1749   30   126.476494  105.172820  126.476494    5.361492    0.00000000   0.0000   0.7673 29-[17, 0,15]
1750   30   130.508005  109.204331  130.508005    5.434132    0.00000000   0.0000   0.7486 29-[19, 3,14]
1751   31    91.575215   70.271542   91.575215    4.685802    0.00000000   0.0000   0.7729 31+[16, 1,15]
1752   31    93.103388   71.799715   93.103388    4.717414    0.00000000   0.0000   0.7844 31+[16, 0,16]
1753   31   114.288336   92.984663  114.288336    5.135640    0.00000000   0.0000   0.9855 31+[18, 3,15]
1754   31   116.470173   95.166500  116.470173    5.176795    0.00000000   0.0000   0.9921 31+[18, 2,16]
1755   31   126.637085  105.333411  126.637085    5.364404    0.00000000   0.0000   0.7694 31+[18, 1,15]
1756   31   133.281917  111.978243  133.281917    5.483553    0.00000000   0.0000   0.7750 31+[18, 0,16]
1757   32    88.126639   66.822966   88.126639    4.613668    0.00000000   0.0000   0.7749 31-[15, 0,15]
1758   32   107.802729   86.499055  107.802729    5.011312    0.00000000   0.0000   0.8957 31-[17, 2,15]
1759   32   110.948305   89.644632  110.948305    5.071993    0.00000000   0.0000   0.9213 31-[17, 1,16]
1760   32   118.449797   97.146124  118.449797    5.213854    0.00000000   0.0000   0.6954 31-[17, 0,15]
1761   32   120.139434   98.835761  120.139434    5.245277    0.00000000   0.0000   0.7948 31-[19, 4,15]
1762   32   121.686678  100.383005  121.686678    5.273888    0.00000000   0.0000   0.9041 31-[19, 3,16]
1763   33    92.838174   71.534501   92.838174    4.711943    0.00000000   0.0000   0.7720 33+[16, 0,16]
1764   33   115.835755   94.532081  115.835755    5.164862    0.00000000   0.0000   0.9944 33+[18, 2,16]
1765   33   118.002890   96.699216  118.002890    5.205511    0.00000000   0.0000   0.9979 33+[18, 1,17]
1766   33   127.440621  106.136947  127.440621    5.378953    0.00000000   0.0000   0.7743 33+[18, 0,16]
1767   34   110.405025   89.101351  110.405025    5.061565    0.00000000   0.0000   0.9392 33-[17, 1,16]
1768   34   114.065769   92.762095  114.065769    5.131424    0.00000000   0.0000   0.9990 33-[17, 0,17]
1769   34   120.660648   99.356975  120.660648    5.254933    0.00000000   0.0000   0.9393 33-[19, 3,16]
1770   35   117.347137   96.043464  117.347137    5.193245    0.00000000   0.0000   0.9984 35+[18, 1,17]
1771   35   119.536872   98.233199  119.536872    5.234093    0.00000000   0.0000   0.9984 35+[18, 0,18]
1772   36   112.895140   91.591467  112.895140    5.109188    0.00000000   0.0000   1.0000 35-[17, 0,17]
1773   37   118.738513   97.434840  118.738513    5.219237    0.00000000   0.0000   1.0000 37+[18, 0,18]
#all active are 1773 q.p. states out of 1773
#since the cut off is pwi=  60.0
#check: number of protons =  50.0


 #canonical s.p. energies protons 
 ---------------------------------


  labels -> {2*omega}{parity}[nn=nz+2*nr+nl,nz,nl]
  cqpe   -> canonical q.p. energies
  ce     -> canonical s.p. energies
  fermi energy=  -24.759823913726002     
  average cdelt=  -1.9881652898500566E-009
  k0      ceqp        ce         v*v       u*v        cdel     overl      labels
   1  -18.014228  -18.014228   0.00000000   0.00000000  -0.0000   0.5587  1+[ 4, 4, 0]
   2  -17.835213  -24.772134   1.00000000   0.00000000  -0.0000   0.5852  1+[ 4, 2, 0]
   3  -16.960466  -16.960466   0.00000000   0.00000000  -0.0000   0.5273  1+[ 4, 3, 1]
   4  -14.838959  -14.838959   0.00000000   0.00000000  -0.0000   0.6220  1+[ 4, 4, 0]
   5  -14.807487  -14.807487   0.00000000   0.00000000  -0.0000   0.7610  1+[ 4, 0, 0]
   6   -2.394604   -2.394604   0.00000000   0.00000000  -0.0000   0.4760  1+[ 6, 3, 1]
   7    0.799181  -43.406528   1.00000000   0.00000000  -0.0000   0.7536  1+[ 2, 0, 0]
   8    2.078767    2.078767   0.00000000   0.00000000  -0.0000   0.4504  1+[ 6, 6, 0]
   9    2.360990  -44.968337   1.00000000   0.00000000  -0.0000   0.7603  1+[ 2, 1, 1]
  10    2.895912    2.895912   0.00000000   0.00000000  -0.0000   0.3733  1+[ 6, 5, 1]
  11    3.286699    3.286699   0.00000000   0.00000000  -0.0000   0.3307  1+[ 6, 0, 0]
  12    3.419842    3.419842   0.00000000   0.00000000  -0.0000   0.4515  1+[ 6, 1, 1]
  13    5.123156    5.123156   0.00000000   0.00000000  -0.0000   0.4000  1+[ 6, 1, 1]
  14    5.420797  -48.028144   1.00000000   0.00000000  -0.0000   0.6192  1+[ 2, 2, 0]
  15    5.990333    5.990333   0.00000000   0.00000000  -0.0000   0.5020  1+[ 6, 6, 0]
  16    7.060942    7.060942   0.00000000   0.00000000  -0.0000   0.3984  1+[ 6, 5, 1]
  17    7.901565    7.901565   0.00000000   0.00000000  -0.0000   0.4737  1+[ 6, 2, 0]
  18    8.312491    8.312491   0.00000000   0.00000000  -0.0000   0.4813  1+[ 6, 4, 0]
  19    9.636105    9.636105   0.00000000   0.00000000  -0.0000   0.3779  1+[ 6, 3, 1]
  20   10.705057   10.705057   0.00000000   0.00000000  -0.0000   0.4338  1+[ 6, 0, 0]
  21   11.065763   11.065763   0.00000000   0.00000000  -0.0000   0.3177  1+[ 6, 0, 0]
  22   11.941187   11.941187   0.00000000   0.00000000  -0.0000   0.3436  1+[ 6, 1, 1]
  23   12.778670   12.778670   0.00000000   0.00000000  -0.0000   0.6319  1+[ 8, 8, 0]
  24   14.235612   14.235612   0.00000000   0.00000000  -0.0000   0.6215  1+[ 8, 7, 1]
  25   15.093955   15.093955   0.00000000   0.00000000  -0.0000   0.2273  1+[16,16, 0]
  26   15.721057   15.721057   0.00000000   0.00000000  -0.0000   0.2241  1+[16,15, 1]
  27   16.982686   16.982686   0.00000000   0.00000000  -0.0000   0.5879  1+[ 8, 6, 0]
  28   18.212149   18.212149   0.00000000   0.00000000  -0.0000   0.5098  1+[ 8, 4, 0]
  29   19.643302   19.643302   0.00000000   0.00000000  -0.0000   0.4122  1+[ 8, 5, 1]
  30   20.759031   20.759031   0.00000000   0.00000000  -0.0000   0.2496  1+[ 8, 8, 0]
  31   21.405923   21.405923   0.00000000   0.00000000  -0.0000   0.3397  1+[ 8, 4, 0]
  32   22.418644   22.418644   0.00000000   0.00000000  -0.0000   0.4189  1+[ 8, 2, 0]
  33   22.847010   22.847010   0.00000000   0.00000000  -0.0000   0.3658  1+[10,10, 0]
  34   23.098730   23.098730   0.00000000   0.00000000  -0.0000   0.4145  1+[ 8, 1, 1]
  35   23.929075   23.929075   0.00000000   0.00000000  -0.0000   0.3465  1+[ 8, 7, 1]
  36   24.452809   24.452809   0.00000000   0.00000000  -0.0000   0.4516  1+[ 8, 0, 0]
  37   25.885681   25.885681   0.00000000   0.00000000  -0.0000   0.3332  1+[10, 8, 0]
  38   27.215351  -69.822698   1.00000000   0.00000000  -0.0000   0.9651  1+[ 0, 0, 0]
  39   27.479188   27.479188   0.00000000   0.00000000  -0.0000   0.3226  1+[ 8, 3, 1]
  40   28.138620   28.138620   0.00000000   0.00000000  -0.0000   0.2676  1+[10, 7, 1]
  41   28.712435   28.712435   0.00000000   0.00000000  -0.0000   0.3220  1+[ 8, 6, 0]
  42   29.192610   29.192610   0.00000000   0.00000000  -0.0000   0.2324  1+[ 8, 6, 0]
  43   31.011405   31.011405   0.00000000   0.00000000  -0.0000   0.3932  1+[10, 6, 0]
  44   33.226218   33.226218   0.00000000   0.00000000  -0.0000   0.4578  1+[10, 5, 1]
  45   33.985020   33.985020   0.00000000   0.00000000  -0.0000   0.4674  1+[10,10, 0]
  46   34.227367   34.227367   0.00000000   0.00000000  -0.0000   0.3787  1+[10, 9, 1]
  47   35.822101   35.822101   0.00000000   0.00000000  -0.0000   0.3075  1+[10, 9, 1]
  48   36.692665   36.692665   0.00000000   0.00000000  -0.0000   0.2660  1+[12,12, 0]
  49   37.792612   37.792612   0.00000000   0.00000000  -0.0000   0.2989  1+[10, 2, 0]
  50   38.270652   38.270652   0.00000000   0.00000000  -0.0000   0.2689  1+[10, 8, 0]
  51   39.271241   39.271241   0.00000000   0.00000000  -0.0000   0.2962  1+[10, 8, 0]
  52   39.729506   39.729506   0.00000000   0.00000000  -0.0000   0.3481  1+[10, 1, 1]
  53   40.105559   40.105559   0.00000000   0.00000000  -0.0000   0.3166  1+[10, 7, 1]
  54   41.372595   41.372595   0.00000000   0.00000000  -0.0000   0.2906  1+[ 8, 0, 0]
  55   42.220412   42.220412   0.00000000   0.00000000  -0.0000   0.4162  1+[ 8, 0, 0]
  56   43.765628   43.765628   0.00000000   0.00000000  -0.0000   0.2815  1+[12, 7, 1]
  57   45.006284   45.006284   0.00000000   0.00000000  -0.0000   0.3279  1+[10, 5, 1]
  58   45.801200   45.801200   0.00000000   0.00000000  -0.0000   0.4057  1+[12,10, 0]
  59   47.204507   47.204507   0.00000000   0.00000000  -0.0000   0.2789  1+[12,11, 1]
  60   47.462736   47.462736   0.00000000   0.00000000  -0.0000   0.2672  1+[10, 4, 0]
  61   47.983878   47.983878   0.00000000   0.00000000  -0.0000   0.3560  1+[12, 6, 0]
  62   49.182121   49.182121   0.00000000   0.00000000  -0.0000   0.3135  1+[10, 5, 1]
  63   50.859838   50.859838   0.00000000   0.00000000  -0.0000   0.4193  1+[14,14, 0]
  64   52.262572   52.262572   0.00000000   0.00000000  -0.0000   0.2998  1+[12, 8, 0]
  65   52.569746   52.569746   0.00000000   0.00000000  -0.0000   0.3488  1+[12, 5, 1]
  66   54.240087   54.240087   0.00000000   0.00000000  -0.0000   0.3645  1+[12,12, 0]
  67   55.671270   55.671270   0.00000000   0.00000000  -0.0000   0.2861  1+[12, 7, 1]
  68   56.584595   56.584595   0.00000000   0.00000000  -0.0000   0.2905  1+[12, 8, 0]
  69   57.956972   57.956972   0.00000000   0.00000000  -0.0000   0.3962  1+[12, 2, 0]
  70   59.356369   59.356369   0.00000000   0.00000000  -0.0000   0.2701  1+[12, 4, 0]
 126  -14.162994  -28.444353   1.00000000   0.00000000  -0.0000   0.6904  1-[ 3, 0, 1]
 127  -13.414033  -13.414033   0.00000000   0.00000000  -0.0000   0.5368  1-[ 5, 3, 0]
 128  -12.120912  -30.486435   1.00000000   0.00000000  -0.0000   0.6229  1-[ 3, 3, 0]
 129  -11.530265  -31.077081   1.00000000   0.00000000  -0.0000   0.6545  1-[ 3, 2, 1]
 130   -6.378935   -6.378935   0.00000000   0.00000000  -0.0000   0.5221  1-[ 5, 1, 0]
 131   -6.233838  -36.373509   1.00000000   0.00000000  -0.0000   0.5667  1-[ 3, 2, 1]
 132   -3.800448   -3.800448   0.00000000   0.00000000  -0.0000   0.5063  1-[ 5, 5, 0]
 133   -3.463208   -3.463208   0.00000000   0.00000000  -0.0000   0.5082  1-[ 5, 2, 1]
 134   -3.105206   -3.105206   0.00000000   0.00000000  -0.0000   0.5266  1-[ 5, 4, 1]
 135   -2.935912   -2.935912   0.00000000   0.00000000  -0.0000   0.6376  1-[ 5, 0, 1]
 136    3.306578    3.306578   0.00000000   0.00000000  -0.0000   0.3845  1-[ 7, 7, 0]
 137    4.379279    4.379279   0.00000000   0.00000000  -0.0000   0.3055  1-[ 7, 6, 1]
 138    5.627636    5.627636   0.00000000   0.00000000  -0.0000   0.2737  1-[ 7, 3, 0]
 139    6.325733    6.325733   0.00000000   0.00000000  -0.0000   0.3829  1-[ 9, 0, 1]
 140    8.040857    8.040857   0.00000000   0.00000000  -0.0000   0.4151  1-[ 7, 4, 1]
 141    8.274049    8.274049   0.00000000   0.00000000  -0.0000   0.3979  1-[ 7, 2, 1]
 142    8.602659    8.602659   0.00000000   0.00000000  -0.0000   0.3043  1-[ 9, 1, 0]
 143    9.696611    9.696611   0.00000000   0.00000000  -0.0000   0.6373  1-[ 7, 7, 0]
 144   10.918370   10.918370   0.00000000   0.00000000  -0.0000   0.6142  1-[ 7, 6, 1]
 145   12.274471   12.274471   0.00000000   0.00000000  -0.0000   0.2522  1-[15,15, 0]
 146   12.460183   12.460183   0.00000000   0.00000000  -0.0000   0.2712  1-[ 7, 2, 1]
 147   13.960775   13.960775   0.00000000   0.00000000  -0.0000   0.4327  1-[ 7, 5, 0]
 148   15.376308  -57.983655   1.00000000   0.00000000  -0.0000   0.7943  1-[ 1, 0, 1]
 149   15.755918   15.755918   0.00000000   0.00000000  -0.0000   0.4223  1-[ 7, 4, 1]
 150   16.656286   16.656286   0.00000000   0.00000000  -0.0000   0.3227  1-[ 7, 3, 0]
 151   16.770671  -59.378018   1.00000000   0.00000000  -0.0000   0.8029  1-[ 1, 1, 0]
 152   17.077024   17.077024   0.00000000   0.00000000  -0.0000   0.4062  1-[ 7, 1, 0]
 153   18.004373   18.004373   0.00000000   0.00000000  -0.0000   0.3710  1-[ 9, 9, 0]
 154   18.280457   18.280457   0.00000000   0.00000000  -0.0000   0.3899  1-[ 9, 8, 1]
 155   18.870653   18.870653   0.00000000   0.00000000  -0.0000   0.5940  1-[ 7, 0, 1]
 156   19.409805   19.409805   0.00000000   0.00000000  -0.0000   0.3733  1-[ 9, 9, 0]
 157   21.035431   21.035431   0.00000000   0.00000000  -0.0000   0.3735  1-[ 9, 7, 0]
 158   21.544941   21.544941   0.00000000   0.00000000  -0.0000   0.3553  1-[ 9, 7, 0]
 159   23.500114   23.500114   0.00000000   0.00000000  -0.0000   0.5507  1-[ 9, 6, 1]
 160   24.335135   24.335135   0.00000000   0.00000000  -0.0000   0.2081  1-[11, 4, 1]
 161   24.741792   24.741792   0.00000000   0.00000000  -0.0000   0.2470  1-[ 9, 5, 0]
 162   26.529218   26.529218   0.00000000   0.00000000  -0.0000   0.4287  1-[ 9, 5, 0]
 163   27.486646   27.486646   0.00000000   0.00000000  -0.0000   0.4081  1-[ 9, 8, 1]
 164   28.660261   28.660261   0.00000000   0.00000000  -0.0000   0.4358  1-[ 9, 8, 1]
 165   28.972877   28.972877   0.00000000   0.00000000  -0.0000   0.3988  1-[ 9, 9, 0]
 166   29.780073   29.780073   0.00000000   0.00000000  -0.0000   0.3839  1-[ 9, 3, 0]
 167   31.004019   31.004019   0.00000000   0.00000000  -0.0000   0.4164  1-[11,11, 0]
 168   32.068987   32.068987   0.00000000   0.00000000  -0.0000   0.3320  1-[ 9, 1, 0]
 169   32.981112   32.981112   0.00000000   0.00000000  -0.0000   0.2153  1-[ 9, 1, 0]
 170   33.335327   33.335327   0.00000000   0.00000000  -0.0000   0.3083  1-[ 9, 7, 0]
 171   34.023221   34.023221   0.00000000   0.00000000  -0.0000   0.2775  1-[ 9, 1, 0]
 172   34.772720   34.772720   0.00000000   0.00000000  -0.0000   0.4420  1-[ 9, 0, 1]
 173   35.719612   35.719612   0.00000000   0.00000000  -0.0000   0.3672  1-[11, 7, 0]
 174   37.531950   37.531950   0.00000000   0.00000000  -0.0000   0.3170  1-[ 9, 6, 1]
 175   38.724718   38.724718   0.00000000   0.00000000  -0.0000   0.3281  1-[11, 6, 1]
 176   39.680849   39.680849   0.00000000   0.00000000  -0.0000   0.3930  1-[11,10, 1]
 177   40.584644   40.584644   0.00000000   0.00000000  -0.0000   0.3878  1-[11,10, 1]
 178   42.340862   42.340862   0.00000000   0.00000000  -0.0000   0.2885  1-[11,10, 1]
 179   42.756745   42.756745   0.00000000   0.00000000  -0.0000   0.3460  1-[17, 5, 0]
 180   43.172682   43.172682   0.00000000   0.00000000  -0.0000   0.3478  1-[11, 5, 0]
 181   43.572076   43.572076   0.00000000   0.00000000  -0.0000   0.3913  1-[11, 9, 0]
 182   45.418612   45.418612   0.00000000   0.00000000  -0.0000   0.4094  1-[11, 8, 1]
 183   46.494908   46.494908   0.00000000   0.00000000  -0.0000   0.3265  1-[11, 3, 0]
 184   47.082544   47.082544   0.00000000   0.00000000  -0.0000   0.5074  1-[13,13, 0]
 185   48.603493   48.603493   0.00000000   0.00000000  -0.0000   0.4092  1-[11, 7, 0]
 186   50.423981   50.423981   0.00000000   0.00000000  -0.0000   0.3671  1-[11, 6, 1]
 187   51.774107   51.774107   0.00000000   0.00000000  -0.0000   0.3234  1-[11, 2, 1]
 188   52.880219   52.880219   0.00000000   0.00000000  -0.0000   0.3252  1-[11, 1, 0]
 189   53.643693   53.643693   0.00000000   0.00000000  -0.0000   0.3220  1-[13,11, 0]
 190   54.640468   54.640468   0.00000000   0.00000000  -0.0000   0.3161  1-[15, 9, 0]
 191   55.368134   55.368134   0.00000000   0.00000000  -0.0000   0.3392  1-[11, 0, 1]
 192   55.931854   55.931854   0.00000000   0.00000000  -0.0000   0.3301  1-[13,10, 1]
 193   56.953315   56.953315   0.00000000   0.00000000  -0.0000   0.4951  1-[13,12, 1]
 194   57.424354   57.424354   0.00000000   0.00000000  -0.0000   0.3708  1-[11, 0, 1]
 195   59.044928   59.044928   0.00000000   0.00000000  -0.0000   0.3296  1-[13, 6, 1]
 196   59.455645   59.455645   0.00000000   0.00000000  -0.0000   0.3309  1-[13, 6, 1]
 249  -18.001638  -18.001638   0.00000000   0.00000000  -0.0000   0.6470  3+[ 4, 1, 1]
 250  -17.836995  -24.770352   1.00000000   0.00000000  -0.0000   0.5753  3+[ 4, 3, 1]
 251  -16.959937  -16.959937   0.00000000   0.00000000  -0.0000   0.7279  3+[ 4, 2, 2]
 252  -14.809170  -14.809170   0.00000000   0.00000000  -0.0000   0.7911  3+[ 4, 0, 2]
 253   -2.393182   -2.393182   0.00000000   0.00000000  -0.0000   0.5497  3+[ 6, 3, 1]
 254    2.354027  -44.961373   1.00000000   0.00000001  -0.0000   0.8762  3+[ 2, 0, 2]
 255    2.807752    2.807752   0.00000000   0.00000000  -0.0000   0.4473  3+[ 6, 5, 1]
 256    3.415665    3.415665   0.00000000   0.00000000  -0.0000   0.5695  3+[ 6, 1, 1]
 257    3.712271    3.712271   0.00000000   0.00000000  -0.0000   0.4682  3+[ 6, 0, 2]
 258    5.183801    5.183801   0.00000000   0.00000000  -0.0000   0.3848  3+[ 6, 4, 2]
 259    5.419722  -48.027069   1.00000000   0.00000000  -0.0000   0.8745  3+[ 2, 1, 1]
 260    6.568906    6.568906   0.00000000   0.00000000  -0.0000   0.3849  3+[ 6, 5, 1]
 261    7.881221    7.881221   0.00000000   0.00000000  -0.0000   0.5475  3+[ 6, 2, 2]
 262    8.393586    8.393586   0.00000000   0.00000000  -0.0000   0.5542  3+[ 6, 4, 2]
 263    9.314225    9.314225   0.00000000   0.00000000  -0.0000   0.3483  3+[ 6, 3, 1]
 264   10.811876   10.811876   0.00000000   0.00000000  -0.0000   0.3051  3+[ 6, 2, 2]
 265   11.077636   11.077636   0.00000000   0.00000000  -0.0000   0.3560  3+[ 6, 0, 2]
 266   11.968911   11.968911   0.00000000   0.00000000  -0.0000   0.4196  3+[ 6, 0, 2]
 267   13.905279   13.905279   0.00000000   0.00000000  -0.0000   0.6444  3+[ 8, 7, 1]
 268   14.870123   14.870123   0.00000000   0.00000000  -0.0000   0.2390  3+[12, 2, 2]
 269   15.582008   15.582008   0.00000000   0.00000000  -0.0000   0.2466  3+[10, 3, 1]
 270   16.876955   16.876955   0.00000000   0.00000000  -0.0000   0.6010  3+[ 8, 6, 2]
 271   18.119580   18.119580   0.00000000   0.00000000  -0.0000   0.5117  3+[ 8, 5, 1]
 272   19.467915   19.467915   0.00000000   0.00000000  -0.0000   0.4607  3+[ 8, 3, 1]
 273   20.622615   20.622615   0.00000000   0.00000000  -0.0000   0.2517  3+[18,16, 2]
 274   21.697619   21.697619   0.00000000   0.00000000  -0.0000   0.3530  3+[ 8, 4, 2]
 275   22.379884   22.379884   0.00000000   0.00000000  -0.0000   0.3517  3+[ 8, 2, 2]
 276   22.726691   22.726691   0.00000000   0.00000000  -0.0000   0.4039  3+[10, 9, 1]
 277   23.479232   23.479232   0.00000000   0.00000000  -0.0000   0.4662  3+[ 8, 1, 1]
 278   24.603050   24.603050   0.00000000   0.00000000  -0.0000   0.4969  3+[ 8, 0, 2]
 279   25.711161   25.711161   0.00000000   0.00000000  -0.0000   0.3683  3+[ 8, 6, 2]
 280   27.348902   27.348902   0.00000000   0.00000000  -0.0000   0.3982  3+[10, 7, 1]
 281   27.715525   27.715525   0.00000000   0.00000000  -0.0000   0.2472  3+[20,18, 2]
 282   28.640750   28.640750   0.00000000   0.00000000  -0.0000   0.3245  3+[ 8, 6, 2]
 283   29.064348   29.064348   0.00000000   0.00000000  -0.0000   0.2398  3+[18,17, 1]
 284   31.263779   31.263779   0.00000000   0.00000000  -0.0000   0.3963  3+[10, 6, 2]
 285   32.872319   32.872319   0.00000000   0.00000000  -0.0000   0.4623  3+[10, 5, 1]
 286   33.751844   33.751844   0.00000000   0.00000000  -0.0000   0.3825  3+[10, 9, 1]
 287   35.338732   35.338732   0.00000000   0.00000000  -0.0000   0.4049  3+[10, 9, 1]
 288   36.175081   36.175081   0.00000000   0.00000000  -0.0000   0.3274  3+[10, 4, 2]
 289   37.451746   37.451746   0.00000000   0.00000000  -0.0000   0.3092  3+[10, 3, 1]
 290   37.913694   37.913694   0.00000000   0.00000000  -0.0000   0.2752  3+[10, 8, 2]
 291   38.631690   38.631690   0.00000000   0.00000000  -0.0000   0.3604  3+[12,11, 1]
 292   39.578756   39.578756   0.00000000   0.00000000  -0.0000   0.4250  3+[10, 1, 1]
 293   39.775066   39.775066   0.00000000   0.00000000  -0.0000   0.3579  3+[10, 7, 1]
 294   41.410540   41.410540   0.00000000   0.00000000  -0.0000   0.2854  3+[10, 6, 2]
 295   42.247696   42.247696   0.00000000   0.00000000  -0.0000   0.4235  3+[ 8, 0, 2]
 296   43.704097   43.704097   0.00000000   0.00000000  -0.0000   0.3471  3+[12, 7, 1]
 297   44.643953   44.643953   0.00000000   0.00000000  -0.0000   0.2924  3+[10, 5, 1]
 298   46.032049   46.032049   0.00000000   0.00000000  -0.0000   0.4153  3+[12,10, 2]
 299   47.106253   47.106253   0.00000000   0.00000000  -0.0000   0.3798  3+[12,11, 1]
 300   47.445946   47.445946   0.00000000   0.00000000  -0.0000   0.3137  3+[14,10, 2]
 301   48.027250   48.027250   0.00000000   0.00000000  -0.0000   0.4134  3+[12, 6, 2]
 302   48.831528   48.831528   0.00000000   0.00000000  -0.0000   0.3299  3+[12,10, 2]
 303   51.929035   51.929035   0.00000000   0.00000000  -0.0000   0.3363  3+[14,13, 1]
 304   52.317306   52.317306   0.00000000   0.00000000  -0.0000   0.3679  3+[12, 9, 1]
 305   53.210101   53.210101   0.00000000   0.00000000  -0.0000   0.3409  3+[12, 8, 2]
 306   55.425578   55.425578   0.00000000   0.00000000  -0.0000   0.3333  3+[12, 7, 1]
 307   56.211504   56.211504   0.00000000   0.00000000  -0.0000   0.3357  3+[12, 4, 2]
 308   57.761461   57.761461   0.00000000   0.00000000  -0.0000   0.4446  3+[12, 3, 1]
 309   58.987325   58.987325   0.00000000   0.00000000  -0.0000   0.2756  3+[12, 4, 2]
 363  -13.412561  -13.412561   0.00000000   0.00000000  -0.0000   0.5657  3-[ 5, 2, 1]
 364  -12.127038  -30.480309   1.00000000   0.00000000  -0.0000   0.8348  3-[ 3, 0, 1]
 365  -11.531121  -31.076226   1.00000000   0.00000005  -0.0000   0.8292  3-[ 3, 1, 2]
 366   -6.374452   -6.374452   0.00000000   0.00000000  -0.0000   0.5867  3-[ 5, 4, 1]
 367   -6.234732  -36.372615   1.00000000   0.00000000  -0.0000   0.7318  3-[ 3, 2, 1]
 368   -3.791681   -3.791681   0.00000000   0.00000000  -0.0000   0.7469  3-[ 5, 0, 1]
 369   -3.461195   -3.461195   0.00000000   0.00000000  -0.0000   0.6198  3-[ 5, 3, 2]
 370   -3.095491   -3.095491   0.00000000   0.00000000  -0.0000   0.6682  3-[ 5, 1, 2]
 371    4.298923    4.298923   0.00000000   0.00000000  -0.0000   0.3082  3-[ 7, 6, 1]
 372    5.864662    5.864662   0.00000000   0.00000000  -0.0000   0.2754  3-[ 7, 3, 2]
 373    6.195143    6.195143   0.00000000   0.00000000  -0.0000   0.3856  3-[ 9, 0, 1]
 374    7.995156    7.995156   0.00000000   0.00000000  -0.0000   0.4369  3-[ 7, 4, 1]
 375    8.256174    8.256174   0.00000000   0.00000000  -0.0000   0.4511  3-[ 7, 2, 1]
 376    8.626760    8.626760   0.00000000   0.00000000  -0.0000   0.3247  3-[ 7, 1, 2]
 377   10.700672   10.700672   0.00000000   0.00000000  -0.0000   0.6285  3-[ 7, 6, 1]
 378   12.025121   12.025121   0.00000000   0.00000000  -0.0000   0.3386  3-[ 7, 5, 2]
 379   12.357981   12.357981   0.00000000   0.00000000  -0.0000   0.2970  3-[ 7, 2, 1]
 380   14.175563   14.175563   0.00000000   0.00000000  -0.0000   0.5306  3-[ 7, 5, 2]
 381   15.538271   15.538271   0.00000000   0.00000000  -0.0000   0.4558  3-[ 7, 2, 1]
 382   16.709139   16.709139   0.00000000   0.00000000  -0.0000   0.4495  3-[ 7, 3, 2]
 383   16.764778  -59.372125   1.00000000   0.00000000  -0.0000   0.9646  3-[ 1, 0, 1]
 384   17.200361   17.200361   0.00000000   0.00000000  -0.0000   0.3567  3-[ 7, 1, 2]
 385   17.906819   17.906819   0.00000000   0.00000000  -0.0000   0.4452  3-[ 9, 8, 1]
 386   18.586579   18.586579   0.00000000   0.00000000  -0.0000   0.4641  3-[ 7, 0, 1]
 387   18.638974   18.638974   0.00000000   0.00000000  -0.0000   0.3517  3-[ 7, 0, 1]
 388   20.974440   20.974440   0.00000000   0.00000000  -0.0000   0.5407  3-[ 9, 7, 2]
 389   21.289595   21.289595   0.00000000   0.00000000  -0.0000   0.3661  3-[ 7, 1, 2]
 390   23.181149   23.181149   0.00000000   0.00000000  -0.0000   0.5542  3-[ 9, 6, 1]
 391   24.290532   24.290532   0.00000000   0.00000000  -0.0000   0.2262  3-[11, 4, 1]
 392   24.675411   24.675411   0.00000000   0.00000000  -0.0000   0.2948  3-[ 9, 5, 2]
 393   26.778483   26.778483   0.00000000   0.00000000  -0.0000   0.4234  3-[ 9, 5, 2]
 394   27.171630   27.171630   0.00000000   0.00000000  -0.0000   0.3834  3-[ 9, 8, 1]
 395   28.294706   28.294706   0.00000000   0.00000000  -0.0000   0.3874  3-[ 9, 4, 1]
 396   29.701327   29.701327   0.00000000   0.00000000  -0.0000   0.3839  3-[ 9, 3, 2]
 397   30.037152   30.037152   0.00000000   0.00000000  -0.0000   0.3702  3-[11, 8, 1]
 398   31.953663   31.953663   0.00000000   0.00000000  -0.0000   0.3112  3-[ 9, 1, 2]
 399   32.712670   32.712670   0.00000000   0.00000000  -0.0000   0.2645  3-[ 9, 7, 2]
 400   32.853221   32.853221   0.00000000   0.00000000  -0.0000   0.2844  3-[ 9, 7, 2]
 401   33.682507   33.682507   0.00000000   0.00000000  -0.0000   0.3044  3-[ 9, 1, 2]
 402   34.508722   34.508722   0.00000000   0.00000000  -0.0000   0.5325  3-[ 9, 0, 1]
 403   35.654177   35.654177   0.00000000   0.00000000  -0.0000   0.4044  3-[11, 7, 2]
 404   37.564635   37.564635   0.00000000   0.00000000  -0.0000   0.3342  3-[ 9, 6, 1]
 405   38.424683   38.424683   0.00000000   0.00000000  -0.0000   0.2921  3-[11, 6, 1]
 406   39.128113   39.128113   0.00000000   0.00000000  -0.0000   0.4710  3-[11,10, 1]
 407   40.966381   40.966381   0.00000000   0.00000000  -0.0000   0.2817  3-[11, 8, 1]
 408   42.150140   42.150140   0.00000000   0.00000000  -0.0000   0.2937  3-[17, 6, 1]
 409   42.463395   42.463395   0.00000000   0.00000000  -0.0000   0.3055  3-[13, 9, 2]
 410   43.322525   43.322525   0.00000000   0.00000000  -0.0000   0.4592  3-[11, 5, 2]
 411   44.266483   44.266483   0.00000000   0.00000000  -0.0000   0.4463  3-[11, 9, 2]
 412   45.204149   45.204149   0.00000000   0.00000000  -0.0000   0.4080  3-[11, 8, 1]
 413   46.816628   46.816628   0.00000000   0.00000000  -0.0000   0.3720  3-[ 9, 3, 2]
 414   48.603003   48.603003   0.00000000   0.00000000  -0.0000   0.4387  3-[11, 7, 2]
 415   49.850698   49.850698   0.00000000   0.00000000  -0.0000   0.3752  3-[11, 6, 1]
 416   51.496342   51.496342   0.00000000   0.00000000  -0.0000   0.3506  3-[11, 2, 1]
 417   52.762039   52.762039   0.00000000   0.00000000  -0.0000   0.3265  3-[11, 2, 1]
 418   53.769017   53.769017   0.00000000   0.00000000  -0.0000   0.3166  3-[13,11, 2]
 419   54.347609   54.347609   0.00000000   0.00000000  -0.0000   0.3177  3-[15, 9, 2]
 420   55.071704   55.071704   0.00000000   0.00000000  -0.0000   0.4204  3-[11, 0, 1]
 421   55.629489   55.629489   0.00000000   0.00000000  -0.0000   0.2865  3-[11, 7, 2]
 422   56.261122   56.261122   0.00000000   0.00000000  -0.0000   0.4570  3-[13,12, 1]
 423   57.333155   57.333155   0.00000000   0.00000000  -0.0000   0.3961  3-[11, 1, 2]
 424   58.915881   58.915881   0.00000000   0.00000000  -0.0000   0.4651  3-[13, 6, 1]
 425   59.594752   59.594752   0.00000000   0.00000000  -0.0000   0.4144  3-[13,11, 2]
 476  -17.992657  -17.992657   0.00000000   0.00000000  -0.0000   0.8736  5+[ 4, 0, 2]
 477  -17.838545  -24.768802   1.00000000   0.00000000  -0.0000   0.7842  5+[ 4, 2, 2]
 478  -16.958869  -16.958869   0.00000000   0.00000000  -0.0000   0.8646  5+[ 4, 1, 3]
 479   -2.392711   -2.392711   0.00000000   0.00000000  -0.0000   0.5397  5+[ 6, 2, 2]
 480    3.164485    3.164485   0.00000000   0.00000000  -0.0000   0.4631  5+[ 6, 2, 2]
 481    3.442967    3.442967   0.00000000   0.00000000  -0.0000   0.5293  5+[ 6, 0, 2]
 482    5.370386    5.370386   0.00000000   0.00000000  -0.0000   0.5527  5+[ 6, 1, 3]
 483    5.413651  -48.020998   1.00000000   0.00000000  -0.0000   0.9696  5+[ 2, 0, 2]
 484    7.548052    7.548052   0.00000000   0.00000000  -0.0000   0.3329  5+[ 6, 2, 2]
 485    8.046266    8.046266   0.00000000   0.00000000  -0.0000   0.5621  5+[ 6, 3, 3]
 486    9.686526    9.686526   0.00000000   0.00000000  -0.0000   0.3717  5+[ 6, 3, 3]
 487   10.160582   10.160582   0.00000000   0.00000000  -0.0000   0.4521  5+[ 6, 0, 2]
 488   11.055099   11.055099   0.00000000   0.00000000  -0.0000   0.3068  5+[ 6, 0, 2]
 489   12.107343   12.107343   0.00000000   0.00000000  -0.0000   0.3790  5+[ 6, 1, 3]
 490   14.603826   14.603826   0.00000000   0.00000000  -0.0000   0.3137  5+[ 8, 6, 2]
 491   15.585272   15.585272   0.00000000   0.00000000  -0.0000   0.2406  5+[12, 1, 3]
 492   16.426695   16.426695   0.00000000   0.00000000  -0.0000   0.5889  5+[ 8, 6, 2]
 493   18.136340   18.136340   0.00000000   0.00000000  -0.0000   0.5696  5+[ 8, 4, 2]
 494   19.539534   19.539534   0.00000000   0.00000000  -0.0000   0.5349  5+[ 8, 5, 3]
 495   20.698152   20.698152   0.00000000   0.00000000  -0.0000   0.3260  5+[ 8, 3, 3]
 496   21.123590   21.123590   0.00000000   0.00000000  -0.0000   0.3255  5+[ 8, 2, 2]
 497   21.933161   21.933161   0.00000000   0.00000000  -0.0000   0.4393  5+[ 8, 2, 2]
 498   23.415158   23.415158   0.00000000   0.00000000  -0.0000   0.5660  5+[ 8, 0, 2]
 499   24.182553   24.182553   0.00000000   0.00000000  -0.0000   0.4204  5+[ 8, 1, 3]
 500   24.863930   24.863930   0.00000000   0.00000000  -0.0000   0.3144  5+[ 8, 6, 2]
 501   27.294083   27.294083   0.00000000   0.00000000  -0.0000   0.3820  5+[10, 7, 3]
 502   27.670222   27.670222   0.00000000   0.00000000  -0.0000   0.3645  5+[ 8, 1, 3]
 503   28.135698   28.135698   0.00000000   0.00000000  -0.0000   0.2539  5+[10, 6, 2]
 504   29.024752   29.024752   0.00000000   0.00000000  -0.0000   0.3265  5+[10, 6, 2]
 505   30.448967   30.448967   0.00000000   0.00000000  -0.0000   0.3441  5+[10, 6, 2]
 506   33.318137   33.318137   0.00000000   0.00000000  -0.0000   0.3728  5+[10, 5, 3]
 507   33.840389   33.840389   0.00000000   0.00000000  -0.0000   0.3837  5+[10, 8, 2]
 508   35.681057   35.681057   0.00000000   0.00000000  -0.0000   0.3631  5+[10, 4, 2]
 509   36.903088   36.903088   0.00000000   0.00000000  -0.0000   0.2956  5+[20,17, 3]
 510   37.360871   37.360871   0.00000000   0.00000000  -0.0000   0.3013  5+[10, 2, 2]
 511   38.347120   38.347120   0.00000000   0.00000000  -0.0000   0.3232  5+[10, 8, 2]
 512   39.266105   39.266105   0.00000000   0.00000000  -0.0000   0.3938  5+[10, 2, 2]
 513   40.059555   40.059555   0.00000000   0.00000000  -0.0000   0.3604  5+[10, 3, 3]
 514   40.934956   40.934956   0.00000000   0.00000000  -0.0000   0.3302  5+[10, 0, 2]
 515   41.462061   41.462061   0.00000000   0.00000000  -0.0000   0.3479  5+[ 8, 0, 2]
 516   43.517024   43.517024   0.00000000   0.00000000  -0.0000   0.2952  5+[10, 1, 3]
 517   44.791081   44.791081   0.00000000   0.00000000  -0.0000   0.3685  5+[12,10, 2]
 518   44.899191   44.899191   0.00000000   0.00000000  -0.0000   0.3123  5+[12,10, 2]
 519   46.906026   46.906026   0.00000000   0.00000000  -0.0000   0.4035  5+[12, 6, 2]
 520   47.222360   47.222360   0.00000000   0.00000000  -0.0000   0.2880  5+[20,18, 2]
 521   48.251170   48.251170   0.00000000   0.00000000  -0.0000   0.3009  5+[20,17, 3]
 522   49.576505   49.576505   0.00000000   0.00000000  -0.0000   0.4130  5+[12,10, 2]
 523   51.475994   51.475994   0.00000000   0.00000000  -0.0000   0.4434  5+[12, 9, 3]
 524   52.104147   52.104147   0.00000000   0.00000000  -0.0000   0.3609  5+[10, 5, 3]
 525   55.180933   55.180933   0.00000000   0.00000000  -0.0000   0.3057  5+[12, 4, 2]
 526   56.312767   56.312767   0.00000000   0.00000000  -0.0000   0.2990  5+[12, 8, 2]
 527   57.551897   57.551897   0.00000000   0.00000000  -0.0000   0.4265  5+[12, 2, 2]
 528   58.903973   58.903973   0.00000000   0.00000000  -0.0000   0.2773  5+[12, 4, 2]
 529   59.927948   59.927948   0.00000000   0.00000000  -0.0000   0.2908  5+[14, 8, 2]
 580  -13.409415  -13.409415   0.00000000   0.00000000  -0.0000   0.6405  5-[ 5, 3, 2]
 581  -11.540937  -31.066410   1.00000000   0.00000000  -0.0000   0.9126  5-[ 3, 0, 3]
 582   -6.367686   -6.367686   0.00000000   0.00000000  -0.0000   0.7265  5-[ 5, 1, 2]
 583   -6.235592  -36.371755   1.00000000   0.00000001  -0.0000   0.9042  5-[ 3, 1, 2]
 584   -3.459503   -3.459503   0.00000000   0.00000000  -0.0000   0.7780  5-[ 5, 2, 3]
 585   -3.079129   -3.079129   0.00000000   0.00000000  -0.0000   0.8239  5-[ 5, 0, 3]
 586    5.684755    5.684755   0.00000000   0.00000000  -0.0000   0.3073  5-[ 7, 3, 2]
 587    7.253065    7.253065   0.00000000   0.00000000  -0.0000   0.3474  5-[ 9, 0, 3]
 588    8.094185    8.094185   0.00000000   0.00000000  -0.0000   0.4734  5-[ 7, 3, 2]
 589    8.414673    8.414673   0.00000000   0.00000000  -0.0000   0.4524  5-[ 7, 1, 2]
 590    9.077374    9.077374   0.00000000   0.00000000  -0.0000   0.3300  5-[ 9, 0, 3]
 591   11.599163   11.599163   0.00000000   0.00000000  -0.0000   0.4546  5-[ 7, 5, 2]
 592   12.607943   12.607943   0.00000000   0.00000000  -0.0000   0.3136  5-[ 7, 2, 3]
 593   13.864952   13.864952   0.00000000   0.00000000  -0.0000   0.4194  5-[ 7, 5, 2]
 594   15.847181   15.847181   0.00000000   0.00000000  -0.0000   0.5917  5-[ 7, 4, 3]
 595   16.662580   16.662580   0.00000000   0.00000000  -0.0000   0.3857  5-[ 7, 1, 2]
 596   17.086749   17.086749   0.00000000   0.00000000  -0.0000   0.3894  5-[ 7, 2, 3]
 597   18.255894   18.255894   0.00000000   0.00000000  -0.0000   0.3121  5-[ 9, 7, 2]
 598   19.446708   19.446708   0.00000000   0.00000000  -0.0000   0.6112  5-[ 7, 0, 3]
 599   20.270116   20.270116   0.00000000   0.00000000  -0.0000   0.5427  5-[ 9, 7, 2]
 600   21.171026   21.171026   0.00000000   0.00000000  -0.0000   0.3640  5-[ 7, 2, 3]
 601   23.078584   23.078584   0.00000000   0.00000000  -0.0000   0.5829  5-[ 9, 6, 3]
 602   24.205636   24.205636   0.00000000   0.00000000  -0.0000   0.3577  5-[ 9, 5, 2]
 603   24.648085   24.648085   0.00000000   0.00000000  -0.0000   0.2463  5-[ 9, 5, 2]
 604   26.052316   26.052316   0.00000000   0.00000000  -0.0000   0.3768  5-[ 9, 5, 2]
 605   28.339357   28.339357   0.00000000   0.00000000  -0.0000   0.4639  5-[ 9, 4, 3]
 606   28.794125   28.794125   0.00000000   0.00000000  -0.0000   0.4055  5-[11, 9, 2]
 607   29.326139   29.326139   0.00000000   0.00000000  -0.0000   0.3430  5-[11, 8, 3]
 608   31.547097   31.547097   0.00000000   0.00000000  -0.0000   0.3406  5-[ 9, 1, 2]
 609   32.247515   32.247515   0.00000000   0.00000000  -0.0000   0.2917  5-[ 9, 1, 2]
 610   33.030817   33.030817   0.00000000   0.00000000  -0.0000   0.3676  5-[ 9, 6, 3]
 611   33.646733   33.646733   0.00000000   0.00000000  -0.0000   0.3568  5-[ 9, 1, 2]
 612   34.629006   34.629006   0.00000000   0.00000000  -0.0000   0.4592  5-[11, 7, 2]
 613   35.606369   35.606369   0.00000000   0.00000000  -0.0000   0.4892  5-[ 9, 0, 3]
 614   37.146319   37.146319   0.00000000   0.00000000  -0.0000   0.3294  5-[11, 6, 3]
 615   38.849230   38.849230   0.00000000   0.00000000  -0.0000   0.3280  5-[11, 6, 3]
 616   39.509534   39.509534   0.00000000   0.00000000  -0.0000   0.4784  5-[11, 9, 2]
 617   41.060482   41.060482   0.00000000   0.00000000  -0.0000   0.3285  5-[21,18, 3]
 618   42.177113   42.177113   0.00000000   0.00000000  -0.0000   0.4707  5-[11, 5, 2]
 619   42.628272   42.628272   0.00000000   0.00000000  -0.0000   0.2717  5-[13, 9, 2]
 620   44.026486   44.026486   0.00000000   0.00000000  -0.0000   0.4116  5-[11, 9, 2]
 621   45.081905   45.081905   0.00000000   0.00000000  -0.0000   0.4419  5-[11, 8, 3]
 622   45.998940   45.998940   0.00000000   0.00000000  -0.0000   0.3449  5-[ 9, 4, 3]
 623   47.833612   47.833612   0.00000000   0.00000000  -0.0000   0.4330  5-[11, 7, 2]
 624   50.314542   50.314542   0.00000000   0.00000000  -0.0000   0.3840  5-[11, 6, 3]
 625   51.887940   51.887940   0.00000000   0.00000000  -0.0000   0.3974  5-[11, 1, 2]
 626   52.475941   52.475941   0.00000000   0.00000000  -0.0000   0.2995  5-[21,18, 3]
 627   53.023217   53.023217   0.00000000   0.00000000  -0.0000   0.3510  5-[11, 1, 2]
 628   54.214385   54.214385   0.00000000   0.00000000  -0.0000   0.3621  5-[15, 9, 2]
 629   55.220914   55.220914   0.00000000   0.00000000  -0.0000   0.3121  5-[13,10, 3]
 630   55.337526   55.337526   0.00000000   0.00000000  -0.0000   0.3092  5-[11, 2, 3]
 631   57.355873   57.355873   0.00000000   0.00000000  -0.0000   0.4633  5-[11, 0, 3]
 632   58.502530   58.502530   0.00000000   0.00000000  -0.0000   0.3831  5-[13,11, 2]
 633   58.807793   58.807793   0.00000000   0.00000000  -0.0000   0.4170  5-[13, 6, 3]
 634   59.267585   59.267585   0.00000000   0.00000000  -0.0000   0.3506  5-[13,10, 3]
 682  -17.840204  -24.767143   1.00000000   0.00000004  -0.0000   0.9208  7+[ 4, 1, 3]
 683  -16.948974  -16.948974   0.00000000   0.00000000  -0.0000   0.9305  7+[ 4, 0, 4]
 684   -2.389694   -2.389694   0.00000000   0.00000000  -0.0000   0.6829  7+[ 6, 3, 3]
 685    3.446827    3.446827   0.00000000   0.00000000  -0.0000   0.7221  7+[ 6, 1, 3]
 686    5.593101    5.593101   0.00000000   0.00000000  -0.0000   0.6690  7+[ 6, 0, 4]
 687    8.058190    8.058190   0.00000000   0.00000000  -0.0000   0.7218  7+[ 6, 2, 4]
 688    8.898373    8.898373   0.00000000   0.00000000  -0.0000   0.2572  7+[ 8, 5, 3]
 689   11.158859   11.158859   0.00000000   0.00000000  -0.0000   0.3756  7+[ 6, 0, 4]
 690   11.380215   11.380215   0.00000000   0.00000000  -0.0000   0.3392  7+[10, 1, 3]
 691   12.607063   12.607063   0.00000000   0.00000000  -0.0000   0.3767  7+[ 6, 0, 4]
 692   15.146273   15.146273   0.00000000   0.00000000  -0.0000   0.2977  7+[ 8, 3, 3]
 693   16.433918   16.433918   0.00000000   0.00000000  -0.0000   0.3080  7+[12, 2, 4]
 694   17.891205   17.891205   0.00000000   0.00000000  -0.0000   0.6403  7+[ 8, 5, 3]
 695   19.267544   19.267544   0.00000000   0.00000000  -0.0000   0.5799  7+[ 8, 3, 3]
 696   21.021027   21.021027   0.00000000   0.00000000  -0.0000   0.3958  7+[ 8, 4, 4]
 697   21.838476   21.838476   0.00000000   0.00000000  -0.0000   0.2859  7+[ 8, 4, 4]
 698   22.439741   22.439741   0.00000000   0.00000000  -0.0000   0.3840  7+[ 8, 2, 4]
 699   22.982294   22.982294   0.00000000   0.00000000  -0.0000   0.6375  7+[ 8, 1, 3]
 700   25.334581   25.334581   0.00000000   0.00000000  -0.0000   0.5791  7+[ 8, 0, 4]
 701   26.281144   26.281144   0.00000000   0.00000000  -0.0000   0.5244  7+[10, 7, 3]
 702   27.821643   27.821643   0.00000000   0.00000000  -0.0000   0.3104  7+[ 8, 2, 4]
 703   28.456887   28.456887   0.00000000   0.00000000  -0.0000   0.2753  7+[18,14, 4]
 704   28.629329   28.629329   0.00000000   0.00000000  -0.0000   0.4011  7+[ 8, 2, 4]
 705   31.576655   31.576655   0.00000000   0.00000000  -0.0000   0.4364  7+[10, 6, 4]
 706   32.371843   32.371843   0.00000000   0.00000000  -0.0000   0.5315  7+[10, 5, 3]
 707   35.551348   35.551348   0.00000000   0.00000000  -0.0000   0.4110  7+[10, 7, 3]
 708   35.852265   35.852265   0.00000000   0.00000000  -0.0000   0.4153  7+[10, 4, 4]
 709   36.905818   36.905818   0.00000000   0.00000000  -0.0000   0.3149  7+[16, 4, 4]
 710   37.257415   37.257415   0.00000000   0.00000000  -0.0000   0.3208  7+[10, 3, 3]
 711   38.833345   38.833345   0.00000000   0.00000000  -0.0000   0.4704  7+[10, 1, 3]
 712   39.552774   39.552774   0.00000000   0.00000000  -0.0000   0.3663  7+[10, 3, 3]
 713   41.464641   41.464641   0.00000000   0.00000000  -0.0000   0.3816  7+[10, 6, 4]
 714   42.377614   42.377614   0.00000000   0.00000000  -0.0000   0.3247  7+[ 8, 0, 4]
 715   43.062861   43.062861   0.00000000   0.00000000  -0.0000   0.3628  7+[12, 7, 3]
 716   44.139618   44.139618   0.00000000   0.00000000  -0.0000   0.3227  7+[10, 2, 4]
 717   45.915310   45.915310   0.00000000   0.00000000  -0.0000   0.3610  7+[22,18, 4]
 718   46.571534   46.571534   0.00000000   0.00000000  -0.0000   0.4903  7+[12, 9, 3]
 719   47.745527   47.745527   0.00000000   0.00000000  -0.0000   0.4390  7+[12, 6, 4]
 720   47.972698   47.972698   0.00000000   0.00000000  -0.0000   0.2932  7+[20,17, 3]
 721   51.055981   51.055981   0.00000000   0.00000000  -0.0000   0.3816  7+[12, 5, 3]
 722   52.697479   52.697479   0.00000000   0.00000000  -0.0000   0.4003  7+[12, 8, 4]
 723   54.354785   54.354785   0.00000000   0.00000000  -0.0000   0.3756  7+[12, 7, 3]
 724   55.384659   55.384659   0.00000000   0.00000000  -0.0000   0.3792  7+[12, 8, 4]
 725   57.164192   57.164192   0.00000000   0.00000000  -0.0000   0.4160  7+[12, 3, 3]
 726   58.311892   58.311892   0.00000000   0.00000000  -0.0000   0.2681  7+[22,18, 4]
 727   59.493389   59.493389   0.00000000   0.00000000  -0.0000   0.5306  7+[12, 1, 3]
 775  -13.407017  -13.407017   0.00000000   0.00000000  -0.0000   0.8144  7-[ 5, 2, 3]
 776   -6.357921   -6.357921   0.00000000   0.00000000  -0.0000   0.8944  7-[ 5, 0, 3]
 777   -6.243017  -36.364330   1.00000000   0.00000001  -0.0000   0.9756  7-[ 3, 0, 3]
 778   -3.456936   -3.456936   0.00000000   0.00000000  -0.0000   0.8818  7-[ 5, 1, 4]
 779    6.815144    6.815144   0.00000000   0.00000000  -0.0000   0.3855  7-[ 9, 0, 3]
 780    8.159098    8.159098   0.00000000   0.00000000  -0.0000   0.5876  7-[ 7, 4, 3]
 781    8.702118    8.702118   0.00000000   0.00000000  -0.0000   0.3444  7-[ 7, 0, 3]
 782    9.593491    9.593491   0.00000000   0.00000000  -0.0000   0.3705  7-[ 7, 1, 4]
 783   12.296082   12.296082   0.00000000   0.00000000  -0.0000   0.3214  7-[ 7, 2, 3]
 784   13.654961   13.654961   0.00000000   0.00000000  -0.0000   0.3308  7-[ 7, 1, 4]
 785   15.343329   15.343329   0.00000000   0.00000000  -0.0000   0.4723  7-[ 7, 2, 3]
 786   17.047478   17.047478   0.00000000   0.00000000  -0.0000   0.5928  7-[ 7, 3, 4]
 787   17.693836   17.693836   0.00000000   0.00000000  -0.0000   0.4870  7-[ 7, 0, 3]
 788   18.293650   18.293650   0.00000000   0.00000000  -0.0000   0.4073  7-[ 7, 0, 3]
 789   18.683612   18.683612   0.00000000   0.00000000  -0.0000   0.2601  7-[ 7, 0, 3]
 790   21.491733   21.491733   0.00000000   0.00000000  -0.0000   0.4557  7-[ 7, 1, 4]
 791   22.157271   22.157271   0.00000000   0.00000000  -0.0000   0.6074  7-[ 9, 6, 3]
 792   24.160411   24.160411   0.00000000   0.00000000  -0.0000   0.3006  7-[ 9, 4, 3]
 793   24.657775   24.657775   0.00000000   0.00000000  -0.0000   0.4149  7-[ 9, 5, 4]
 794   26.802470   26.802470   0.00000000   0.00000000  -0.0000   0.4977  7-[ 9, 5, 4]
 795   27.344466   27.344466   0.00000000   0.00000000  -0.0000   0.5456  7-[ 9, 4, 3]
 796   29.383917   29.383917   0.00000000   0.00000000  -0.0000   0.3995  7-[11, 8, 3]
 797   30.896205   30.896205   0.00000000   0.00000000  -0.0000   0.3610  7-[ 9, 3, 4]
 798   31.499706   31.499706   0.00000000   0.00000000  -0.0000   0.3651  7-[ 9, 2, 3]
 799   32.060568   32.060568   0.00000000   0.00000000  -0.0000   0.2804  7-[19,15, 4]
 800   33.270981   33.270981   0.00000000   0.00000000  -0.0000   0.3424  7-[ 9, 2, 3]
 801   33.753011   33.753011   0.00000000   0.00000000  -0.0000   0.6448  7-[ 9, 0, 3]
 802   36.007571   36.007571   0.00000000   0.00000000  -0.0000   0.3752  7-[11, 7, 4]
 803   36.994198   36.994198   0.00000000   0.00000000  -0.0000   0.4838  7-[11, 6, 3]
 804   38.032339   38.032339   0.00000000   0.00000000  -0.0000   0.3699  7-[ 9, 1, 4]
 805   40.462868   40.462868   0.00000000   0.00000000  -0.0000   0.4045  7-[11, 8, 3]
 806   41.207247   41.207247   0.00000000   0.00000000  -0.0000   0.3008  7-[15, 6, 3]
 807   41.757524   41.757524   0.00000000   0.00000000  -0.0000   0.3205  7-[13, 7, 4]
 808   43.079754   43.079754   0.00000000   0.00000000  -0.0000   0.5326  7-[11, 5, 4]
 809   44.092592   44.092592   0.00000000   0.00000000  -0.0000   0.4722  7-[11, 4, 3]
 810   46.908082   46.908082   0.00000000   0.00000000  -0.0000   0.3872  7-[11, 3, 4]
 811   47.850817   47.850817   0.00000000   0.00000000  -0.0000   0.4946  7-[11, 7, 4]
 812   48.680701   48.680701   0.00000000   0.00000000  -0.0000   0.4141  7-[13, 8, 3]
 813   51.432537   51.432537   0.00000000   0.00000000  -0.0000   0.4736  7-[11, 2, 3]
 814   52.188963   52.188963   0.00000000   0.00000000  -0.0000   0.3109  7-[13,10, 3]
 815   53.108946   53.108946   0.00000000   0.00000000  -0.0000   0.2771  7-[15, 9, 4]
 816   53.565630   53.565630   0.00000000   0.00000000  -0.0000   0.3381  7-[13, 7, 4]
 817   54.100783   54.100783   0.00000000   0.00000000  -0.0000   0.5460  7-[11, 0, 3]
 818   55.217674   55.217674   0.00000000   0.00000000  -0.0000   0.3819  7-[13,10, 3]
 819   56.937082   56.937082   0.00000000   0.00000000  -0.0000   0.4062  7-[11, 1, 4]
 820   57.779148   57.779148   0.00000000   0.00000000  -0.0000   0.4246  7-[13, 6, 3]
 821   59.605381   59.605381   0.00000000   0.00000000  -0.0000   0.4429  7-[13, 9, 4]
 867  -17.847523  -24.759824   1.00000000   0.00000000  -0.0000   0.9809  9+[ 4, 0, 4]
 868   -2.387308   -2.387308   0.00000000   0.00000000  -0.0000   0.8345  9+[ 6, 2, 4]
 869    3.494739    3.494739   0.00000000   0.00000000  -0.0000   0.8387  9+[ 6, 0, 4]
 870    8.127581    8.127581   0.00000000   0.00000000  -0.0000   0.8300  9+[ 6, 1, 5]
 871   10.055945   10.055945   0.00000000   0.00000000  -0.0000   0.3427  9+[10, 0, 4]
 872   11.814616   11.814616   0.00000000   0.00000000  -0.0000   0.3002  9+[12, 0, 4]
 873   13.391514   13.391514   0.00000000   0.00000000  -0.0000   0.3364  9+[12, 1, 5]
 874   16.022667   16.022667   0.00000000   0.00000000  -0.0000   0.3840  9+[ 8, 2, 4]
 875   17.070207   17.070207   0.00000000   0.00000000  -0.0000   0.2997  9+[12, 1, 5]
 876   18.523644   18.523644   0.00000000   0.00000000  -0.0000   0.6436  9+[ 8, 4, 4]
 877   20.988436   20.988436   0.00000000   0.00000000  -0.0000   0.5307  9+[ 8, 2, 4]
 878   21.963249   21.963249   0.00000000   0.00000000  -0.0000   0.3354  9+[ 8, 3, 5]
 879   22.874843   22.874843   0.00000000   0.00000000  -0.0000   0.2833  9+[ 8, 2, 4]
 880   23.495343   23.495343   0.00000000   0.00000000  -0.0000   0.6513  9+[ 8, 0, 4]
 881   25.117915   25.117915   0.00000000   0.00000000  -0.0000   0.5083  9+[ 8, 3, 5]
 882   28.076785   28.076785   0.00000000   0.00000000  -0.0000   0.5276  9+[10, 6, 4]
 883   28.246097   28.246097   0.00000000   0.00000000  -0.0000   0.4707  9+[ 8, 1, 5]
 884   29.241862   29.241862   0.00000000   0.00000000  -0.0000   0.2673  9+[10, 6, 4]
 885   29.551532   29.551532   0.00000000   0.00000000  -0.0000   0.3507  9+[10, 5, 5]
 886   33.632514   33.632514   0.00000000   0.00000000  -0.0000   0.5403  9+[10, 5, 5]
 887   34.663683   34.663683   0.00000000   0.00000000  -0.0000   0.4992  9+[10, 4, 4]
 888   36.490738   36.490738   0.00000000   0.00000000  -0.0000   0.3429  9+[12, 8, 4]
 889   37.657952   37.657952   0.00000000   0.00000000  -0.0000   0.3767  9+[20,15, 5]
 890   38.201769   38.201769   0.00000000   0.00000000  -0.0000   0.5101  9+[10, 2, 4]
 891   39.651832   39.651832   0.00000000   0.00000000  -0.0000   0.4399  9+[10, 3, 5]
 892   40.364512   40.364512   0.00000000   0.00000000  -0.0000   0.3162  9+[10, 0, 4]
 893   40.509019   40.509019   0.00000000   0.00000000  -0.0000   0.3836  9+[10, 0, 4]
 894   43.508680   43.508680   0.00000000   0.00000000  -0.0000   0.3804  9+[10, 1, 5]
 895   44.336545   44.336545   0.00000000   0.00000000  -0.0000   0.3358  9+[10, 6, 4]
 896   45.634104   45.634104   0.00000000   0.00000000  -0.0000   0.3709  9+[10, 4, 4]
 897   45.889655   45.889655   0.00000000   0.00000000  -0.0000   0.3252  9+[12, 6, 4]
 898   47.245799   47.245799   0.00000000   0.00000000  -0.0000   0.3698  9+[22,17, 5]
 899   49.040470   49.040470   0.00000000   0.00000000  -0.0000   0.3803  9+[12, 8, 4]
 900   51.150695   51.150695   0.00000000   0.00000000  -0.0000   0.4018  9+[12, 5, 5]
 901   54.188256   54.188256   0.00000000   0.00000000  -0.0000   0.3841  9+[12, 4, 4]
 902   55.862339   55.862339   0.00000000   0.00000000  -0.0000   0.4319  9+[12, 7, 5]
 903   57.530971   57.530971   0.00000000   0.00000000  -0.0000   0.4827  9+[12, 2, 4]
 904   57.852689   57.852689   0.00000000   0.00000000  -0.0000   0.2817  9+[12, 7, 5]
 905   59.003985   59.003985   0.00000000   0.00000000  -0.0000   0.3649  9+[22,17, 5]
 906   59.726779   59.726779   0.00000000   0.00000000  -0.0000   0.4652  9+[12, 3, 5]
 950  -13.404233  -13.404233   0.00000000   0.00000000  -0.0000   0.9312  9-[ 5, 1, 4]
 951   -3.444269   -3.444269   0.00000000   0.00000000  -0.0000   0.9330  9-[ 5, 0, 5]
 952    8.175847    8.175847   0.00000000   0.00000000  -0.0000   0.7361  9-[ 7, 3, 4]
 953    9.088078    9.088078   0.00000000   0.00000000  -0.0000   0.5374  9-[ 7, 1, 4]
 954   10.615318   10.615318   0.00000000   0.00000000  -0.0000   0.4577  9-[ 7, 0, 5]
 955   13.577442   13.577442   0.00000000   0.00000000  -0.0000   0.3361  9-[ 7, 1, 4]
 956   14.398038   14.398038   0.00000000   0.00000000  -0.0000   0.2990  9-[ 9, 2, 5]
 957   16.472669   16.472669   0.00000000   0.00000000  -0.0000   0.5333  9-[ 7, 1, 4]
 958   18.192542   18.192542   0.00000000   0.00000000  -0.0000   0.5592  9-[ 7, 2, 5]
 959   19.415899   19.415899   0.00000000   0.00000000  -0.0000   0.2336  9-[11, 1, 4]
 960   20.049849   20.049849   0.00000000   0.00000000  -0.0000   0.5794  9-[ 7, 0, 5]
 961   21.829604   21.829604   0.00000000   0.00000000  -0.0000   0.3943  9-[ 7, 2, 5]
 962   24.094324   24.094324   0.00000000   0.00000000  -0.0000   0.5783  9-[ 9, 5, 4]
 963   25.370222   25.370222   0.00000000   0.00000000  -0.0000   0.4295  9-[ 9, 3, 4]
 964   26.001279   26.001279   0.00000000   0.00000000  -0.0000   0.3481  9-[ 9, 4, 5]
 965   28.495580   28.495580   0.00000000   0.00000000  -0.0000   0.5018  9-[ 9, 3, 4]
 966   29.313731   29.313731   0.00000000   0.00000000  -0.0000   0.4425  9-[ 9, 4, 5]
 967   30.818008   30.818008   0.00000000   0.00000000  -0.0000   0.4306  9-[ 9, 1, 4]
 968   32.606408   32.606408   0.00000000   0.00000000  -0.0000   0.2402  9-[19,14, 5]
 969   33.378028   33.378028   0.00000000   0.00000000  -0.0000   0.4408  9-[ 9, 1, 4]
 970   33.913712   33.913712   0.00000000   0.00000000  -0.0000   0.4931  9-[11, 7, 4]
 971   34.831937   34.831937   0.00000000   0.00000000  -0.0000   0.4892  9-[ 9, 0, 5]
 972   37.163137   37.163137   0.00000000   0.00000000  -0.0000   0.4137  9-[ 9, 0, 5]
 973   38.987854   38.987854   0.00000000   0.00000000  -0.0000   0.3806  9-[ 9, 4, 5]
 974   40.777323   40.777323   0.00000000   0.00000000  -0.0000   0.4594  9-[11, 5, 4]
 975   41.473737   41.473737   0.00000000   0.00000000  -0.0000   0.3105  9-[21,17, 4]
 976   42.282785   42.282785   0.00000000   0.00000000  -0.0000   0.3358  9-[21,16, 5]
 977   43.792004   43.792004   0.00000000   0.00000000  -0.0000   0.3430  9-[11, 3, 4]
 978   45.670557   45.670557   0.00000000   0.00000000  -0.0000   0.4842  9-[11, 4, 5]
 979   46.627567   46.627567   0.00000000   0.00000000  -0.0000   0.3836  9-[11, 7, 4]
 980   49.702363   49.702363   0.00000000   0.00000000  -0.0000   0.4537  9-[11, 6, 5]
 981   51.717591   51.717591   0.00000000   0.00000000  -0.0000   0.5735  9-[11, 1, 4]
 982   52.354096   52.354096   0.00000000   0.00000000  -0.0000   0.5279  9-[13, 7, 4]
 983   52.907791   52.907791   0.00000000   0.00000000  -0.0000   0.3262  9-[15,11, 4]
 984   53.898961   53.898961   0.00000000   0.00000000  -0.0000   0.3245  9-[21,16, 5]
 985   54.725113   54.725113   0.00000000   0.00000000  -0.0000   0.4427  9-[11, 2, 5]
 986   56.831116   56.831116   0.00000000   0.00000000  -0.0000   0.3548  9-[11, 0, 5]
 987   57.323437   57.323437   0.00000000   0.00000000  -0.0000   0.3283  9-[11, 0, 5]
 988   57.994439   57.994439   0.00000000   0.00000000  -0.0000   0.3092  9-[13, 6, 5]
1031   -2.384119   -2.384119   0.00000000   0.00000000  -0.0000   0.9380 11+[ 6, 1, 5]
1032    8.173030    8.173030   0.00000000   0.00000000  -0.0000   0.8686 11+[ 6, 0, 6]
1033   12.578292   12.578292   0.00000000   0.00000000  -0.0000   0.3816 11+[10, 1, 5]
1034   14.304011   14.304011   0.00000000   0.00000000  -0.0000   0.4391 11+[12, 0, 6]
1035   16.566774   16.566774   0.00000000   0.00000000  -0.0000   0.3829 11+[ 8, 3, 5]
1036   17.873051   17.873051   0.00000000   0.00000000  -0.0000   0.3278 11+[ 8, 2, 6]
1037   19.170584   19.170584   0.00000000   0.00000000  -0.0000   0.6296 11+[ 8, 3, 5]
1038   22.916204   22.916204   0.00000000   0.00000000  -0.0000   0.6278 11+[ 8, 1, 5]
1039   23.087394   23.087394   0.00000000   0.00000000  -0.0000   0.2891 11+[ 8, 2, 6]
1040   23.907732   23.907732   0.00000000   0.00000000  -0.0000   0.2730 11+[12, 2, 6]
1041   26.796861   26.796861   0.00000000   0.00000000  -0.0000   0.5725 11+[ 8, 0, 6]
1042   28.699388   28.699388   0.00000000   0.00000000  -0.0000   0.4950 11+[ 8, 2, 6]
1043   29.310031   29.310031   0.00000000   0.00000000  -0.0000   0.3126 11+[14, 3, 5]
1044   31.048675   31.048675   0.00000000   0.00000000  -0.0000   0.5980 11+[10, 5, 5]
1045   31.142919   31.142919   0.00000000   0.00000000  -0.0000   0.3292 11+[16,10, 6]
1046   35.786452   35.786452   0.00000000   0.00000000  -0.0000   0.6043 11+[10, 4, 6]
1047   37.242284   37.242284   0.00000000   0.00000000  -0.0000   0.4466 11+[10, 3, 5]
1048   37.680561   37.680561   0.00000000   0.00000000  -0.0000   0.3961 11+[10, 1, 5]
1049   38.984660   38.984660   0.00000000   0.00000000  -0.0000   0.4479 11+[10, 1, 5]
1050   39.747645   39.747645   0.00000000   0.00000000  -0.0000   0.3567 11+[18,12, 6]
1051   41.499770   41.499770   0.00000000   0.00000000  -0.0000   0.5080 11+[12, 7, 5]
1052   42.065183   42.065183   0.00000000   0.00000000  -0.0000   0.4044 11+[10, 0, 6]
1053   44.295599   44.295599   0.00000000   0.00000000  -0.0000   0.3790 11+[10, 0, 6]
1054   46.712412   46.712412   0.00000000   0.00000000  -0.0000   0.3511 11+[12, 5, 5]
1055   47.493086   47.493086   0.00000000   0.00000000  -0.0000   0.4382 11+[12, 6, 6]
1056   48.897827   48.897827   0.00000000   0.00000000  -0.0000   0.4041 11+[12, 5, 5]
1057   49.883166   49.883166   0.00000000   0.00000000  -0.0000   0.3789 11+[20,14, 6]
1058   52.304165   52.304165   0.00000000   0.00000000  -0.0000   0.3833 11+[12, 7, 5]
1059   54.269014   54.269014   0.00000000   0.00000000  -0.0000   0.4134 11+[12, 4, 6]
1060   57.173535   57.173535   0.00000000   0.00000000  -0.0000   0.5806 11+[12, 3, 5]
1061   58.433154   58.433154   0.00000000   0.00000000  -0.0000   0.5719 11+[12, 1, 5]
1062   58.916869   58.916869   0.00000000   0.00000000  -0.0000   0.3495 11+[22,17, 5]
1103  -13.395832  -13.395832   0.00000000   0.00000000  -0.0000   0.9850 11-[ 5, 0, 5]
1104    8.185332    8.185332   0.00000000   0.00000000  -0.0000   0.8518 11-[ 7, 2, 5]
1105    9.771264    9.771264   0.00000000   0.00000000  -0.0000   0.6163 11-[ 7, 0, 5]
1106   14.623122   14.623122   0.00000000   0.00000000  -0.0000   0.3398 11-[ 7, 1, 6]
1107   15.300797   15.300797   0.00000000   0.00000000  -0.0000   0.3420 11-[ 9, 1, 6]
1108   17.497785   17.497785   0.00000000   0.00000000  -0.0000   0.6469 11-[ 7, 0, 5]
1109   19.469108   19.469108   0.00000000   0.00000000  -0.0000   0.5134 11-[ 7, 1, 6]
1110   20.382789   20.382789   0.00000000   0.00000000  -0.0000   0.2668 11-[11, 2, 5]
1111   22.551407   22.551407   0.00000000   0.00000000  -0.0000   0.4700 11-[ 7, 1, 6]
1112   25.586930   25.586930   0.00000000   0.00000000  -0.0000   0.4296 11-[ 9, 4, 5]
1113   26.893857   26.893857   0.00000000   0.00000000  -0.0000   0.5947 11-[ 9, 4, 5]
1114   27.332392   27.332392   0.00000000   0.00000000  -0.0000   0.2952 11-[17, 9, 6]
1115   30.228308   30.228308   0.00000000   0.00000000  -0.0000   0.5095 11-[ 9, 2, 5]
1116   31.672376   31.672376   0.00000000   0.00000000  -0.0000   0.5194 11-[ 9, 3, 6]
1117   32.860417   32.860417   0.00000000   0.00000000  -0.0000   0.7096 11-[ 9, 0, 5]
1118   33.752470   33.752470   0.00000000   0.00000000  -0.0000   0.3001 11-[19,14, 5]
1119   34.882216   34.882216   0.00000000   0.00000000  -0.0000   0.3238 11-[17,11, 6]
1120   35.795150   35.795150   0.00000000   0.00000000  -0.0000   0.6034 11-[11, 6, 5]
1121   37.949345   37.949345   0.00000000   0.00000000  -0.0000   0.5755 11-[ 9, 1, 6]
1122   41.971968   41.971968   0.00000000   0.00000000  -0.0000   0.3251 11-[17, 4, 5]
1123   42.327779   42.327779   0.00000000   0.00000000  -0.0000   0.5016 11-[11, 5, 6]
1124   42.857130   42.857130   0.00000000   0.00000000  -0.0000   0.5318 11-[11, 4, 5]
1125   44.393268   44.393268   0.00000000   0.00000000  -0.0000   0.4260 11-[19,13, 6]
1126   46.394467   46.394467   0.00000000   0.00000000  -0.0000   0.3476 11-[13, 8, 5]
1127   47.658225   47.658225   0.00000000   0.00000000  -0.0000   0.4478 11-[11, 3, 6]
1128   51.155332   51.155332   0.00000000   0.00000000  -0.0000   0.5655 11-[11, 2, 5]
1129   52.534116   52.534116   0.00000000   0.00000000  -0.0000   0.3779 11-[13, 7, 6]
1130   53.037251   53.037251   0.00000000   0.00000000  -0.0000   0.5967 11-[11, 0, 5]
1131   53.878728   53.878728   0.00000000   0.00000000  -0.0000   0.3427 11-[21,16, 5]
1132   55.037182   55.037182   0.00000000   0.00000000  -0.0000   0.4196 11-[21,15, 6]
1133   55.215510   55.215510   0.00000000   0.00000000  -0.0000   0.5604 11-[13, 6, 5]
1134   56.993673   56.993673   0.00000000   0.00000000  -0.0000   0.5391 11-[11, 1, 6]
1135   59.122829   59.122829   0.00000000   0.00000000  -0.0000   0.3767 11-[13, 8, 5]
1174   -2.377449   -2.377449   0.00000000   0.00000000  -0.0000   0.9870 13+[ 6, 0, 6]
1175   13.232419   13.232419   0.00000000   0.00000000  -0.0000   0.4571 13+[10, 0, 6]
1176   17.058764   17.058764   0.00000000   0.00000000  -0.0000   0.6299 13+[ 8, 2, 6]
1177   18.895719   18.895719   0.00000000   0.00000000  -0.0000   0.3840 13+[ 8, 1, 7]
1178   20.084426   20.084426   0.00000000   0.00000000  -0.0000   0.5726 13+[ 8, 2, 6]
1179   23.713188   23.713188   0.00000000   0.00000000  -0.0000   0.7570 13+[ 8, 0, 6]
1180   24.315296   24.315296   0.00000000   0.00000000  -0.0000   0.3387 13+[12, 2, 6]
1181   25.226660   25.226660   0.00000000   0.00000000  -0.0000   0.3375 13+[14, 5, 7]
1182   29.061410   29.061410   0.00000000   0.00000000  -0.0000   0.7344 13+[ 8, 1, 7]
1183   31.032717   31.032717   0.00000000   0.00000000  -0.0000   0.3393 13+[16,10, 6]
1184   32.274823   32.274823   0.00000000   0.00000000  -0.0000   0.3354 13+[12, 3, 7]
1185   33.197479   33.197479   0.00000000   0.00000000  -0.0000   0.6265 13+[10, 4, 6]
1186   38.351405   38.351405   0.00000000   0.00000000  -0.0000   0.5691 13+[10, 2, 6]
1187   39.026969   39.026969   0.00000000   0.00000000  -0.0000   0.5814 13+[10, 0, 6]
1188   39.786771   39.786771   0.00000000   0.00000000  -0.0000   0.5153 13+[10, 3, 7]
1189   39.958659   39.958659   0.00000000   0.00000000  -0.0000   0.3161 13+[10, 3, 7]
1190   40.872434   40.872434   0.00000000   0.00000000  -0.0000   0.3557 13+[16, 3, 7]
1191   43.652277   43.652277   0.00000000   0.00000000  -0.0000   0.6111 13+[12, 6, 6]
1192   44.347013   44.347013   0.00000000   0.00000000  -0.0000   0.5378 13+[10, 1, 7]
1193   49.361065   49.361065   0.00000000   0.00000000  -0.0000   0.3504 13+[12, 5, 7]
1194   49.817873   49.817873   0.00000000   0.00000000  -0.0000   0.4347 13+[12, 5, 7]
1195   51.615219   51.615219   0.00000000   0.00000000  -0.0000   0.4167 13+[14, 7, 7]
1196   52.115877   52.115877   0.00000000   0.00000000  -0.0000   0.4897 13+[12, 4, 6]
1197   55.662028   55.662028   0.00000000   0.00000000  -0.0000   0.5736 13+[12, 2, 6]
1198   59.224784   59.224784   0.00000000   0.00000000  -0.0000   0.5236 13+[12, 3, 7]
1199   59.624932   59.624932   0.00000000   0.00000000  -0.0000   0.3348 13+[12, 2, 6]
1200   59.977350   59.977350   0.00000000   0.00000000  -0.0000   0.5177 13+[12, 0, 6]
1236    8.200873    8.200873   0.00000000   0.00000000  -0.0000   0.9375 13-[ 7, 1, 6]
1237   15.624600   15.624600   0.00000000   0.00000000  -0.0000   0.5401 13-[ 7, 0, 7]
1238   16.439996   16.439996   0.00000000   0.00000000  -0.0000   0.3340 13-[11, 1, 6]
1239   21.180383   21.180383   0.00000000   0.00000000  -0.0000   0.3950 13-[ 7, 0, 7]
1240   21.660993   21.660993   0.00000000   0.00000000  -0.0000   0.3676 13-[ 7, 0, 7]
1241   23.038942   23.038942   0.00000000   0.00000000  -0.0000   0.4681 13-[ 7, 0, 7]
1242   26.833940   26.833940   0.00000000   0.00000000  -0.0000   0.4128 13-[ 9, 3, 6]
1243   28.320054   28.320054   0.00000000   0.00000000  -0.0000   0.5883 13-[ 9, 3, 6]
1244   29.083382   29.083382   0.00000000   0.00000000  -0.0000   0.3475 13-[ 9, 3, 6]
1245   31.581571   31.581571   0.00000000   0.00000000  -0.0000   0.6288 13-[ 9, 1, 6]
1246   34.780401   34.780401   0.00000000   0.00000000  -0.0000   0.5462 13-[ 9, 2, 7]
1247   35.090231   35.090231   0.00000000   0.00000000  -0.0000   0.3170 13-[17,11, 6]
1248   36.864576   36.864576   0.00000000   0.00000000  -0.0000   0.3313 13-[15, 2, 7]
1249   38.332720   38.332720   0.00000000   0.00000000  -0.0000   0.5676 13-[ 9, 0, 7]
1250   38.858595   38.858595   0.00000000   0.00000000  -0.0000   0.5324 13-[11, 5, 6]
1251   44.064879   44.064879   0.00000000   0.00000000  -0.0000   0.3981 13-[13, 7, 6]
1252   44.625018   44.625018   0.00000000   0.00000000  -0.0000   0.3829 13-[11, 3, 6]
1253   44.899656   44.899656   0.00000000   0.00000000  -0.0000   0.5072 13-[11, 4, 7]
1254   45.847218   45.847218   0.00000000   0.00000000  -0.0000   0.4038 13-[19,12, 7]
1255   49.807202   49.807202   0.00000000   0.00000000  -0.0000   0.4770 13-[13, 7, 6]
1256   51.530115   51.530115   0.00000000   0.00000000  -0.0000   0.4767 13-[11, 1, 6]
1257   53.215770   53.215770   0.00000000   0.00000000  -0.0000   0.4688 13-[11, 2, 7]
1258   55.075236   55.075236   0.00000000   0.00000000  -0.0000   0.4203 13-[21,15, 6]
1259   55.379679   55.379679   0.00000000   0.00000000  -0.0000   0.3596 13-[13, 6, 7]
1260   56.733503   56.733503   0.00000000   0.00000000  -0.0000   0.3416 13-[11, 0, 7]
1261   57.565907   57.565907   0.00000000   0.00000000  -0.0000   0.5032 13-[11, 0, 7]
1262   58.892378   58.892378   0.00000000   0.00000000  -0.0000   0.6432 13-[13, 5, 6]
1297   17.433248   17.433248   0.00000000   0.00000000  -0.0000   0.7946 15+[ 8, 1, 7]
1298   19.686443   19.686443   0.00000000   0.00000000  -0.0000   0.4599 15+[12, 0, 8]
1299   21.170463   21.170463   0.00000000   0.00000000  -0.0000   0.5112 15+[ 8, 1, 7]
1300   25.456012   25.456012   0.00000000   0.00000000  -0.0000   0.3314 15+[14, 5, 7]
1301   26.522374   26.522374   0.00000000   0.00000000  -0.0000   0.3991 15+[14, 2, 8]
1302   29.575013   29.575013   0.00000000   0.00000000  -0.0000   0.7742 15+[ 8, 0, 8]
1303   32.125516   32.125516   0.00000000   0.00000000  -0.0000   0.3315 15+[12, 3, 7]
1304   33.415642   33.415642   0.00000000   0.00000000  -0.0000   0.3680 15+[16, 6, 8]
1305   36.128228   36.128228   0.00000000   0.00000000  -0.0000   0.5468 15+[10, 1, 7]
1306   39.166783   39.166783   0.00000000   0.00000000  -0.0000   0.5301 15+[10, 1, 7]
1307   40.848316   40.848316   0.00000000   0.00000000  -0.0000   0.3692 15+[18,11, 7]
1308   42.319899   42.319899   0.00000000   0.00000000  -0.0000   0.6563 15+[10, 2, 8]
1309   43.391585   43.391585   0.00000000   0.00000000  -0.0000   0.3933 15+[16, 8, 8]
1310   44.919274   44.919274   0.00000000   0.00000000  -0.0000   0.5702 15+[10, 0, 8]
1311   46.021199   46.021199   0.00000000   0.00000000  -0.0000   0.6741 15+[12, 5, 7]
1312   51.252000   51.252000   0.00000000   0.00000000  -0.0000   0.5663 15+[12, 4, 8]
1313   51.518891   51.518891   0.00000000   0.00000000  -0.0000   0.4141 15+[14, 7, 7]
1314   54.788604   54.788604   0.00000000   0.00000000  -0.0000   0.4014 15+[18,10, 8]
1315   55.511498   55.511498   0.00000000   0.00000000  -0.0000   0.6451 15+[12, 3, 7]
1316   56.963810   56.963810   0.00000000   0.00000000  -0.0000   0.6599 15+[12, 1, 7]
1350    8.226303    8.226303   0.00000000   0.00000000  -0.0000   0.9820 15-[ 7, 0, 7]
1351   17.810859   17.810859   0.00000000   0.00000000  -0.0000   0.5001 15-[11, 0, 7]
1352   22.260716   22.260716   0.00000000   0.00000000  -0.0000   0.3384 15-[ 9, 2, 7]
1353   23.645957   23.645957   0.00000000   0.00000000  -0.0000   0.4492 15-[13, 1, 8]
1354   27.914772   27.914772   0.00000000   0.00000000  -0.0000   0.6102 15-[ 9, 2, 7]
1355   30.126381   30.126381   0.00000000   0.00000000  -0.0000   0.3074 15-[15, 5, 8]
1356   31.052887   31.052887   0.00000000   0.00000000  -0.0000   0.5517 15-[ 9, 2, 7]
1357   32.644083   32.644083   0.00000000   0.00000000  -0.0000   0.7828 15-[ 9, 0, 7]
1358   36.353773   36.353773   0.00000000   0.00000000  -0.0000   0.3108 15-[17,10, 7]
1359   37.284856   37.284856   0.00000000   0.00000000  -0.0000   0.5164 15-[ 9, 1, 8]
1360   38.977696   38.977696   0.00000000   0.00000000  -0.0000   0.3945 15-[ 9, 1, 8]
1361   40.717037   40.717037   0.00000000   0.00000000  -0.0000   0.6632 15-[11, 4, 7]
1362   45.491443   45.491443   0.00000000   0.00000000  -0.0000   0.4002 15-[19,12, 7]
1363   46.627068   46.627068   0.00000000   0.00000000  -0.0000   0.6586 15-[11, 3, 8]
1364   47.581897   47.581897   0.00000000   0.00000000  -0.0000   0.4182 15-[17, 9, 8]
1365   49.851721   49.851721   0.00000000   0.00000000  -0.0000   0.6274 15-[11, 2, 7]
1366   51.463297   51.463297   0.00000000   0.00000000  -0.0000   0.7302 15-[11, 0, 7]
1367   53.055594   53.055594   0.00000000   0.00000000  -0.0000   0.6092 15-[13, 6, 7]
1368   55.867445   55.867445   0.00000000   0.00000000  -0.0000   0.5265 15-[11, 1, 8]
1369   56.517947   56.517947   0.00000000   0.00000000  -0.0000   0.3718 15-[21,14, 7]
1370   59.367952   59.367952   0.00000000   0.00000000  -0.0000   0.4881 15-[13, 5, 8]
1402   17.604566   17.604566   0.00000000   0.00000000  -0.0000   0.8543 17+[ 8, 0, 8]
1403   21.878435   21.878435   0.00000000   0.00000000  -0.0000   0.4933 17+[ 8, 0, 8]
1404   26.575682   26.575682   0.00000000   0.00000000  -0.0000   0.3836 17+[14, 2, 8]
1405   27.941891   27.941891   0.00000000   0.00000000  -0.0000   0.5124 17+[14, 1, 9]
1406   33.259758   33.259758   0.00000000   0.00000000  -0.0000   0.3685 17+[16, 6, 8]
1407   35.925215   35.925215   0.00000000   0.00000000  -0.0000   0.4020 17+[14, 3, 9]
1408   37.564945   37.564945   0.00000000   0.00000000  -0.0000   0.6604 17+[10, 0, 8]
1409   39.454911   39.454911   0.00000000   0.00000000  -0.0000   0.6683 17+[10, 2, 8]
1410   43.289732   43.289732   0.00000000   0.00000000  -0.0000   0.3708 17+[16, 8, 8]
1411   44.208729   44.208729   0.00000000   0.00000000  -0.0000   0.7025 17+[10, 1, 9]
1412   44.409829   44.409829   0.00000000   0.00000000  -0.0000   0.3757 17+[16, 3, 9]
1413   48.479622   48.479622   0.00000000   0.00000000  -0.0000   0.6627 17+[12, 4, 8]
1414   54.333567   54.333567   0.00000000   0.00000000  -0.0000   0.4117 17+[18,10, 8]
1415   56.183226   56.183226   0.00000000   0.00000000  -0.0000   0.5488 17+[12, 2, 8]
1416   56.427460   56.427460   0.00000000   0.00000000  -0.0000   0.4534 17+[18, 9, 9]
1417   57.104438   57.104438   0.00000000   0.00000000  -0.0000   0.6587 17+[12, 3, 9]
1418   58.252216   58.252216   0.00000000   0.00000000  -0.0000   0.7033 17+[12, 0, 8]
1447   23.315751   23.315751   0.00000000   0.00000000  -0.0000   0.4683 17-[ 9, 1, 8]
1448   25.228430   25.228430   0.00000000   0.00000000  -0.0000   0.5246 17-[13, 0, 9]
1449   28.935514   28.935514   0.00000000   0.00000000  -0.0000   0.6488 17-[ 9, 1, 8]
1450   31.870071   31.870071   0.00000000   0.00000000  -0.0000   0.4906 17-[ 9, 1, 8]
1451   32.259568   32.259568   0.00000000   0.00000000  -0.0000   0.4176 17-[13, 2, 9]
1452   38.290645   38.290645   0.00000000   0.00000000  -0.0000   0.3484 17-[15, 7, 8]
1453   39.204621   39.204621   0.00000000   0.00000000  -0.0000   0.7453 17-[ 9, 0, 9]
1454   40.693785   40.693785   0.00000000   0.00000000  -0.0000   0.3606 17-[17, 6, 9]
1455   43.071029   43.071029   0.00000000   0.00000000  -0.0000   0.7233 17-[11, 3, 8]
1456   47.348340   47.348340   0.00000000   0.00000000  -0.0000   0.4102 17-[17, 9, 8]
1457   48.763896   48.763896   0.00000000   0.00000000  -0.0000   0.4079 17-[17, 4, 9]
1458   50.537213   50.537213   0.00000000   0.00000000  -0.0000   0.6787 17-[11, 1, 8]
1459   52.305077   52.305077   0.00000000   0.00000000  -0.0000   0.6263 17-[11, 2, 9]
1460   56.520167   56.520167   0.00000000   0.00000000  -0.0000   0.7110 17-[13, 5, 8]
1461   57.379199   57.379199   0.00000000   0.00000000  -0.0000   0.6606 17-[11, 0, 9]
1490   27.813624   27.813624   0.00000000   0.00000000  -0.0000   0.5078 19+[14, 1, 9]
1491   28.762953   28.762953   0.00000000   0.00000000  -0.0000   0.5496 19+[14, 0,10]
1492   35.734175   35.734175   0.00000000   0.00000000  -0.0000   0.3991 19+[14, 3, 9]
1493   37.366297   37.366297   0.00000000   0.00000000  -0.0000   0.5042 19+[14, 2,10]
1494   39.507481   39.507481   0.00000000   0.00000000  -0.0000   0.8442 19+[10, 1, 9]
1495   44.263435   44.263435   0.00000000   0.00000000  -0.0000   0.3841 19+[16, 7, 9]
1496   45.232290   45.232290   0.00000000   0.00000000  -0.0000   0.7683 19+[10, 0,10]
1497   45.612750   45.612750   0.00000000   0.00000000  -0.0000   0.4109 19+[18, 6,10]
1498   53.009812   53.009812   0.00000000   0.00000000  -0.0000   0.5864 19+[12, 3, 9]
1499   56.313378   56.313378   0.00000000   0.00000000  -0.0000   0.4836 19+[18, 9, 9]
1500   57.536982   57.536982   0.00000000   0.00000000  -0.0000   0.5701 19+[12, 1, 9]
1501   58.305007   58.305007   0.00000000   0.00000000  -0.0000   0.3836 19+[18, 8,10]
1502   59.461947   59.461947   0.00000000   0.00000000  -0.0000   0.6664 19+[12, 2,10]
1527   24.545017   24.545017   0.00000000   0.00000000  -0.0000   0.5950 19-[ 9, 0, 9]
1528   30.749174   30.749174   0.00000000   0.00000000  -0.0000   0.7125 19-[ 9, 0, 9]
1529   32.552952   32.552952   0.00000000   0.00000000  -0.0000   0.3685 19-[13, 2, 9]
1530   33.900310   33.900310   0.00000000   0.00000000  -0.0000   0.5121 19-[13, 1,10]
1531   40.428729   40.428729   0.00000000   0.00000000  -0.0000   0.3558 19-[17, 6, 9]
1532   41.600234   41.600234   0.00000000   0.00000000  -0.0000   0.4174 19-[15, 3,10]
1533   47.457160   47.457160   0.00000000   0.00000000  -0.0000   0.5739 19-[11, 2, 9]
1534   49.532326   49.532326   0.00000000   0.00000000  -0.0000   0.6330 19-[11, 0, 9]
1535   51.200833   51.200833   0.00000000   0.00000000  -0.0000   0.4903 19-[11, 2, 9]
1536   52.010471   52.010471   0.00000000   0.00000000  -0.0000   0.4163 19-[15, 5,10]
1537   54.757638   54.757638   0.00000000   0.00000000  -0.0000   0.6713 19-[11, 1,10]
1538   58.351642   58.351642   0.00000000   0.00000000  -0.0000   0.7239 19-[13, 4, 9]
1563   28.579951   28.579951   0.00000000   0.00000000  -0.0000   0.5405 21+[14, 0,10]
1564   37.171552   37.171552   0.00000000   0.00000000  -0.0000   0.4956 21+[14, 2,10]
1565   38.796082   38.796082   0.00000000   0.00000000  -0.0000   0.5798 21+[14, 1,11]
1566   39.818920   39.818920   0.00000000   0.00000000  -0.0000   0.8729 21+[10, 0,10]
1567   45.507240   45.507240   0.00000000   0.00000000  -0.0000   0.4107 21+[18, 6,10]
1568   49.594543   49.594543   0.00000000   0.00000000  -0.0000   0.5180 21+[16, 3,11]
1569   54.812044   54.812044   0.00000000   0.00000000  -0.0000   0.6853 21+[12, 0,10]
1570   57.968712   57.968712   0.00000000   0.00000000  -0.0000   0.6162 21+[12, 2,10]
1571   58.322337   58.322337   0.00000000   0.00000000  -0.0000   0.4132 21+[18, 8,10]
1593   33.753140   33.753140   0.00000000   0.00000000  -0.0000   0.5046 21-[13, 1,10]
1594   35.976653   35.976653   0.00000000   0.00000000  -0.0000   0.5934 21-[13, 0,11]
1595   41.289874   41.289874   0.00000000   0.00000000  -0.0000   0.4148 21-[15, 3,10]
1596   44.903605   44.903605   0.00000000   0.00000000  -0.0000   0.5188 21-[15, 2,11]
1597   50.325008   50.325008   0.00000000   0.00000000  -0.0000   0.7279 21-[11, 1,10]
1598   52.719711   52.719711   0.00000000   0.00000000  -0.0000   0.3757 21-[11, 1,10]
1599   55.239018   55.239018   0.00000000   0.00000000  -0.0000   0.4193 21-[15, 4,11]
1600   56.399682   56.399682   0.00000000   0.00000000  -0.0000   0.7854 21-[11, 0,11]
1622   38.644394   38.644394   0.00000000   0.00000000  -0.0000   0.5739 23+[14, 1,11]
1623   39.760144   39.760144   0.00000000   0.00000000  -0.0000   0.5968 23+[14, 0,12]
1624   49.447780   49.447780   0.00000000   0.00000000  -0.0000   0.5196 23+[14, 3,11]
1625   51.069914   51.069914   0.00000000   0.00000000  -0.0000   0.6044 23+[16, 2,12]
1626   58.489258   58.489258   0.00000000   0.00000000  -0.0000   0.8466 23+[12, 1,11]
1627   59.956984   59.956984   0.00000000   0.00000000  -0.0000   0.5057 23+[18, 7,11]
1646   35.661562   35.661562   0.00000000   0.00000000  -0.0000   0.5663 23-[13, 0,11]
1647   44.763711   44.763711   0.00000000   0.00000000  -0.0000   0.5112 23-[15, 2,11]
1648   46.920702   46.920702   0.00000000   0.00000000  -0.0000   0.5861 23-[15, 1,12]
1649   51.554201   51.554201   0.00000000   0.00000000  -0.0000   0.8524 23-[11, 0,11]
1650   54.891832   54.891832   0.00000000   0.00000000  -0.0000   0.4364 23-[15, 4,11]
1651   55.712072   55.712072   0.00000000   0.00000000  -0.0000   0.5128 23-[17, 3,12]
1669   39.570423   39.570423   0.00000000   0.00000000  -0.0000   0.5868 25+[14, 0,12]
1670   50.873516   50.873516   0.00000000   0.00000000  -0.0000   0.5899 25+[16, 2,12]
1671   52.494636   52.494636   0.00000000   0.00000000  -0.0000   0.6634 25+[16, 1,13]
1672   59.274419   59.274419   0.00000000   0.00000000  -0.0000   0.8651 25+[12, 0,12]
1688   46.750351   46.750351   0.00000000   0.00000000  -0.0000   0.5720 25-[15, 1,12]
1689   49.466359   49.466359   0.00000000   0.00000000  -0.0000   0.6734 25-[15, 0,13]
1690   55.356320   55.356320   0.00000000   0.00000000  -0.0000   0.5014 25-[17, 3,12]
1705   52.230084   52.230084   0.00000000   0.00000000  -0.0000   0.6414 27+[16, 1,13]
1706   53.622183   53.622183   0.00000000   0.00000000  -0.0000   0.6797 27+[16, 0,14]
1719   49.098883   49.098883   0.00000000   0.00000000  -0.0000   0.6374 27-[15, 0,13]
1732   53.312817   53.312817   0.00000000   0.00000000  -0.0000   0.6535 29+[16, 0,14]
  Sum canonical e_v*V^2_k=  -1951.8404425200022     

  NB! From expect (UNPROJECTED RESULTS)

  pairing: CpV0,CpV1,...           0.000000       0.000000       0.000000       0.000000
  forces:   D1S                           


                             neutrons         protons         total
  Requested part.numbs.      70.000000      50.000000     120.000000
  UnPj(av) part.numbs .      70.000000      50.000000     120.000000
  b0, bz, bp ..........       2.133966       2.420899       2.003517

  lambda (ala) ........      -7.365802     -21.303673
  Lambda (alast) ......      -7.365802     -24.759824
  delta(n,p), pwi .....       2.246873      -0.000000      60.000000
  pairing energy ......     -20.714699

  rms-radius ..........       4.626410       4.438686       4.549133
  charge-radius, r0 ...                      4.510144       5.404074
  deformation beta2....       0.000529       0.000412       0.000483
  dipole moment[fm] ...       0.000000       0.000000       0.000000
  quadrupole moment[b]        0.010004       0.005117       0.015120
  octupole moment .....       0.000000       0.000000       0.000000
  hexadecapole moment .      -0.000011       0.000052       0.000041
  q5 ..................       0.000000       0.000000       0.000000
  q6 ..................       0.000449       0.000185       0.000634
  q7 ..................       0.000000       0.000000       0.000000
  q8 ..................       0.000381       0.000217       0.000598

  <Jx^2> from rho .....      38.005074       0.004417      38.009490
  <Jx^2> from kappa ...     -37.997175      -0.000000     -37.997175
  <J^2> = 2*<Jx^2> ....       0.015798       0.008834       0.024632

  kinetic energy ......    1416.363335     888.527479    2304.890814
  volume energy .......                                  4004.862281
        rho_tau .......                                     0.000000
        rho_rho .......                                  4004.862281
  surface energy ......                                     0.000000
   rho_DELTA_rho ......                                     0.000000
   (NABLA_rho)^2 ......                                     0.000000
  spin-orbit energy ...                                   -72.659292
        rho_NABLA_J ...                                   -72.659292
        NABLA_rho_J ...                                     0.000000
 finite range direct...                                 -7274.909647
 finite range exchange.                                  -326.636369
 finite range total....                                 -7601.546016
 finite range pairing..                                   -20.714699
  coulomb energy ......                                     0.000000
          direct ......                                     0.000000
          exchange ....                                     0.000000
          pairing .....                                     0.000000
  tensor energy .......                                     0.000000
  direct Hartree E  ...                                     0.000000
  Extra E .............                                     0.000000
  External field E ....                                     0.000000
  Entropy .............       0.000000       0.000000       0.000000

  tEnergy: ehfb (qp)...                                 -1385.166912

  Calculated but not added corrections
  ====================================
  cmc-diagonal part ...      11.902213       7.466617      19.368830
  cmc-hfb .............       0.000000       0.000000       0.000000
  cranking rot corr ...       0.000000       0.000000       0.000000

  SQUJ ................       0.000000       0.000000       0.000000
  CRAN x 4 ............       0.000000       0.000000       0.000000
  Rigit Body ..........       0.000000       0.000000       0.000000


   Blocking candidates are:
   neutron eqpmin=   1.8740707431109334       pwiblo=   1.0000000000000000     
    num=   1 block=   3 state=   1   249 Eqp=   1.87407074  (1-2N)E=  -0.19393207  overl=   0.58483509  3+[ 4, 0, 2]
    num=   2 block=   1 state=   1     1 Eqp=   1.87556936  (1-2N)E=  -0.20141540  overl=   0.42187231  1+[ 4, 1, 1]
    num=   3 block=   1 state=   2     2 Eqp=   1.99837364  (1-2N)E=  -0.80816357  overl=   0.56769420  1+[ 4, 0, 0]
    num=   4 block=   2 state=   1   126 Eqp=   2.01577703  (1-2N)E=   0.64600720  overl=   0.43796992  1-[ 5, 3, 0]
    num=   5 block=   4 state=   1   363 Eqp=   2.01583149  (1-2N)E=   0.64668223  overl=   0.45947613  3-[ 5, 2, 1]
    num=   6 block=   6 state=   1   580 Eqp=   2.01612528  (1-2N)E=   0.64852515  overl=   0.52395277  5-[ 5, 3, 2]
    num=   7 block=   8 state=   1   775 Eqp=   2.01620569  (1-2N)E=   0.64995771  overl=   0.66415637  7-[ 5, 2, 3]
    num=   8 block=  10 state=   1   950 Eqp=   2.01638953  (1-2N)E=   0.65165275  overl=   0.75807959  9-[ 5, 1, 4]
    num=   9 block=  12 state=   1  1103 Eqp=   2.01800055  (1-2N)E=   0.65739294  overl=   0.80184732 11-[ 5, 0, 5]
    num=  10 block=   7 state=   1   682 Eqp=   2.80165700  (1-2N)E=  -1.80776680  overl=   0.84291446  7+[ 4, 0, 4]
    num=  11 block=   5 state=   1   476 Eqp=   2.80709729  (1-2N)E=  -1.81555217  overl=   0.78429626  5+[ 4, 1, 3]
    num=  12 block=   3 state=   2   250 Eqp=   2.80806251  (1-2N)E=  -1.81646753  overl=   0.66116252  3+[ 4, 2, 2]
    num=  13 block=   1 state=   3     3 Eqp=   2.80922224  (1-2N)E=  -1.81772847  overl=   0.47935429  1+[ 4, 3, 1]

   Blocking candidates are:
   proton  eqpmin=   3.4561504343194276       pwiblo=   1.0000000000000000     
    num=   1 block=   9 state=   1   867 Eqp=   3.45615043  (1-2N)E=  -3.45615043  overl=   0.98092984  9+[ 4, 0, 4]
    num=   2 block=   7 state=   1   682 Eqp=   3.46346910  (1-2N)E=  -3.46346910  overl=   0.92075694  7+[ 4, 1, 3]
    num=   3 block=   5 state=   2   477 Eqp=   3.46512852  (1-2N)E=  -3.46512852  overl=   0.78423273  5+[ 4, 2, 2]
    num=   4 block=   3 state=   2   250 Eqp=   3.46667812  (1-2N)E=  -3.46667812  overl=   0.57528213  3+[ 4, 3, 1]
    num=   5 block=   1 state=   2     2 Eqp=   3.46846015  (1-2N)E=  -3.46846015  overl=   0.58523101  1+[ 4, 2, 0]
    num=   6 block=   5 state=   1   476 Eqp=   3.31101643  (1-2N)E=   3.31101643  overl=   0.87361694  5+[ 4, 0, 2]
    num=   7 block=   3 state=   1   249 Eqp=   3.30203554  (1-2N)E=   3.30203554  overl=   0.64695212  3+[ 4, 1, 1]
    num=   8 block=   1 state=   1     1 Eqp=   3.28944552  (1-2N)E=   3.28944552  overl=   0.55866181  1+[ 4, 4, 0]
    num=   9 block=   1 state=   3     3 Eqp=   4.34320713  (1-2N)E=   4.34320713  overl=   0.52726326  1+[ 4, 3, 1]
    num=  10 block=   3 state=   3   251 Eqp=   4.34373630  (1-2N)E=   4.34373630  overl=   0.72792455  3+[ 4, 2, 2]
    num=  11 block=   5 state=   3   478 Eqp=   4.34480428  (1-2N)E=   4.34480428  overl=   0.86461081  5+[ 4, 1, 3]
    num=  12 block=   7 state=   2   683 Eqp=   4.35469901  (1-2N)E=   4.35469901  overl=   0.93050171  7+[ 4, 0, 4]



 HFBTHO_SOLVER ended without errors

