Distributed parallelism with MPI     : 1 tasks/HFBTHO
Multi-threading framework with OpenMP: 4 threads/task

  ==========================================
           FORTRAN 95 CODE (KIND= 8) 
 git: parent: 3cae9cc3ec7a0c93cd724b300dc0d972f613f33e
  ==========================================
       AXIALLY DEFORMED CONFIGURATIONAL     
     HARTREE-FOCK-BOGOLIUBOV CALCULATIONS   
                     WITH                   
      SKYRME+DELTA PAIRING OR GOGNY EDFs    
                  USING THE                 
             HARMONIC-OSCILLATOR            
                    AND/OR                  
        TRANSFORMED HARMONIC-OSCILLATOR     
                    BASIS                   
                     ---                    
                v1.66  (2005)               
    Stoitsov, Dobaczewski, Nazarewicz, Ring 
                v2.00d (2012)               
        Stoitsov, Schunck, Kortelainen      
                v3.00  (2016)               
            Schunck, Navarro Perez          
  ==========================================
    Nucleus: Ca (A=  49, N= 29, Z= 20)
       Reflection Symmetry Imposed       
            (10/12/2021,  8: 4)                               
  ==========================================


  ---------------------------------------
           UNEDF Module Version: 17
         M.Kortelainen & M.Stoitsov 
  ---------------------------------------

  SKM* functional
  ----------------------------------------
  Crho(0)=   -991.875000000000000    ; Crho(1)=    390.137499999999989    
  CDrho(0)=   974.687500000000000    ; CDrho(1)=  -324.895833333333314    
  Ctau(0)=    34.6875000000000000    ; Ctau(1)=   -34.0625000000000000    
  CrDr(0)=   -68.2031250000000000    ; CrDr(1)=    17.1093750000000000    
  CrdJ(0)=   -97.5000000000000000    ; CrdJ(1)=   -32.5000000000000000    
  CJ(0)=      34.0625000000000000    ; CJ(1)=      34.0625000000000000    
  CpV0(0)=   -250.000000000000000    ; CpV0(1)=   -250.000000000000000    
  CpV1(0)=   0.500000000000000000    ; CpV1(1)=   0.500000000000000000    
  sigma=     0.166666666666666657    ; hbzero=     20.7300000000000004    
  functional has DME couplings: F
  use 3-Nucleon DME couplings: F
  e^2 chrg=   1.43997840859651349    ; CExPar=     1.00000000000000000    
  c.m. correction: T, chr. density in direct Coul: F
  use tensor terms: F

  Coupling constants in natural units
  ----------------------------------------
  Crho_nu(0)=   -1.11697019706649536    ; Crho_nu(1)=   0.439341610846154806    
  CDrho_nu(0)=   1.05494661920042820    ; CDrho_nu(1)= -0.351648873066809420    
  Ctau_nu(0)=   0.491699256216479808    ; Ctau_nu(1)=  -0.482839810158525229    
  CrDr_nu(0)=  -0.966787051074294745    ; CrDr_nu(1)=   0.242527335836506930    
  CrdJ_nu(0)=   -1.38207358504091626    ; CrdJ_nu(1)=  -0.460691195013638755    
  CJ_nu(0)=     0.482839810158525229    ; CJ_nu(1)=     0.482839810158525229    
  CpV0_nu(0)=  -0.281529980357024645    ; CpV0_nu(1)=  -0.281529980357024645    
  CpV1_nu(0)=   0.443851127103029534E-03; CpV1_nu(1)=   0.443851127103029534E-03
  fpi_nu=        93.0000000000000000    ; Lambda_nu=     700.000000000000000    

  Nuclear matter properties
  ----------------------------------------
  E_NM=      -15.7762359616147627    ; K_NM=        216.657542303868979    
  P_NM=     -0.730495530692525363E-15; RHO_NM=     0.160318515964671449    
  ASS_NM=     30.0323865018228560    ; LASS_NM=     45.7703887670942962    
  SMASS_NM=   1.26826090316085582    ; VMASS_NM=    1.53168827653502970    

  Associated (t,x)-coupling constants
  ----------------------------------------
  t0=      -2645.00000000000000    ; x0=       0.899999999999999689E-01
  t1=       410.000000000000000    ; x1=        0.00000000000000000    
  t2=      -135.000000000000000    ; x2=        0.00000000000000000    
  t3=       15595.0000000000000    ; x3=       -0.00000000000000000    
  b4=       65.0000000000000000    ; b4p=       65.0000000000000000    
  te=       0.00000000000000000    ; to=        0.00000000000000000    
  sigma=   0.166666666666666657    ; hbzero=    20.7300000000000004    

  ---------------------------------------
        Characteristics of the run       
  ---------------------------------------
  Output file ................:    57
  Nucleus ....................:   Ca  49
  Number of HO shells ........:    10
  HO length b0 (fm) ..........:     1.75000371403579
  Basis deformation ..........:  beta0=   0.000 q=   1.000
  HO: b0,1/b0,bp,bz,q ........:   0.17500037E+01  0.57142736E+00  0.17500037E+01  0.17500037E+01  0.10000000E+01
  h**2/(2m_n), cmc, e**2 .....:   0.20730000E+02  0.20306939E+02  0.14399784E+01
  h**2/(2m_p), cmc, e**2 .....:   0.20730000E+02  0.20306939E+02  0.14399784E+01
  hom=f*41.0_pr*A^{-1/3}, f...:   0.13537902E+02  0.12000000E+01
  THO basis is ...............:  OFF
  Maximal number of iterations:    50
  Initial mixing parameter ...:  0.300
  Initial wave functions from :  tape
  Energy functional ..........:    SKM*                          
    direct Coulomb by substitution method, exchange Coulomb with Slater approximation
  Pairing cutoff energy ......:    60.00 MeV
  Lipkin-Nogami procedure is .:  OFF
  PAV procedure is ...........:  OFF
  Constraint calculation is ..:  OFF
  Neutron blocking is ........:   ON
  Temperature T ..............:   0.00 MeV
  Pairing regularization is ..:  OFF
  Collective inertia is ......:  OFF
  Fission fragments are ......:  OFF
  Restart indicator ..........:  -1
  Broyden mixing (#iterations):   7

  ---------------------------------------
        Harmonic Oscillator Basis        
  ---------------------------------------
  NUV, NQP:                        6222     286
  Comparison with bookkeeping spherical basis:
  n00:                               10      10  Maximal number of shells
  nbx, 2*n00+1:                      21      21  Maximal number of K-blocks
  ntx, (n00+1)*(n00+2)*(n00+3)/6    286     286  Max.num. p/n levels
  nzx, n00:                          10      10  Maximal nz-quantum number
  nrx, n00/2  :                       5       5  Maximal nr-quantum number
  nlx, n00:                          10      10  Maximal ml-quantum number
  ndx, (n00+2)*(n00+2)/4:            36      36  Maximal dim. of one k-block

  Actual basis used
  Number of blocks: nb .......:   21
  Number of levels: nt .......:  286
  Maximal 2*omega : nom ......:   21
  Maximal nz:       nzm ......:   10
  Maximal nr:       nrm ......:    5
  Maximal ml:       nlm ......:   10
  Maximal N=nz+2*nr+nl .......:   10
  2 x biggest block dim. .....:   72
  Non-zero elements of h .....:     3254
  Number of Broyden elements .:    13016

  ---------------------------------------
            Integration Meshes           
  ---------------------------------------
  Number of Gauss-Hermite mesh points ngh ....:  40
  Number of Gauss-Laguerre mesh points ngl ...:  40
  Number of Gauss-Legendre mesh points nleg ..:  80
  Integration boundaries
    Hermite  - from xh(1)  =  0.12379686 to xh(ngh)   = 11.88786356
    Laguerre - From xl(1)  =  0.03570039 to xl(ngl)   =142.28004447
    Legendre - From xleg(1)=  0.00978669 to xleg(nleg)=  0.99988775
  Max.dev.in:     Orthogonality            Normalization
  Hermite     1.5150139407621233E-015   1.0658141036401503E-014
  Laguerre    4.3068680416470186E-015   8.2156503822261584E-015

  Reading from wel_file: hfbtho_output.hel


  ### REGULAR STAGE (reflection symmetry imposed)
  |HFB+HO> iterations(b0=  1.750, Nsh= 10, inin= -1, N= 29, Z= 20)...
  ----------------------------------------------------------------------------------------------------------------------------------
  i          si     mix   beta      Etot       A       rn      rp         En      Dn      Ep      Dp        Ln      Lp     time  time(Gog.)
  ----------------------------------------------------------------------------------------------------------------------------------
   0N   0.00000939 0.69 -0.023  -425.463058   49.0   3.633   3.455 |   -0.000   0.000  -0.000   0.000 |  -10.344 -15.028   0.000   0.000
    neutron Blocking: block=  4 state=  1   Eqp=   1.50629424  Dqpe=  -0.00000000  Ovlp=   1.00000000   1/  6  3-[ 3, 0, 1]
   1B   0.00000220 0.76 -0.023  -425.463058   49.0   3.633   3.455 |   -0.000   0.000  -0.000   0.000 |  -10.344 -15.028   5.968   0.000
    neutron Blocking: block=  4 state=  1   Eqp=   1.50629435  Dqpe=  -0.00000000  Ovlp=   1.00000000   1/  6  3-[ 3, 0, 1]
   2B   0.00000157 0.84 -0.023  -425.463058   49.0   3.633   3.455 |   -0.000   0.000  -0.000   0.000 |  -10.344 -15.028   0.195   0.000
    neutron Blocking: block=  4 state=  1   Eqp=   1.50629436  Dqpe=  -0.00000000  Ovlp=   1.00000000   1/  6  3-[ 3, 0, 1]
   2N   0.00000157 0.84 -0.023  -425.463058   49.0   3.633   3.455 |   -0.000   0.000  -0.000   0.000 |  -10.344 -15.028   0.193   0.000
  ----------------------------------------------------------------------------------------------------------------------------------
  *   iteration converged   after   2 steps   si=     0.0000015731 ho=  0 tho=  0
  ----------------------------------------------------------------------------------------------------------------------------------
  Total CPU time=   0.106 minutes
    neutron Blocking: block=  4 state=  1   Eqp=   1.50629448  Dqpe=  -0.00000000  Ovlp=   1.00000000   1/  6  3-[ 3, 0, 1]


 #quasiparticle energies neutrons
 --------------------------------
  eqp(k) -> q.p. energy 
  e(k)   -> referent s.p. energy 
  p(k)   -> occ.probability 
  del(k) -> referent s.p. gap 
  fermi energy alast=  -10.343656055456204     
  #k  block#    eqp(k)     e(k)       (1-2N)E      decay        p(k)        del(k)    overl      labels
   1    1     6.686746  -14.719992   -6.686746    1.702792    1.00000000   0.0000   0.7518  1+[ 2, 1, 1]
   2    1     8.460095    0.426848    8.460095    1.802445    0.00000000   0.0000   0.6045  1+[ 4, 2, 0]
   3    1     8.960763  -16.994009   -8.960763    1.829598    1.00000000   0.0000   0.7682  1+[ 2, 0, 0]
   4    1    11.576998    3.543752   11.576998    1.965392    0.00000000   0.0000   0.4936  1+[ 4, 0, 0]
   5    1    12.673336    4.640089   12.673336    2.019584    0.00000000   0.0000   0.4802  1+[ 4, 0, 0]
   6    1    13.303625  -21.336871  -13.303625    2.050091    1.00000000   0.0000   0.6236  1+[ 2, 1, 1]
   7    1    13.798582    5.765336   13.798582    2.073733    0.00000000   0.0000   0.4644  1+[ 4, 1, 1]
   8    1    17.820947    9.787701   17.820947    2.256697    0.00000000   0.0000   0.4843  1+[ 4, 3, 1]
   9    1    27.024657   18.991411   27.024657    2.627851    0.00000000   0.0000   0.3408  1+[ 8, 0, 0]
  10    1    27.687484   19.654237   27.687484    2.652577    0.00000000   0.0000   0.3530  1+[ 6, 2, 0]
  11    1    28.558425   20.525179   28.558425    2.684719    0.00000000   0.0000   0.4056  1+[ 4, 0, 0]
  12    1    29.169773   21.136527   29.169773    2.707054    0.00000000   0.0000   0.3151  1+[ 4, 1, 1]
  13    1    29.788462   21.755216   29.788462    2.729470    0.00000000   0.0000   0.5007  1+[ 6, 4, 0]
  14    1    31.991559   23.958312   31.991559    2.807840    0.00000000   0.0000   0.2912  1+[ 8, 7, 1]
  15    1    34.951996   26.918750   34.951996    2.909829    0.00000000   0.0000   0.4206  1+[ 6, 3, 1]
  16    1    36.080863  -44.114110  -36.080863    2.947790    1.00000000   0.0000   0.9860  1+[ 0, 0, 0]
  17    1    45.357980   37.324734   45.357980    3.242968    0.00000000   0.0000   0.3741  1+[ 8, 2, 0]
  18    1    49.595544   41.562297   49.595544    3.369206    0.00000000   0.0000   0.3026  1+[ 6, 1, 1]
  19    1    50.329730   42.296484   50.329730    3.390599    0.00000000   0.0000   0.4826  1+[ 8, 4, 0]
  20    1    52.159141   44.125895   52.159141    3.443329    0.00000000   0.0000   0.3671  1+[ 6, 6, 0]
  21    1    53.671384   45.638138   53.671384    3.486315    0.00000000   0.0000   0.4221  1+[ 8, 5, 1]
  22    1    54.599183   46.565937   54.599183    3.512428    0.00000000   0.0000   0.4568  1+[ 6, 0, 0]
  23    1    55.688599   47.655352   55.688599    3.542843    0.00000000   0.0000   0.3685  1+[ 6, 1, 1]
  24    1    56.402660   48.369414   56.402660    3.562638    0.00000000   0.0000   0.3651  1+[ 6, 3, 1]
  25    1    56.862420   48.829173   56.862420    3.575326    0.00000000   0.0000   0.3879  1+[ 6, 5, 1]
  26    2     1.485263   -6.547983    1.485263    1.369280    0.00000000   0.0000   0.6039  1-[ 3, 3, 0]
  27    2     2.310410  -10.343656   -2.310410    1.427397    1.00000000   0.0000   0.5930  1-[ 3, 1, 0]
  28    2     3.856908   -4.176339    3.856908    1.530388    0.00000000   0.0000   0.6728  1-[ 3, 0, 1]
  29    2     6.865226   -1.168021    6.865226    1.713084    0.00000000   0.0000   0.6499  1-[ 3, 2, 1]
  30    2    19.502007   11.468760   19.502007    2.328908    0.00000000   0.0000   0.5510  1-[ 5, 3, 0]
  31    2    20.640894   12.607648   20.640894    2.376583    0.00000000   0.0000   0.3990  1-[ 5, 0, 1]
  32    2    21.120750   13.087503   21.120750    2.396386    0.00000000   0.0000   0.5278  1-[ 5, 5, 0]
  33    2    21.396039  -29.429285  -21.396039    2.407674    1.00000000   0.0000   0.8039  1-[ 1, 0, 1]
  34    2    21.994841   13.961594   21.994841    2.432045    0.00000000   0.0000   0.4481  1-[ 5, 0, 1]
  35    2    23.875093   15.841846   23.875093    2.507032    0.00000000   0.0000   0.3948  1-[ 5, 4, 1]
  36    2    24.683876  -32.717122  -24.683876    2.538606    1.00000000   0.0000   0.8001  1-[ 1, 1, 0]
  37    2    27.524785   19.491539   27.524785    2.646529    0.00000000   0.0000   0.4494  1-[ 5, 2, 1]
  38    2    38.065308   30.032061   38.065308    3.013363    0.00000000   0.0000   0.3852  1-[ 7, 2, 1]
  39    2    40.191597   32.158351   40.191597    3.082075    0.00000000   0.0000   0.3246  1-[ 7, 1, 0]
  40    2    40.977938   32.944692   40.977938    3.107101    0.00000000   0.0000   0.4914  1-[ 7, 4, 1]
  41    2    42.846575   34.813329   42.846575    3.165779    0.00000000   0.0000   0.3541  1-[ 5, 5, 0]
  42    2    44.876771   36.843525   44.876771    3.228321    0.00000000   0.0000   0.4509  1-[ 5, 0, 1]
  43    2    45.192082   37.158836   45.192082    3.237926    0.00000000   0.0000   0.3674  1-[ 5, 5, 0]
  44    2    46.489080   38.455833   46.489080    3.277140    0.00000000   0.0000   0.4717  1-[ 7, 4, 1]
  45    2    47.219773   39.186527   47.219773    3.299026    0.00000000   0.0000   0.3203  1-[ 5, 2, 1]
  46    2    63.711932   55.678686   63.711932    3.759275    0.00000000   0.0000   0.4292  1-[ 9, 7, 0]
  47    2    64.445752   56.412506   64.445752    3.778452    0.00000000   0.0000   0.5125  1-[ 9, 5, 0]
  48    3     6.838671  -14.871918   -6.838671    1.711557    1.00000000   0.0000   0.8694  3+[ 2, 0, 2]
  49    3     8.431986    0.398740    8.431986    1.800909    0.00000000   0.0000   0.5726  3+[ 4, 3, 1]
  50    3    11.549104    3.515857   11.549104    1.963994    0.00000000   0.0000   0.5434  3+[ 4, 1, 1]
  51    3    13.348451  -21.381698  -13.348451    2.052243    1.00000000   0.0000   0.8681  3+[ 2, 1, 1]
  52    3    13.714039    5.680793   13.714039    2.069714    0.00000000   0.0000   0.6527  3+[ 4, 0, 2]
  53    3    17.777810    9.744564   17.777810    2.254814    0.00000000   0.0000   0.6418  3+[ 4, 2, 2]
  54    3    27.035360   19.002114   27.035360    2.628252    0.00000000   0.0000   0.3438  3+[ 6, 1, 1]
  55    3    27.671554   19.638308   27.671554    2.651985    0.00000000   0.0000   0.4262  3+[ 6, 5, 1]
  56    3    29.210550   21.177304   29.210550    2.708537    0.00000000   0.0000   0.4466  3+[ 8, 0, 2]
  57    3    29.767992   21.734746   29.767992    2.728731    0.00000000   0.0000   0.5629  3+[ 6, 3, 1]
  58    3    31.967180   23.933934   31.967180    2.806985    0.00000000   0.0000   0.3749  3+[ 4, 2, 2]
  59    3    34.940220   26.906974   34.940220    2.909430    0.00000000   0.0000   0.4018  3+[ 6, 4, 2]
  60    3    45.351004   37.317758   45.351004    3.242757    0.00000000   0.0000   0.3490  3+[ 8, 7, 1]
  61    3    49.571014   41.537768   49.571014    3.368489    0.00000000   0.0000   0.3675  3+[ 6, 1, 1]
  62    3    50.317236   42.283990   50.317236    3.390236    0.00000000   0.0000   0.4811  3+[ 8, 5, 1]
  63    3    52.171200   44.137954   52.171200    3.443674    0.00000000   0.0000   0.3785  3+[ 6, 3, 1]
  64    3    53.666196   45.632950   53.666196    3.486169    0.00000000   0.0000   0.4808  3+[ 8, 4, 2]
  65    3    55.753699   47.720453   55.753699    3.544653    0.00000000   0.0000   0.5692  3+[ 6, 0, 2]
  66    3    56.394413   48.361166   56.394413    3.562410    0.00000000   0.0000   0.3832  3+[ 6, 4, 2]
  67    3    56.809260   48.776014   56.809260    3.573861    0.00000000   0.0000   0.3794  3+[ 6, 4, 2]
  68    4     1.506294   -8.033246    0.000000    1.370792    0.50000000   1.5063   0.8131  3-[ 3, 0, 1]
  69    4     2.347927  -10.381174   -2.347927    1.429983    1.00000000   0.0000   0.7185  3-[ 3, 2, 1]
  70    4     6.768024   -1.265222    6.768024    1.707486    0.00000000   0.0000   0.7924  3-[ 3, 1, 2]
  71    4    19.478792   11.445546   19.478792    2.327926    0.00000000   0.0000   0.6071  3-[ 5, 2, 1]
  72    4    20.690214   12.656968   20.690214    2.378626    0.00000000   0.0000   0.6454  3-[ 5, 0, 1]
  73    4    21.058604   13.025357   21.058604    2.393831    0.00000000   0.0000   0.5698  3-[ 5, 4, 1]
  74    4    23.819697   15.786451   23.819697    2.504855    0.00000000   0.0000   0.4893  3-[ 5, 1, 2]
  75    4    24.659154  -32.692400  -24.659154    2.537647    1.00000000   0.0000   0.9832  3-[ 1, 0, 1]
  76    4    27.500985   19.467739   27.500985    2.645643    0.00000000   0.0000   0.5308  3-[ 5, 3, 2]
  77    4    38.057295   30.024049   38.057295    3.013101    0.00000000   0.0000   0.4519  3-[ 7, 2, 1]
  78    4    40.165849   32.132602   40.165849    3.081252    0.00000000   0.0000   0.3347  3-[ 7, 6, 1]
  79    4    40.959339   32.926092   40.959339    3.106511    0.00000000   0.0000   0.5542  3-[ 7, 4, 1]
  80    4    42.888944   34.855697   42.888944    3.167097    0.00000000   0.0000   0.5068  3-[ 5, 0, 1]
  81    4    44.941939   36.908692   44.941939    3.230309    0.00000000   0.0000   0.4203  3-[ 5, 1, 2]
  82    4    46.480186   38.446939   46.480186    3.276872    0.00000000   0.0000   0.4921  3-[ 7, 3, 2]
  83    4    47.204176   39.170929   47.204176    3.298561    0.00000000   0.0000   0.3635  3-[ 5, 3, 2]
  84    4    63.710806   55.677560   63.710806    3.759246    0.00000000   0.0000   0.4520  3-[ 9, 2, 1]
  85    4    64.433577   56.400331   64.433577    3.778134    0.00000000   0.0000   0.5100  3-[ 9, 4, 1]
  86    5     8.375633    0.342387    8.375633    1.797824    0.00000000   0.0000   0.7782  5+[ 4, 2, 2]
  87    5    11.438836    3.405589   11.438836    1.958457    0.00000000   0.0000   0.7784  5+[ 4, 0, 2]
  88    5    13.447167  -21.480414  -13.447167    2.056975    1.00000000   0.0000   0.9779  5+[ 2, 0, 2]
  89    5    17.692934    9.659688   17.692934    2.251103    0.00000000   0.0000   0.7455  5+[ 4, 1, 3]
  90    5    27.043973   19.010727   27.043973    2.628575    0.00000000   0.0000   0.5314  5+[ 8, 0, 2]
  91    5    27.640110   19.606864   27.640110    2.650817    0.00000000   0.0000   0.4182  5+[ 6, 4, 2]
  92    5    29.727558   21.694311   29.727558    2.727272    0.00000000   0.0000   0.5521  5+[ 6, 4, 2]
  93    5    31.919176   23.885930   31.919176    2.805300    0.00000000   0.0000   0.4337  5+[ 4, 1, 3]
  94    5    34.916876   26.883630   34.916876    2.908640    0.00000000   0.0000   0.5210  5+[ 6, 3, 3]
  95    5    45.337090   37.303843   45.337090    3.242334    0.00000000   0.0000   0.4462  5+[ 8, 6, 2]
  96    5    49.522317   41.489071   49.522317    3.367064    0.00000000   0.0000   0.3878  5+[ 6, 4, 2]
  97    5    50.292403   42.259157   50.292403    3.389515    0.00000000   0.0000   0.5500  5+[ 8, 4, 2]
  98    5    52.195976   44.162729   52.195976    3.444383    0.00000000   0.0000   0.5895  5+[ 6, 0, 2]
  99    5    53.655866   45.622619   53.655866    3.485877    0.00000000   0.0000   0.4789  5+[ 8, 3, 3]
 100    5    56.377694   48.344448   56.377694    3.561948    0.00000000   0.0000   0.4839  5+[ 6, 3, 3]
 101    5    56.707583   48.674337   56.707583    3.571058    0.00000000   0.0000   0.5473  5+[ 6, 1, 3]
 102    6     2.424182  -10.457428   -2.424182    1.435226    1.00000000   0.0000   0.8993  5-[ 3, 1, 2]
 103    6     6.593839   -1.439408    6.593839    1.697410    0.00000000   0.0000   0.8694  5-[ 3, 0, 3]
 104    6    19.432054   11.398808   19.432054    2.325948    0.00000000   0.0000   0.6329  5-[ 5, 3, 2]
 105    6    20.935912   12.902665   20.935912    2.388778    0.00000000   0.0000   0.5621  5-[ 5, 1, 2]
 106    6    23.732179   15.698933   23.732179    2.501411    0.00000000   0.0000   0.6185  5-[ 5, 0, 3]
 107    6    27.454025   19.420779   27.454025    2.643894    0.00000000   0.0000   0.6515  5-[ 5, 2, 3]
 108    6    38.041155   30.007908   38.041155    3.012573    0.00000000   0.0000   0.4845  5-[ 7, 5, 2]
 109    6    40.112323   32.079077   40.112323    3.079541    0.00000000   0.0000   0.4034  5-[ 7, 1, 2]
 110    6    40.922506   32.889260   40.922506    3.105343    0.00000000   0.0000   0.5739  5-[ 7, 3, 2]
 111    6    44.876281   36.843035   44.876281    3.228306    0.00000000   0.0000   0.5356  5-[ 5, 0, 3]
 112    6    46.462517   38.429270   46.462517    3.276341    0.00000000   0.0000   0.5317  5-[ 7, 4, 3]
 113    6    47.172352   39.139106   47.172352    3.297610    0.00000000   0.0000   0.4519  5-[ 5, 2, 3]
 114    6    63.708491   55.675245   63.708491    3.759185    0.00000000   0.0000   0.4901  5-[ 9, 7, 2]
 115    6    64.409373   56.376127   64.409373    3.777503    0.00000000   0.0000   0.5673  5-[ 9, 5, 2]
 116    7     8.290821    0.257575    8.290821    1.793172    0.00000000   0.0000   0.9121  7+[ 4, 1, 3]
 117    7    17.569355    9.536109   17.569355    2.245690    0.00000000   0.0000   0.7998  7+[ 4, 0, 4]
 118    7    27.595194   19.561947   27.595194    2.649148    0.00000000   0.0000   0.5901  7+[ 6, 1, 3]
 119    7    29.668152   21.634906   29.668152    2.725125    0.00000000   0.0000   0.7027  7+[ 6, 3, 3]
 120    7    31.850292   23.817046   31.850292    2.802881    0.00000000   0.0000   0.5145  7+[ 8, 0, 4]
 121    7    34.882385   26.849138   34.882385    2.907472    0.00000000   0.0000   0.6140  7+[ 6, 2, 4]
 122    7    45.316310   37.283063   45.316310    3.241703    0.00000000   0.0000   0.4738  7+[ 8, 5, 3]
 123    7    49.450306   41.417059   49.450306    3.364957    0.00000000   0.0000   0.5047  7+[ 6, 1, 3]
 124    7    50.255537   42.222291   50.255537    3.388444    0.00000000   0.0000   0.5489  7+[ 8, 3, 3]
 125    7    53.640486   45.607239   53.640486    3.485442    0.00000000   0.0000   0.5559  7+[ 8, 4, 4]
 126    7    56.352099   48.318853   56.352099    3.561240    0.00000000   0.0000   0.5565  7+[ 6, 2, 4]
 127    7    56.576833   48.543587   56.576833    3.567450    0.00000000   0.0000   0.6429  7+[ 6, 0, 4]
 128    8     2.540373  -10.573619   -2.540373    1.443177    1.00000000   0.0000   0.9757  7-[ 3, 0, 3]
 129    8    19.361386   11.328140   19.361386    2.322953    0.00000000   0.0000   0.8062  7-[ 5, 2, 3]
 130    8    20.825745   12.792498   20.825745    2.384231    0.00000000   0.0000   0.7428  7-[ 5, 0, 3]
 131    8    27.385152   19.351906   27.385152    2.641327    0.00000000   0.0000   0.7321  7-[ 5, 1, 4]
 132    8    38.016654   29.983407   38.016654    3.011772    0.00000000   0.0000   0.4894  7-[ 7, 2, 3]
 133    8    40.031971   31.998724   40.031971    3.076970    0.00000000   0.0000   0.5766  7-[ 7, 0, 3]
 134    8    40.868162   32.834916   40.868162    3.103619    0.00000000   0.0000   0.6187  7-[ 7, 4, 3]
 135    8    46.436304   38.403058   46.436304    3.275553    0.00000000   0.0000   0.6483  7-[ 7, 3, 4]
 136    8    47.122983   39.089736   47.122983    3.296135    0.00000000   0.0000   0.5098  7-[ 5, 1, 4]
 137    8    63.704857   55.671610   63.704857    3.759090    0.00000000   0.0000   0.5620  7-[ 9, 6, 3]
 138    8    64.373429   56.340183   64.373429    3.776566    0.00000000   0.0000   0.6046  7-[ 9, 4, 3]
 139    9     8.177642    0.144396    8.177642    1.786945    0.00000000   0.0000   0.9704  9+[ 4, 0, 4]
 140    9    27.540717   19.507471   27.540717    2.647122    0.00000000   0.0000   0.6922  9+[ 6, 0, 4]
 141    9    29.591222   21.557976   29.591222    2.722344    0.00000000   0.0000   0.8173  9+[ 6, 2, 4]
 142    9    34.837397   26.804150   34.837397    2.905948    0.00000000   0.0000   0.6765  9+[ 6, 1, 5]
 143    9    45.288770   37.255524   45.288770    3.240866    0.00000000   0.0000   0.4982  9+[ 8, 2, 4]
 144    9    49.356837   41.323591   49.356837    3.362221    0.00000000   0.0000   0.6048  9+[ 6, 0, 4]
 145    9    50.207093   42.173846   50.207093    3.387035    0.00000000   0.0000   0.6253  9+[ 8, 4, 4]
 146    9    53.620199   45.586952   53.620199    3.484869    0.00000000   0.0000   0.6571  9+[ 8, 3, 5]
 147    9    56.316779   48.283533   56.316779    3.560263    0.00000000   0.0000   0.5985  9+[ 6, 1, 5]
 148   10    19.266498   11.233251   19.266498    2.318927    0.00000000   0.0000   0.9203  9-[ 5, 1, 4]
 149   10    27.296211   19.262964   27.296211    2.638009    0.00000000   0.0000   0.7741  9-[ 5, 0, 5]
 150   10    37.983449   29.950202   37.983449    3.010686    0.00000000   0.0000   0.6956  9-[ 7, 1, 4]
 151   10    40.797372   32.764125   40.797372    3.101372    0.00000000   0.0000   0.7509  9-[ 7, 3, 4]
 152   10    46.401886   38.368640   46.401886    3.274518    0.00000000   0.0000   0.7375  9-[ 7, 2, 5]
 153   10    47.054247   39.021001   47.054247    3.294081    0.00000000   0.0000   0.5715  9-[ 7, 0, 5]
 154   10    63.699686   55.666440   63.699686    3.758954    0.00000000   0.0000   0.5624  9-[ 9, 5, 4]
 155   10    64.326176   56.292930   64.326176    3.775333    0.00000000   0.0000   0.5976  9-[ 9, 5, 4]
 156   11    29.498604   21.465358   29.498604    2.718991    0.00000000   0.0000   0.8931 11+[ 6, 1, 5]
 157   11    34.782814   26.749568   34.782814    2.904097    0.00000000   0.0000   0.7089 11+[ 6, 0, 6]
 158   11    45.254612   37.221366   45.254612    3.239828    0.00000000   0.0000   0.6690 11+[ 8, 1, 5]
 159   11    50.147670   42.114424   50.147670    3.385307    0.00000000   0.0000   0.7406 11+[ 8, 3, 5]
 160   11    53.595200   45.561954   53.595200    3.484162    0.00000000   0.0000   0.7352 11+[ 8, 2, 6]
 161   11    56.269134   48.235887   56.269134    3.558945    0.00000000   0.0000   0.6252 11+[ 6, 0, 6]
 162   12    19.147591   11.114344   19.147591    2.313871    0.00000000   0.0000   0.9676 11-[ 5, 0, 5]
 163   12    37.941147   29.907900   37.941147    3.009302    0.00000000   0.0000   0.7951 11-[ 7, 0, 5]
 164   12    40.711511   32.678265   40.711511    3.098644    0.00000000   0.0000   0.8518 11-[ 7, 2, 5]
 165   12    46.359687   38.326440   46.359687    3.273249    0.00000000   0.0000   0.7972 11-[ 7, 1, 6]
 166   12    63.692664   55.659418   63.692664    3.758770    0.00000000   0.0000   0.6595 11-[ 9, 2, 5]
 167   12    64.268181   56.234934   64.268181    3.773820    0.00000000   0.0000   0.7273 11-[ 9, 4, 5]
 168   13    29.392439   21.359192   29.392439    2.715143    0.00000000   0.0000   0.9323 13+[ 6, 0, 6]
 169   13    45.214024   37.180778   45.214024    3.238594    0.00000000   0.0000   0.7540 13+[ 8, 0, 6]
 170   13    50.078019   42.044773   50.078019    3.383280    0.00000000   0.0000   0.8292 13+[ 8, 2, 6]
 171   13    53.565740   45.532494   53.565740    3.483329    0.00000000   0.0000   0.7877 13+[ 8, 1, 7]
 172   14    40.612238   32.578992   40.612238    3.095487    0.00000000   0.0000   0.9188 13-[ 7, 1, 6]
 173   14    46.310186   38.276940   46.310186    3.271759    0.00000000   0.0000   0.8290 13-[ 7, 0, 7]
 174   14    63.683357   55.650111   63.683357    3.758527    0.00000000   0.0000   0.8384 13-[ 9, 1, 6]
 175   14    64.200137   56.166891   64.200137    3.772044    0.00000000   0.0000   0.8357 13-[ 9, 3, 6]
 176   15    49.999043   41.965797   49.999043    3.380980    0.00000000   0.0000   0.8884 15+[ 8, 1, 7]
 177   15    53.532128   45.498882   53.532128    3.482379    0.00000000   0.0000   0.8153 15+[ 8, 0, 8]
 178   16    40.501447   32.468201   40.501447    3.091960    0.00000000   0.0000   0.9533 15-[ 7, 0, 7]
 179   16    63.671204   55.637957   63.671204    3.758208    0.00000000   0.0000   0.9265 15-[ 9, 0, 7]
 180   16    64.122867   56.089621   64.122867    3.770026    0.00000000   0.0000   0.9177 15-[ 9, 2, 7]
 181   17    49.911808   41.878562   49.911808    3.378438    0.00000000   0.0000   0.9184 17+[ 8, 0, 8]
 182   18    64.037310   56.004063   64.037310    3.767790    0.00000000   0.0000   0.9720 17-[ 9, 1, 8]
 183   20    63.944522   55.911276   63.944522    3.765364    0.00000000   0.0000   1.0000 19-[ 9, 0, 9]
#all active are  183 q.p. states out of  286
#since the cut off is pwi=  60.0
#check: number of neutrons=  29.0


 #canonical s.p. energies neutrons
 ---------------------------------


  labels -> {2*omega}{parity}[nn=nz+2*nr+nl,nz,nl]
  cqpe   -> canonical q.p. energies
  ce     -> canonical s.p. energies
  fermi energy=  -10.343656055456204     
  average cdelt=   3.6033786808308531E-007
  k0      ceqp        ce         v*v       u*v        cdel     overl      labels
   1   -1.346501  -14.719992   1.00000000   0.00000003  -0.0000   0.7518  1+[ 2, 1, 1]
   2    0.426848    0.426848   0.00000000   0.00000002  -0.0000   0.6045  1+[ 4, 2, 0]
   3    0.927516  -16.994009   1.00000000   0.00000000  -0.0000   0.7682  1+[ 2, 0, 0]
   4    3.543752    3.543752   0.00000000   0.00000001  -0.0000   0.4936  1+[ 4, 0, 0]
   5    4.640089    4.640089   0.00000000   0.00000001  -0.0000   0.4802  1+[ 4, 0, 0]
   6    5.270379  -21.336871   1.00000000   0.00000002  -0.0000   0.6236  1+[ 2, 1, 1]
   7    5.765336    5.765336   0.00000000   0.00000001  -0.0000   0.4644  1+[ 4, 1, 1]
   8    9.787701    9.787701   0.00000000   0.00000001  -0.0000   0.4843  1+[ 4, 3, 1]
   9   18.991411   18.991411   0.00000000   0.00000001  -0.0000   0.3408  1+[ 8, 0, 0]
  10   19.654237   19.654237   0.00000000   0.00000000  -0.0000   0.3530  1+[ 6, 2, 0]
  11   20.525179   20.525179   0.00000000   0.00000000  -0.0000   0.4056  1+[ 4, 0, 0]
  12   21.136527   21.136527   0.00000000   0.00000001  -0.0000   0.3151  1+[ 4, 1, 1]
  13   21.755216   21.755216   0.00000000   0.00000000  -0.0000   0.5007  1+[ 6, 4, 0]
  14   23.958312   23.958312   0.00000000   0.00000000  -0.0000   0.2912  1+[ 8, 7, 1]
  15   26.918750   26.918750   0.00000000   0.00000000  -0.0000   0.4206  1+[ 6, 3, 1]
  16   28.047617  -44.114110   1.00000000   0.00000000  -0.0000   0.9860  1+[ 0, 0, 0]
  17   37.324734   37.324734   0.00000000   0.00000000  -0.0000   0.3741  1+[ 8, 2, 0]
  18   41.562297   41.562297   0.00000000   0.00000000  -0.0000   0.3026  1+[ 6, 1, 1]
  19   42.296484   42.296484   0.00000000   0.00000000  -0.0000   0.4826  1+[ 8, 4, 0]
  20   44.125895   44.125895   0.00000000   0.00000000  -0.0000   0.3671  1+[ 6, 6, 0]
  21   45.638138   45.638138   0.00000000   0.00000000  -0.0000   0.4221  1+[ 8, 5, 1]
  22   46.565937   46.565937   0.00000000   0.00000000  -0.0000   0.4568  1+[ 6, 0, 0]
  23   47.655352   47.655352   0.00000000   0.00000000  -0.0000   0.3685  1+[ 6, 1, 1]
  24   48.369414   48.369414   0.00000000   0.00000000  -0.0000   0.3651  1+[ 6, 3, 1]
  25   48.829173   48.829173   0.00000000   0.00000000  -0.0000   0.3879  1+[ 6, 5, 1]
  26    0.000000    0.000000   0.00000000   0.00000000  -0.0000   0.0000  1+[10, 0, 0]
  27    0.000000    0.000000   0.00000000   0.00000000  -0.0000   0.0000  1+[10, 0, 0]
  28    0.000000    0.000000   0.00000000   0.00000000  -0.0000   0.0000  1+[10, 0, 0]
  29    0.000000    0.000000   0.00000000   0.00000000  -0.0000   0.0000  1+[10, 0, 0]
  30    0.000000    0.000000   0.00000000   0.00000000  -0.0000   0.0000  1+[10, 0, 0]
  31    0.000000    0.000000   0.00000000   0.00000000  -0.0000   0.0000  1+[10, 0, 0]
  32    0.000000    0.000000   0.00000000   0.00000000  -0.0000   0.0000  1+[10, 0, 0]
  33    0.000000    0.000000   0.00000000   0.00000000  -0.0000   0.0000  1+[10, 0, 0]
  34    0.000000    0.000000   0.00000000   0.00000000  -0.0000   0.0000  1+[10, 0, 0]
  35    0.000000    0.000000   0.00000000   0.00000000  -0.0000   0.0000  1+[10, 0, 0]
  36    0.000000    0.000000   0.00000000   0.00000000  -0.0000   0.0000  1+[10, 0, 0]
  37   -6.547983   -6.547983   0.00000000   0.00000011  -0.0000   0.6039  1-[ 3, 3, 0]
  38   -5.722837  -10.343656   1.00000000   0.00000008  -0.0000   0.5930  1-[ 3, 1, 0]
  39   -4.176339   -4.176339   0.00000000   0.00000004  -0.0000   0.6728  1-[ 3, 0, 1]
  40   -1.168021   -1.168021   0.00000000   0.00000003  -0.0000   0.6499  1-[ 3, 2, 1]
  41   11.468760   11.468760   0.00000000   0.00000001  -0.0000   0.5510  1-[ 5, 3, 0]
  42   12.607648   12.607648   0.00000000   0.00000001  -0.0000   0.3990  1-[ 5, 0, 1]
  43   13.087503   13.087503   0.00000000   0.00000001  -0.0000   0.5278  1-[ 5, 5, 0]
  44   13.362793  -29.429285   1.00000000   0.00000007  -0.0000   0.8039  1-[ 1, 0, 1]
  45   13.961594   13.961594   0.00000000   0.00000008  -0.0000   0.4481  1-[ 5, 0, 1]
  46   15.841846   15.841846   0.00000000   0.00000001  -0.0000   0.3948  1-[ 5, 4, 1]
  47   16.650629  -32.717122   1.00000000   0.00000003  -0.0000   0.8001  1-[ 1, 1, 0]
  48   19.491539   19.491539   0.00000000   0.00000000  -0.0000   0.4494  1-[ 5, 2, 1]
  49   30.032061   30.032061   0.00000000   0.00000000  -0.0000   0.3852  1-[ 7, 2, 1]
  50   32.158351   32.158351   0.00000000   0.00000000  -0.0000   0.3246  1-[ 7, 1, 0]
  51   32.944692   32.944692   0.00000000   0.00000000  -0.0000   0.4914  1-[ 7, 4, 1]
  52   34.813329   34.813329   0.00000000   0.00000000  -0.0000   0.3541  1-[ 5, 5, 0]
  53   36.843525   36.843525   0.00000000   0.00000000  -0.0000   0.4509  1-[ 5, 0, 1]
  54   37.158836   37.158836   0.00000000   0.00000000  -0.0000   0.3674  1-[ 5, 5, 0]
  55   38.455833   38.455833   0.00000000   0.00000000  -0.0000   0.4717  1-[ 7, 4, 1]
  56   39.186527   39.186527   0.00000000   0.00000000  -0.0000   0.3203  1-[ 5, 2, 1]
  57   55.678686   55.678686   0.00000000   0.00000000  -0.0000   0.4292  1-[ 9, 7, 0]
  58   56.412506   56.412506   0.00000000   0.00000000  -0.0000   0.5125  1-[ 9, 5, 0]
  59    0.000000    0.000000   0.00000000   0.00000000  -0.0000   0.0000  1-[ 9, 1, 0]
  60    0.000000    0.000000   0.00000000   0.00000000  -0.0000   0.0000  1-[ 9, 1, 0]
  61    0.000000    0.000000   0.00000000   0.00000000  -0.0000   0.0000  1-[ 9, 1, 0]
  62    0.000000    0.000000   0.00000000   0.00000000  -0.0000   0.0000  1-[ 9, 1, 0]
  63    0.000000    0.000000   0.00000000   0.00000000  -0.0000   0.0000  1-[ 9, 1, 0]
  64    0.000000    0.000000   0.00000000   0.00000000  -0.0000   0.0000  1-[ 9, 1, 0]
  65    0.000000    0.000000   0.00000000   0.00000000  -0.0000   0.0000  1-[ 9, 1, 0]
  66    0.000000    0.000000   0.00000000   0.00000000  -0.0000   0.0000  1-[ 9, 1, 0]
  67   -1.194575  -14.871918   1.00000000   0.00000000  -0.0000   0.8694  3+[ 2, 0, 2]
  68    0.398740    0.398740   0.00000000   0.00000002  -0.0000   0.5726  3+[ 4, 3, 1]
  69    3.515857    3.515857   0.00000000   0.00000001  -0.0000   0.5434  3+[ 4, 1, 1]
  70    5.315205  -21.381698   1.00000000   0.00000002  -0.0000   0.8681  3+[ 2, 1, 1]
  71    5.680793    5.680793   0.00000000   0.00000001  -0.0000   0.6527  3+[ 4, 0, 2]
  72    9.744564    9.744564   0.00000000   0.00000001  -0.0000   0.6418  3+[ 4, 2, 2]
  73   19.002114   19.002114   0.00000000   0.00000001  -0.0000   0.3438  3+[ 6, 1, 1]
  74   19.638308   19.638308   0.00000000   0.00000000  -0.0000   0.4262  3+[ 6, 5, 1]
  75   21.177304   21.177304   0.00000000   0.00000000  -0.0000   0.4466  3+[ 8, 0, 2]
  76   21.734746   21.734746   0.00000000   0.00000000  -0.0000   0.5629  3+[ 6, 3, 1]
  77   23.933934   23.933934   0.00000000   0.00000000  -0.0000   0.3749  3+[ 4, 2, 2]
  78   26.906974   26.906974   0.00000000   0.00000000  -0.0000   0.4018  3+[ 6, 4, 2]
  79   37.317758   37.317758   0.00000000   0.00000000  -0.0000   0.3490  3+[ 8, 7, 1]
  80   41.537768   41.537768   0.00000000   0.00000000  -0.0000   0.3675  3+[ 6, 1, 1]
  81   42.283990   42.283990   0.00000000   0.00000000  -0.0000   0.4811  3+[ 8, 5, 1]
  82   44.137954   44.137954   0.00000000   0.00000000  -0.0000   0.3785  3+[ 6, 3, 1]
  83   45.632950   45.632950   0.00000000   0.00000000  -0.0000   0.4808  3+[ 8, 4, 2]
  84   47.720453   47.720453   0.00000000   0.00000000  -0.0000   0.5692  3+[ 6, 0, 2]
  85   48.361166   48.361166   0.00000000   0.00000000  -0.0000   0.3832  3+[ 6, 4, 2]
  86   48.776014   48.776014   0.00000000   0.00000000  -0.0000   0.3794  3+[ 6, 4, 2]
  87    0.000000    0.000000   0.00000000   0.00000000  -0.0000   0.0000  3+[10, 1, 1]
  88    0.000000    0.000000   0.00000000   0.00000000  -0.0000   0.0000  3+[10, 1, 1]
  89    0.000000    0.000000   0.00000000   0.00000000  -0.0000   0.0000  3+[10, 1, 1]
  90    0.000000    0.000000   0.00000000   0.00000000  -0.0000   0.0000  3+[10, 1, 1]
  91    0.000000    0.000000   0.00000000   0.00000000  -0.0000   0.0000  3+[10, 1, 1]
  92    0.000000    0.000000   0.00000000   0.00000000  -0.0000   0.0000  3+[10, 1, 1]
  93    0.000000    0.000000   0.00000000   0.00000000  -0.0000   0.0000  3+[10, 1, 1]
  94    0.000000    0.000000   0.00000000   0.00000000  -0.0000   0.0000  3+[10, 1, 1]
  95    0.000000    0.000000   0.00000000   0.00000000  -0.0000   0.0000  3+[10, 1, 1]
  96    0.000000    0.000000   0.00000000   0.00000000  -0.0000   0.0000  3+[10, 1, 1]
  97   -6.526952   -6.526952   0.00000000   0.00000009  -0.0000   0.8131  3-[ 3, 0, 1]
  98   -5.685319  -10.381174   1.00000000   0.00000010  -0.0000   0.7185  3-[ 3, 2, 1]
  99   -1.265222   -1.265222   0.00000000   0.00000003  -0.0000   0.7924  3-[ 3, 1, 2]
 100   11.445546   11.445546   0.00000000   0.00000001  -0.0000   0.6071  3-[ 5, 2, 1]
 101   12.656968   12.656968   0.00000000   0.00000001  -0.0000   0.6454  3-[ 5, 0, 1]
 102   13.025357   13.025357   0.00000000   0.00000001  -0.0000   0.5698  3-[ 5, 4, 1]
 103   15.786451   15.786451   0.00000000   0.00000001  -0.0000   0.4893  3-[ 5, 1, 2]
 104   16.625907  -32.692400   1.00000000   0.00000003  -0.0000   0.9832  3-[ 1, 0, 1]
 105   19.467739   19.467739   0.00000000   0.00000000  -0.0000   0.5308  3-[ 5, 3, 2]
 106   30.024049   30.024049   0.00000000   0.00000000  -0.0000   0.4519  3-[ 7, 2, 1]
 107   32.132602   32.132602   0.00000000   0.00000000  -0.0000   0.3347  3-[ 7, 6, 1]
 108   32.926092   32.926092   0.00000000   0.00000000  -0.0000   0.5542  3-[ 7, 4, 1]
 109   34.855697   34.855697   0.00000000   0.00000000  -0.0000   0.5068  3-[ 5, 0, 1]
 110   36.908692   36.908692   0.00000000   0.00000000  -0.0000   0.4203  3-[ 5, 1, 2]
 111   38.446939   38.446939   0.00000000   0.00000000  -0.0000   0.4921  3-[ 7, 3, 2]
 112   39.170929   39.170929   0.00000000   0.00000000  -0.0000   0.3635  3-[ 5, 3, 2]
 113   55.677560   55.677560   0.00000000   0.00000000  -0.0000   0.4520  3-[ 9, 2, 1]
 114   56.400331   56.400331   0.00000000   0.00000000  -0.0000   0.5100  3-[ 9, 4, 1]
 115    0.000000    0.000000   0.00000000   0.00000000  -0.0000   0.0000  3-[ 9, 0, 1]
 116    0.000000    0.000000   0.00000000   0.00000000  -0.0000   0.0000  3-[ 9, 0, 1]
 117    0.000000    0.000000   0.00000000   0.00000000  -0.0000   0.0000  3-[ 9, 0, 1]
 118    0.000000    0.000000   0.00000000   0.00000000  -0.0000   0.0000  3-[ 9, 0, 1]
 119    0.000000    0.000000   0.00000000   0.00000000  -0.0000   0.0000  3-[ 9, 0, 1]
 120    0.000000    0.000000   0.00000000   0.00000000  -0.0000   0.0000  3-[ 9, 0, 1]
 121    0.000000    0.000000   0.00000000   0.00000000  -0.0000   0.0000  3-[ 9, 0, 1]
 122    0.342387    0.342387   0.00000000   0.00000002  -0.0000   0.7782  5+[ 4, 2, 2]
 123    3.405589    3.405589   0.00000000   0.00000001  -0.0000   0.7784  5+[ 4, 0, 2]
 124    5.413921  -21.480414   1.00000000   0.00000000  -0.0000   0.9779  5+[ 2, 0, 2]
 125    9.659688    9.659688   0.00000000   0.00000001  -0.0000   0.7455  5+[ 4, 1, 3]
 126   19.010727   19.010727   0.00000000   0.00000001  -0.0000   0.5314  5+[ 8, 0, 2]
 127   19.606864   19.606864   0.00000000   0.00000000  -0.0000   0.4182  5+[ 6, 4, 2]
 128   21.694311   21.694311   0.00000000   0.00000000  -0.0000   0.5521  5+[ 6, 4, 2]
 129   23.885930   23.885930   0.00000000   0.00000000  -0.0000   0.4337  5+[ 4, 1, 3]
 130   26.883630   26.883630   0.00000000   0.00000000  -0.0000   0.5210  5+[ 6, 3, 3]
 131   37.303843   37.303843   0.00000000   0.00000000  -0.0000   0.4462  5+[ 8, 6, 2]
 132   41.489071   41.489071   0.00000000   0.00000000  -0.0000   0.3878  5+[ 6, 4, 2]
 133   42.259157   42.259157   0.00000000   0.00000000  -0.0000   0.5500  5+[ 8, 4, 2]
 134   44.162729   44.162729   0.00000000   0.00000000  -0.0000   0.5895  5+[ 6, 0, 2]
 135   45.622619   45.622619   0.00000000   0.00000000  -0.0000   0.4789  5+[ 8, 3, 3]
 136   48.344448   48.344448   0.00000000   0.00000000  -0.0000   0.4839  5+[ 6, 3, 3]
 137   48.674337   48.674337   0.00000000   0.00000000  -0.0000   0.5473  5+[ 6, 1, 3]
 138    0.000000    0.000000   0.00000000   0.00000000  -0.0000   0.0000  5+[10, 0, 2]
 139    0.000000    0.000000   0.00000000   0.00000000  -0.0000   0.0000  5+[10, 0, 2]
 140    0.000000    0.000000   0.00000000   0.00000000  -0.0000   0.0000  5+[10, 0, 2]
 141    0.000000    0.000000   0.00000000   0.00000000  -0.0000   0.0000  5+[10, 0, 2]
 142    0.000000    0.000000   0.00000000   0.00000000  -0.0000   0.0000  5+[10, 0, 2]
 143    0.000000    0.000000   0.00000000   0.00000000  -0.0000   0.0000  5+[10, 0, 2]
 144    0.000000    0.000000   0.00000000   0.00000000  -0.0000   0.0000  5+[10, 0, 2]
 145    0.000000    0.000000   0.00000000   0.00000000  -0.0000   0.0000  5+[10, 0, 2]
 146    0.000000    0.000000   0.00000000   0.00000000  -0.0000   0.0000  5+[10, 0, 2]
 147   -5.609065  -10.457428   1.00000000   0.00000007  -0.0000   0.8993  5-[ 3, 1, 2]
 148   -1.439408   -1.439408   0.00000000   0.00000003  -0.0000   0.8694  5-[ 3, 0, 3]
 149   11.398808   11.398808   0.00000000   0.00000001  -0.0000   0.6329  5-[ 5, 3, 2]
 150   12.902665   12.902665   0.00000000   0.00000001  -0.0000   0.5621  5-[ 5, 1, 2]
 151   15.698933   15.698933   0.00000000   0.00000000  -0.0000   0.6185  5-[ 5, 0, 3]
 152   19.420779   19.420779   0.00000000   0.00000000  -0.0000   0.6515  5-[ 5, 2, 3]
 153   30.007908   30.007908   0.00000000   0.00000000  -0.0000   0.4845  5-[ 7, 5, 2]
 154   32.079077   32.079077   0.00000000   0.00000000  -0.0000   0.4034  5-[ 7, 1, 2]
 155   32.889260   32.889260   0.00000000   0.00000000  -0.0000   0.5739  5-[ 7, 3, 2]
 156   36.843035   36.843035   0.00000000   0.00000000  -0.0000   0.5356  5-[ 5, 0, 3]
 157   38.429270   38.429270   0.00000000   0.00000000  -0.0000   0.5317  5-[ 7, 4, 3]
 158   39.139106   39.139106   0.00000000   0.00000000  -0.0000   0.4519  5-[ 5, 2, 3]
 159   55.675245   55.675245   0.00000000   0.00000000  -0.0000   0.4901  5-[ 9, 7, 2]
 160   56.376127   56.376127   0.00000000   0.00000000  -0.0000   0.5673  5-[ 9, 5, 2]
 161    0.000000    0.000000   0.00000000   0.00000000  -0.0000   0.0000  5-[ 9, 1, 2]
 162    0.000000    0.000000   0.00000000   0.00000000  -0.0000   0.0000  5-[ 9, 1, 2]
 163    0.000000    0.000000   0.00000000   0.00000000  -0.0000   0.0000  5-[ 9, 1, 2]
 164    0.000000    0.000000   0.00000000   0.00000000  -0.0000   0.0000  5-[ 9, 1, 2]
 165    0.000000    0.000000   0.00000000   0.00000000  -0.0000   0.0000  5-[ 9, 1, 2]
 166    0.000000    0.000000   0.00000000   0.00000000  -0.0000   0.0000  5-[ 9, 1, 2]
 167    0.257575    0.257575   0.00000000   0.00000002  -0.0000   0.9121  7+[ 4, 1, 3]
 168    9.536109    9.536109   0.00000000   0.00000001  -0.0000   0.7998  7+[ 4, 0, 4]
 169   19.561947   19.561947   0.00000000   0.00000000  -0.0000   0.5901  7+[ 6, 1, 3]
 170   21.634906   21.634906   0.00000000   0.00000000  -0.0000   0.7027  7+[ 6, 3, 3]
 171   23.817046   23.817046   0.00000000   0.00000000  -0.0000   0.5145  7+[ 8, 0, 4]
 172   26.849138   26.849138   0.00000000   0.00000000  -0.0000   0.6140  7+[ 6, 2, 4]
 173   37.283063   37.283063   0.00000000   0.00000000  -0.0000   0.4738  7+[ 8, 5, 3]
 174   41.417059   41.417059   0.00000000   0.00000000  -0.0000   0.5047  7+[ 6, 1, 3]
 175   42.222291   42.222291   0.00000000   0.00000000  -0.0000   0.5489  7+[ 8, 3, 3]
 176   45.607239   45.607239   0.00000000   0.00000000  -0.0000   0.5559  7+[ 8, 4, 4]
 177   48.318853   48.318853   0.00000000   0.00000000  -0.0000   0.5565  7+[ 6, 2, 4]
 178   48.543587   48.543587   0.00000000   0.00000000  -0.0000   0.6429  7+[ 6, 0, 4]
 179    0.000000    0.000000   0.00000000   0.00000000  -0.0000   0.0000  7+[10, 1, 3]
 180    0.000000    0.000000   0.00000000   0.00000000  -0.0000   0.0000  7+[10, 1, 3]
 181    0.000000    0.000000   0.00000000   0.00000000  -0.0000   0.0000  7+[10, 1, 3]
 182    0.000000    0.000000   0.00000000   0.00000000  -0.0000   0.0000  7+[10, 1, 3]
 183    0.000000    0.000000   0.00000000   0.00000000  -0.0000   0.0000  7+[10, 1, 3]
 184    0.000000    0.000000   0.00000000   0.00000000  -0.0000   0.0000  7+[10, 1, 3]
 185    0.000000    0.000000   0.00000000   0.00000000  -0.0000   0.0000  7+[10, 1, 3]
 186    0.000000    0.000000   0.00000000   0.00000000  -0.0000   0.0000  7+[10, 1, 3]
 187   -5.492874  -10.573619   1.00000000   0.00000007  -0.0000   0.9757  7-[ 3, 0, 3]
 188   11.328140   11.328140   0.00000000   0.00000001  -0.0000   0.8062  7-[ 5, 2, 3]
 189   12.792498   12.792498   0.00000000   0.00000001  -0.0000   0.7428  7-[ 5, 0, 3]
 190   19.351906   19.351906   0.00000000   0.00000000  -0.0000   0.7321  7-[ 5, 1, 4]
 191   29.983407   29.983407   0.00000000   0.00000000  -0.0000   0.4894  7-[ 7, 2, 3]
 192   31.998724   31.998724   0.00000000   0.00000000  -0.0000   0.5766  7-[ 7, 0, 3]
 193   32.834916   32.834916   0.00000000   0.00000000  -0.0000   0.6187  7-[ 7, 4, 3]
 194   38.403058   38.403058   0.00000000   0.00000000  -0.0000   0.6483  7-[ 7, 3, 4]
 195   39.089736   39.089736   0.00000000   0.00000000  -0.0000   0.5098  7-[ 5, 1, 4]
 196   55.671610   55.671610   0.00000000   0.00000000  -0.0000   0.5620  7-[ 9, 6, 3]
 197   56.340183   56.340183   0.00000000   0.00000000  -0.0000   0.6046  7-[ 9, 4, 3]
 198    0.000000    0.000000   0.00000000   0.00000000  -0.0000   0.0000  7-[ 9, 0, 3]
 199    0.000000    0.000000   0.00000000   0.00000000  -0.0000   0.0000  7-[ 9, 0, 3]
 200    0.000000    0.000000   0.00000000   0.00000000  -0.0000   0.0000  7-[ 9, 0, 3]
 201    0.000000    0.000000   0.00000000   0.00000000  -0.0000   0.0000  7-[ 9, 0, 3]
 202    0.000000    0.000000   0.00000000   0.00000000  -0.0000   0.0000  7-[ 9, 0, 3]
 203    0.144396    0.144396   0.00000000   0.00000002  -0.0000   0.9704  9+[ 4, 0, 4]
 204   19.507471   19.507471   0.00000000   0.00000000  -0.0000   0.6922  9+[ 6, 0, 4]
 205   21.557976   21.557976   0.00000000   0.00000000  -0.0000   0.8173  9+[ 6, 2, 4]
 206   26.804150   26.804150   0.00000000   0.00000000  -0.0000   0.6765  9+[ 6, 1, 5]
 207   37.255524   37.255524   0.00000000   0.00000000  -0.0000   0.4982  9+[ 8, 2, 4]
 208   41.323591   41.323591   0.00000000   0.00000000  -0.0000   0.6048  9+[ 6, 0, 4]
 209   42.173846   42.173846   0.00000000   0.00000000  -0.0000   0.6253  9+[ 8, 4, 4]
 210   45.586952   45.586952   0.00000000   0.00000000  -0.0000   0.6571  9+[ 8, 3, 5]
 211   48.283533   48.283533   0.00000000   0.00000000  -0.0000   0.5985  9+[ 6, 1, 5]
 212    0.000000    0.000000   0.00000000   0.00000000  -0.0000   0.0000  9+[10, 0, 4]
 213    0.000000    0.000000   0.00000000   0.00000000  -0.0000   0.0000  9+[10, 0, 4]
 214    0.000000    0.000000   0.00000000   0.00000000  -0.0000   0.0000  9+[10, 0, 4]
 215    0.000000    0.000000   0.00000000   0.00000000  -0.0000   0.0000  9+[10, 0, 4]
 216    0.000000    0.000000   0.00000000   0.00000000  -0.0000   0.0000  9+[10, 0, 4]
 217    0.000000    0.000000   0.00000000   0.00000000  -0.0000   0.0000  9+[10, 0, 4]
 218    0.000000    0.000000   0.00000000   0.00000000  -0.0000   0.0000  9+[10, 0, 4]
 219   11.233251   11.233251   0.00000000   0.00000001  -0.0000   0.9203  9-[ 5, 1, 4]
 220   19.262964   19.262964   0.00000000   0.00000000  -0.0000   0.7741  9-[ 5, 0, 5]
 221   29.950202   29.950202   0.00000000   0.00000000  -0.0000   0.6956  9-[ 7, 1, 4]
 222   32.764125   32.764125   0.00000000   0.00000000  -0.0000   0.7509  9-[ 7, 3, 4]
 223   38.368640   38.368640   0.00000000   0.00000000  -0.0000   0.7375  9-[ 7, 2, 5]
 224   39.021001   39.021001   0.00000000   0.00000000  -0.0000   0.5715  9-[ 7, 0, 5]
 225   55.666440   55.666440   0.00000000   0.00000000  -0.0000   0.5624  9-[ 9, 5, 4]
 226   56.292930   56.292930   0.00000000   0.00000000  -0.0000   0.5976  9-[ 9, 5, 4]
 227    0.000000    0.000000   0.00000000   0.00000000  -0.0000   0.0000  9-[ 9, 1, 4]
 228    0.000000    0.000000   0.00000000   0.00000000  -0.0000   0.0000  9-[ 9, 1, 4]
 229    0.000000    0.000000   0.00000000   0.00000000  -0.0000   0.0000  9-[ 9, 1, 4]
 230    0.000000    0.000000   0.00000000   0.00000000  -0.0000   0.0000  9-[ 9, 1, 4]
 231   21.465358   21.465358   0.00000000   0.00000000  -0.0000   0.8931 11+[ 6, 1, 5]
 232   26.749568   26.749568   0.00000000   0.00000000  -0.0000   0.7089 11+[ 6, 0, 6]
 233   37.221366   37.221366   0.00000000   0.00000000  -0.0000   0.6690 11+[ 8, 1, 5]
 234   42.114424   42.114424   0.00000000   0.00000000  -0.0000   0.7406 11+[ 8, 3, 5]
 235   45.561954   45.561954   0.00000000   0.00000000  -0.0000   0.7352 11+[ 8, 2, 6]
 236   48.235887   48.235887   0.00000000   0.00000000  -0.0000   0.6252 11+[ 6, 0, 6]
 237    0.000000    0.000000   0.00000000   0.00000000  -0.0000   0.0000 11+[10, 1, 5]
 238    0.000000    0.000000   0.00000000   0.00000000  -0.0000   0.0000 11+[10, 1, 5]
 239    0.000000    0.000000   0.00000000   0.00000000  -0.0000   0.0000 11+[10, 1, 5]
 240    0.000000    0.000000   0.00000000   0.00000000  -0.0000   0.0000 11+[10, 1, 5]
 241    0.000000    0.000000   0.00000000   0.00000000  -0.0000   0.0000 11+[10, 1, 5]
 242    0.000000    0.000000   0.00000000   0.00000000  -0.0000   0.0000 11+[10, 1, 5]
 243   11.114344   11.114344   0.00000000   0.00000001  -0.0000   0.9676 11-[ 5, 0, 5]
 244   29.907900   29.907900   0.00000000   0.00000000  -0.0000   0.7951 11-[ 7, 0, 5]
 245   32.678265   32.678265   0.00000000   0.00000000  -0.0000   0.8518 11-[ 7, 2, 5]
 246   38.326440   38.326440   0.00000000   0.00000000  -0.0000   0.7972 11-[ 7, 1, 6]
 247   55.659418   55.659418   0.00000000   0.00000000  -0.0000   0.6595 11-[ 9, 2, 5]
 248   56.234934   56.234934   0.00000000   0.00000000  -0.0000   0.7273 11-[ 9, 4, 5]
 249    0.000000    0.000000   0.00000000   0.00000000  -0.0000   0.0000 11-[ 9, 0, 5]
 250    0.000000    0.000000   0.00000000   0.00000000  -0.0000   0.0000 11-[ 9, 0, 5]
 251    0.000000    0.000000   0.00000000   0.00000000  -0.0000   0.0000 11-[ 9, 0, 5]
 252   21.359192   21.359192   0.00000000   0.00000000  -0.0000   0.9323 13+[ 6, 0, 6]
 253   37.180778   37.180778   0.00000000   0.00000000  -0.0000   0.7540 13+[ 8, 0, 6]
 254   42.044773   42.044773   0.00000000   0.00000000  -0.0000   0.8292 13+[ 8, 2, 6]
 255   45.532494   45.532494   0.00000000   0.00000000  -0.0000   0.7877 13+[ 8, 1, 7]
 256    0.000000    0.000000   0.00000000   0.00000000  -0.0000   0.0000 13+[10, 0, 6]
 257    0.000000    0.000000   0.00000000   0.00000000  -0.0000   0.0000 13+[10, 0, 6]
 258    0.000000    0.000000   0.00000000   0.00000000  -0.0000   0.0000 13+[10, 0, 6]
 259    0.000000    0.000000   0.00000000   0.00000000  -0.0000   0.0000 13+[10, 0, 6]
 260    0.000000    0.000000   0.00000000   0.00000000  -0.0000   0.0000 13+[10, 0, 6]
 261   32.578992   32.578992   0.00000000   0.00000000  -0.0000   0.9188 13-[ 7, 1, 6]
 262   38.276940   38.276940   0.00000000   0.00000000  -0.0000   0.8290 13-[ 7, 0, 7]
 263   55.650111   55.650111   0.00000000   0.00000000  -0.0000   0.8384 13-[ 9, 1, 6]
 264   56.166891   56.166891   0.00000000   0.00000000  -0.0000   0.8357 13-[ 9, 3, 6]
 265    0.000000    0.000000   0.00000000   0.00000000  -0.0000   0.0000 13-[ 9, 1, 6]
 266    0.000000    0.000000   0.00000000   0.00000000  -0.0000   0.0000 13-[ 9, 1, 6]
 267   41.965797   41.965797   0.00000000   0.00000000  -0.0000   0.8884 15+[ 8, 1, 7]
 268   45.498882   45.498882   0.00000000   0.00000000  -0.0000   0.8153 15+[ 8, 0, 8]
 269    0.000000    0.000000   0.00000000   0.00000000  -0.0000   0.0000 15+[10, 1, 7]
 270    0.000000    0.000000   0.00000000   0.00000000  -0.0000   0.0000 15+[10, 1, 7]
 271    0.000000    0.000000   0.00000000   0.00000000  -0.0000   0.0000 15+[10, 1, 7]
 272    0.000000    0.000000   0.00000000   0.00000000  -0.0000   0.0000 15+[10, 1, 7]
 273   32.468201   32.468201   0.00000000   0.00000000  -0.0000   0.9533 15-[ 7, 0, 7]
 274   55.637957   55.637957   0.00000000   0.00000000  -0.0000   0.9265 15-[ 9, 0, 7]
 275   56.089621   56.089621   0.00000000   0.00000000  -0.0000   0.9177 15-[ 9, 2, 7]
 276    0.000000    0.000000   0.00000000   0.00000000  -0.0000   0.0000 15-[ 9, 0, 7]
 277   41.878562   41.878562   0.00000000   0.00000000  -0.0000   0.9184 17+[ 8, 0, 8]
 278    0.000000    0.000000   0.00000000   0.00000000  -0.0000   0.0000 17+[10, 0, 8]
 279    0.000000    0.000000   0.00000000   0.00000000  -0.0000   0.0000 17+[10, 0, 8]
 280    0.000000    0.000000   0.00000000   0.00000000  -0.0000   0.0000 17+[10, 0, 8]
 281   56.004063   56.004063   0.00000000   0.00000000  -0.0000   0.9720 17-[ 9, 1, 8]
 282    0.000000    0.000000   0.00000000   0.00000000  -0.0000   0.0000 17-[ 9, 1, 8]
 283   55.911276   55.911276   0.00000000   0.00000000  -0.0000   1.0000 19-[ 9, 0, 9]
  Sum canonical e_v*V^2_k=  -582.98739075385856     


 #quasiparticle energies protons 
 --------------------------------
  eqp(k) -> q.p. energy 
  e(k)   -> referent s.p. energy 
  p(k)   -> occ.probability 
  del(k) -> referent s.p. gap 
  fermi energy alast=  -15.028469732158836     
  #k  block#    eqp(k)     e(k)       (1-2N)E      decay        p(k)        del(k)    overl      labels
   1    1     2.433417  -15.028470   -2.433417    1.720541    1.00000000   0.0000   0.7298  1+[ 2, 1, 1]
   2    1     3.805479  -16.400532   -3.805479    1.797367    1.00000000   0.0000   0.7716  1+[ 2, 0, 0]
   3    1     8.962684  -21.557737   -8.962684    2.060674    1.00000000   0.0000   0.6219  1+[ 2, 1, 1]
   4    1    13.769551    1.174498   13.769551    2.278864    0.00000000   0.0000   0.6087  1+[ 4, 2, 0]
   5    1    18.838043    6.242990   18.838043    2.488292    0.00000000   0.0000   0.4853  1+[ 4, 0, 0]
   6    1    20.354321    7.759268   20.354321    2.547601    0.00000000   0.0000   0.5303  1+[ 4, 0, 0]
   7    1    21.151676    8.556623   21.151676    2.578242    0.00000000   0.0000   0.4801  1+[ 4, 1, 1]
   8    1    23.150258   10.555206   23.150258    2.653489    0.00000000   0.0000   0.5446  1+[ 4, 3, 1]
   9    1    30.618894  -43.213947  -30.618894    2.917560    1.00000000   0.0000   0.9709  1+[ 0, 0, 0]
  10    1    34.860266   22.265214   34.860266    3.057386    0.00000000   0.0000   0.3611  1+[ 8, 0, 0]
  11    1    35.586469   22.991417   35.586469    3.080690    0.00000000   0.0000   0.3868  1+[ 6, 2, 0]
  12    1    36.378390   23.783338   36.378390    3.105904    0.00000000   0.0000   0.4322  1+[ 8, 0, 0]
  13    1    36.794545   24.199492   36.794545    3.119073    0.00000000   0.0000   0.3120  1+[ 4, 4, 0]
  14    1    36.868201   24.273149   36.868201    3.121398    0.00000000   0.0000   0.5218  1+[ 6, 4, 0]
  15    1    39.013376   26.418323   39.013376    3.188365    0.00000000   0.0000   0.3117  1+[ 6, 5, 1]
  16    1    42.257880   29.662828   42.257880    3.287060    0.00000000   0.0000   0.4449  1+[ 6, 3, 1]
  17    1    52.920901   40.325848   52.920901    3.592372    0.00000000   0.0000   0.3825  1+[ 8, 2, 0]
  18    1    57.427957   44.832904   57.427957    3.713882    0.00000000   0.0000   0.2977  1+[ 6, 1, 1]
  19    1    58.328793   45.733740   58.328793    3.737695    0.00000000   0.0000   0.4879  1+[ 8, 4, 0]
  20    1    60.372156   47.777103   60.372156    3.791156    0.00000000   0.0000   0.3613  1+[ 6, 6, 0]
  21    1    61.335603   48.740550   61.335603    3.816103    0.00000000   0.0000   0.4431  1+[ 8, 5, 1]
  22    1    62.178097   49.583044   62.178097    3.837785    0.00000000   0.0000   0.3434  1+[ 6, 3, 1]
  23    1    63.044522   50.449470   63.044522    3.859956    0.00000000   0.0000   0.4859  1+[ 6, 0, 0]
  24    1    63.683726   51.088673   63.683726    3.876231    0.00000000   0.0000   0.3958  1+[ 6, 1, 1]
  25    1    64.274547   51.679494   64.274547    3.891214    0.00000000   0.0000   0.4320  1+[ 6, 5, 1]
  26    2     2.332693  -10.262360    2.332693    1.714766    0.00000000   0.0000   0.5950  1-[ 3, 1, 0]
  27    2     7.714608   -4.880445    7.714608    2.000134    0.00000000   0.0000   0.5567  1-[ 3, 3, 0]
  28    2     9.811870   -2.783183    9.811870    2.100869    0.00000000   0.0000   0.6579  1-[ 3, 0, 1]
  29    2    11.211009   -1.384044   11.211009    2.165467    0.00000000   0.0000   0.6861  1-[ 3, 2, 1]
  30    2    16.674623  -29.269676  -16.674623    2.401136    1.00000000   0.0000   0.7664  1-[ 1, 0, 1]
  31    2    20.043632  -32.638685  -20.043632    2.535561    1.00000000   0.0000   0.7624  1-[ 1, 1, 0]
  32    2    25.622993   13.027940   25.622993    2.743734    0.00000000   0.0000   0.5623  1-[ 5, 3, 0]
  33    2    28.420920   15.825867   28.420920    2.842394    0.00000000   0.0000   0.4499  1-[ 5, 0, 1]
  34    2    28.881705   16.286652   28.881705    2.858316    0.00000000   0.0000   0.5372  1-[ 5, 5, 0]
  35    2    29.671133   17.076080   29.671133    2.885388    0.00000000   0.0000   0.4336  1-[ 5, 0, 1]
  36    2    31.407058   18.812005   31.407058    2.944046    0.00000000   0.0000   0.3835  1-[ 5, 4, 1]
  37    2    33.804922   21.209869   33.804922    3.023198    0.00000000   0.0000   0.4669  1-[ 5, 3, 0]
  38    2    45.737947   33.142894   45.737947    3.389729    0.00000000   0.0000   0.3948  1-[ 7, 2, 1]
  39    2    48.023238   35.428185   48.023238    3.455490    0.00000000   0.0000   0.3203  1-[ 7, 1, 0]
  40    2    48.438994   35.843941   48.438994    3.467319    0.00000000   0.0000   0.4990  1-[ 7, 4, 1]
  41    2    50.859482   38.264429   50.859482    3.535404    0.00000000   0.0000   0.3347  1-[ 5, 5, 0]
  42    2    52.443810   39.848757   52.443810    3.579268    0.00000000   0.0000   0.3669  1-[ 5, 0, 1]
  43    2    53.051625   40.456572   53.051625    3.595954    0.00000000   0.0000   0.3230  1-[ 5, 5, 0]
  44    2    53.227266   40.632213   53.227266    3.600761    0.00000000   0.0000   0.3757  1-[ 7, 6, 1]
  45    2    53.607279   41.012226   53.607279    3.611141    0.00000000   0.0000   0.4749  1-[ 7, 4, 1]
  46    2    71.855858   59.260805   71.855858    4.078589    0.00000000   0.0000   0.4498  1-[ 9, 7, 0]
  47    2    72.495404   59.900351   72.495404    4.094003    0.00000000   0.0000   0.5080  1-[ 9, 5, 0]
  48    3     2.816616  -15.411669   -2.816616    1.742339    1.00000000   0.0000   0.8560  3+[ 2, 0, 2]
  49    3     9.087371  -21.682424   -9.087371    2.066625    1.00000000   0.0000   0.8567  3+[ 2, 1, 1]
  50    3    13.706051    1.110998   13.706051    2.276118    0.00000000   0.0000   0.5726  3+[ 4, 3, 1]
  51    3    18.724273    6.129220   18.724273    2.483785    0.00000000   0.0000   0.5377  3+[ 4, 1, 1]
  52    3    20.823877    8.228825   20.823877    2.565689    0.00000000   0.0000   0.6669  3+[ 4, 0, 2]
  53    3    23.034956   10.439903   23.034956    2.649206    0.00000000   0.0000   0.6906  3+[ 4, 2, 2]
  54    3    34.820944   22.225891   34.820944    3.056119    0.00000000   0.0000   0.3583  3+[ 6, 1, 1]
  55    3    35.556517   22.961464   35.556517    3.079732    0.00000000   0.0000   0.4145  3+[ 6, 5, 1]
  56    3    36.625486   24.030433   36.625486    3.113730    0.00000000   0.0000   0.4656  3+[ 8, 0, 2]
  57    3    36.829472   24.234420   36.829472    3.120175    0.00000000   0.0000   0.5667  3+[ 6, 3, 1]
  58    3    38.969068   26.374016   38.969068    3.186996    0.00000000   0.0000   0.3177  3+[ 6, 4, 2]
  59    3    42.226470   29.631417   42.226470    3.286119    0.00000000   0.0000   0.4276  3+[ 6, 4, 2]
  60    3    52.905766   40.310713   52.905766    3.591957    0.00000000   0.0000   0.3587  3+[ 8, 7, 1]
  61    3    57.390119   44.795066   57.390119    3.712879    0.00000000   0.0000   0.3614  3+[ 6, 1, 1]
  62    3    58.309622   45.714569   58.309622    3.737190    0.00000000   0.0000   0.4851  3+[ 8, 5, 1]
  63    3    60.320314   47.725261   60.320314    3.789809    0.00000000   0.0000   0.3718  3+[ 6, 3, 1]
  64    3    61.321968   48.726915   61.321968    3.815751    0.00000000   0.0000   0.4854  3+[ 8, 4, 2]
  65    3    62.150929   49.555876   62.150929    3.837087    0.00000000   0.0000   0.3363  3+[ 6, 2, 2]
  66    3    63.567190   50.972137   63.567190    3.873269    0.00000000   0.0000   0.5727  3+[ 6, 0, 2]
  67    3    64.187290   51.592237   64.187290    3.889004    0.00000000   0.0000   0.4145  3+[ 6, 4, 2]
  68    4     2.246384  -10.348668    2.246384    1.709802    0.00000000   0.0000   0.7129  3-[ 3, 2, 1]
  69    4     7.420186   -5.174866    7.420186    1.985584    0.00000000   0.0000   0.8065  3-[ 3, 0, 1]
  70    4    10.969547   -1.625506   10.969547    2.154457    0.00000000   0.0000   0.7951  3-[ 3, 1, 2]
  71    4    20.247161  -32.842214  -20.247161    2.543455    1.00000000   0.0000   0.9707  3-[ 1, 0, 1]
  72    4    25.573896   12.978844   25.573896    2.741971    0.00000000   0.0000   0.6082  3-[ 5, 2, 1]
  73    4    28.346131   15.751078   28.346131    2.839801    0.00000000   0.0000   0.6645  3-[ 5, 0, 1]
  74    4    28.744891   16.149838   28.744891    2.853597    0.00000000   0.0000   0.5623  3-[ 5, 4, 1]
  75    4    31.292133   18.697080   31.292133    2.940198    0.00000000   0.0000   0.5116  3-[ 5, 1, 2]
  76    4    33.740935   21.145882   33.740935    3.021113    0.00000000   0.0000   0.5734  3-[ 5, 3, 2]
  77    4    45.719237   33.124184   45.719237    3.389185    0.00000000   0.0000   0.4630  3-[ 7, 2, 1]
  78    4    47.973542   35.378489   47.973542    3.454073    0.00000000   0.0000   0.3420  3-[ 7, 6, 1]
  79    4    48.408522   35.813469   48.408522    3.466454    0.00000000   0.0000   0.5617  3-[ 7, 4, 1]
  80    4    50.720376   38.125323   50.720376    3.531527    0.00000000   0.0000   0.4979  3-[ 5, 0, 1]
  81    4    52.405205   39.810152   52.405205    3.578206    0.00000000   0.0000   0.4199  3-[ 5, 1, 2]
  82    4    53.192090   40.597037   53.192090    3.599799    0.00000000   0.0000   0.4165  3-[ 7, 5, 2]
  83    4    53.581686   40.986633   53.581686    3.610443    0.00000000   0.0000   0.5145  3-[ 7, 3, 2]
  84    4    71.847913   59.252860   71.847913    4.078397    0.00000000   0.0000   0.4421  3-[ 9, 2, 1]
  85    4    72.477291   59.882238   72.477291    4.093568    0.00000000   0.0000   0.5209  3-[ 9, 4, 1]
  86    5     9.335861  -21.930913   -9.335861    2.078433    1.00000000   0.0000   0.9701  5+[ 2, 0, 2]
  87    5    13.580456    0.985404   13.580456    2.270677    0.00000000   0.0000   0.7805  5+[ 4, 2, 2]
  88    5    18.451892    5.856839   18.451892    2.472961    0.00000000   0.0000   0.7880  5+[ 4, 0, 2]
  89    5    22.823540   10.228487   22.823540    2.641335    0.00000000   0.0000   0.7872  5+[ 4, 1, 3]
  90    5    34.724127   22.129074   34.724127    3.052997    0.00000000   0.0000   0.5487  5+[ 8, 0, 2]
  91    5    35.498882   22.903829   35.498882    3.077889    0.00000000   0.0000   0.4352  5+[ 6, 2, 2]
  92    5    36.753187   24.158134   36.753187    3.117767    0.00000000   0.0000   0.5850  5+[ 6, 4, 2]
  93    5    38.884288   26.289235   38.884288    3.184375    0.00000000   0.0000   0.4279  5+[ 6, 1, 3]
  94    5    42.164379   29.569326   42.164379    3.284258    0.00000000   0.0000   0.5530  5+[ 6, 3, 3]
  95    5    52.875812   40.280760   52.875812    3.591136    0.00000000   0.0000   0.4587  5+[ 8, 6, 2]
  96    5    57.315188   44.720135   57.315188    3.710891    0.00000000   0.0000   0.3797  5+[ 6, 4, 2]
  97    5    58.271541   45.676488   58.271541    3.736186    0.00000000   0.0000   0.5550  5+[ 8, 4, 2]
  98    5    60.214334   47.619281   60.214334    3.787054    0.00000000   0.0000   0.5812  5+[ 6, 0, 2]
  99    5    61.294774   48.699721   61.294774    3.815049    0.00000000   0.0000   0.4725  5+[ 8, 5, 3]
 100    5    62.097413   49.502360   62.097413    3.835714    0.00000000   0.0000   0.4143  5+[ 6, 3, 3]
 101    5    64.032164   51.437111   64.032164    3.885074    0.00000000   0.0000   0.5092  5+[ 6, 1, 3]
 102    6     2.075366  -10.519687    2.075366    1.699922    0.00000000   0.0000   0.8964  5-[ 3, 1, 2]
 103    6    10.616328   -1.978725   10.616328    2.138249    0.00000000   0.0000   0.8734  5-[ 3, 0, 3]
 104    6    25.476370   12.881317   25.476370    2.738466    0.00000000   0.0000   0.6470  5-[ 5, 3, 2]
 105    6    28.534084   15.939031   28.534084    2.846312    0.00000000   0.0000   0.5779  5-[ 5, 1, 2]
 106    6    31.095526   18.500473   31.095526    2.933605    0.00000000   0.0000   0.6346  5-[ 5, 0, 3]
 107    6    33.616759   21.021706   33.616759    3.017062    0.00000000   0.0000   0.6931  5-[ 5, 2, 3]
 108    6    45.682041   33.086988   45.682041    3.388104    0.00000000   0.0000   0.4847  5-[ 7, 5, 2]
 109    6    47.873598   35.278545   47.873598    3.451222    0.00000000   0.0000   0.4001  5-[ 7, 1, 2]
 110    6    48.348239   35.753186   48.348239    3.464741    0.00000000   0.0000   0.5778  5-[ 7, 3, 2]
 111    6    52.201453   39.606400   52.201453    3.572593    0.00000000   0.0000   0.5205  5-[ 5, 0, 3]
 112    6    53.126611   40.531558   53.126611    3.598007    0.00000000   0.0000   0.3957  5-[ 5, 2, 3]
 113    6    53.531162   40.936110   53.531162    3.609064    0.00000000   0.0000   0.5159  5-[ 7, 4, 3]
 114    6    71.832141   59.237089   71.832141    4.078016    0.00000000   0.0000   0.5099  5-[ 9, 7, 2]
 115    6    72.441307   59.846254   72.441307    4.092702    0.00000000   0.0000   0.5577  5-[ 9, 5, 2]
 116    7    13.395807    0.800754   13.395807    2.262654    0.00000000   0.0000   0.9168  7+[ 4, 1, 3]
 117    7    22.539711    9.944659   22.539711    2.630730    0.00000000   0.0000   0.8449  7+[ 4, 0, 4]
 118    7    35.419037   22.823984   35.419037    3.075333    0.00000000   0.0000   0.6205  7+[ 6, 1, 3]
 119    7    36.641686   24.046634   36.641686    3.114242    0.00000000   0.0000   0.7311  7+[ 6, 3, 3]
 120    7    38.765723   26.170670   38.765723    3.180706    0.00000000   0.0000   0.5417  7+[ 8, 0, 4]
 121    7    42.073103   29.478051   42.073103    3.281519    0.00000000   0.0000   0.6511  7+[ 6, 2, 4]
 122    7    52.831669   40.236616   52.831669    3.589925    0.00000000   0.0000   0.4871  7+[ 8, 5, 3]
 123    7    57.204811   44.609759   57.204811    3.707960    0.00000000   0.0000   0.4923  7+[ 6, 1, 3]
 124    7    58.215060   45.620007   58.215060    3.734697    0.00000000   0.0000   0.5538  7+[ 8, 3, 3]
 125    7    61.254173   48.659121   61.254173    3.814000    0.00000000   0.0000   0.5869  7+[ 8, 4, 4]
 126    7    62.019166   49.424113   62.019166    3.833704    0.00000000   0.0000   0.4939  7+[ 6, 2, 4]
 127    7    63.836109   51.241056   63.836109    3.880101    0.00000000   0.0000   0.6155  7+[ 6, 0, 4]
 128    8     1.824698  -10.770354    1.824698    1.685337    0.00000000   0.0000   0.9745  7-[ 3, 0, 3]
 129    8    25.331903   12.736850   25.331903    2.733265    0.00000000   0.0000   0.8170  7-[ 5, 2, 3]
 130    8    28.336431   15.741378   28.336431    2.839465    0.00000000   0.0000   0.7575  7-[ 5, 0, 3]
 131    8    33.439350   20.844297   33.439350    3.011265    0.00000000   0.0000   0.7738  7-[ 5, 1, 4]
 132    8    45.626808   33.031755   45.626808    3.386498    0.00000000   0.0000   0.4994  7-[ 7, 2, 3]
 133    8    47.725054   35.130001   47.725054    3.446980    0.00000000   0.0000   0.5767  7-[ 7, 0, 3]
 134    8    48.259435   35.664382   48.259435    3.462215    0.00000000   0.0000   0.6268  7-[ 7, 4, 3]
 135    8    53.032428   40.437375   53.032428    3.595428    0.00000000   0.0000   0.5158  7-[ 7, 1, 4]
 136    8    53.456894   40.861841   53.456894    3.607037    0.00000000   0.0000   0.6454  7-[ 7, 3, 4]
 137    8    71.808774   59.213721   71.808774    4.077452    0.00000000   0.0000   0.5880  7-[ 9, 6, 3]
 138    8    72.387933   59.792881   72.387933    4.091417    0.00000000   0.0000   0.6083  7-[ 9, 4, 3]
 139    9    13.157611    0.562558   13.157611    2.252262    0.00000000   0.0000   0.9766  9+[ 4, 0, 4]
 140    9    35.321790   22.726737   35.321790    3.072217    0.00000000   0.0000   0.7147  9+[ 6, 0, 4]
 141    9    36.498455   23.903402   36.498455    3.109709    0.00000000   0.0000   0.8401  9+[ 6, 2, 4]
 142    9    41.954975   29.359922   41.954975    3.277972    0.00000000   0.0000   0.7179  9+[ 6, 1, 5]
 143    9    52.774260   40.179207   52.774260    3.588349    0.00000000   0.0000   0.5108  9+[ 8, 2, 4]
 144    9    57.062115   44.467063   57.062115    3.704168    0.00000000   0.0000   0.5903  9+[ 6, 0, 4]
 145    9    58.140930   45.545877   58.140930    3.732742    0.00000000   0.0000   0.6297  9+[ 8, 4, 4]
 146    9    61.200403   48.605350   61.200403    3.812612    0.00000000   0.0000   0.6809  9+[ 8, 3, 5]
 147    9    61.918568   49.323515   61.918568    3.831119    0.00000000   0.0000   0.5462  9+[ 6, 1, 5]
 148   10    25.143104   12.548051   25.143104    2.726454    0.00000000   0.0000   0.9290  9-[ 5, 1, 4]
 149   10    33.218101   20.623049   33.218101    3.004020    0.00000000   0.0000   0.8191  9-[ 5, 0, 5]
 150   10    45.554226   32.959173   45.554226    3.384386    0.00000000   0.0000   0.7087  9-[ 7, 1, 4]
 151   10    48.143996   35.548943   48.143996    3.458930    0.00000000   0.0000   0.7589  9-[ 7, 3, 4]
 152   10    52.912547   40.317494   52.912547    3.592143    0.00000000   0.0000   0.6090  9-[ 7, 0, 5]
 153   10    53.360527   40.765474   53.360527    3.604405    0.00000000   0.0000   0.7464  9-[ 7, 2, 5]
 154   10    71.778127   59.183075   71.778127    4.076711    0.00000000   0.0000   0.5924  9-[ 9, 5, 4]
 155   10    72.317878   59.722825   72.317878    4.089730    0.00000000   0.0000   0.5941  9-[ 9, 3, 4]
 156   11    36.328053   23.733000   36.328053    3.104308    0.00000000   0.0000   0.9128 11+[ 6, 1, 5]
 157   11    41.813275   29.218222   41.813275    3.273712    0.00000000   0.0000   0.7539 11+[ 6, 0, 6]
 158   11    52.704800   40.109748   52.704800    3.586442    0.00000000   0.0000   0.6869 11+[ 8, 1, 5]
 159   11    58.050131   45.455079   58.050131    3.730345    0.00000000   0.0000   0.7465 11+[ 8, 3, 5]
 160   11    61.133791   48.538738   61.133791    3.810891    0.00000000   0.0000   0.7518 11+[ 8, 2, 6]
 161   11    61.798705   49.203652   61.798705    3.828036    0.00000000   0.0000   0.5695 11+[ 6, 0, 6]
 162   12    24.914222   12.319169   24.914222    2.718173    0.00000000   0.0000   0.9778 11-[ 5, 0, 5]
 163   12    45.465320   32.870267   45.465320    3.381798    0.00000000   0.0000   0.8084 11-[ 7, 0, 5]
 164   12    48.004366   35.409313   48.004366    3.454952    0.00000000   0.0000   0.8594 11-[ 7, 2, 5]
 165   12    53.244155   40.649102   53.244155    3.601223    0.00000000   0.0000   0.8135 11-[ 7, 1, 6]
 166   12    71.740584   59.145532   71.740584    4.075804    0.00000000   0.0000   0.6473 11-[ 9, 2, 5]
 167   12    72.232063   59.637010   72.232063    4.087663    0.00000000   0.0000   0.7083 11-[ 9, 4, 5]
 168   13    36.135974   23.540921   36.135974    3.098208    0.00000000   0.0000   0.9540 13+[ 6, 0, 6]
 169   13    52.624797   40.029744   52.624797    3.584245    0.00000000   0.0000   0.7750 13+[ 8, 0, 6]
 170   13    57.943880   45.348827   57.943880    3.727539    0.00000000   0.0000   0.8367 13+[ 8, 2, 6]
 171   13    61.054782   48.459729   61.054782    3.808848    0.00000000   0.0000   0.8005 13+[ 8, 1, 7]
 172   14    47.843509   35.248456   47.843509    3.450363    0.00000000   0.0000   0.9267 13-[ 7, 1, 6]
 173   14    53.110368   40.515315   53.110368    3.597563    0.00000000   0.0000   0.8469 13-[ 7, 0, 7]
 174   14    71.696562   59.101509   71.696562    4.074740    0.00000000   0.0000   0.8351 13-[ 9, 1, 6]
 175   14    72.131610   59.536557   72.131610    4.085242    0.00000000   0.0000   0.8238 13-[ 9, 3, 6]
 176   15    57.823639   45.228586   57.823639    3.724361    0.00000000   0.0000   0.8974 15+[ 8, 1, 7]
 177   15    60.963998   48.368945   60.963998    3.806500    0.00000000   0.0000   0.8295 15+[ 8, 0, 8]
 178   16    47.664854   35.069801   47.664854    3.445260    0.00000000   0.0000   0.9625 15-[ 7, 0, 7]
 179   16    71.646491   59.051438   71.646491    4.073530    0.00000000   0.0000   0.9310 15-[ 9, 0, 7]
 180   16    72.017822   59.422770   72.017822    4.082498    0.00000000   0.0000   0.9128 15-[ 9, 2, 7]
 181   17    57.691131   45.096078   57.691131    3.720855    0.00000000   0.0000   0.9287 17+[ 8, 0, 8]
 182   18    71.892175   59.297122   71.892175    4.079466    0.00000000   0.0000   0.9717 17-[ 9, 1, 8]
 183   20    71.756303   59.161250   71.756303    4.076184    0.00000000   0.0000   1.0000 19-[ 9, 0, 9]
#all active are  183 q.p. states out of  286
#since the cut off is pwi=  60.0
#check: number of protons =  20.0


 #canonical s.p. energies protons 
 ---------------------------------


  labels -> {2*omega}{parity}[nn=nz+2*nr+nl,nz,nl]
  cqpe   -> canonical q.p. energies
  ce     -> canonical s.p. energies
  fermi energy=  -15.028469732158836     
  average cdelt=   2.5865866123105066E-007
  k0      ceqp        ce         v*v       u*v        cdel     overl      labels
   1  -10.161636  -15.028470   1.00000000   0.00000006  -0.0000   0.7298  1+[ 2, 1, 1]
   2   -8.789574  -16.400532   1.00000000   0.00000000  -0.0000   0.7716  1+[ 2, 0, 0]
   3   -3.632368  -21.557737   1.00000000   0.00000003  -0.0000   0.6219  1+[ 2, 1, 1]
   4    1.174498    1.174498   0.00000000   0.00000001  -0.0000   0.6087  1+[ 4, 2, 0]
   5    6.242990    6.242990   0.00000000   0.00000000  -0.0000   0.4853  1+[ 4, 0, 0]
   6    7.759268    7.759268   0.00000000   0.00000000  -0.0000   0.5303  1+[ 4, 0, 0]
   7    8.556623    8.556623   0.00000000   0.00000000  -0.0000   0.4801  1+[ 4, 1, 1]
   8   10.555206   10.555206   0.00000000   0.00000000  -0.0000   0.5446  1+[ 4, 3, 1]
   9   18.023841  -43.213947   1.00000000   0.00000000  -0.0000   0.9709  1+[ 0, 0, 0]
  10   22.265214   22.265214   0.00000000   0.00000000  -0.0000   0.3611  1+[ 8, 0, 0]
  11   22.991417   22.991417   0.00000000   0.00000000  -0.0000   0.3868  1+[ 6, 2, 0]
  12   23.783338   23.783338   0.00000000   0.00000000  -0.0000   0.4322  1+[ 8, 0, 0]
  13   24.199492   24.199492   0.00000000   0.00000000  -0.0000   0.3120  1+[ 4, 4, 0]
  14   24.273149   24.273149   0.00000000   0.00000000  -0.0000   0.5218  1+[ 6, 4, 0]
  15   26.418323   26.418323   0.00000000   0.00000000  -0.0000   0.3117  1+[ 6, 5, 1]
  16   29.662828   29.662828   0.00000000   0.00000000  -0.0000   0.4449  1+[ 6, 3, 1]
  17   40.325848   40.325848   0.00000000   0.00000000  -0.0000   0.3825  1+[ 8, 2, 0]
  18   44.832904   44.832904   0.00000000   0.00000000  -0.0000   0.2977  1+[ 6, 1, 1]
  19   45.733740   45.733740   0.00000000   0.00000000  -0.0000   0.4879  1+[ 8, 4, 0]
  20   47.777103   47.777103   0.00000000   0.00000000  -0.0000   0.3613  1+[ 6, 6, 0]
  21   48.740550   48.740550   0.00000000   0.00000000  -0.0000   0.4431  1+[ 8, 5, 1]
  22   49.583044   49.583044   0.00000000   0.00000000  -0.0000   0.3434  1+[ 6, 3, 1]
  23   50.449470   50.449470   0.00000000   0.00000000  -0.0000   0.4859  1+[ 6, 0, 0]
  24   51.088673   51.088673   0.00000000   0.00000000  -0.0000   0.3958  1+[ 6, 1, 1]
  25   51.679494   51.679494   0.00000000   0.00000000  -0.0000   0.4320  1+[ 6, 5, 1]
  26    0.000000    0.000000   0.00000000   0.00000000  -0.0000   0.0000  1+[10, 0, 0]
  27    0.000000    0.000000   0.00000000   0.00000000  -0.0000   0.0000  1+[10, 0, 0]
  28    0.000000    0.000000   0.00000000   0.00000000  -0.0000   0.0000  1+[10, 0, 0]
  29    0.000000    0.000000   0.00000000   0.00000000  -0.0000   0.0000  1+[10, 0, 0]
  30    0.000000    0.000000   0.00000000   0.00000000  -0.0000   0.0000  1+[10, 0, 0]
  31    0.000000    0.000000   0.00000000   0.00000000  -0.0000   0.0000  1+[10, 0, 0]
  32    0.000000    0.000000   0.00000000   0.00000000  -0.0000   0.0000  1+[10, 0, 0]
  33    0.000000    0.000000   0.00000000   0.00000000  -0.0000   0.0000  1+[10, 0, 0]
  34    0.000000    0.000000   0.00000000   0.00000000  -0.0000   0.0000  1+[10, 0, 0]
  35    0.000000    0.000000   0.00000000   0.00000000  -0.0000   0.0000  1+[10, 0, 0]
  36    0.000000    0.000000   0.00000000   0.00000000  -0.0000   0.0000  1+[10, 0, 0]
  37  -10.262360  -10.262360   0.00000000   0.00000006  -0.0000   0.5950  1-[ 3, 1, 0]
  38   -4.880445   -4.880445   0.00000000   0.00000001  -0.0000   0.5567  1-[ 3, 3, 0]
  39   -2.783183   -2.783183   0.00000000   0.00000001  -0.0000   0.6579  1-[ 3, 0, 1]
  40   -1.384044   -1.384044   0.00000000   0.00000001  -0.0000   0.6861  1-[ 3, 2, 1]
  41    4.079571  -29.269676   1.00000000   0.00000000  -0.0000   0.7664  1-[ 1, 0, 1]
  42    7.448580  -32.638685   1.00000000   0.00000003  -0.0000   0.7624  1-[ 1, 1, 0]
  43   13.027940   13.027940   0.00000000   0.00000000  -0.0000   0.5623  1-[ 5, 3, 0]
  44   15.825867   15.825867   0.00000000   0.00000001  -0.0000   0.4499  1-[ 5, 0, 1]
  45   16.286652   16.286652   0.00000000   0.00000000  -0.0000   0.5372  1-[ 5, 5, 0]
  46   17.076080   17.076080   0.00000000   0.00000000  -0.0000   0.4336  1-[ 5, 0, 1]
  47   18.812005   18.812005   0.00000000   0.00000000  -0.0000   0.3835  1-[ 5, 4, 1]
  48   21.209869   21.209869   0.00000000   0.00000000  -0.0000   0.4669  1-[ 5, 3, 0]
  49   33.142894   33.142894   0.00000000   0.00000000  -0.0000   0.3948  1-[ 7, 2, 1]
  50   35.428185   35.428185   0.00000000   0.00000000  -0.0000   0.3203  1-[ 7, 1, 0]
  51   35.843941   35.843941   0.00000000   0.00000000  -0.0000   0.4990  1-[ 7, 4, 1]
  52   38.264429   38.264429   0.00000000   0.00000000  -0.0000   0.3347  1-[ 5, 5, 0]
  53   39.848757   39.848757   0.00000000   0.00000000  -0.0000   0.3669  1-[ 5, 0, 1]
  54   40.456572   40.456572   0.00000000   0.00000000  -0.0000   0.3230  1-[ 5, 5, 0]
  55   40.632213   40.632213   0.00000000   0.00000000  -0.0000   0.3757  1-[ 7, 6, 1]
  56   41.012226   41.012226   0.00000000   0.00000000  -0.0000   0.4749  1-[ 7, 4, 1]
  57   59.260805   59.260805   0.00000000   0.00000000  -0.0000   0.4498  1-[ 9, 7, 0]
  58   59.900351   59.900351   0.00000000   0.00000000  -0.0000   0.5080  1-[ 9, 5, 0]
  59    0.000000    0.000000   0.00000000   0.00000000  -0.0000   0.0000  1-[ 9, 1, 0]
  60    0.000000    0.000000   0.00000000   0.00000000  -0.0000   0.0000  1-[ 9, 1, 0]
  61    0.000000    0.000000   0.00000000   0.00000000  -0.0000   0.0000  1-[ 9, 1, 0]
  62    0.000000    0.000000   0.00000000   0.00000000  -0.0000   0.0000  1-[ 9, 1, 0]
  63    0.000000    0.000000   0.00000000   0.00000000  -0.0000   0.0000  1-[ 9, 1, 0]
  64    0.000000    0.000000   0.00000000   0.00000000  -0.0000   0.0000  1-[ 9, 1, 0]
  65    0.000000    0.000000   0.00000000   0.00000000  -0.0000   0.0000  1-[ 9, 1, 0]
  66    0.000000    0.000000   0.00000000   0.00000000  -0.0000   0.0000  1-[ 9, 1, 0]
  67   -9.778437  -15.411669   1.00000000   0.00000006  -0.0000   0.8560  3+[ 2, 0, 2]
  68   -3.507682  -21.682424   1.00000000   0.00000003  -0.0000   0.8567  3+[ 2, 1, 1]
  69    1.110998    1.110998   0.00000000   0.00000001  -0.0000   0.5726  3+[ 4, 3, 1]
  70    6.129220    6.129220   0.00000000   0.00000000  -0.0000   0.5377  3+[ 4, 1, 1]
  71    8.228825    8.228825   0.00000000   0.00000000  -0.0000   0.6669  3+[ 4, 0, 2]
  72   10.439903   10.439903   0.00000000   0.00000000  -0.0000   0.6906  3+[ 4, 2, 2]
  73   22.225891   22.225891   0.00000000   0.00000000  -0.0000   0.3583  3+[ 6, 1, 1]
  74   22.961464   22.961464   0.00000000   0.00000000  -0.0000   0.4145  3+[ 6, 5, 1]
  75   24.030433   24.030433   0.00000000   0.00000000  -0.0000   0.4656  3+[ 8, 0, 2]
  76   24.234420   24.234420   0.00000000   0.00000000  -0.0000   0.5667  3+[ 6, 3, 1]
  77   26.374016   26.374016   0.00000000   0.00000000  -0.0000   0.3177  3+[ 6, 4, 2]
  78   29.631417   29.631417   0.00000000   0.00000000  -0.0000   0.4276  3+[ 6, 4, 2]
  79   40.310713   40.310713   0.00000000   0.00000000  -0.0000   0.3587  3+[ 8, 7, 1]
  80   44.795066   44.795066   0.00000000   0.00000000  -0.0000   0.3614  3+[ 6, 1, 1]
  81   45.714569   45.714569   0.00000000   0.00000000  -0.0000   0.4851  3+[ 8, 5, 1]
  82   47.725261   47.725261   0.00000000   0.00000000  -0.0000   0.3718  3+[ 6, 3, 1]
  83   48.726915   48.726915   0.00000000   0.00000000  -0.0000   0.4854  3+[ 8, 4, 2]
  84   49.555876   49.555876   0.00000000   0.00000000  -0.0000   0.3363  3+[ 6, 2, 2]
  85   50.972137   50.972137   0.00000000   0.00000000  -0.0000   0.5727  3+[ 6, 0, 2]
  86   51.592237   51.592237   0.00000000   0.00000000  -0.0000   0.4145  3+[ 6, 4, 2]
  87    0.000000    0.000000   0.00000000   0.00000000  -0.0000   0.0000  3+[10, 1, 1]
  88    0.000000    0.000000   0.00000000   0.00000000  -0.0000   0.0000  3+[10, 1, 1]
  89    0.000000    0.000000   0.00000000   0.00000000  -0.0000   0.0000  3+[10, 1, 1]
  90    0.000000    0.000000   0.00000000   0.00000000  -0.0000   0.0000  3+[10, 1, 1]
  91    0.000000    0.000000   0.00000000   0.00000000  -0.0000   0.0000  3+[10, 1, 1]
  92    0.000000    0.000000   0.00000000   0.00000000  -0.0000   0.0000  3+[10, 1, 1]
  93    0.000000    0.000000   0.00000000   0.00000000  -0.0000   0.0000  3+[10, 1, 1]
  94    0.000000    0.000000   0.00000000   0.00000000  -0.0000   0.0000  3+[10, 1, 1]
  95    0.000000    0.000000   0.00000000   0.00000000  -0.0000   0.0000  3+[10, 1, 1]
  96    0.000000    0.000000   0.00000000   0.00000000  -0.0000   0.0000  3+[10, 1, 1]
  97  -10.348668  -10.348668   0.00000000   0.00000006  -0.0000   0.7129  3-[ 3, 2, 1]
  98   -5.174866   -5.174866   0.00000000   0.00000001  -0.0000   0.8065  3-[ 3, 0, 1]
  99   -1.625506   -1.625506   0.00000000   0.00000001  -0.0000   0.7951  3-[ 3, 1, 2]
 100    7.652108  -32.842214   1.00000000   0.00000000  -0.0000   0.9707  3-[ 1, 0, 1]
 101   12.978844   12.978844   0.00000000   0.00000000  -0.0000   0.6082  3-[ 5, 2, 1]
 102   15.751078   15.751078   0.00000000   0.00000001  -0.0000   0.6645  3-[ 5, 0, 1]
 103   16.149838   16.149838   0.00000000   0.00000000  -0.0000   0.5623  3-[ 5, 4, 1]
 104   18.697080   18.697080   0.00000000   0.00000000  -0.0000   0.5116  3-[ 5, 1, 2]
 105   21.145882   21.145882   0.00000000   0.00000000  -0.0000   0.5734  3-[ 5, 3, 2]
 106   33.124184   33.124184   0.00000000   0.00000000  -0.0000   0.4630  3-[ 7, 2, 1]
 107   35.378489   35.378489   0.00000000   0.00000000  -0.0000   0.3420  3-[ 7, 6, 1]
 108   35.813469   35.813469   0.00000000   0.00000000  -0.0000   0.5617  3-[ 7, 4, 1]
 109   38.125323   38.125323   0.00000000   0.00000000  -0.0000   0.4979  3-[ 5, 0, 1]
 110   39.810152   39.810152   0.00000000   0.00000000  -0.0000   0.4199  3-[ 5, 1, 2]
 111   40.597037   40.597037   0.00000000   0.00000000  -0.0000   0.4165  3-[ 7, 5, 2]
 112   40.986633   40.986633   0.00000000   0.00000000  -0.0000   0.5145  3-[ 7, 3, 2]
 113   59.252860   59.252860   0.00000000   0.00000000  -0.0000   0.4421  3-[ 9, 2, 1]
 114   59.882238   59.882238   0.00000000   0.00000000  -0.0000   0.5209  3-[ 9, 4, 1]
 115    0.000000    0.000000   0.00000000   0.00000000  -0.0000   0.0000  3-[ 9, 0, 1]
 116    0.000000    0.000000   0.00000000   0.00000000  -0.0000   0.0000  3-[ 9, 0, 1]
 117    0.000000    0.000000   0.00000000   0.00000000  -0.0000   0.0000  3-[ 9, 0, 1]
 118    0.000000    0.000000   0.00000000   0.00000000  -0.0000   0.0000  3-[ 9, 0, 1]
 119    0.000000    0.000000   0.00000000   0.00000000  -0.0000   0.0000  3-[ 9, 0, 1]
 120    0.000000    0.000000   0.00000000   0.00000000  -0.0000   0.0000  3-[ 9, 0, 1]
 121    0.000000    0.000000   0.00000000   0.00000000  -0.0000   0.0000  3-[ 9, 0, 1]
 122   -3.259192  -21.930913   1.00000000   0.00000000  -0.0000   0.9701  5+[ 2, 0, 2]
 123    0.985404    0.985404   0.00000000   0.00000001  -0.0000   0.7805  5+[ 4, 2, 2]
 124    5.856839    5.856839   0.00000000   0.00000000  -0.0000   0.7880  5+[ 4, 0, 2]
 125   10.228487   10.228487   0.00000000   0.00000000  -0.0000   0.7872  5+[ 4, 1, 3]
 126   22.129074   22.129074   0.00000000   0.00000000  -0.0000   0.5487  5+[ 8, 0, 2]
 127   22.903829   22.903829   0.00000000   0.00000000  -0.0000   0.4352  5+[ 6, 2, 2]
 128   24.158134   24.158134   0.00000000   0.00000000  -0.0000   0.5850  5+[ 6, 4, 2]
 129   26.289235   26.289235   0.00000000   0.00000000  -0.0000   0.4279  5+[ 6, 1, 3]
 130   29.569326   29.569326   0.00000000   0.00000000  -0.0000   0.5530  5+[ 6, 3, 3]
 131   40.280760   40.280760   0.00000000   0.00000000  -0.0000   0.4587  5+[ 8, 6, 2]
 132   44.720135   44.720135   0.00000000   0.00000000  -0.0000   0.3797  5+[ 6, 4, 2]
 133   45.676488   45.676488   0.00000000   0.00000000  -0.0000   0.5550  5+[ 8, 4, 2]
 134   47.619281   47.619281   0.00000000   0.00000000  -0.0000   0.5812  5+[ 6, 0, 2]
 135   48.699721   48.699721   0.00000000   0.00000000  -0.0000   0.4725  5+[ 8, 5, 3]
 136   49.502360   49.502360   0.00000000   0.00000000  -0.0000   0.4143  5+[ 6, 3, 3]
 137   51.437111   51.437111   0.00000000   0.00000000  -0.0000   0.5092  5+[ 6, 1, 3]
 138    0.000000    0.000000   0.00000000   0.00000000  -0.0000   0.0000  5+[10, 0, 2]
 139    0.000000    0.000000   0.00000000   0.00000000  -0.0000   0.0000  5+[10, 0, 2]
 140    0.000000    0.000000   0.00000000   0.00000000  -0.0000   0.0000  5+[10, 0, 2]
 141    0.000000    0.000000   0.00000000   0.00000000  -0.0000   0.0000  5+[10, 0, 2]
 142    0.000000    0.000000   0.00000000   0.00000000  -0.0000   0.0000  5+[10, 0, 2]
 143    0.000000    0.000000   0.00000000   0.00000000  -0.0000   0.0000  5+[10, 0, 2]
 144    0.000000    0.000000   0.00000000   0.00000000  -0.0000   0.0000  5+[10, 0, 2]
 145    0.000000    0.000000   0.00000000   0.00000000  -0.0000   0.0000  5+[10, 0, 2]
 146    0.000000    0.000000   0.00000000   0.00000000  -0.0000   0.0000  5+[10, 0, 2]
 147  -10.519687  -10.519687   0.00000000   0.00000007  -0.0000   0.8964  5-[ 3, 1, 2]
 148   -1.978725   -1.978725   0.00000000   0.00000001  -0.0000   0.8734  5-[ 3, 0, 3]
 149   12.881317   12.881317   0.00000000   0.00000000  -0.0000   0.6470  5-[ 5, 3, 2]
 150   15.939031   15.939031   0.00000000   0.00000000  -0.0000   0.5779  5-[ 5, 1, 2]
 151   18.500473   18.500473   0.00000000   0.00000000  -0.0000   0.6346  5-[ 5, 0, 3]
 152   21.021706   21.021706   0.00000000   0.00000000  -0.0000   0.6931  5-[ 5, 2, 3]
 153   33.086988   33.086988   0.00000000   0.00000000  -0.0000   0.4847  5-[ 7, 5, 2]
 154   35.278545   35.278545   0.00000000   0.00000000  -0.0000   0.4001  5-[ 7, 1, 2]
 155   35.753186   35.753186   0.00000000   0.00000000  -0.0000   0.5778  5-[ 7, 3, 2]
 156   39.606400   39.606400   0.00000000   0.00000000  -0.0000   0.5205  5-[ 5, 0, 3]
 157   40.531558   40.531558   0.00000000   0.00000000  -0.0000   0.3957  5-[ 5, 2, 3]
 158   40.936110   40.936110   0.00000000   0.00000000  -0.0000   0.5159  5-[ 7, 4, 3]
 159   59.237089   59.237089   0.00000000   0.00000000  -0.0000   0.5099  5-[ 9, 7, 2]
 160   59.846254   59.846254   0.00000000   0.00000000  -0.0000   0.5577  5-[ 9, 5, 2]
 161    0.000000    0.000000   0.00000000   0.00000000  -0.0000   0.0000  5-[ 9, 1, 2]
 162    0.000000    0.000000   0.00000000   0.00000000  -0.0000   0.0000  5-[ 9, 1, 2]
 163    0.000000    0.000000   0.00000000   0.00000000  -0.0000   0.0000  5-[ 9, 1, 2]
 164    0.000000    0.000000   0.00000000   0.00000000  -0.0000   0.0000  5-[ 9, 1, 2]
 165    0.000000    0.000000   0.00000000   0.00000000  -0.0000   0.0000  5-[ 9, 1, 2]
 166    0.000000    0.000000   0.00000000   0.00000000  -0.0000   0.0000  5-[ 9, 1, 2]
 167    0.800754    0.800754   0.00000000   0.00000001  -0.0000   0.9168  7+[ 4, 1, 3]
 168    9.944659    9.944659   0.00000000   0.00000000  -0.0000   0.8449  7+[ 4, 0, 4]
 169   22.823984   22.823984   0.00000000   0.00000000  -0.0000   0.6205  7+[ 6, 1, 3]
 170   24.046634   24.046634   0.00000000   0.00000000  -0.0000   0.7311  7+[ 6, 3, 3]
 171   26.170670   26.170670   0.00000000   0.00000000  -0.0000   0.5417  7+[ 8, 0, 4]
 172   29.478051   29.478051   0.00000000   0.00000000  -0.0000   0.6511  7+[ 6, 2, 4]
 173   40.236616   40.236616   0.00000000   0.00000000  -0.0000   0.4871  7+[ 8, 5, 3]
 174   44.609759   44.609759   0.00000000   0.00000000  -0.0000   0.4923  7+[ 6, 1, 3]
 175   45.620007   45.620007   0.00000000   0.00000000  -0.0000   0.5538  7+[ 8, 3, 3]
 176   48.659121   48.659121   0.00000000   0.00000000  -0.0000   0.5869  7+[ 8, 4, 4]
 177   49.424113   49.424113   0.00000000   0.00000000  -0.0000   0.4939  7+[ 6, 2, 4]
 178   51.241056   51.241056   0.00000000   0.00000000  -0.0000   0.6155  7+[ 6, 0, 4]
 179    0.000000    0.000000   0.00000000   0.00000000  -0.0000   0.0000  7+[10, 1, 3]
 180    0.000000    0.000000   0.00000000   0.00000000  -0.0000   0.0000  7+[10, 1, 3]
 181    0.000000    0.000000   0.00000000   0.00000000  -0.0000   0.0000  7+[10, 1, 3]
 182    0.000000    0.000000   0.00000000   0.00000000  -0.0000   0.0000  7+[10, 1, 3]
 183    0.000000    0.000000   0.00000000   0.00000000  -0.0000   0.0000  7+[10, 1, 3]
 184    0.000000    0.000000   0.00000000   0.00000000  -0.0000   0.0000  7+[10, 1, 3]
 185    0.000000    0.000000   0.00000000   0.00000000  -0.0000   0.0000  7+[10, 1, 3]
 186    0.000000    0.000000   0.00000000   0.00000000  -0.0000   0.0000  7+[10, 1, 3]
 187  -10.770354  -10.770354   0.00000000   0.00000008  -0.0000   0.9745  7-[ 3, 0, 3]
 188   12.736850   12.736850   0.00000000   0.00000000  -0.0000   0.8170  7-[ 5, 2, 3]
 189   15.741378   15.741378   0.00000000   0.00000000  -0.0000   0.7575  7-[ 5, 0, 3]
 190   20.844297   20.844297   0.00000000   0.00000000  -0.0000   0.7738  7-[ 5, 1, 4]
 191   33.031755   33.031755   0.00000000   0.00000000  -0.0000   0.4994  7-[ 7, 2, 3]
 192   35.130001   35.130001   0.00000000   0.00000000  -0.0000   0.5767  7-[ 7, 0, 3]
 193   35.664382   35.664382   0.00000000   0.00000000  -0.0000   0.6268  7-[ 7, 4, 3]
 194   40.437375   40.437375   0.00000000   0.00000000  -0.0000   0.5158  7-[ 7, 1, 4]
 195   40.861841   40.861841   0.00000000   0.00000000  -0.0000   0.6454  7-[ 7, 3, 4]
 196   59.213721   59.213721   0.00000000   0.00000000  -0.0000   0.5880  7-[ 9, 6, 3]
 197   59.792881   59.792881   0.00000000   0.00000000  -0.0000   0.6083  7-[ 9, 4, 3]
 198    0.000000    0.000000   0.00000000   0.00000000  -0.0000   0.0000  7-[ 9, 0, 3]
 199    0.000000    0.000000   0.00000000   0.00000000  -0.0000   0.0000  7-[ 9, 0, 3]
 200    0.000000    0.000000   0.00000000   0.00000000  -0.0000   0.0000  7-[ 9, 0, 3]
 201    0.000000    0.000000   0.00000000   0.00000000  -0.0000   0.0000  7-[ 9, 0, 3]
 202    0.000000    0.000000   0.00000000   0.00000000  -0.0000   0.0000  7-[ 9, 0, 3]
 203    0.562558    0.562558   0.00000000   0.00000001  -0.0000   0.9766  9+[ 4, 0, 4]
 204   22.726737   22.726737   0.00000000   0.00000000  -0.0000   0.7147  9+[ 6, 0, 4]
 205   23.903402   23.903402   0.00000000   0.00000000  -0.0000   0.8401  9+[ 6, 2, 4]
 206   29.359922   29.359922   0.00000000   0.00000000  -0.0000   0.7179  9+[ 6, 1, 5]
 207   40.179207   40.179207   0.00000000   0.00000000  -0.0000   0.5108  9+[ 8, 2, 4]
 208   44.467063   44.467063   0.00000000   0.00000000  -0.0000   0.5903  9+[ 6, 0, 4]
 209   45.545877   45.545877   0.00000000   0.00000000  -0.0000   0.6297  9+[ 8, 4, 4]
 210   48.605350   48.605350   0.00000000   0.00000000  -0.0000   0.6809  9+[ 8, 3, 5]
 211   49.323515   49.323515   0.00000000   0.00000000  -0.0000   0.5462  9+[ 6, 1, 5]
 212    0.000000    0.000000   0.00000000   0.00000000  -0.0000   0.0000  9+[10, 0, 4]
 213    0.000000    0.000000   0.00000000   0.00000000  -0.0000   0.0000  9+[10, 0, 4]
 214    0.000000    0.000000   0.00000000   0.00000000  -0.0000   0.0000  9+[10, 0, 4]
 215    0.000000    0.000000   0.00000000   0.00000000  -0.0000   0.0000  9+[10, 0, 4]
 216    0.000000    0.000000   0.00000000   0.00000000  -0.0000   0.0000  9+[10, 0, 4]
 217    0.000000    0.000000   0.00000000   0.00000000  -0.0000   0.0000  9+[10, 0, 4]
 218    0.000000    0.000000   0.00000000   0.00000000  -0.0000   0.0000  9+[10, 0, 4]
 219   12.548051   12.548051   0.00000000   0.00000000  -0.0000   0.9290  9-[ 5, 1, 4]
 220   20.623049   20.623049   0.00000000   0.00000000  -0.0000   0.8191  9-[ 5, 0, 5]
 221   32.959173   32.959173   0.00000000   0.00000000  -0.0000   0.7087  9-[ 7, 1, 4]
 222   35.548943   35.548943   0.00000000   0.00000000  -0.0000   0.7589  9-[ 7, 3, 4]
 223   40.317494   40.317494   0.00000000   0.00000000  -0.0000   0.6090  9-[ 7, 0, 5]
 224   40.765474   40.765474   0.00000000   0.00000000  -0.0000   0.7464  9-[ 7, 2, 5]
 225   59.183075   59.183075   0.00000000   0.00000000  -0.0000   0.5924  9-[ 9, 5, 4]
 226   59.722825   59.722825   0.00000000   0.00000000  -0.0000   0.5941  9-[ 9, 3, 4]
 227    0.000000    0.000000   0.00000000   0.00000000  -0.0000   0.0000  9-[ 9, 1, 4]
 228    0.000000    0.000000   0.00000000   0.00000000  -0.0000   0.0000  9-[ 9, 1, 4]
 229    0.000000    0.000000   0.00000000   0.00000000  -0.0000   0.0000  9-[ 9, 1, 4]
 230    0.000000    0.000000   0.00000000   0.00000000  -0.0000   0.0000  9-[ 9, 1, 4]
 231   23.733000   23.733000   0.00000000   0.00000000  -0.0000   0.9128 11+[ 6, 1, 5]
 232   29.218222   29.218222   0.00000000   0.00000000  -0.0000   0.7539 11+[ 6, 0, 6]
 233   40.109748   40.109748   0.00000000   0.00000000  -0.0000   0.6869 11+[ 8, 1, 5]
 234   45.455079   45.455079   0.00000000   0.00000000  -0.0000   0.7465 11+[ 8, 3, 5]
 235   48.538738   48.538738   0.00000000   0.00000000  -0.0000   0.7518 11+[ 8, 2, 6]
 236   49.203652   49.203652   0.00000000   0.00000000  -0.0000   0.5695 11+[ 6, 0, 6]
 237    0.000000    0.000000   0.00000000   0.00000000  -0.0000   0.0000 11+[10, 1, 5]
 238    0.000000    0.000000   0.00000000   0.00000000  -0.0000   0.0000 11+[10, 1, 5]
 239    0.000000    0.000000   0.00000000   0.00000000  -0.0000   0.0000 11+[10, 1, 5]
 240    0.000000    0.000000   0.00000000   0.00000000  -0.0000   0.0000 11+[10, 1, 5]
 241    0.000000    0.000000   0.00000000   0.00000000  -0.0000   0.0000 11+[10, 1, 5]
 242    0.000000    0.000000   0.00000000   0.00000000  -0.0000   0.0000 11+[10, 1, 5]
 243   12.319169   12.319169   0.00000000   0.00000000  -0.0000   0.9778 11-[ 5, 0, 5]
 244   32.870267   32.870267   0.00000000   0.00000000  -0.0000   0.8084 11-[ 7, 0, 5]
 245   35.409313   35.409313   0.00000000   0.00000000  -0.0000   0.8594 11-[ 7, 2, 5]
 246   40.649102   40.649102   0.00000000   0.00000000  -0.0000   0.8135 11-[ 7, 1, 6]
 247   59.145532   59.145532   0.00000000   0.00000000  -0.0000   0.6473 11-[ 9, 2, 5]
 248   59.637010   59.637010   0.00000000   0.00000000  -0.0000   0.7083 11-[ 9, 4, 5]
 249    0.000000    0.000000   0.00000000   0.00000000  -0.0000   0.0000 11-[ 9, 0, 5]
 250    0.000000    0.000000   0.00000000   0.00000000  -0.0000   0.0000 11-[ 9, 0, 5]
 251    0.000000    0.000000   0.00000000   0.00000000  -0.0000   0.0000 11-[ 9, 0, 5]
 252   23.540921   23.540921   0.00000000   0.00000000  -0.0000   0.9540 13+[ 6, 0, 6]
 253   40.029744   40.029744   0.00000000   0.00000000  -0.0000   0.7750 13+[ 8, 0, 6]
 254   45.348827   45.348827   0.00000000   0.00000000  -0.0000   0.8367 13+[ 8, 2, 6]
 255   48.459729   48.459729   0.00000000   0.00000000  -0.0000   0.8005 13+[ 8, 1, 7]
 256    0.000000    0.000000   0.00000000   0.00000000  -0.0000   0.0000 13+[10, 0, 6]
 257    0.000000    0.000000   0.00000000   0.00000000  -0.0000   0.0000 13+[10, 0, 6]
 258    0.000000    0.000000   0.00000000   0.00000000  -0.0000   0.0000 13+[10, 0, 6]
 259    0.000000    0.000000   0.00000000   0.00000000  -0.0000   0.0000 13+[10, 0, 6]
 260    0.000000    0.000000   0.00000000   0.00000000  -0.0000   0.0000 13+[10, 0, 6]
 261   35.248456   35.248456   0.00000000   0.00000000  -0.0000   0.9267 13-[ 7, 1, 6]
 262   40.515315   40.515315   0.00000000   0.00000000  -0.0000   0.8469 13-[ 7, 0, 7]
 263   59.101509   59.101509   0.00000000   0.00000000  -0.0000   0.8351 13-[ 9, 1, 6]
 264   59.536557   59.536557   0.00000000   0.00000000  -0.0000   0.8238 13-[ 9, 3, 6]
 265    0.000000    0.000000   0.00000000   0.00000000  -0.0000   0.0000 13-[ 9, 1, 6]
 266    0.000000    0.000000   0.00000000   0.00000000  -0.0000   0.0000 13-[ 9, 1, 6]
 267   45.228586   45.228586   0.00000000   0.00000000  -0.0000   0.8974 15+[ 8, 1, 7]
 268   48.368945   48.368945   0.00000000   0.00000000  -0.0000   0.8295 15+[ 8, 0, 8]
 269    0.000000    0.000000   0.00000000   0.00000000  -0.0000   0.0000 15+[10, 1, 7]
 270    0.000000    0.000000   0.00000000   0.00000000  -0.0000   0.0000 15+[10, 1, 7]
 271    0.000000    0.000000   0.00000000   0.00000000  -0.0000   0.0000 15+[10, 1, 7]
 272    0.000000    0.000000   0.00000000   0.00000000  -0.0000   0.0000 15+[10, 1, 7]
 273   35.069801   35.069801   0.00000000   0.00000000  -0.0000   0.9625 15-[ 7, 0, 7]
 274   59.051438   59.051438   0.00000000   0.00000000  -0.0000   0.9310 15-[ 9, 0, 7]
 275   59.422770   59.422770   0.00000000   0.00000000  -0.0000   0.9128 15-[ 9, 2, 7]
 276    0.000000    0.000000   0.00000000   0.00000000  -0.0000   0.0000 15-[ 9, 0, 7]
 277   45.096078   45.096078   0.00000000   0.00000000  -0.0000   0.9287 17+[ 8, 0, 8]
 278    0.000000    0.000000   0.00000000   0.00000000  -0.0000   0.0000 17+[10, 0, 8]
 279    0.000000    0.000000   0.00000000   0.00000000  -0.0000   0.0000 17+[10, 0, 8]
 280    0.000000    0.000000   0.00000000   0.00000000  -0.0000   0.0000 17+[10, 0, 8]
 281   59.297122   59.297122   0.00000000   0.00000000  -0.0000   0.9717 17-[ 9, 1, 8]
 282    0.000000    0.000000   0.00000000   0.00000000  -0.0000   0.0000 17-[ 9, 1, 8]
 283   59.161250   59.161250   0.00000000   0.00000000  -0.0000   1.0000 19-[ 9, 0, 9]
  Sum canonical e_v*V^2_k=  -499.95253491769682     

  NB! From expect (UNPROJECTED RESULTS)

  pairing: CpV0,CpV1,...        -250.000000    -250.000000       0.500000       0.500000
  forces:   SKM*                          
  Blocked neutron block       4


                             neutrons         protons         total
  Requested part.numbs.      29.000000      20.000000      49.000000
  UnPj(av) part.numbs .      29.000000      20.000000      49.000000
  b0, bz, bp ..........       1.750004       1.750004       1.750004

  lambda (ala) ........      -8.033246     -12.595053
  Lambda (alast) ......     -10.343656     -15.028470
  delta(n,p), pwi .....       0.000000       0.000000      60.000000
  pairing energy ......      -0.000000      -0.000000      -0.000000

  rms-radius ..........       3.632518       3.455211       3.561214
  charge-radius, r0 ...                      3.545721       4.361089
  deformation beta2....      -0.028380      -0.014121      -0.022901
  dipole moment[fm] ...       0.000000       0.000000       0.000000
  quadrupole moment[b]       -0.137006      -0.042536      -0.179541
  octupole moment .....       0.000000       0.000000       0.000000
  hexadecapole moment .      -0.000260      -0.000080      -0.000339
  q5 ..................       0.000000       0.000000       0.000000
  q6 ..................       0.000003       0.000001       0.000004
  q7 ..................       0.000000       0.000000       0.000000
  q8 ..................      -0.000000       0.000000      -0.000000

  <Jx^2> from rho .....       0.022217       0.005854       0.028071
  <Jx^2> from kappa ...      -0.000000      -0.000000      -0.000000
  <J^2> = 2*<Jx^2> ....       0.044434       0.011709       0.056143

  kinetic energy ......     537.952524     308.583017     846.535541
  volume energy .......                                 -1426.803768
        rho_tau .......                                   148.018885
        rho_rho .......                                 -1574.822653
  surface energy ......                                   119.046424
   rho_DELTA_rho ......                                   119.046424
   (NABLA_rho)^2 ......                                     0.000000
  spin-orbit energy ...                                   -35.381140
        rho_NABLA_J ...                                   -35.381140
        NABLA_rho_J ...                                     0.000000
  coulomb energy ......                                    71.139886
          direct ......                                    78.552093
          exchange ....                                    -7.412207
          pairing .....                                     0.000000
  tensor energy .......                                     0.000000
  direct Hartree E  ...                                     0.000000
  Extra E .............                                     0.000000
  External field E ....                                     0.000000
  Entropy .............       0.000000       0.000000       0.000000

  tEnergy: ehfb (qp)...                                  -425.463058

  Calculated but not added corrections
  ====================================
  cmc-diagonal part ...      11.207344       6.428813      17.636157
  cmc-hfb .............       0.000000       0.000000       0.000000
  cranking rot corr ...       0.000000       0.000000       0.000000

  SQUJ ................       0.000000       0.000000       0.000000
  CRAN x 4 ............       0.000000       0.000000       0.000000
  Rigit Body ..........       0.000000       0.000000       0.000000


   Blocking candidates are:
   neutron eqpmin=   1.5062944813083305       pwiblo=   1.0000000000000000     
    num=   1 block=   4 state=   1    68 Eqp=   1.50629448  (1-2N)E=   0.00000000  overl=   0.81305309  3-[ 3, 0, 1]

   Blocking candidates are:
   proton  eqpmin=   2.4334169082917998       pwiblo=   1.0000000000000000     



 HFBTHO_SOLVER ended without errors

