Distributed parallelism with MPI     : 1 tasks/HFBTHO
Multi-threading framework with OpenMP: 4 threads/task

  ==========================================
           FORTRAN 95 CODE (KIND= 8) 
 git: parent: 3cae9cc3ec7a0c93cd724b300dc0d972f613f33e
  ==========================================
       AXIALLY DEFORMED CONFIGURATIONAL     
     HARTREE-FOCK-BOGOLIUBOV CALCULATIONS   
                     WITH                   
      SKYRME+DELTA PAIRING OR GOGNY EDFs    
                  USING THE                 
             HARMONIC-OSCILLATOR            
                    AND/OR                  
        TRANSFORMED HARMONIC-OSCILLATOR     
                    BASIS                   
                     ---                    
                v1.66  (2005)               
    Stoitsov, Dobaczewski, Nazarewicz, Ring 
                v2.00d (2012)               
        Stoitsov, Schunck, Kortelainen      
                v3.00  (2016)               
            Schunck, Navarro Perez          
  ==========================================
    Nucleus: Dy (A= 152, N= 86, Z= 66)
       Reflection Symmetry Imposed       
            (10/12/2021,  8:48)                               
  ==========================================


  ---------------------------------------
           UNEDF Module Version: 17
         M.Kortelainen & M.Stoitsov 
  ---------------------------------------

  D1S functional
  ----------------------------------------
  Crho(0)=    0.00000000000000000    ; Crho(1)=   -0.00000000000000000    
  CDrho(0)=   521.474999999999909    ; CDrho(1)=  -521.474999999999909    
  Ctau(0)=    0.00000000000000000    ; Ctau(1)=    0.00000000000000000    
  CrDr(0)=    0.00000000000000000    ; CrDr(1)=    0.00000000000000000    
  CrdJ(0)=   -97.5000000000000000    ; CrdJ(1)=   -32.5000000000000000    
  CJ(0)=     -0.00000000000000000    ; CJ(1)=     -0.00000000000000000    
  CpV0(0)=    0.00000000000000000    ; CpV0(1)=    0.00000000000000000    
  CpV1(0)=    0.00000000000000000    ; CpV1(1)=    0.00000000000000000    
  sigma=     0.333333333333333315    ; hbzero=     20.7366762293157905    
  functional has DME couplings: F
  use 3-Nucleon DME couplings: F

  Finite-range potential
  ----------------------------------------
  mu=      0.699999999999999956      1.199999999999999956
  W=  -1720.299999999999954525    103.640000000000000568
  B=   1300.000000000000000000   -163.479999999999989768
  H=  -1813.529999999999972715    162.810000000000002274
  M=   1397.599999999999909051   -223.930000000000006821
  e^2 chrg=   1.43997840859651349    ; CExPar=     1.00000000000000000    
  c.m. correction: T, chr. density in direct Coul: F
  use tensor terms: F

  Nuclear matter properties
  ----------------------------------------
  E_NM=      -16.0074988556065847    ; K_NM=        202.840551721048712    
  P_NM=     -0.177635683940025046E-14; RHO_NM=     0.163262821017343407    
  ASS_NM=     31.1251088547752488    ; LASS_NM=     22.4414136723446234    
  SMASS_NM=   1.38541191875797787    ; VMASS_NM=    1.78603107194230937    

  Associated (t,x)-coupling constants
  ----------------------------------------
  t3=       8343.59999999999854    ; x3=        1.00000000000000000    
  b4=       65.0000000000000000    ; b4p=       65.0000000000000000    
  te=       0.00000000000000000    ; to=        0.00000000000000000    
  sigma=   0.333333333333333315    ; hbzero=    20.7366762293157905    

  ---------------------------------------
        Characteristics of the run       
  ---------------------------------------
  Output file ................:    57
  Nucleus ....................:   Dy 152
  Number of HO shells ........:    14
  HO length b0 (fm) ..........:     2.12100952032529
  Basis deformation ..........:  beta0=   0.300 q=   1.328
  HO: b0,1/b0,bp,bz,q ........:   0.21210095E+01  0.47147360E+00  0.20230038E+01  0.23314949E+01  0.13282369E+01
  h**2/(2m_n), cmc, e**2 .....:   0.20736676E+02  0.20600251E+02  0.14399784E+01
  h**2/(2m_p), cmc, e**2 .....:   0.20736676E+02  0.20600251E+02  0.14399784E+01
  hom=f*41.0_pr*A^{-1/3}, f...:   0.92190019E+01  0.12000000E+01
  THO basis is ...............:  OFF
  Maximal number of iterations:   200
  Initial mixing parameter ...:  0.300
  Initial wave functions from :  tape
  Energy functional ..........:    D1S                           
    with a finite-range central force
    without Coulomb forces
  Pairing cutoff energy ......:    60.00 MeV
  Lipkin-Nogami procedure is .:  OFF
  PAV procedure is ...........:  OFF
  Constraint calculation is ..:   ON
    Constraint 1 .............: lambda=2 Ql=  20.000
  Temperature T ..............:   0.00 MeV
  Pairing regularization is ..:  OFF
  Collective inertia is ......:  OFF
  Fission fragments are ......:  OFF
  Restart indicator ..........:  -1
  Broyden mixing (#iterations):   7

  ---------------------------------------
        Harmonic Oscillator Basis        
  ---------------------------------------
  NUV, NQP:                       17170     504
  Comparison with bookkeeping spherical basis:
  n00:                               14      14  Maximal number of shells
  nbx, 2*n00+1:                      24      29  Maximal number of K-blocks
  ntx, (n00+1)*(n00+2)*(n00+3)/6    504     680  Max.num. p/n levels
  nzx, n00:                          14      14  Maximal nz-quantum number
  nrx, n00/2  :                       5       7  Maximal nr-quantum number
  nlx, n00:                          11      14  Maximal ml-quantum number
  ndx, (n00+2)*(n00+2)/4:            53      64  Maximal dim. of one k-block

  Actual basis used
  Number of blocks: nb .......:   24
  Number of levels: nt .......:  504
  Maximal 2*omega : nom ......:   23
  Maximal nz:       nzm ......:   14
  Maximal nr:       nrm ......:    5
  Maximal ml:       nlm ......:   11
  Maximal N=nz+2*nr+nl .......:   15
  2 x biggest block dim. .....:  106
  Non-zero elements of h .....:     8837
  Number of Broyden elements .:    35348

  ---------------------------------------
            Integration Meshes           
  ---------------------------------------
  Number of Gauss-Hermite mesh points ngh ....:  40
  Number of Gauss-Laguerre mesh points ngl ...:  40
  Number of Gauss-Legendre mesh points nleg ..:  80
  Integration boundaries
    Hermite  - from xh(1)  =  0.12379686 to xh(ngh)   = 11.88786356
    Laguerre - From xl(1)  =  0.03570039 to xl(ngl)   =142.28004447
    Legendre - From xleg(1)=  0.00978669 to xleg(nleg)=  0.99988775
  Max.dev.in:     Orthogonality            Normalization
  Hermite     8.1293541708538476E-015   1.0658141036401503E-014
  Laguerre    4.3068680416470186E-015   8.2156503822261584E-015

  Calculating the finite range matrix elements
  Matrix elements wall clock time         0.8930

  Reading from wel_file: hfbtho_output.hel


  ### REGULAR STAGE (reflection symmetry imposed)
  |HFB+HO> iterations(b0=  2.121, Nsh= 14, inin= -1, N= 86, Z= 66)...
  ----------------------------------------------------------------------------------------------------------------------------------
  i          si     mix   beta      Etot       A       rn      rp         En      Dn      Ep      Dp        Ln      Lp     time  time(Gog.)
  ----------------------------------------------------------------------------------------------------------------------------------
   0N   0.00000001 0.27  0.410 -1816.287879  152.0   5.104   4.959 |  -11.423   1.492  -6.575   1.281 |   -8.427 -20.221   0.000   0.196
   1B   0.00000004 0.20  0.410 -1816.287879  152.0   5.104   4.959 |  -22.847   2.985 -13.151   2.562 |   -8.427 -20.221   1.376   0.196
   2B   0.00000004 0.20  0.410 -1816.287879  152.0   5.104   4.959 |  -22.847   2.985 -13.151   2.562 |   -8.427 -20.221   1.377   0.197
   3B   0.00000001 0.22  0.410 -1816.287879  152.0   5.104   4.959 |  -22.847   2.985 -13.151   2.562 |   -8.427 -20.221   1.374   0.196
   4B   0.00000003 0.20  0.410 -1816.287880  152.0   5.104   4.959 |  -22.847   2.985 -13.151   2.562 |   -8.427 -20.221   1.368   0.196
   5B   0.00000001 0.22  0.410 -1816.287880  152.0   5.104   4.959 |  -22.847   2.985 -13.151   2.562 |   -8.427 -20.221   1.378   0.197
   5N   0.00000001 0.22  0.410 -1816.287879  152.0   5.104   4.959 |  -22.847   2.985 -13.151   2.562 |   -8.427 -20.221   1.375   0.195
  ----------------------------------------------------------------------------------------------------------------------------------
  *   iteration converged   after   5 steps   si=     0.0000000083 ho=  0 tho=  0
  ----------------------------------------------------------------------------------------------------------------------------------
  Total CPU time=   0.137 minutes


 #quasiparticle energies neutrons
 --------------------------------
  eqp(k) -> q.p. energy 
  e(k)   -> referent s.p. energy 
  p(k)   -> occ.probability 
  del(k) -> referent s.p. gap 
  fermi energy alast=  -8.4266078091609540     
  #k  block#    eqp(k)     e(k)       (1-2N)E      decay        p(k)        del(k)    overl      labels
   1    1     1.462089   -8.331040    0.095568    1.385681    0.46731810   1.4590   0.6876  1+[ 4, 0, 0]
   2    1     2.305441  -10.411486   -1.984878    1.443561    0.93047692   1.1727   0.6131  1+[ 6, 6, 0]
   3    1     4.200132   -4.364558    4.062050    1.565811    0.01643789   1.0681   0.6442  1+[ 6, 6, 0]
   4    1     5.254716  -13.500383   -5.073775    1.629888    0.98278294   1.3671   0.9105  1+[ 4, 1, 1]
   5    1     7.094436   -1.409002    7.017606    1.736018    0.00541484   1.0413   0.6778  1+[ 6, 5, 1]
   6    1    10.927033    2.438578   10.865186    1.938541    0.00283000   1.1609   0.6518  1+[ 6, 3, 1]
   7    1    11.567017  -19.863467  -11.436859    1.970332    0.99437375   1.7304   0.8632  1+[ 4, 2, 0]
   8    1    13.456439    4.977294   13.403902    2.061331    0.00195211   1.1879   0.6630  1+[ 6, 2, 0]
   9    1    14.663232    6.188776   14.615384    2.117406    0.00163159   1.1836   0.6490  1+[ 8, 8, 0]
  10    1    15.854084    3.301174   11.727782    2.171322    0.13013372  10.6682   0.6764  1+[ 6, 1, 1]
  11    1    16.076796  -19.969672  -11.543064    2.181258    0.85899765  11.1902   0.7481  1+[ 4, 3, 1]
  12    1    16.766519    8.116569   16.543177    2.211744    0.00666035   2.7275   0.5311  1+[ 8, 7, 1]
  13    1    17.983880    9.537339   17.963947    2.264550    0.00055417   0.8465   0.7530  1+[ 6, 0, 0]
  14    1    19.101096   10.609917   19.036525    2.311952    0.00169026   1.5693   0.4037  1+[10, 9, 1]
  15    1    21.749639  -30.085278  -21.658670    2.420619    0.99790874   1.9872   0.7710  1+[ 4, 4, 0]
  16    1    21.986137   13.535862   21.962470    2.430085    0.00053822   1.0199   0.4900  1+[ 8, 4, 0]
  17    1    24.743821   16.302367   24.728974    2.537869    0.00030000   0.8570   0.4514  1+[ 8, 3, 1]
  18    1    25.955058   17.521684   25.948292    2.583790    0.00013034   0.5926   0.4696  1+[12,12, 0]
  19    1    26.186191   17.730764   26.157372    2.592460    0.00055026   1.2282   0.5138  1+[ 8, 2, 0]
  20    1    28.095316   19.640835   28.067443    2.662996    0.00049605   1.2512   0.5018  1+[ 6, 1, 1]
  21    1    28.879570  -37.096290  -28.669682    2.691436    0.99636615   3.4755   0.9397  1+[ 2, 0, 0]
  22    1    29.143731   20.703297   29.129905    2.700948    0.00023721   0.8976   0.4566  1+[ 8, 7, 1]
  23    1    29.960773   21.485612   29.912220    2.730159    0.00081028   1.7050   0.4160  1+[ 8, 3, 1]
  24    1    31.305894   22.874526   31.301134    2.777581    0.00007603   0.5459   0.4336  1+[ 8, 6, 0]
  25    1    34.214969   25.712922   34.139530    2.877467    0.00110243   2.2708   0.6206  1+[ 8, 0, 0]
  26    1    34.972338   26.537996   34.964604    2.902908    0.00011058   0.7355   0.4878  1+[10, 7, 1]
  27    1    35.647129  -44.023222  -35.596614    2.925389    0.99929146   1.8971   0.9460  1+[ 2, 1, 1]
  28    1    38.042769   29.612056   38.038664    3.003843    0.00005396   0.5589   0.3707  1+[10, 6, 0]
  29    1    39.147241   30.696917   39.123525    3.039330    0.00030292   1.3625   0.3587  1+[ 8, 4, 0]
  30    1    40.738217   32.298194   40.724802    3.089733    0.00016465   1.0454   0.3594  1+[10,10, 0]
  31    1    40.882104  -49.223752  -40.797144    3.094251    0.99896091   2.6343   0.8867  1+[ 2, 2, 0]
  32    1    42.216005   33.785190   42.211798    3.135825    0.00004983   0.5960   0.4540  1+[ 8, 3, 1]
  33    1    43.875480   35.436072   43.862680    3.186789    0.00014587   1.0597   0.4521  1+[10,10, 0]
  34    1    44.185040   35.748705   44.175313    3.196206    0.00011007   0.9271   0.4024  1+[ 8, 2, 0]
  35    1    45.997995   37.564950   45.991558    3.250808    0.00006998   0.7695   0.4189  1+[10, 2, 0]
  36    1    47.008227   38.578543   47.005151    3.280841    0.00003271   0.5377   0.5700  1+[10, 9, 1]
  37    1    48.649104   40.217179   48.643787    3.329043    0.00005465   0.7193   0.6427  1+[ 8, 1, 1]
  38    1    49.884697   41.453664   49.880272    3.364884    0.00004436   0.6645   0.5178  1+[10, 8, 0]
  39    1    53.056879   44.628925   53.055533    3.455198    0.00001269   0.3780   0.4539  1+[12, 8, 0]
  40    1    55.646833  -63.749719  -55.323111    3.527222    0.99709128   5.9936   0.9445  1+[ 0, 0, 0]
  41    1    55.746110   47.042355   55.468963    3.529953    0.00248580   5.5518   0.4824  1+[12, 7, 1]
  42    1    58.902521   50.474642   58.901250    3.615724    0.00001079   0.3869   0.4479  1+[14,12, 0]
  43    1    60.613974   52.170839   60.597446    3.661390    0.00013633   1.4154   0.6552  1+[10, 0, 0]
  44    1    61.566802   53.133629   61.560237    3.686569    0.00005332   0.8991   0.4584  1+[10, 0, 0]
  45    1    64.877318   56.449032   64.875640    3.772744    0.00001293   0.4665   0.6525  1+[12, 6, 0]
  46    1    66.514116   58.086740   66.513348    3.814632    0.00000578   0.3198   0.5463  1+[14,14, 0]
  47    1    67.701203   59.273338   67.699946    3.844726    0.00000928   0.4125   0.6297  1+[12, 5, 1]
  48    1    70.299890   61.872296   70.298903    3.909797    0.00000702   0.3725   0.4402  1+[14,13, 1]
  49    1    70.813295   62.385722   70.812330    3.922525    0.00000681   0.3697   0.4288  1+[12, 3, 1]
  50    1    73.026433   64.598816   73.025424    3.976925    0.00000691   0.3839   0.4333  1+[12,10, 0]
  51    1    73.701536   65.272592   73.699200    3.993372    0.00001585   0.5868   0.5981  1+[12, 2, 0]
  52    1    75.698368   67.271306   75.697914    4.041627    0.00000300   0.2621   0.5790  1+[14,11, 1]
  53    1    76.999013   68.571534   76.998142    4.072751    0.00000566   0.3662   0.7274  1+[12, 1, 1]
  54    2     2.499308  -10.599342   -2.172735    1.456541    0.93466722   1.2352   0.7345  1-[ 5, 3, 0]
  55    2     3.448112   -5.167152    3.259456    1.518467    0.02735635   1.1249   0.8246  1-[ 5, 2, 1]
  56    2     5.678375  -13.950193   -5.523585    1.654932    0.98637019   1.3168   0.6590  1-[ 5, 4, 1]
  57    2     7.183702   -1.314462    7.112146    1.741003    0.00498045   1.0114   0.8766  1-[ 5, 1, 0]
  58    2     7.365030   -1.124053    7.302555    1.751085    0.00424136   0.9573   0.6043  1-[ 7, 7, 0]
  59    2    11.113495    2.520473   10.947081    1.947857    0.00748702   1.9160   0.8590  1-[ 5, 0, 1]
  60    2    11.573032    2.399406   10.826014    1.970629    0.03227410   4.0905   0.5581  1-[ 7, 7, 0]
  61    2    11.783552  -19.373510  -10.946902    1.980973    0.96449928   4.3609   0.6798  1-[ 5, 5, 0]
  62    2    13.422057  -21.541712  -13.115104    2.059711    0.98856539   2.8541   0.9456  1-[ 3, 0, 1]
  63    2    14.093522    5.641348   14.067956    2.091121    0.00090704   0.8485   0.5786  1-[ 7, 6, 1]
  64    2    16.542762    8.087245   16.513853    2.201900    0.00087377   0.9776   0.5218  1-[ 7, 3, 0]
  65    2    19.238610   10.626822   19.053430    2.317719    0.00481272   2.6629   0.4125  1-[ 7, 3, 0]
  66    2    20.524332    7.459214   15.885822    2.370965    0.11300028  12.9957   0.4928  1-[ 9, 9, 0]
  67    2    20.583842  -23.542516  -15.115908    2.373400    0.86717897  13.9715   0.8579  1-[ 3, 1, 0]
  68    2    21.462909   12.449743   20.876351    2.409091    0.01366446   4.9834   0.5022  1-[ 7, 1, 0]
  69    2    22.637581   14.167561   22.594168    2.455974    0.00095886   1.4013   0.4241  1-[11,10, 1]
  70    2    23.082934   14.605551   23.032159    2.473516    0.00109983   1.5302   0.3774  1-[ 7, 2, 1]
  71    2    24.129947   15.660429   24.087037    2.514276    0.00088915   1.4384   0.5163  1-[ 7, 0, 1]
  72    2    25.437360   16.990929   25.417537    2.564264    0.00038965   1.0041   0.5888  1-[ 9, 7, 0]
  73    2    26.348128  -34.668981  -26.242373    2.598518    0.99799314   2.3583   0.8919  1-[ 3, 2, 1]
  74    2    27.639990   19.197708   27.624316    2.646344    0.00028354   0.9307   0.4160  1-[ 9, 5, 0]
  75    2    29.750471   21.302961   29.729569    2.722671    0.00035129   1.1150   0.3606  1-[11, 6, 1]
  76    2    31.484521  -39.809374  -31.382767    2.783817    0.99838406   2.5292   0.8270  1-[ 3, 3, 0]
  77    2    31.973105   23.512821   31.939429    2.800805    0.00052663   1.4671   0.4187  1-[ 9, 3, 0]
  78    2    33.811432   25.379680   33.806288    2.863819    0.00007607   0.5898   0.4018  1-[ 9, 4, 1]
  79    2    35.956369   27.525224   35.951832    2.935634    0.00006309   0.5712   0.3465  1-[ 9, 3, 0]
  80    2    36.832415   28.398709   36.825317    2.964465    0.00009635   0.7230   0.4913  1-[ 9, 9, 0]
  81    2    38.249535   29.817972   38.244580    3.010518    0.00006476   0.6156   0.4099  1-[ 9, 2, 1]
  82    2    39.241031   30.810774   39.237382    3.042325    0.00004650   0.5352   0.4294  1-[11, 9, 0]
  83    2    40.113786   31.682962   40.109570    3.070050    0.00005256   0.5816   0.5203  1-[ 9, 1, 0]
  84    2    42.801534   34.368005   42.794613    3.153901    0.00008086   0.7697   0.4316  1-[11, 7, 0]
  85    2    43.278915   34.845370   43.271978    3.168562    0.00008014   0.7748   0.6437  1-[ 7, 0, 1]
  86    2    43.535715  -51.914982  -43.488374    3.176421    0.99945630   2.0297   0.9635  1-[ 1, 0, 1]
  87    2    45.161974   36.732600   45.159208    3.225744    0.00003063   0.4999   0.4245  1-[ 9, 6, 1]
  88    2    46.962977   38.524491   46.951099    3.279501    0.00012646   1.0562   0.4547  1-[ 9, 5, 0]
  89    2    48.309831   39.876949   48.303557    3.319134    0.00006493   0.7786   0.4036  1-[ 9, 4, 1]
  90    2    49.082693  -57.460996  -49.034388    3.341664    0.99950793   2.1770   0.9302  1-[ 1, 1, 0]
  91    2    49.931333   41.498021   49.924628    3.366229    0.00006713   0.8182   0.4454  1-[11,10, 1]
  92    2    52.507687   44.078387   52.504994    3.439732    0.00002564   0.5318   0.4845  1-[11, 4, 1]
  93    2    56.060104   47.632438   56.059046    3.538579    0.00000944   0.3445   0.4592  1-[13,10, 1]
  94    2    58.715977   50.288108   58.714716    3.610711    0.00001074   0.3849   0.6626  1-[13,13, 0]
  95    2    59.454017   51.026016   59.452624    3.630502    0.00001172   0.4071   0.5486  1-[11, 3, 0]
  96    2    61.854776   53.427543   61.854151    3.694145    0.00000505   0.2781   0.4914  1-[13, 7, 0]
  97    2    63.634590   55.206375   63.632982    3.740628    0.00001263   0.4523   0.6294  1-[11, 2, 1]
  98    2    65.882476   57.454648   65.881256    3.798522    0.00000926   0.4010   0.4495  1-[13,11, 0]
  99    2    67.081399   58.652556   67.079163    3.829043    0.00001667   0.5477   0.7486  1-[11, 1, 0]
 100    2    67.923243   59.496001   67.922609    3.850329    0.00000466   0.2934   0.5786  1-[13, 9, 0]
 101    2    70.098691   61.671063   70.097671    3.904798    0.00000727   0.3781   0.5183  1-[13, 8, 1]
 102    2    71.373490   62.941380   71.367988    3.936366    0.00003855   0.8862   0.7558  1-[11, 0, 1]
 103    2    73.518177   65.090551   73.517159    3.988911    0.00000692   0.3868   0.5403  1-[13, 6, 1]
 104    2    75.014222   66.587012   75.013620    4.025159    0.00000402   0.3007   0.5599  1-[15,14, 1]
 105    2    76.334382   67.906986   76.333593    4.056876    0.00000516   0.3470   0.4798  1-[13, 5, 0]
 106    3     1.377029   -9.099135   -0.672527    1.379709    0.74419505   1.2016   0.6658  3+[ 6, 5, 1]
 107    3     1.583357   -7.797972    0.628636    1.394152    0.30148640   1.4532   0.7983  3+[ 4, 0, 2]
 108    3     7.026542  -15.187993   -6.761385    1.732217    0.98113176   1.9121   0.9119  3+[ 4, 1, 1]
 109    3     7.688610   -0.948756    7.477851    1.768935    0.01370593   1.7879   0.5490  3+[ 6, 3, 1]
 110    3    10.156697    1.636651   10.063259    1.899570    0.00459986   1.3745   0.7043  3+[ 6, 4, 2]
 111    3    11.380859  -19.654899  -11.228291    1.961138    0.99329718   1.8573   0.8971  3+[ 4, 2, 2]
 112    3    14.132819    5.672364   14.098972    2.092945    0.00119745   0.9775   0.6226  3+[ 6, 2, 2]
 113    3    15.577459    7.123917   15.550525    2.158918    0.00086455   0.9157   0.6229  3+[ 6, 1, 1]
 114    3    16.305672    7.864585   16.291193    2.191421    0.00044400   0.6870   0.7305  3+[ 8, 7, 1]
 115    3    18.886848   10.414684   18.841292    2.302937    0.00120603   1.3110   0.7614  3+[ 6, 0, 2]
 116    3    19.378191   -7.255030    1.171578    2.323559    0.46977071  19.3427   0.5947  3+[ 4, 3, 1]
 117    3    19.604428   -9.481952   -1.055345    2.332992    0.52691598  19.5760   0.6294  3+[ 4, 3, 1]
 118    3    21.706844   13.240317   21.666925    2.418901    0.00091949   1.3158   0.4125  3+[10, 8, 2]
 119    3    24.727500   16.288282   24.714890    2.537245    0.00025499   0.7896   0.5791  3+[ 8, 3, 1]
 120    3    26.528444   18.091214   26.517821    2.605246    0.00020022   0.7507   0.4581  3+[ 8, 2, 2]
 121    3    27.587648   19.150065   27.576673    2.644423    0.00019892   0.7781   0.4443  3+[ 8, 1, 1]
 122    3    27.879789   19.447337   27.873945    2.655127    0.00010482   0.5708   0.4119  3+[12,11, 1]
 123    3    29.836719  -38.113823  -29.687216    2.725744    0.99749464   2.9831   0.9750  3+[ 2, 0, 2]
 124    3    30.256061   21.763451   30.190059    2.740640    0.00109073   1.9974   0.4579  3+[ 8, 4, 2]
 125    3    32.034372   23.602918   32.029526    2.802928    0.00007564   0.5572   0.4869  3+[ 8, 6, 2]
 126    3    34.177684   25.744641   34.171248    2.876209    0.00009414   0.6632   0.5317  3+[10, 7, 1]
 127    3    35.201042   26.740589   35.167196    2.910547    0.00048074   1.5433   0.6296  3+[ 8, 0, 2]
 128    3    37.279755  -45.654312  -37.227704    2.979079    0.99930189   1.9693   0.9511  3+[ 2, 1, 1]
 129    3    38.154813   29.724068   38.150675    3.007462    0.00005422   0.5619   0.5185  3+[10, 5, 1]
 130    3    39.885098   31.453341   39.879948    3.062809    0.00006455   0.6409   0.3676  3+[ 8, 4, 2]
 131    3    41.000908   32.569042   40.995649    3.097977    0.00006413   0.6566   0.4120  3+[10, 5, 1]
 132    3    41.929219   33.500937   41.927544    3.126933    0.00001997   0.3747   0.4067  3+[10, 3, 1]
 133    3    44.439265   36.009796   44.436404    3.203918    0.00003219   0.5042   0.5325  3+[10, 4, 2]
 134    3    46.207710   37.777596   46.204204    3.257066    0.00003794   0.5692   0.4680  3+[12, 9, 1]
 135    3    46.451827   38.020398   46.447006    3.264334    0.00005189   0.6692   0.4125  3+[ 8, 1, 1]
 136    3    47.938265   39.507128   47.933736    3.308248    0.00004724   0.6589   0.5253  3+[ 8, 1, 1]
 137    3    50.018824   41.590119   50.016727    3.368752    0.00002097   0.4581   0.6240  3+[10, 8, 2]
 138    3    53.490190   45.062445   53.489053    3.467352    0.00001063   0.3488   0.4980  3+[12, 8, 2]
 139    3    55.493317   47.066125   55.492733    3.522994    0.00000526   0.2545   0.5738  3+[12, 7, 1]
 140    3    59.107144   50.679912   59.106519    3.621214    0.00000528   0.2717   0.3714  3+[14,11, 1]
 141    3    60.889875   52.462252   60.888860    3.668698    0.00000834   0.3516   0.4228  3+[14,13, 1]
 142    3    62.072271   53.643386   62.069994    3.699856    0.00001834   0.5316   0.7419  3+[10, 0, 2]
 143    3    65.340312   56.912817   65.339424    3.784640    0.00000679   0.3406   0.7117  3+[12, 6, 2]
 144    3    67.393277   58.965728   67.392336    3.836943    0.00000698   0.3560   0.5260  3+[12, 5, 1]
 145    3    69.004053   60.576925   69.003533    3.877486    0.00000377   0.2678   0.4179  3+[14,11, 1]
 146    3    69.893917   61.466608   69.893216    3.899703    0.00000501   0.3130   0.5646  3+[12, 4, 2]
 147    3    73.305397   64.878201   73.304808    3.983729    0.00000401   0.2938   0.5724  3+[14,12, 2]
 148    3    74.348962   65.921568   74.348175    4.009081    0.00000529   0.3421   0.6566  3+[12, 2, 2]
 149    3    76.203815   67.776469   76.203076    4.053750    0.00000485   0.3355   0.6144  3+[12, 1, 1]
 150    3    76.372824   67.945757   76.372365    4.057796    0.00000300   0.2647   0.5157  3+[14,10, 2]
 151    4     1.780965   -9.034958   -0.608350    1.407845    0.67079226   1.6738   0.5388  3-[ 5, 3, 2]
 152    4     1.928021   -7.620355    0.806253    1.417950    0.29091168   1.7513   0.6096  3-[ 5, 2, 1]
 153    4     7.917368   -0.579488    7.847120    1.781446    0.00443628   1.0523   0.8902  3-[ 5, 1, 2]
 154    4     8.447287   -0.045583    8.381025    1.810095    0.00392207   1.0560   0.7377  3-[ 7, 6, 1]
 155    4    10.159784  -18.440403  -10.013795    1.899727    0.99281536   1.7161   0.8211  3-[ 5, 4, 1]
 156    4    10.506345    1.976946   10.403554    1.917357    0.00489188   1.4661   0.8677  3-[ 5, 0, 1]
 157    4    14.167300    5.714563   14.141171    2.094544    0.00092218   0.8600   0.5967  3-[ 7, 4, 1]
 158    4    14.952604  -23.170425  -14.743817    2.130633    0.99301837   2.4900   0.9444  3-[ 3, 0, 1]
 159    4    16.934854    8.496282   16.922889    2.219120    0.00035326   0.6365   0.6127  3-[ 7, 5, 2]
 160    4    19.596159   11.046643   19.473251    2.332648    0.00313602   2.1913   0.5920  3-[ 7, 2, 1]
 161    4    21.081676  -25.899364  -17.472756    2.393678    0.91440624  11.7958   0.9123  3-[ 3, 1, 2]
 162    4    21.510386    9.641252   18.067859    2.411003    0.08002010  11.6726   0.3842  3-[ 7, 1, 2]
 163    4    21.552827   13.054772   21.481380    2.412712    0.00165748   1.7535   0.5543  3-[ 9, 8, 1]
 164    4    23.062518   14.560044   22.986652    2.472715    0.00164479   1.8691   0.5816  3-[ 7, 0, 1]
 165    4    24.251915   15.800321   24.226929    2.518981    0.00051513   1.1006   0.5633  3-[ 7, 1, 2]
 166    4    26.085869   17.648759   26.075367    2.588700    0.00020130   0.7401   0.5231  3-[ 9, 7, 2]
 167    4    27.302675   18.867602   27.294210    2.633940    0.00015502   0.6798   0.3843  3-[ 9, 6, 1]
 168    4    28.777063  -37.086456  -28.659849    2.687736    0.99796340   2.5947   0.9163  3-[ 3, 2, 1]
 169    4    29.951647   21.460669   29.887277    2.729835    0.00107458   1.9626   0.4312  3-[ 9, 4, 1]
 170    4    32.279115   23.847582   32.274189    2.811392    0.00007629   0.5639   0.4036  3-[11, 5, 2]
 171    4    33.519142   25.088858   33.515466    2.853893    0.00005485   0.4965   0.4682  3-[ 9, 8, 1]
 172    4    35.844643   27.412961   35.839568    2.931937    0.00007079   0.6031   0.5847  3-[ 9, 2, 1]
 173    4    38.199785   29.770801   38.197408    3.008913    0.00003111   0.4261   0.4966  3-[ 9, 3, 2]
 174    4    39.797713   31.367391   39.793998    3.060038    0.00004667   0.5438   0.5237  3-[11, 8, 1]
 175    4    40.814368   32.383665   40.810273    3.092125    0.00005016   0.5781   0.5495  3-[ 9, 1, 2]
 176    4    42.400675   33.968096   42.394704    3.141537    0.00007041   0.7115   0.5487  3-[ 7, 0, 1]
 177    4    42.506020   34.076127   42.502735    3.144791    0.00003864   0.5284   0.5006  3-[ 9, 7, 2]
 178    4    44.677756  -53.057676  -44.631068    3.211137    0.99947750   2.0420   0.9609  3-[ 1, 0, 1]
 179    4    44.994839   36.565487   44.992095    3.220710    0.00003049   0.4969   0.5199  3-[11, 6, 1]
 180    4    47.205776   38.777100   47.203708    3.286681    0.00002190   0.4418   0.4270  3-[ 9, 5, 2]
 181    4    48.143223   39.713796   48.140404    3.314257    0.00002928   0.5210   0.3768  3-[11,10, 1]
 182    4    49.731497   41.303670   49.730278    3.360461    0.00001226   0.3483   0.4122  3-[11, 5, 2]
 183    4    51.887413   43.459203   51.885810    3.422180    0.00001544   0.4078   0.5231  3-[11, 4, 1]
 184    4    56.349448   47.921895   56.348503    3.546508    0.00000839   0.3264   0.5848  3-[13,10, 1]
 185    4    59.954361   51.526238   59.952846    3.643857    0.00001264   0.4263   0.5634  3-[11, 3, 2]
 186    4    61.663024   53.235765   61.662373    3.689102    0.00000528   0.2833   0.3960  3-[13, 7, 2]
 187    4    62.782379   54.354555   62.781163    3.718443    0.00000969   0.3908   0.5249  3-[11, 2, 1]
 188    4    64.865497   56.437943   64.864550    3.772440    0.00000730   0.3505   0.4924  3-[13,11, 2]
 189    4    67.908919   59.481099   67.907707    3.849968    0.00000892   0.4057   0.6300  3-[11, 1, 2]
 190    4    68.210620   59.783232   68.209840    3.857568    0.00000572   0.3263   0.4950  3-[13, 9, 2]
 191    4    70.033808   61.605881   70.032489    3.903184    0.00000941   0.4298   0.4367  3-[13, 8, 1]
 192    4    70.637304   62.205124   70.631732    3.918167    0.00003944   0.8872   0.7293  3-[11, 0, 1]
 193    4    73.015414   64.588232   73.014840    3.976656    0.00000393   0.2896   0.4990  3-[13, 6, 1]
 194    4    74.255889   65.828909   74.255517    4.006826    0.00000251   0.2351   0.6196  3-[15,14, 1]
 195    4    77.027723   68.600640   77.027247    4.073435    0.00000308   0.2706   0.6561  3-[13, 5, 2]
 196    5     1.788895   -7.076577    1.350031    1.408392    0.12266359   1.1737   0.8075  5+[ 6, 4, 2]
 197    5     2.716936  -10.715021   -2.288413    1.470975    0.92113861   1.4645   0.9151  5+[ 4, 0, 2]
 198    5     6.290731  -14.556336   -6.129728    1.690474    0.98720315   1.4141   0.9432  5+[ 4, 1, 3]
 199    5    11.136440    2.659678   11.086286    1.949001    0.00225178   1.0557   0.7343  5+[ 6, 2, 2]
 200    5    13.500583    5.033288   13.459896    2.063409    0.00150688   1.0474   0.7847  5+[ 6, 3, 3]
 201    5    16.559371  -24.772516  -16.345908    2.202632    0.99355462   2.6503   0.9333  5+[ 4, 2, 2]
 202    5    17.066194    8.546940   16.973548    2.224859    0.00271433   1.7759   0.7010  5+[ 6, 1, 3]
 203    5    18.030717    9.565049   17.991657    2.266557    0.00108317   1.1862   0.6678  5+[ 6, 0, 2]
 204    5    18.141613    9.696192   18.122800    2.271303    0.00051851   0.8260   0.7773  5+[ 8, 6, 2]
 205    5    21.966844   13.508225   21.934832    2.429315    0.00072863   1.1855   0.6538  5+[ 8, 4, 2]
 206    5    25.101177   16.668051   25.094659    2.551504    0.00012985   0.5720   0.5173  5+[ 8, 5, 3]
 207    5    26.167440   17.733819   26.160427    2.591758    0.00013402   0.6058   0.6326  5+[ 8, 2, 2]
 208    5    28.646406   20.208779   28.635387    2.683012    0.00019233   0.7945   0.4592  5+[ 8, 1, 3]
 209    5    29.725370   21.294483   29.721091    2.721775    0.00007196   0.5043   0.5058  5+[10, 8, 2]
 210    5    30.890436   22.455112   30.881720    2.763021    0.00014108   0.7338   0.5367  5+[ 8, 3, 3]
 211    5    32.893514  -36.416278  -27.989670    2.832530    0.92545881  17.2789   0.9388  5+[ 2, 0, 2]
 212    5    33.313183   19.981916   28.408524    2.846878    0.07361439  17.3990   0.6294  5+[ 8, 0, 2]
 213    5    35.210959   26.779479   35.206087    2.910878    0.00006918   0.5857   0.5364  5+[10, 6, 2]
 214    5    37.642672   29.211999   37.638607    2.990883    0.00005400   0.5532   0.4688  5+[ 8, 5, 3]
 215    5    39.375815   30.947040   39.373648    3.046623    0.00002752   0.4131   0.6019  5+[10, 4, 2]
 216    5    42.420944   33.990874   42.417482    3.142163    0.00004081   0.5420   0.4079  5+[10, 5, 3]
 217    5    42.758888   34.330898   42.757506    3.152588    0.00001616   0.3437   0.4194  5+[12,10, 2]
 218    5    43.669103   35.238091   43.664699    3.180495    0.00005043   0.6202   0.4829  5+[ 8, 2, 2]
 219    5    46.217462   37.787519   46.214127    3.257356    0.00003608   0.5552   0.5539  5+[10, 3, 3]
 220    5    49.138281   40.710014   49.136622    3.343279    0.00001688   0.4038   0.5508  5+[12, 8, 2]
 221    5    49.486905   41.057983   49.484591    3.353387    0.00002338   0.4786   0.6180  5+[ 8, 1, 3]
 222    5    53.012231   44.584286   53.010894    3.453944    0.00001262   0.3766   0.5331  5+[10, 7, 3]
 223    5    55.966132   47.539041   55.965649    3.535999    0.00000432   0.2325   0.5750  5+[12, 6, 2]
 224    5    59.219931   50.792440   59.219047    3.624237    0.00000746   0.3235   0.3851  5+[12, 7, 3]
 225    5    60.007651   51.578997   60.005605    3.645277    0.00001704   0.4955   0.6974  5+[10, 0, 2]
 226    5    62.659610   54.232408   62.659016    3.715236    0.00000474   0.2729   0.4600  5+[14,12, 2]
 227    5    63.941180   55.514008   63.940616    3.748577    0.00000441   0.2684   0.5110  5+[12, 7, 3]
 228    5    67.786526   59.358887   67.785495    3.846880    0.00000761   0.3739   0.7365  5+[12, 5, 3]
 229    5    70.330303   61.903119   70.329727    3.910552    0.00000410   0.2847   0.4134  5+[12, 3, 3]
 230    5    71.775579   63.348538   71.775146    3.946270    0.00000302   0.2494   0.5464  5+[14,10, 2]
 231    5    72.687981   64.260756   72.687364    3.968654    0.00000424   0.2994   0.5515  5+[12, 3, 3]
 232    5    75.996709   67.569578   75.996186    4.048787    0.00000344   0.2820   0.6347  5+[14,11, 3]
 233    5    77.907187   69.480039   77.906647    4.094342    0.00000346   0.2900   0.7274  5+[12, 1, 3]
 234    6     3.433794   -5.200306    3.226302    1.517552    0.03021320   1.1755   0.7904  5-[ 5, 2, 3]
 235    6     5.315552   -3.229825    5.196782    1.633508    0.01117185   1.1174   0.8348  5-[ 5, 1, 2]
 236    6     7.633388  -15.933203   -7.506596    1.765901    0.99169487   1.3855   0.8922  5-[ 5, 3, 2]
 237    6    10.185260    1.711025   10.137633    1.901029    0.00233802   0.9838   0.8288  5-[ 7, 5, 2]
 238    6    11.761030    3.201597   11.628205    1.979869    0.00564683   1.7626   0.9066  5-[ 5, 0, 3]
 239    6    15.277491  -23.470546  -15.043938    2.145386    0.99235632   2.6611   0.9782  5-[ 3, 0, 3]
 240    6    16.970321    8.531400   16.958008    2.220672    0.00036280   0.6464   0.6908  5-[ 7, 3, 2]
 241    6    19.994508   11.555302   19.981910    2.349169    0.00031504   0.7097   0.6510  5-[ 7, 4, 3]
 242    6    21.687811   13.220784   21.647392    2.418137    0.00093184   1.3235   0.7245  5-[ 7, 1, 2]
 243    6    23.887420   15.421996   23.848604    2.504894    0.00081248   1.3612   0.4959  5-[ 7, 2, 3]
 244    6    24.763997   15.984334   24.410941    2.538641    0.00712841   4.1667   0.6802  5-[ 9, 7, 2]
 245    6    25.080958  -33.049592  -24.622985    2.550734    0.99087009   4.7711   0.9614  5-[ 3, 1, 2]
 246    6    25.161838   16.716866   25.143474    2.553811    0.00036493   0.9612   0.5334  5-[ 7, 0, 3]
 247    6    27.991020   19.556384   27.982992    2.659191    0.00014342   0.6704   0.5978  5-[ 9, 5, 2]
 248    6    30.033853   21.600732   30.027340    2.732757    0.00010842   0.6254   0.4053  5-[ 7, 4, 3]
 249    6    32.221111   23.790820   32.217428    2.809389    0.00005715   0.4872   0.5622  5-[ 9, 3, 2]
 250    6    36.093067   27.662642   36.089250    2.940152    0.00005288   0.5249   0.4337  5-[ 9, 4, 3]
 251    6    37.324682   28.896626   37.323234    2.980543    0.00001940   0.3288   0.5719  5-[11, 9, 2]
 252    6    38.067436   29.638277   38.064885    3.004640    0.00003351   0.4407   0.5267  5-[ 9, 1, 2]
 253    6    39.982579   31.552226   39.978833    3.065898    0.00004684   0.5473   0.6086  5-[ 9, 2, 3]
 254    6    42.258379   33.829597   42.256205    3.137136    0.00002572   0.4286   0.5759  5-[11, 7, 2]
 255    6    44.031215   35.601268   44.027875    3.191530    0.00003792   0.5423   0.6559  5-[ 7, 0, 3]
 256    6    45.898460   37.469852   45.896460    3.247834    0.00002179   0.4285   0.4668  5-[ 9, 6, 3]
 257    6    46.743218   38.314481   46.741089    3.272989    0.00002277   0.4461   0.4904  5-[11, 5, 2]
 258    6    49.174743   40.746814   49.173421    3.344337    0.00001343   0.3605   0.5139  5-[11, 6, 3]
 259    6    51.736515   43.308610   51.735218    3.417897    0.00001254   0.3664   0.4320  5-[11, 3, 2]
 260    6    54.556542   46.129320   54.555928    3.497083    0.00000563   0.2588   0.5546  5-[13,11, 2]
 261    6    58.764471   50.336573   58.763181    3.612015    0.00001098   0.3894   0.5623  5-[11, 4, 3]
 262    6    60.804985   52.377935   60.804542    3.666451    0.00000364   0.2321   0.5944  5-[13, 9, 2]
 263    6    63.311859   54.884462   63.311070    3.732242    0.00000623   0.3160   0.5775  5-[11, 2, 3]
 264    6    65.233955   56.806670   65.233278    3.781911    0.00000519   0.2971   0.5248  5-[13, 7, 2]
 265    6    66.068197   57.640485   66.067093    3.803266    0.00000836   0.3820   0.7057  5-[11, 1, 2]
 266    6    68.294302   59.867145   68.293752    3.859674    0.00000402   0.2740   0.5756  5-[13,10, 3]
 267    6    69.543252   61.116157   69.542765    3.890963    0.00000350   0.2603   0.6312  5-[13, 8, 3]
 268    6    72.069680   63.641220   72.067827    3.953499    0.00001285   0.5167   0.7711  5-[11, 0, 3]
 269    6    73.699722   65.272764   73.699372    3.993328    0.00000237   0.2269   0.5640  5-[13, 5, 2]
 270    6    75.041139   66.613845   75.040453    4.025808    0.00000457   0.3208   0.6449  5-[13, 6, 3]
 271    7     1.630811   -8.958658   -0.532050    1.397452    0.66312442   1.5416   0.7990  7+[ 4, 0, 4]
 272    7     4.142916   -4.441035    3.985573    1.562259    0.01898935   1.1309   0.9079  7+[ 6, 3, 3]
 273    7    12.941759  -21.192874  -12.766266    2.036945    0.99321992   2.1240   0.9714  7+[ 4, 1, 3]
 274    7    14.376356    5.837638   14.264245    2.104212    0.00389914   1.7919   0.8421  7+[ 6, 1, 3]
 275    7    16.875227    8.420167   16.846775    2.216510    0.00084301   0.9795   0.8545  7+[ 6, 2, 4]
 276    7    20.378082   11.940287   20.366895    2.364968    0.00027449   0.6751   0.6511  7+[ 8, 5, 3]
 277    7    20.497152   12.059344   20.485952    2.369851    0.00027321   0.6775   0.6153  7+[ 6, 0, 4]
 278    7    24.631267   16.193092   24.619700    2.533560    0.00023479   0.7548   0.6834  7+[ 8, 3, 3]
 279    7    27.256370   18.822990   27.249598    2.632233    0.00012423   0.6076   0.6552  7+[ 8, 1, 3]
 280    7    27.746885   19.314877   27.741485    2.650263    0.00009731   0.5474   0.5021  7+[ 8, 4, 4]
 281    7    31.490745   23.060339   31.486947    2.784034    0.00006030   0.4891   0.4895  7+[ 8, 2, 4]
 282    7    32.584605   24.155862   32.582470    2.821922    0.00003276   0.3730   0.6567  7+[10, 7, 3]
 283    7    35.597024   27.160603   35.587210    2.923726    0.00013784   0.8358   0.7081  7+[ 8, 0, 4]
 284    7    38.221555   29.791902   38.218510    3.009616    0.00003984   0.4825   0.6543  7+[10, 5, 3]
 285    7    40.284495   31.855574   40.282181    3.075443    0.00002872   0.4318   0.4659  7+[10, 3, 3]
 286    7    40.751838   32.322705   40.749313    3.090161    0.00003097   0.4536   0.4675  7+[10, 3, 3]
 287    7    44.338013   35.910346   44.336954    3.200849    0.00001193   0.3063   0.5946  7+[12, 9, 3]
 288    7    44.984096   36.555748   44.982356    3.220386    0.00001934   0.3957   0.5968  7+[10, 4, 4]
 289    7    45.705250   37.276522   45.703130    3.242054    0.00002320   0.4403   0.6060  7+[ 8, 1, 3]
 290    7    48.134937   39.705589   48.132196    3.314014    0.00002847   0.5137   0.5510  7+[10, 2, 4]
 291    7    54.128539   45.701013   54.127620    3.485180    0.00000848   0.3153   0.4370  7+[12, 8, 4]
 292    7    55.432010   47.004738   55.431346    3.521304    0.00000599   0.2713   0.6378  7+[12, 7, 3]
 293    7    58.156017   49.728790   58.155398    3.595623    0.00000533   0.2684   0.5844  7+[12, 5, 3]
 294    7    61.687931   53.259842   61.686449    3.689757    0.00001201   0.4275   0.8045  7+[10, 0, 4]
 295    7    63.534501   55.107585   63.534193    3.738029    0.00000242   0.1978   0.6814  7+[14,11, 3]
 296    7    65.023864   56.596724   65.023332    3.776513    0.00000409   0.2631   0.6489  7+[12, 6, 4]
 297    7    65.940768   57.513589   65.940197    3.800012    0.00000433   0.2746   0.4774  7+[12, 5, 3]
 298    7    70.079838   61.652382   70.078989    3.904329    0.00000605   0.3448   0.7472  7+[12, 4, 4]
 299    7    73.985640   65.558564   73.985172    4.000273    0.00000316   0.2631   0.5905  7+[12, 1, 3]
 300    7    74.691502   66.264273   74.690881    4.017368    0.00000416   0.3046   0.6520  7+[12, 2, 4]
 301    7    77.888299   69.461243   77.887851    4.093894    0.00000287   0.2641   0.6652  7+[14,10, 4]
 302    8     4.732934  -12.985679   -4.559071    1.598505    0.98163264   1.2710   0.9406  7-[ 5, 2, 3]
 303    8     7.958608   -0.555070    7.871538    1.783692    0.00547014   1.1740   0.7579  7-[ 5, 1, 4]
 304    8     9.022571    0.518797    8.945405    1.840692    0.00427631   1.1775   0.7713  7-[ 5, 0, 3]
 305    8    12.344395    3.881250   12.307858    2.008272    0.00147989   0.9491   0.8921  7-[ 7, 4, 3]
 306    8    20.067297   11.300495   19.727103    2.352176    0.00847632   3.6794   0.7654  7-[ 7, 2, 3]
 307    8    20.898960  -28.668703  -20.242096    2.386256    0.98428475   5.1985   0.9783  7-[ 3, 0, 3]
 308    8    22.893702   14.455591   22.882199    2.466078    0.00025124   0.7257   0.6246  7-[ 7, 3, 4]
 309    8    23.068350   14.392578   22.819185    2.472944    0.00540057   3.3814   0.7227  7-[ 7, 0, 3]
 310    8    26.061780   17.628994   26.055601    2.587797    0.00011853   0.5674   0.6686  7-[ 7, 1, 4]
 311    8    26.765680   18.335172   26.761779    2.614072    0.00007286   0.4569   0.7289  7-[ 9, 6, 3]
 312    8    30.520445   22.087120   30.513728    2.749990    0.00011004   0.6403   0.6609  7-[ 9, 4, 3]
 313    8    32.744864   24.313202   32.739809    2.827431    0.00007719   0.5753   0.4413  7-[ 7, 3, 4]
 314    8    34.936087   26.505665   34.932273    2.901696    0.00005460   0.5163   0.6968  7-[ 9, 2, 3]
 315    8    38.520654   30.092210   38.518818    3.019249    0.00002384   0.3761   0.4476  7-[ 9, 3, 4]
 316    8    39.008127   30.580023   39.006630    3.034883    0.00001918   0.3417   0.5283  7-[11, 8, 3]
 317    8    40.674355   32.244587   40.671195    3.087726    0.00003885   0.5070   0.5804  7-[ 7, 0, 3]
 318    8    41.798725   33.368338   41.794945    3.122879    0.00004521   0.5621   0.6008  7-[ 9, 1, 4]
 319    8    44.514728   36.086720   44.513328    3.206204    0.00001573   0.3531   0.6313  7-[11, 6, 3]
 320    8    48.527119   40.098394   48.525002    3.325484    0.00002181   0.4533   0.5324  7-[ 9, 5, 4]
 321    8    49.145274   40.717495   49.144103    3.343482    0.00001191   0.3392   0.5190  7-[11, 4, 3]
 322    8    51.380387   42.952762   51.379370    3.407766    0.00000990   0.3234   0.4310  7-[11, 5, 4]
 323    8    55.476515   47.049354   55.475962    3.522531    0.00000498   0.2477   0.7356  7-[13,10, 3]
 324    8    58.998104   50.570702   58.997310    3.618289    0.00000673   0.3061   0.6863  7-[11, 2, 3]
 325    8    61.826328   53.398617   61.825224    3.693397    0.00000892   0.3694   0.6328  7-[11, 3, 4]
 326    8    62.230827   53.803803   62.230411    3.704014    0.00000334   0.2275   0.6862  7-[13, 8, 3]
 327    8    67.719698   59.292679   67.719286    3.845193    0.00000304   0.2360   0.5726  7-[13, 6, 3]
 328    8    67.864665   59.437085   67.863693    3.848852    0.00000716   0.3632   0.7393  7-[11, 1, 4]
 329    8    69.076764   60.648978   69.075586    3.879306    0.00000852   0.4034   0.5783  7-[11, 0, 3]
 330    8    69.219667   60.792129   69.218737    3.882881    0.00000672   0.3588   0.4696  7-[11, 0, 3]
 331    8    72.764017   64.336878   72.763486    3.970514    0.00000365   0.2779   0.5797  7-[13, 7, 4]
 332    8    76.828718   68.401484   76.828091    4.068689    0.00000408   0.3104   0.7018  7-[13, 5, 4]
 333    9     6.903247   -1.633353    6.793255    1.725293    0.00796671   1.2274   0.9549  9+[ 6, 2, 4]
 334    9     9.070850  -17.318251   -8.891643    1.843237    0.99012184   1.7942   0.9874  9+[ 4, 0, 4]
 335    9    17.832613    9.392796   17.819404    2.258056    0.00037037   0.6863   0.8937  9+[ 6, 0, 4]
 336    9    20.269384   11.823054   20.249662    2.360502    0.00048649   0.8939   0.8746  9+[ 6, 1, 5]
 337    9    22.709616   14.272655   22.699262    2.458820    0.00022796   0.6857   0.9141  9+[ 8, 4, 4]
 338    9    26.726339   18.294821   26.721429    2.612610    0.00009185   0.5123   0.7445  9+[ 8, 2, 4]
 339    9    30.207879   21.774810   30.201418    2.738932    0.00010694   0.6247   0.4788  9+[ 8, 1, 5]
 340    9    31.609253   23.173033   31.599640    2.788164    0.00015205   0.7795   0.7079  9+[ 8, 0, 4]
 341    9    33.094155   24.664778   33.091386    2.839399    0.00004185   0.4282   0.5270  9+[ 8, 3, 5]
 342    9    34.840128   26.411709   34.838317    2.898483    0.00002600   0.3553   0.7091  9+[10, 6, 4]
 343    9    40.196564   31.768056   40.194664    3.072666    0.00002364   0.3909   0.7407  9+[10, 4, 4]
 344    9    42.152793   33.724118   42.150726    3.133867    0.00002453   0.4175   0.6658  9+[10, 2, 4]
 345    9    44.181929   35.753431   44.180039    3.196111    0.00002139   0.4087   0.6398  9+[10, 5, 5]
 346    9    46.981542   38.552446   46.979054    3.280051    0.00002648   0.4835   0.4231  9+[12, 8, 4]
 347    9    47.548361   39.120630   47.547238    3.296785    0.00001182   0.3269   0.4790  9+[10, 3, 5]
 348    9    50.433826   42.005565   50.432173    3.380691    0.00001639   0.4084   0.6569  9+[ 8, 1, 5]
 349    9    56.353338   47.926374   56.352982    3.546615    0.00000316   0.2003   0.7346  9+[12, 6, 4]
 350    9    56.981631   48.553752   56.980360    3.563772    0.00001115   0.3806   0.8158  9+[10, 0, 4]
 351    9    59.334014   50.906871   59.333478    3.627291    0.00000451   0.2520   0.6155  9+[12, 4, 4]
 352    9    61.818154   53.391089   61.817697    3.693182    0.00000370   0.2378   0.4852  9+[12, 7, 5]
 353    9    67.570795   59.143734   67.570342    3.841432    0.00000335   0.2472   0.7029  9+[12, 5, 5]
 354    9    68.335317   59.908220   68.334827    3.860705    0.00000358   0.2587   0.6212  9+[12, 2, 4]
 355    9    70.184179   61.756917   70.183525    3.906923    0.00000466   0.3032   0.5438  9+[14,10, 4]
 356    9    72.946127   64.518884   72.945492    3.974964    0.00000435   0.3043   0.7433  9+[12, 3, 5]
 357    9    77.150402   68.723121   77.149729    4.076358    0.00000436   0.3223   0.7725  9+[12, 1, 5]
 358   10     1.692913   -9.546645   -1.120037    1.401760    0.83080177   1.2694   0.8936  9-[ 5, 1, 4]
 359   10    12.947880    4.456446   12.883054    2.037237    0.00250335   1.2940   0.9579  9-[ 5, 0, 5]
 360   10    14.958324    6.503530   14.930138    2.130894    0.00094215   0.9178   0.9320  9-[ 7, 3, 4]
 361   10    22.513607   14.083281   22.509889    2.451068    0.00008258   0.4092   0.8184  9-[ 7, 1, 4]
 362   10    26.055010   17.621063   26.047671    2.587543    0.00014084   0.6184   0.5636  9-[ 7, 2, 5]
 363   10    27.550183   19.118325   27.544932    2.643047    0.00009530   0.5379   0.5603  9-[ 7, 2, 5]
 364   10    28.832653   20.402625   28.829233    2.689743    0.00005931   0.4441   0.7517  9-[ 9, 5, 4]
 365   10    32.833444   24.402610   32.829217    2.830470    0.00006436   0.5268   0.6883  9-[ 9, 3, 4]
 366   10    36.468989   28.039278   36.465886    2.952539    0.00004254   0.4757   0.5464  9-[ 9, 1, 4]
 367   10    36.953697   28.523484   36.950092    2.968434    0.00004877   0.5161   0.4835  9-[ 9, 1, 4]
 368   10    40.573210   32.145384   40.571992    3.084544    0.00001500   0.3143   0.6795  9-[11, 7, 4]
 369   10    41.477666   33.048242   41.474850    3.112882    0.00003395   0.4833   0.7226  9-[ 9, 2, 5]
 370   10    44.500642   36.070561   44.497169    3.205778    0.00003902   0.5559   0.6290  9-[ 7, 0, 5]
 371   10    46.644670   38.217176   46.643784    3.270064    0.00000949   0.2874   0.6892  9-[11, 5, 4]
 372   10    50.546662   42.118357   50.544965    3.383930    0.00001679   0.4142   0.5424  9-[11, 6, 5]
 373   10    51.478316   43.050868   51.477476    3.410555    0.00000816   0.2941   0.6640  9-[11, 3, 4]
 374   10    56.800056   48.372893   56.799501    3.558822    0.00000489   0.2511   0.7541  9-[13, 9, 4]
 375   10    58.263882   49.836440   58.263048    3.598535    0.00000716   0.3117   0.6285  9-[11, 4, 5]
 376   10    62.157942   53.730584   62.157192    3.702104    0.00000603   0.3054   0.7442  9-[11, 1, 4]
 377   10    63.651275   55.224399   63.651007    3.741061    0.00000211   0.1847   0.7839  9-[13, 7, 4]
 378   10    65.592875   57.165496   65.592104    3.791113    0.00000588   0.3181   0.7663  9-[11, 2, 5]
 379   10    69.273326   60.846435   69.273043    3.884222    0.00000204   0.1979   0.6339  9-[13, 5, 4]
 380   10    71.164656   62.736807   71.163415    3.931212    0.00000872   0.4202   0.7393  9-[11, 0, 5]
 381   10    71.699108   63.271878   71.698486    3.944389    0.00000434   0.2986   0.4551  9-[13, 8, 5]
 382   10    75.850543   67.423426   75.850034    4.045281    0.00000336   0.2780   0.6288  9-[13, 6, 5]
 383   11    10.068365    1.586449   10.013056    1.895050    0.00274665   1.0539   0.9816 11+[ 6, 1, 5]
 384   11    23.778049   15.334153   23.760760    2.500651    0.00036355   0.9066   0.8929 11+[ 6, 0, 6]
 385   11    25.258922   16.823760   25.250368    2.557499    0.00016933   0.6573   0.9356 11+[ 8, 3, 5]
 386   11    28.249540   19.820463   28.247070    2.668613    0.00004371   0.3735   0.7721 11+[ 8, 1, 5]
 387   11    33.709246   25.279024   33.705632    2.860353    0.00005360   0.4936   0.6796 11+[ 8, 2, 6]
 388   11    37.105467   28.676337   37.102945    2.973394    0.00003399   0.4326   0.6576 11+[10, 5, 5]
 389   11    38.026369   29.594618   38.021226    3.003312    0.00006762   0.6254   0.6863 11+[ 8, 0, 6]
 390   11    41.670791   33.242904   41.669512    3.118899    0.00001535   0.3265   0.7121 11+[10, 3, 5]
 391   11    44.415344   35.987294   44.413902    3.203193    0.00001624   0.3580   0.6259 11+[10, 1, 5]
 392   11    46.671448   38.243794   46.670402    3.270859    0.00001120   0.3124   0.7248 11+[10, 4, 6]
 393   11    49.503866   41.074264   49.500872    3.353878    0.00003024   0.5444   0.5777 11+[10, 2, 6]
 394   11    52.154133   43.726701   52.153309    3.429739    0.00000791   0.2933   0.8490 11+[12, 7, 5]
 395   11    57.529135   49.102272   57.528880    3.578657    0.00000222   0.1713   0.7862 11+[12, 5, 5]
 396   11    61.560197   53.132558   61.559165    3.686395    0.00000838   0.3565   0.7704 11+[10, 0, 6]
 397   11    63.197683   54.770612   63.197219    3.729271    0.00000367   0.2420   0.6759 11+[12, 3, 5]
 398   11    65.353487   56.926606   65.353214    3.784978    0.00000209   0.1891   0.7641 11+[12, 6, 6]
 399   11    70.624542   62.197483   70.624091    3.917850    0.00000319   0.2523   0.7754 11+[12, 1, 5]
 400   11    71.607631   63.180107   71.606715    3.942136    0.00000640   0.3623   0.6863 11+[12, 4, 6]
 401   11    75.899599   67.472576   75.899184    4.046458    0.00000274   0.2512   0.7602 11+[12, 2, 6]
 402   12     2.853934   -5.927547    2.499061    1.479990    0.06217266   1.3783   0.9637 11-[ 5, 0, 5]
 403   12    17.824745    9.377644   17.804252    2.257717    0.00057483   0.8545   0.9661 11-[ 7, 2, 5]
 404   12    24.471335   16.041507   24.468115    2.527424    0.00006578   0.3969   0.8271 11-[ 7, 0, 5]
 405   12    29.307202   20.875466   29.302074    2.706818    0.00008749   0.5482   0.8037 11-[ 7, 1, 6]
 406   12    31.623296   23.193617   31.620225    2.788653    0.00004857   0.4407   0.8459 11-[ 9, 4, 5]
 407   12    35.376109   26.947271   35.373879    2.916381    0.00003152   0.3972   0.7970 11-[ 9, 2, 5]
 408   12    39.037676   30.607521   39.034129    3.035828    0.00004543   0.5262   0.6591 11-[ 9, 0, 5]
 409   12    39.367755   30.939028   39.365635    3.046366    0.00002693   0.4086   0.6204 11-[ 9, 3, 6]
 410   12    42.488914   34.061093   42.487701    3.144263    0.00001427   0.3211   0.6940 11-[11, 6, 5]
 411   12    43.714974   35.284069   43.710677    3.181895    0.00004915   0.6129   0.6846 11-[ 9, 1, 6]
 412   12    49.761318   41.334069   49.760677    3.361322    0.00000644   0.2525   0.7483 11-[11, 4, 5]
 413   12    52.151205   43.723399   52.150007    3.429656    0.00001148   0.3535   0.5725 11-[11, 5, 6]
 414   12    56.828438   48.401234   56.827842    3.559597    0.00000525   0.2604   0.8161 11-[11, 2, 5]
 415   12    58.900849   50.473859   58.900467    3.615679    0.00000325   0.2122   0.8548 11-[13, 8, 5]
 416   12    61.847399   53.419762   61.846370    3.693951    0.00000832   0.3567   0.7146 11-[11, 3, 6]
 417   12    65.141958   56.714403   65.141011    3.779548    0.00000727   0.3512   0.8047 11-[11, 0, 5]
 418   12    65.544281   57.117407   65.544015    3.789869    0.00000203   0.1868   0.8013 11-[13, 6, 5]
 419   12    68.760225   60.333024   68.759632    3.871376    0.00000431   0.2856   0.8046 11-[11, 1, 6]
 420   12    71.645062   63.218230   71.644837    3.943058    0.00000157   0.1795   0.7028 11-[13, 7, 6]
 421   12    78.626718   70.199601   78.626208    4.111369    0.00000324   0.2831   0.6550 11-[13, 5, 6]
 422   13    13.635679    5.162659   13.589267    2.069755    0.00170184   1.1241   0.9967 13+[ 6, 0, 6]
 423   13    27.814392   19.381185   27.807793    2.652735    0.00011862   0.6058   0.9526 13+[ 8, 2, 6]
 424   13    31.997201   23.568161   31.994769    2.801640    0.00003801   0.3945   0.8633 13+[ 8, 0, 6]
 425   13    35.592214   27.164414   35.591021    2.923566    0.00001675   0.2913   0.7070 13+[ 8, 1, 7]
 426   13    39.312090   30.883789   39.310396    3.044591    0.00002154   0.3649   0.6342 13+[10, 4, 6]
 427   13    43.122939   34.695381   43.121988    3.163779    0.00001103   0.2864   0.6533 13+[10, 4, 6]
 428   13    48.059934   39.632851   48.059459    3.311816    0.00000495   0.2138   0.7693 13+[10, 3, 7]
 429   13    51.755924   43.326555   51.753163    3.418448    0.00002667   0.5346   0.6132 13+[ 8, 1, 7]
 430   13    53.653789   45.226100   53.652708    3.471930    0.00001007   0.3405   0.5705 13+[10, 0, 6]
 431   13    54.623118   46.195488   54.622096    3.498931    0.00000935   0.3341   0.6277 13+[10, 0, 6]
 432   13    58.715900   50.289080   58.715687    3.610709    0.00000181   0.1580   0.8099 13+[12, 4, 6]
 433   13    65.356360   56.929439   65.356047    3.785052    0.00000239   0.2023   0.7872 13+[12, 2, 6]
 434   13    66.630377   58.203579   66.630186    3.817590    0.00000143   0.1594   0.8284 13+[12, 5, 7]
 435   13    74.258059   65.830662   74.257269    4.006879    0.00000532   0.3425   0.7235 13+[12, 3, 7]
 436   13    79.253534   70.826454   79.253062    4.126144    0.00000298   0.2736   0.7597 13+[12, 1, 7]
 437   14    20.826124   12.383637   20.810245    2.383290    0.00038125   0.8131   0.9854 13-[ 7, 1, 6]
 438   14    31.530157   23.099268   31.525876    2.785409    0.00006789   0.5196   0.7894 13-[ 7, 0, 7]
 439   14    34.179293   25.749857   34.176464    2.876263    0.00004138   0.4397   0.8337 13-[ 9, 3, 6]
 440   14    36.836799   28.408495   36.835102    2.964609    0.00002303   0.3536   0.7999 13-[ 9, 1, 6]
 441   14    42.981037   34.553326   42.979934    3.159422    0.00001283   0.3079   0.7614 13-[ 9, 2, 7]
 442   14    45.119051   36.691193   45.117800    3.224452    0.00001386   0.3359   0.6647 13-[11, 5, 6]
 443   14    46.220847   37.788447   46.215054    3.257457    0.00006266   0.7317   0.6210 13-[ 9, 0, 7]
 444   14    51.567421   43.140322   51.566930    3.413090    0.00000476   0.2249   0.7655 13-[11, 3, 6]
 445   14    56.202520   47.775524   56.202132    3.542484    0.00000346   0.2090   0.7394 13-[11, 4, 7]
 446   14    59.595886   51.168767   59.595375    3.634294    0.00000429   0.2468   0.8223 13-[11, 1, 6]
 447   14    60.865518   52.438576   60.865183    3.668054    0.00000275   0.2017   0.8465 13-[13, 7, 6]
 448   14    66.025393   57.598109   66.024717    3.802173    0.00000512   0.2987   0.6418 13-[13, 5, 6]
 449   14    68.662747   60.235493   68.662101    3.868931    0.00000471   0.2979   0.6095 13-[13, 5, 6]
 450   14    72.614224   64.186968   72.613575    3.966849    0.00000447   0.3069   0.7980 13-[11, 0, 7]
 451   14    75.220632   66.793610   75.220218    4.030135    0.00000275   0.2494   0.7705 13-[13, 6, 7]
 452   15    30.474567   22.043007   30.469615    2.748369    0.00008124   0.5493   0.9648 15+[ 8, 1, 7]
 453   15    40.244360   31.815877   40.242485    3.074176    0.00002329   0.3884   0.7484 15+[ 8, 0, 8]
 454   15    41.536311   33.107856   41.534464    3.114710    0.00002223   0.3917   0.5783 15+[10, 1, 7]
 455   15    44.688512   36.261189   44.687797    3.211462    0.00000800   0.2528   0.7912 15+[10, 3, 7]
 456   15    49.598472   41.171324   49.597931    3.356616    0.00000545   0.2317   0.7893 15+[10, 2, 8]
 457   15    56.209828   47.782569   56.209177    3.542684    0.00000579   0.2706   0.7727 15+[12, 5, 7]
 458   15    59.916189   51.489382   59.915990    3.642840    0.00000166   0.1544   0.7573 15+[12, 3, 7]
 459   15    63.487808   55.059088   63.485696    3.736816    0.00001663   0.5178   0.8077 15+[10, 0, 8]
 460   15    67.755790   59.328898   67.755506    3.846104    0.00000209   0.1961   0.6484 15+[12, 1, 7]
 461   15    68.278759   59.851820   68.278428    3.859283    0.00000242   0.2124   0.6845 15+[12, 4, 8]
 462   15    76.876692   68.449404   76.876012    4.069834    0.00000442   0.3234   0.7698 15+[12, 2, 8]
 463   16    23.953941   15.512752   23.939360    2.507471    0.00030436   0.8357   0.9931 15-[ 7, 0, 7]
 464   16    37.006109   28.576739   37.003347    2.970148    0.00003733   0.4522   0.6857 15-[ 9, 2, 7]
 465   16    38.323993   29.895631   38.322239    3.012918    0.00002289   0.3667   0.6748 15-[ 9, 2, 7]
 466   16    45.179023   36.751753   45.178361    3.226257    0.00000733   0.2447   0.8326 15-[ 9, 1, 8]
 467   16    49.751708   41.324313   49.750921    3.361045    0.00000791   0.2799   0.8573 15-[11, 4, 7]
 468   16    53.595499   45.168446   53.595054    3.470300    0.00000415   0.2184   0.8985 15-[11, 2, 7]
 469   16    59.039445   50.612618   59.039226    3.619398    0.00000185   0.1607   0.8175 15-[11, 3, 8]
 470   16    62.157751   53.730641   62.157249    3.702099    0.00000404   0.2498   0.8657 15-[11, 0, 7]
 471   16    63.068067   54.641231   63.067839    3.725895    0.00000180   0.1694   0.8984 15-[13, 6, 7]
 472   16    70.493660   62.065912   70.492520    3.914606    0.00000809   0.4009   0.8297 15-[11, 1, 8]
 473   16    75.833486   67.406588   75.833196    4.044871    0.00000192   0.2100   0.8102 15-[13, 5, 8]
 474   17    33.882719   25.451005   33.877612    2.866235    0.00007536   0.5883   0.9903 17+[ 8, 0, 8]
 475   17    45.770189   37.342672   45.769280    3.243998    0.00000994   0.2886   0.8859 17+[10, 2, 8]
 476   17    49.434743   41.007021   49.433629    3.351877    0.00001127   0.3319   0.9211 17+[10, 0, 8]
 477   17    50.851168   42.424340   50.850948    3.392655    0.00000217   0.1497   0.7910 17+[10, 1, 9]
 478   17    58.699869   50.272717   58.699325    3.610278    0.00000464   0.2528   0.7295 17+[12, 4, 8]
 479   17    61.524964   53.098211   61.524819    3.685467    0.00000118   0.1337   0.7423 17+[12, 2, 8]
 480   17    69.447321   61.020623   69.447231    3.888569    0.00000065   0.1120   0.9306 17+[12, 3, 9]
 481   17    79.410764   70.983637   79.410245    4.129842    0.00000327   0.2872   0.7943 17+[12, 1, 9]
 482   18    40.215167   31.786843   40.213450    3.073254    0.00002134   0.3716   0.9706 17-[ 9, 1, 8]
 483   18    46.932356   38.505156   46.931764    3.278595    0.00000631   0.2358   0.8396 17-[ 9, 0, 9]
 484   18    52.548378   44.121063   52.547670    3.440881    0.00000673   0.2727   0.8496 17-[11, 3, 8]
 485   18    54.989759   46.562682   54.989290    3.509089    0.00000426   0.2269   0.8867 17-[11, 1, 8]
 486   18    63.547689   55.120894   63.547502    3.738371    0.00000147   0.1539   0.8379 17-[11, 2, 9]
 487   18    67.165890   58.739091   67.165698    3.831185    0.00000143   0.1605   0.8084 17-[13, 5, 8]
 488   18    73.446826   65.018987   73.445595    3.987175    0.00000838   0.4253   0.8329 17-[11, 0, 9]
 489   19    48.157889   39.730877   48.157485    3.314687    0.00000419   0.1972   0.9251 19+[10, 1, 9]
 490   19    59.881225   51.454144   59.880751    3.641908    0.00000396   0.2382   0.7506 19+[10, 0,10]
 491   19    61.842621   53.415702   61.842310    3.693825    0.00000251   0.1960   0.7818 19+[12, 3, 9]
 492   19    63.680004   55.253147   63.679754    3.741806    0.00000196   0.1782   0.7021 19+[12, 1, 9]
 493   19    71.385003   62.958271   71.384879    3.936650    0.00000087   0.1331   0.9506 19+[12, 2,10]
 494   20    42.813861   34.385790   42.812398    3.154280    0.00001709   0.3539   0.9666 19-[ 9, 0, 9]
 495   20    55.689346   47.261857   55.688465    3.528392    0.00000791   0.3132   0.7081 19-[11, 0, 9]
 496   20    56.744210   48.317249   56.743857    3.557299    0.00000311   0.2002   0.7282 19-[11, 2, 9]
 497   20    66.431368   58.004585   66.431193    3.812526    0.00000132   0.1525   0.9833 19-[11, 1,10]
 498   21    52.533657   44.106479   52.533087    3.440465    0.00000542   0.2447   0.9952 21+[10, 0,10]
 499   21    64.435589   56.008889   64.435497    3.761360    0.00000072   0.1090   0.9811 21+[12, 2,10]
 500   21    72.591050   64.164395   72.591003    3.966282    0.00000032   0.0827   0.9857 21+[12, 1,11]
 501   22    58.575672   50.148870   58.575478    3.606937    0.00000165   0.1505   0.9937 21-[11, 1,10]
 502   22    68.198173   59.771416   68.198024    3.857255    0.00000109   0.1426   0.9937 21-[11, 0,11]
 503   23    66.622722   58.196064   66.622672    3.817395    0.00000037   0.0814   1.0000 23+[12, 1,11]
 504   24    61.015980   52.589206   61.015814    3.672034    0.00000136   0.1424   1.0000 23-[11, 0,11]
#all active are  504 q.p. states out of  504
#since the cut off is pwi=  60.0
#check: number of neutrons=  86.0


 #canonical s.p. energies neutrons
 ---------------------------------


  labels -> {2*omega}{parity}[nn=nz+2*nr+nl,nz,nl]
  cqpe   -> canonical q.p. energies
  ce     -> canonical s.p. energies
  fermi energy=  -8.4266078091609540     
  average cdelt=   1.4923883606488042     
  k0      ceqp        ce         v*v       u*v        cdel     overl      labels
   1   47.988894   47.988887   0.00000006   0.00025220   0.0285   0.9732  1+[12, 1, 1]
   2   49.029339   49.029331   0.00000007   0.00025895   0.0298   0.6051  1+[14,12, 0]
   3   47.189868   47.189856   0.00000010   0.00032393   0.0360   0.7649  1+[14,11, 1]
   4   45.302032   45.302020   0.00000011   0.00033233   0.0357   0.8629  1+[12, 2, 0]
   5   43.590209   43.590192   0.00000017   0.00041213   0.0429   0.6674  1+[14,14, 0]
   6   44.430695   44.430676   0.00000017   0.00041712   0.0441   0.8782  1+[12, 3, 1]
   7   41.474653   41.474629   0.00000025   0.00049666   0.0496   0.7383  1+[14,13, 1]
   8   41.165568   41.165539   0.00000029   0.00053645   0.0532   0.5690  1+[14,12, 0]
   9   43.280545   43.280514   0.00000030   0.00054492   0.0564   0.8736  1+[12, 4, 0]
  10   43.855641   43.855595   0.00000043   0.00065860   0.0689   0.7785  1+[12, 5, 1]
  11   42.240508   42.240430   0.00000077   0.00087652   0.0888   0.7736  1+[12, 6, 0]
  12   41.420411   41.420314   0.00000097   0.00098697   0.0984   0.6088  1+[12, 9, 1]
  13   42.744696   42.744554   0.00000138   0.00117597   0.1204   0.6596  1+[12,10, 0]
  14   46.230339   46.230156   0.00000168   0.00129554   0.1416   0.9708  1+[10, 1, 1]
  15   43.930335   43.930147   0.00000180   0.00134227   0.1406   0.5772  1+[10, 0, 0]
  16   42.454102   42.453902   0.00000197   0.00140262   0.1427   0.6296  1+[12,11, 1]
  17   38.690146   38.689905   0.00000255   0.00159815   0.1506   0.7571  1+[12,12, 0]
  18   43.271020   43.270724   0.00000287   0.00169373   0.1751   0.7776  1+[10, 2, 0]
  19   41.888293   41.887956   0.00000336   0.00183231   0.1844   0.8636  1+[10, 3, 1]
  20   56.307581   56.307120   0.00000356   0.00188625   0.2442   0.4190  1+[12,11, 1]
  21   42.074327   42.073784   0.00000537   0.00231806   0.2341   0.8071  1+[10, 4, 0]
  22   44.181918   44.181342   0.00000547   0.00233953   0.2462   0.3823  1+[12, 8, 0]
  23   37.952935   37.952296   0.00000688   0.00262334   0.2433   0.6733  1+[10, 5, 1]
  24   34.856531   34.855584   0.00001093   0.00330633   0.2862   0.6731  1+[10, 6, 0]
  25   33.670826   33.669529   0.00001540   0.00392436   0.3304   0.6330  1+[10, 9, 1]
  26   28.682438   28.681027   0.00001902   0.00436062   0.3236   0.6757  1+[10,10, 0]
  27   31.151011   31.149378   0.00002062   0.00454109   0.3595   0.9639  1+[ 8, 1, 1]
  28   33.339429   33.337546   0.00002254   0.00474710   0.3965   0.8793  1+[ 8, 0, 0]
  29   39.922323   39.919759   0.00002652   0.00514948   0.4979   0.4475  1+[10, 9, 1]
  30   28.583080   28.580851   0.00003012   0.00548828   0.4062   0.8778  1+[ 8, 2, 0]
  31   25.157819   25.155192   0.00003911   0.00625332   0.4200   0.8127  1+[ 8, 3, 1]
  32   27.927719   27.923966   0.00005161   0.00718407   0.5223   0.4739  1+[10, 8, 0]
  33   22.352989   22.348666   0.00007022   0.00837928   0.5158   0.7987  1+[ 8, 4, 0]
  34   19.931438   19.925657   0.00010193   0.01009548   0.5726   0.6042  1+[ 8, 5, 1]
  35   15.307306   15.299806   0.00015801   0.01256909   0.5966   0.6018  1+[ 8, 8, 0]
  36   18.969424   18.958134   0.00020605   0.01435313   0.7864   0.5590  1+[ 8, 8, 0]
  37   12.807507   12.797377   0.00023853   0.01544250   0.6558   0.8351  1+[ 6, 1, 1]
  38   14.050388   14.037467   0.00028744   0.01695166   0.7620   0.8819  1+[ 6, 0, 0]
  39    8.857095    8.836562   0.00059399   0.02436461   0.8422   0.5121  1+[ 8, 6, 0]
  40    7.655291    7.633078   0.00069063   0.02627082   0.8450   0.8973  1+[ 6, 2, 0]
  41    4.392558    4.354366   0.00148964   0.03856714   0.9888   0.8144  1+[ 6, 3, 1]
  42   -0.830355   -0.907085   0.00505048   0.07088703   1.0770   0.6581  1+[ 6, 4, 0]
  43   -3.966203   -4.096796   0.01463916   0.12010351   1.0714   0.6712  1+[ 6, 6, 0]
  44   -6.939392   -8.331021   0.46786392   0.49896620   1.4841   0.9518  1+[ 4, 0, 0]
  45   -6.107731  -10.430303   0.93203993   0.25167737   1.1672   0.6352  1+[ 6, 6, 0]
  46   -3.064586  -13.616776   0.98397493   0.12557175   1.3466   0.9263  1+[ 4, 1, 1]
  47    3.554840  -20.324430   0.99651017   0.05897157   1.4131   0.8525  1+[ 4, 2, 0]
  48    7.750286  -24.538887   0.99800288   0.04464450   1.4444   0.8270  1+[ 4, 3, 1]
  49   13.979270  -30.782548   0.99888562   0.03336378   1.4951   0.7997  1+[ 4, 4, 0]
  50   20.333022  -37.131222   0.99904353   0.03091201   1.7780   0.9149  1+[ 2, 0, 0]
  51   27.146327  -43.965840   0.99952628   0.02175993   1.5481   0.9535  1+[ 2, 1, 1]
  52   34.141592  -50.962228   0.99961732   0.01955845   1.6651   0.7575  1+[ 2, 2, 0]
  53   44.428135  -61.255796   0.99975825   0.01554634   1.6434   0.8120  1+[ 0, 0, 0]
  54   43.319511   43.319507   0.00000004   0.00019288   0.0200   0.8949  1-[15,14, 1]
  55   47.460088   47.460081   0.00000006   0.00024980   0.0279   0.8677  1-[13, 5, 0]
  56   47.411116   47.411105   0.00000010   0.00032060   0.0358   0.7520  1-[13, 6, 1]
  57   44.700458   44.700434   0.00000023   0.00047913   0.0509   0.6931  1-[13, 7, 0]
  58   44.091898   44.091866   0.00000030   0.00054668   0.0574   0.5806  1-[13,10, 1]
  59   44.590232   44.590189   0.00000041   0.00063865   0.0677   0.8871  1-[11, 0, 1]
  60   43.488886   43.488844   0.00000041   0.00063948   0.0664   0.6408  1-[11, 1, 0]
  61   43.881546   43.881500   0.00000044   0.00066152   0.0692   0.6660  1-[11, 1, 0]
  62   45.061786   45.061722   0.00000060   0.00077266   0.0827   0.7181  1-[13,12, 1]
  63   42.360718   42.360656   0.00000061   0.00077867   0.0791   0.9162  1-[11, 2, 1]
  64   40.144596   40.144526   0.00000072   0.00084760   0.0823   0.7593  1-[13,13, 0]
  65   41.306940   41.306844   0.00000097   0.00098517   0.0980   0.8705  1-[11, 3, 0]
  66   51.931583   51.931456   0.00000105   0.00102228   0.1234   0.4176  1-[13,10, 1]
  67   44.988712   44.988573   0.00000130   0.00114109   0.1219   0.4606  1-[13,10, 1]
  68   44.057923   44.057780   0.00000136   0.00116452   0.1222   0.7735  1-[11, 4, 1]
  69   45.695803   45.695577   0.00000209   0.00144567   0.1565   0.8268  1-[11, 5, 0]
  70   41.172820   41.172559   0.00000263   0.00162062   0.1608   0.6164  1-[11, 6, 1]
  71   40.116034   40.115636   0.00000411   0.00202676   0.1968   0.6832  1-[11, 9, 0]
  72   40.532166   40.531605   0.00000572   0.00239263   0.2343   0.5903  1-[11,10, 1]
  73   42.390477   42.389877   0.00000590   0.00242950   0.2469   0.8272  1-[ 9, 0, 1]
  74   38.807389   38.806771   0.00000654   0.00255649   0.2415   0.9245  1-[ 9, 1, 0]
  75   33.810218   33.809625   0.00000703   0.00265059   0.2239   0.7962  1-[11,11, 0]
  76   36.067898   36.067148   0.00000843   0.00290377   0.2584   0.9404  1-[ 9, 2, 1]
  77   49.970961   49.969802   0.00000992   0.00314967   0.3679   0.4408  1-[11, 8, 1]
  78   34.368413   34.367310   0.00001289   0.00358976   0.3072   0.9177  1-[ 9, 3, 0]
  79   32.147656   32.146267   0.00001712   0.00413792   0.3358   0.7697  1-[ 9, 4, 1]
  80   36.697921   36.696361   0.00001729   0.00415833   0.3753   0.4266  1-[11, 8, 1]
  81   28.533508   28.531519   0.00002690   0.00518670   0.3834   0.7266  1-[ 9, 5, 0]
  82   26.891291   26.888591   0.00003822   0.00618207   0.4367   0.5824  1-[ 9, 8, 1]
  83   21.906680   21.903611   0.00005059   0.00711239   0.4315   0.7048  1-[ 9, 9, 0]
  84   25.644985   25.640980   0.00005878   0.00766689   0.5224   0.9730  1-[ 7, 0, 1]
  85   30.848486   30.842988   0.00006999   0.00836580   0.6571   0.5061  1-[ 9, 8, 1]
  86   22.166652   22.162111   0.00007422   0.00861466   0.5271   0.8808  1-[ 7, 1, 0]
  87   18.237367   18.232366   0.00009378   0.00968374   0.5164   0.8233  1-[ 7, 2, 1]
  88   18.489431   18.480827   0.00015984   0.01264175   0.6805   0.5028  1-[ 9, 7, 0]
  89   14.813846   14.804921   0.00019202   0.01385593   0.6440   0.8559  1-[ 7, 3, 0]
  90   13.124448   13.110099   0.00033291   0.01824278   0.7863   0.7398  1-[ 7, 4, 1]
  91    8.577534    8.555893   0.00063635   0.02521789   0.8576   0.5927  1-[ 7, 5, 0]
  92    6.450655    6.424359   0.00088380   0.02971555   0.8842   0.7224  1-[ 7, 7, 0]
  93    4.727732    4.697454   0.00115086   0.03390474   0.8920   0.9570  1-[ 5, 0, 1]
  94   -0.660512   -0.726177   0.00422769   0.06488307   1.0078   0.4713  1-[ 7, 6, 1]
  95   -0.537337   -0.610510   0.00463749   0.06794104   1.0720   0.8590  1-[ 5, 1, 0]
  96   -4.829672   -5.021103   0.02661022   0.16094135   1.1578   0.8591  1-[ 5, 2, 1]
  97   -5.895708  -10.631870   0.93566767   0.24534401   1.2419   0.7543  1-[ 5, 3, 0]
  98   -2.654157  -14.049228   0.98702194   0.11317962   1.3066   0.6670  1-[ 5, 4, 1]
  99    5.385195  -22.134117   0.99622448   0.06132917   1.6941   0.9665  1-[ 3, 0, 1]
 100    3.553955  -20.330870   0.99681566   0.05634007   1.3500   0.7259  1-[ 5, 5, 0]
 101   12.682943  -29.480816   0.99868916   0.03618183   1.5276   0.9419  1-[ 3, 1, 0]
 102   18.329740  -35.139254   0.99918335   0.02856538   1.5286   0.8874  1-[ 3, 2, 1]
 103   22.929658  -39.747538   0.99943655   0.02373042   1.4882   0.8837  1-[ 3, 3, 0]
 104   34.232915  -51.051380   0.99959269   0.02017780   1.7216   0.9392  1-[ 1, 0, 1]
 105   40.012456  -56.841721   0.99975278   0.01572131   1.5231   0.9556  1-[ 1, 1, 0]
 106   47.494867   47.494860   0.00000006   0.00025113   0.0281   0.9800  3+[12, 1, 1]
 107   47.189507   47.189497   0.00000009   0.00029609   0.0329   0.7029  3+[12, 2, 2]
 108   46.553200   46.553188   0.00000010   0.00032328   0.0355   0.5251  3+[14,11, 1]
 109   44.824581   44.824570   0.00000011   0.00032778   0.0349   0.5586  3+[14,11, 1]
 110   44.262497   44.262479   0.00000017   0.00041609   0.0438   0.9184  3+[12, 3, 1]
 111   45.430309   45.430284   0.00000023   0.00048211   0.0519   0.6626  3+[14,12, 2]
 112   40.237523   40.237498   0.00000026   0.00050579   0.0492   0.6308  3+[14,13, 1]
 113   43.772491   43.772463   0.00000027   0.00051777   0.0541   0.6885  3+[12, 4, 2]
 114   43.161332   43.161287   0.00000044   0.00066206   0.0683   0.7764  3+[12, 5, 1]
 115   42.912817   42.912743   0.00000073   0.00085295   0.0876   0.6840  3+[12, 6, 2]
 116   40.656916   40.656817   0.00000100   0.00100140   0.0983   0.6089  3+[12, 9, 1]
 117   45.043937   45.043787   0.00000140   0.00118269   0.1265   0.8703  3+[10, 0, 2]
 118   47.699614   47.699439   0.00000156   0.00124889   0.1402   0.5996  3+[12,10, 2]
 119   45.273537   45.273356   0.00000169   0.00129849   0.1395   0.9720  3+[10, 1, 1]
 120   41.861327   41.861124   0.00000202   0.00142083   0.1429   0.7247  3+[12,11, 1]
 121   43.730041   43.729811   0.00000221   0.00148612   0.1550   0.9243  3+[10, 2, 2]
 122   55.327458   55.327033   0.00000334   0.00182687   0.2329   0.4353  3+[12,10, 2]
 123   43.430768   43.430410   0.00000344   0.00185532   0.1924   0.7787  3+[10, 3, 1]
 124   42.457172   42.456673   0.00000490   0.00221453   0.2254   0.8232  3+[10, 4, 2]
 125   45.211181   45.210620   0.00000523   0.00228780   0.2454   0.4373  3+[12, 9, 1]
 126   36.850265   36.849618   0.00000715   0.00267474   0.2422   0.6846  3+[10, 5, 1]
 127   38.040834   38.039754   0.00001162   0.00340858   0.3168   0.6273  3+[10, 8, 2]
 128   31.429082   31.427734   0.00001692   0.00411275   0.3278   0.6946  3+[10, 9, 1]
 129   31.903610   31.902167   0.00001789   0.00423015   0.3412   0.9717  3+[ 8, 0, 2]
 130   30.738076   30.736482   0.00002035   0.00451149   0.3534   0.9488  3+[ 8, 1, 1]
 131   42.526921   42.524393   0.00002481   0.00498074   0.5076   0.5649  3+[10, 8, 2]
 132   29.192132   29.190085   0.00002720   0.00521570   0.3924   0.9273  3+[ 8, 2, 2]
 133   24.085466   24.082784   0.00004125   0.00642220   0.4176   0.8125  3+[ 8, 3, 1]
 134   28.590174   28.586511   0.00004947   0.00703363   0.5207   0.5270  3+[10, 7, 1]
 135   23.847856   23.843572   0.00006637   0.00814668   0.5259   0.7841  3+[ 8, 4, 2]
 136   18.012468   18.006139   0.00011970   0.01093995   0.5785   0.6224  3+[ 8, 5, 1]
 137   17.433619   17.424517   0.00017598   0.01326468   0.6861   0.7984  3+[ 6, 0, 2]
 138   20.417142   20.406360   0.00018689   0.01366955   0.7886   0.5772  3+[ 8, 6, 2]
 139   10.524324   10.513925   0.00027436   0.01656153   0.6277   0.9119  3+[ 6, 1, 1]
 140    9.770439    9.750374   0.00055132   0.02347382   0.8543   0.5885  3+[ 8, 7, 1]
 141    8.705651    8.680156   0.00074405   0.02726720   0.9343   0.9194  3+[ 6, 2, 2]
 142    2.329224    2.281438   0.00222141   0.04707945   1.0128   0.7795  3+[ 6, 3, 1]
 143    0.097057    0.024658   0.00424689   0.06502966   1.1086   0.7020  3+[ 6, 4, 2]
 144   -6.819754   -7.784697   0.30025844   0.45837027   1.4731   0.9592  3+[ 4, 0, 2]
 145   -7.044025   -9.106113   0.74573749   0.43544585   1.2041   0.7729  3+[ 6, 5, 1]
 146   -1.215294  -15.509519   0.99109718   0.09393382   1.3548   0.9318  3+[ 4, 1, 1]
 147    3.048967  -19.817537   0.99631191   0.06061755   1.3912   0.8866  3+[ 4, 2, 2]
 148   11.135128  -27.932896   0.99858276   0.03761957   1.4718   0.8696  3+[ 4, 3, 1]
 149   21.276439  -38.077886   0.99912856   0.02950725   1.7529   0.9666  3+[ 2, 0, 2]
 150   28.651426  -45.472200   0.99956251   0.02091162   1.5507   0.9653  3+[ 2, 1, 1]
 151   42.874818   42.874814   0.00000004   0.00019302   0.0198   0.8930  3-[15,14, 1]
 152   49.649687   49.649681   0.00000005   0.00022669   0.0263   0.8165  3-[13, 5, 2]
 153   46.853058   46.853047   0.00000010   0.00032091   0.0355   0.7491  3-[13, 6, 1]
 154   45.448649   45.448624   0.00000022   0.00047424   0.0511   0.5966  3-[13, 7, 2]
 155   43.163281   43.163250   0.00000030   0.00055039   0.0568   0.5801  3-[13,10, 1]
 156   45.629323   45.629286   0.00000035   0.00058847   0.0636   0.9546  3-[11, 1, 2]
 157   43.801513   43.801470   0.00000041   0.00064151   0.0670   0.9393  3-[11, 0, 1]
 158   43.339869   43.339818   0.00000049   0.00070308   0.0728   0.6863  3-[13,11, 2]
 159   41.582083   41.582022   0.00000061   0.00078233   0.0782   0.9178  3-[11, 2, 1]
 160   43.099844   43.099781   0.00000062   0.00078582   0.0810   0.7292  3-[13,12, 1]
 161   42.644937   42.644854   0.00000082   0.00090316   0.0923   0.8757  3-[11, 3, 2]
 162   53.278814   53.278693   0.00000098   0.00098876   0.1220   0.5470  3-[13,11, 2]
 163   47.420396   47.420253   0.00000128   0.00113031   0.1262   0.5547  3-[13,10, 1]
 164   42.711702   42.711560   0.00000139   0.00117731   0.1204   0.8157  3-[11, 4, 1]
 165   45.261013   45.260804   0.00000195   0.00139625   0.1499   0.7508  3-[11, 5, 2]
 166   40.104603   40.104344   0.00000268   0.00163590   0.1588   0.6164  3-[11, 6, 1]
 167   44.598664   44.598192   0.00000444   0.00210766   0.2235   0.6701  3-[11, 9, 2]
 168   38.249950   38.249446   0.00000540   0.00232464   0.2170   0.9379  3-[ 9, 1, 2]
 169   40.662922   40.662340   0.00000593   0.00243499   0.2391   0.9313  3-[ 9, 0, 1]
 170   38.908506   38.907918   0.00000622   0.00249324   0.2360   0.6934  3-[11,10, 1]
 171   35.076775   35.076021   0.00000867   0.00294424   0.2562   0.9350  3-[ 9, 2, 1]
 172   51.575062   51.573936   0.00000938   0.00306346   0.3676   0.5066  3-[11, 9, 2]
 173   36.084171   36.083100   0.00001203   0.00346791   0.3087   0.8877  3-[ 9, 3, 2]
 174   37.556655   37.555129   0.00001660   0.00407433   0.3747   0.4997  3-[11, 8, 1]
 175   30.691584   30.690195   0.00001776   0.00421420   0.3297   0.7846  3-[ 9, 4, 1]
 176   30.559401   30.557220   0.00002797   0.00528880   0.4124   0.7002  3-[ 9, 5, 2]
 177   25.026944   25.024077   0.00004285   0.00654568   0.4380   0.6517  3-[ 9, 8, 1]
 178   24.615497   24.611606   0.00005887   0.00767253   0.5070   0.8147  3-[ 7, 0, 1]
 179   22.696630   22.692777   0.00006189   0.00786690   0.4897   0.7717  3-[ 7, 1, 2]
 180   32.752934   32.747575   0.00006508   0.00806691   0.6644   0.6207  3-[ 9, 7, 2]
 181   17.153101   17.148009   0.00009953   0.00997617   0.5104   0.8730  3-[ 7, 2, 1]
 182   19.198520   19.190098   0.00015245   0.01234606   0.6821   0.5368  3-[ 9, 6, 1]
 183   17.027311   17.017455   0.00019362   0.01391346   0.7083   0.8538  3-[ 7, 3, 2]
 184   10.819499   10.802953   0.00042986   0.02072860   0.7979   0.7482  3-[ 7, 4, 1]
 185   10.657012   10.632288   0.00064779   0.02544355   0.9711   0.6991  3-[ 7, 5, 2]
 186    3.700616    3.668633   0.00131867   0.03628950   0.8802   0.9647  3-[ 5, 0, 1]
 187    0.347452    0.286753   0.00345897   0.05871124   1.0303   0.6830  3-[ 7, 6, 1]
 188    0.204761    0.131761   0.00422876   0.06489131   1.1202   0.9439  3-[ 5, 1, 2]
 189   -6.499047   -6.893144   0.10222691   0.30294647   1.1679   0.8243  3-[ 5, 2, 1]
 190   -6.600644   -9.740538   0.85979070   0.34720405   1.2680   0.7631  3-[ 5, 3, 2]
 191    1.830754  -18.591496   0.99549234   0.06698765   1.3742   0.8296  3-[ 5, 4, 1]
 192    7.001344  -23.760834   0.99696248   0.05502995   1.6980   0.9645  3-[ 3, 0, 1]
 193   12.678961  -29.478397   0.99872596   0.03567100   1.5057   0.9580  3-[ 3, 1, 2]
 194   20.826109  -37.637526   0.99928556   0.02671953   1.5632   0.8813  3-[ 3, 2, 1]
 195   35.211225  -52.030452   0.99961056   0.01973051   1.7220   0.9315  3-[ 1, 0, 1]
 196   49.465988   49.465983   0.00000005   0.00021531   0.0249   0.9563  5+[12, 1, 3]
 197   46.272818   46.272808   0.00000009   0.00029612   0.0324   0.7319  5+[12, 2, 2]
 198   43.332908   43.332897   0.00000011   0.00032680   0.0338   0.6082  5+[14,10, 2]
 199   45.538192   45.538174   0.00000016   0.00040491   0.0437   0.8987  5+[12, 3, 3]
 200   44.457638   44.457620   0.00000017   0.00040910   0.0433   0.9181  5+[14,11, 3]
 201   43.231264   43.231239   0.00000024   0.00049303   0.0509   0.7114  5+[14,12, 2]
 202   43.694257   43.694229   0.00000027   0.00052248   0.0545   0.7714  5+[12, 4, 2]
 203   42.988163   42.988112   0.00000050   0.00070514   0.0725   0.7951  5+[12, 5, 3]
 204   40.642689   40.642613   0.00000077   0.00087832   0.0862   0.6942  5+[12, 6, 2]
 205   45.547295   45.547175   0.00000111   0.00105325   0.1137   0.6140  5+[12, 9, 3]
 206   42.650578   42.650434   0.00000141   0.00118640   0.1212   0.9466  5+[10, 0, 2]
 207   45.589684   45.589518   0.00000154   0.00123978   0.1339   0.9599  5+[10, 1, 3]
 208   45.089886   45.089708   0.00000167   0.00129101   0.1382   0.6699  5+[12,10, 2]
 209   41.586558   41.586331   0.00000227   0.00150555   0.1506   0.9177  5+[10, 2, 2]
 210   58.379655   58.379259   0.00000297   0.00172204   0.2301   0.5915  5+[12, 9, 3]
 211   45.730282   45.729901   0.00000352   0.00187676   0.2033   0.8941  5+[10, 3, 3]
 212   46.347181   46.346659   0.00000477   0.00218335   0.2392   0.5012  5+[12, 8, 2]
 213   39.563154   39.562643   0.00000533   0.00230825   0.2215   0.7987  5+[10, 4, 2]
 214   41.458751   41.457956   0.00000797   0.00282258   0.2816   0.7159  5+[10, 5, 3]
 215   34.134357   34.133228   0.00001326   0.00364185   0.3100   0.6590  5+[10, 8, 2]
 216   30.850937   30.849580   0.00001727   0.00415585   0.3265   0.9763  5+[ 8, 0, 2]
 217   32.983523   32.981769   0.00002117   0.00460080   0.3810   0.9627  5+[ 8, 1, 3]
 218   44.738994   44.736654   0.00002200   0.00469087   0.4988   0.6668  5+[10, 7, 3]
 219   27.170241   27.168106   0.00002999   0.00547594   0.3899   0.9205  5+[ 8, 2, 2]
 220   27.498697   27.495665   0.00004221   0.00649656   0.4668   0.8441  5+[ 8, 3, 3]
 221   29.688304   29.684825   0.00004564   0.00675544   0.5150   0.5535  5+[10, 8, 2]
 222   20.488143   20.483363   0.00008266   0.00909130   0.5257   0.7827  5+[ 8, 4, 2]
 223   25.271327   25.261433   0.00014681   0.01211558   0.8165   0.7892  5+[ 8, 5, 3]
 224   14.146757   14.137299   0.00020951   0.01447304   0.6534   0.9616  5+[ 6, 0, 2]
 225   12.804563   12.788090   0.00038794   0.01969242   0.8362   0.9546  5+[ 6, 1, 3]
 226   11.295325   11.276909   0.00046689   0.02160265   0.8521   0.7164  5+[ 8, 6, 2]
 227    5.555995    5.524272   0.00113436   0.03366111   0.9413   0.8964  5+[ 6, 2, 2]
 228    4.571527    4.525227   0.00178102   0.04216455   1.0961   0.8272  5+[ 6, 3, 3]
 229   -6.625910   -7.066149   0.12224128   0.32756427   1.1797   0.8580  5+[ 6, 4, 2]
 230   -5.671901  -10.751287   0.92194676   0.26825534   1.4779   0.9599  5+[ 4, 0, 2]
 231   -2.131269  -14.564103   0.98746345   0.11126267   1.4009   0.9523  5+[ 4, 1, 3]
 232    8.371703  -25.162894   0.99815386   0.04292710   1.4422   0.9170  5+[ 4, 2, 2]
 233   24.228545  -41.034449   0.99927559   0.02690520   1.7572   0.9602  5+[ 2, 0, 2]
 234   48.229177   48.229171   0.00000005   0.00022575   0.0256   0.8129  5-[13, 5, 2]
 235   45.024388   45.024374   0.00000013   0.00036069   0.0386   0.8170  5-[13, 6, 3]
 236   43.623769   43.623745   0.00000023   0.00047925   0.0499   0.5926  5-[13, 7, 2]
 237   46.610812   46.610779   0.00000030   0.00054769   0.0603   0.9544  5-[11, 0, 3]
 238   44.577712   44.577675   0.00000035   0.00059431   0.0630   0.8971  5-[11, 1, 2]
 239   43.980397   43.980360   0.00000036   0.00059712   0.0626   0.5769  5-[13,10, 3]
 240   40.772281   40.772230   0.00000051   0.00071518   0.0704   0.7008  5-[13,11, 2]
 241   42.556022   42.555963   0.00000058   0.00076114   0.0776   0.9584  5-[11, 2, 3]
 242   40.791762   40.791680   0.00000083   0.00091013   0.0896   0.8681  5-[11, 3, 2]
 243   53.088397   53.088290   0.00000087   0.00093291   0.1148   0.6292  5-[13,10, 3]
 244   46.533808   46.533683   0.00000114   0.00106789   0.1174   0.5527  5-[13, 9, 2]
 245   44.773287   44.773140   0.00000138   0.00117407   0.1249   0.8621  5-[11, 4, 3]
 246   42.549128   42.548923   0.00000201   0.00141860   0.1446   0.7321  5-[11, 5, 2]
 247   46.764854   46.764511   0.00000312   0.00176513   0.1948   0.6288  5-[11, 6, 3]
 248   41.215950   41.215469   0.00000484   0.00220049   0.2185   0.6609  5-[11, 9, 2]
 249   41.509051   41.508551   0.00000501   0.00223828   0.2235   0.9425  5-[ 9, 0, 3]
 250   35.953970   35.953466   0.00000568   0.00238282   0.2115   0.9359  5-[ 9, 1, 2]
 251   53.193214   53.192181   0.00000838   0.00289538   0.3568   0.6230  5-[11, 8, 3]
 252   39.095118   39.094265   0.00000898   0.00299583   0.2847   0.9509  5-[ 9, 2, 3]
 253   33.750153   33.749083   0.00001267   0.00355998   0.3003   0.8698  5-[ 9, 3, 2]
 254   38.740948   38.739501   0.00001534   0.00391622   0.3694   0.5270  5-[11, 7, 2]
 255   34.043584   34.042023   0.00001838   0.00428710   0.3641   0.8005  5-[ 9, 4, 3]
 256   27.560366   27.558051   0.00003217   0.00567157   0.4082   0.6862  5-[ 9, 5, 2]
 257   34.651629   34.646821   0.00005580   0.00746985   0.6436   0.7058  5-[ 9, 6, 3]
 258   26.929935   26.925776   0.00005881   0.00766845   0.5423   0.9149  5-[ 7, 0, 3]
 259   20.443470   20.439395   0.00007058   0.00840104   0.4851   0.9059  5-[ 7, 1, 2]
 260   20.402936   20.396369   0.00011389   0.01067141   0.6153   0.9184  5-[ 7, 2, 3]
 261   20.532247   20.524381   0.00013582   0.01165339   0.6749   0.6386  5-[ 9, 7, 2]
 262   13.437892   13.426496   0.00026060   0.01614109   0.7058   0.8561  5-[ 7, 3, 2]
 263   14.984547   14.964489   0.00042840   0.02069332   0.9689   0.8325  5-[ 7, 4, 3]
 264    5.002128    4.950292   0.00193004   0.04388976   1.1788   0.9789  5-[ 5, 0, 3]
 265    2.101095    2.050995   0.00237943   0.04872133   1.0258   0.7972  5-[ 7, 5, 2]
 266   -2.909099   -3.022378   0.01026545   0.10079717   1.1123   0.9051  5-[ 5, 1, 2]
 267   -4.898440   -5.114613   0.03063531   0.17232757   1.2160   0.8586  5-[ 5, 2, 3]
 268   -0.763787  -15.972444   0.99236678   0.08703423   1.3339   0.8895  5-[ 5, 3, 2]
 269    6.838163  -23.599214   0.99698115   0.05486104   1.6749   0.9832  5-[ 3, 0, 3]
 270   16.622397  -33.428742   0.99906443   0.03057270   1.5316   0.9660  5-[ 3, 1, 2]
 271   47.728948   47.728942   0.00000005   0.00021457   0.0241   0.9541  7+[12, 1, 3]
 272   45.871114   45.871103   0.00000011   0.00032579   0.0354   0.9508  7+[12, 2, 4]
 273   48.404209   48.404192   0.00000014   0.00037978   0.0432   0.9069  7+[14,10, 4]
 274   43.450253   43.450236   0.00000017   0.00041078   0.0426   0.8955  7+[12, 3, 3]
 275   41.418842   41.418825   0.00000017   0.00041713   0.0416   0.8928  7+[14,11, 3]
 276   43.638910   43.638879   0.00000030   0.00054781   0.0570   0.8418  7+[12, 4, 4]
 277   40.413072   40.413021   0.00000052   0.00072293   0.0706   0.7954  7+[12, 5, 3]
 278   46.548131   46.548044   0.00000079   0.00088883   0.0977   0.6757  7+[12, 6, 4]
 279   42.055681   42.055561   0.00000119   0.00109173   0.1102   0.6087  7+[12, 9, 3]
 280   43.149904   43.149740   0.00000159   0.00126213   0.1302   0.9114  7+[10, 1, 3]
 281   41.150711   41.150549   0.00000164   0.00128021   0.1269   0.9379  7+[10, 0, 4]
 282   48.971782   48.971493   0.00000251   0.00158532   0.1820   0.8998  7+[10, 2, 4]
 283   59.069685   59.069340   0.00000256   0.00159931   0.2159   0.6326  7+[12, 8, 4]
 284   42.075672   42.075288   0.00000380   0.00194952   0.1969   0.8814  7+[10, 3, 3]
 285   46.977478   46.977022   0.00000411   0.00202784   0.2247   0.5796  7+[12, 9, 3]
 286   44.705383   44.704827   0.00000523   0.00228770   0.2431   0.7896  7+[10, 4, 4]
 287   36.981701   36.980858   0.00000928   0.00304702   0.2767   0.7010  7+[10, 5, 3]
 288   47.183858   47.181834   0.00001820   0.00426589   0.4745   0.7609  7+[10, 6, 4]
 289   35.317424   35.315541   0.00002152   0.00463945   0.4059   0.9291  7+[ 8, 0, 4]
 290   30.405406   30.403587   0.00002342   0.00483981   0.3759   0.9026  7+[ 8, 1, 3]
 291   31.113562   31.111363   0.00002782   0.00527427   0.4171   0.9068  7+[ 8, 2, 4]
 292   31.240691   31.237565   0.00003941   0.00627731   0.4980   0.6782  7+[10, 7, 3]
 293   23.600382   23.596936   0.00005380   0.00733444   0.4698   0.8578  7+[ 8, 3, 3]
 294   28.434733   28.426758   0.00010817   0.01039978   0.7667   0.8703  7+[ 8, 4, 4]
 295   17.097086   17.084130   0.00025381   0.01592928   0.8131   0.9704  7+[ 6, 0, 4]
 296   13.194352   13.178964   0.00035586   0.01886086   0.8156   0.8163  7+[ 8, 5, 3]
 297    8.788761    8.768656   0.00058392   0.02415736   0.8318   0.9568  7+[ 6, 1, 3]
 298    9.410240    9.377609   0.00091471   0.03023029   1.0784   0.9202  7+[ 6, 2, 4]
 299   -4.236323   -4.394005   0.01881517   0.13587185   1.1387   0.9135  7+[ 6, 3, 3]
 300   -6.790323   -8.961253   0.66337165   0.47255656   1.5465   0.9819  7+[ 4, 0, 4]
 301    4.522121  -21.295846   0.99693055   0.05531751   1.4326   0.9750  7+[ 4, 1, 3]
 302   45.509820   45.509812   0.00000008   0.00028281   0.0305   0.8175  7-[13, 5, 4]
 303   43.020043   43.020029   0.00000013   0.00036455   0.0375   0.8133  7-[13, 6, 3]
 304   47.333095   47.333067   0.00000025   0.00050399   0.0562   0.6197  7-[13, 7, 4]
 305   44.877548   44.877515   0.00000031   0.00055480   0.0591   0.9584  7-[11, 0, 3]
 306   41.319677   41.319640   0.00000037   0.00060798   0.0605   0.6188  7-[13,10, 3]
 307   43.629355   43.629312   0.00000041   0.00064363   0.0670   0.9735  7-[11, 1, 4]
 308   39.992313   39.992255   0.00000059   0.00077047   0.0746   0.9528  7-[11, 2, 3]
 309   55.347300   55.347204   0.00000075   0.00086766   0.1107   0.7072  7-[13, 9, 4]
 310   45.139105   45.139011   0.00000088   0.00094017   0.1007   0.9018  7-[11, 3, 4]
 311   47.601647   47.601533   0.00000101   0.00100639   0.1128   0.6336  7-[13,10, 3]
 312   41.678576   41.678432   0.00000144   0.00120093   0.1203   0.8494  7-[11, 4, 3]
 313   49.739423   49.739174   0.00000214   0.00146446   0.1704   0.7103  7-[11, 5, 4]
 314   42.384649   42.384294   0.00000349   0.00186888   0.1899   0.6189  7-[11, 6, 3]
 315   38.943452   38.942954   0.00000526   0.00229327   0.2173   0.9834  7-[ 9, 0, 3]
 316   43.438884   43.438156   0.00000701   0.00264837   0.2747   0.9315  7-[ 9, 1, 4]
 317   54.467808   54.466910   0.00000714   0.00267225   0.3361   0.6837  7-[11, 7, 4]
 318   36.169419   36.168569   0.00000953   0.00308770   0.2754   0.9320  7-[ 9, 2, 3]
 319   37.714499   37.713395   0.00001196   0.00345854   0.3192   0.8593  7-[ 9, 3, 4]
 320   39.876460   39.875167   0.00001339   0.00365859   0.3534   0.6226  7-[11, 8, 3]
 321   30.153060   30.151373   0.00002186   0.00467559   0.3608   0.7922  7-[ 9, 4, 3]
 322   37.912433   37.908308   0.00004450   0.00667067   0.6182   0.8201  7-[ 9, 5, 4]
 323   24.051682   24.047234   0.00006847   0.00827449   0.5375   0.9528  7-[ 7, 0, 3]
 324   24.178625   24.173573   0.00007748   0.00880176   0.5740   0.9177  7-[ 7, 1, 4]
 325   22.142911   22.136003   0.00011300   0.01062934   0.6499   0.7470  7-[ 9, 6, 3]
 326   16.479154   16.471390   0.00015586   0.01248326   0.6218   0.9181  7-[ 7, 2, 3]
 327   19.040582   19.024939   0.00028475   0.01687206   0.9269   0.9089  7-[ 7, 3, 4]
 328    4.310091    4.272438   0.00147814   0.03841818   0.9786   0.8705  7-[ 7, 4, 3]
 329    1.169741    1.098636   0.00370483   0.06075444   1.1660   0.9600  7-[ 5, 0, 3]
 330   -0.037651   -0.131898   0.00561730   0.07473782   1.2539   0.9365  7-[ 5, 1, 4]
 331   -3.664580  -13.017124   0.98199169   0.13298124   1.2665   0.9443  7-[ 5, 2, 3]
 332   12.446379  -29.229654   0.99832460   0.04089729   1.7073   0.9822  7-[ 3, 0, 3]
 333   46.960614   46.960606   0.00000007   0.00026303   0.0291   0.9617  9+[12, 1, 5]
 334   43.401481   43.401469   0.00000011   0.00033078   0.0343   0.9480  9+[12, 2, 4]
 335   45.198289   45.198272   0.00000015   0.00038884   0.0417   0.9174  9+[14,10, 4]
 336   45.580416   45.580397   0.00000017   0.00041683   0.0450   0.8820  9+[12, 3, 5]
 337   40.667083   40.667052   0.00000031   0.00056064   0.0550   0.8368  9+[12, 4, 4]
 338   47.003424   47.003362   0.00000056   0.00074700   0.0828   0.7578  9+[12, 5, 5]
 339   42.588493   42.588406   0.00000085   0.00092296   0.0942   0.6743  9+[12, 6, 4]
 340   37.965294   37.965142   0.00000164   0.00127889   0.1187   0.9767  9+[10, 0, 4]
 341   50.620257   50.620040   0.00000183   0.00135385   0.1599   0.9196  9+[10, 1, 5]
 342   53.653899   53.653663   0.00000190   0.00137827   0.1711   0.8117  9+[12, 7, 5]
 343   43.727740   43.727459   0.00000269   0.00164126   0.1712   0.9228  9+[10, 2, 4]
 344   49.405266   49.404871   0.00000342   0.00184974   0.2139   0.6945  9+[12, 8, 4]
 345   47.765769   47.765369   0.00000356   0.00188556   0.2119   0.8521  9+[10, 3, 5]
 346   39.400003   39.399404   0.00000626   0.00250184   0.2393   0.7796  9+[10, 4, 4]
 347   49.628516   49.626879   0.00001410   0.00375520   0.4360   0.8304  9+[10, 5, 5]
 348   35.473687   35.471796   0.00002153   0.00463989   0.4074   0.8866  9+[ 8, 1, 5]
 349   33.056254   33.054351   0.00002294   0.00478917   0.3973   0.9118  9+[ 8, 0, 4]
 350   32.643018   32.640405   0.00003182   0.00564055   0.4633   0.7438  9+[10, 6, 4]
 351   26.985121   26.982568   0.00003605   0.00600395   0.4252   0.8770  9+[ 8, 2, 4]
 352   31.757078   31.750756   0.00007866   0.00886886   0.7128   0.9199  9+[ 8, 3, 5]
 353   15.504630   15.492535   0.00025270   0.01589445   0.7607   0.8805  9+[ 8, 4, 4]
 354   12.542322   12.526330   0.00038134   0.01952414   0.8188   0.9769  9+[ 6, 0, 4]
 355   13.979823   13.953490   0.00058762   0.02423375   1.0860   0.9673  9+[ 6, 1, 5]
 356   -1.384091   -1.467903   0.00595044   0.07690927   1.0833   0.9549  9+[ 6, 2, 4]
 357    0.642857  -17.357462   0.99235842   0.08708150   1.5796   0.9921  9+[ 4, 0, 4]
 358   43.257257   43.257248   0.00000008   0.00028599   0.0296   0.8138  9-[13, 5, 4]
 359   46.922588   46.922572   0.00000015   0.00038523   0.0426   0.8260  9-[13, 6, 5]
 360   43.856699   43.856672   0.00000027   0.00051524   0.0539   0.6138  9-[13, 7, 4]
 361   43.475750   43.475712   0.00000037   0.00060660   0.0630   0.9659  9-[11, 0, 5]
 362   40.843123   40.843079   0.00000044   0.00066206   0.0652   0.9682  9-[11, 1, 4]
 363   43.292572   43.292513   0.00000057   0.00075586   0.0782   0.9090  9-[11, 2, 5]
 364   55.474330   55.474254   0.00000060   0.00077278   0.0988   0.7930  9-[13, 8, 5]
 365   49.529801   49.529700   0.00000087   0.00093321   0.1082   0.7215  9-[13, 9, 4]
 366   41.917825   41.917729   0.00000095   0.00097454   0.0981   0.8890  9-[11, 3, 4]
 367   49.375752   49.375581   0.00000147   0.00121426   0.1404   0.8079  9-[11, 4, 5]
 368   44.335497   44.335237   0.00000246   0.00156781   0.1654   0.7032  9-[11, 5, 4]
 369   55.467867   55.467155   0.00000557   0.00235951   0.3015   0.7848  9-[11, 6, 5]
 370   46.188737   46.188067   0.00000613   0.00247667   0.2705   0.9510  9-[ 9, 0, 5]
 371   39.176859   39.176124   0.00000772   0.00277926   0.2646   0.9077  9-[ 9, 1, 4]
 372   40.993686   40.992861   0.00000835   0.00289005   0.2857   0.8605  9-[ 9, 2, 5]
 373   41.743884   41.742766   0.00001114   0.00333739   0.3349   0.7160  9-[11, 7, 4]
 374   32.901994   32.900770   0.00001480   0.00384752   0.3180   0.8571  9-[ 9, 3, 4]
 375   40.640505   40.637241   0.00003327   0.00576750   0.5660   0.8786  9-[ 9, 4, 5]
 376   27.988192   27.983955   0.00005818   0.00762717   0.5555   0.9671  9-[ 7, 0, 5]
 377   24.126658   24.120947   0.00008772   0.00936532   0.6097   0.8222  9-[ 9, 5, 4]
 378   19.982994   19.977002   0.00010546   0.01026869   0.5835   0.9400  9-[ 7, 1, 4]
 379   22.806592   22.794355   0.00019589   0.01399486   0.8742   0.9441  9-[ 7, 2, 5]
 380    7.048093    7.019860   0.00091222   0.03018928   0.9343   0.9266  9-[ 7, 3, 4]
 381    5.200862    5.129728   0.00260993   0.05102076   1.3906   0.9824  9-[ 5, 0, 5]
 382   -6.731785   -9.548185   0.83088329   0.37485497   1.2706   0.9804  9-[ 5, 1, 4]
 383   44.372758   44.372750   0.00000007   0.00026721   0.0282   0.9600 11+[12, 1, 5]
 384   47.603048   47.603036   0.00000011   0.00032638   0.0366   0.9211 11+[12, 2, 6]
 385   42.065460   42.065442   0.00000018   0.00042636   0.0431   0.8753 11+[12, 3, 5]
 386   48.497932   48.497889   0.00000038   0.00061857   0.0704   0.8258 11+[12, 4, 6]
 387   42.277718   42.277657   0.00000060   0.00077588   0.0787   0.7470 11+[12, 5, 5]
 388   53.999107   53.998928   0.00000143   0.00119547   0.1493   0.8232 11+[12, 6, 6]
 389   44.154620   44.154463   0.00000150   0.00122438   0.1288   0.9210 11+[10, 0, 6]
 390   45.706133   45.705914   0.00000202   0.00142095   0.1538   0.9331 11+[10, 1, 5]
 391   46.030149   46.029894   0.00000235   0.00153310   0.1670   0.8209 11+[12, 7, 5]
 392   50.911256   50.910946   0.00000261   0.00161620   0.1918   0.8920 11+[10, 2, 6]
 393   41.522865   41.522432   0.00000433   0.00208126   0.2079   0.8444 11+[10, 3, 5]
 394   52.103589   52.102315   0.00001052   0.00324372   0.3927   0.8718 11+[10, 4, 6]
 395   38.100394   38.098717   0.00001802   0.00424544   0.3951   0.9712 11+[ 8, 0, 6]
 396   35.145705   35.143576   0.00002443   0.00494254   0.4307   0.8222 11+[10, 5, 5]
 397   29.929195   29.926996   0.00002868   0.00535493   0.4108   0.9354 11+[ 8, 1, 5]
 398   35.290897   35.285754   0.00005882   0.00766945   0.6706   0.9406 11+[ 8, 2, 6]
 399   18.304492   18.294947   0.00017853   0.01336015   0.7143   0.9289 11+[ 8, 3, 5]
 400   18.347601   18.322614   0.00046661   0.02159618   1.1564   0.9826 11+[ 6, 0, 6]
 401    1.915346    1.857703   0.00278687   0.05271720   1.0904   0.9833 11+[ 6, 1, 5]
 402   49.044910   49.044898   0.00000011   0.00032565   0.0374   0.8502 11-[13, 5, 6]
 403   43.083371   43.083355   0.00000016   0.00039382   0.0406   0.8153 11-[13, 6, 5]
 404   40.948688   40.948649   0.00000040   0.00063067   0.0623   0.9596 11-[11, 0, 5]
 405   44.922444   44.922398   0.00000043   0.00065351   0.0697   0.9271 11-[11, 1, 6]
 406   57.695303   57.695241   0.00000047   0.00068201   0.0902   0.8342 11-[13, 7, 6]
 407   39.321154   39.321096   0.00000061   0.00077792   0.0743   0.9176 11-[11, 2, 5]
 408   50.096917   50.096837   0.00000068   0.00082690   0.0968   0.8032 11-[13, 8, 5]
 409   50.206874   50.206752   0.00000104   0.00102113   0.1197   0.8716 11-[11, 3, 6]
 410   43.685938   43.685762   0.00000169   0.00129994   0.1355   0.7982 11-[11, 4, 5]
 411   57.865285   57.864724   0.00000423   0.00205658   0.2727   0.8377 11-[11, 5, 6]
 412   43.862163   43.861441   0.00000691   0.00262855   0.2749   0.6921 11-[ 9, 1, 6]
 413   42.806495   42.805775   0.00000703   0.00265159   0.2717   0.6925 11-[ 9, 0, 5]
 414   42.750717   42.749863   0.00000835   0.00288909   0.2957   0.7850 11-[11, 6, 5]
 415   35.849742   35.848807   0.00001056   0.00324926   0.2877   0.8891 11-[ 9, 2, 5]
 416   43.769370   43.766778   0.00002483   0.00498299   0.5202   0.9123 11-[ 9, 3, 6]
 417   26.527488   26.522983   0.00006444   0.00802703   0.5612   0.8725 11-[ 9, 4, 5]
 418   22.857462   22.852363   0.00008150   0.00902755   0.5648   0.9636 11-[ 7, 0, 5]
 419   26.949576   26.938818   0.00015205   0.01232991   0.8724   0.9654 11-[ 7, 1, 6]
 420   10.045850   10.024875   0.00056774   0.02382058   0.8800   0.9569 11-[ 7, 2, 5]
 421   -5.548513   -5.906758   0.06223657   0.24158472   1.3906   0.9956 11-[ 5, 0, 5]
 422   48.675051   48.675042   0.00000008   0.00028503   0.0326   0.9385 13+[12, 1, 7]
 423   43.467125   43.467113   0.00000011   0.00033261   0.0345   0.9112 13+[12, 2, 6]
 424   50.086171   50.086140   0.00000026   0.00051419   0.0602   0.8775 13+[12, 3, 7]
 425   43.355931   43.355888   0.00000041   0.00064303   0.0666   0.8122 13+[12, 4, 6]
 426   56.535589   56.535452   0.00000105   0.00102543   0.1332   0.9128 13+[12, 5, 7]
 427   38.743234   38.743083   0.00000160   0.00126612   0.1194   0.9564 13+[10, 0, 6]
 428   47.602078   47.601879   0.00000178   0.00133256   0.1493   0.8703 13+[12, 6, 6]
 429   54.691070   54.690789   0.00000222   0.00149070   0.1882   0.9156 13+[10, 1, 7]
 430   43.726485   43.726149   0.00000322   0.00179384   0.1871   0.8774 13+[10, 2, 6]
 431   54.864709   54.863709   0.00000790   0.00281056   0.3558   0.8962 13+[10, 3, 7]
 432   37.592754   37.591096   0.00001801   0.00424368   0.3906   0.8628 13+[10, 4, 6]
 433   31.909289   31.907350   0.00002403   0.00490167   0.3954   0.9668 13+[ 8, 0, 6]
 434   39.300841   39.296226   0.00004834   0.00695288   0.6637   0.9540 13+[ 8, 1, 7]
 435   21.271159   21.263501   0.00012892   0.01135353   0.6743   0.9446 13+[ 8, 2, 6]
 436    5.560909    5.512377   0.00173483   0.04161517   1.1642   0.9943 13+[ 6, 0, 6]
 437   44.870786   44.870774   0.00000011   0.00033296   0.0355   0.8401 13-[13, 5, 6]
 438   55.232242   55.232205   0.00000029   0.00054229   0.0690   0.9201 13-[13, 6, 7]
 439   46.667331   46.667295   0.00000033   0.00057155   0.0630   0.9214 13-[11, 0, 7]
 440   40.510278   40.510234   0.00000045   0.00066889   0.0655   0.9363 13-[11, 1, 6]
 441   52.772876   52.772811   0.00000053   0.00072845   0.0892   0.8540 13-[13, 7, 6]
 442   47.715077   47.714990   0.00000078   0.00088068   0.0989   0.9190 13-[11, 2, 7]
 443   44.041359   44.041234   0.00000119   0.00109129   0.1145   0.8611 13-[11, 3, 6]
 444   56.900928   56.900530   0.00000305   0.00174556   0.2281   0.8943 13-[11, 4, 7]
 445   48.442256   48.441574   0.00000600   0.00244957   0.2786   0.9530 13-[ 9, 0, 7]
 446   45.318810   45.318134   0.00000629   0.00250821   0.2696   0.8370 13-[11, 5, 6]
 447   38.816743   38.815900   0.00000892   0.00298736   0.2823   0.9295 13-[ 9, 1, 6]
 448   47.251047   47.248916   0.00001914   0.00437458   0.4871   0.9273 13-[ 9, 2, 7]
 449   29.409264   29.405665   0.00004756   0.00689601   0.5218   0.9106 13-[ 9, 3, 6]
 450   30.769357   30.758831   0.00013427   0.01158668   0.9083   0.9768 13-[ 7, 0, 7]
 451   13.330174   13.312496   0.00040626   0.02015191   0.8769   0.9753 13-[ 7, 1, 6]
 452   44.175673   44.175664   0.00000008   0.00029024   0.0305   0.9277 15+[12, 1, 7]
 453   51.101453   51.101431   0.00000019   0.00043404   0.0517   0.9189 15+[12, 2, 8]
 454   44.619093   44.619063   0.00000029   0.00053403   0.0567   0.8620 15+[12, 3, 7]
 455   58.353191   58.353090   0.00000076   0.00086925   0.1161   0.9417 15+[12, 4, 8]
 456   49.723450   49.723300   0.00000129   0.00113563   0.1321   0.9149 15+[12, 5, 7]
 457   46.767935   46.767720   0.00000195   0.00139649   0.1542   0.9644 15+[10, 0, 8]
 458   46.464172   46.463870   0.00000276   0.00166000   0.1822   0.9006 15+[10, 1, 7]
 459   57.553074   57.552269   0.00000610   0.00247029   0.3260   0.9135 15+[10, 2, 8]
 460   40.328011   40.326712   0.00001333   0.00365039   0.3559   0.8875 15+[10, 3, 7]
 461   42.723535   42.719074   0.00004361   0.00660352   0.6755   0.9651 15+[ 8, 0, 8]
 462   24.565013   24.558224   0.00010290   0.01014322   0.6693   0.9559 15+[ 8, 1, 7]
 463   58.862343   58.862313   0.00000022   0.00047074   0.0634   0.9591 15-[13, 5, 8]
 464   48.466688   48.466650   0.00000033   0.00057330   0.0652   0.8181 15-[13, 6, 7]
 465   43.367705   43.367669   0.00000035   0.00059039   0.0612   0.8195 15-[11, 0, 7]
 466   48.713336   48.713264   0.00000064   0.00079709   0.0911   0.9424 15-[11, 1, 8]
 467   41.497034   41.496947   0.00000087   0.00093142   0.0930   0.9055 15-[11, 2, 7]
 468   57.839517   57.839221   0.00000223   0.00149493   0.1981   0.9241 15-[11, 3, 8]
 469   46.201099   46.200631   0.00000428   0.00206842   0.2260   0.8898 15-[11, 4, 7]
 470   40.724563   40.723801   0.00000775   0.00278453   0.2737   0.9417 15-[ 9, 0, 7]
 471   50.910766   50.908872   0.00001596   0.00399472   0.4741   0.9385 15-[ 9, 1, 8]
 472   32.409658   32.406715   0.00003604   0.00600337   0.4903   0.9216 15-[ 9, 2, 7]
 473   16.717288   16.700542   0.00033299   0.01824503   0.9175   0.9822 15-[ 7, 0, 7]
 474   52.800927   52.800909   0.00000015   0.00038645   0.0473   0.9285 17+[12, 1, 9]
 475   45.398223   45.398202   0.00000020   0.00044982   0.0484   0.9016 17+[12, 2, 8]
 477   51.734225   51.734114   0.00000092   0.00095886   0.1154   0.9430 17+[12, 4, 8]
 478   39.555232   39.555014   0.00000227   0.00150748   0.1447   0.9541 17+[10, 0, 8]
 480   43.091371   43.090333   0.00001007   0.00317372   0.3270   0.9035 17+[10, 2, 8]
 481   27.818025   27.811553   0.00008928   0.00944827   0.6849   0.9606 17+[ 8, 0, 8]
 482   54.107237   54.107206   0.00000025   0.00049906   0.0624   0.9617 17-[13, 5, 8]
 483   49.809257   49.809196   0.00000053   0.00072485   0.0844   0.9482 17-[11, 0, 9]
 484   42.373853   42.373781   0.00000071   0.00084059   0.0854   0.9281 17-[11, 1, 8]
 485   56.050593   56.050385   0.00000162   0.00127176   0.1640   0.9789 17-[11, 2, 9]
 486   48.085150   48.084806   0.00000304   0.00174455   0.1972   0.9252 17-[11, 3, 8]
 487   53.818531   53.816748   0.00001432   0.00378468   0.4712   0.9461 17-[ 9, 0, 9]
 488   35.615189   35.612594   0.00002945   0.00542716   0.4780   0.9317 17-[ 9, 1, 8]
 489   46.946045   46.946027   0.00000016   0.00039973   0.0443   0.9117 19+[12, 1, 9]
 491   53.956073   53.955991   0.00000066   0.00081243   0.1014   0.9658 19+[12, 3, 9]
 492   53.995156   53.994642   0.00000412   0.00202910   0.2533   0.9893 19+[10, 0,10]
 493   46.265891   46.265000   0.00000814   0.00285393   0.3122   0.9173 19+[10, 1, 9]
 494   43.323876   43.323816   0.00000058   0.00076199   0.0789   0.9308 19-[11, 0, 9]
 495   57.954819   57.954647   0.00000129   0.00113743   0.1510   0.9930 19-[11, 1,10]
 496   47.895568   47.895332   0.00000210   0.00144755   0.1631   0.9807 19-[11, 2, 9]
 497   38.798091   38.795687   0.00002545   0.00504490   0.4765   0.9357 19-[ 9, 0, 9]
 499   55.496184   55.496123   0.00000048   0.00069132   0.0884   0.9885 21+[12, 2,10]
 500   44.679893   44.679291   0.00000567   0.00238118   0.2529   0.9926 21+[10, 0,10]
 501   59.762491   59.762342   0.00000109   0.00104490   0.1425   0.9967 21-[11, 0,11]
 502   50.158138   50.157945   0.00000165   0.00128508   0.1506   0.9967 21-[11, 1,10]
 503   58.196114   58.196064   0.00000037   0.00061107   0.0814   1.0000 23+[12, 1,11]
 504   52.589372   52.589206   0.00000136   0.00116709   0.1424   1.0000 23-[11, 0,11]
  Sum canonical e_v*V^2_k=  -2317.4525282509271     


 #quasiparticle energies protons 
 --------------------------------
  eqp(k) -> q.p. energy 
  e(k)   -> referent s.p. energy 
  p(k)   -> occ.probability 
  del(k) -> referent s.p. gap 
  fermi energy alast=  -20.220757574974687     
  #k  block#    eqp(k)     e(k)       (1-2N)E      decay        p(k)        del(k)    overl      labels
   1    1     1.496658  -19.331597    0.889161    2.053515    0.20295121   1.2039   0.8195  1+[ 4, 1, 1]
   2    1     3.844675  -16.498700    3.722058    2.161676    0.01594631   0.9632   0.6184  1+[ 6, 6, 0]
   3    1     5.638160  -25.703673   -5.482915    2.240778    0.98623266   1.3140   0.8555  1+[ 4, 2, 0]
   4    1     6.486182  -13.811319    6.409439    2.277224    0.00591588   0.9948   0.9452  1+[ 4, 0, 0]
   5    1    10.277224  -22.260315   -2.039557    2.433488    0.59922704  10.0728   0.6174  1+[ 4, 3, 1]
   6    1    10.465691  -18.104811    2.115946    2.440996    0.39891034  10.2496   0.5195  1+[ 6, 6, 0]
   7    1    13.576496   -6.696286   13.524472    2.561736    0.00191598   1.1874   0.6505  1+[ 6, 5, 1]
   8    1    16.127042  -36.256553  -16.035796    2.656641    0.99717102   1.7131   0.7532  1+[ 4, 4, 0]
   9    1    18.251230   -1.985256   18.235501    2.733166    0.00043089   0.7576   0.7526  1+[ 6, 3, 1]
  10    1    21.730878    1.488301   21.709059    2.854093    0.00050202   0.9735   0.8133  1+[ 6, 2, 0]
  11    1    22.693837    2.456115   22.676873    2.886664    0.00037376   0.8773   0.5965  1+[ 8, 8, 0]
  12    1    23.126166  -43.213249  -22.992492    2.901168    0.99710989   2.4829   0.9331  1+[ 2, 0, 0]
  13    1    24.982048    4.748271   24.969029    2.962623    0.00026056   0.8064   0.8301  1+[ 6, 1, 1]
  14    1    25.514818    5.281162   25.501920    2.980031    0.00025277   0.8112   0.4748  1+[ 8, 8, 0]
  15    1    27.495768    7.203120   27.423877    3.043884    0.00130730   1.9870   0.8209  1+[ 6, 0, 0]
  16    1    28.518031    8.282447   28.503205    3.076317    0.00025995   0.9195   0.5599  1+[ 8, 7, 1]
  17    1    29.774265  -49.877826  -29.657069    3.115711    0.99803192   2.6392   0.9406  1+[ 2, 1, 1]
  18    1    31.165810   10.885883   31.106641    3.158774    0.00094926   1.9195   0.5078  1+[ 8, 4, 0]
  19    1    33.956222   13.681403   33.902161    3.243405    0.00079604   1.9153   0.4537  1+[ 8, 3, 1]
  20    1    34.878226   11.609391   31.830149    3.270887    0.04369599  14.2595   0.5175  1+[12,12, 0]
  21    1    35.055581  -52.062692  -31.841935    3.276147    0.95416356  14.6624   0.8565  1+[ 2, 2, 0]
  22    1    35.881848   15.589643   35.810401    3.300542    0.00099559   2.2632   0.5107  1+[ 8, 2, 0]
  23    1    37.197113   16.969090   37.189847    3.339007    0.00009766   0.7352   0.5154  1+[ 8, 1, 1]
  24    1    38.188535   17.964546   38.185304    3.367710    0.00004231   0.4968   0.4858  1+[10, 9, 1]
  25    1    39.206720   18.982467   39.203225    3.396936    0.00004457   0.5235   0.4636  1+[ 8, 3, 1]
  26    1    40.324519   20.101256   40.322013    3.428735    0.00003108   0.4496   0.5464  1+[10, 8, 0]
  27    1    42.881877   22.657708   42.878466    3.500399    0.00003978   0.5409   0.6846  1+[ 8, 0, 0]
  28    1    43.214383   22.991542   43.212300    3.509609    0.00002410   0.4243   0.4956  1+[10, 7, 1]
  29    1    46.756015   26.533483   46.754241    3.606250    0.00001898   0.4074   0.3794  1+[12, 9, 1]
  30    1    48.102145   27.877530   48.098287    3.642310    0.00004010   0.6092   0.3534  1+[10, 6, 0]
  31    1    49.776397   24.386637   44.607394    3.686667    0.05192222  22.0878   0.3957  1+[10,10, 0]
  32    1    49.859138  -64.867964  -44.647207    3.688845    0.94773344  22.1937   0.9182  1+[ 0, 0, 0]
  33    1    50.945122   30.722355   50.943113    3.717317    0.00001972   0.4524   0.4159  1+[ 8, 3, 1]
  34    1    52.839962   32.614816   52.835573    3.766480    0.00004153   0.6810   0.3865  1+[12,10, 0]
  35    1    53.258257   33.033299   53.254057    3.777247    0.00003943   0.6689   0.4228  1+[ 8, 2, 0]
  36    1    54.671566   34.448741   54.669499    3.813400    0.00001890   0.4754   0.4077  1+[10, 2, 0]
  37    1    55.439284   35.217182   55.437940    3.832896    0.00001212   0.3860   0.4907  1+[10, 9, 1]
  38    1    57.231440   37.006567   57.227325    3.878025    0.00003595   0.6863   0.6027  1+[ 8, 1, 1]
  39    1    58.310374   38.087727   58.308484    3.904943    0.00001621   0.4695   0.4686  1+[10, 8, 0]
  40    1    61.819514   41.598180   61.818937    3.991235    0.00000467   0.2671   0.5180  1+[12, 8, 0]
  41    1    64.405723   44.184457   64.405214    4.053656    0.00000395   0.2561   0.4646  1+[12, 7, 1]
  42    1    67.611460   47.390394   67.611152    4.129721    0.00000228   0.2043   0.4345  1+[14,12, 0]
  43    1    68.723606   48.499178   68.719936    4.155784    0.00002671   0.7103   0.6740  1+[10, 0, 0]
  44    1    69.552936   49.330218   69.550975    4.175114    0.00001410   0.5223   0.4753  1+[12, 7, 1]
  45    1    72.966124   52.744315   72.965073    4.253742    0.00000720   0.3917   0.6607  1+[12, 6, 0]
  46    1    74.284404   54.062447   74.283205    4.283724    0.00000807   0.4220   0.5726  1+[14,14, 0]
  47    1    75.490873   55.269629   75.490386    4.310981    0.00000323   0.2712   0.6436  1+[12, 5, 1]
  48    1    77.851502   57.630286   77.851043    4.363820    0.00000295   0.2673   0.4707  1+[14,13, 1]
  49    1    78.628364   58.406649   78.627406    4.381070    0.00000609   0.3881   0.4452  1+[12, 3, 1]
  50    1    81.090359   60.869163   81.089921    4.435293    0.00000270   0.2667   0.4964  1+[14,12, 0]
  51    1    81.793230   61.571934   81.792692    4.450652    0.00000329   0.2965   0.6753  1+[12, 2, 0]
  52    1    83.294264   63.073216   83.293974    4.483276    0.00000174   0.2200   0.5718  1+[14,11, 1]
  53    1    84.722898   64.501866   84.722624    4.514107    0.00000162   0.2156   0.7467  1+[12, 1, 1]
  54    2     1.153663  -19.936356    0.284401    2.037234    0.37673992   1.1181   0.5237  1-[ 5, 4, 1]
  55    2     4.078405  -16.265619    3.955139    2.172148    0.01511208   0.9951   0.7635  1-[ 5, 3, 0]
  56    2     6.230244  -26.345273   -6.124516    2.266286    0.99151492   1.1429   0.6809  1-[ 5, 5, 0]
  57    2     7.652868  -27.710014   -7.489256    2.326433    0.98931043   1.5740   0.9403  1-[ 3, 0, 1]
  58    2     9.836246  -10.522090    9.698668    2.415831    0.00699343   1.6394   0.8518  1-[ 5, 2, 1]
  59    2    13.498724   -6.789235   13.431523    2.558787    0.00248918   1.3453   0.5655  1-[ 7, 7, 0]
  60    2    14.092876   -6.997654   13.223104    2.581232    0.03085859   4.8743   0.8993  1-[ 5, 1, 0]
  61    2    14.887267  -34.082756  -13.861998    2.610940    0.96556559   5.4292   0.9012  1-[ 3, 1, 0]
  62    2    19.071578   -1.159559   19.061199    2.762153    0.00027212   0.6291   0.9193  1-[ 5, 0, 1]
  63    2    19.444695   -0.791410   19.429348    2.775236    0.00039464   0.7724   0.6952  1-[ 7, 7, 0]
  64    2    20.445593  -40.598773  -20.378015    2.810033    0.99834737   1.6610   0.8861  1-[ 3, 2, 1]
  65    2    22.252044    2.007385   22.228143    2.871767    0.00053706   1.0311   0.6994  1-[ 7, 6, 1]
  66    2    25.420982    5.131062   25.351820    2.976973    0.00136034   1.8739   0.5005  1-[ 7, 4, 1]
  67    2    25.872930  -45.946052  -25.725295    2.991675    0.99714692   2.7600   0.8191  1-[ 3, 3, 0]
  68    2    27.946533    7.680104   27.900861    3.058228    0.00081713   1.5971   0.5704  1-[ 7, 3, 0]
  69    2    30.048640    9.816031   30.036788    3.124249    0.00019721   0.8439   0.6383  1-[ 9, 9, 0]
  70    2    30.670297   10.442250   30.663007    3.143507    0.00011884   0.6687   0.6511  1-[ 7, 2, 1]
  71    2    31.909087   11.678419   31.899177    3.181537    0.00015528   0.7952   0.5322  1-[ 9, 8, 1]
  72    2    32.328415   12.099608   32.320365    3.194307    0.00012450   0.7214   0.6083  1-[ 7, 1, 0]
  73    2    33.524042   13.290328   33.511086    3.230442    0.00019324   0.9320   0.5706  1-[ 7, 0, 1]
  74    2    33.880435   13.648609   33.869366    3.241135    0.00016334   0.8659   0.4663  1-[ 9, 7, 0]
  75    2    36.650249   16.426031   36.646789    3.323068    0.00004721   0.5036   0.4620  1-[ 9, 5, 0]
  76    2    37.748712  -57.905809  -37.685052    3.355007    0.99915678   2.1914   0.9597  1-[ 1, 0, 1]
  77    2    39.090335   18.862940   39.083698    3.393608    0.00008490   0.7203   0.3826  1-[11, 6, 1]
  78    2    41.460179   21.236909   41.457667    3.460742    0.00003029   0.4564   0.4630  1-[ 9, 3, 0]
  79    2    42.766968   22.539892   42.760650    3.497210    0.00007386   0.7351   0.3849  1-[11,11, 0]
  80    2    43.231214  -63.407102  -43.186344    3.510074    0.99948105   1.9692   0.9260  1-[ 1, 1, 0]
  81    2    44.888598   24.665825   44.886583    3.555621    0.00002244   0.4253   0.3692  1-[ 9, 2, 1]
  82    2    45.210461   24.985908   45.206666    3.564398    0.00004197   0.5858   0.4204  1-[ 9, 8, 1]
  83    2    47.135203   26.911920   47.132678    3.616444    0.00002678   0.4878   0.4214  1-[ 9, 2, 1]
  84    2    48.069031   27.846128   48.066886    3.641427    0.00002232   0.4542   0.5525  1-[11, 9, 0]
  85    2    48.818158   28.595278   48.816036    3.661346    0.00002174   0.4552   0.5514  1-[ 9, 1, 0]
  86    2    51.347759   31.123381   51.344138    3.727818    0.00003526   0.6098   0.4413  1-[11, 7, 0]
  87    2    51.694777   31.467221   51.687979    3.736845    0.00006575   0.8383   0.5734  1-[ 7, 0, 1]
  88    2    53.617283   33.394874   53.615632    3.786464    0.00001539   0.4207   0.3891  1-[ 9, 6, 1]
  89    2    55.564499   35.340905   55.561662    3.836066    0.00002553   0.5615   0.4335  1-[11, 5, 0]
  90    2    56.890079   36.668252   56.889010    3.869470    0.00000939   0.3487   0.3995  1-[ 9, 4, 1]
  91    2    58.898632   38.677208   58.897965    3.919541    0.00000566   0.2803   0.3879  1-[11, 5, 0]
  92    2    60.981208   40.759428   60.980185    3.970791    0.00000838   0.3531   0.4779  1-[11, 4, 1]
  93    2    64.403565   44.182338   64.403095    4.053604    0.00000364   0.2459   0.4447  1-[13,10, 1]
  94    2    66.598125   46.376219   66.596976    4.105829    0.00000862   0.3912   0.6826  1-[13,13, 0]
  95    2    67.631115   47.409548   67.630305    4.130183    0.00000599   0.3310   0.5922  1-[11, 3, 0]
  96    2    70.565285   50.343571   70.564329    4.198588    0.00000678   0.3674   0.4444  1-[13, 7, 0]
  97    2    71.660249   51.438389   71.659147    4.223832    0.00000769   0.3973   0.6546  1-[11, 2, 1]
  98    2    73.981540   53.758896   73.979654    4.276855    0.00001275   0.5283   0.4235  1-[13, 7, 0]
  99    2    74.986401   54.763375   74.984133    4.299605    0.00001513   0.5833   0.7197  1-[11, 1, 0]
 100    2    76.168742   55.947553   76.168310    4.326220    0.00000284   0.2565   0.5774  1-[13, 9, 0]
 101    2    77.930040   57.708831   77.929589    4.365567    0.00000290   0.2652   0.5961  1-[13, 8, 1]
 102    2    79.099502   58.878544   79.099302    4.391498    0.00000127   0.1780   0.7712  1-[11, 0, 1]
 103    2    81.440730   61.219564   81.440322    4.442956    0.00000251   0.2579   0.6039  1-[13, 6, 1]
 104    2    82.760594   62.539603   82.760361    4.471704    0.00000141   0.1968   0.6203  1-[15,14, 1]
 105    2    84.158553   63.937448   84.158205    4.501953    0.00000207   0.2420   0.5613  1-[13, 5, 0]
 106    3     1.496890  -21.107307   -0.886549    2.053526    0.79613045   1.2061   0.8199  3+[ 4, 1, 1]
 107    3     5.343774  -15.092995    5.127763    2.227987    0.02021145   1.5040   0.7535  3+[ 6, 5, 1]
 108    3     5.468147  -25.418020   -5.197263    2.233400    0.97523073   1.6997   0.8872  3+[ 4, 2, 2]
 109    3     6.832956  -13.449153    6.771604    2.291961    0.00448938   0.9136   0.9557  3+[ 4, 0, 2]
 110    3    13.716691  -33.673420  -13.452662    2.567044    0.99037561   2.6783   0.8598  3+[ 4, 3, 1]
 111    3    14.306586   -6.150725   14.070032    2.589258    0.00826732   2.5909   0.5734  3+[ 6, 4, 2]
 112    3    16.990344   -3.250565   16.970192    2.688005    0.00059303   0.8273   0.6781  3+[ 6, 3, 1]
 113    3    22.359620    2.120440   22.341198    2.875401    0.00041194   0.9074   0.8243  3+[ 6, 2, 2]
 114    3    23.768413    3.366589   23.587346    2.922581    0.00380898   2.9282   0.7083  3+[ 8, 7, 1]
 115    3    24.075679  -44.027538  -23.806780    2.932771    0.99441555   3.5883   0.9701  3+[ 2, 0, 2]
 116    3    24.406072    4.162379   24.383136    2.943688    0.00046988   1.0578   0.8231  3+[ 6, 1, 1]
 117    3    28.333021    8.079861   28.300618    3.070473    0.00057182   1.3547   0.8338  3+[ 6, 0, 2]
 118    3    28.609359    8.374454   28.595212    3.079198    0.00024726   0.8996   0.5494  3+[ 8, 5, 1]
 119    3    31.353698    6.755678   26.976436    3.164543    0.06980456  15.9789   0.5645  3+[ 8, 6, 2]
 120    3    31.439404  -47.182759  -26.962001    3.167172    0.92879314  16.1705   0.9127  3+[ 2, 1, 1]
 121    3    34.119531   13.863823   34.084580    3.248289    0.00051218   1.5440   0.6049  3+[ 8, 3, 1]
 122    3    36.037996   15.814156   36.034914    3.305132    0.00004277   0.4713   0.4433  3+[ 8, 2, 2]
 123    3    37.027843   16.802788   37.023546    3.334081    0.00005802   0.5641   0.4082  3+[ 8, 1, 1]
 124    3    37.162973   16.934378   37.155135    3.338014    0.00010545   0.7632   0.4684  3+[ 8, 1, 1]
 125    3    39.402577   19.179285   39.400043    3.402529    0.00003216   0.4469   0.4911  3+[ 8, 2, 2]
 126    3    40.972406   20.750110   40.970867    3.447031    0.00001878   0.3551   0.5353  3+[10, 8, 2]
 127    3    42.743337   22.520653   42.741411    3.496554    0.00002252   0.4057   0.5939  3+[10, 7, 1]
 128    3    43.682469   23.460092   43.680849    3.522534    0.00001854   0.3762   0.7034  3+[ 8, 0, 2]
 129    3    46.709824   26.487667   46.708424    3.605006    0.00001499   0.3616   0.5215  3+[10, 5, 1]
 130    3    48.867776   28.645323   48.866081    3.662661    0.00001735   0.4071   0.3939  3+[10, 6, 2]
 131    3    50.002658   29.780445   50.001203    3.692621    0.00001455   0.3814   0.3908  3+[10, 5, 1]
 132    3    51.278144   31.056820   51.277577    3.726005    0.00000553   0.2411   0.4281  3+[10, 3, 1]
 133    3    53.625823   33.403672   53.624430    3.786683    0.00001299   0.3865   0.5300  3+[10, 4, 2]
 134    3    54.971054   34.748123   54.968880    3.821017    0.00001977   0.4888   0.3798  3+[10, 2, 2]
 135    3    55.416191   35.193774   55.414531    3.832311    0.00001497   0.4288   0.4175  3+[12, 9, 1]
 136    3    56.537374   36.313653   56.534410    3.860610    0.00002621   0.5789   0.4969  3+[ 8, 1, 1]
 137    3    58.145841   37.923946   58.144703    3.900850    0.00000978   0.3637   0.5798  3+[10, 8, 2]
 138    3    62.337751   42.116538   62.337296    4.003821    0.00000365   0.2381   0.5485  3+[12, 8, 2]
 139    3    64.166431   43.945386   64.166144    4.047921    0.00000224   0.1919   0.5452  3+[12, 7, 1]
 140    3    67.827065   47.606036   67.826794    4.134786    0.00000200   0.1919   0.4363  3+[12, 5, 1]
 141    3    68.976420   48.755253   68.976010    4.161686    0.00000297   0.2379   0.4508  3+[14,13, 1]
 142    3    69.779650   49.557876   69.778634    4.180382    0.00000728   0.3766   0.7331  3+[10, 0, 2]
 143    3    73.306272   53.085060   73.305817    4.261498    0.00000310   0.2582   0.7251  3+[12, 6, 2]
 144    3    75.474424   55.253236   75.473993    4.310610    0.00000285   0.2549   0.5613  3+[12, 5, 1]
 145    3    76.773741   56.552675   76.773432    4.339776    0.00000201   0.2177   0.4566  3+[14,11, 1]
 146    3    77.658378   57.437288   77.658045    4.359521    0.00000215   0.2276   0.5385  3+[12, 3, 1]
 147    3    80.999440   60.778369   80.999126    4.433302    0.00000194   0.2255   0.5752  3+[14,12, 2]
 148    3    82.462021   62.240922   82.461680    4.465217    0.00000207   0.2371   0.6651  3+[12, 2, 2]
 149    3    83.976907   63.755916   83.976673    4.498034    0.00000139   0.1979   0.5617  3+[14,10, 2]
 150    3    84.191212   63.970220   84.190977    4.502657    0.00000139   0.1986   0.6384  3+[12, 1, 1]
 151    4     4.375244  -24.442897   -4.222139    2.185375    0.98250329   1.1473   0.8042  3-[ 5, 4, 1]
 152    4     4.815845  -15.520914    4.699843    2.204862    0.01204371   1.0506   0.7837  3-[ 5, 3, 2]
 153    4     7.976854  -12.527354    7.693404    2.339914    0.01776703   2.1075   0.8364  3-[ 5, 2, 1]
 154    4     9.225993  -29.105039   -8.884281    2.391181    0.98148104   2.4877   0.9338  3-[ 3, 0, 1]
 155    4    14.591912   -6.835672   13.385085    2.599935    0.04135261   5.8106   0.7767  3-[ 5, 1, 2]
 156    4    14.740647   -5.680819   14.539938    2.605483    0.00680801   2.4242   0.6180  3-[ 7, 6, 1]
 157    4    15.302903  -34.026272  -13.805514    2.626350    0.95107502   6.6020   0.9259  3-[ 3, 1, 2]
 158    4    18.400015   -1.832932   18.387825    2.738446    0.00033124   0.6697   0.9268  3-[ 5, 0, 1]
 159    4    22.511696    2.017139   22.237896    2.880532    0.00608129   3.5004   0.5584  3-[ 7, 6, 1]
 160    4    22.874301  -42.774901  -22.554144    2.892727    0.99300181   3.8137   0.9070  3-[ 3, 2, 1]
 161    4    25.262119    5.027322   25.248079    2.971787    0.00027788   0.8421   0.7277  3-[ 7, 5, 2]
 162    4    28.597919    8.367834   28.588591    3.078837    0.00016309   0.7304   0.5769  3-[ 7, 3, 2]
 163    4    30.413726   10.186874   30.407632    3.135573    0.00010018   0.6088   0.5880  3-[ 7, 2, 1]
 164    4    31.166101   10.941977   31.162734    3.158783    0.00005402   0.4581   0.6863  3-[ 9, 8, 1]
 165    4    32.713337   12.482953   32.703711    3.205985    0.00014713   0.7936   0.5845  3-[ 7, 0, 1]
 166    4    33.571954   13.343387   33.564145    3.231882    0.00011630   0.7241   0.6067  3-[ 7, 1, 2]
 167    4    34.384899   14.159657   34.380414    3.256211    0.00006521   0.5553   0.5971  3-[ 9, 6, 1]
 168    4    36.585256   16.362005   36.582763    3.321168    0.00003408   0.4271   0.4492  3-[ 9, 7, 2]
 169    4    38.906313  -58.796587  -38.575829    3.388340    0.99575283   5.0603   0.9560  3-[ 1, 0, 1]
 170    4    39.126479   18.622528   38.843286    3.394642    0.00361895   4.6990   0.4770  3-[ 9, 4, 1]
 171    4    41.628478   21.405706   41.626464    3.465460    0.00002420   0.4096   0.3943  3-[11, 5, 2]
 172    4    42.904345   22.681985   42.902742    3.501022    0.00001868   0.3708   0.4761  3-[13,12, 1]
 173    4    44.815589   24.592359   44.813116    3.553627    0.00002759   0.4708   0.6258  3-[ 9, 2, 1]
 174    4    47.293213   27.070939   47.291697    3.620684    0.00001604   0.3788   0.4851  3-[ 9, 3, 2]
 175    4    48.820161   28.597631   48.818389    3.661399    0.00001816   0.4160   0.4969  3-[11, 8, 1]
 176    4    49.438629   29.215802   49.436560    3.677762    0.00002093   0.4524   0.6026  3-[ 9, 1, 2]
 177    4    50.793487   30.570560   50.791317    3.713355    0.00002136   0.4695   0.4500  3-[ 9, 7, 2]
 178    4    50.986748   30.759068   50.979826    3.718404    0.00006788   0.8401   0.5424  3-[ 7, 0, 1]
 179    4    53.595505   33.373470   53.594227    3.785906    0.00001192   0.3701   0.5374  3-[11, 6, 1]
 180    4    55.977223   35.755414   55.976172    3.846498    0.00000939   0.3431   0.4513  3-[ 9, 5, 2]
 181    4    56.387740   36.165759   56.386517    3.856845    0.00001085   0.3715   0.4208  3-[11,10, 1]
 182    4    58.861258   38.639889   58.860647    3.918615    0.00000520   0.2684   0.4520  3-[11, 5, 2]
 183    4    60.415342   40.193837   60.414594    3.956931    0.00000619   0.3006   0.4969  3-[11, 4, 1]
 184    4    64.852439   44.631295   64.852053    4.064341    0.00000298   0.2238   0.5903  3-[13,10, 1]
 185    4    67.982720   47.761079   67.981837    4.138439    0.00000650   0.3466   0.6209  3-[11, 3, 2]
 186    4    70.262410   50.041084   70.261842    4.191579    0.00000404   0.2826   0.5359  3-[11, 2, 1]
 187    4    71.013897   50.792556   71.013313    4.208949    0.00000411   0.2879   0.4408  3-[11, 2, 1]
 188    4    72.992204   52.771058   72.991816    4.254337    0.00000266   0.2383   0.4528  3-[13,11, 2]
 189    4    75.870128   55.648297   75.869054    4.319514    0.00000708   0.4037   0.7627  3-[11, 1, 2]
 190    4    76.476736   56.255752   76.476510    4.333126    0.00000148   0.1858   0.6440  3-[13, 9, 2]
 191    4    77.923320   57.702043   77.922801    4.365418    0.00000333   0.2845   0.4839  3-[13, 8, 1]
 192    4    78.726751   58.505821   78.726579    4.383249    0.00000109   0.1645   0.7495  3-[11, 0, 1]
 193    4    80.979395   60.758298   80.979056    4.432863    0.00000209   0.2343   0.5488  3-[13, 6, 1]
 194    4    81.880559   61.659552   81.880310    4.452556    0.00000152   0.2019   0.6628  3-[15,14, 1]
 195    4    84.731252   64.510247   84.731005    4.514287    0.00000146   0.2047   0.6784  3-[13, 5, 2]
 196    5     1.251249  -20.502672   -0.281914    2.041879    0.61265305   1.2191   0.7435  5+[ 4, 1, 3]
 197    5     3.926257  -16.383619    3.837139    2.165337    0.01134902   0.8318   0.9493  5+[ 4, 0, 2]
 198    5     7.590362  -12.688532    7.532225    2.323823    0.00382964   0.9376   0.8523  5+[ 6, 4, 2]
 199    5    10.649408  -30.799024  -10.578266    2.448292    0.99665982   1.2289   0.9295  5+[ 4, 2, 2]
 200    5    18.400736   -1.833713   18.387045    2.738472    0.00037203   0.7097   0.5941  5+[ 6, 3, 3]
 201    5    20.446087    0.211051   20.431808    2.810050    0.00034918   0.7640   0.6796  5+[ 6, 3, 3]
 202    5    25.460340    5.217302   25.438060    2.978256    0.00043756   1.0649   0.7592  5+[ 8, 6, 2]
 203    5    25.682538    5.446257   25.667015    2.985490    0.00030222   0.8928   0.8244  5+[ 6, 1, 3]
 204    5    27.086184  -38.605468  -18.384710    3.030792    0.83937431  19.8913   0.8914  5+[ 2, 0, 2]
 205    5    27.326014   -1.609225   18.611532    3.038465    0.15945395  20.0080   0.7812  5+[ 6, 0, 2]
 206    5    31.407931   11.183220   31.403978    3.166207    0.00006294   0.4983   0.6557  5+[ 8, 4, 2]
 207    5    34.588518   14.364745   34.585502    3.262277    0.00004359   0.4567   0.6363  5+[ 8, 5, 3]
 208    5    36.038508   15.815638   36.036396    3.305147    0.00002930   0.3901   0.6910  5+[ 8, 2, 2]
 209    5    37.874630   17.651447   37.872204    3.358649    0.00003203   0.4287   0.4863  5+[ 8, 1, 3]
 210    5    39.339783   19.117940   39.338698    3.400737    0.00001380   0.2923   0.6184  5+[10, 8, 2]
 211    5    40.176976   19.954305   40.175063    3.424554    0.00002381   0.3921   0.5291  5+[ 8, 3, 3]
 212    5    42.016887   21.794751   42.015508    3.476325    0.00001641   0.3404   0.7133  5+[ 8, 0, 2]
 213    5    43.809047   23.586983   43.807741    3.526020    0.00001491   0.3383   0.6063  5+[10, 6, 2]
 214    5    46.317587   26.095347   46.316105    3.594428    0.00001600   0.3706   0.4708  5+[12, 9, 3]
 215    5    48.345957   28.124016   48.344773    3.648803    0.00001225   0.3384   0.5984  5+[10, 4, 2]
 216    5    51.299228   31.077567   51.298325    3.726554    0.00000880   0.3043   0.4720  5+[10, 5, 3]
 217    5    52.198208   31.976771   52.197528    3.749902    0.00000651   0.2664   0.4243  5+[12,10, 2]
 218    5    52.754939   32.533360   52.754118    3.764288    0.00000779   0.2944   0.4664  5+[10, 2, 2]
 219    5    55.163235   34.941604   55.162362    3.825897    0.00000791   0.3104   0.5882  5+[10, 3, 3]
 220    5    57.887790   37.665727   57.886484    3.894422    0.00001128   0.3888   0.5169  5+[ 8, 1, 3]
 221    5    58.258539   38.036622   58.257380    3.903654    0.00000995   0.3675   0.4849  5+[12, 8, 2]
 222    5    61.408746   41.187357   61.408115    3.981230    0.00000514   0.2785   0.5029  5+[10, 7, 3]
 223    5    64.762431   44.541449   64.762206    4.062190    0.00000174   0.1706   0.5549  5+[12, 6, 2]
 224    5    67.506402   47.284763   67.505520    4.127250    0.00000653   0.3450   0.7015  5+[10, 0, 2]
 225    5    68.356366   48.135223   68.355980    4.147196    0.00000282   0.2295   0.4037  5+[10, 0, 2]
 226    5    70.737826   50.516761   70.737519    4.202576    0.00000217   0.2085   0.4792  5+[14,12, 2]
 227    5    72.134342   51.913288   72.134046    4.234715    0.00000205   0.2066   0.5403  5+[12, 7, 3]
 228    5    75.747962   55.526767   75.747525    4.316767    0.00000289   0.2574   0.7536  5+[12, 5, 3]
 229    5    78.227172   58.006196   78.226954    4.372170    0.00000140   0.1849   0.4769  5+[12, 3, 3]
 230    5    79.512344   59.291323   79.512081    4.400615    0.00000166   0.2046   0.5362  5+[14,10, 2]
 231    5    80.709309   60.488256   80.709014    4.426944    0.00000183   0.2182   0.5315  5+[12, 3, 3]
 232    5    83.542406   63.321355   83.542113    4.488646    0.00000175   0.2213   0.6503  5+[14,11, 3]
 233    5    85.789467   65.568521   85.789279    4.536988    0.00000110   0.1797   0.7501  5+[12, 1, 3]
 234    6     1.891562  -21.788106   -1.567348    2.072101    0.91430002   1.0590   0.8548  5-[ 5, 3, 2]
 235    6     9.376720  -18.352737    1.868021    2.397293    0.40039051   9.1888   0.6623  5-[ 5, 2, 3]
 236    6     9.656336  -22.119543   -1.898785    2.408590    0.59831811   9.4678   0.7558  5-[ 3, 0, 3]
 237    6    11.895761   -8.368750   11.852007    2.497227    0.00183905   1.0193   0.8918  5-[ 5, 1, 2]
 238    6    16.653971   -3.600743   16.620015    2.675828    0.00101947   1.0630   0.8188  5-[ 7, 5, 2]
 239    6    19.030438   -1.383157   18.837600    2.760706    0.00506655   2.7023   0.9487  5-[ 5, 0, 3]
 240    6    19.303683  -39.248620  -19.027863    2.770299    0.99285577   3.2516   0.9587  5-[ 3, 1, 2]
 241    6    25.744492    5.517241   25.737998    2.987504    0.00012612   0.5782   0.6997  5-[ 7, 3, 2]
 242    6    28.449752    8.222623   28.443380    3.074162    0.00011199   0.6021   0.7679  5-[ 7, 4, 3]
 243    6    31.385690   11.158060   31.378818    3.165525    0.00010948   0.6568   0.6960  5-[ 7, 1, 2]
 244    6    32.790476   12.566073   32.786831    3.208320    0.00005558   0.4889   0.6570  5-[ 7, 2, 3]
 245    6    33.722336   13.498333   33.719091    3.236396    0.00004811   0.4678   0.8008  5-[ 9, 7, 2]
 246    6    34.701731   14.477446   34.698204    3.265644    0.00005083   0.4948   0.7035  5-[ 7, 0, 3]
 247    6    36.531665   16.308876   36.529634    3.319601    0.00002780   0.3852   0.6608  5-[ 9, 5, 2]
 248    6    39.448466   19.225894   39.446652    3.403838    0.00002299   0.3783   0.4976  5-[ 9, 6, 3]
 249    6    41.665133   21.442957   41.663714    3.466487    0.00001703   0.3439   0.5984  5-[ 9, 3, 2]
 250    6    45.169881   24.948047   45.168805    3.563293    0.00001191   0.3117   0.4606  5-[ 9, 4, 3]
 251    6    46.657862   26.436240   46.656998    3.603607    0.00000926   0.2840   0.5543  5-[11, 9, 2]
 252    6    47.004313   26.782196   47.002953    3.612929    0.00001446   0.3575   0.5635  5-[ 9, 1, 2]
 253    6    48.988955   28.766945   48.987703    3.665872    0.00001278   0.3503   0.6461  5-[ 9, 2, 3]
 254    6    51.222039   31.000450   51.221208    3.724543    0.00000811   0.2918   0.6239  5-[11, 7, 2]
 255    6    52.523087   32.300691   52.521448    3.758304    0.00001560   0.4149   0.6106  5-[ 7, 0, 3]
 256    6    54.122897   33.901003   54.121760    3.799406    0.00001050   0.3508   0.5049  5-[ 9, 6, 3]
 257    6    55.381832   35.160283   55.381040    3.831440    0.00000714   0.2960   0.6116  5-[11, 5, 2]
 258    6    58.179164   37.957879   58.178637    3.901679    0.00000453   0.2476   0.5150  5-[11, 6, 3]
 259    6    60.168455   39.947177   60.167934    3.950869    0.00000432   0.2502   0.4247  5-[11, 3, 2]
 260    6    63.272934   43.051894   63.272652    4.026434    0.00000223   0.1889   0.5669  5-[13,11, 2]
 261    6    67.129234   46.907897   67.128655    4.118368    0.00000431   0.2788   0.6035  5-[11, 4, 3]
 262    6    69.442067   49.221106   69.441864    4.172535    0.00000146   0.1679   0.6305  5-[13, 9, 2]
 263    6    71.626321   51.404985   71.625743    4.223052    0.00000404   0.2878   0.6417  5-[11, 2, 3]
 264    6    73.684290   53.463191   73.683948    4.270102    0.00000232   0.2244   0.5584  5-[13, 7, 2]
 265    6    74.099993   53.878416   74.099174    4.279543    0.00000553   0.3484   0.7243  5-[11, 1, 2]
 266    6    76.150445   55.929272   76.150029    4.325809    0.00000273   0.2515   0.6496  5-[13,10, 3]
 267    6    77.830855   57.609904   77.830661    4.363361    0.00000125   0.1739   0.6990  5-[13, 8, 3]
 268    6    79.914420   59.693464   79.914221    4.409477    0.00000124   0.1783   0.7865  5-[11, 0, 3]
 269    6    81.579310   61.358313   81.579070    4.445983    0.00000147   0.1977   0.6224  5-[13, 5, 2]
 270    6    82.850210   62.629189   82.849947    4.473649    0.00000159   0.2089   0.6972  5-[13, 6, 3]
 271    7     5.297119  -15.019481    5.201276    2.225953    0.00904671   1.0031   0.9775  7+[ 4, 0, 4]
 272    7     7.197217  -27.300329   -7.079571    2.307339    0.99182695   1.2960   0.9688  7+[ 4, 1, 3]
 273    7    10.285357   -9.974304   10.246453    2.433813    0.00189124   0.8937   0.9149  7+[ 6, 3, 3]
 274    7    22.307228    2.079056   22.299814    2.873632    0.00016619   0.5751   0.7845  7+[ 6, 1, 3]
 275    7    23.851906    3.619748   23.840506    2.925354    0.00023898   0.7374   0.8089  7+[ 6, 2, 4]
 276    7    27.741133    7.514093   27.734850    3.051700    0.00011324   0.5904   0.8669  7+[ 8, 5, 3]
 277    7    29.203363    8.980372   29.201129    3.097870    0.00003825   0.3612   0.9053  7+[ 6, 0, 4]
 278    7    34.237977   14.015196   34.235954    3.251828    0.00002954   0.3722   0.7195  7+[ 8, 3, 3]
 279    7    37.304388   17.081537   37.302295    3.342124    0.00002806   0.3952   0.6752  7+[ 8, 1, 3]
 280    7    37.409402   17.186465   37.407223    3.345174    0.00002912   0.4038   0.5629  7+[ 8, 4, 4]
 281    7    40.734556   20.512452   40.733209    3.440325    0.00001653   0.3313   0.5844  7+[ 8, 2, 4]
 282    7    42.285530   22.063851   42.284609    3.483819    0.00001089   0.2791   0.7595  7+[10, 7, 3]
 283    7    44.217276   23.995119   44.215877    3.537243    0.00001583   0.3518   0.7634  7+[ 8, 0, 4]
 284    7    46.627003   26.405432   46.626190    3.602775    0.00000873   0.2755   0.7095  7+[10, 5, 3]
 285    7    49.355405   29.133452   49.354209    3.675564    0.00001211   0.3435   0.4510  7+[12, 8, 4]
 286    7    49.820605   29.598985   49.819743    3.687831    0.00000865   0.2931   0.6077  7+[10, 3, 3]
 287    7    53.955906   33.734498   53.955256    3.795136    0.00000603   0.2649   0.5147  7+[10, 4, 4]
 288    7    54.137667   33.916471   54.137228    3.799783    0.00000405   0.2178   0.5506  7+[12, 9, 3]
 289    7    54.705373   34.483319   54.704076    3.814261    0.00001186   0.3768   0.5055  7+[ 8, 1, 3]
 290    7    56.758855   36.537301   56.758058    3.866176    0.00000702   0.3007   0.6067  7+[10, 2, 4]
 291    7    62.738441   42.517304   62.738062    4.013525    0.00000302   0.2180   0.4902  7+[12, 8, 4]
 292    7    64.054271   43.833214   64.053971    4.045230    0.00000234   0.1961   0.6272  7+[12, 7, 3]
 293    7    67.131268   46.910287   67.131044    4.118416    0.00000166   0.1732   0.6451  7+[12, 5, 3]
 294    7    69.798121   49.576651   69.797408    4.180811    0.00000511   0.3155   0.8263  7+[10, 0, 4]
 295    7    71.781597   51.560694   71.781452    4.226620    0.00000101   0.1441   0.7095  7+[14,11, 3]
 296    7    73.125761   52.904761   73.125518    4.257384    0.00000166   0.1885   0.6868  7+[12, 6, 4]
 297    7    74.185742   53.964660   74.185417    4.281488    0.00000219   0.2194   0.4880  7+[12, 5, 3]
 298    7    77.885501   57.664436   77.885194    4.364576    0.00000197   0.2188   0.7628  7+[12, 4, 4]
 299    7    81.983201   61.762276   81.983034    4.454794    0.00000102   0.1654   0.6656  7+[12, 1, 3]
 300    7    82.836811   62.615748   82.836506    4.473358    0.00000184   0.2249   0.6944  7+[12, 2, 4]
 301    7    85.448011   65.226998   85.447756    4.529675    0.00000149   0.2087   0.6818  7+[14,10, 4]
 302    8     1.802929  -18.750193    1.470565    2.067944    0.09217339   1.0431   0.9016  7-[ 5, 2, 3]
 303    8    14.173934   -6.167495   14.053263    2.584279    0.00425680   1.8456   0.9130  7-[ 5, 1, 4]
 304    8    15.031386  -35.060189  -14.839431    2.616294    0.99361487   2.3945   0.9796  7-[ 3, 0, 3]
 305    8    15.898878   -4.370359   15.850398    2.648289    0.00152462   1.2406   0.9311  7-[ 5, 0, 3]
 306    8    19.025991   -1.226233   18.994524    2.760550    0.00082693   1.0938   0.8871  7-[ 7, 4, 3]
 307    8    29.196313    8.972849   29.193607    3.097649    0.00004635   0.3975   0.7994  7-[ 7, 2, 3]
 308    8    31.570929   11.346168   31.566925    3.171201    0.00006341   0.5028   0.7951  7-[ 7, 3, 4]
 309    8    33.083842   12.859529   33.080286    3.217185    0.00005374   0.4851   0.7802  7-[ 7, 0, 3]
 310    8    35.011648   14.788225   35.008983    3.274845    0.00003806   0.4320   0.8006  7-[ 7, 1, 4]
 311    8    35.724166   15.501151   35.721909    3.295900    0.00003159   0.4016   0.8493  7-[ 9, 6, 3]
 312    8    39.176643   18.954391   39.175149    3.396076    0.00001907   0.3422   0.7004  7-[ 9, 4, 3]
 313    8    42.170415   21.948072   42.168830    3.480610    0.00001879   0.3656   0.5039  7-[ 9, 5, 4]
 314    8    44.401196   24.179319   44.400077    3.542287    0.00001260   0.3152   0.7444  7-[ 9, 2, 3]
 315    8    47.681218   27.459766   47.680523    3.631073    0.00000729   0.2575   0.5461  7-[ 9, 3, 4]
 316    8    48.559060   28.337791   48.558548    3.654469    0.00000527   0.2230   0.6553  7-[11, 8, 3]
 317    8    49.400617   29.178609   49.399366    3.676758    0.00001266   0.3516   0.5786  7-[ 9, 0, 3]
 318    8    50.391401   30.169380   50.390137    3.702828    0.00001254   0.3569   0.6465  7-[ 9, 1, 4]
 319    8    53.582806   33.361604   53.582361    3.785580    0.00000415   0.2184   0.6805  7-[11, 6, 3]
 320    8    56.745570   36.523810   56.744567    3.865842    0.00000883   0.3373   0.4936  7-[ 9, 5, 4]
 321    8    57.875774   37.654481   57.875239    3.894123    0.00000462   0.2489   0.5881  7-[11, 4, 3]
 322    8    60.337549   40.116375   60.337132    3.955022    0.00000345   0.2243   0.5309  7-[11, 5, 4]
 323    8    64.268963   44.047980   64.268738    4.050379    0.00000175   0.1700   0.7358  7-[13,10, 3]
 324    8    67.466825   47.245510   67.466267    4.126319    0.00000413   0.2743   0.6917  7-[11, 2, 3]
 325    8    69.887418   49.666213   69.886971    4.182884    0.00000320   0.2502   0.7051  7-[11, 3, 4]
 326    8    71.123296   50.902430   71.123187    4.211472    0.00000076   0.1244   0.7397  7-[13, 8, 3]
 327    8    75.786575   55.565274   75.786031    4.317635    0.00000358   0.2870   0.7257  7-[11, 1, 4]
 328    8    76.151703   55.930715   76.151473    4.325838    0.00000151   0.1873   0.6319  7-[13, 6, 3]
 329    8    76.687240   56.466239   76.686997    4.337840    0.00000159   0.1932   0.7459  7-[11, 0, 3]
 330    8    77.486324   57.265337   77.486095    4.355688    0.00000148   0.1885   0.6457  7-[13, 9, 4]
 331    8    80.639464   60.418406   80.639164    4.425412    0.00000186   0.2202   0.6559  7-[13, 7, 4]
 332    8    84.502276   64.281335   84.502092    4.509359    0.00000109   0.1764   0.7362  7-[13, 5, 4]
 333    9     3.099436  -23.154948   -2.934191    2.127942    0.97334262   0.9985   0.9770  9+[ 4, 0, 4]
 334    9    13.189042   -7.063239   13.157519    2.547010    0.00119505   0.9113   0.9567  9+[ 6, 2, 4]
 335    9    26.282424    6.058311   26.279069    3.004935    0.00006383   0.4199   0.8839  9+[ 6, 0, 4]
 336    9    27.341637    7.111704   27.332462    3.038964    0.00016779   0.7083   0.8792  9+[ 6, 1, 5]
 337    9    30.198379    9.972706   30.193463    3.128898    0.00008139   0.5449   0.9180  9+[ 8, 4, 4]
 338    9    36.684082   16.462091   36.682849    3.324056    0.00001680   0.3007   0.7755  9+[ 8, 2, 4]
 339    9    39.951629   19.729049   39.949807    3.418160    0.00002280   0.3815   0.5340  9+[ 8, 3, 5]
 340    9    40.972003   20.750183   40.970941    3.447020    0.00001297   0.2951   0.7741  9+[ 8, 0, 4]
 341    9    42.553358   22.331195   42.551952    3.491275    0.00001652   0.3459   0.5276  9+[ 8, 1, 5]
 342    9    44.578088   24.356603   44.577361    3.547132    0.00000815   0.2545   0.8044  9+[10, 6, 4]
 343    9    48.947012   28.725572   48.946330    3.664761    0.00000697   0.2585   0.7500  9+[10, 4, 4]
 344    9    51.333456   31.112149   51.332906    3.727446    0.00000536   0.2376   0.7159  9+[10, 2, 4]
 345    9    53.156054   32.934346   53.155104    3.774619    0.00000894   0.3179   0.6553  9+[10, 5, 5]
 346    9    55.998425   35.777041   55.997798    3.847033    0.00000560   0.2650   0.5491  9+[10, 3, 5]
 347    9    56.925340   36.704279   56.925037    3.870354    0.00000266   0.1858   0.5853  9+[12, 8, 4]
 348    9    58.774910   38.553362   58.774120    3.916475    0.00000672   0.3048   0.5966  9+[10, 1, 5]
 349    9    65.118344   44.897031   65.117788    4.070688    0.00000427   0.2690   0.8307  9+[10, 0, 4]
 350    9    65.310340   45.089448   65.310206    4.075264    0.00000103   0.1324   0.7348  9+[12, 6, 4]
 351    9    68.240182   48.019221   68.239978    4.144475    0.00000149   0.1668   0.6823  9+[12, 4, 4]
 352    9    70.172218   49.951276   70.172033    4.189489    0.00000131   0.1609   0.5280  9+[12, 7, 5]
 353    9    75.708715   55.487741   75.708499    4.315884    0.00000143   0.1811   0.7668  9+[12, 5, 5]
 354    9    76.686351   56.465360   76.686118    4.337820    0.00000152   0.1891   0.6707  9+[12, 2, 4]
 355    9    77.938154   57.717091   77.937848    4.365747    0.00000196   0.2183   0.6127  9+[14,10, 4]
 356    9    80.635568   60.414532   80.635289    4.425326    0.00000173   0.2122   0.7719  9+[12, 3, 5]
 357    9    84.924420   64.703369   84.924127    4.518439    0.00000172   0.2229   0.7937  9+[12, 1, 5]
 358   10     4.968523  -15.364544    4.856213    2.211575    0.01130217   1.0504   0.9742  9-[ 5, 1, 4]
 359   10    19.049060   -1.187042   19.033716    2.761361    0.00040274   0.7644   0.9744  9-[ 5, 0, 5]
 360   10    21.718863    1.488006   21.708763    2.853685    0.00023250   0.6623   0.9331  9-[ 7, 3, 4]
 361   10    31.994454   11.771774   31.992531    3.184141    0.00003005   0.3508   0.8696  9-[ 7, 1, 4]
 362   10    34.805434   14.581565   34.802323    3.268726    0.00004469   0.4653   0.8428  9-[ 7, 2, 5]
 363   10    36.890354   16.667487   36.888244    3.330075    0.00002860   0.3945   0.7794  9-[ 7, 0, 5]
 364   10    37.907185   17.684674   37.905431    3.359590    0.00002313   0.3646   0.8857  9-[ 9, 5, 4]
 365   10    41.710684   21.488822   41.709580    3.467762    0.00001324   0.3035   0.7308  9-[ 9, 3, 4]
 366   10    45.854384   25.632631   45.853389    3.581895    0.00001085   0.3021   0.7314  9-[ 9, 1, 4]
 367   10    46.230011   26.008024   46.228781    3.592061    0.00001329   0.3371   0.6087  9-[ 9, 4, 5]
 368   10    50.386071   30.164801   50.385559    3.702688    0.00000508   0.2272   0.6952  9-[11, 7, 4]
 369   10    50.562793   30.341022   50.561780    3.707319    0.00001002   0.3201   0.7389  9-[ 9, 2, 5]
 370   10    52.575569   32.354099   52.574857    3.759659    0.00000678   0.2737   0.6637  9-[ 9, 0, 5]
 371   10    55.825832   35.604777   55.825535    3.842675    0.00000266   0.1823   0.7162  9-[11, 5, 4]
 372   10    59.099563   38.878086   59.098844    3.924515    0.00000608   0.2916   0.5457  9-[11, 6, 5]
 373   10    60.138335   39.917252   60.138009    3.950129    0.00000271   0.1980   0.6447  9-[11, 3, 4]
 374   10    65.557682   45.336685   65.557442    4.081152    0.00000183   0.1772   0.7328  9-[13, 9, 4]
 375   10    66.827918   46.606819   66.827577    4.111259    0.00000255   0.2134   0.6838  9-[11, 4, 5]
 376   10    70.503793   50.282539   70.503296    4.197166    0.00000352   0.2645   0.7751  9-[11, 1, 4]
 377   10    72.664814   52.443930   72.664688    4.246859    0.00000086   0.1351   0.7703  9-[13, 7, 4]
 378   10    73.541053   53.319958   73.540715    4.266844    0.00000230   0.2229   0.7456  9-[11, 2, 5]
 379   10    77.812679   57.591810   77.812568    4.362956    0.00000071   0.1316   0.6837  9-[13, 5, 4]
 380   10    79.111695   58.890633   79.111391    4.391767    0.00000192   0.2193   0.7972  9-[11, 0, 5]
 381   10    79.675002   59.454120   79.674877    4.404202    0.00000078   0.1411   0.5622  9-[13, 8, 5]
 382   10    83.600465   63.379412   83.600170    4.489901    0.00000176   0.2221   0.6894  9-[13, 6, 5]
 383   11    16.427681   -3.813576   16.407182    2.667605    0.00062392   0.8204   0.9840 11+[ 6, 1, 5]
 384   11    31.024889   10.799900   31.020658    3.154440    0.00006818   0.5123   0.9457 11+[ 6, 0, 6]
 385   11    32.868659   12.644592   32.865350    3.210685    0.00005034   0.4664   0.9508 11+[ 8, 3, 5]
 386   11    38.529622   18.307712   38.528470    3.377529    0.00001495   0.2979   0.8120 11+[ 8, 1, 5]
 387   11    43.298836   23.077357   43.298114    3.511944    0.00000834   0.2500   0.7632 11+[ 8, 2, 6]
 388   11    46.622406   26.400268   46.621025    3.602651    0.00001481   0.3588   0.6531 11+[ 8, 0, 6]
 389   11    47.178171   26.956524   47.177281    3.617597    0.00000943   0.2897   0.6794 11+[10, 5, 5]
 390   11    50.835951   30.614681   50.835438    3.714465    0.00000505   0.2284   0.7722 11+[10, 3, 5]
 391   11    53.270197   33.048907   53.269664    3.777554    0.00000500   0.2382   0.7048 11+[10, 1, 5]
 392   11    55.880865   35.659442   55.880200    3.844065    0.00000595   0.2726   0.7304 11+[10, 4, 6]
 393   11    58.051106   37.829622   58.050379    3.898491    0.00000626   0.2904   0.6730 11+[10, 2, 6]
 394   11    61.026209   40.805180   61.025937    3.971891    0.00000223   0.1823   0.8621 11+[12, 7, 5]
 395   11    66.955757   46.734914   66.955672    4.114277    0.00000063   0.1067   0.8108 11+[12, 5, 5]
 396   11    69.100560   48.879474   69.100231    4.164581    0.00000238   0.2131   0.8321 11+[10, 0, 6]
 397   11    71.371384   51.150456   71.371214    4.217187    0.00000119   0.1558   0.7374 11+[12, 3, 5]
 398   11    73.986542   53.765697   73.986455    4.276968    0.00000059   0.1138   0.8016 11+[12, 6, 6]
 399   11    78.741612   58.520623   78.741380    4.383578    0.00000147   0.1909   0.7377 11+[12, 1, 5]
 400   11    79.143222   58.922147   79.142905    4.392464    0.00000201   0.2241   0.6679 11+[12, 4, 6]
 401   11    83.747298   63.526234   83.746992    4.493075    0.00000183   0.2265   0.7787 11+[12, 2, 6]
 402   12     8.815527  -11.440956    8.779802    2.374457    0.00202623   0.7928   0.9938 11-[ 5, 0, 5]
 403   12    24.661149    4.431705   24.652462    2.952089    0.00017612   0.6545   0.9664 11-[ 7, 2, 5]
 404   12    34.390607   14.168638   34.389396    3.256381    0.00001762   0.2887   0.8819 11-[ 7, 0, 5]
 405   12    37.760816   17.537444   37.758202    3.355357    0.00003461   0.4443   0.8852 11-[ 7, 1, 6]
 406   12    40.502936   20.280727   40.501484    3.433783    0.00001792   0.3430   0.9315 11-[ 9, 4, 5]
 407   12    44.768240   24.546652   44.767410    3.552333    0.00000927   0.2726   0.8312 11-[ 9, 2, 5]
 408   12    47.967462   27.746179   47.966937    3.638718    0.00000547   0.2245   0.7537 11-[ 9, 0, 5]
 409   12    49.010646   28.789225   49.009983    3.666446    0.00000677   0.2550   0.7042 11-[ 9, 3, 6]
 410   12    52.346961   32.125193   52.345950    3.753751    0.00000965   0.3252   0.5664 11-[11, 6, 5]
 411   12    52.568278   32.346580   52.567337    3.759471    0.00000895   0.3146   0.5859 11-[ 9, 1, 6]
 412   12    58.718210   38.497211   58.717968    3.915069    0.00000206   0.1684   0.7512 11-[11, 4, 5]
 413   12    61.147199   40.926073   61.146831    3.974847    0.00000301   0.2123   0.6297 11-[11, 5, 6]
 414   12    65.237176   45.016150   65.236908    4.073521    0.00000205   0.1870   0.8464 11-[11, 2, 5]
 415   12    67.791505   47.570605   67.791363    4.133951    0.00000105   0.1389   0.8635 11-[13, 8, 5]
 416   12    70.054708   49.833578   70.054335    4.186765    0.00000266   0.2285   0.7731 11-[11, 3, 6]
 417   12    73.481581   53.260645   73.481403    4.265490    0.00000121   0.1619   0.8215 11-[11, 0, 5]
 418   12    74.523536   54.302691   74.523448    4.289141    0.00000059   0.1141   0.8237 11-[13, 6, 5]
 419   12    76.430762   56.209644   76.430402    4.332096    0.00000236   0.2346   0.8225 11-[11, 1, 6]
 420   12    80.247416   60.026586   80.247344    4.416803    0.00000045   0.1074   0.7503 11-[13, 7, 6]
 421   12    86.251253   66.030238   86.250996    4.546859    0.00000149   0.2108   0.7031 11-[13, 5, 6]
 422   13    20.326579    0.097242   20.317999    2.805918    0.00021103   0.5905   0.9976 13+[ 6, 0, 6]
 423   13    35.588805   15.365290   35.586047    3.291911    0.00003875   0.4431   0.9733 13+[ 8, 2, 6]
 424   13    41.937209   21.715646   41.936404    3.474099    0.00000960   0.2599   0.8894 13+[ 8, 0, 6]
 425   13    45.542339   25.321064   45.541822    3.573427    0.00000567   0.2169   0.7893 13+[ 8, 1, 7]
 426   13    49.171578   28.950354   49.171112    3.670705    0.00000474   0.2140   0.7428 13+[10, 4, 6]
 427   13    52.409899   32.188742   52.409500    3.755379    0.00000381   0.2045   0.7059 13+[10, 2, 6]
 428   13    57.867195   37.646223   57.866981    3.893909    0.00000185   0.1574   0.7960 13+[10, 3, 7]
 429   13    59.755228   39.533587   59.754345    3.940702    0.00000739   0.3248   0.6245 13+[10, 1, 7]
 430   13    62.072081   41.851031   62.071788    3.997374    0.00000236   0.1908   0.7487 13+[10, 0, 6]
 431   13    63.264789   43.043788   63.264545    4.026238    0.00000193   0.1756   0.7434 13+[12, 6, 6]
 432   13    68.229329   48.008502   68.229260    4.144221    0.00000050   0.0970   0.8161 13+[12, 4, 6]
 433   13    73.673062   53.452144   73.672901    4.269846    0.00000109   0.1541   0.8110 13+[12, 2, 6]
 434   13    75.483053   55.262249   75.483006    4.310805    0.00000031   0.0838   0.8512 13+[12, 5, 7]
 435   13    81.642150   61.421127   81.641884    4.447355    0.00000163   0.2082   0.7705 13+[12, 3, 7]
 436   13    87.057225   66.836176   87.056934    4.564036    0.00000167   0.2253   0.7779 13+[12, 1, 7]
 437   14    27.825491    7.598427   27.819184    3.054383    0.00011332   0.5924   0.9885 13-[ 7, 1, 6]
 438   14    40.445498   20.223761   40.444518    3.432159    0.00001211   0.2815   0.8743 13-[ 7, 0, 7]
 439   14    43.161162   22.939453   43.160211    3.508136    0.00001102   0.2866   0.9499 13-[ 9, 3, 6]
 440   14    46.441082   26.219497   46.440254    3.597762    0.00000891   0.2772   0.8714 13-[ 9, 1, 6]
 441   14    52.510137   32.289125   52.509883    3.757969    0.00000242   0.1634   0.8051 13-[ 9, 2, 7]
 442   14    54.416772   34.195005   54.415762    3.806908    0.00000928   0.3316   0.6833 13-[ 9, 0, 7]
 443   14    54.930043   34.708964   54.929722    3.819975    0.00000292   0.1878   0.7002 13-[11, 5, 6]
 444   14    60.687241   40.466302   60.687059    3.963597    0.00000150   0.1487   0.7546 13-[11, 3, 6]
 445   14    65.616912   45.396033   65.616790    4.082561    0.00000093   0.1263   0.7694 13-[11, 4, 7]
 446   14    67.813646   47.592635   67.813393    4.134471    0.00000187   0.1853   0.8510 13-[11, 1, 6]
 447   14    69.816138   49.595281   69.816038    4.181229    0.00000072   0.1182   0.8475 13-[13, 7, 6]
 448   14    74.243159   54.022010   74.242768    4.282789    0.00000263   0.2410   0.7783 13-[11, 2, 7]
 449   14    77.291537   57.070588   77.291346    4.351344    0.00000124   0.1719   0.7687 13-[13, 5, 6]
 450   14    80.054292   59.833294   80.054052    4.412556    0.00000150   0.1963   0.8168 13-[11, 0, 7]
 451   14    83.203116   62.982248   83.203005    4.481301    0.00000067   0.1358   0.8047 13-[13, 6, 7]
 452   15    38.510213   18.287509   38.508267    3.376971    0.00002527   0.3871   0.9875 15+[ 8, 1, 7]
 453   15    49.460653   29.239611   49.460369    3.678343    0.00000288   0.1678   0.8605 15+[ 8, 0, 8]
 454   15    51.325337   31.104162   51.324920    3.727234    0.00000407   0.2070   0.6497 15+[10, 1, 7]
 455   15    54.075424   33.854335   54.075093    3.798193    0.00000307   0.1894   0.7763 15+[10, 3, 7]
 456   15    59.614060   39.393236   59.613994    3.937222    0.00000055   0.0885   0.8253 15+[10, 2, 8]
 457   15    64.970908   44.749977   64.970735    4.067170    0.00000134   0.1502   0.7667 15+[12, 5, 7]
 458   15    69.449866   49.229036   69.449794    4.172716    0.00000052   0.1002   0.7080 15+[12, 3, 7]
 459   15    71.052332   50.831151   71.051909    4.209835    0.00000298   0.2454   0.8386 15+[10, 0, 8]
 460   15    76.199202   55.978277   76.199035    4.326904    0.00000110   0.1596   0.8204 15+[12, 1, 7]
 461   15    77.104215   56.883412   77.104169    4.347163    0.00000030   0.0839   0.8876 15+[12, 4, 8]
 462   15    84.206350   63.985401   84.206159    4.502984    0.00000113   0.1793   0.8062 15+[12, 2, 8]
 463   16    31.369719   11.146294   31.367052    3.165035    0.00004251   0.4091   0.9989 15-[ 7, 0, 7]
 464   16    46.035166   25.813686   46.034444    3.586791    0.00000784   0.2578   0.9580 15-[ 9, 2, 7]
 465   16    47.992301   27.771009   47.991767    3.639381    0.00000556   0.2263   0.8769 15-[ 9, 0, 7]
 466   16    54.776660   34.555715   54.776473    3.816075    0.00000171   0.1432   0.8661 15-[ 9, 1, 8]
 467   16    59.110307   38.889319   59.110077    3.924781    0.00000195   0.1651   0.8616 15-[11, 4, 7]
 468   16    62.838289   42.617353   62.838110    4.015940    0.00000142   0.1499   0.8787 15-[11, 2, 7]
 469   16    68.564197   48.343396   68.564153    4.152058    0.00000032   0.0779   0.8491 15-[11, 3, 8]
 470   16    70.522998   50.302104   70.522862    4.197610    0.00000096   0.1385   0.8840 15-[11, 0, 7]
 471   16    72.371505   52.150697   72.371455    4.240149    0.00000035   0.0854   0.9176 15-[13, 6, 7]
 472   16    77.862204   57.641020   77.861777    4.364058    0.00000274   0.2579   0.8667 15-[11, 1, 8]
 473   16    84.196547   63.975747   84.196505    4.502772    0.00000025   0.0844   0.8440 15-[13, 5, 8]
 474   17    41.995492   21.773926   41.994683    3.475727    0.00000963   0.2606   0.9986 17+[ 8, 0, 8]
 475   17    55.531918   35.311010   55.531768    3.835242    0.00000135   0.1291   0.9331 17+[10, 2, 8]
 476   17    58.559542   38.338482   58.559239    3.911133    0.00000259   0.1884   0.9468 17+[10, 0, 8]
 477   17    61.166574   40.945774   61.166532    3.975321    0.00000035   0.0724   0.8374 17+[10, 1, 9]
 478   17    67.458272   47.237393   67.458151    4.126118    0.00000090   0.1280   0.6826 17+[12, 4, 8]
 479   17    71.101890   50.881097   71.101854    4.210978    0.00000025   0.0707   0.6897 17+[12, 2, 8]
 480   17    78.674826   58.454055   78.674813    4.382099    0.00000009   0.0465   0.9389 17+[12, 3, 9]
 481   17    86.546873   66.325978   86.546735    4.553167    0.00000079   0.1543   0.8259 17+[12, 1, 9]
 482   18    48.950821   28.729510   48.950267    3.664862    0.00000565   0.2328   0.9892 17-[ 9, 1, 8]
 483   18    56.735192   36.514365   56.735123    3.865582    0.00000061   0.0886   0.8706 17-[ 9, 0, 9]
 484   18    61.875138   41.654229   61.874986    3.992588    0.00000123   0.1370   0.8164 17-[11, 3, 8]
 485   18    64.258726   44.037811   64.258569    4.050134    0.00000123   0.1423   0.8418 17-[11, 1, 8]
 486   18    72.690328   52.469535   72.690292    4.247443    0.00000025   0.0724   0.8818 17-[11, 2, 9]
 487   18    76.318654   56.097864   76.318622    4.329583    0.00000021   0.0693   0.8748 17-[13, 5, 8]
 488   18    80.600344   60.379410   80.600167    4.424554    0.00000110   0.1687   0.8646 17-[11, 0, 9]
 489   19    58.128116   37.907251   58.128008    3.900409    0.00000092   0.1117   0.9630 19+[10, 1, 9]
 490   19    68.565282   48.344461   68.565219    4.152084    0.00000046   0.0928   0.7493 19+[10, 0,10]
 491   19    70.807293   50.586469   70.807227    4.204181    0.00000047   0.0969   0.5866 19+[12, 3, 9]
 492   19    72.972345   52.751551   72.972309    4.253884    0.00000025   0.0724   0.7374 19+[12, 3, 9]
 493   19    80.596010   60.375244   80.596002    4.424459    0.00000005   0.0374   0.9618 19+[12, 2,10]
 494   20    51.971290   31.750334   51.971092    3.744022    0.00000191   0.1436   0.9909 19-[ 9, 0, 9]
 495   20    64.743348   44.522510   64.743268    4.061734    0.00000062   0.1019   0.8015 19-[11, 0, 9]
 496   20    66.053222   45.832386   66.053143    4.092924    0.00000060   0.1021   0.7966 19-[11, 2, 9]
 497   20    75.287664   55.066880   75.287638    4.306402    0.00000017   0.0629   0.9842 19-[11, 1,10]
 498   21    61.718888   41.498083   61.718841    3.988786    0.00000038   0.0759   0.9972 21+[10, 0,10]
 499   21    74.305889   54.085123   74.305881    4.284211    0.00000006   0.0354   0.9841 21+[12, 2,10]
 500   21    82.040138   61.819375   82.040133    4.456034    0.00000003   0.0277   0.9867 21+[12, 1,11]
 501   22    68.082390   47.861604   68.082362    4.140777    0.00000021   0.0621   0.9941 21-[11, 1,10]
 502   22    77.224256   57.003490   77.224247    4.349843    0.00000006   0.0368   0.9941 21-[11, 0,11]
 503   23    76.638866   56.418104   76.638861    4.336757    0.00000003   0.0275   1.0000 23+[12, 1,11]
 504   24    70.710873   50.490106   70.710863    4.201953    0.00000007   0.0363   1.0000 23-[11, 0,11]
#all active are  504 q.p. states out of  504
#since the cut off is pwi=  60.0
#check: number of protons =  66.0


 #canonical s.p. energies protons 
 ---------------------------------


  labels -> {2*omega}{parity}[nn=nz+2*nr+nl,nz,nl]
  cqpe   -> canonical q.p. energies
  ce     -> canonical s.p. energies
  fermi energy=  -20.220757574974687     
  average cdelt=   1.2811574081450379     
  k0      ceqp        ce         v*v       u*v        cdel     overl      labels
   1   36.954002   36.954002   0.00000000   0.00000582   0.0007   0.9025  1+[12, 1, 1]
   2   38.426744   38.426744   0.00000000   0.00001273   0.0015   0.8433  1+[12, 2, 0]
   3   30.799150   30.799150   0.00000000   0.00005996   0.0061   0.6457  1+[14,10, 0]
   4   35.507295   35.507294   0.00000001   0.00007333   0.0082   0.8464  1+[12, 3, 1]
   5   25.440056   25.440055   0.00000001   0.00009335   0.0085   0.5662  1+[14,13, 1]
   6   36.406652   36.406651   0.00000001   0.00010854   0.0123   0.8034  1+[12, 4, 0]
   7   22.808940   22.808938   0.00000002   0.00013246   0.0114   0.6844  1+[14,14, 0]
   8   35.379414   35.379412   0.00000002   0.00014822   0.0165   0.6052  1+[14,11, 1]
   9   38.184086   38.184083   0.00000003   0.00017565   0.0205   0.5199  1+[14,10, 0]
  10   31.595714   31.595711   0.00000003   0.00017900   0.0186   0.5592  1+[12, 5, 1]
  11   30.679144   30.679140   0.00000003   0.00018103   0.0184   0.6428  1+[10, 0, 0]
  12   38.624628   38.624620   0.00000006   0.00025306   0.0298   0.6939  1+[12, 6, 0]
  13   41.005395   41.005378   0.00000014   0.00037256   0.0456   0.6504  1+[12, 7, 1]
  14   43.645730   43.645707   0.00000018   0.00042642   0.0545   0.8306  1+[10, 1, 1]
  15   41.950187   41.950160   0.00000022   0.00046659   0.0580   0.7792  1+[10, 2, 0]
  16   47.062885   47.062853   0.00000024   0.00048766   0.0656   0.5175  1+[12,10, 0]
  17   47.332581   47.332521   0.00000044   0.00066255   0.0895   0.5592  1+[12,11, 1]
  18   46.268380   46.268298   0.00000062   0.00078446   0.1043   0.7641  1+[10, 3, 1]
  19   44.210965   44.210880   0.00000066   0.00081209   0.1046   0.6169  1+[12,12, 0]
  20   42.696063   42.695952   0.00000088   0.00093630   0.1178   0.7154  1+[10, 4, 0]
  21   54.609280   54.609117   0.00000109   0.00104229   0.1560   0.4061  1+[12, 9, 1]
  22   36.156361   36.156196   0.00000146   0.00120737   0.1361   0.8390  1+[ 8, 0, 0]
  23   41.562553   41.562356   0.00000159   0.00126142   0.1559   0.3774  1+[12, 8, 0]
  24   42.142575   42.142352   0.00000179   0.00133718   0.1668   0.6884  1+[10, 5, 1]
  25   36.865426   36.865142   0.00000249   0.00157799   0.1802   0.5683  1+[10, 6, 0]
  26   35.013100   35.012591   0.00000460   0.00214564   0.2370   0.5233  1+[10, 9, 1]
  27   33.964833   33.964265   0.00000524   0.00228977   0.2481   0.7353  1+[ 8, 1, 1]
  28   28.492096   28.491505   0.00000607   0.00246369   0.2400   0.7314  1+[ 8, 2, 0]
  29   31.155172   31.154457   0.00000696   0.00263809   0.2711   0.6219  1+[10,10, 0]
  30   36.963059   36.961954   0.00000966   0.00310878   0.3555   0.4385  1+[10, 7, 1]
  31   28.145738   28.144524   0.00001255   0.00354227   0.3427   0.8075  1+[ 8, 3, 1]
  32   21.553004   21.551680   0.00001584   0.00398042   0.3326   0.6406  1+[ 8, 4, 0]
  33   23.254590   23.252928   0.00001912   0.00437231   0.3802   0.4327  1+[10, 8, 0]
  34   15.254955   15.253058   0.00002674   0.00517054   0.3669   0.8964  1+[ 6, 0, 0]
  35   18.435636   18.432965   0.00003455   0.00587801   0.4544   0.6783  1+[ 8, 5, 1]
  36   13.187214   13.183577   0.00005443   0.00737740   0.4929   0.6624  1+[ 8, 8, 0]
  37   14.787317   14.781864   0.00007788   0.00882447   0.6179   0.5271  1+[ 8, 7, 1]
  38   10.121118   10.115621   0.00009058   0.00951695   0.5775   0.8918  1+[ 6, 1, 1]
  39    4.037900    4.031698   0.00012783   0.01130541   0.5485   0.8269  1+[ 6, 2, 0]
  40    3.847528    3.838483   0.00018791   0.01370680   0.6598   0.5075  1+[ 8, 6, 0]
  41    0.210656    0.195538   0.00036998   0.01923133   0.7858   0.8398  1+[ 6, 3, 1]
  42   -6.158073   -6.180839   0.00080942   0.02843879   0.7999   0.6905  1+[ 6, 4, 0]
  43   -8.911436   -8.949375   0.00167733   0.04092090   0.9256   0.6350  1+[ 6, 5, 1]
  44  -13.339005  -13.379794   0.00296361   0.05435828   0.7482   0.9400  1+[ 4, 0, 0]
  45  -16.332429  -16.454778   0.01573289   0.12444022   0.9677   0.6046  1+[ 6, 6, 0]
  46  -18.709660  -19.323641   0.20315739   0.40234869   1.2160   0.9226  1+[ 4, 1, 1]
  47  -14.470033  -25.847913   0.98925624   0.10309381   1.1857   0.8697  1+[ 4, 2, 0]
  48   -9.799226  -30.569905   0.99652719   0.05882809   1.2262   0.8058  1+[ 4, 3, 1]
  49   -3.849402  -36.543332   0.99851017   0.03856957   1.2629   0.7720  1+[ 4, 4, 0]
  50    3.145660  -43.552137   0.99925026   0.02737113   1.2791   0.9293  1+[ 2, 0, 0]
  51    9.444920  -49.848310   0.99935741   0.02534113   1.5035   0.9305  1+[ 2, 1, 1]
  52   16.248114  -56.658800   0.99957732   0.02055490   1.4992   0.9302  1+[ 2, 2, 0]
  53   27.667257  -68.088222   0.99978543   0.01464671   1.4028   0.9794  1+[ 0, 0, 0]
  54   35.794934   35.794934   0.00000000   0.00001721   0.0019   0.9250  1-[11, 0, 1]
  55   37.406955   37.406955   0.00000000   0.00002812   0.0032   0.8015  1-[13, 5, 0]
  56   28.432883   28.432883   0.00000000   0.00003970   0.0039   0.7773  1-[15,14, 1]
  57   34.864067   34.864066   0.00000000   0.00006485   0.0071   0.7399  1-[13, 6, 1]
  58   34.833684   34.833683   0.00000001   0.00010118   0.0111   0.6036  1-[11, 1, 0]
  59   31.228497   31.228496   0.00000002   0.00012438   0.0128   0.6546  1-[11, 1, 0]
  60   31.929345   31.929343   0.00000003   0.00016020   0.0167   0.8048  1-[11, 2, 1]
  61   33.504687   33.504684   0.00000003   0.00016767   0.0180   0.5542  1-[13,10, 1]
  62   35.743631   35.743626   0.00000004   0.00020759   0.0232   0.6448  1-[13,11, 0]
  63   34.846639   34.846632   0.00000007   0.00025972   0.0286   0.8634  1-[11, 3, 0]
  64   45.460200   45.460189   0.00000008   0.00028616   0.0376   0.4980  1-[13,12, 1]
  65   23.029723   23.029715   0.00000010   0.00031191   0.0270   0.7680  1-[13,13, 0]
  66   39.110462   39.110446   0.00000013   0.00036646   0.0435   0.8153  1-[11, 4, 1]
  67   49.060607   49.060578   0.00000021   0.00045476   0.0630   0.5712  1-[13, 9, 0]
  68   39.908533   39.908501   0.00000027   0.00051710   0.0622   0.7665  1-[ 9, 0, 1]
  69   45.620428   45.620392   0.00000027   0.00052113   0.0686   0.3638  1-[ 9, 0, 1]
  70   46.103335   46.103298   0.00000028   0.00052519   0.0697   0.6050  1-[11, 5, 0]
  71   46.086024   46.085948   0.00000058   0.00075908   0.1007   0.6652  1-[11, 6, 1]
  72   42.131581   42.131488   0.00000074   0.00086251   0.1076   0.6047  1-[ 9, 1, 0]
  73   42.964031   42.963903   0.00000101   0.00100404   0.1269   0.5857  1-[ 9, 1, 0]
  74   38.813700   38.813532   0.00000142   0.00119370   0.1409   0.7656  1-[ 9, 2, 1]
  75   42.957799   42.957590   0.00000165   0.00128566   0.1625   0.6115  1-[11,10, 1]
  76   39.734938   39.734664   0.00000228   0.00151073   0.1812   0.6937  1-[11,11, 0]
  77   37.525917   37.525586   0.00000286   0.00169188   0.1954   0.8130  1-[ 9, 3, 0]
  78   47.049179   47.048715   0.00000345   0.00185707   0.2499   0.4301  1-[11, 8, 1]
  79   34.918383   34.917877   0.00000459   0.00214257   0.2363   0.7436  1-[ 9, 4, 1]
  80   32.763755   32.763150   0.00000571   0.00238957   0.2532   0.4302  1-[11, 7, 0]
  81   29.226500   29.225851   0.00000656   0.00256164   0.2533   0.5765  1-[ 9, 5, 0]
  82   27.166319   27.165656   0.00000700   0.00264527   0.2507   0.8516  1-[ 7, 0, 1]
  83   26.748885   26.747706   0.00001255   0.00354273   0.3328   0.5904  1-[ 9, 8, 1]
  84   21.097459   21.096163   0.00001568   0.00396031   0.3273   0.6694  1-[ 7, 1, 0]
  85   23.439859   23.438075   0.00002043   0.00451939   0.3946   0.5683  1-[ 7, 1, 0]
  86   23.240280   23.238046   0.00002571   0.00507021   0.4407   0.5292  1-[ 7, 2, 1]
  87   21.764932   21.762412   0.00003001   0.00547798   0.4600   0.6467  1-[ 7, 2, 1]
  88   13.637594   13.634276   0.00004900   0.00699953   0.4740   0.7342  1-[ 7, 3, 0]
  89   13.710649   13.706709   0.00005806   0.00761936   0.5171   0.4326  1-[ 9, 7, 0]
  90    9.300971    9.295045   0.00010035   0.01001718   0.5914   0.7341  1-[ 7, 4, 1]
  91    2.351327    2.344406   0.00015329   0.01238004   0.5589   0.8837  1-[ 5, 0, 1]
  92    3.315413    3.307081   0.00017700   0.01330309   0.6262   0.6044  1-[ 7, 5, 0]
  93    3.031736    3.018686   0.00028061   0.01674916   0.7789   0.6077  1-[ 7, 7, 0]
  94   -4.963071   -4.979814   0.00054868   0.02341745   0.7146   0.9309  1-[ 5, 1, 0]
  95   -6.280998   -6.304706   0.00085038   0.02914882   0.8127   0.5155  1-[ 7, 5, 0]
  96   -9.812294   -9.855571   0.00207892   0.04554776   0.9482   0.8937  1-[ 5, 2, 1]
  97  -16.040898  -16.164766   0.01481722   0.12082080   1.0100   0.7808  1-[ 5, 3, 0]
  98  -19.062239  -19.935248   0.37677802   0.48457852   1.1228   0.6674  1-[ 5, 4, 1]
  99  -13.950682  -26.387667   0.99177316   0.09032805   1.1327   0.6882  1-[ 5, 5, 0]
 100  -12.485324  -27.870327   0.99444993   0.07429179   1.1494   0.9479  1-[ 3, 0, 1]
 101   -5.261863  -35.115482   0.99785511   0.04626328   1.3841   0.9217  1-[ 3, 1, 0]
 102    0.734599  -41.131368   0.99893234   0.03265760   1.3687   0.9029  1-[ 3, 2, 1]
 103    5.748294  -46.153448   0.99929991   0.02644990   1.3738   0.8201  1-[ 3, 3, 0]
 104   22.375188  -62.786143   0.99964128   0.01893650   1.6132   0.9164  1-[ 1, 1, 0]
 105   17.357405  -57.774374   0.99967340   0.01806920   1.3580   0.9585  1-[ 1, 0, 1]
 106   36.833677   36.833677   0.00000000   0.00000535   0.0006   0.9074  3+[12, 1, 1]
 107   37.983678   37.983678   0.00000000   0.00001775   0.0021   0.8249  3+[12, 2, 2]
 108   29.283420   29.283419   0.00000000   0.00006613   0.0065   0.5825  3+[14,10, 2]
 109   35.322009   35.322008   0.00000001   0.00007319   0.0081   0.8475  3+[12, 3, 1]
 110   25.288930   25.288929   0.00000001   0.00009409   0.0086   0.5675  3+[14,13, 1]
 111   35.539543   35.539542   0.00000001   0.00011938   0.0133   0.7657  3+[12, 4, 2]
 112   35.610116   35.610114   0.00000002   0.00014834   0.0166   0.5933  3+[14,11, 1]
 113   39.497437   39.497434   0.00000002   0.00015714   0.0188   0.5876  3+[14,10, 2]
 114   33.273310   33.273306   0.00000003   0.00017984   0.0192   0.7517  3+[12, 5, 1]
 115   27.993345   27.993341   0.00000004   0.00019404   0.0187   0.8474  3+[10, 0, 2]
 116   40.413604   40.413595   0.00000008   0.00027797   0.0337   0.6985  3+[12, 6, 2]
 117   40.106143   40.106126   0.00000014   0.00037539   0.0453   0.6487  3+[12, 7, 1]
 118   42.973894   42.973871   0.00000018   0.00042663   0.0539   0.8309  3+[10, 1, 1]
 119   45.329980   45.329948   0.00000024   0.00049434   0.0648   0.5889  3+[10, 2, 2]
 120   48.579647   48.579605   0.00000031   0.00055375   0.0762   0.4751  3+[10, 2, 2]
 121   45.634586   45.634527   0.00000045   0.00067230   0.0885   0.5623  3+[12,11, 1]
 122   44.985867   44.985786   0.00000062   0.00078847   0.1028   0.7588  3+[10, 3, 1]
 123   53.561225   53.561081   0.00000097   0.00098604   0.1455   0.3981  3+[12,10, 2]
 124   47.331054   47.330903   0.00000112   0.00105596   0.1427   0.6739  3+[10, 4, 2]
 125   42.303221   42.303034   0.00000149   0.00122139   0.1527   0.4206  3+[12, 7, 1]
 126   36.906867   36.906670   0.00000173   0.00131395   0.1501   0.8364  3+[ 8, 0, 2]
 127   40.686552   40.686328   0.00000184   0.00135683   0.1653   0.6958  3+[10, 5, 1]
 128   39.228566   39.228196   0.00000311   0.00176472   0.2098   0.5698  3+[10, 6, 2]
 129   32.741901   32.741393   0.00000480   0.00219130   0.2321   0.6891  3+[ 8, 1, 1]
 130   33.193338   33.192764   0.00000538   0.00231921   0.2478   0.5688  3+[ 8, 1, 1]
 131   30.034187   30.033467   0.00000716   0.00267528   0.2689   0.8151  3+[ 8, 2, 2]
 132   39.787863   39.786773   0.00000908   0.00301342   0.3617   0.5458  3+[10, 8, 2]
 133   25.773210   25.772023   0.00001291   0.00359264   0.3305   0.8229  3+[ 8, 3, 1]
 134   24.998458   24.996893   0.00001730   0.00415907   0.3761   0.5094  3+[10, 7, 1]
 135   22.190256   22.188522   0.00002044   0.00452143   0.3835   0.7134  3+[ 8, 4, 2]
 136   16.779014   16.776611   0.00003247   0.00569804   0.4217   0.8951  3+[ 6, 0, 2]
 137   16.100144   16.097351   0.00003846   0.00620158   0.4505   0.6770  3+[ 8, 5, 1]
 138   18.250670   18.245434   0.00006805   0.00824915   0.6347   0.6899  3+[ 8, 6, 2]
 139    8.579521    8.573856   0.00009834   0.00991613   0.5712   0.9350  3+[ 6, 1, 1]
 140    4.947233    4.938964   0.00016428   0.01281609   0.6451   0.5812  3+[ 6, 2, 2]
 141    4.835995    4.827068   0.00017814   0.01334570   0.6688   0.6740  3+[ 6, 2, 2]
 142   -2.266147   -2.283164   0.00047389   0.02176386   0.7815   0.8485  3+[ 6, 3, 1]
 143   -4.728184   -4.755851   0.00089292   0.02986839   0.9255   0.7823  3+[ 6, 4, 2]
 144  -12.979758  -13.032382   0.00363372   0.06017072   0.8714   0.9516  3+[ 4, 0, 2]
 145  -14.802706  -14.891125   0.00815969   0.08996168   0.9748   0.7480  3+[ 6, 5, 1]
 146  -18.717092  -21.112005   0.79635822   0.40270560   1.2111   0.9216  3+[ 4, 1, 1]
 147  -14.687827  -25.620364   0.98795182   0.10910097   1.2073   0.9023  3+[ 4, 2, 2]
 148   -6.440926  -33.944101   0.99795032   0.04522701   1.2464   0.8684  3+[ 4, 3, 1]
 149    4.056788  -44.464070   0.99929497   0.02654303   1.2888   0.9324  3+[ 2, 0, 2]
 150   10.887479  -51.292777   0.99941790   0.02411983   1.5007   0.9096  3+[ 2, 1, 1]
 151   35.609188   35.609188   0.00000000   0.00001600   0.0018   0.9238  3-[11, 0, 1]
 152   36.396392   36.396392   0.00000000   0.00003795   0.0043   0.7865  3-[13, 5, 2]
 153   28.313238   28.313238   0.00000000   0.00003982   0.0039   0.7758  3-[15,14, 1]
 154   34.643815   34.643815   0.00000000   0.00006480   0.0071   0.7387  3-[13, 6, 1]
 155   34.181231   34.181230   0.00000001   0.00012194   0.0133   0.5353  3-[13, 7, 2]
 156   30.341496   30.341495   0.00000002   0.00012938   0.0131   0.8515  3-[11, 1, 2]
 157   31.576918   31.576915   0.00000003   0.00016030   0.0166   0.7923  3-[11, 2, 1]
 158   33.119348   33.119345   0.00000003   0.00016787   0.0179   0.5465  3-[13,10, 1]
 159   35.875522   35.875517   0.00000004   0.00020875   0.0234   0.6625  3-[13,11, 2]
 160   35.973857   35.973849   0.00000008   0.00027898   0.0314   0.8689  3-[11, 3, 2]
 161   44.775610   44.775600   0.00000008   0.00028776   0.0374   0.4986  3-[13,12, 1]
 162   38.522129   38.522113   0.00000013   0.00036667   0.0431   0.8143  3-[11, 4, 1]
 163   49.865442   49.865416   0.00000018   0.00042730   0.0599   0.6293  3-[13, 9, 2]
 164   37.791927   37.791896   0.00000026   0.00051378   0.0596   0.8371  3-[ 9, 0, 1]
 165   48.621008   48.620970   0.00000028   0.00052443   0.0722   0.4924  3-[13,10, 1]
 166   48.495398   48.495349   0.00000036   0.00059718   0.0821   0.7093  3-[11, 5, 2]
 167   44.564454   44.564379   0.00000058   0.00076283   0.0988   0.6563  3-[11, 6, 1]
 168   46.549962   46.549820   0.00000106   0.00102950   0.1375   0.5556  3-[11, 9, 2]
 169   42.988459   42.988313   0.00000116   0.00107570   0.1360   0.8184  3-[ 9, 1, 2]
 170   37.818034   37.817867   0.00000144   0.00119933   0.1392   0.7627  3-[ 9, 2, 1]
 171   40.971438   40.971230   0.00000170   0.00130395   0.1596   0.6169  3-[11,10, 1]
 172   44.871757   44.871356   0.00000308   0.00175529   0.2285   0.5332  3-[ 9, 3, 2]
 173   43.573878   43.573445   0.00000339   0.00184153   0.2350   0.6256  3-[ 9, 3, 2]
 174   32.927287   32.926794   0.00000463   0.00215197   0.2287   0.7008  3-[ 9, 4, 1]
 175   34.262193   34.261578   0.00000564   0.00237492   0.2588   0.4929  3-[11, 8, 1]
 176   26.558745   26.558095   0.00000695   0.00263643   0.2467   0.8874  3-[ 7, 0, 1]
 177   30.884183   30.883344   0.00000821   0.00286484   0.2928   0.6803  3-[ 9, 5, 2]
 178   24.545081   24.543848   0.00001377   0.00371114   0.3323   0.6515  3-[ 9, 8, 1]
 179   23.942478   23.940562   0.00002169   0.00465741   0.4114   0.8849  3-[ 7, 1, 2]
 180   28.705138   28.702759   0.00002432   0.00493102   0.4825   0.5925  3-[ 9, 7, 2]
 181   17.314533   17.312224   0.00003076   0.00554611   0.4163   0.7978  3-[ 7, 2, 1]
 182   14.941285   14.937643   0.00005179   0.00719613   0.5061   0.5014  3-[ 9, 8, 1]
 183   13.988367   13.984491   0.00005665   0.00752627   0.5149   0.7700  3-[ 7, 3, 2]
 184    6.857890    6.851604   0.00011607   0.01077290   0.5834   0.7363  3-[ 7, 4, 1]
 185    1.493574    1.486235   0.00016897   0.01299794   0.5645   0.9047  3-[ 5, 0, 1]
 186    6.410624    6.399235   0.00021383   0.01462148   0.7788   0.7286  3-[ 7, 5, 2]
 187   -4.856680   -4.878189   0.00069996   0.02644756   0.8127   0.6300  3-[ 7, 6, 1]
 188   -4.482676   -4.508180   0.00081026   0.02845345   0.8956   0.8600  3-[ 5, 1, 2]
 189  -11.946270  -12.000148   0.00325567   0.05696554   0.9427   0.8786  3-[ 5, 2, 1]
 190  -15.303015  -15.415391   0.01142554   0.10627791   1.0453   0.8208  3-[ 5, 3, 2]
 191  -15.813957  -24.479105   0.98315636   0.12868541   1.1342   0.8155  3-[ 5, 4, 1]
 192  -10.904399  -29.465978   0.99618208   0.06167124   1.1491   0.9471  3-[ 3, 0, 1]
 193   -4.926035  -35.453793   0.99798338   0.04486147   1.3723   0.9505  3-[ 3, 1, 2]
 194    3.326043  -43.726684   0.99913205   0.02944815   1.3868   0.9339  3-[ 3, 2, 1]
 195   17.854064  -58.271891   0.99968894   0.01763427   1.3428   0.9801  3-[ 1, 0, 1]
 196   35.124808   35.124808   0.00000000   0.00001249   0.0014   0.8690  5+[12, 1, 3]
 197   37.457426   37.457425   0.00000000   0.00001691   0.0020   0.8173  5+[12, 2, 2]
 198   28.876800   28.876800   0.00000000   0.00006642   0.0065   0.5820  5+[14,10, 2]
 199   35.870178   35.870177   0.00000001   0.00008187   0.0092   0.8292  5+[12, 3, 3]
 200   35.467906   35.467904   0.00000001   0.00011023   0.0123   0.8139  5+[14,11, 3]
 201   34.866030   34.866028   0.00000001   0.00011936   0.0132   0.7628  5+[12, 4, 2]
 202   39.461601   39.461598   0.00000002   0.00015771   0.0188   0.5989  5+[14,10, 2]
 203   34.923375   34.923371   0.00000004   0.00019228   0.0212   0.7027  5+[12, 5, 3]
 204   27.555385   27.555382   0.00000004   0.00019725   0.0188   0.8453  5+[10, 0, 2]
 205   39.090429   39.090420   0.00000008   0.00028080   0.0333   0.6981  5+[12, 6, 2]
 206   44.683779   44.683759   0.00000015   0.00039010   0.0506   0.5995  5+[12, 7, 3]
 207   47.478873   47.478843   0.00000021   0.00046349   0.0628   0.7940  5+[10, 1, 3]
 208   42.930095   42.930064   0.00000025   0.00049802   0.0629   0.6339  5+[10, 2, 2]
 209   46.563328   46.563286   0.00000031   0.00056050   0.0749   0.4264  5+[12,10, 2]
 210   48.138793   48.138699   0.00000069   0.00082797   0.1132   0.7800  5+[10, 3, 3]
 211   56.189064   56.188937   0.00000083   0.00091262   0.1395   0.5576  5+[12, 9, 3]
 212   42.300654   42.300513   0.00000113   0.00106286   0.1329   0.6786  5+[10, 4, 2]
 213   44.311056   44.310881   0.00000135   0.00116269   0.1501   0.5274  5+[12, 8, 2]
 214   35.137523   35.137327   0.00000176   0.00132739   0.1470   0.8389  5+[ 8, 0, 2]
 215   42.950785   42.950536   0.00000197   0.00140407   0.1774   0.6681  5+[10, 5, 3]
 216   35.700591   35.700206   0.00000344   0.00185342   0.2073   0.5807  5+[10, 8, 2]
 217   35.145157   35.144498   0.00000596   0.00244081   0.2703   0.8747  5+[ 8, 1, 3]
 218   36.524698   36.523839   0.00000756   0.00275017   0.3121   0.5169  5+[ 8, 2, 2]
 219   33.128432   33.127583   0.00000796   0.00282078   0.3010   0.6262  5+[ 8, 2, 2]
 220   26.978105   26.976932   0.00001242   0.00352376   0.3326   0.8345  5+[ 8, 3, 3]
 221   26.164217   26.162799   0.00001529   0.00391053   0.3628   0.5508  5+[10, 8, 2]
 222   18.831331   18.829487   0.00002361   0.00485856   0.3795   0.7260  5+[ 8, 4, 2]
 223   14.573605   14.571014   0.00003724   0.00610237   0.4247   0.9001  5+[ 6, 0, 2]
 224   21.383986   21.379532   0.00005353   0.00731630   0.6088   0.7884  5+[ 8, 5, 3]
 225    9.840359    9.834534   0.00009689   0.00984271   0.5918   0.9304  5+[ 6, 1, 3]
 226    6.572729    6.565196   0.00014057   0.01185536   0.6353   0.7063  5+[ 8, 6, 2]
 227    1.435565    1.425694   0.00022789   0.01509416   0.6538   0.8820  5+[ 6, 2, 2]
 228    0.002944   -0.016398   0.00047821   0.02186271   0.8843   0.8893  5+[ 6, 3, 3]
 229  -12.566344  -12.622759   0.00368514   0.06059339   0.9276   0.8458  5+[ 6, 4, 2]
 230  -16.115933  -16.207582   0.01116357   0.10506640   0.8626   0.9440  5+[ 4, 0, 2]
 231  -18.965536  -20.504372   0.61297396   0.48706969   1.2228   0.9510  5+[ 4, 1, 3]
 232   -9.343060  -31.027666   0.99674613   0.05694980   1.2390   0.9418  5+[ 4, 2, 2]
 233    6.674194  -47.085634   0.99944089   0.02363895   1.2715   0.9790  5+[ 2, 0, 2]
 234   34.442026   34.442026   0.00000000   0.00002655   0.0029   0.9024  5-[11, 0, 3]
 235   36.137819   36.137818   0.00000000   0.00003776   0.0043   0.7903  5-[13, 5, 2]
 236   33.819822   33.819821   0.00000001   0.00007323   0.0079   0.7052  5-[13, 6, 3]
 237   33.472024   33.472023   0.00000002   0.00012288   0.0132   0.5355  5-[13, 7, 2]
 238   29.890159   29.890157   0.00000002   0.00012997   0.0130   0.8460  5-[11, 1, 2]
 239   35.900543   35.900540   0.00000003   0.00016867   0.0189   0.5540  5-[13,10, 3]
 240   35.333653   35.333649   0.00000003   0.00017764   0.0197   0.7883  5-[11, 2, 3]
 241   34.815698   34.815693   0.00000004   0.00020990   0.0231   0.6625  5-[13,11, 2]
 242   34.936060   34.936051   0.00000008   0.00028098   0.0310   0.8671  5-[11, 3, 2]
 243   49.626375   49.626354   0.00000015   0.00038914   0.0544   0.6216  5-[13, 8, 3]
 244   43.747472   43.747452   0.00000016   0.00039882   0.0510   0.7772  5-[11, 4, 3]
 245   45.523308   45.523282   0.00000020   0.00044620   0.0587   0.6077  5-[13, 9, 2]
 246   41.016716   41.016678   0.00000031   0.00055715   0.0682   0.8187  5-[ 9, 0, 3]
 247   46.083716   46.083667   0.00000037   0.00060808   0.0806   0.7041  5-[11, 5, 2]
 248   48.058817   48.058728   0.00000065   0.00080461   0.1099   0.6127  5-[11, 6, 3]
 249   43.074075   43.073931   0.00000114   0.00106585   0.1349   0.5182  5-[11, 9, 2]
 250   41.177517   41.177374   0.00000117   0.00107936   0.1325   0.7630  5-[ 9, 1, 2]
 251   40.903817   40.903597   0.00000180   0.00134203   0.1641   0.8025  5-[ 9, 2, 3]
 252   50.893295   50.892906   0.00000274   0.00165390   0.2352   0.5971  5-[11, 8, 3]
 253   36.266895   36.266501   0.00000349   0.00186698   0.2109   0.8091  5-[ 9, 3, 2]
 254   35.619278   35.618735   0.00000486   0.00220430   0.2462   0.4448  5-[11, 9, 2]
 255   34.821887   34.821319   0.00000516   0.00227167   0.2501   0.6353  5-[ 9, 4, 3]
 256   28.699016   28.698220   0.00000814   0.00285355   0.2792   0.8842  5-[ 7, 0, 3]
 257   27.444741   27.443858   0.00000926   0.00304262   0.2901   0.6754  5-[ 9, 5, 2]
 258   31.513127   31.511053   0.00002004   0.00447681   0.4632   0.7193  5-[ 9, 6, 3]
 259   21.715543   21.713486   0.00002452   0.00495159   0.4153   0.9114  5-[ 7, 1, 2]
 260   18.495818   18.493341   0.00003200   0.00565664   0.4380   0.8617  5-[ 7, 2, 3]
 261   16.368849   16.365577   0.00004471   0.00668677   0.4893   0.6317  5-[ 9, 7, 2]
 262   10.359823   10.355636   0.00006846   0.00827379   0.5060   0.8329  5-[ 7, 3, 2]
 263    9.416838    9.408445   0.00014159   0.01189814   0.7053   0.8150  5-[ 7, 4, 3]
 264    2.544461    2.534957   0.00020874   0.01444643   0.6578   0.8935  5-[ 5, 0, 3]
 265   -3.067735   -3.085850   0.00052805   0.02297322   0.7881   0.7816  5-[ 7, 5, 2]
 266   -7.648188   -7.679162   0.00123182   0.03507562   0.8820   0.9399  5-[ 5, 1, 2]
 267  -10.401728  -10.457333   0.00283149   0.05313638   1.0435   0.9174  5-[ 5, 2, 3]
 268  -18.325724  -21.790982   0.91429995   0.27992062   1.0609   0.8950  5-[ 5, 3, 2]
 269  -10.657773  -29.713454   0.99632497   0.06051051   1.1573   0.9733  5-[ 3, 0, 3]
 270   -0.939295  -39.451704   0.99869003   0.03616973   1.3948   0.9558  5-[ 3, 1, 2]
 271   34.478861   34.478861   0.00000000   0.00001116   0.0012   0.8765  7+[12, 1, 3]
 272   37.950420   37.950420   0.00000000   0.00003713   0.0043   0.8451  7+[12, 2, 4]
 273   34.970970   34.970970   0.00000001   0.00008159   0.0090   0.8265  7+[12, 3, 3]
 274   39.869796   39.869795   0.00000001   0.00010701   0.0129   0.8137  7+[14,10, 4]
 275   34.296427   34.296425   0.00000001   0.00011090   0.0121   0.7904  7+[14,11, 3]
 276   37.088752   37.088749   0.00000002   0.00013404   0.0154   0.7657  7+[12, 4, 4]
 277   33.534006   33.534002   0.00000004   0.00019289   0.0207   0.7019  7+[12, 5, 3]
 278   29.573179   29.573175   0.00000004   0.00020175   0.0201   0.8799  7+[10, 0, 4]
 279   45.205186   45.205173   0.00000010   0.00031101   0.0407   0.6869  7+[12, 6, 4]
 280   42.207937   42.207917   0.00000016   0.00039872   0.0498   0.5955  7+[12, 7, 3]
 281   44.542497   44.542470   0.00000021   0.00045535   0.0590   0.7830  7+[10, 1, 3]
 282   48.563022   48.562974   0.00000034   0.00058521   0.0805   0.7873  7+[10, 2, 4]
 283   57.846004   57.845900   0.00000067   0.00081840   0.1278   0.6248  7+[12, 8, 4]
 284   44.638656   44.638561   0.00000073   0.00085238   0.1106   0.7719  7+[10, 3, 3]
 285   44.738817   44.738676   0.00000108   0.00104056   0.1352   0.5608  7+[12, 9, 3]
 286   46.463582   46.463412   0.00000128   0.00112967   0.1507   0.7449  7+[10, 4, 4]
 287   38.583830   38.583585   0.00000207   0.00144042   0.1694   0.8475  7+[ 8, 0, 4]
 288   38.272625   38.272362   0.00000224   0.00149780   0.1752   0.6452  7+[10, 5, 3]
 289   43.662799   43.662031   0.00000601   0.00245206   0.3133   0.7097  7+[10, 6, 4]
 290   32.415219   32.414552   0.00000633   0.00251671   0.2649   0.8723  7+[ 8, 1, 3]
 291   31.884204   31.883333   0.00000836   0.00289220   0.3014   0.8363  7+[ 8, 2, 4]
 292   27.048016   27.046840   0.00001244   0.00352738   0.3335   0.6009  7+[10, 7, 3]
 293   23.060503   23.059183   0.00001525   0.00390507   0.3380   0.7699  7+[ 8, 3, 3]
 294   16.761137   16.758686   0.00003313   0.00575619   0.4257   0.8346  7+[ 6, 0, 4]
 295   22.737429   22.733828   0.00004192   0.00647427   0.5562   0.7364  7+[ 8, 4, 4]
 296    8.354861    8.348828   0.00010556   0.01027369   0.5872   0.7515  7+[ 8, 5, 3]
 297    5.764468    5.757587   0.00013242   0.01150642   0.5980   0.8579  7+[ 6, 1, 3]
 298    4.606145    4.591216   0.00030066   0.01733707   0.8609   0.9336  7+[ 6, 2, 4]
 299   -9.765853   -9.802784   0.00176620   0.04198906   0.8780   0.9111  7+[ 6, 3, 3]
 300  -14.772327  -14.867294   0.00871509   0.09294694   1.0128   0.9746  7+[ 4, 0, 4]
 301  -13.022658  -27.309171   0.99238090   0.08695429   1.2518   0.9724  7+[ 4, 1, 3]
 302   33.658563   33.658563   0.00000000   0.00002485   0.0027   0.9033  7-[11, 0, 3]
 303   37.210605   37.210605   0.00000000   0.00004643   0.0053   0.7531  7-[13, 5, 4]
 304   33.130254   33.130253   0.00000001   0.00007378   0.0079   0.7055  7-[13, 6, 3]
 305   32.770211   32.770209   0.00000002   0.00013456   0.0143   0.8727  7-[11, 1, 4]
 306   41.311848   41.311845   0.00000002   0.00014055   0.0173   0.5440  7-[13, 7, 4]
 307   34.678646   34.678643   0.00000003   0.00016948   0.0186   0.5576  7-[13,10, 3]
 308   33.912695   33.912692   0.00000003   0.00018037   0.0195   0.7939  7-[11, 2, 3]
 309   40.165731   40.165721   0.00000008   0.00028828   0.0348   0.8683  7-[11, 3, 4]
 310   52.908652   52.908634   0.00000013   0.00035471   0.0519   0.6744  7-[13, 9, 4]
 311   39.974679   39.974660   0.00000016   0.00040428   0.0487   0.7918  7-[11, 4, 3]
 312   46.483564   46.483542   0.00000017   0.00041230   0.0550   0.5389  7-[13, 8, 3]
 313   38.239748   38.239712   0.00000031   0.00055559   0.0650   0.8138  7-[ 9, 0, 3]
 314   50.602086   50.602027   0.00000042   0.00064705   0.0917   0.6863  7-[11, 5, 4]
 315   43.793283   43.793192   0.00000071   0.00084305   0.1079   0.6070  7-[11, 6, 3]
 316   45.049361   45.049195   0.00000127   0.00112715   0.1471   0.8338  7-[ 9, 1, 4]
 317   37.337124   37.336894   0.00000200   0.00141262   0.1626   0.8004  7-[ 9, 2, 3]
 318   52.740541   52.740220   0.00000220   0.00148413   0.2166   0.6594  7-[11, 7, 4]
 319   39.361496   39.361104   0.00000329   0.00181401   0.2162   0.8110  7-[ 9, 3, 4]
 320   36.807487   36.807023   0.00000407   0.00201741   0.2301   0.5821  7-[11, 8, 3]
 321   30.360281   30.359680   0.00000594   0.00243790   0.2466   0.7512  7-[ 9, 4, 3]
 322   25.676381   25.675552   0.00000903   0.00300537   0.2759   0.8833  7-[ 7, 0, 3]
 323   34.698268   34.696548   0.00001566   0.00395759   0.4347   0.7931  7-[ 9, 5, 4]
 324   22.836586   22.834791   0.00002085   0.00456608   0.3932   0.9071  7-[ 7, 1, 4]
 325   16.877497   16.874936   0.00003452   0.00587500   0.4359   0.6159  7-[ 9, 6, 3]
 326   15.178164   15.175182   0.00004212   0.00649012   0.4595   0.7350  7-[ 7, 2, 3]
 327   14.795156   14.788106   0.00010067   0.01003277   0.7026   0.9036  7-[ 7, 3, 4]
 328   -2.439203   -2.449003   0.00027556   0.01659774   0.5903   0.8637  7-[ 5, 0, 3]
 329   -1.100353   -1.115408   0.00039369   0.01983782   0.7586   0.7684  7-[ 7, 4, 3]
 330   -5.421037   -5.459430   0.00129710   0.03599191   1.0653   0.9571  7-[ 5, 1, 4]
 331  -18.409710  -18.743207   0.09207299   0.28912895   1.0473   0.9463  7-[ 5, 2, 3]
 332   -5.189740  -35.205989   0.99847695   0.03899656   1.1723   0.9831  7-[ 3, 0, 3]
 333   37.144540   37.144540   0.00000000   0.00001812   0.0021   0.8740  9+[12, 1, 5]
 334   36.719813   36.719813   0.00000000   0.00003642   0.0041   0.8445  9+[12, 2, 4]
 335   38.752289   38.752288   0.00000001   0.00009262   0.0109   0.8164  9+[12, 3, 5]
 336   38.330096   38.330095   0.00000001   0.00010798   0.0126   0.8257  9+[14,10, 4]
 337   35.528606   35.528604   0.00000002   0.00013402   0.0149   0.7626  9+[12, 4, 4]
 338   27.849924   27.849920   0.00000004   0.00020121   0.0193   0.8740  9+[10, 0, 4]
 339   41.727465   41.727458   0.00000006   0.00024076   0.0298   0.7242  9+[12, 5, 5]
 340   42.472616   42.472603   0.00000010   0.00031801   0.0399   0.6844  9+[12, 6, 4]
 341   49.916094   49.916065   0.00000021   0.00045357   0.0636   0.8078  9+[10, 1, 5]
 342   44.719137   44.719089   0.00000037   0.00060424   0.0785   0.7796  9+[10, 2, 4]
 343   49.790706   49.790654   0.00000037   0.00061155   0.0856   0.8129  9+[12, 7, 5]
 344   49.347985   49.347868   0.00000084   0.00091694   0.1276   0.6619  9+[10, 3, 5]
 345   48.108699   48.108583   0.00000085   0.00092134   0.1259   0.5283  9+[12, 8, 4]
 346   40.737404   40.737223   0.00000148   0.00121639   0.1483   0.7347  9+[10, 4, 4]
 347   34.644396   34.644149   0.00000225   0.00149929   0.1645   0.8530  9+[ 8, 0, 4]
 348   47.137687   47.137068   0.00000459   0.00214241   0.2886   0.7811  9+[10, 5, 5]
 349   35.419119   35.418482   0.00000573   0.00239276   0.2663   0.8766  9+[ 8, 1, 5]
 350   27.413353   27.412472   0.00000924   0.00303947   0.2896   0.6200  9+[ 8, 2, 4]
 351   27.949669   27.948605   0.00001104   0.00332225   0.3201   0.6220  9+[ 8, 2, 4]
 352   28.708058   28.705265   0.00002854   0.00534221   0.5228   0.8975  9+[ 8, 3, 5]
 353    9.804387    9.801624   0.00004601   0.00678282   0.4073   0.9347  9+[ 6, 0, 4]
 354   11.475729   11.470598   0.00008094   0.00899620   0.5703   0.8611  9+[ 8, 4, 4]
 355    9.336129    9.323620   0.00021162   0.01454569   0.8599   0.9550  9+[ 6, 1, 5]
 356   -6.714496   -6.742669   0.00104298   0.03227834   0.8719   0.9536  9+[ 6, 2, 4]
 357  -17.118774  -23.158543   0.97353336   0.16051841   0.9959   0.9902  9+[ 4, 0, 4]
 358   34.176631   34.176631   0.00000000   0.00004425   0.0048   0.8889  9-[11, 0, 5]
 359   36.160688   36.160687   0.00000000   0.00004612   0.0052   0.7494  9-[13, 5, 4]
 360   38.648752   38.648751   0.00000001   0.00009656   0.0114   0.7492  9-[13, 6, 5]
 361   31.485078   31.485076   0.00000002   0.00013682   0.0141   0.8736  9-[11, 1, 4]
 362   39.556866   39.556864   0.00000002   0.00014140   0.0169   0.5399  9-[13, 7, 4]
 363   37.316980   37.316975   0.00000004   0.00020250   0.0233   0.8724  9-[11, 2, 5]
 364   37.914704   37.914694   0.00000008   0.00029105   0.0338   0.8652  9-[11, 3, 4]
 365   52.675728   52.675714   0.00000009   0.00030242   0.0441   0.7877  9-[13, 8, 5]
 366   48.383270   48.383250   0.00000014   0.00037385   0.0513   0.6847  9-[13, 9, 4]
 367   46.689140   46.689109   0.00000023   0.00048165   0.0645   0.8088  9-[11, 4, 5]
 368   45.634262   45.634211   0.00000039   0.00062153   0.0819   0.8113  9-[ 9, 0, 5]
 369   45.541113   45.541052   0.00000046   0.00068147   0.0896   0.6788  9-[11, 5, 4]
 370   40.758352   40.758181   0.00000141   0.00118609   0.1447   0.8340  9-[ 9, 1, 4]
 371   53.019724   53.019493   0.00000158   0.00125551   0.1839   0.7470  9-[11, 6, 5]
 372   43.174142   43.173853   0.00000228   0.00151000   0.1915   0.8235  9-[ 9, 2, 5]
 373   38.302246   38.301874   0.00000318   0.00178356   0.2088   0.6220  9-[11, 7, 4]
 374   34.096765   34.096329   0.00000402   0.00200487   0.2178   0.7703  9-[ 9, 3, 4]
 375   27.950618   27.949778   0.00000872   0.00295322   0.2845   0.8890  9-[ 7, 0, 5]
 376   37.907572   37.906190   0.00001189   0.00344748   0.4008   0.8203  9-[ 9, 4, 5]
 377   18.059807   18.057840   0.00002568   0.00506794   0.3880   0.8276  9-[ 7, 1, 4]
 378   20.064797   20.062447   0.00002917   0.00540079   0.4351   0.7189  9-[ 9, 5, 4]
 379   18.575565   18.570081   0.00007068   0.00840673   0.6523   0.9180  9-[ 7, 2, 5]
 380    2.289521    2.278817   0.00023776   0.01541767   0.6941   0.9153  9-[ 7, 3, 4]
 381    0.300938    0.283374   0.00042793   0.02068203   0.8489   0.9522  9-[ 5, 0, 5]
 382  -15.189983  -15.303930   0.01132506   0.10581496   1.0647   0.9802  9-[ 5, 1, 4]
 383   35.979621   35.979621   0.00000000   0.00001707   0.0019   0.8749 11+[12, 1, 5]
 384   40.381571   40.381571   0.00000000   0.00005941   0.0072   0.8463 11+[12, 2, 6]
 385   37.007548   37.007547   0.00000001   0.00009180   0.0105   0.8102 11+[12, 3, 5]
 386   41.351727   41.351723   0.00000003   0.00018569   0.0229   0.7446 11+[12, 4, 6]
 387   35.220227   35.220222   0.00000005   0.00021933   0.0243   0.8184 11+[10, 0, 6]
 388   38.956418   38.956410   0.00000006   0.00024454   0.0289   0.7150 11+[12, 5, 5]
 389   45.450497   45.450469   0.00000022   0.00046584   0.0612   0.8041 11+[10, 1, 5]
 390   51.628825   51.628788   0.00000026   0.00051404   0.0739   0.8667 11+[12, 6, 6]
 391   43.630577   43.630521   0.00000044   0.00066024   0.0843   0.8071 11+[12, 7, 5]
 392   51.971267   51.971187   0.00000056   0.00074727   0.1079   0.7951 11+[10, 2, 6]
 393   43.022579   43.022453   0.00000100   0.00099807   0.1262   0.7805 11+[10, 3, 5]
 394   39.612336   39.612050   0.00000239   0.00154520   0.1849   0.8543 11+[ 8, 0, 6]
 395   50.337038   50.336559   0.00000339   0.00184214   0.2600   0.8211 11+[10, 4, 6]
 396   29.489000   29.488308   0.00000697   0.00263959   0.2624   0.7811 11+[ 8, 1, 5]
 397   31.642039   31.641236   0.00000774   0.00278188   0.2886   0.7017 11+[10, 5, 5]
 398   32.047260   32.045146   0.00002022   0.00449679   0.4701   0.8949 11+[ 8, 2, 6]
 399   14.486969   14.483101   0.00005571   0.00746391   0.5181   0.9020 11+[ 8, 3, 5]
 400   14.859965   14.853856   0.00008707   0.00933054   0.6546   0.9296 11+[ 6, 0, 6]
 401   -3.208892   -3.230614   0.00063843   0.02525913   0.8594   0.9770 11+[ 6, 1, 5]
 402   32.835659   32.835659   0.00000000   0.00004452   0.0047   0.8934 11-[11, 0, 5]
 403   42.869403   42.869402   0.00000001   0.00007692   0.0097   0.7939 11-[13, 5, 6]
 404   36.827944   36.827943   0.00000001   0.00009668   0.0110   0.7414 11-[13, 6, 5]
 405   36.787175   36.787172   0.00000002   0.00014462   0.0165   0.8822 11-[11, 1, 6]
 406   35.206032   35.206027   0.00000004   0.00020218   0.0224   0.8659 11-[11, 2, 5]
 407   55.808146   55.808136   0.00000007   0.00026017   0.0396   0.8385 11-[13, 7, 6]
 408   48.265473   48.265459   0.00000010   0.00031772   0.0435   0.7839 11-[13, 8, 5]
 409   46.283103   46.283083   0.00000015   0.00038138   0.0507   0.8786 11-[11, 3, 6]
 410   42.396843   42.396811   0.00000025   0.00050304   0.0630   0.7999 11-[11, 4, 5]
 411   41.077871   41.077820   0.00000042   0.00064622   0.0792   0.8121 11-[ 9, 0, 5]
 412   56.397365   56.397186   0.00000116   0.00107915   0.1654   0.8015 11-[11, 5, 6]
 413   46.060817   46.060611   0.00000156   0.00124727   0.1653   0.8464 11-[ 9, 1, 6]
 414   39.703595   39.703330   0.00000222   0.00148864   0.1784   0.7095 11-[11, 6, 5]
 415   36.901081   36.900759   0.00000282   0.00167975   0.1919   0.7946 11-[ 9, 2, 5]
 416   42.004790   42.003722   0.00000858   0.00292992   0.3646   0.8791 11-[ 9, 3, 6]
 417   21.787435   21.786472   0.00001146   0.00338520   0.2844   0.9142 11-[ 7, 0, 5]
 418   23.439412   23.437582   0.00002095   0.00457694   0.3997   0.8523 11-[ 9, 4, 5]
 419   23.397967   23.393200   0.00005464   0.00739197   0.6449   0.9406 11-[ 7, 1, 6]
 420    5.256425    5.247921   0.00016690   0.01291795   0.6582   0.9335 11-[ 7, 2, 5]
 421  -11.045717  -11.083485   0.00205820   0.04532064   0.8316   0.9814 11-[ 5, 0, 5]
 422   40.665687   40.665687   0.00000000   0.00003378   0.0041   0.8648 13+[12, 1, 7]
 423   38.339602   38.339602   0.00000000   0.00005833   0.0068   0.8385 13+[12, 2, 6]
 424   45.718300   45.718297   0.00000002   0.00014784   0.0195   0.8501 13+[12, 3, 7]
 425   38.127098   38.127094   0.00000004   0.00018751   0.0219   0.7225 13+[12, 4, 6]
 426   33.128669   33.128663   0.00000005   0.00021947   0.0234   0.7961 13+[10, 0, 6]
 427   53.635505   53.635478   0.00000018   0.00042981   0.0635   0.9197 13+[12, 5, 7]
 428   45.468817   45.468776   0.00000031   0.00055696   0.0732   0.8663 13+[12, 6, 6]
 429   54.354557   54.354503   0.00000036   0.00060075   0.0896   0.8045 13+[10, 1, 7]
 430   44.707357   44.707270   0.00000066   0.00081535   0.1059   0.7843 13+[10, 2, 6]
 431   53.572586   53.572228   0.00000243   0.00155727   0.2298   0.8634 13+[10, 3, 7]
 432   32.715074   32.714752   0.00000304   0.00174309   0.1845   0.8620 13+[ 8, 0, 6]
 433   34.867616   34.867014   0.00000547   0.00233810   0.2576   0.8320 13+[10, 4, 6]
 434   36.962662   36.960861   0.00001574   0.00396730   0.4537   0.9180 13+[ 8, 1, 7]
 435   17.005922   17.002931   0.00004018   0.00633844   0.4719   0.9013 13+[ 8, 2, 6]
 436    1.439706    1.430009   0.00022386   0.01496015   0.6481   0.9566 13+[ 6, 0, 6]
 437   37.510204   37.510204   0.00000000   0.00006318   0.0073   0.8873 13-[11, 0, 7]
 438   40.597099   40.597099   0.00000001   0.00007681   0.0093   0.7852 13-[13, 5, 6]
 439   34.607455   34.607452   0.00000002   0.00014376   0.0158   0.8746 13-[11, 1, 6]
 440   51.387236   51.387231   0.00000004   0.00019031   0.0273   0.9235 13-[13, 6, 7]
 441   51.443402   51.443391   0.00000007   0.00027354   0.0392   0.8420 13-[13, 7, 6]
 442   44.101523   44.101512   0.00000008   0.00029124   0.0375   0.8916 13-[11, 2, 7]
 443   42.009566   42.009546   0.00000016   0.00039592   0.0493   0.8718 13-[11, 3, 6]
 444   48.345219   48.345141   0.00000057   0.00075189   0.1031   0.7789 13-[ 9, 0, 7]
 445   54.150925   54.150816   0.00000073   0.00085582   0.1273   0.8409 13-[11, 4, 7]
 446   43.072572   43.072364   0.00000164   0.00128136   0.1622   0.7921 13-[11, 5, 6]
 447   39.119623   39.119394   0.00000193   0.00138768   0.1647   0.8290 13-[ 9, 1, 6]
 448   44.535778   44.535013   0.00000591   0.00243149   0.3149   0.8725 13-[ 9, 2, 7]
 449   26.438519   26.437112   0.00001508   0.00388286   0.3623   0.8802 13-[ 9, 3, 6]
 450   28.780721   28.778436   0.00002331   0.00482837   0.4732   0.9085 13-[ 7, 0, 7]
 451    9.045022    9.037911   0.00012148   0.01102119   0.6451   0.9570 13-[ 7, 1, 6]
 452   38.366439   38.366439   0.00000000   0.00003288   0.0039   0.8566 15+[12, 1, 7]
 453   47.527557   47.527555   0.00000001   0.00010637   0.0144   0.8734 15+[12, 2, 8]
 454   42.433231   42.433228   0.00000002   0.00014940   0.0187   0.8397 15+[12, 3, 7]
 455   40.106853   40.106842   0.00000009   0.00029832   0.0360   0.8850 15+[10, 0, 8]
 456   55.306014   55.305994   0.00000013   0.00035863   0.0542   0.9354 15+[12, 4, 8]
 457   47.490694   47.490664   0.00000022   0.00046504   0.0630   0.9192 15+[12, 5, 7]
 458   46.583489   46.583431   0.00000043   0.00065414   0.0874   0.7907 15+[10, 1, 7]
 459   55.529527   55.529288   0.00000158   0.00125588   0.1903   0.8644 15+[10, 2, 8]
 460   37.779982   37.779533   0.00000387   0.00196801   0.2283   0.8629 15+[10, 3, 7]
 461   41.326785   41.325978   0.00000655   0.00255996   0.3151   0.8912 15+[ 8, 0, 8]
 462   21.089657   21.087154   0.00003030   0.00550402   0.4547   0.9254 15+[ 8, 1, 7]
 463   35.142347   35.142347   0.00000000   0.00006180   0.0068   0.8794 15-[11, 0, 7]
 464   55.967012   55.967008   0.00000003   0.00016274   0.0248   0.9498 15-[13, 5, 8]
 465   47.367471   47.367466   0.00000004   0.00019780   0.0267   0.9115 15-[13, 6, 7]
 466   44.237262   44.237256   0.00000005   0.00022144   0.0285   0.8997 15-[11, 1, 8]
 467   40.128940   40.128929   0.00000009   0.00030000   0.0362   0.8852 15-[11, 2, 7]
 468   54.800748   54.800678   0.00000047   0.00068444   0.1027   0.9473 15-[11, 3, 8]
 469   40.748681   40.748597   0.00000069   0.00083213   0.1015   0.7884 15-[ 9, 0, 7]
 470   43.869125   43.869001   0.00000097   0.00098249   0.1259   0.8592 15-[11, 4, 7]
 471   48.796009   48.795398   0.00000443   0.00210473   0.2905   0.8960 15-[ 9, 1, 8]
 472   28.446552   28.445534   0.00001046   0.00323483   0.3149   0.8723 15-[ 9, 2, 7]
 473   13.707412   13.704128   0.00004839   0.00695647   0.4720   0.9243 15-[ 7, 0, 7]
 474   48.276738   48.276737   0.00000001   0.00007304   0.0100   0.8855 17+[12, 1, 9]
 475   43.938013   43.938011   0.00000001   0.00010696   0.0137   0.8628 17+[12, 2, 8]
 476   58.025648   58.025635   0.00000008   0.00028968   0.0453   0.9857 17+[12, 3, 9]
 477   35.770931   35.770920   0.00000010   0.00030872   0.0346   0.8837 17+[10, 0, 8]
 478   49.369672   49.369652   0.00000015   0.00038712   0.0539   0.9456 17+[12, 4, 8]
 479   58.872925   58.872750   0.00000110   0.00105090   0.1662   0.8859 17+[10, 1, 9]
 480   39.773878   39.773576   0.00000251   0.00158388   0.1900   0.8605 17+[10, 2, 8]
 481   25.241523   25.240433   0.00001199   0.00346196   0.3148   0.8946 17+[ 8, 0, 8]
 482   44.826406   44.826404   0.00000001   0.00011378   0.0148   0.9032 17-[11, 0, 9]
 483   51.731118   51.731114   0.00000003   0.00016978   0.0244   0.9463 17-[13, 5, 8]
 484   40.432955   40.432949   0.00000005   0.00022641   0.0275   0.8879 17-[11, 1, 8]
 485   53.242305   53.242265   0.00000027   0.00052265   0.0768   0.9860 17-[11, 2, 9]
 486   45.487921   45.487842   0.00000060   0.00077674   0.1021   0.9491 17-[11, 3, 8]
 487   51.693921   51.693677   0.00000169   0.00130062   0.1871   0.8919 17-[ 9, 0, 9]
 488   32.469275   32.468473   0.00000760   0.00275765   0.2906   0.8958 17-[ 9, 1, 8]
 489   44.683240   44.683239   0.00000001   0.00007265   0.0094   0.8730 19+[12, 1, 9]
 491   52.074225   52.074211   0.00000010   0.00031222   0.0451   0.9897 19+[12, 3, 9]
 492   49.500405   49.500364   0.00000030   0.00054622   0.0762   0.9926 19+[10, 0,10]
 493   43.566676   43.566460   0.00000170   0.00130326   0.1663   0.8803 19+[10, 1, 9]
 494   40.836197   40.836195   0.00000001   0.00011467   0.0140   0.8908 19-[11, 0, 9]
 495   54.955918   54.955892   0.00000017   0.00041553   0.0625   0.9975 19-[11, 1,10]
 496   45.436297   45.436252   0.00000034   0.00058193   0.0764   0.9911 19-[11, 2, 9]
 497   35.944083   35.943771   0.00000278   0.00166598   0.1871   0.8850 19-[ 9, 0, 9]
 499   54.185848   54.185839   0.00000006   0.00023831   0.0355   0.9941 21+[12, 2,10]
 500   41.506233   41.506187   0.00000038   0.00061519   0.0759   0.9950 21+[10, 0,10]
 501   56.932584   56.932575   0.00000006   0.00023583   0.0364   0.9998 21-[11, 0,11]
 502   47.932547   47.932519   0.00000021   0.00045744   0.0624   0.9998 21-[11, 1,10]
 503   56.418109   56.418104   0.00000003   0.00017911   0.0275   1.0000 23+[12, 1,11]
 504   50.490115   50.490106   0.00000007   0.00025661   0.0363   1.0000 23-[11, 0,11]
  Sum canonical e_v*V^2_k=  -2497.2730988008507     

  NB! From expect (UNPROJECTED RESULTS)

  pairing: CpV0,CpV1,...           0.000000       0.000000       0.000000       0.000000
  forces:   D1S                           


                             neutrons         protons         total
  Requested part.numbs.      86.000000      66.000000     152.000000
  UnPj(av) part.numbs .      86.000000      66.000000     152.000000
  b0, bz, bp ..........       2.121010       2.331495       2.023004

  lambda (ala) ........      -8.426608     -20.220758
  Lambda (alast) ......      -8.426608     -20.220758
  delta(n,p), pwi .....       1.492388       1.281157      60.000000
  pairing energy ......     -17.998801

  rms-radius ..........       5.103611       4.959125       5.041382
  charge-radius, r0 ...                      5.024305       6.404164
  deformation beta2....       0.407666       0.414106       0.410371
  dipole moment[fm] ...       0.000000       0.000000       0.000000
  quadrupole moment[b]       11.520405       8.479595      20.000000
  octupole moment .....       0.000000       0.000000       0.000000
  hexadecapole moment .       0.671496       0.442910       1.114406
  q5 ..................       0.000000       0.000000       0.000000
  q6 ..................       0.150192       0.086764       0.236956
  q7 ..................       0.000000       0.000000       0.000000
  q8 ..................       0.029882       0.014741       0.044623

  <Jx^2> from rho .....      66.783501      41.906206     108.689708
  <Jx^2> from kappa ...     -20.835349      -8.885323     -29.720672
  <J^2> = 2*<Jx^2> ....      91.896305      66.041766     157.938071

  kinetic energy ......    1742.872975    1199.286158    2942.159132
  volume energy .......                                  5224.217012
        rho_tau .......                                     0.000000
        rho_rho .......                                  5224.217012
  surface energy ......                                     0.000000
   rho_DELTA_rho ......                                     0.000000
   (NABLA_rho)^2 ......                                     0.000000
  spin-orbit energy ...                                   -90.243402
        rho_NABLA_J ...                                   -90.243402
        NABLA_rho_J ...                                     0.000000
 finite range direct...                                 -9463.409988
 finite range exchange.                                  -411.011833
 finite range total....                                 -9874.421821
 finite range pairing..                                   -17.998801
  coulomb energy ......                                     0.000000
          direct ......                                     0.000000
          exchange ....                                     0.000000
          pairing .....                                     0.000000
  tensor energy .......                                     0.000000
  direct Hartree E  ...                                     0.000000
  Extra E .............                                     0.000000
  External field E ....                                     0.000000
  Entropy .............       0.000000       0.000000       0.000000

  tEnergy: ehfb (qp)...                                 -1816.287879

  Calculated but not added corrections
  ====================================
  cmc-diagonal part ...      11.542205       7.942292      19.484498
  cmc-hfb .............       0.000000       0.000000       0.000000
  cranking rot corr ...       0.000000       0.000000       0.000000

  SQUJ ................       0.000000       0.000000       0.000000
  CRAN x 4 ............       0.000000       0.000000       0.000000
  Rigit Body ..........       0.000000       0.000000       0.000000


   Blocking candidates are:
   neutron eqpmin=   1.3770288043885008       pwiblo=   1.0000000000000000     
    num=   1 block=   3 state=   1   106 Eqp=   1.37702880  (1-2N)E=  -0.67252724  overl=   0.66576338  3+[ 6, 5, 1]
    num=   2 block=   1 state=   1     1 Eqp=   1.46208852  (1-2N)E=   0.09556766  overl=   0.68763404  1+[ 4, 0, 0]
    num=   3 block=   3 state=   2   107 Eqp=   1.58335714  (1-2N)E=   0.62863586  overl=   0.79827393  3+[ 4, 0, 2]
    num=   4 block=   7 state=   1   271 Eqp=   1.63081148  (1-2N)E=  -0.53205037  overl=   0.79896290  7+[ 4, 0, 4]
    num=   5 block=  10 state=   1   358 Eqp=   1.69291252  (1-2N)E=  -1.12003693  overl=   0.89364137  9-[ 5, 1, 4]
    num=   6 block=   4 state=   1   151 Eqp=   1.78096542  (1-2N)E=  -0.60835020  overl=   0.53883530  3-[ 5, 3, 2]
    num=   7 block=   5 state=   1   196 Eqp=   1.78889546  (1-2N)E=   1.35003078  overl=   0.80748494  5+[ 6, 4, 2]
    num=   8 block=   4 state=   2   152 Eqp=   1.92802090  (1-2N)E=   0.80625329  overl=   0.60960334  3-[ 5, 2, 1]
    num=   9 block=   1 state=   2     2 Eqp=   2.30544071  (1-2N)E=  -1.98487801  overl=   0.61314606  1+[ 6, 6, 0]

   Blocking candidates are:
   proton  eqpmin=   1.1536631987156061       pwiblo=   1.0000000000000000     
    num=   1 block=   2 state=   1    54 Eqp=   1.15366320  (1-2N)E=   0.28440123  overl=   0.52374317  1-[ 5, 4, 1]
    num=   2 block=   5 state=   1   196 Eqp=   1.25124885  (1-2N)E=  -0.28191400  overl=   0.74350023  5+[ 4, 1, 3]
    num=   3 block=   1 state=   1     1 Eqp=   1.49665761  (1-2N)E=   0.88916067  overl=   0.81953721  1+[ 4, 1, 1]
    num=   4 block=   3 state=   1   106 Eqp=   1.49688959  (1-2N)E=  -0.88654917  overl=   0.81994302  3+[ 4, 1, 1]
    num=   5 block=   8 state=   1   302 Eqp=   1.80292899  (1-2N)E=   1.47056483  overl=   0.90161443  7-[ 5, 2, 3]
    num=   6 block=   6 state=   1   234 Eqp=   1.89156188  (1-2N)E=  -1.56734827  overl=   0.85475015  5-[ 5, 3, 2]



 HFBTHO_SOLVER ended without errors

